category,time_bucket,account,account_user,date,from,subject,hit_keywords,body_preview,detected_at,fetch_mode,uid
店铺绩效类,today,account_4,weihaizhongxin2024@126.com,"Tue, 15 Sep 2026 09:36:39 +0000","""Fulfillment by Amazon (Do not reply)"" <donotreply@amazon.com>",FBA reimbursement notification,,"96
FBA reimbursement notification
 You have a reimbursement activity
 Hello from Fulfillment by Amazon,
We have initiated a reimbursement, a reimbursement reversal, or both due to recent activity on your selling account. No action is required from you.
Reimbursements can be initiated for an issue that you notified us about or one that we identified at a fulfillment center. A reimbursement reversal occurs when a reimbursement decision has been reviewed and changed. Reimbursement amounts are determined in accordance with the FBA inventory reimbursement policy ( https://sellercentral.amazon.com/gp/help/external/200213130 ).
Please note that it may take up to five business days for reimbursement transactions to appear in your seller account.
You can find details on your reimbursement or reversal transaction in the Reimbursements report ( https://sellercentral.amazon.com/reportcentral/REIMBURSEMENTS/0 ) in Seller Central:
- In the Event Date drop-down menu, select a date range and click Generate report . You can use the date in the subject line of this email as a point of reference.
- To identify inventory reimbursements and reversals, see the Quantity reimbursed [inventory] column.
- T",2026-09-15 17:30:40,RETR,xtbBpQtzWWqpEasJIAAA3U
付款/资金类,today,account_4,weihaizhongxin2024@126.com,"Tue, 15 Sep 2026 15:16:31 +0000",Amazon Services <donotreply@amazon.com>,Your payment is on the way,,"96
This title will display on mobile devices
 Congratulations! Your payment is on the way and will arrive soon.
 Disbursement attempted
Congratulations Weihai CA! Your payment is on the way and will arrive within three to five days.
On 09/15/26 15:11 EDT, we initiated a transfer to your payment method (bank account ending in 151) in the amount of CAD
 430.18.
 If the amount is less than expected, here are a few questions to consider:
 Do you have an unavailable balance? Amazon might be reserving money to cover potential returns, claims or chargebacks from buyers. If this is the case, the closing balance in your Payment Report will display the unavailable balance that is reserved.
 Did your sales cover all fees and returns for this statement period? The payment amount reflects sales activities, selling fees and fees for promotions or services. We recommend reviewing your Payment Report under the Reports tab in Seller Central to understand your closing balance.
To learn more about Payment Reports in Seller Central, please visit our official course.
We wish you continued success!
Thank you for selling in the Amazon Store,
Amazon Services
Help us improve your payment experience on Amaz",2026-09-15 17:30:44,RETR,xtbBpRNxV2qpYVMkDAAA3J
付款/资金类,today,account_4,weihaizhongxin2024@126.com,"Tue, 15 Sep 2026 14:49:51 +0000",Amazon Services <donotreply@amazon.com>,Tu pago está en camino,,"96
This title will display on mobile devices
 ¡Enhorabuena! El pago está de camino y llegará pronto.
 El pago está en camino
Enhorabuena, Weihai EU. Tu pago está en camino y te llegará en un plazo de tres a cinco días.
El 09/15/26 14:49 WEST, iniciamos una transferencia a tu método de pago (cuenta bancaria terminado en 229) por un importe de €
 232,19.
 Si el importe es inferior a lo esperado, ten en cuenta las siguientes preguntas:
 ¿Tienes saldo no disponible en tu cuenta de vendedor? Puede que hayamos reservado algo de dinero para posibles devoluciones, reclamaciones o reversiones de cargo de clientes. En este caso, el saldo de cierre de tu informe de pagos te mostrará el saldo no disponible en reserva.
 ¿Cubren tus ventas las tarifas de Amazon y las devoluciones del periodo de liquidación? El importe del pago refleja las ventas que has hecho y las tarifas de venta aplicadas tanto a dichas ventas como a cualquier promoción o servicio que hayas utilizado. Te recomendamos que revises tu informe de pagos en ""Informes"" de Seller Central para conocer el saldo de cierre.
Para más información sobre los informes de pagos en Seller Central, visita nuestro curso oficial.
Te deseamos un éx",2026-09-15 17:30:43,RETR,xtbBsxTgxmqpWxSa+AAA3v
付款/资金类,today,account_4,weihaizhongxin2024@126.com,"Tue, 15 Sep 2026 13:38:38 +0000",Amazon Services <donotreply@amazon.com>,Your payment is on the way,,"96
This title will display on mobile devices
 Congratulations! Your payment is on the way and will arrive soon.
 Disbursement Attempted
Congratulations Weihai EU! Your payment is on the way and will arrive within three to five days.
On 09/15/26 13:38 CEST, we initiated a transfer to your payment method (bank account ending in 229) in the amount of €
 136.84.
 If the amount is less than expected, here are a few questions to consider:
 Do you have an unavailable balance? Amazon might be reserving money to cover potential returns, claims, or chargebacks from buyers. If this is the case, the closing balance in your Payment Report will display the unavailable balance that is reserved.
 Did your sales cover all fees and returns for this statement period? The payment amount reflects sales activities, selling fees, and fees for promotions or services. We recommend reviewing your Payment Report under the Reports tab in Seller Central to understand your closing balance.
To learn more about Payment Reports in Seller Central, please visit our official course.
We wish you continued success!
Thank you for selling in the Amazon store,
Amazon Services
Help us improve your payment experience on Ama",2026-09-15 17:30:41,RETR,xtbBpA7CqGqpSq6UrQAA3e
法务/侵权类,today,account_4,weihaizhongxin2024@126.com,"Tue, 15 Sep 2026 15:54:49 +0000",Amazon Europe <donotreply@amazon.com>,Parcel Tax for Austrian B2C orders,,"Parcel Tax for Austrian B2C orders
 96
 No action is required from you. We’ll pay the tax to the Austrian Tax Authority.
                                                     ‍͏  ͏  ‍͏  ͏  ‍͏  ͏  ‍͏  ͏  ‍͏  ͏  ‍͏  ͏  ‍͏  ͏  ‍͏  ͏  ‍͏  ͏  ‍͏  ͏  ‍͏  ͏  ‍͏  ͏  ‍͏  ͏  ‍͏  ͏  ‍͏  ͏  ‍͏  ͏  ‍͏  ͏  ‍͏  ͏  ‍͏  ͏  ‍͏  ͏  ‍͏  ͏  ‍͏  ͏  ‍͏  ͏  ‍͏  ͏  ‍͏  ͏  ‍͏  ͏  ‍͏  ͏  ‍͏  ͏  ‍͏  ͏  ‍͏  ͏  ‍͏  ͏  ‍͏  ͏  ‍͏  ͏  ‍͏  ͏  ‍͏  ͏  ‍͏  ͏  ‍͏  ͏  ‍͏  ͏  ‍͏  ͏ ͏‌ ­ ­ ­ ­ ͏‌ ­ ­ ­ ­ ͏‌ ­ ­ ­ ­ ͏‌ ­ ­ ­ ­ ͏‌ ­ ­ ­ ­ ͏‌ ­ ­ ­ ­ ͏‌ ­ ­ ­ ­ ͏‌ ­ ­ ­ ­ ͏‌ ­ ­ ­ ­ ͏‌ ­ ­ ­ ­ ͏‌ ­ ­ ­ ­ ͏‌ ­ ­ ­ ­ ͏‌ ­ ­ ­ ­ ͏‌ ­ ­ ­ ­ ͏‌ ­ ­ ­ ­ ͏‌ ­ ­ ­ ­ ͏‌ ­ ­ ­ ­ ͏‌ ­ ­ ­ ­ ͏‌ ­ ­ ­ ­ ͏‌ ­ ­ ­ ­ ͏‌ ­ ­ ­ ­ ͏‌ ­ ­ ­ ­ ͏‌ ­ ­ ­ ­ ͏‌ ­ ­ ­ ­ ͏‌ ­ ­ ­ ­ ͏‌ ­ ­ ­ ­ ͏‌ ­ ­ ­ ­ ͏‌ ­ ­ ­ ­ ͏‌ ­ ­ ­ ­ ͏‌ ­ ­ ­ ­ ͏‌ ­ ­ ­ ­ ͏‌ ­ ­ ­ ­ ͏‌ ­ ­ ­ ­ ͏‌ ­ ­ ­ ­ ͏‌ ­ ­ ­ ­ ͏‌ ­ ­ ­ ­ ͏‌ ­ ­ ­ ­ ͏‌ ­ ­ ­ ­ ͏‌ ­ ­ ­ ­ ͏‌ ­ ­ ­ ­ ͏‌ ­ ­ ­ ­ ͏‌ ­ ­ ­ ­ ͏‌ ­ ­ ­ ­ ͏‌ ­ ­ ­ ­ ͏‌ ­ ­ ­ ­ ͏‌ ­ ­ ­ ­ ͏‌ ­ ­ ­ ­ ͏‌ ­ ­ ­ ­ ͏‌ ­ ­ ­ ­ ͏‌ ­ ­ ­ ­ ͏‌ ­ ­ ­ ­ ͏‌ ­ ­ ­ ­ ͏‌ ­ ­ ­ ­ ͏‌ ­ ­ ­ ­ ͏‌ ­ ­ ­ ­ ͏‌ ­ ­ ­ ­ ͏‌ ­ ­ ­ ­ ͏‌ ­ ­ ­ ­ ͏‌ ­ ­ ­ ­ ͏‌ ­ ­ ­ ­ ͏‌ ­ ­ ­ ­ ͏‌ ­ ­ ­ ­ ͏‌ ­ ­ ­ ­ ͏‌ ­ ­ ­ ­ ͏‌ ­ ­ ­ ­
 Parcel Tax for Austrian B2C orders
 He",2026-09-15 17:30:44,RETR,xtbBswyymGqpakz67gAA3k
其他风险类,today,account_4,weihaizhongxin2024@126.com,"Tue, 15 Sep 2026 10:27:49 +0800 (CST)",能标检测(NBTS）亚马逊DV-TRF号管理 <fli.lin@nbtscn.com>,能标检测(NBTS）亚马逊DV-TRF号情况跟进,,"尊敬的客户：
您好！
温馨提醒：收到贵司在亚马逊平台选择NBTS检测并提交了的 TR178939056213413, TR178939083153293 申请。
为确保测试/验证流程顺利推进，请尽快联系我们完成信息确认。
若 3 天内我们仍未收到贵司回应，我们将该 TRF 标记为 Unresponsive Seller（无响应卖家）。
如后续仍需继续此 TRID 的测试与验证，可随时与我们联系并提交样品/测试报告，我们将协助该 TRF的后台状态更新。
如有疑问，欢迎随时联系我们。
谢谢！
能标检测NBTS
--------------------------------------------------------------------
Dear Valued Customer,
Greetings!
Friendly Reminder: We have received application TR178939056213413, TR178939083153293 submitted by your company, where NBTS was selected as the notified body on Amazon.
To ensure the smooth progress of the testing and verification process, please contact us at your earliest convenience to complete information confirmation.
If we do not receive your response within 3 days, this TRF will be marked as Unresponsive Seller.
Should you need to resume testing and verification for this TRID at a later time, please feel free to contact us and submit samples / test reports. We will assist with updating the backend status of this TRF.
Should you have any questions, please do not hesitate to contact us.
Thank you!
NBTS
-----------------------------------
-----------------------------------
TEL:18998060978    TEL: 400-877-6107
E-mail: fil.lin@n",2026-09-15 17:30:40,RETR,xtbBsgU5H2qorSUbTQAA3N
店铺绩效类,last7,account_4,weihaizhongxin2024@126.com,"Sun, 13 Sep 2026 04:42:34 +0000","""Fulfillment by Amazon (Do not reply)"" <donotreply@amazon.com>",FBA reimbursement notification,,"96
FBA reimbursement notification
 You have a reimbursement activity
 Hello from Fulfilment by Amazon,
We have initiated a reimbursement, a reimbursement reversal, or both due to recent activity on your selling account. No action is required from you.
Reimbursements can be initiated for an issue that you notified us about or one that we identified at a fulfilment centre. A reimbursement reversal occurs when a reimbursement decision has been reviewed and changed. Reimbursement amounts are determined in accordance with the FBA inventory reimbursement policy ( https://sellercentral.amazon.co.uk/gp/help/external/200213130 ).
Please note that it may take up to five business days for reimbursement transactions to appear in your seller account.
You can find details on your reimbursement or reversal transaction in the Reimbursements report ( https://sellercentral.amazon.co.uk/reportcentral/REIMBURSEMENTS/0 ) in Seller Central:
- In the Event Date drop-down menu, select a date range and click Generate report . You can use the date in the subject line of this email as a point of reference.
- To identify inventory reimbursements and reversals, see the Quantity reimbursed [inventory] column.
-",2026-09-15 17:30:35,RETR,xtbBsx29o2qmKb1L9QAA3W
店铺绩效类,last7,account_4,weihaizhongxin2024@126.com,"Sat, 12 Sep 2026 04:52:40 +0000","""Fulfillment by Amazon (Do not reply)"" <donotreply@amazon.com>",FBA reimbursement notification,,"96
FBA reimbursement notification
 You have a reimbursement activity
 Hello from Fulfilment by Amazon,
We have initiated a reimbursement, a reimbursement reversal, or both due to recent activity on your selling account. No action is required from you.
Reimbursements can be initiated for an issue that you notified us about or one that we identified at a fulfilment centre. A reimbursement reversal occurs when a reimbursement decision has been reviewed and changed. Reimbursement amounts are determined in accordance with the FBA inventory reimbursement policy ( https://sellercentral.amazon.co.uk/gp/help/external/200213130 ).
Please note that it may take up to five business days for reimbursement transactions to appear in your seller account.
You can find details on your reimbursement or reversal transaction in the Reimbursements report ( https://sellercentral.amazon.co.uk/reportcentral/REIMBURSEMENTS/0 ) in Seller Central:
- In the Event Date drop-down menu, select a date range and click Generate report . You can use the date in the subject line of this email as a point of reference.
- To identify inventory reimbursements and reversals, see the Quantity reimbursed [inventory] column.
-",2026-09-15 17:30:32,RETR,xtbBsh2hh2qk2p1AhQAA3F
店铺绩效类,last7,account_4,weihaizhongxin2024@126.com,"Fri, 11 Sep 2026 09:37:22 +0000","""Fulfillment by Amazon (Do not reply)"" <donotreply@amazon.com>",FBA reimbursement notification,,"96
FBA reimbursement notification
 You have a reimbursement activity
 Hello from Fulfillment by Amazon,
We have initiated a reimbursement, a reimbursement reversal, or both due to recent activity on your selling account. No action is required from you.
Reimbursements can be initiated for an issue that you notified us about or one that we identified at a fulfillment center. A reimbursement reversal occurs when a reimbursement decision has been reviewed and changed. Reimbursement amounts are determined in accordance with the FBA inventory reimbursement policy ( https://sellercentral.amazon.com/gp/help/external/200213130 ).
Please note that it may take up to five business days for reimbursement transactions to appear in your seller account.
You can find details on your reimbursement or reversal transaction in the Reimbursements report ( https://sellercentral.amazon.com/reportcentral/REIMBURSEMENTS/0 ) in Seller Central:
- In the Event Date drop-down menu, select a date range and click Generate report . You can use the date in the subject line of this email as a point of reference.
- To identify inventory reimbursements and reversals, see the Quantity reimbursed [inventory] column.
- T",2026-09-15 17:30:27,RETR,xtbBshSrkWqjy9S4xAAA32
店铺绩效类,last7,account_4,weihaizhongxin2024@126.com,"Fri, 11 Sep 2026 05:39:06 +0000","""Fulfillment by Amazon (Do not reply)"" <donotreply@amazon.com>",FBA reimbursement notification,,"96
FBA reimbursement notification
 You have a reimbursement activity
 Hello from Fulfilment by Amazon,
We have initiated a reimbursement, a reimbursement reversal, or both due to recent activity on your selling account. No action is required from you.
Reimbursements can be initiated for an issue that you notified us about or one that we identified at a fulfilment centre. A reimbursement reversal occurs when a reimbursement decision has been reviewed and changed. Reimbursement amounts are determined in accordance with the FBA inventory reimbursement policy ( https://sellercentral.amazon.co.uk/gp/help/external/200213130 ).
Please note that it may take up to five business days for reimbursement transactions to appear in your seller account.
You can find details on your reimbursement or reversal transaction in the Reimbursements report ( https://sellercentral.amazon.co.uk/reportcentral/REIMBURSEMENTS/0 ) in Seller Central:
- In the Event Date drop-down menu, select a date range and click Generate report . You can use the date in the subject line of this email as a point of reference.
- To identify inventory reimbursements and reversals, see the Quantity reimbursed [inventory] column.
-",2026-09-15 17:30:17,RETR,xtbBpB+njWqjk-+AUAAA3k
店铺绩效类,last7,account_4,weihaizhongxin2024@126.com,"Thu, 10 Sep 2026 09:08:38 +0000","""Fulfillment by Amazon (Do not reply)"" <donotreply@amazon.com>",FBA reimbursement notification,,"96
FBA reimbursement notification
 You have a reimbursement activity
 Hello from Fulfillment by Amazon,
We have initiated a reimbursement, a reimbursement reversal, or both due to recent activity on your selling account. No action is required from you.
Reimbursements can be initiated for an issue that you notified us about or one that we identified at a fulfillment center. A reimbursement reversal occurs when a reimbursement decision has been reviewed and changed. Reimbursement amounts are determined in accordance with the FBA inventory reimbursement policy ( https://sellercentral.amazon.com/gp/help/external/200213130 ).
Please note that it may take up to five business days for reimbursement transactions to appear in your seller account.
You can find details on your reimbursement or reversal transaction in the Reimbursements report ( https://sellercentral.amazon.com/reportcentral/REIMBURSEMENTS/0 ) in Seller Central:
- In the Event Date drop-down menu, select a date range and click Generate report . You can use the date in the subject line of this email as a point of reference.
- To identify inventory reimbursements and reversals, see the Quantity reimbursed [inventory] column.
- T",2026-09-15 17:30:15,RETR,xtbBsxlGLGqic5mf5QAA3Y
店铺绩效类,last7,account_4,weihaizhongxin2024@126.com,"Thu, 10 Sep 2026 05:04:40 +0000","""Fulfillment by Amazon (Do not reply)"" <donotreply@amazon.com>",FBA reimbursement notification,,"96
FBA reimbursement notification
 You have a reimbursement activity
 Hello from Fulfilment by Amazon,
We have initiated a reimbursement, a reimbursement reversal, or both due to recent activity on your selling account. No action is required from you.
Reimbursements can be initiated for an issue that you notified us about or one that we identified at a fulfilment centre. A reimbursement reversal occurs when a reimbursement decision has been reviewed and changed. Reimbursement amounts are determined in accordance with the FBA inventory reimbursement policy ( https://sellercentral.amazon.co.uk/gp/help/external/200213130 ).
Please note that it may take up to five business days for reimbursement transactions to appear in your seller account.
You can find details on your reimbursement or reversal transaction in the Reimbursements report ( https://sellercentral.amazon.co.uk/reportcentral/REIMBURSEMENTS/0 ) in Seller Central:
- In the Event Date drop-down menu, select a date range and click Generate report . You can use the date in the subject line of this email as a point of reference.
- To identify inventory reimbursements and reversals, see the Quantity reimbursed [inventory] column.
-",2026-09-15 17:30:14,RETR,xtbBsgrr0WqiOmpgtAAA3O
店铺绩效类,last7,account_4,weihaizhongxin2024@126.com,"Wed, 9 Sep 2026 11:29:22 +0000","""Amazon.com"" <fba-noreply@amazon.com>",Your FBA request is complete (YHD3zckrc9),,"Greetings from Amazon.com
We thought you'd like to know that we have completed your destroy request.
You can track the status of this request by visiting your Seller Account at:
https://sellercentral-europe.amazon.com/
For a complete list of inventory being destroyed, go to:
https://sellercentral-europe.amazon.com/gp/orders/fba-order-details.html?orderID=S02-3468543-8575644
Please note: this email was sent from a notification-only address that
cannot accept incoming e-mail. Please do not reply to this message.
Thank you for using Fulfillment by Amazon.
------------------------------------------------------------------------------
Fulfilment by Amazon – let Amazon pick, pack and ship your orders domestically
and EU wide.
------------------------------------------------------------------------------
Was this e-mail helpful? https://sellercentral.amazon.co.uk/gp/satisfaction/survey-form.html?ie=UTF8&HMDName=NotificationBusEmailHMD&customAttribute1Value=PRODUCT_REMOVAL_ORDER_SHIPPED_NOW
SPC-EUAmazon-175923552124772",2026-09-15 17:30:09,RETR,xtbBpRvpz2qhQ1uo3wAA38
付款/资金类,last7,account_4,weihaizhongxin2024@126.com,"Mon, 14 Sep 2026 13:11:23 +0000",Amazon Accelerate <no-reply@sell.amazon.com>,The Accelerate 2026 agenda got even better. See what's new.,,"[Amazon logo](https://go.amazonsellerservices.com/e/229492/2026-09-04/7z5l4gm/6885907415/h/1g4K0sP-fwBdUvnQHTI9XLWTzXNhSmHYs6__l_Evdwk)
[Early-bird ending soon](https://go.amazonsellerservices.com/e/229492/-medium-email-utm-source-email/7z5l4gq/6885907415/h/1g4K0sP-fwBdUvnQHTI9XLWTzXNhSmHYs6__l_Evdwk)
New content. Same packed lineup. More reasons to be there.
The Amazon Accelerate 2026 agenda keeps getting better. We've added new sessions and experiences we think you’ll love.
[Register now](https://go.amazonsellerservices.com/e/229492/-medium-email-utm-source-email/7z5l4gq/6885907415/h/1g4K0sP-fwBdUvnQHTI9XLWTzXNhSmHYs6__l_Evdwk)
Here's what's new on the agenda:
- AI tools you can use today
New sessions on how to use AI-powered tools for listing creation, A+ Content optimization, and inventory planning—with step-by-step guidance you can apply immediately.
- Brand building programs
Learn how to use Brand Registry, A+ Content, and Brand Tailored Promotions to protect and grow your brand.
- Account health essentials
New workshops on proactively managing your account health, understanding policies, and staying in good standing—so you can focus on growing instead of troubleshooting.
- W",2026-09-15 17:30:38,RETR,xtbBsh5gRmqn8n7k1QAA36
付款/资金类,last7,account_4,weihaizhongxin2024@126.com,"Sat, 12 Sep 2026 00:41:46 +0000",Amazon Services <donotreply@amazon.com>,Your payment is on the way,,"96
This title will display on mobile devices
 Congratulations! Your payment is on the way and will arrive soon.
 Disbursement Attempted
Congratulations Weihai EU! Your payment is on the way and will arrive within three to five days.
On 09/12/26 00:41 BST, we initiated a transfer to your payment method (bank account ending in 191) in the amount of £
 254.73.
 If the amount is less than expected, here are a few questions to consider:
 Do you have an unavailable balance? Amazon might be reserving money to cover potential returns, claims or chargebacks from buyers. If this is the case, the closing balance in your Payment Report will display the unavailable balance that is reserved.
 Did your sales cover all fees and returns for this statement period? The payment amount reflects sales activities, selling fees and fees for promotions or services. We recommend reviewing your Payment Report under the Reports tab in Seller Central to understand your closing balance.
To find out more about Payment Reports in Seller Central, please visit our official course.
We wish you continued success!
Thank you for selling in the Amazon store,
Amazon Services
Help us improve your payment experience on Ama",2026-09-15 17:30:31,RETR,xtbBpA-exGqkn8+X1wAA3v
付款/资金类,last7,account_4,weihaizhongxin2024@126.com,"Fri, 11 Sep 2026 14:52:08 +0000",Amazon Accelerate <no-reply@sell.amazon.com>,"Discover sessions built for growing businesses, and save $200",,"[Amazon logo](https://go.amazonsellerservices.com/e/229492/2026-09-10/7z5qrws/6883537229/h/8hGIqk3myHUPoHwg1cA2VFOh0rQM9Qk9zX-mp3ce36Q)
[Partner Connect at Accelerate 2026](https://go.amazonsellerservices.com/e/229492/-medium-email-utm-source-email/7z5qrww/6883537229/h/8hGIqk3myHUPoHwg1cA2VFOh0rQM9Qk9zX-mp3ce36Q)
Your next level starts here
Amazon Accelerate is meant for sellers at every level and all stages of growth, from your first sale to your ten-thousandth. Last year, 4 out of 5 attendees left feeling more confident in growing their business.
This September 22–24 in Seattle, Accelerate brings you sessions, networking, and 1:1 expert access designed to meet you where you are.
For a limited time, use code FLASH200 at checkout to save $200 and register for just $399. This offer won't last, so don't wait.
[Register now](https://go.amazonsellerservices.com/e/229492/-medium-email-utm-source-email/7z5qrww/6883537229/h/8hGIqk3myHUPoHwg1cA2VFOh0rQM9Qk9zX-mp3ce36Q)
""We brought up our questions and challenges when signing up at the Seller Café, the SME has tremendous knowledge in her field and she did a deep dive into our Amazon account prior to the meeting and was totally prepared to a",2026-09-15 17:30:31,RETR,xtbBsxsvFWqkFZtfYAAA3t
付款/资金类,last7,account_4,weihaizhongxin2024@126.com,"Thu, 10 Sep 2026 12:33:05 +0000",Amazon Services <donotreply@amazon.com>,Your payment is on the way,,"96
This title will display on mobile devices
 Congratulations! Your payment is on the way and will arrive soon.
 Disbursement attempted
Congratulations Weihai CA! Your payment is on the way and will arrive within three to five days.
On 09/10/26 12:27 EDT, we initiated a transfer to your payment method (bank account ending in 151) in the amount of CAD
 387.93.
 If the amount is less than expected, here are a few questions to consider:
 Do you have an unavailable balance? Amazon might be reserving money to cover potential returns, claims or chargebacks from buyers. If this is the case, the closing balance in your Payment Report will display the unavailable balance that is reserved.
 Did your sales cover all fees and returns for this statement period? The payment amount reflects sales activities, selling fees and fees for promotions or services. We recommend reviewing your Payment Report under the Reports tab in Seller Central to understand your closing balance.
To learn more about Payment Reports in Seller Central, please visit our official course.
We wish you continued success!
Thank you for selling in the Amazon Store,
Amazon Services
Help us improve your payment experience on Amaz",2026-09-15 17:30:15,RETR,xtbBpQpeRGqio8p2AQAA3j
付款/资金类,last7,account_4,weihaizhongxin2024@126.com,"Thu, 10 Sep 2026 12:27:50 +0000",Amazon Services <donotreply@amazon.com>,Tu pago está en camino,,"96
This title will display on mobile devices
 ¡Enhorabuena! El pago está de camino y llegará pronto.
 El pago está en camino
Enhorabuena, Weihai EU. Tu pago está en camino y te llegará en un plazo de tres a cinco días.
El 09/10/26 12:27 WEST, iniciamos una transferencia a tu método de pago (cuenta bancaria terminado en 229) por un importe de €
 201,69.
 Si el importe es inferior a lo esperado, ten en cuenta las siguientes preguntas:
 ¿Tienes saldo no disponible en tu cuenta de vendedor? Puede que hayamos reservado algo de dinero para posibles devoluciones, reclamaciones o reversiones de cargo de clientes. En este caso, el saldo de cierre de tu informe de pagos te mostrará el saldo no disponible en reserva.
 ¿Cubren tus ventas las tarifas de Amazon y las devoluciones del periodo de liquidación? El importe del pago refleja las ventas que has hecho y las tarifas de venta aplicadas tanto a dichas ventas como a cualquier promoción o servicio que hayas utilizado. Te recomendamos que revises tu informe de pagos en ""Informes"" de Seller Central para conocer el saldo de cierre.
Para más información sobre los informes de pagos en Seller Central, visita nuestro curso oficial.
Te deseamos un éx",2026-09-15 17:30:15,RETR,xtbBpAv942qioktfdwAA34
付款/资金类,last7,account_4,weihaizhongxin2024@126.com,"Wed, 9 Sep 2026 14:22:12 +0000",Amazon Payments Europe <donotreply@amazon.com>,Rettifica del saldo negativo nei tuoi account,,"96
This title will display on mobile devices
 Abbiamo rettificato il tuo saldo negativo di 149.05 € dovuto dal tuo account venditore Amazon.it in data settembre 9, 2026, utilizzando i fondi disponibili nel tuo account Amazon.fr. Puoi visualizzare il saldo del tuo account in qualsiasi momento accedendo al tuo account e quindi alla dashboard dei pagamenti .
Per maggiori informazioni, vai a Rettifica del saldo negativo nei tuoi account .
Distinti saluti,
Amazon Payments Europe
 Segnala un problema con questa e-mail
 Per qualsiasi domanda consulta: Seller Central
 Per modificare le preferenze sulle e-mail consulta: Preferenze sulle notifiche
 Copyright 2026 Amazon, Inc. o società affiliate. Tutti i diritti riservati.
 Amazon Payments Europe
 38 avenue John F. Kennedy,
 L-1855 Lussemburgo,
 Numero di registrazione in Lussemburgo: B-101818,
 Capitale Sociale 165.833 EUR,
 Numero di licenza di attività commerciale: 134248,
 Partita IVA n. LU 20260743.
 Questa e-mail è stata inviata da un indirizzo e-mail non monitorato.
 SPC-EUAmazon-738873504346435",2026-09-15 17:30:10,RETR,xtbBsxkE6Wqha5lBVgAA3p
付款/资金类,last7,account_4,weihaizhongxin2024@126.com,"Wed, 9 Sep 2026 13:24:25 +0000",Sell with Amazon <no-reply@sell.amazon.com>,"New sessions on AI, brand building, and account health",,"[Amazon logo](https://go.amazonsellerservices.com/e/229492/2026-09-04/7z5l4fj/6879091625/h/N9M90HPlPpU67n4uE_mKTweCIMAyiYf9R4WAB4ShsLU)
[Early-bird ending soon](https://go.amazonsellerservices.com/e/229492/-medium-email-utm-source-email/7z5l4fm/6879091625/h/N9M90HPlPpU67n4uE_mKTweCIMAyiYf9R4WAB4ShsLU)
New sessions. Built for where you are right now.
The Amazon Accelerate 2026 agenda keeps getting better. We've added new sessions and experiences we think you’ll love.
[Register now](https://go.amazonsellerservices.com/e/229492/-medium-email-utm-source-email/7z5l4fm/6879091625/h/N9M90HPlPpU67n4uE_mKTweCIMAyiYf9R4WAB4ShsLU)
“Being in the room where it happened. Nothing replaces the energy of a live room full of real people... was an awesome experience. I learned new ways to connect with our consumers while growing profitably on Amazon. There's no other retailer that listens better to small business sellers, owners and brands than Amazon.”
2025 attendee
Here's what's new on the agenda:
- AI tools you can use today
New sessions on how to use AI-powered tools for listing creation, A+ Content optimization, and inventory planning—with step-by-step guidance you can apply immediately.
- Brand",2026-09-15 17:30:10,RETR,xtbBsg6tk2qhXk5ungAA3p
产品链接/合规类,last7,account_4,weihaizhongxin2024@126.com,"Mon, 14 Sep 2026 05:40:35 +0000","""cscompliance-docreview-seller@amazon.de"" <cscompliance-docreview-seller@amazon.de>","SELLER: A1UYGOR4ZW45MU, ASIN: B0GYPZ58JY, MARKETPLACE:
 A1PA6795UKMFR9 - SPO - Seller Partner Outreach - Document Review",,"96
SELLER: A1UYGOR4ZW45MU, ASIN: B0GYPZ58JY, MARKETPLACE: A1PA6795UKMFR9 - SPO - Seller Partner Outreach - Document Review
 Do not reply back to this e-mail!
Hello,
Thank you for submitting a document to the Chemical Safety Compliance Team.
Your product is a kit/set/pack. A Safety Data Sheet is required for each possible hazardous product from the kit/set/pack, as indicated below:
color acrylic paint;
Ceramic clay
● We already received a compliant documentation for ""color acrylic paint""
● The document uploaded for ""Ceramic clay"" is incomplete, inaccurate or otherwise conflicting, and cannot be used for classification. Specifically:
→ The SDS does not match the ( branding/manufacturer/logo of the product ):
The manufacturer/brand/logo of the product on the SDS is ""Eternity Commerce LTD"" while the listing manufacturer/brand/logo of the product is ""Roaxkois"".
Until we receive the entire valid documentation, for all the possible hazardous products from the kit/set/pack, the hazard warnings for your products may not appear on the ASIN's product detail page and your products may be rejected by some fulfillment centers.
For guidance on Safety Data Sheet requirements, please refer to https",2026-09-15 17:30:37,RETR,xtbBshjcwmqniNiOdQAA3S
产品链接/合规类,last7,account_4,weihaizhongxin2024@126.com,"Thu, 10 Sep 2026 15:50:06 +0000",Amazon Services <donotreply@amazon.com>,Submit product compliance documents to avoid listing removal,,"96
 Submit product compliance documents to avoid listing removal
 Hello Weihai EU,
 Your listings are at risk of removal due to missing Safety Data Sheets. Submit the required documentation by 2026-11-08 to continue selling these products. You can find examples of your at-risk listings at the bottom of this email.
 Why is this happening?
 We are taking this action because we identified hazardous products in your catalogue that require Safety Data Sheets (SDS). These documents are required by law and provide critical safety information about chemical products, including proper handling, storage and emergency procedures. This helps ensure the safety of our customers, employees and anyone who handles these products.
 To learn more, go to our Requirements and FAQ for the sale of chemicals .
 How do I continue to sell the affected products?
 To avoid listing removal and continue selling these products, upload the Safety Data Sheets (SDS) for each of the affected products. Click the “View Compliance Requirements” button below to see all affected listings.
 View Compliance Requirements
 What was affected?
 Reason
 At-risk sales
 B0GYPZ58JY
 ASIN: B0GYPZ58JY
 SKU: WH-TCJ-EU-0427-01
 Hazard",2026-09-15 17:30:15,RETR,xtbBsxHjyWqi0bFnrgAA3p
产品链接/合规类,last7,account_4,weihaizhongxin2024@126.com,"Wed, 9 Sep 2026 18:07:39 +0000",Amazon Services <donotreply@amazon.com>,Submit product safety documentation to reactivate listings,,"96
 Submit product safety documentation to reactivate listings
 Hello Weihai CA,
 Some of your listings have been deactivated due to missing mandatory compliance requirements for your products. Review the details and next steps below. The affected listings are shown at the end of this email.
 Why is this happening?
 We are taking this action because these products are missing mandatory compliance information. Review our Product safety and compliance help page for information on applicable laws, regulations and Amazon policies. We leveraged a combination of automated means and expert human review to identify this issue and make this decision.
 The table at the end of this email provides product-specific compliance requirements.
 How do I reactivate my listings?
 To provide the required compliance information, go to your Account Health page and locate the product compliance requests:
-
 If you have the required documentation, follow the instructions to submit your compliance documents. We will only reinstate products that fulfil the compliance requirements.
-
 If you believe your products are exempt from these requirements, submit documentation demonstrating why they are not subject ",2026-09-15 17:30:12,RETR,xtbBsg9GLGqhoG-uVQAA3o
产品链接/合规类,last7,account_4,weihaizhongxin2024@126.com,"Wed, 9 Sep 2026 15:09:01 +0000",Amazon Services <donotreply@amazon.com>,Submit product safety documentation to reactivate listings,,"96
 Submit product safety documentation to reactivate listings
 Hello Weihai US,
 Some of your listings have been deactivated due to missing mandatory compliance requirements for your products. Review the details and next steps below. The affected listings are shown at the end of this email.
 Why is this happening?
 We are taking this action because these products are missing mandatory compliance information. Review our Product safety and compliance help page for information on applicable laws, regulations, and Amazon policies. We leveraged a combination of automated means and expert human review to identify this issue and make this decision.
 The table at the end of this email provides product-specific compliance requirements.
 How do I reactivate my listings?
 To provide the required compliance information, go to your Account Health page and locate the product compliance requests:
-
 If you have the required documentation, follow the instructions to submit your compliance documents. We will only reinstate products that fulfill the compliance requirements.
-
 If you believe your products are exempt from these requirements, submit documentation demonstrating why they are not subjec",2026-09-15 17:30:11,RETR,xtbBpQ-DqWqhdo8BTAAA3-
法务/侵权类,last7,account_4,weihaizhongxin2024@126.com,"Sat, 12 Sep 2026 00:43:23 +0000",Amazon Services <donotreply@amazon.com>,Votre paiement est en cours,,"96
This title will display on mobile devices
 Félicitations ! Votre paiement est en cours et arrivera sous peu.
 Tentative de versement
Félicitations, Weihai EU ! Votre paiement est en cours et arrivera sous trois à cinq jours.
Le 09/12/26 00:43 CEST, nous avons effectué un virement d’un montant de €
 124.75 sur le compte lié à votre méthode de paiement (compte bancaire se terminant par 229).
 Si le montant est inférieur au montant auquel vous vous attendiez, voici quelques questions à vous poser :
 Disposez-vous d’un solde de fonds non disponibles ? Amazon peut réserver des fonds afin de couvrir des retours, des réclamations ou des rétrofacturations potentiels des acheteurs. Si tel est le cas, le solde de fin de période de votre rapport sur les paiements affichera le solde des fonds non disponibles réservé.
 Vos ventes couvraient-elles l’ensemble des frais et des retours pour cette période de règlements ? Le montant du paiement reflète votre activité commerciale, les frais de vente et les frais relatifs aux promotions et aux services. Nous vous recommandons de consulter votre rapport sur les paiements sous l’onglet Rapports de Seller Central pour comprendre votre solde de fin de p",2026-09-15 17:30:32,RETR,xtbBshD33WqkoDCiKQAA3d
法务/侵权类,last7,account_4,weihaizhongxin2024@126.com,"Fri, 11 Sep 2026 14:08:42 +0000",Amazon Europe <no-reply@sell.amazon.com>,通过 Q4 活动拓展您的业务 — 尽早提报，节省费用,,"最大化您的 Q4 业绩
尊敬的卖家，
为 Q4 活动做好准备 — 为数百万消费者打造不容错过的优惠！今年，Prime 会员大促（PBDD）将与去年同期回归，随后是黑色星期五活动周（BFW）。通过尽早提交促销并确保充足库存，助力您的业务增长。
关键日期
Prime 会员大促
活动日期： 与去年同期
提报截止日期 ：促销 – 2026 年 9 月 23 日，价格折扣 – 活动结束前 12 小时
入库截止日期：EU – 9 月 9 日，UK – 2026 年 9 月 18 日
黑色星期五活动周
活动日期：2026 年 11 月 19–30 日
提报截止日期 ：促销 – 2026 年 11 月 18 日，价格折扣 – 活动结束前 12 小时
入库截止日期：EU – 10 月 21 日，UK – 2026 年 10 月 30 日
提报您的促销 > https://go.amazonsellerservices.com/e/229492/reate-ld-DC-EM-D514911503-Wk37/7z5qv79/6882894728/h/XqWcbg61Zo_OyByX05WpPNV1SCsAbbuwtjfZ4XbUdJY
<table align=""center"" border=""0"" cellpadding=""0"" cellspacing=""0"" class=""section"" role=""presentation"" style=""width:100%;"">
	<tbody>
		<tr>
			<td align=""center"">
			<div role=""none"">
<!--[if(mso)|(IE)]>
<table align=""center"" border=""0"" cellpadding=""0"" cellspacing=""0"" class=""block-grid-outlook"" style=""width:600px;"" width=""600"" >
<tr>
<td style=""line-height:0px;font-size:0px;mso-line-height-rule:exactly;""><![endif]-->
			<div style=""margin:0 auto;border-radius:0px;max-width:600px;"">
			<table align=""center"" border=""0"" cellpadding=""0"" cellspacing=""0"" role=""presentation"" style=""width:100%;border-radius:0px;"">
				<tbody>
					<tr>
						<td class=""block-grid"" style=""border-radius:0",2026-09-15 17:30:30,RETR,xtbBpA6hh2qkC25hhAAA3C
法务/侵权类,last7,account_4,weihaizhongxin2024@126.com,"Thu, 10 Sep 2026 03:39:41 +0000","""Comunicados de Amazon Seller Central (no responder)"" <donotreply@amazon.com>",[Amazon.es] Hemos suprimido uno o varios de tus listings de las búsquedas en la web de Amazon,,"96
[Amazon.es] Hemos suprimido uno o varios de tus listings de las búsquedas en la web de Amazon
 [Amazon.es] Hemos suprimido uno o varios de tus listings de las búsquedas en la web de Amazon
 Hemos suprimido uno o varios de tus listings de Amazon ES de los resultados de búsqueda
 Hemos tomado medidas con respecto a uno o varios de tus listings. Hemos puesto en cuarentena y hemos eliminado de los resultados de búsqueda de nuestra web 1 de tus listings. Los listings en cuestión no cumplen la política de creación de ASIN , la política de creación de ASIN duplicados , los requisitos de las imágenes del producto o los requisitos de los títulos del producto .
 Revisar y modificar listings en cuarentena Listings afectados
 ASIN SKU Motivo de la medida B0GYPZ58JY WH-TCJ-EU-0427-01 Necesitamos más información.
 ¿Cómo puedo resolver los listings en cuarentena?
 Revisa y modifica los listings en la página Inventario suprimido de Seller Central para corregir los atributos o imágenes afectados.
 Cuando hayas corregido los atributos o imágenes en cuestión, los listings dejarán de estar en cuarentena y pasarán a estar disponibles en los resultados de búsqueda.
 ¿Tus listings están en cuarentena ",2026-09-15 17:30:14,RETR,xtbBsgDs0mqiJoCYCgAA3w
法务/侵权类,last7,account_4,weihaizhongxin2024@126.com,"Wed, 9 Sep 2026 16:45:36 +0000",Transparency No Reply <noreply-transparency@amazon.com>,OPR 体验优化——无需再手动追踪货件  /  Improvement to Your OPR Experience — No More Manual Shipment Tracking,,"尊敬的 Crifeton 团队：
我们很高兴地通知您，OPR（Operational Performance Review运营表现评估）流程迎来一项优化，这将使开启 OPR 变得更加简单，并且您无需再手动追踪货件。
变更内容：亚马逊的系统现在会自动识别在您开启 OPR 之前发出的货件，并将其从 OPR 扫描评估范围中排除。这意味着您不再需要等待所有未应用 Transparency 透明计划标签的库存全部到达亚马逊运营中心后，再开启 OPR。
这对您意味着什么?
  1.  准备就绪（从现在开始所有商品都将正确应用 Transparency 透明计划标签）即可开启 OPR，无需再等待在途未应用 Transparency 透明计划标签货件全部入仓后再开启。
  2.  无需再人工追踪未应用 Transparency 透明计划标签货件的入仓时间。
  3.  您的 OPR 绩效数据将更加准确，因为仅包含应用了 Transparency 透明计划标签的产品的扫描结果。
  4.  更快、更顺畅地让您的产品获得 Transparency 透明计划保护。
您需要做什么？ 您的操作流程无需任何更改。请在您确保未来发出的货件（包括此前已创建但尚未发出的货件）都会正确应用 Transparency 透明计划标签时，即可开启 OPR。
若您需要帮助：请联系您的 Transparency 透明计划经理或客户管理团队协助。
常见问题
Q1: OPR 扫描有哪些变化？
亚马逊推出了货件感知处理流程（Shipment-Aware Processing），这是一项自动化流程旨在让您的 OPR 开启变得更加简单。在过去您需要谨慎考虑开启 OPR 的时间，以避免（已在途的）未应用 Transparency 透明计划标签的库存在亚马逊运营中心扫描时失败，从而影响您的运营表现评估的结果。而现在我们的系统会自动追踪您的货件日期，只扫描在您开启 OPR 之后发出的货件。任何在开启之前已经在途的库存都不会被扫描。
Q2: 我需要有哪些不同的操作？
您的操作流程无需更改。如果您能确保未来发出的货件（包括此前已创建但尚未发出的货件）都会正确应用 Transparency 透明计划标签时，那么就可以开启 OPR。您不再需要等待所有未应用 Transparency 透明计划标签的库存全部被亚马逊运营中心接收后再开启 OPR，系统会自动处理这一切。
Q3: 我现有的未应用 Transparency 透明计划标签的库存会导致扫码失败吗？
不会。任何在您开启 OPR 之前发出的货件都会被扫描系统自动跳过。只有在您 OPR 开启日期之后发出的货件才会进行运营表现评估。
Q4: 这会影响 OPR 通过（Graduation）的时间吗？
不会。此项变更旨在优化您的 OPR 体验，消除 OPR 开启前库存因缺失 Trans",2026-09-15 17:30:11,RETR,xtbBsg15X2qhjU2YAQAA3L
法务/侵权类,last7,account_4,weihaizhongxin2024@126.com,"Wed, 9 Sep 2026 16:45:33 +0000",Transparency No Reply <noreply-transparency@amazon.com>,OPR 体验优化——无需再手动追踪货件  /  Improvement to Your OPR Experience — No More Manual Shipment Tracking,,"尊敬的 Crifeton 团队：
我们很高兴地通知您，OPR（Operational Performance Review运营表现评估）流程迎来一项优化，这将使开启 OPR 变得更加简单，并且您无需再手动追踪货件。
变更内容：亚马逊的系统现在会自动识别在您开启 OPR 之前发出的货件，并将其从 OPR 扫描评估范围中排除。这意味着您不再需要等待所有未应用 Transparency 透明计划标签的库存全部到达亚马逊运营中心后，再开启 OPR。
这对您意味着什么?
  1.  准备就绪（从现在开始所有商品都将正确应用 Transparency 透明计划标签）即可开启 OPR，无需再等待在途未应用 Transparency 透明计划标签货件全部入仓后再开启。
  2.  无需再人工追踪未应用 Transparency 透明计划标签货件的入仓时间。
  3.  您的 OPR 绩效数据将更加准确，因为仅包含应用了 Transparency 透明计划标签的产品的扫描结果。
  4.  更快、更顺畅地让您的产品获得 Transparency 透明计划保护。
您需要做什么？ 您的操作流程无需任何更改。请在您确保未来发出的货件（包括此前已创建但尚未发出的货件）都会正确应用 Transparency 透明计划标签时，即可开启 OPR。
若您需要帮助：请联系您的 Transparency 透明计划经理或客户管理团队协助。
常见问题
Q1: OPR 扫描有哪些变化？
亚马逊推出了货件感知处理流程（Shipment-Aware Processing），这是一项自动化流程旨在让您的 OPR 开启变得更加简单。在过去您需要谨慎考虑开启 OPR 的时间，以避免（已在途的）未应用 Transparency 透明计划标签的库存在亚马逊运营中心扫描时失败，从而影响您的运营表现评估的结果。而现在我们的系统会自动追踪您的货件日期，只扫描在您开启 OPR 之后发出的货件。任何在开启之前已经在途的库存都不会被扫描。
Q2: 我需要有哪些不同的操作？
您的操作流程无需更改。如果您能确保未来发出的货件（包括此前已创建但尚未发出的货件）都会正确应用 Transparency 透明计划标签时，那么就可以开启 OPR。您不再需要等待所有未应用 Transparency 透明计划标签的库存全部被亚马逊运营中心接收后再开启 OPR，系统会自动处理这一切。
Q3: 我现有的未应用 Transparency 透明计划标签的库存会导致扫码失败吗？
不会。任何在您开启 OPR 之前发出的货件都会被扫描系统自动跳过。只有在您 OPR 开启日期之后发出的货件才会进行运营表现评估。
Q4: 这会影响 OPR 通过（Graduation）的时间吗？
不会。此项变更旨在优化您的 OPR 体验，消除 OPR 开启前库存因缺失 Trans",2026-09-15 17:30:11,RETR,xtbBpQt4XmqhjUuDeQAA3-
法务/侵权类,last7,account_4,weihaizhongxin2024@126.com,"Wed, 9 Sep 2026 14:40:23 +0000",Amazon Seller Central <donotreply@amazon.com>,Your Amazon.ca Fulfillment by Amazon Merchant Invoice for 8/2026,,"Your Amazon.ca Fulfillment by Amazon Merchant Invoice for 8/2026
 96
Hello,
We are writing to inform you that your electronic Fulfillment by Amazon Merchant Invoice for the month of 8/2026 is now available in your Seller Central Account.
To access your invoice, go to your Tax Document Library . In your Tax Document Library, you will be able to view, download or print your invoice.
The Amazon Services Team
 Monsieur/Madame Shen zhen shi wei hai zhong xin ke ji you xian,
Nous vous écrivons pour vous informer que votre Facture Expédié Par Amazon pour le mois de 8/2026 est maintenant disponible dans votre compte Seller Central.
Pour accéder à votre facture, rendez-vous sur votre compte Seller Central et veuillez accéder à la page Rapports > Bibliothèque d'informations fiscales > Factures des frais du vendeur.
Dans votre compte Seller Central, vous pourrez afficher, télécharger ou imprimer votre facture.
Pour toute question, contactez le Support Vendeur.
Cordialement,
Amazon.ca
 Report an issue with this email
 If you have any questions visit: Seller Central
 To change your email preferences visit: Notification Preferences
 We hope you found this message to be useful. However, if you'd ",2026-09-15 17:30:11,RETR,xtbBshsV+mqhb9vobgAA3-
法务/侵权类,last7,account_4,weihaizhongxin2024@126.com,"Tue, 8 Sep 2026 22:05:50 +0000",Amazon Services <donotreply@amazon.com>,Envía la documentación de seguridad del producto para evitar la desactivación de los listados,,"96
 Hola, Weihai MX:
 Algunos de tus listados están en riesgo de desactivación debido a que los productos no cumplen los requisitos de cumplimiento normativo obligatorios. Revisa a continuación los detalles y siguientes pasos. Los listados afectados aparecen al final de este correo electrónico.
 ¿A qué se debe?
 Tomamos esta medida porque a estos productos les falta información de cumplimiento normativo obligatoria. Para más información sobre las leyes, normativas y políticas de Amazon aplicables, consulta Seguridad y cumplimiento del producto .
 En la tabla que aparece al final de este correo electrónico encontrarás los requisitos de cumplimiento normativo específicos del producto.
 ¿Cómo puedo reactivar mi listado?
 Para proporcionar la información de cumplimiento obligatoria, ve al panel de control Estado de la cuenta para localizar las solicitudes de cumplimiento normativo del producto:
-
 Si dispones de la documentación obligatoria, sigue las instrucciones para enviar los documentos de cumplimiento normativo.
-
 Si consideras que tus productos están exentos de estos requisitos, envía documentación que demuestre por qué no están sujetos a estos requisitos de cumplimiento normat",2026-09-15 17:30:08,RETR,xtbBpQKUemqghsJYxQAA3a
货件/库存类,last7,account_4,weihaizhongxin2024@126.com,"Sat, 12 Sep 2026 04:18:39 +0000",Fulfilment by Amazon <donotreply@amazon.com>,Create FBA removal order by 2026-09-24,,"96
Automated removals of unfulfillable inventory
 Required removals: First notification
 Required removals: First notification
 Hello,
Your FBA inventory listed below became unsellable in the past seven days. You must create a removal order by 2026-09-24 or these items will be disposed of. Removal fees will apply. Review the affected items and next steps below.
Unsellable products:
- FNSKU: B0DRC8LPGS Quantity: 1
- FNSKU: B0DRCB74YN Quantity: 1
- FNSKU: B0DRCF83VZ Quantity: 11
 Why is this happening?
This action is required because these items are no longer in sellable condition in our fulfilment centres. According to our FBA Required Removals policy, all unsuitable units must be removed within 14 days of notification. To learn more, go to our FBA Required Removals policy .
We leveraged a combination of automated means to identify this issue and make this decision.
 How do I address this?
Follow these steps to manage your unsellable inventory:
- Check your complete list and quantity of unsellable items in the Manage FBA inventory .
- Create a removal order (removal fees apply) by following the instructions in Remove inventory overview .
 To avoid future manual inventory removal ord",2026-09-15 17:30:32,RETR,xtbBswShh2qk0qQHlAAA36
货件/库存类,last7,account_4,weihaizhongxin2024@126.com,"Fri, 11 Sep 2026 09:43:34 +0000","""seller-coaching-m@amazon.com"" <seller-coaching-m@amazon.com>","[Case ID:13247704742]""Your Help Needed"" Optimize Your Next EU FBA
 Shipment Based on Inventory Health [A-AWD]",,"96
[Case ID:13247704742]""Your Help Needed"" Optimize Your Next EU FBA Shipment Based on Inventory Health [A-AWD]
 This is a reminder to let you know that we need more information to resolve your case. If you still need assistance, please respond to this message and provide the details we’ve requested below.
If we’ve resolved your issue, no further action is needed and we’ll close your case.
Thank you,
Amazon Support
-- Original Message --
Dear Weihai EU,
We are reaching out regarding your current FBA inventory health in the EU marketplace.
A review of your account indicates that your inventory either has excess stock or low/out-of-stock items, which may lead to increased storage costs, reduced sell-through efficiency, or may impact order fulfillment continuity and customer delivery experience.
To help you plan your next shipment more effectively and maintain balanced stock levels across the network, you may consider the following options:
- Split your next shipment between FBA and upstream storage via Amazon Warehousing and Distribution (AWD). More info: https://sellercentral-europe.amazon.com/help/hub/reference/GF6ZC8VEBM7HCEGV
 Create shipment and send to AWD: https://sellercentra",2026-09-15 17:30:27,RETR,xtbBpBQcAmqjzZSy-gAA3y
其他风险类,last7,account_4,weihaizhongxin2024@126.com,"Mon, 14 Sep 2026 14:01:06 +0000",The Amazon Services team <donotreply@amazon.com>,Redesigned Seller Central becomes default 24 Sep,,"96
 Same powerful tools, built to grow with your business.
 Hello,
 As of 24 September 2026, you’ll be welcomed back to the new Seller Central, a selling experience shaped by feedback from seller like you. Since you last tried the new Seller Central experience, we’ve made meaningful improvements based on your input.
 We've streamlined navigation to make your daily tools easier to access. Product and shipment management now feature faster search and side-panel details. Seller Assistant is built into Manage Products to surface insights and take actions on your behalf. Plus, customisable workspaces let you choose what data to see and save your preferred views.
 To get familiar with the new Seller Central experience and to find all the tools you need:
- Get to know the new layout with the full guide to finding your favourite tools .
- Discover every tool and page in one place with the site MAP , also accessible at the bottom left corner of the menu.
- Locate any tool instantly using the search bar at the top of any page.
- Stay on top of what matters with the Action Center in the left panel for your most important next STEP across all workspaces. You can still access classic Seller Cen",2026-09-15 17:30:38,RETR,xtbBsgRNM2qn-iQkuwAA3A
其他风险类,last7,account_4,weihaizhongxin2024@126.com,"Thu, 10 Sep 2026 03:24:54 +0000","""Amazon Seller Central Communications (Do Not Reply)"" <donotreply@amazon.com>","[Amazon.fr] One or More of Your Amazon Listings Have Been Search
 Suppressed",,"96
[Amazon.fr] One or More of Your Amazon Listings Have Been Search Suppressed
 [Amazon.fr] One or More of Your Amazon Listings Have Been Search Suppressed
 One or more of your Amazon FR listings have been suppressed from search results
 Amazon took action on one or more of your listings. 1 listing(s) were quarantined and removed from search results on the Amazon website. The affected listings do not meet Amazon's ASIN Creation Policy , Duplicate ASIN Creation Policy , Product Image Requirements or Product Title Requirements .
 Review and edit quarantined listings Affected Listings
 ASIN SKU Enforcement Reason B0GYPZ58JY WH-TCJ-EU-0427-01 More Information Required
 How do I resolve quarantined listings?
 Review and edit the listing(s) on the Suppressed Inventory page in Seller Central to correct the affected attributes or images.
 Once the affected attributes or images have been corrected, the listing(s) will be removed from quarantine and made available in search results.
 Have your listings been quarantined by mistake?
 If you believe there has been an error, please contact Amazon Seller Support to provide details explaining how the listing(s) have not violated Amazon policies an",2026-09-15 17:30:12,RETR,xtbBpAsO82qiIwtgVQAA3H
店铺绩效类,older,account_4,weihaizhongxin2024@126.com,"Tue, 8 Sep 2026 09:22:19 +0000","""Fulfillment by Amazon (Do not reply)"" <donotreply@amazon.com>",FBA reimbursement notification,,"96
FBA reimbursement notification
 You have a reimbursement activity
 Hello from Fulfillment by Amazon,
We have initiated a reimbursement, a reimbursement reversal, or both due to recent activity on your selling account. No action is required from you.
Reimbursements can be initiated for an issue that you notified us about or one that we identified at a fulfillment center. A reimbursement reversal occurs when a reimbursement decision has been reviewed and changed. Reimbursement amounts are determined in accordance with the FBA inventory reimbursement policy ( https://sellercentral.amazon.com/gp/help/external/200213130 ).
Please note that it may take up to five business days for reimbursement transactions to appear in your seller account.
You can find details on your reimbursement or reversal transaction in the Reimbursements report ( https://sellercentral.amazon.com/reportcentral/REIMBURSEMENTS/0 ) in Seller Central:
- In the Event Date drop-down menu, select a date range and click Generate report . You can use the date in the subject line of this email as a point of reference.
- To identify inventory reimbursements and reversals, see the Quantity reimbursed [inventory] column.
- T",2026-09-15 17:30:06,RETR,xtbBsg2qkGqf083VnAAA3n
店铺绩效类,older,account_4,weihaizhongxin2024@126.com,"Tue, 8 Sep 2026 04:57:55 +0000","""Fulfillment by Amazon (Do not reply)"" <donotreply@amazon.com>",FBA reimbursement notification,,"96
FBA reimbursement notification
 You have a reimbursement activity
 Hello from Fulfilment by Amazon,
We have initiated a reimbursement, a reimbursement reversal, or both due to recent activity on your selling account. No action is required from you.
Reimbursements can be initiated for an issue that you notified us about or one that we identified at a fulfilment centre. A reimbursement reversal occurs when a reimbursement decision has been reviewed and changed. Reimbursement amounts are determined in accordance with the FBA inventory reimbursement policy ( https://sellercentral.amazon.co.uk/gp/help/external/200213130 ).
Please note that it may take up to five business days for reimbursement transactions to appear in your seller account.
You can find details on your reimbursement or reversal transaction in the Reimbursements report ( https://sellercentral.amazon.co.uk/reportcentral/REIMBURSEMENTS/0 ) in Seller Central:
- In the Event Date drop-down menu, select a date range and click Generate report . You can use the date in the subject line of this email as a point of reference.
- To identify inventory reimbursements and reversals, see the Quantity reimbursed [inventory] column.
-",2026-09-15 17:30:05,RETR,xtbBshgeBGqfldhrYwAA3A
店铺绩效类,older,account_4,weihaizhongxin2024@126.com,"Mon, 7 Sep 2026 11:28:14 +0000","""Amazon.com"" <fba-noreply@amazon.com>",Your FBA request is complete (pWbU6lC/+G),,"Greetings from Amazon.com
We thought you'd like to know that we have completed your destroy request.
You can track the status of this request by visiting your Seller Account at:
https://sellercentral-europe.amazon.com/
For a complete list of inventory being destroyed, go to:
https://sellercentral-europe.amazon.com/gp/orders/fba-order-details.html?orderID=S02-8607381-6854145
Please note: this email was sent from a notification-only address that
cannot accept incoming e-mail. Please do not reply to this message.
Thank you for using Fulfillment by Amazon.
------------------------------------------------------------------------------
Fulfilment by Amazon – let Amazon pick, pack and ship your orders domestically
and EU wide.
------------------------------------------------------------------------------
Was this e-mail helpful? https://sellercentral.amazon.co.uk/gp/satisfaction/survey-form.html?ie=UTF8&HMDName=NotificationBusEmailHMD&customAttribute1Value=PRODUCT_REMOVAL_ORDER_SHIPPED_NOW
SPC-EUAmazon-967571922647729",2026-09-15 17:30:03,RETR,xtbBsxJeRGqen9JvOwAA3W
店铺绩效类,older,account_4,weihaizhongxin2024@126.com,"Mon, 7 Sep 2026 04:54:29 +0000","""Fulfillment by Amazon (Do not reply)"" <donotreply@amazon.com>",FBA reimbursement notification,,"96
FBA reimbursement notification
 You have a reimbursement activity
 Hello from Fulfilment by Amazon,
We have initiated a reimbursement, a reimbursement reversal, or both due to recent activity on your selling account. No action is required from you.
Reimbursements can be initiated for an issue that you notified us about or one that we identified at a fulfilment centre. A reimbursement reversal occurs when a reimbursement decision has been reviewed and changed. Reimbursement amounts are determined in accordance with the FBA inventory reimbursement policy ( https://sellercentral.amazon.co.uk/gp/help/external/200213130 ).
Please note that it may take up to five business days for reimbursement transactions to appear in your seller account.
You can find details on your reimbursement or reversal transaction in the Reimbursements report ( https://sellercentral.amazon.co.uk/reportcentral/REIMBURSEMENTS/0 ) in Seller Central:
- In the Event Date drop-down menu, select a date range and click Generate report . You can use the date in the subject line of this email as a point of reference.
- To identify inventory reimbursements and reversals, see the Quantity reimbursed [inventory] column.
-",2026-09-15 17:30:01,RETR,xtbBpQc0GmqeQ4dYngAA36
店铺绩效类,older,account_4,weihaizhongxin2024@126.com,"Sun, 6 Sep 2026 04:38:47 +0000","""Fulfillment by Amazon (Do not reply)"" <donotreply@amazon.com>",FBA reimbursement notification,,"96
FBA reimbursement notification
 You have a reimbursement activity
 Hello from Fulfilment by Amazon,
We have initiated a reimbursement, a reimbursement reversal, or both due to recent activity on your selling account. No action is required from you.
Reimbursements can be initiated for an issue that you notified us about or one that we identified at a fulfilment centre. A reimbursement reversal occurs when a reimbursement decision has been reviewed and changed. Reimbursement amounts are determined in accordance with the FBA inventory reimbursement policy ( https://sellercentral.amazon.co.uk/gp/help/external/200213130 ).
Please note that it may take up to five business days for reimbursement transactions to appear in your seller account.
You can find details on your reimbursement or reversal transaction in the Reimbursements report ( https://sellercentral.amazon.co.uk/reportcentral/REIMBURSEMENTS/0 ) in Seller Central:
- In the Event Date drop-down menu, select a date range and click Generate report . You can use the date in the subject line of this email as a point of reference.
- To identify inventory reimbursements and reversals, see the Quantity reimbursed [inventory] column.
-",2026-09-15 17:29:36,RETR,xtbBsxyUemqc7lzogwAA3u
店铺绩效类,older,account_4,weihaizhongxin2024@126.com,"Sat, 5 Sep 2026 09:20:41 +0000","""Fulfillment by Amazon (Do not reply)"" <donotreply@amazon.com>",FBA reimbursement notification,,"96
FBA reimbursement notification
 You have a reimbursement activity
 Hello from Fulfillment by Amazon,
We have initiated a reimbursement, a reimbursement reversal, or both due to recent activity on your selling account. No action is required from you.
Reimbursements can be initiated for an issue that you notified us about or one that we identified at a fulfillment center. A reimbursement reversal occurs when a reimbursement decision has been reviewed and changed. Reimbursement amounts are determined in accordance with the FBA inventory reimbursement policy ( https://sellercentral.amazon.com/gp/help/external/200213130 ).
Please note that it may take up to five business days for reimbursement transactions to appear in your seller account.
You can find details on your reimbursement or reversal transaction in the Reimbursements report ( https://sellercentral.amazon.com/reportcentral/REIMBURSEMENTS/0 ) in Seller Central:
- In the Event Date drop-down menu, select a date range and click Generate report . You can use the date in the subject line of this email as a point of reference.
- To identify inventory reimbursements and reversals, see the Quantity reimbursed [inventory] column.
- T",2026-09-15 17:29:31,RETR,xtbBpQx0Wmqb3uwjlQAA3y
店铺绩效类,older,account_4,weihaizhongxin2024@126.com,"Thu, 3 Sep 2026 17:54:07 +0000","""Amazon.com"" <fba-noreply@amazon.com>",Your FBA request is complete (4rjrNkqMZx),,"Greetings from Amazon.com
We thought you'd like to know that we have completed your destroy request.
You can track the status of this request by visiting your Seller Account at:
https://sellercentral-europe.amazon.com/
For a complete list of inventory being destroyed, go to:
https://sellercentral-europe.amazon.com/gp/orders/fba-order-details.html?orderID=S02-5691580-8385365
Please note: this email was sent from a notification-only address that
cannot accept incoming e-mail. Please do not reply to this message.
Thank you for using Fulfillment by Amazon.
------------------------------------------------------------------------------
Fulfilment by Amazon – let Amazon pick, pack and ship your orders domestically
and EU wide.
------------------------------------------------------------------------------
Was this e-mail helpful? https://sellercentral.amazon.co.uk/gp/satisfaction/survey-form.html?ie=UTF8&HMDName=NotificationBusEmailHMD&customAttribute1Value=PRODUCT_REMOVAL_ORDER_SHIPPED_NOW
SPC-EUAmazon-668504756350681",2026-09-15 17:29:22,RETR,xtbBsgQ-JWqZtERzpgAA36
店铺绩效类,older,account_4,weihaizhongxin2024@126.com,"Thu, 3 Sep 2026 05:00:38 +0000","""Fulfillment by Amazon (Do not reply)"" <donotreply@amazon.com>",FBA reimbursement notification,,"96
FBA reimbursement notification
 You have a reimbursement activity
 Hello from Fulfilment by Amazon,
We have initiated a reimbursement, a reimbursement reversal, or both due to recent activity on your selling account. No action is required from you.
Reimbursements can be initiated for an issue that you notified us about or one that we identified at a fulfilment centre. A reimbursement reversal occurs when a reimbursement decision has been reviewed and changed. Reimbursement amounts are determined in accordance with the FBA inventory reimbursement policy ( https://sellercentral.amazon.co.uk/gp/help/external/200213130 ).
Please note that it may take up to five business days for reimbursement transactions to appear in your seller account.
You can find details on your reimbursement or reversal transaction in the Reimbursements report ( https://sellercentral.amazon.co.uk/reportcentral/REIMBURSEMENTS/0 ) in Seller Central:
- In the Event Date drop-down menu, select a date range and click Generate report . You can use the date in the subject line of this email as a point of reference.
- To identify inventory reimbursements and reversals, see the Quantity reimbursed [inventory] column.
-",2026-09-15 17:29:20,RETR,xtbBsxu+pGqY-vvxTwAA37
店铺绩效类,older,account_4,weihaizhongxin2024@126.com,"Wed, 2 Sep 2026 10:49:16 +0000","""Amazon.com"" <fba-noreply@amazon.com>",Your FBA request is complete (j2jHyzbiUU),,"Greetings from Amazon.com
We thought you'd like to know that we have completed your destroy request.
You can track the status of this request by visiting your Seller Account at:
https://sellercentral-europe.amazon.com/
For a complete list of inventory being destroyed, go to:
https://sellercentral-europe.amazon.com/gp/orders/fba-order-details.html?orderID=S02-8310203-8288062
Please note: this email was sent from a notification-only address that
cannot accept incoming e-mail. Please do not reply to this message.
Thank you for using Fulfillment by Amazon.
------------------------------------------------------------------------------
Fulfilment by Amazon – let Amazon pick, pack and ship your orders domestically
and EU wide.
------------------------------------------------------------------------------
Was this e-mail helpful? https://sellercentral.amazon.co.uk/gp/satisfaction/survey-form.html?ie=UTF8&HMDName=NotificationBusEmailHMD&customAttribute1Value=PRODUCT_REMOVAL_ORDER_SHIPPED_NOW
SPC-EUAmazon-1618482804949060",2026-09-15 17:29:13,RETR,xtbBsxCMcmqX-zBHRQAA3t
店铺绩效类,older,account_4,weihaizhongxin2024@126.com,"Wed, 2 Sep 2026 04:50:31 +0000","""Fulfillment by Amazon (Do not reply)"" <donotreply@amazon.com>",FBA reimbursement notification,,"96
FBA reimbursement notification
 You have a reimbursement activity
 Hello from Fulfilment by Amazon,
We have initiated a reimbursement, a reimbursement reversal, or both due to recent activity on your selling account. No action is required from you.
Reimbursements can be initiated for an issue that you notified us about or one that we identified at a fulfilment centre. A reimbursement reversal occurs when a reimbursement decision has been reviewed and changed. Reimbursement amounts are determined in accordance with the FBA inventory reimbursement policy ( https://sellercentral.amazon.co.uk/gp/help/external/200213130 ).
Please note that it may take up to five business days for reimbursement transactions to appear in your seller account.
You can find details on your reimbursement or reversal transaction in the Reimbursements report ( https://sellercentral.amazon.co.uk/reportcentral/REIMBURSEMENTS/0 ) in Seller Central:
- In the Event Date drop-down menu, select a date range and click Generate report . You can use the date in the subject line of this email as a point of reference.
- To identify inventory reimbursements and reversals, see the Quantity reimbursed [inventory] column.
-",2026-09-15 17:29:12,RETR,xtbBpBpxV2qXqxpAjQAA3Z
店铺绩效类,older,account_4,weihaizhongxin2024@126.com,"Tue, 1 Sep 2026 19:31:35 +0000","""Amazon.com"" <fba-noreply@amazon.com>",Your FBA request is complete (TrF4EN0N6o),,"Greetings from Amazon.com
We thought you'd like to know that we have completed your destroy request.
Disposal Summary:
Quantity Requested: 1
Quantity Successfully Destroyed: 1
Quantity Cancelled: 0
You can track the status of this request by visiting your Seller Account at:
https://sellercentral.amazon.com/
For a complete list of inventory being destroyed, go to:
https://sellercentral.amazon.com/gp/orders/fba-order-details.html?orderID=S01-3466953-4664826
Please note: this email was sent from a notification-only address that
cannot accept incoming e-mail. Please do not reply to this message.
Thank you for using Fulfillment by Amazon.
--------------------------------------------------------------------------
Fulfillment by Amazon, professional packing, shipping and servicing of
online orders.
--------------------------------------------------------------------------
Was this email helpful?
 https://sellercentral.amazon.com/gp/satisfaction/survey-form.html?ie=UTF8&HMDName=NotificationBusEmailHMD&customAttribute1Value=PRODUCT_REMOVAL_ORDER_SHIPPED_NOW
SPC-USAmazon-457399084289619",2026-09-15 17:29:12,RETR,xtbBpBqQdmqXKBoTXwAA3b
店铺绩效类,older,account_4,weihaizhongxin2024@126.com,"Tue, 1 Sep 2026 15:06:42 +0000","""dg-seller-enrollment@amazon.com"" <dg-seller-enrollment@amazon.com>",[Case ID:21758925371]*Your Case Resolved* You’re invited to the Dangerous Goods (Hazmat) Program US,,"96
[Case ID:21758925371]*Your Case Resolved* You’re invited to the Dangerous Goods (Hazmat) Program US
 Hello from Fulfillment by Amazon,
We’ve received no response from you regarding the invitation to participate in the FBA Dangerous Goods (Hazmat) Program. We’ll keep your name on our program waitlist and may consider you for future program enrollment. You may or may not potentially sell Dangerous Goods (Hazmat) products at this time, however in the future you may be a seller who would like to grow their business by starting to sell Dangerous Goods ASIN(s) through Fulfillment by Amazon. Should you have any further issues/questions regarding your seller account, inventory, or future enrollment to the FBA Dangerous Goods program- please feel free to contact Amazon seller support at any time by opening a new case. If enrollment related please use this case # as a reference. Thank you for selling on Amazon. Thank you for selling on Amazon.
-- Original Message --
Greetings from Fulfillment by Amazon,
I am an Amazon associate extending an invitation to you, on behalf of our research team for FBA Dangerous Goods (Hazmat) Program US.
Our program research team has identified you as a Selle",2026-09-15 17:29:10,RETR,xtbBpAb74WqW6ga9-gAA3r
店铺绩效类,older,account_4,weihaizhongxin2024@126.com,"Tue, 1 Sep 2026 05:00:11 +0000","""Fulfillment by Amazon (Do not reply)"" <donotreply@amazon.com>",FBA reimbursement notification,,"96
FBA reimbursement notification
 You have a reimbursement activity
 Hello from Fulfilment by Amazon,
We have initiated a reimbursement, a reimbursement reversal, or both due to recent activity on your selling account. No action is required from you.
Reimbursements can be initiated for an issue that you notified us about or one that we identified at a fulfilment centre. A reimbursement reversal occurs when a reimbursement decision has been reviewed and changed. Reimbursement amounts are determined in accordance with the FBA inventory reimbursement policy ( https://sellercentral.amazon.co.uk/gp/help/external/200213130 ).
Please note that it may take up to five business days for reimbursement transactions to appear in your seller account.
You can find details on your reimbursement or reversal transaction in the Reimbursements report ( https://sellercentral.amazon.co.uk/reportcentral/REIMBURSEMENTS/0 ) in Seller Central:
- In the Event Date drop-down menu, select a date range and click Generate report . You can use the date in the subject line of this email as a point of reference.
- To identify inventory reimbursements and reversals, see the Quantity reimbursed [inventory] column.
-",2026-09-15 17:29:07,RETR,xtbBsgBPNWqWW+BfQwAA3T
店铺绩效类,older,account_4,weihaizhongxin2024@126.com,"Sun, 30 Aug 2026 14:03:08 +0000",Fulfillment by Amazon Operations <fba-noreply@amazon.com>,Automated unfulfillable FBA inventory removal notification,,"96
 Hello Weihai US,
The following automated unfulfillable FBA removal orders have been created based on your automated settings.
 Removal order ID TrF4EN0N6o
 You can view the removals on Removal Order Details in your seller account by using the Search tool.
The next removal order will be created as scheduled on August 31, 2026 in accordance with your settings if you have unfulfillable inventory at that time.
To make changes to the shipping address, frequency of your automated unfulfillable removals, or other settings, go to Automated unfulfillable removal settings in your seller account.
 Thank you.
The Fulfillment by Amazon team
Please note: This email was sent from a notification-only address that cannot accept incoming email. Please do not reply to this email.
 Report an issue with this email
 If you have any questions visit: Seller Central
 To change your email preferences visit: Notification Preferences
 Copyright 2026 Amazon, Inc, or its affiliates. All rights reserved.
 Amazon.com, 410 Terry Avenue North, Seattle, WA 98109-5210
 SPC-USAmazon-879611544482927",2026-09-15 17:29:04,RETR,xtbBpB-UumqUOB-mVwAA39
店铺绩效类,older,account_4,weihaizhongxin2024@126.com,"Sat, 29 Aug 2026 04:40:08 +0000","""Fulfillment by Amazon (Do not reply)"" <donotreply@amazon.com>",FBA reimbursement notification,,"96
FBA reimbursement notification
 You have a reimbursement activity
 Hello from Fulfilment by Amazon,
We have initiated a reimbursement, a reimbursement reversal, or both due to recent activity on your selling account. No action is required from you.
Reimbursements can be initiated for an issue that you notified us about or one that we identified at a fulfilment centre. A reimbursement reversal occurs when a reimbursement decision has been reviewed and changed. Reimbursement amounts are determined in accordance with the FBA inventory reimbursement policy ( https://sellercentral.amazon.co.uk/gp/help/external/200213130 ).
Please note that it may take up to five business days for reimbursement transactions to appear in your seller account.
You can find details on your reimbursement or reversal transaction in the Reimbursements report ( https://sellercentral.amazon.co.uk/reportcentral/REIMBURSEMENTS/0 ) in Seller Central:
- In the Event Date drop-down menu, select a date range and click Generate report . You can use the date in the subject line of this email as a point of reference.
- To identify inventory reimbursements and reversals, see the Quantity reimbursed [inventory] column.
-",2026-09-15 17:29:01,RETR,xtbBsw4D6GqSYq4WegAA3O
店铺绩效类,older,account_4,weihaizhongxin2024@126.com,"Fri, 28 Aug 2026 16:34:35 +0000","""Amazon.com"" <fba-noreply@amazon.com>",Your FBA request is complete (0QNxXwzJgp),,"Greetings from Amazon.com
We thought you'd like to know that we have completed your destroy request.
You can track the status of this request by visiting your Seller Account at:
https://sellercentral-europe.amazon.com/
For a complete list of inventory being destroyed, go to:
https://sellercentral-europe.amazon.com/gp/orders/fba-order-details.html?orderID=S02-7696423-7233432
Please note: this email was sent from a notification-only address that
cannot accept incoming e-mail. Please do not reply to this message.
Thank you for using Fulfillment by Amazon.
------------------------------------------------------------------------------
Fulfilment by Amazon – let Amazon pick, pack and ship your orders domestically
and EU wide.
------------------------------------------------------------------------------
Was this e-mail helpful? https://sellercentral.amazon.co.uk/gp/satisfaction/survey-form.html?ie=UTF8&HMDName=NotificationBusEmailHMD&customAttribute1Value=PRODUCT_REMOVAL_ORDER_SHIPPED_NOW
SPC-EUAmazon-1829589036692155",2026-09-15 17:28:58,RETR,xtbBpB1UOmqRuJ29swAA3H
店铺绩效类,older,account_4,weihaizhongxin2024@126.com,"Fri, 28 Aug 2026 15:00:25 +0000","""dg-seller-enrollment@amazon.com"" <dg-seller-enrollment@amazon.com>",[Case ID:21758925371]*Your Help Needed* You’re invited to the Dangerous Goods (Hazmat) Program US,,"96
[Case ID:21758925371]*Your Help Needed* You’re invited to the Dangerous Goods (Hazmat) Program US
 Greetings from Amazon,
This is a friendly reminder that we are still waiting for your feedback on our request to provide the necessary information. Please let us know if we can be of any further assistance.
-- Original Message --
Greetings from Fulfillment by Amazon,
I am an Amazon associate extending an invitation to you, on behalf of our research team for FBA Dangerous Goods (Hazmat) Program US.
Our program research team has identified you as a Seller that is not currently enrolled to our program. You may or may not potentially sell Dangerous Goods (Hazmat) products at this time, however you may be a Seller who would like to grow their business by starting to sell Dangerous Goods (Hazmat) ASIN(s) through Fulfillment By Amazon. Enrollment into the FBA Dangerous Goods Hazmat program allows sellers to continue offering/selling ASIN(s) on Fulfillment by Amazon, that have been reviewed and classified as Dangerous Goods (Hazmat) and are approved for sale through FBA.
What are dangerous goods? Dangerous goods (also called hazardous materials, or hazmat) are substances or materials that ",2026-09-15 17:28:58,RETR,xtbBpA3KsGqRoo1PRQAA3N
店铺绩效类,older,account_4,weihaizhongxin2024@126.com,"Fri, 28 Aug 2026 09:22:31 +0000","""Fulfillment by Amazon (Do not reply)"" <donotreply@amazon.com>",FBA reimbursement notification,,"96
FBA reimbursement notification
 You have a reimbursement activity
 Hello from Fulfillment by Amazon,
We have initiated a reimbursement, a reimbursement reversal, or both due to recent activity on your selling account. No action is required from you.
Reimbursements can be initiated for an issue that you notified us about or one that we identified at a fulfillment center. A reimbursement reversal occurs when a reimbursement decision has been reviewed and changed. Reimbursement amounts are determined in accordance with the FBA inventory reimbursement policy ( https://sellercentral.amazon.com/gp/help/external/200213130 ).
Please note that it may take up to five business days for reimbursement transactions to appear in your seller account.
You can find details on your reimbursement or reversal transaction in the Reimbursements report ( https://sellercentral.amazon.com/reportcentral/REIMBURSEMENTS/0 ) in Seller Central:
- In the Event Date drop-down menu, select a date range and click Generate report . You can use the date in the subject line of this email as a point of reference.
- To identify inventory reimbursements and reversals, see the Quantity reimbursed [inventory] column.
- T",2026-09-15 17:28:58,RETR,xtbBpBnpz2qRU1mHRgAA3r
店铺绩效类,older,account_4,weihaizhongxin2024@126.com,"Fri, 28 Aug 2026 04:53:03 +0000","""Fulfillment by Amazon (Do not reply)"" <donotreply@amazon.com>",FBA reimbursement notification,,"96
FBA reimbursement notification
 You have a reimbursement activity
 Hello from Fulfilment by Amazon,
We have initiated a reimbursement, a reimbursement reversal, or both due to recent activity on your selling account. No action is required from you.
Reimbursements can be initiated for an issue that you notified us about or one that we identified at a fulfilment centre. A reimbursement reversal occurs when a reimbursement decision has been reviewed and changed. Reimbursement amounts are determined in accordance with the FBA inventory reimbursement policy ( https://sellercentral.amazon.co.uk/gp/help/external/200213130 ).
Please note that it may take up to five business days for reimbursement transactions to appear in your seller account.
You can find details on your reimbursement or reversal transaction in the Reimbursements report ( https://sellercentral.amazon.co.uk/reportcentral/REIMBURSEMENTS/0 ) in Seller Central:
- In the Event Date drop-down menu, select a date range and click Generate report . You can use the date in the subject line of this email as a point of reference.
- To identify inventory reimbursements and reversals, see the Quantity reimbursed [inventory] column.
-",2026-09-15 17:28:57,RETR,xtbBpRQR9mqRFDRYuwAA3u
店铺绩效类,older,account_4,weihaizhongxin2024@126.com,"Thu, 27 Aug 2026 05:02:47 +0000","""Fulfillment by Amazon (Do not reply)"" <donotreply@amazon.com>",FBA reimbursement notification,,"96
FBA reimbursement notification
 You have a reimbursement activity
 Hello from Fulfilment by Amazon,
We have initiated a reimbursement, a reimbursement reversal, or both due to recent activity on your selling account. No action is required from you.
Reimbursements can be initiated for an issue that you notified us about or one that we identified at a fulfilment centre. A reimbursement reversal occurs when a reimbursement decision has been reviewed and changed. Reimbursement amounts are determined in accordance with the FBA inventory reimbursement policy ( https://sellercentral.amazon.co.uk/gp/help/external/200213130 ).
Please note that it may take up to five business days for reimbursement transactions to appear in your seller account.
You can find details on your reimbursement or reversal transaction in the Reimbursements report ( https://sellercentral.amazon.co.uk/reportcentral/REIMBURSEMENTS/0 ) in Seller Central:
- In the Event Date drop-down menu, select a date range and click Generate report . You can use the date in the subject line of this email as a point of reference.
- To identify inventory reimbursements and reversals, see the Quantity reimbursed [inventory] column.
-",2026-09-15 17:28:53,RETR,xtbBpRrt02qPxPqJ3gAA3N
店铺绩效类,older,account_4,weihaizhongxin2024@126.com,"Wed, 26 Aug 2026 23:58:41 +0000","""Amazon.com"" <fba-noreply@amazon.com>",Your FBA request is complete (0Bix9UfQE5),,"Greetings from Amazon.com
We thought you'd like to know that we have completed your destroy request.
You can track the status of this request by visiting your Seller Account at:
https://sellercentral-europe.amazon.com/
For a complete list of inventory being destroyed, go to:
https://sellercentral-europe.amazon.com/gp/orders/fba-order-details.html?orderID=S02-5374707-9009810
Please note: this email was sent from a notification-only address that
cannot accept incoming e-mail. Please do not reply to this message.
Thank you for using Fulfillment by Amazon.
------------------------------------------------------------------------------
Fulfilment by Amazon – let Amazon pick, pack and ship your orders domestically
and EU wide.
------------------------------------------------------------------------------
Was this e-mail helpful? https://sellercentral.amazon.co.uk/gp/satisfaction/survey-form.html?ie=UTF8&HMDName=NotificationBusEmailHMD&customAttribute1Value=PRODUCT_REMOVAL_ORDER_SHIPPED_NOW
SPC-EUAmazon-1020348475616097",2026-09-15 17:28:53,RETR,xtbBshQL8GqPfbRd9AAA3Y
店铺绩效类,older,account_4,weihaizhongxin2024@126.com,"Wed, 26 Aug 2026 15:00:02 +0000","""dg-seller-enrollment@amazon.com"" <dg-seller-enrollment@amazon.com>",RE:[CASE 21758925371] You’re invited to the Dangerous Goods (Hazmat) Program US,,"96
RE:[CASE 21758925371] You’re invited to the Dangerous Goods (Hazmat) Program US
Greetings from Fulfillment by Amazon,
I am an Amazon associate extending an invitation to you, on behalf of our research team for FBA Dangerous Goods (Hazmat) Program US.
Our program research team has identified you as a Seller that is not currently enrolled to our program. You may or may not potentially sell Dangerous Goods (Hazmat) products at this time, however you may be a Seller who would like to grow their business by starting to sell Dangerous Goods (Hazmat) ASIN(s) through Fulfillment By Amazon. Enrollment into the FBA Dangerous Goods Hazmat program allows sellers to continue offering/selling ASIN(s) on Fulfillment by Amazon, that have been reviewed and classified as Dangerous Goods (Hazmat) and are approved for sale through FBA.
What are dangerous goods? Dangerous goods (also called hazardous materials, or hazmat) are substances or materials that may pose a risk to health, safety, property, or the environment while storing, handling, or transporting because they contain flammable, pressurized, corrosive, or otherwise harmful substances. This may include many consumer-grade products such as p",2026-09-15 17:28:52,RETR,xtbBpRRbQWqO-3T9awAA3S
店铺绩效类,older,account_4,weihaizhongxin2024@126.com,"Wed, 26 Aug 2026 04:58:09 +0000","""Fulfillment by Amazon (Do not reply)"" <donotreply@amazon.com>",FBA reimbursement notification,,"96
FBA reimbursement notification
 You have a reimbursement activity
 Hello from Fulfilment by Amazon,
We have initiated a reimbursement, a reimbursement reversal, or both due to recent activity on your selling account. No action is required from you.
Reimbursements can be initiated for an issue that you notified us about or one that we identified at a fulfilment centre. A reimbursement reversal occurs when a reimbursement decision has been reviewed and changed. Reimbursement amounts are determined in accordance with the FBA inventory reimbursement policy ( https://sellercentral.amazon.co.uk/gp/help/external/200213130 ).
Please note that it may take up to five business days for reimbursement transactions to appear in your seller account.
You can find details on your reimbursement or reversal transaction in the Reimbursements report ( https://sellercentral.amazon.co.uk/reportcentral/REIMBURSEMENTS/0 ) in Seller Central:
- In the Event Date drop-down menu, select a date range and click Generate report . You can use the date in the subject line of this email as a point of reference.
- To identify inventory reimbursements and reversals, see the Quantity reimbursed [inventory] column.
-",2026-09-15 17:28:43,RETR,xtbBswkF6mqOcqncmgAA3s
店铺绩效类,older,account_4,weihaizhongxin2024@126.com,"Tue, 25 Aug 2026 18:49:27 +0000","""Amazon.com"" <fba-noreply@amazon.com>",Your FBA request is complete (qO7a7il03F),,"Greetings from Amazon.com
We thought you'd like to know that we have completed your destroy request.
You can track the status of this request by visiting your Seller Account at:
https://sellercentral-europe.amazon.com/
For a complete list of inventory being destroyed, go to:
https://sellercentral-europe.amazon.com/gp/orders/fba-order-details.html?orderID=S02-0721908-9822845
Please note: this email was sent from a notification-only address that
cannot accept incoming e-mail. Please do not reply to this message.
Thank you for using Fulfillment by Amazon.
------------------------------------------------------------------------------
Fulfilment by Amazon – let Amazon pick, pack and ship your orders domestically
and EU wide.
------------------------------------------------------------------------------
Was this e-mail helpful? https://sellercentral.amazon.co.uk/gp/satisfaction/survey-form.html?ie=UTF8&HMDName=NotificationBusEmailHMD&customAttribute1Value=PRODUCT_REMOVAL_ORDER_SHIPPED_NOW
SPC-EUAmazon-439806335018069",2026-09-15 17:28:42,RETR,xtbBpBwmDGqN47wPNAAA3R
店铺绩效类,older,account_4,weihaizhongxin2024@126.com,"Tue, 25 Aug 2026 12:33:42 +0000","""Amazon.com"" <fba-noreply@amazon.com>",Your FBA request is complete (aVWN9vWwFe),,"Greetings from Amazon.com
We thought you'd like to know that we have completed your destroy request.
You can track the status of this request by visiting your Seller Account at:
https://sellercentral-europe.amazon.com/
For a complete list of inventory being destroyed, go to:
https://sellercentral-europe.amazon.com/gp/orders/fba-order-details.html?orderID=S02-0641781-2371055
Please note: this email was sent from a notification-only address that
cannot accept incoming e-mail. Please do not reply to this message.
Thank you for using Fulfillment by Amazon.
------------------------------------------------------------------------------
Fulfilment by Amazon – let Amazon pick, pack and ship your orders domestically
and EU wide.
------------------------------------------------------------------------------
Was this e-mail helpful? https://sellercentral.amazon.co.uk/gp/satisfaction/survey-form.html?ie=UTF8&HMDName=NotificationBusEmailHMD&customAttribute1Value=PRODUCT_REMOVAL_ORDER_SHIPPED_NOW
SPC-EUAmazon-2058287453759714",2026-09-15 17:28:41,RETR,xtbBswgL8GqNi6hj3AAA37
店铺绩效类,older,account_4,weihaizhongxin2024@126.com,"Tue, 25 Aug 2026 05:00:58 +0000","""Fulfillment by Amazon (Do not reply)"" <donotreply@amazon.com>",FBA reimbursement notification,,"96
FBA reimbursement notification
 You have a reimbursement activity
 Hello from Fulfilment by Amazon,
We have initiated a reimbursement, a reimbursement reversal, or both due to recent activity on your selling account. No action is required from you.
Reimbursements can be initiated for an issue that you notified us about or one that we identified at a fulfilment centre. A reimbursement reversal occurs when a reimbursement decision has been reviewed and changed. Reimbursement amounts are determined in accordance with the FBA inventory reimbursement policy ( https://sellercentral.amazon.co.uk/gp/help/external/200213130 ).
Please note that it may take up to five business days for reimbursement transactions to appear in your seller account.
You can find details on your reimbursement or reversal transaction in the Reimbursements report ( https://sellercentral.amazon.co.uk/reportcentral/REIMBURSEMENTS/0 ) in Seller Central:
- In the Event Date drop-down menu, select a date range and click Generate report . You can use the date in the subject line of this email as a point of reference.
- To identify inventory reimbursements and reversals, see the Quantity reimbursed [inventory] column.
-",2026-09-15 17:28:39,RETR,xtbBsw9pT2qNIY8FYQAA33
店铺绩效类,older,account_4,weihaizhongxin2024@126.com,"Sun, 23 Aug 2026 14:55:04 +0000",Amazon Services <donotreply@amazon.com>,Balance paid on your Amazon seller account,,"96
Balance paid on your Amazon seller account
 Hello,
 We have charged the credit card registered to your Amazon account for 89.42 USD to settle your seller account balance.
 Please note that the amount charged may be less than the total balance due. If a full payment is not received, we may continue to initiate additional charges, up to once every 24 hours, until the remaining balance is fully paid.
 To pay your outstanding balance at any time, go to your Payments Dashboard , go to Statement View and click Repay Balance .
 To view your payment activity, go to Payments Dashboard .
 For more information, see Making a Payment .
 Thank you for selling on Amazon.
 Amazon Services
 Help us improve your experience on selling on Amazon through this brief survey:
 https://amazonexteu.qualtrics.com/jfe/form/SV_eUKdboEQhg1YpuK?cID=10038096056-202608231349
 Report an issue with this email
 If you have any questions visit: Seller Central
 To change your email preferences visit: Notification Preferences
 Copyright 2026 Amazon, Inc, or its affiliates. All rights reserved.
 Amazon.com, 410 Terry Avenue North, Seattle, WA 98109-5210
 SPC-USAmazon-2058288011913862",2026-09-15 17:28:34,RETR,xtbBswvx12qLCcsezgAA3t
店铺绩效类,older,account_4,weihaizhongxin2024@126.com,"Sun, 23 Aug 2026 14:36:21 +0000","""Amazon.co.uk"" <donotreply@amazon.com>",Balance paid on your Amazon seller account,,"96
Balance paid on your Amazon seller account
 Hello,
 We have charged the credit card registered to your Amazon account for 126.35 GBP to settle your seller account balance.
 Please note that the amount charged may be less than the total balance due. If a full payment is not received, we may continue to initiate additional charges, up to once every 24 hours, until the remaining balance is fully paid.
 To pay your outstanding balance at any time, go to your Payments Dashboard , then go to Statement View and click Repay Balance .
 To view your payment activity, go to Payments Dashboard .
 For more information, see Making a Payment .
 Thank you for selling on Amazon.
 Amazon Services Europe
 Amazon Payments UK Limited, a private company limited by shares, is a company registered in England and Wales (registration number 11049457; VAT number: GB295 7604 60) with its registered office at 1 Principal Place, Worship St, London, EC2A 2FA, United Kingdom. Amazon Payments UK Limited is authorised by the UK Financial Conduct Authority under the Payment Services Regulations 2017 (reference number 799814) for the provision of payment services.
 Report an issue with this email
 If you have any ",2026-09-15 17:28:34,RETR,xtbBpArYvmqLBWrfRwAA3e
店铺绩效类,older,account_4,weihaizhongxin2024@126.com,"Sun, 23 Aug 2026 04:55:13 +0000","""Fulfillment by Amazon (Do not reply)"" <donotreply@amazon.com>",FBA reimbursement notification,,"96
FBA reimbursement notification
 You have a reimbursement activity
 Hello from Fulfilment by Amazon,
We have initiated a reimbursement, a reimbursement reversal, or both due to recent activity on your selling account. No action is required from you.
Reimbursements can be initiated for an issue that you notified us about or one that we identified at a fulfilment centre. A reimbursement reversal occurs when a reimbursement decision has been reviewed and changed. Reimbursement amounts are determined in accordance with the FBA inventory reimbursement policy ( https://sellercentral.amazon.co.uk/gp/help/external/200213130 ).
Please note that it may take up to five business days for reimbursement transactions to appear in your seller account.
You can find details on your reimbursement or reversal transaction in the Reimbursements report ( https://sellercentral.amazon.co.uk/reportcentral/REIMBURSEMENTS/0 ) in Seller Central:
- In the Event Date drop-down menu, select a date range and click Generate report . You can use the date in the subject line of this email as a point of reference.
- To identify inventory reimbursements and reversals, see the Quantity reimbursed [inventory] column.
-",2026-09-15 17:28:33,RETR,xtbBpQC8omqKfYAP3AAA31
店铺绩效类,older,account_4,weihaizhongxin2024@126.com,"Sat, 22 Aug 2026 03:28:54 +0000","""Fulfillment by Amazon (Do not reply)"" <donotreply@amazon.com>",FBA reimbursement notification,,"96
FBA reimbursement notification
 You have a reimbursement activity
 Hello from Fulfilment by Amazon,
We have initiated a reimbursement, a reimbursement reversal, or both due to recent activity on your selling account. No action is required from you.
Reimbursements can be initiated for an issue that you notified us about or one that we identified at a fulfilment centre. A reimbursement reversal occurs when a reimbursement decision has been reviewed and changed. Reimbursement amounts are determined in accordance with the FBA inventory reimbursement policy ( https://sellercentral.amazon.co.uk/gp/help/external/200213130 ).
Please note that it may take up to five business days for reimbursement transactions to appear in your seller account.
You can find details on your reimbursement or reversal transaction in the Reimbursements report ( https://sellercentral.amazon.co.uk/reportcentral/REIMBURSEMENTS/0 ) in Seller Central:
- In the Event Date drop-down menu, select a date range and click Generate report . You can use the date in the subject line of this email as a point of reference.
- To identify inventory reimbursements and reversals, see the Quantity reimbursed [inventory] column.
-",2026-09-15 17:28:18,RETR,xtbBsxngxmqJF3mqIAAA3L
店铺绩效类,older,account_4,weihaizhongxin2024@126.com,"Fri, 21 Aug 2026 16:10:20 +0000",Fulfillment by Amazon Operations <fba-noreply@amazon.com>,Automated unfulfillable FBA inventory removal notification,,"96
 Hello Weihai US,
The following automated unfulfillable FBA removal orders have been created based on your automated settings.
 Removal order ID XOcHJRsQHC
 You can view the removals on Removal Order Details in your seller account by using the Search tool.
The next removal order will be created as scheduled on August 22, 2026 in accordance with your settings if you have unfulfillable inventory at that time.
To make changes to the shipping address, frequency of your automated unfulfillable removals, or other settings, go to Automated unfulfillable removal settings in your seller account.
 Thank you.
The Fulfillment by Amazon team
Please note: This email was sent from a notification-only address that cannot accept incoming email. Please do not reply to this email.
 Report an issue with this email
 If you have any questions visit: Seller Central
 To change your email preferences visit: Notification Preferences
 Copyright 2026 Amazon, Inc, or its affiliates. All rights reserved.
 Amazon.com, 410 Terry Avenue North, Seattle, WA 98109-5210
 SPC-USAmazon-1776813036158592",2026-09-15 17:28:15,RETR,xtbBshD23GqIeHD3dAAA3h
店铺绩效类,older,account_4,weihaizhongxin2024@126.com,"Thu, 20 Aug 2026 15:24:40 +0000",Fulfillment by Amazon Operations <fba-noreply@amazon.com>,Automated unfulfillable FBA inventory removal notification,,"96
 Hello Weihai US,
The following automated unfulfillable FBA removal orders have been created based on your automated settings.
 Removal order ID OTe/t6gOEA
 You can view the removals on Removal Order Details in your seller account by using the Search tool.
The next removal order will be created as scheduled on August 21, 2026 in accordance with your settings if you have unfulfillable inventory at that time.
To make changes to the shipping address, frequency of your automated unfulfillable removals, or other settings, go to Automated unfulfillable removal settings in your seller account.
 Thank you.
The Fulfillment by Amazon team
Please note: This email was sent from a notification-only address that cannot accept incoming email. Please do not reply to this email.
 Report an issue with this email
 If you have any questions visit: Seller Central
 To change your email preferences visit: Notification Preferences
 Copyright 2026 Amazon, Inc, or its affiliates. All rights reserved.
 Amazon.com, 410 Terry Avenue North, Seattle, WA 98109-5210
 SPC-USAmazon-334253779112132",2026-09-15 17:28:09,RETR,xtbBsh2SeGqHHD1SCgAA3R
店铺绩效类,older,account_4,weihaizhongxin2024@126.com,"Thu, 20 Aug 2026 04:58:18 +0000","""Fulfillment by Amazon (Do not reply)"" <donotreply@amazon.com>",FBA reimbursement notification,,"96
FBA reimbursement notification
 You have a reimbursement activity
 Hello from Fulfilment by Amazon,
We have initiated a reimbursement, a reimbursement reversal, or both due to recent activity on your selling account. No action is required from you.
Reimbursements can be initiated for an issue that you notified us about or one that we identified at a fulfilment centre. A reimbursement reversal occurs when a reimbursement decision has been reviewed and changed. Reimbursement amounts are determined in accordance with the FBA inventory reimbursement policy ( https://sellercentral.amazon.co.uk/gp/help/external/200213130 ).
Please note that it may take up to five business days for reimbursement transactions to appear in your seller account.
You can find details on your reimbursement or reversal transaction in the Reimbursements report ( https://sellercentral.amazon.co.uk/reportcentral/REIMBURSEMENTS/0 ) in Seller Central:
- In the Event Date drop-down menu, select a date range and click Generate report . You can use the date in the subject line of this email as a point of reference.
- To identify inventory reimbursements and reversals, see the Quantity reimbursed [inventory] column.
-",2026-09-15 17:28:03,RETR,xtbBpQX942qGwkXYeQAA30
店铺绩效类,older,account_4,weihaizhongxin2024@126.com,"Wed, 19 Aug 2026 16:12:03 +0000",Fulfillment by Amazon Operations <fba-noreply@amazon.com>,Automated unfulfillable FBA inventory removal notification,,"96
 Hello Weihai US,
The following automated unfulfillable FBA removal orders have been created based on your automated settings.
 Removal order ID nUP0JBgWBp
 You can view the removals on Removal Order Details in your seller account by using the Search tool.
The next removal order will be created as scheduled on August 20, 2026 in accordance with your settings if you have unfulfillable inventory at that time.
To make changes to the shipping address, frequency of your automated unfulfillable removals, or other settings, go to Automated unfulfillable removal settings in your seller account.
 Thank you.
The Fulfillment by Amazon team
Please note: This email was sent from a notification-only address that cannot accept incoming email. Please do not reply to this email.
 Report an issue with this email
 If you have any questions visit: Seller Central
 To change your email preferences visit: Notification Preferences
 Copyright 2026 Amazon, Inc, or its affiliates. All rights reserved.
 Amazon.com, 410 Terry Avenue North, Seattle, WA 98109-5210
 SPC-USAmazon-879611541224250",2026-09-15 17:28:02,RETR,xtbBshOrkWqF7dMf1AAA3B
店铺绩效类,older,account_4,weihaizhongxin2024@126.com,"Tue, 18 Aug 2026 05:03:01 +0000","""Fulfillment by Amazon (Do not reply)"" <donotreply@amazon.com>",FBA reimbursement notification,,"96
FBA reimbursement notification
 You have a reimbursement activity
 Hello from Fulfilment by Amazon,
We have initiated a reimbursement, a reimbursement reversal, or both due to recent activity on your selling account. No action is required from you.
Reimbursements can be initiated for an issue that you notified us about or one that we identified at a fulfilment centre. A reimbursement reversal occurs when a reimbursement decision has been reviewed and changed. Reimbursement amounts are determined in accordance with the FBA inventory reimbursement policy ( https://sellercentral.amazon.co.uk/gp/help/external/200213130 ).
Please note that it may take up to five business days for reimbursement transactions to appear in your seller account.
You can find details on your reimbursement or reversal transaction in the Reimbursements report ( https://sellercentral.amazon.co.uk/reportcentral/REIMBURSEMENTS/0 ) in Seller Central:
- In the Event Date drop-down menu, select a date range and click Generate report . You can use the date in the subject line of this email as a point of reference.
- To identify inventory reimbursements and reversals, see the Quantity reimbursed [inventory] column.
-",2026-09-15 17:28:00,RETR,xtbBpQyYfmqD54wvfQAA3f
店铺绩效类,older,account_4,weihaizhongxin2024@126.com,"Mon, 17 Aug 2026 04:53:18 +0000","""Fulfillment by Amazon (Do not reply)"" <donotreply@amazon.com>",FBA reimbursement notification,,"96
FBA reimbursement notification
 You have a reimbursement activity
 Hello from Fulfilment by Amazon,
We have initiated a reimbursement, a reimbursement reversal, or both due to recent activity on your selling account. No action is required from you.
Reimbursements can be initiated for an issue that you notified us about or one that we identified at a fulfilment centre. A reimbursement reversal occurs when a reimbursement decision has been reviewed and changed. Reimbursement amounts are determined in accordance with the FBA inventory reimbursement policy ( https://sellercentral.amazon.co.uk/gp/help/external/200213130 ).
Please note that it may take up to five business days for reimbursement transactions to appear in your seller account.
You can find details on your reimbursement or reversal transaction in the Reimbursements report ( https://sellercentral.amazon.co.uk/reportcentral/REIMBURSEMENTS/0 ) in Seller Central:
- In the Event Date drop-down menu, select a date range and click Generate report . You can use the date in the subject line of this email as a point of reference.
- To identify inventory reimbursements and reversals, see the Quantity reimbursed [inventory] column.
-",2026-09-15 17:27:56,RETR,xtbBsgJQNmqCk8IQiQAA32
付款/资金类,older,account_4,weihaizhongxin2024@126.com,"Tue, 8 Sep 2026 12:29:09 +0000",Amazon Accelerate <no-reply@sell.amazon.com>,Grow your Amazon business this September—$200 off registration,,"[Amazon logo](https://go.amazonsellerservices.com/e/229492/2026-09-03/7z5kmdj/6877034516/h/rztcP4y8gTis_yypujjYm1jG3dK9ZVpI_qeU8WzLMjQ)
[Early-bird ending soon](https://go.amazonsellerservices.com/e/229492/-medium-email-utm-source-email/7z5kmdm/6877034516/h/rztcP4y8gTis_yypujjYm1jG3dK9ZVpI_qeU8WzLMjQ)
Your next growth move starts here
Secure your spot at Accelerate 2026 (September 22–24) in Seattle. Just over two weeks to go!
Register with this limited-time offer: $399 with code FLASH200 at checkout.
Supplies are limited, so don't wait—offer ends September 15.
[Register now](https://go.amazonsellerservices.com/e/229492/-medium-email-utm-source-email/7z5kmdm/6877034516/h/rztcP4y8gTis_yypujjYm1jG3dK9ZVpI_qeU8WzLMjQ)
Here's what's waiting for you:
- 1:1 expert access at Seller Café: Bring your biggest challenge and leave with a game plan. Book a focused 30-minute appointment with an Amazon subject matter expert who understands the details of your business. Last year, 9 in 10 sellers left their appointment satisfied, and this is one of the highest-rated features of the event.
- Sessions built for where you are: 150+ sessions across 11 topics, filtered by experience level so you're alwa",2026-09-15 17:30:07,RETR,xtbBsxiojmqf-5juKQAA3Y
付款/资金类,older,account_4,weihaizhongxin2024@126.com,"Sun, 6 Sep 2026 13:43:26 +0000",Amazon Services <donotreply@amazon.com>,Your payment is on the way,,"96
This title will display on mobile devices
 Congratulations! Your payment is on the way and will arrive soon.
 Disbursement Attempted
Congratulations Weihai US! Your payment is on the way and will arrive within three to five days.
On 09/06/26 13:38 PDT, we initiated a transfer to your payment method (bank account ending in 003) in the amount of $
 35.88.
 If the amount is less than expected, here are a few questions to consider:
 Do you have an unavailable balance? Amazon might be reserving money to cover potential returns, claims, or chargebacks from buyers. If this is the case, the closing balance in your Payment Report will display the unavailable balance that is reserved.
 Did your sales cover all fees and returns for this statement period? The payment amount reflects sales activities, selling fees, and fees for promotions or services. We recommend reviewing your Payment Report under the Reports tab in Seller Central to understand your closing balance.
To learn more about Payment Reports in Seller Central, please visit our official course.
We wish you continued success!
Thank you for selling in the Amazon store,
Amazon Services
 Amazon sellers and Amazon Pay merchants can sig",2026-09-15 17:29:37,RETR,xtbBswCdg2qdbgA5xgAA3L
付款/资金类,older,account_4,weihaizhongxin2024@126.com,"Sat, 5 Sep 2026 14:14:20 +0000","""donotreply@amazon.com"" <donotreply@amazon.com>",✅ Transparency Payment Confirmed!,,"96
 Hello,
Thank you for your purchase! Your payment has been successfully processed. Here is your payment summary:
Invoice Number: 1LH6-Q1GT-XPX4...
Hello,
Thank you for your purchase! Your payment has been successfully processed. Here is your payment summary:
Invoice Number: 1LH6-Q1GT-XPX4
Date: September 5, 2026
Amount Paid: 76.00 USD
Remaining Balance: 0.00 USD
Payment Method: Cash Transfer
You can access all your billing and payments related information by going to your Transactions Dashboard.
 [Link to invoice Dashboard]
 If you see an 'Access Denied' error message when you use the link below and are not able to access the invoice/credit note, then please email transparency-support@amazon.com with your profile link (see instructions below).
 Frequently Asked Questions (FAQ)
 I see 'Access Denied' message after logging into the Transparency Portal, what should I do?
- Please log into your Amazon.com account associated with this email address. If you don't have an account, please create one with this email address.
- Go to https://www.amazon.com/profile.
- Copy the URL that was generated in the search bar. The profile link you need to provide will look similar to this: https://",2026-09-15 17:29:32,RETR,xtbBpQC6oGqcI8BiBwAA3P
付款/资金类,older,account_4,weihaizhongxin2024@126.com,"Sat, 5 Sep 2026 12:11:55 +0000",Amazon Accelerate <no-reply@sell.amazon.com>,"1:1 expert access, new AI tools, and $200 off—register now",,"[Amazon logo](https://go.amazonsellerservices.com/e/229492/2026-09-03/7z5kmcf/6873229782/h/qYVDW02XHhfOyfe1KqLK6R5PsXDPD3YirAthddzc8II)
[Early-bird ending soon](https://go.amazonsellerservices.com/e/229492/-medium-email-utm-source-email/7z5kmcj/6873229782/h/qYVDW02XHhfOyfe1KqLK6R5PsXDPD3YirAthddzc8II)
What's waiting for you at Accelerate
Whether you're looking to sharpen your strategy, interact with new tools, or connect with experts who know your category, Accelerate gives you three days to invest directly in your business. Last year, 4 out of 5 attendees left feeling more confident in growing their business.
Accelerate is just weeks away, September 22–24 in Seattle, and we have a limited-time offer for you: save $200 and register for just $399 with code FLASH200 at checkout.
Supplies are limited, so don't wait—offer ends September 15.
[Register now](https://go.amazonsellerservices.com/e/229492/-medium-email-utm-source-email/7z5kmcj/6873229782/h/qYVDW02XHhfOyfe1KqLK6R5PsXDPD3YirAthddzc8II)
""I got to talk to the actual product managers who build the tools I use every day.""
2025 Attendee
Here's what's waiting for you:
- 1:1 expert access at Seller Café: Bring your biggest challenge ",2026-09-15 17:29:32,RETR,xtbBsg6GbGqcBw7gNQAA38
付款/资金类,older,account_4,weihaizhongxin2024@126.com,"Thu, 3 Sep 2026 15:50:39 +0000",Amazon Accelerate <no-reply@sell.amazon.com>,"A note from Katie Scott: Your spot at Amazon Accelerate 2026 is
 waiting",,"[Amazon logo](https://go.amazonsellerservices.com/e/229492/2026-08-31/7z5hj9l/6869623185/h/t49nmPjAcWA0AwhOnCq47cStxvNE4bo5hge57UVyO-E)
[Partner Connect at Accelerate 2026](https://go.amazonsellerservices.com/e/229492/-medium-email-utm-source-email/7z5hj9p/6869623185/h/t49nmPjAcWA0AwhOnCq47cStxvNE4bo5hge57UVyO-E)
Three weeks out—are you in?
In three weeks, thousands of sellers will fill a room in Seattle to experience the latest innovations firsthand, meet the people building them, and walk out with a plan for the year ahead. I want to see you there.
Join us from September 22 to 24 for Amazon Accelerate 2026. Three days of sessions, one-on-one support, and a community of sellers like you.
[Register now](https://go.amazonsellerservices.com/e/229492/-medium-email-utm-source-email/7z5hj9p/6869623185/h/t49nmPjAcWA0AwhOnCq47cStxvNE4bo5hge57UVyO-E)
[Partner Connect at Accelerate 2026](https://go.amazonsellerservices.com/e/229492/-medium-email-utm-source-email/7z5hj9p/6869623185/h/t49nmPjAcWA0AwhOnCq47cStxvNE4bo5hge57UVyO-E)
- Learn from the people building your tools
From keynotes with Amazon senior leaders to interactive workshops and demos, sessions are built around where you actually ",2026-09-15 17:29:21,RETR,xtbBsxL64GqZl1Kb2QAA3P
付款/资金类,older,account_4,weihaizhongxin2024@126.com,"Thu, 3 Sep 2026 14:51:26 +0000",Amazon Services <donotreply@amazon.com>,Twoja płatność jest już w drodze,,"96
Ten tytuł będzie wyświetlany na urządzeniach mobilnych
 Gratulujemy! Twoja płatność jest już w drodze, a środki powinny wkrótce do Ciebie dotrzeć.
 Próba wypłaty środków
Gratulacje, Weihai EU! Twoja płatność jest już w drodze, a środki powinny do Ciebie dotrzeć w terminie od trzech do pięciu dni.
Dnia 09/03/26 14:51 CEST zainicjowaliśmy przelew na kwotę PLN
 22.85 na konto powiązane z Twoją metodą płatności (rachunek bankowy o ostatnich cyfrach 191).
 Jeśli kwota jest mniejsza niż oczekiwana, oto kilka kwestii do wzięcia pod uwagę:
 Czy Twoje saldo jest niedostępne? Amazon może zatrzymać środki na pokrycie ewentualnych kosztów zwrotów towarów, roszczeń i obciążeń zwrotnych od kupujących. W takim przypadku saldo zamknięcia w raporcie płatności pokaże niedostępne saldo na zarezerwowaną w tym celu kwotę.
 Czy Twoja sprzedaż wystarczyła na pokrycie wszystkich opłat i zwrotów w tym okresie rozliczeniowym? Kwota płatności uwzględnia koszt działań sprzedażowych, opłaty za sprzedaż oraz opłaty za promocje i usługi. Aby lepiej zrozumieć wysokość salda zamknięcia, warto przeanalizować raport płatności, który znajdziesz w Seller Central w karcie „Raporty”.
Więcej o raportach płatności w Se",2026-09-15 17:29:21,RETR,xtbBpRN-ZWqZiXN4hwAA3a
付款/资金类,older,account_4,weihaizhongxin2024@126.com,"Tue, 1 Sep 2026 15:50:35 +0000",The Amazon Services team <donotreply@amazon.com>,Download your China tax report for October - December 2025,,"96
 You can now download your quarterly tax report which includes data such as identity information, number of transactions, revenue, and commission and service fees.
 Hello,
 According to rules for online stores issued by the State Council of China (Decree No. 810) and China State Taxation Administration Public Notice [2025] No.15 (""PN15""), we provide information on China-based sellers to the Chinese tax authority on a quarterly basis.
 Some sellers identified potential data discrepancies with the first quarterly tax report covering October to December 2025. Our team has carefully reviewed all reporting to ensure it accurately reflects your activity in our store, and resubmitted Q4 2025 reports to the Chinese tax authority where necessary.
 We’re re-sending your quarterly China tax report. The links below are active for seven days.
 Download your quarterly report
 This report is provided for your reference only, no action is required.
 We’ve also provided a more granular order-level report that displays your quarterly information by transaction.
 Download your order-level report
 Variation between the data in these reports and your payment and Amazon VAT transactions report is exp",2026-09-15 17:29:11,RETR,xtbBsg+QdmqW9E-5+wAA3e
付款/资金类,older,account_4,weihaizhongxin2024@126.com,"Tue, 1 Sep 2026 15:34:38 +0000",Amazon Accelerate <no-reply@sell.amazon.com>,Three weeks out. Have you registered?,,"[Amazon logo](https://go.amazonsellerservices.com/e/229492/2026-08-31/7z5hj8h/6865258013/h/R4H_C9NHvcjNXDhguSu8h5kLS8rvmJFLgxujNzlVtzg)
[Partner Connect at Accelerate 2026](https://go.amazonsellerservices.com/e/229492/-medium-email-utm-source-email/7z5hj8l/6865258013/h/R4H_C9NHvcjNXDhguSu8h5kLS8rvmJFLgxujNzlVtzg)
Still time left to join us
In three weeks, thousands of sellers will fill a room in Seattle to experience the latest innovations firsthand, meet the people building them, and walk out with a plan for the year ahead. I want to see you there.
Join us from September 22 to 24 for Amazon Accelerate 2026. Three days of sessions, one-on-one support, and a community of sellers like you.
[Register now](https://go.amazonsellerservices.com/e/229492/-medium-email-utm-source-email/7z5hj8l/6865258013/h/R4H_C9NHvcjNXDhguSu8h5kLS8rvmJFLgxujNzlVtzg)
[Partner Connect at Accelerate 2026](https://go.amazonsellerservices.com/e/229492/-medium-email-utm-source-email/7z5hj8l/6865258013/h/R4H_C9NHvcjNXDhguSu8h5kLS8rvmJFLgxujNzlVtzg)
- Learn from the people building your tools
From keynotes with Amazon senior leaders to interactive workshops and demos, sessions are built around where you actually a",2026-09-15 17:29:11,RETR,xtbBpRKghmqW8JLWsQAA3o
付款/资金类,older,account_4,weihaizhongxin2024@126.com,"Tue, 1 Sep 2026 13:47:19 +0000",Amazon Services <donotreply@amazon.com>,Your payment is on the way,,"96
This title will display on mobile devices
 Congratulations! Your payment is on the way and will arrive soon.
 Disbursement attempted
Congratulations Weihai CA! Your payment is on the way and will arrive within three to five days.
On 09/01/26 13:42 EDT, we initiated a transfer to your payment method (bank account ending in 151) in the amount of CAD
 336.97.
 If the amount is less than expected, here are a few questions to consider:
 Do you have an unavailable balance? Amazon might be reserving money to cover potential returns, claims or chargebacks from buyers. If this is the case, the closing balance in your Payment Report will display the unavailable balance that is reserved.
 Did your sales cover all fees and returns for this statement period? The payment amount reflects sales activities, selling fees and fees for promotions or services. We recommend reviewing your Payment Report under the Reports tab in Seller Central to understand your closing balance.
To learn more about Payment Reports in Seller Central, please visit our official course.
We wish you continued success!
Thank you for selling in the Amazon Store,
Amazon Services
Help us improve your payment experience on Amaz",2026-09-15 17:29:10,RETR,xtbBsgtQNmqW12tNawAA35
付款/资金类,older,account_4,weihaizhongxin2024@126.com,"Tue, 1 Sep 2026 13:38:54 +0000",Amazon Services <donotreply@amazon.com>,Tu pago está en camino,,"96
This title will display on mobile devices
 ¡Enhorabuena! El pago está de camino y llegará pronto.
 El pago está en camino
Enhorabuena, Weihai EU. Tu pago está en camino y te llegará en un plazo de tres a cinco días.
El 09/01/26 13:38 WEST, iniciamos una transferencia a tu método de pago (cuenta bancaria terminado en 229) por un importe de €
 464,24.
 Si el importe es inferior a lo esperado, ten en cuenta las siguientes preguntas:
 ¿Tienes saldo no disponible en tu cuenta de vendedor? Puede que hayamos reservado algo de dinero para posibles devoluciones, reclamaciones o reversiones de cargo de clientes. En este caso, el saldo de cierre de tu informe de pagos te mostrará el saldo no disponible en reserva.
 ¿Cubren tus ventas las tarifas de Amazon y las devoluciones del periodo de liquidación? El importe del pago refleja las ventas que has hecho y las tarifas de venta aplicadas tanto a dichas ventas como a cualquier promoción o servicio que hayas utilizado. Te recomendamos que revises tu informe de pagos en ""Informes"" de Seller Central para conocer el saldo de cierre.
Para más información sobre los informes de pagos en Seller Central, visita nuestro curso oficial.
Te deseamos un éx",2026-09-15 17:29:09,RETR,xtbBpRPRt2qW1XMxQAAA37
付款/资金类,older,account_4,weihaizhongxin2024@126.com,"Tue, 1 Sep 2026 13:38:25 +0000",Amazon Services <donotreply@amazon.com>,Your payment is on the way,,"96
This title will display on mobile devices
 Congratulations! Your payment is on the way and will arrive soon.
 Disbursement Attempted
Congratulations Weihai EU! Your payment is on the way and will arrive within three to five days.
On 09/01/26 13:38 CEST, we initiated a transfer to your payment method (bank account ending in 229) in the amount of €
 285.30.
 If the amount is less than expected, here are a few questions to consider:
 Do you have an unavailable balance? Amazon might be reserving money to cover potential returns, claims, or chargebacks from buyers. If this is the case, the closing balance in your Payment Report will display the unavailable balance that is reserved.
 Did your sales cover all fees and returns for this statement period? The payment amount reflects sales activities, selling fees, and fees for promotions or services. We recommend reviewing your Payment Report under the Reports tab in Seller Central to understand your closing balance.
To learn more about Payment Reports in Seller Central, please visit our official course.
We wish you continued success!
Thank you for selling in the Amazon store,
Amazon Services
Help us improve your payment experience on Ama",2026-09-15 17:29:09,RETR,xtbBpBPJr2qW1VM6kQAA3A
付款/资金类,older,account_4,weihaizhongxin2024@126.com,"Tue, 1 Sep 2026 10:39:58 +0000",Amazon Europe <donotreply@amazon.com>,Envía los números de registro de RAP antes del 30 de junio,,"96
 You’ll be enrolled in EPR Pay on Behalf unless you provide valid Extended Producer Responsibility registration numbers by June 30
                                                     ‍͏  ͏  ‍͏  ͏  ‍͏  ͏  ‍͏  ͏  ‍͏  ͏  ‍͏  ͏  ‍͏  ͏  ‍͏  ͏  ‍͏  ͏  ‍͏  ͏  ‍͏  ͏  ‍͏  ͏  ‍͏  ͏  ‍͏  ͏  ‍͏  ͏  ‍͏  ͏  ‍͏  ͏  ‍͏  ͏  ‍͏  ͏  ‍͏  ͏  ‍͏  ͏  ‍͏  ͏  ‍͏  ͏  ‍͏  ͏  ‍͏  ͏  ‍͏  ͏  ‍͏  ͏  ‍͏  ͏  ‍͏  ͏  ‍͏  ͏  ‍͏  ͏  ‍͏  ͏  ‍͏  ͏  ‍͏  ͏  ‍͏  ͏  ‍͏  ͏  ‍͏  ͏  ‍͏  ͏  ‍͏  ͏ ͏‌ ­ ­ ­ ­ ͏‌ ­ ­ ­ ­ ͏‌ ­ ­ ­ ­ ͏‌ ­ ­ ­ ­ ͏‌ ­ ­ ­ ­ ͏‌ ­ ­ ­ ­ ͏‌ ­ ­ ­ ­ ͏‌ ­ ­ ­ ­ ͏‌ ­ ­ ­ ­ ͏‌ ­ ­ ­ ­ ͏‌ ­ ­ ­ ­ ͏‌ ­ ­ ­ ­ ͏‌ ­ ­ ­ ­ ͏‌ ­ ­ ­ ­ ͏‌ ­ ­ ­ ­ ͏‌ ­ ­ ­ ­ ͏‌ ­ ­ ­ ­ ͏‌ ­ ­ ­ ­ ͏‌ ­ ­ ­ ­ ͏‌ ­ ­ ­ ­ ͏‌ ­ ­ ­ ­ ͏‌ ­ ­ ­ ­ ͏‌ ­ ­ ­ ­ ͏‌ ­ ­ ­ ­ ͏‌ ­ ­ ­ ­ ͏‌ ­ ­ ­ ­ ͏‌ ­ ­ ­ ­ ͏‌ ­ ­ ­ ­ ͏‌ ­ ­ ­ ­ ͏‌ ­ ­ ­ ­ ͏‌ ­ ­ ­ ­ ͏‌ ­ ­ ­ ­ ͏‌ ­ ­ ­ ­ ͏‌ ­ ­ ­ ­ ͏‌ ­ ­ ­ ­ ͏‌ ­ ­ ­ ­ ͏‌ ­ ­ ­ ­ ͏‌ ­ ­ ­ ­ ͏‌ ­ ­ ­ ­ ͏‌ ­ ­ ­ ­ ͏‌ ­ ­ ­ ­ ͏‌ ­ ­ ­ ­ ͏‌ ­ ­ ­ ­ ͏‌ ­ ­ ­ ­ ͏‌ ­ ­ ­ ­ ͏‌ ­ ­ ­ ­ ͏‌ ­ ­ ­ ­ ͏‌ ­ ­ ­ ­ ͏‌ ­ ­ ­ ­ ͏‌ ­ ­ ­ ­ ͏‌ ­ ­ ­ ­ ͏‌ ­ ­ ­ ­ ͏‌ ­ ­ ­ ­ ͏‌ ­ ­ ­ ­ ͏‌ ­ ­ ­ ­ ͏‌ ­ ­ ­ ­ ͏‌ ­ ­ ­ ­ ͏‌ ­ ­ ­ ­ ͏‌ ­ ­ ­ ­ ͏‌ ­ ­ ­ ­ ͏‌ ­ ­ ­ ­ ͏‌ ­ ­ ­ ­ ͏‌ ­ ­ ­ ­ ͏‌ ­ ­ ­ ­ ͏‌ ­ ­ ­ ­
 Se te registrará en el pr",2026-09-15 17:29:08,RETR,xtbBpQFLMWqWq4EukgAA30
付款/资金类,older,account_4,weihaizhongxin2024@126.com,"Sat, 29 Aug 2026 10:29:17 +0000",Amazon Accelerate <no-reply@sell.amazon.com>,Early-bird pricing ends this Saturday—Register now,,"[Amazon logo](https://go.amazonsellerservices.com/e/229492/2026-08-26/7z5f1dw/6858839240/h/an0hGAbEsn_GcD7m8vCy3PA0zGSpSHw1r6FwW9L-zGQ)
[Early-bird ending soon](https://go.amazonsellerservices.com/e/229492/-medium-email-utm-source-email/7z5f1dz/6858839240/h/an0hGAbEsn_GcD7m8vCy3PA0zGSpSHw1r6FwW9L-zGQ)
Just hours to go on early-bird pricing
Early-bird pricing ends in 48 hours—and thousands of sellers have already locked in their $499 rate.
Lock in your registration before the price jumps to $599 on August 29.
[Register now](https://go.amazonsellerservices.com/e/229492/-medium-email-utm-source-email/7z5f1dz/6858839240/h/an0hGAbEsn_GcD7m8vCy3PA0zGSpSHw1r6FwW9L-zGQ)
Need more reasons to register? Here are some highlights:
- ​[Limited availability] Seller CaféOne on one expert sessions fill up quickly. Bring your toughest challenge, leave with an action plan.
- ​150+ Sessions Across 11 Tracks
Build a custom schedule tailored to your growth stage, from launch to scale. No two agendas look the same.
- Founder's Table
Intimate 60-minute roundtables with sellers matched by category. One of the highest-rated experiences from 2025, back and expanded.​​
- ​Real strategies from sellers
The Sell",2026-09-15 17:29:03,RETR,xtbBsgGMcmqStIFnPQAA3a
付款/资金类,older,account_4,weihaizhongxin2024@126.com,"Sat, 29 Aug 2026 00:42:21 +0000",Amazon Services <donotreply@amazon.com>,Tu pago está en camino,,"96
This title will display on mobile devices
 ¡Enhorabuena! El pago está de camino y llegará pronto.
 El pago está en camino
Enhorabuena, Weihai EU. Tu pago está en camino y te llegará en un plazo de tres a cinco días.
El 08/29/26 00:42 WEST, iniciamos una transferencia a tu método de pago (cuenta bancaria terminado en 229) por un importe de €
 686,88.
 Si el importe es inferior a lo esperado, ten en cuenta las siguientes preguntas:
 ¿Tienes saldo no disponible en tu cuenta de vendedor? Puede que hayamos reservado algo de dinero para posibles devoluciones, reclamaciones o reversiones de cargo de clientes. En este caso, el saldo de cierre de tu informe de pagos te mostrará el saldo no disponible en reserva.
 ¿Cubren tus ventas las tarifas de Amazon y las devoluciones del periodo de liquidación? El importe del pago refleja las ventas que has hecho y las tarifas de venta aplicadas tanto a dichas ventas como a cualquier promoción o servicio que hayas utilizado. Te recomendamos que revises tu informe de pagos en ""Informes"" de Seller Central para conocer el saldo de cierre.
Para más información sobre los informes de pagos en Seller Central, visita nuestro curso oficial.
Te deseamos un éx",2026-09-15 17:29:00,RETR,xtbBpRIG62qSKvJuQgAA3W
付款/资金类,older,account_4,weihaizhongxin2024@126.com,"Sat, 29 Aug 2026 00:41:47 +0000",Amazon Services <donotreply@amazon.com>,Your payment is on the way,,"96
This title will display on mobile devices
 Congratulations! Your payment is on the way and will arrive soon.
 Disbursement Attempted
Congratulations Weihai EU! Your payment is on the way and will arrive within three to five days.
On 08/29/26 00:41 BST, we initiated a transfer to your payment method (bank account ending in 191) in the amount of £
 375.84.
 If the amount is less than expected, here are a few questions to consider:
 Do you have an unavailable balance? Amazon might be reserving money to cover potential returns, claims or chargebacks from buyers. If this is the case, the closing balance in your Payment Report will display the unavailable balance that is reserved.
 Did your sales cover all fees and returns for this statement period? The payment amount reflects sales activities, selling fees and fees for promotions or services. We recommend reviewing your Payment Report under the Reports tab in Seller Central to understand your closing balance.
To find out more about Payment Reports in Seller Central, please visit our official course.
We wish you continued success!
Thank you for selling in the Amazon store,
Amazon Services
Help us improve your payment experience on Ama",2026-09-15 17:29:00,RETR,xtbBpRD942qSKtBtjwAA3L
付款/资金类,older,account_4,weihaizhongxin2024@126.com,"Thu, 27 Aug 2026 10:23:35 +0000",Amazon Accelerate <no-reply@sell.amazon.com>,"Final Call: Early-bird pricing ends this Saturday, 8/29—Register now",,"[Amazon logo](https://go.amazonsellerservices.com/e/229492/2026-08-25/7z5dp4h/6853578557/h/fMcSGqjdqgEDoIsJN08zOUUgHxkKkP49uaYlySvIDk8)
[Early-bird ending soon](https://go.amazonsellerservices.com/e/229492/-medium-email-utm-source-email/7z5dp4l/6853578557/h/fMcSGqjdqgEDoIsJN08zOUUgHxkKkP49uaYlySvIDk8)
Your last week to save
​​This is your last week to save on Amazon Accelerate 2026. We extended it by popular demand, but early-bird pricing ends this Saturday.
Lock in your $100 savings before the price jumps to $599 on August 29.
[Register now](https://go.amazonsellerservices.com/e/229492/-medium-email-utm-source-email/7z5dp4l/6853578557/h/fMcSGqjdqgEDoIsJN08zOUUgHxkKkP49uaYlySvIDk8)
​​​""Every year, Accelerate continues to improve. This is the main event all sellers should attend.""
2025 attendee
Here's what registering gives you access to:
- ​[Limited availability] Seller CaféOne on one expert sessions fill up quickly. Bring your toughest challenge, leave with an action plan.
- ​150+ Sessions Across 11 Tracks
Build a custom schedule tailored to your growth stage, from launch to scale. No two agendas look the same.
- Founder's Table
Intimate 60-minute roundtables with sellers matched ",2026-09-15 17:28:56,RETR,xtbBsgrMsmqQECpJgQAA3O
付款/资金类,older,account_4,weihaizhongxin2024@126.com,"Wed, 26 Aug 2026 12:33:59 +0000",Amazon Accelerate <no-reply@sell.amazon.com>,Sellers called this one of the highlights of Accelerate,,"[Amazon logo](https://go.amazonsellerservices.com/e/229492/2026-08-24/7z5dhr3/6851676170/h/Wjp-bmbnJMm0YNVflBOldr6STH8h5YJsrXHhgAzeKUo)
[Partner Connect at Accelerate 2026](https://go.amazonsellerservices.com/e/229492/-medium-email-utm-source-email/7z5dhr6/6851676170/h/Wjp-bmbnJMm0YNVflBOldr6STH8h5YJsrXHhgAzeKUo)
Unwind. Connect. Celebrate what you're building.
Early-bird pricing ends this Saturday (Aug. 29), this is your final opportunity to save $100!
The sessions will teach you plenty. The Block Party is where you will celebrate.
On Wednesday evening, September 23 from 6 p.m. to 9 p.m. Pacific Time, we are throwing open the doors to two Seattle icons for a night to remember at Amazon Accelerate 2026.
[Register now](https://go.amazonsellerservices.com/e/229492/-medium-email-utm-source-email/7z5dhr6/6851676170/h/Wjp-bmbnJMm0YNVflBOldr6STH8h5YJsrXHhgAzeKUo)
“The event space and atmosphere, especially the evening networking at the Space Needle, were absolutely top-notch.”
2025 attendee
This is what's waiting for you
[An image showcasing the key elements of a product listing page.](https://go.amazonsellerservices.com/e/229492/shorts-f7YEeTDtIOY/7z5dhr9/6851676170/h/Wjp-bmbnJMm0YNVflB",2026-09-15 17:28:51,RETR,xtbBpBvDqWqO3TtDmAAA3M
付款/资金类,older,account_4,weihaizhongxin2024@126.com,"Tue, 25 Aug 2026 12:24:04 +0000","""donotreply@amazon.com"" <donotreply@amazon.com>",✅ Transparency Payment Confirmed!,,"96
 Hello,
Thank you for your purchase! Your payment has been successfully processed. Here is your payment summary:
Invoice Number: 17XL-Y1CQ-Y617...
Hello,
Thank you for your purchase! Your payment has been successfully processed. Here is your payment summary:
Invoice Number: 17XL-Y1CQ-Y617
Date: August 25, 2026
Amount Paid: 631.05 USD
Remaining Balance: 0.00 USD
Payment Method: Cash Transfer
You can access all your billing and payments related information by going to your Transactions Dashboard.
 [Link to invoice Dashboard]
 If you see an 'Access Denied' error message when you use the link below and are not able to access the invoice/credit note, then please email transparency-support@amazon.com with your profile link (see instructions below).
 Frequently Asked Questions (FAQ)
 I see 'Access Denied' message after logging into the Transparency Portal, what should I do?
- Please log into your Amazon.com account associated with this email address. If you don't have an account, please create one with this email address.
- Go to https://www.amazon.com/profile.
- Copy the URL that was generated in the search bar. The profile link you need to provide will look similar to this: https://w",2026-09-15 17:28:41,RETR,xtbBswh6YGqNiWhYmgAA3l
付款/资金类,older,account_4,weihaizhongxin2024@126.com,"Mon, 24 Aug 2026 12:38:26 +0000",Amazon Accelerate <no-reply@sell.amazon.com>,Early-bird pricing ends August 29. Save $100 now,,"[Amazon logo](https://go.amazonsellerservices.com/e/229492/2026-08-19/7z596lw/6847886297/h/fajszjfN78xb3oKGP7qMLJQXUM-VqKc8irnBicIIs-Y)
[Early-bird ending soon](https://go.amazonsellerservices.com/e/229492/-medium-email-utm-source-email/7z596lz/6847886297/h/fajszjfN78xb3oKGP7qMLJQXUM-VqKc8irnBicIIs-Y)
Your last window to save $100
Join us in Seattle from September 22 to 24—three days where real problems get addressed, connections get made, and you leave with a plan.
Final week to save: Lock in your $100 savings before the price jumps to $599 on August 29.
[Register now](https://go.amazonsellerservices.com/e/229492/-medium-email-utm-source-email/7z596lz/6847886297/h/fajszjfN78xb3oKGP7qMLJQXUM-VqKc8irnBicIIs-Y)
Here's what registering gives you access to:
- ​​​150+ sessions across 11 topicsBuild your own schedule with sessions designed for every stage of growth.​​
- ​​​Seller Café appointmentFocused 30-minute one-to-one with an Amazon expert. Bring your toughest challenge, leave with an action plan. Spots are filling up fast.​​
- Partner ConnectBrowse 70+ Amazon-vetted service providers across advertising, logistics, fulfillment, and more. No pitch decks, just real conversations.​​
-",2026-09-15 17:28:38,RETR,xtbBswWdg2qMO0VszwAA3T
付款/资金类,older,account_4,weihaizhongxin2024@126.com,"Sat, 22 Aug 2026 17:14:31 +0000",Amazon Services <donotreply@amazon.com>,Tu pago está en camino,,"96
This title will display on mobile devices
 ¡Enhorabuena! El pago está de camino y llegará pronto.
 El pago está en camino
Enhorabuena, Weihai EU. Tu pago está en camino y te llegará en un plazo de tres a cinco días.
El 08/22/26 17:14 WEST, iniciamos una transferencia a tu método de pago (cuenta bancaria terminado en 229) por un importe de €
 646,15.
 Si el importe es inferior a lo esperado, ten en cuenta las siguientes preguntas:
 ¿Tienes saldo no disponible en tu cuenta de vendedor? Puede que hayamos reservado algo de dinero para posibles devoluciones, reclamaciones o reversiones de cargo de clientes. En este caso, el saldo de cierre de tu informe de pagos te mostrará el saldo no disponible en reserva.
 ¿Cubren tus ventas las tarifas de Amazon y las devoluciones del periodo de liquidación? El importe del pago refleja las ventas que has hecho y las tarifas de venta aplicadas tanto a dichas ventas como a cualquier promoción o servicio que hayas utilizado. Te recomendamos que revises tu informe de pagos en ""Informes"" de Seller Central para conocer el saldo de cierre.
Para más información sobre los informes de pagos en Seller Central, visita nuestro curso oficial.
Te deseamos un éx",2026-09-15 17:28:23,RETR,xtbBsxtxV2qJ2PszLAAA3R
付款/资金类,older,account_4,weihaizhongxin2024@126.com,"Sat, 22 Aug 2026 17:14:20 +0000",Amazon Services <donotreply@amazon.com>,Your payment is on the way,,"96
This title will display on mobile devices
 Congratulations! Your payment is on the way and will arrive soon.
 Disbursement Attempted
Congratulations Weihai EU! Your payment is on the way and will arrive within three to five days.
On 08/22/26 17:14 CEST, we initiated a transfer to your payment method (bank account ending in 229) in the amount of €
 397.48.
 If the amount is less than expected, here are a few questions to consider:
 Do you have an unavailable balance? Amazon might be reserving money to cover potential returns, claims, or chargebacks from buyers. If this is the case, the closing balance in your Payment Report will display the unavailable balance that is reserved.
 Did your sales cover all fees and returns for this statement period? The payment amount reflects sales activities, selling fees, and fees for promotions or services. We recommend reviewing your Payment Report under the Reports tab in Seller Central to understand your closing balance.
To learn more about Payment Reports in Seller Central, please visit our official course.
We wish you continued success!
Thank you for selling in the Amazon store,
Amazon Services
Help us improve your payment experience on Ama",2026-09-15 17:28:22,RETR,xtbBpRFvVWqJ2PH2GgAA3o
付款/资金类,older,account_4,weihaizhongxin2024@126.com,"Sat, 22 Aug 2026 12:13:14 +0000",Amazon Accelerate <no-reply@sell.amazon.com>,"Early-bird pricing ends Saturday, Aug. 29—Save $100 before it's full price",,"[Amazon logo](https://go.amazonsellerservices.com/e/229492/2026-08-19/7z596mz/6845766770/h/4MOe7WIB0iKog9ZJ2gooAw5JI3-zJ2xmrM13S4lZjTw)
[Early-bird ending soon](https://go.amazonsellerservices.com/e/229492/-medium-email-utm-source-email/7z596n3/6845766770/h/4MOe7WIB0iKog9ZJ2gooAw5JI3-zJ2xmrM13S4lZjTw)
Early-bird pricing ends soon
​​​​​​Back by popular demand, we've extended early-bird pricing one last time. Join us in Seattle from September 22 to 24—registered attendees are already building their schedules, booking Seller Café appointments, and reserving spots at Founder's Table.
Lock in your $100 savings before the price jumps to $599 on August 29.
[Register now](https://go.amazonsellerservices.com/e/229492/-medium-email-utm-source-email/7z596n3/6845766770/h/4MOe7WIB0iKog9ZJ2gooAw5JI3-zJ2xmrM13S4lZjTw)
​​​""My biggest mistake was not attending all those years prior. There is unmeasurable value on many fronts to attending this conference.""
2025 Attendee
Here's what registering gives you access to:
- ​​​150+ sessions across 11 topicsBuild your own schedule with sessions designed for every stage of growth.​​
- ​​​Seller Café appointmentFocused 30-minute one-to-one with an Amazon exper",2026-09-15 17:28:20,RETR,xtbBsh64nmqJkl6bxgAA34
付款/资金类,older,account_4,weihaizhongxin2024@126.com,"Fri, 21 Aug 2026 10:16:19 +0000",Amazon Accelerate <no-reply@sell.amazon.com>,"The fireside chat we teased is here. Early-bird pricing ends next
 week.",,"[Amazon logo](https://go.amazonsellerservices.com/e/229492/2026-08-17/7z58bwt/6843878552/h/i5ZL7d6_GwNwKOo6-EVWTgdYbnnn0rhnWQ2kP-UgsCs)
[Partner Connect at Accelerate 2026](https://go.amazonsellerservices.com/e/229492/-medium-email-utm-source-email/7z58bwx/6843878552/h/i5ZL7d6_GwNwKOo6-EVWTgdYbnnn0rhnWQ2kP-UgsCs)
A candid conversation on what’s next for selling on Amazon
Mary Beth Westmoreland will be sitting down with Amit Agarwal, Senior Vice President of International Stores and Selling Partner Services, for a candid fireside chat about where selling on Amazon is headed. They’ll talk about how Amazon is investing to help you operate with ease, grow sales, and make money, the three things this conference is built around.
Early-bird pricing ends August 29—don't miss your last chance to save!
[Register now](https://go.amazonsellerservices.com/e/229492/-medium-email-utm-source-email/7z58bwx/6843878552/h/i5ZL7d6_GwNwKOo6-EVWTgdYbnnn0rhnWQ2kP-UgsCs)
Join us from September 22 to 24 in Seattle for:
- A candid fireside chat with Amit Agarwal and Mary Beth Westmoreland.
- One-on-one expert guidance at Seller Café (50+ categories).
- 150+ sessions across 11 breakout topics.
- 70+ programs ",2026-09-15 17:28:14,RETR,xtbBpRcjCWqIJXckUAAA3c
付款/资金类,older,account_4,weihaizhongxin2024@126.com,"Thu, 20 Aug 2026 16:05:40 +0000",Amazon Services <donotreply@amazon.com>,Your payment is on the way,,"96
This title will display on mobile devices
 Congratulations! Your payment is on the way and will arrive soon.
 Disbursement attempted
Congratulations Weihai CA! Your payment is on the way and will arrive within three to five days.
On 08/20/26 16:05 EDT, we initiated a transfer to your payment method (bank account ending in 151) in the amount of CAD
 420.18.
 If the amount is less than expected, here are a few questions to consider:
 Do you have an unavailable balance? Amazon might be reserving money to cover potential returns, claims or chargebacks from buyers. If this is the case, the closing balance in your Payment Report will display the unavailable balance that is reserved.
 Did your sales cover all fees and returns for this statement period? The payment amount reflects sales activities, selling fees and fees for promotions or services. We recommend reviewing your Payment Report under the Reports tab in Seller Central to understand your closing balance.
To learn more about Payment Reports in Seller Central, please visit our official course.
We wish you continued success!
Thank you for selling in the Amazon Store,
Amazon Services
Help us improve your payment experience on Amaz",2026-09-15 17:28:11,RETR,xtbBshj74WqHJdiC6wAA3J
付款/资金类,older,account_4,weihaizhongxin2024@126.com,"Thu, 20 Aug 2026 16:03:47 +0000",Amazon Services <donotreply@amazon.com>,Tu pago está en camino,,"96
This title will display on mobile devices
 ¡Enhorabuena! El pago está de camino y llegará pronto.
 El pago está en camino
Enhorabuena, Weihai EU. Tu pago está en camino y te llegará en un plazo de tres a cinco días.
El 08/20/26 16:03 WEST, iniciamos una transferencia a tu método de pago (cuenta bancaria terminado en 229) por un importe de €
 1.195,03.
 Si el importe es inferior a lo esperado, ten en cuenta las siguientes preguntas:
 ¿Tienes saldo no disponible en tu cuenta de vendedor? Puede que hayamos reservado algo de dinero para posibles devoluciones, reclamaciones o reversiones de cargo de clientes. En este caso, el saldo de cierre de tu informe de pagos te mostrará el saldo no disponible en reserva.
 ¿Cubren tus ventas las tarifas de Amazon y las devoluciones del periodo de liquidación? El importe del pago refleja las ventas que has hecho y las tarifas de venta aplicadas tanto a dichas ventas como a cualquier promoción o servicio que hayas utilizado. Te recomendamos que revises tu informe de pagos en ""Informes"" de Seller Central para conocer el saldo de cierre.
Para más información sobre los informes de pagos en Seller Central, visita nuestro curso oficial.
Te deseamos un ",2026-09-15 17:28:10,RETR,xtbBsgrfxWqHJWqACwAA3L
付款/资金类,older,account_4,weihaizhongxin2024@126.com,"Thu, 20 Aug 2026 16:03:34 +0000",Amazon Services <donotreply@amazon.com>,Your payment is on the way,,"96
This title will display on mobile devices
 Congratulations! Your payment is on the way and will arrive soon.
 Disbursement Attempted
Congratulations Weihai EU! Your payment is on the way and will arrive within three to five days.
On 08/20/26 16:03 CEST, we initiated a transfer to your payment method (bank account ending in 229) in the amount of €
 1042.32.
 If the amount is less than expected, here are a few questions to consider:
 Do you have an unavailable balance? Amazon might be reserving money to cover potential returns, claims, or chargebacks from buyers. If this is the case, the closing balance in your Payment Report will display the unavailable balance that is reserved.
 Did your sales cover all fees and returns for this statement period? The payment amount reflects sales activities, selling fees, and fees for promotions or services. We recommend reviewing your Payment Report under the Reports tab in Seller Central to understand your closing balance.
To learn more about Payment Reports in Seller Central, please visit our official course.
We wish you continued success!
Thank you for selling in the Amazon store,
Amazon Services
Help us improve your payment experience on Am",2026-09-15 17:28:10,RETR,xtbBpBvbwWqHJVtdCAAA3j
付款/资金类,older,account_4,weihaizhongxin2024@126.com,"Thu, 20 Aug 2026 12:23:03 +0000",Amazon Accelerate <no-reply@sell.amazon.com>,You're exactly who Accelerate was designed for,,"[Amazon logo](https://go.amazonsellerservices.com/e/229492/2026-08-18/7z58zcm/6842423531/h/zqV8R_k6k7yKhqDq4dX1yXmefn5JIN40lXum5Y6M4KM)
[Your next level starts here](https://go.amazonsellerservices.com/e/229492/-medium-email-utm-source-email/7z58zcq/6842423531/h/zqV8R_k6k7yKhqDq4dX1yXmefn5JIN40lXum5Y6M4KM)
Built for every stage
Amazon ​Accelerate is meant for sellers at every level and all stages of growth, from your first sale to your ten-thousandth. Last year, 4 out of 5 attendees left feeling more confident in growing their business. ​
From September 22 to 24 in Seattle, Accelerate brings you sessions, networking, and 1:1 expert access designed to meet you where you are.
Early-bird pricing is ending next week—this is your final chance to save $100!
[Register now](https://go.amazonsellerservices.com/e/229492/-medium-email-utm-source-email/7z58zcq/6842423531/h/zqV8R_k6k7yKhqDq4dX1yXmefn5JIN40lXum5Y6M4KM)
Here's what's waiting for you:
- Seller Café
Connect with Amazon subject matter experts across 50+ appointment categories for a focused, 30-minute session tailored to your business needs. Almost 9 in 10 sellers left their Seller Café appointment satisfied, and this is one of the h",2026-09-15 17:28:08,RETR,xtbBpQniyGqG8akm1gAA3C
付款/资金类,older,account_4,weihaizhongxin2024@126.com,"Tue, 18 Aug 2026 12:13:14 +0000",Amazon Accelerate <no-reply@sell.amazon.com>,"Live at Accelerate 2026: Mary Beth Westmoreland and Amit Agarwal
 fireside chat",,"[Amazon logo](https://go.amazonsellerservices.com/e/229492/2026-08-17/7z58bxx/6837257199/h/ROTGYDonH0Pvpb92J9CZAGdoz2-iazjSlqoOkDG1azg)
[Partner Connect at Accelerate 2026](https://go.amazonsellerservices.com/e/229492/-medium-email-utm-source-email/7z58by1/6837257199/h/ROTGYDonH0Pvpb92J9CZAGdoz2-iazjSlqoOkDG1azg)
Fireside chat with Mary Beth Westmoreland and Amit Agarwal
Mary Beth Westmoreland will be sitting down with Amit Agarwal, Senior Vice President of International Stores and Selling Partner Services, for a candid fireside chat about where selling on Amazon is headed. They’ll talk about how Amazon is investing to help you operate with ease, grow sales, and make money, the three things this conference is built around.
Early-bird pricing ends next week—don't miss your last chance to save!
[Register now](https://go.amazonsellerservices.com/e/229492/-medium-email-utm-source-email/7z58by1/6837257199/h/ROTGYDonH0Pvpb92J9CZAGdoz2-iazjSlqoOkDG1azg)
[Partner Connect at Accelerate 2026](https://go.amazonsellerservices.com/e/229492/-medium-email-utm-source-email/7z58by1/6837257199/h/ROTGYDonH0Pvpb92J9CZAGdoz2-iazjSlqoOkDG1azg)
""A few weeks ago, I shared that we were planning something s",2026-09-15 17:28:01,RETR,xtbBpB3ly2qETF0sNQAA3x
付款/资金类,older,account_4,weihaizhongxin2024@126.com,"Mon, 17 Aug 2026 18:27:13 +0000",Amazon Services <donotreply@amazon.com>,Tu pago está en camino,,"96
This title will display on mobile devices
 ¡Enhorabuena! El pago está de camino y llegará pronto.
 El pago está en camino
Enhorabuena, Weihai EU. Tu pago está en camino y te llegará en un plazo de tres a cinco días.
El 08/17/26 18:26 WEST, iniciamos una transferencia a tu método de pago (cuenta bancaria terminado en 229) por un importe de €
 765,30.
 Si el importe es inferior a lo esperado, ten en cuenta las siguientes preguntas:
 ¿Tienes saldo no disponible en tu cuenta de vendedor? Puede que hayamos reservado algo de dinero para posibles devoluciones, reclamaciones o reversiones de cargo de clientes. En este caso, el saldo de cierre de tu informe de pagos te mostrará el saldo no disponible en reserva.
 ¿Cubren tus ventas las tarifas de Amazon y las devoluciones del periodo de liquidación? El importe del pago refleja las ventas que has hecho y las tarifas de venta aplicadas tanto a dichas ventas como a cualquier promoción o servicio que hayas utilizado. Te recomendamos que revises tu informe de pagos en ""Informes"" de Seller Central para conocer el saldo de cierre.
Para más información sobre los informes de pagos en Seller Central, visita nuestro curso oficial.
Te deseamos un éx",2026-09-15 17:27:58,RETR,xtbBpQgyGGqDUojLBgAA35
付款/资金类,older,account_4,weihaizhongxin2024@126.com,"Mon, 17 Aug 2026 18:26:45 +0000",Amazon Services <donotreply@amazon.com>,Your payment is on the way,,"96
This title will display on mobile devices
 Congratulations! Your payment is on the way and will arrive soon.
 Disbursement Attempted
Congratulations Weihai EU! Your payment is on the way and will arrive within three to five days.
On 08/17/26 18:26 CEST, we initiated a transfer to your payment method (bank account ending in 229) in the amount of €
 712.69.
 If the amount is less than expected, here are a few questions to consider:
 Do you have an unavailable balance? Amazon might be reserving money to cover potential returns, claims, or chargebacks from buyers. If this is the case, the closing balance in your Payment Report will display the unavailable balance that is reserved.
 Did your sales cover all fees and returns for this statement period? The payment amount reflects sales activities, selling fees, and fees for promotions or services. We recommend reviewing your Payment Report under the Reports tab in Seller Central to understand your closing balance.
To learn more about Payment Reports in Seller Central, please visit our official course.
We wish you continued success!
Thank you for selling in the Amazon store,
Amazon Services
Help us improve your payment experience on Ama",2026-09-15 17:27:57,RETR,xtbBswkqEGqDUmmsKAAA3W
产品链接/合规类,older,account_4,weihaizhongxin2024@126.com,"Tue, 8 Sep 2026 08:06:37 +0000",Amazon Services <donotreply@amazon.com>,Submit product safety documentation to reactivate listings,,"96
 Submit product safety documentation to reactivate listings
 Hello Weihai EU,
 Some of your listings have been deactivated due to missing mandatory compliance requirements for your products. Review the details and next steps below. The affected listings are shown at the end of this email.
 Why is this happening?
 We are taking this action because these products are missing mandatory compliance information. Review our Product safety and compliance help page for information on applicable laws, regulations and Amazon policies. We leveraged a combination of automated means and expert human review to identify this issue and make this decision.
 The table at the end of this email provides product-specific compliance requirements.
 How do I reactivate my listing?
 To provide the required compliance information, go to your Account Health page and locate the product compliance requests:
-
 If you have the required documentation, follow the instructions to submit your compliance documents. We will only reinstate products that fulfil the compliance requirements.
-
 If you believe that your products are exempt from these requirements, submit documentation demonstrating why they are not subj",2026-09-15 17:30:06,RETR,xtbBsg82HGqfwg8k4wAA3o
产品链接/合规类,older,account_4,weihaizhongxin2024@126.com,"Mon, 7 Sep 2026 17:08:09 +0000",Amazon Services <donotreply@amazon.com>,Submit product safety documentation to reactivate listings,,"96
 Submit product safety documentation to reactivate listings
 Hello Weihai US,
 Some of your listings have been deactivated due to missing mandatory compliance requirements for your products. Review the details and next steps below. The affected listings are shown at the end of this email.
 Why is this happening?
 We are taking this action because these products are missing mandatory compliance information. Review our Product safety and compliance help page for information on applicable laws, regulations, and Amazon policies. We leveraged a combination of automated means and expert human review to identify this issue and make this decision.
 The table at the end of this email provides product-specific compliance requirements.
 How do I reactivate my listings?
 To provide the required compliance information, go to your Account Health page and locate the product compliance requests:
-
 If you have the required documentation, follow the instructions to submit your compliance documents. We will only reinstate products that fulfill the compliance requirements.
-
 If you believe your products are exempt from these requirements, submit documentation demonstrating why they are not subjec",2026-09-15 17:30:03,RETR,xtbBpB1dQ2qe731oXwAA32
产品链接/合规类,older,account_4,weihaizhongxin2024@126.com,"Sun, 6 Sep 2026 18:07:40 +0000",Amazon Services <donotreply@amazon.com>,Submit product safety documentation to reactivate listings,,"96
 Submit product safety documentation to reactivate listings
 Hello Weihai CA,
 Some of your listings have been deactivated due to missing mandatory compliance requirements for your products. Review the details and next steps below. The affected listings are shown at the end of this email.
 Why is this happening?
 We are taking this action because these products are missing mandatory compliance information. Review our Product safety and compliance help page for information on applicable laws, regulations and Amazon policies. We leveraged a combination of automated means and expert human review to identify this issue and make this decision.
 The table at the end of this email provides product-specific compliance requirements.
 How do I reactivate my listings?
 To provide the required compliance information, go to your Account Health page and locate the product compliance requests:
-
 If you have the required documentation, follow the instructions to submit your compliance documents. We will only reinstate products that fulfil the compliance requirements.
-
 If you believe your products are exempt from these requirements, submit documentation demonstrating why they are not subject ",2026-09-15 17:29:43,RETR,xtbBpBA5H2qdrDD1DQAA3B
产品链接/合规类,older,account_4,weihaizhongxin2024@126.com,"Sun, 6 Sep 2026 18:06:40 +0000",Amazon Services <donotreply@amazon.com>,Submit product safety documentation to avoid listing deactivation,,"96
 Hello Weihai EU,
 Some of your listings are at risk of deactivation due to missing mandatory compliance requirements for your products. Review the details and next steps below. The affected listings are shown at the end of this email.
 Why is this happening?
 We are taking this action because these products are missing mandatory compliance information. Review our Product safety and compliance help page for information on applicable laws, regulations and Amazon policies.
 The table at the end of this email provides product-specific compliance requirements.
 How do I reactivate my listing?
 To provide the required compliance information, go to your Account Health page and locate the product compliance requests:
-
 If you have the required documentation, follow the instructions to submit your compliance documents.
-
 If you believe that your products are exempt from these requirements, submit documentation demonstrating why they are not subject to these compliance requirements.
 For step-by-step instructions, see our Submit compliance documents or appeal a documentation request help page.
 To avoid further impact on your account, close or delete any non-compliant listings that you",2026-09-15 17:29:42,RETR,xtbBpRMZ-mqdq7PkcgAA3o
产品链接/合规类,older,account_4,weihaizhongxin2024@126.com,"Sun, 6 Sep 2026 17:40:10 +0000",Amazon Seller Central <donotreply@amazon.com>,Your VAT invoice for EPR Pay on Behalf charges for Amazon.fr sales,,"Votre facture pour les frais de paiement au titre de la REP pour les ventes sur Amazon.fr |
Your VAT invoice for EPR Pay on Behalf charges for Amazon.fr sales
 96
 Bonjour,
Votre facture pour couvrant les frais de paiement au titre de la Responsabilité élargie du producteur (REP) pour les ventes sur Amazon.fr est désormais disponible.
La facture comprend (1) les frais d’éco-contribution qu’Amazon a payé en votre nom pour les ventes de produits soumis à des obligations REP sur Amazon.fr au cours de la période de référence applicable et (2) les frais de service REP Nous payons en votre nom, pour les catégories de REP spécifiées dans le résumé au niveau de la catégorie et dans le résumé au niveau de l’ASIN.
Pour accéder à votre facture REP Nous Payons en votre nom , ouvrez la pièce jointe de cet e-mail ou accédez à la section Factures des frais du vendeur et recherchez « REP Nous payons en votre nom » dans la colonne « Type de facture ».
Pour afficher un résumé au niveau de la catégorie des frais facturés, des périodes de déclaration applicables et des catégories REP, accédez à la section Affichage des transactions avec les frais de service comme type de transaction, et recherchez « R",2026-09-15 17:29:41,RETR,xtbBsx2KcGqdpX00qAAA3n
产品链接/合规类,older,account_4,weihaizhongxin2024@126.com,"Sun, 6 Sep 2026 17:07:27 +0000",Amazon Services <donotreply@amazon.com>,Submit product safety documentation to avoid listing deactivation,,"96
 Hello Weihai EU,
 Some of your listings are at risk of deactivation due to missing mandatory compliance requirements for your products. Review the details and next steps below. The affected listings are shown at the end of this email.
 Why is this happening?
 We are taking this action because these products are missing mandatory compliance information. Review our Product safety and compliance help page for information on applicable laws, regulations, and Amazon policies.
 The table at the end of this email provides product-specific compliance requirements.
 How do I reactivate my listings?
 To provide the required compliance information, go to your Account Health page and locate the product compliance requests:
-
 If you have the required documentation, follow the instructions to submit your compliance documents.
-
 If you believe your products are exempt from these requirements, submit documentation demonstrating why they are not subject to these compliance requirements.
 For step-by-step instructions, see our Submit compliance documents or appeal a documentation request help page.
 To avoid further impact to your account, close or delete any non-compliant listings that you do",2026-09-15 17:29:40,RETR,xtbBsxKdg2qdndIcrwAA30
产品链接/合规类,older,account_4,weihaizhongxin2024@126.com,"Sun, 6 Sep 2026 17:07:04 +0000",Amazon Services <donotreply@amazon.com>,Submit product safety documentation to reactivate listings,,"96
 Submit product safety documentation to reactivate listings
 Hello Weihai US,
 Some of your listings have been deactivated due to missing mandatory compliance requirements for your products. Review the details and next steps below. The affected listings are shown at the end of this email.
 Why is this happening?
 We are taking this action because these products are missing mandatory compliance information. Review our Product safety and compliance help page for information on applicable laws, regulations, and Amazon policies. We leveraged a combination of automated means and expert human review to identify this issue and make this decision.
 The table at the end of this email provides product-specific compliance requirements.
 How do I reactivate my listings?
 To provide the required compliance information, go to your Account Health page and locate the product compliance requests:
-
 If you have the required documentation, follow the instructions to submit your compliance documents. We will only reinstate products that fulfill the compliance requirements.
-
 If you believe your products are exempt from these requirements, submit documentation demonstrating why they are not subjec",2026-09-15 17:29:40,RETR,xtbBsxyYfmqdnbwcbQAA3u
产品链接/合规类,older,account_4,weihaizhongxin2024@126.com,"Sun, 6 Sep 2026 13:08:31 +0000",Fulfilment by Amazon Operations <fba-noreply@amazon.lu>,Your Amazon-Fulfilled Inventory - Action Required,,"Dear Seller,
You recently received a notice concerning the removal of your listing(s) for the product(s) below due to a safety recall.
Please create a removal request for the ASIN(s) listed below to have your inventory sent to a location of your choice. If this inventory is not removed within 30 days of this notification (by 05/10/2026), we shall dispose of it in accordance with our FBA policies.
For more information regarding the removal of this product, see the notification e-mail you received from our Seller Performance Team.
Thank you for your prompt attention to this matter.
Yours faithfully,
Fulfilment by Amazon Team
Please note: this e-mail was sent from a notification-only address that cannot accept incoming e-mail. Please do not reply to this message.
Affected Product(s):
B0DKBXDNRF
B0GYPZ58JY
 SPC-EUAmazon-369437594730355",2026-09-15 17:29:37,RETR,xtbBpBOPdWqdZdO4NQAA3B
产品链接/合规类,older,account_4,weihaizhongxin2024@126.com,"Sat, 5 Sep 2026 20:59:58 +0000",Amazon Services <donotreply@amazon.com>,Submit product safety documentation to reactivate listings,,"96
 Submit product safety documentation to reactivate listings
 Hello Weihai EU,
 Some of your listings have been deactivated due to missing mandatory compliance requirements for your products. Review the details and next steps below. The affected listings are shown at the end of this email.
 Why is this happening?
 We are taking this action because these products are missing mandatory compliance information. Review our Product safety and compliance help page for information on applicable laws, regulations, and Amazon policies. We leveraged a combination of automated means and expert human review to identify this issue and make this decision.
 The table at the end of this email provides product-specific compliance requirements.
 How do I reactivate my listings?
 To provide the required compliance information, go to your Account Health page and locate the product compliance requests:
-
 If you have the required documentation, follow the instructions to submit your compliance documents. We will only reinstate products that fulfill the compliance requirements.
-
 If you believe your products are exempt from these requirements, submit documentation demonstrating why they are not subjec",2026-09-15 17:29:34,RETR,xtbBsxOWfGqcgtMqLwAA3o
产品链接/合规类,older,account_4,weihaizhongxin2024@126.com,"Sat, 5 Sep 2026 20:39:32 +0000",Amazon Services <donotreply@amazon.com>,Submit product safety documentation to reactivate listings,,"96
 Submit product safety documentation to reactivate listings
 Hello Weihai EU,
 Some of your listings have been deactivated due to missing mandatory compliance requirements for your products. Review the details and next steps below. The affected listings are shown at the end of this email.
 Why is this happening?
 We are taking this action because these products are missing mandatory compliance information. Review our Product safety and compliance help page for information on applicable laws, regulations and Amazon policies. We leveraged a combination of automated means and expert human review to identify this issue and make this decision.
 The table at the end of this email provides product-specific compliance requirements.
 How do I reactivate my listing?
 To provide the required compliance information, go to your Account Health page and locate the product compliance requests:
-
 If you have the required documentation, follow the instructions to submit your compliance documents. We will only reinstate products that fulfil the compliance requirements.
-
 If you believe that your products are exempt from these requirements, submit documentation demonstrating why they are not subj",2026-09-15 17:29:33,RETR,xtbBsgljSWqcfgnwEAAA3w
产品链接/合规类,older,account_4,weihaizhongxin2024@126.com,"Sat, 5 Sep 2026 13:13:54 +0000",Fulfilment by Amazon Operations <fba-noreply@amazon.lu>,Your Amazon-Fulfilled Inventory - Action Required,,"Dear Seller,
You recently received a notice concerning the removal of your listing(s) for the product(s) below due to a safety recall.
Please create a removal request for the ASIN(s) listed below to have your inventory sent to a location of your choice. If this inventory is not removed within 30 days of this notification (by 04/10/2026), we shall dispose of it in accordance with our FBA policies.
For more information regarding the removal of this product, see the notification e-mail you received from our Seller Performance Team.
Thank you for your prompt attention to this matter.
Yours faithfully,
Fulfilment by Amazon Team
Please note: this e-mail was sent from a notification-only address that cannot accept incoming e-mail. Please do not reply to this message.
Affected Product(s):
B0GYPZ58JY
 SPC-EUAmazon-738873502977648",2026-09-15 17:29:32,RETR,xtbBpBYsEmqcFZYYnwAA3+
产品链接/合规类,older,account_4,weihaizhongxin2024@126.com,"Fri, 4 Sep 2026 20:46:54 +0000",Amazon Services <donotreply@amazon.com>,Submit product safety documentation to reactivate listings,,"96
 Submit product safety documentation to reactivate listings
 Hello Weihai EU,
 Some of your listings have been deactivated due to missing mandatory compliance requirements for your products. Review the details and next steps below. The affected listings are shown at the end of this email.
 Why is this happening?
 We are taking this action because these products are missing mandatory compliance information. Review our Product safety and compliance help page for information on applicable laws, regulations, and Amazon policies. We leveraged a combination of automated means and expert human review to identify this issue and make this decision.
 The table at the end of this email provides product-specific compliance requirements.
 How do I reactivate my listings?
 To provide the required compliance information, go to your Account Health page and locate the product compliance requests:
-
 If you have the required documentation, follow the instructions to submit your compliance documents. We will only reinstate products that fulfill the compliance requirements.
-
 If you believe your products are exempt from these requirements, submit documentation demonstrating why they are not subjec",2026-09-15 17:29:26,RETR,xtbBsgMdA2qbLkPF0wAA3l
产品链接/合规类,older,account_4,weihaizhongxin2024@126.com,"Fri, 4 Sep 2026 20:32:31 +0000",Amazon Services <donotreply@amazon.com>,Submit product safety documentation to reactivate listings,,"96
 Submit product safety documentation to reactivate listings
 Hello Weihai EU,
 Some of your listings have been deactivated due to missing mandatory compliance requirements for your products. Review the details and next steps below. The affected listings are shown at the end of this email.
 Why is this happening?
 We are taking this action because these products are missing mandatory compliance information. Review our Product safety and compliance help page for information on applicable laws, regulations and Amazon policies. We leveraged a combination of automated means and expert human review to identify this issue and make this decision.
 The table at the end of this email provides product-specific compliance requirements.
 How do I reactivate my listing?
 To provide the required compliance information, go to your Account Health page and locate the product compliance requests:
-
 If you have the required documentation, follow the instructions to submit your compliance documents. We will only reinstate products that fulfil the compliance requirements.
-
 If you believe that your products are exempt from these requirements, submit documentation demonstrating why they are not subj",2026-09-15 17:29:26,RETR,xtbBpQdVO2qbKyetEAAA3M
产品链接/合规类,older,account_4,weihaizhongxin2024@126.com,"Fri, 4 Sep 2026 13:10:03 +0000",Fulfilment by Amazon Operations <fba-noreply@amazon.lu>,Your Amazon-Fulfilled Inventory - Action Required,,"Dear Seller,
You recently received a notice concerning the removal of your listing(s) for the product(s) below due to a safety recall.
Please create a removal request for the ASIN(s) listed below to have your inventory sent to a location of your choice. If this inventory is not removed within 30 days of this notification (by 03/10/2026), we shall dispose of it in accordance with our FBA policies.
For more information regarding the removal of this product, see the notification e-mail you received from our Seller Performance Team.
Thank you for your prompt attention to this matter.
Yours faithfully,
Fulfilment by Amazon Team
Please note: this e-mail was sent from a notification-only address that cannot accept incoming e-mail. Please do not reply to this message.
Affected Product(s):
B0H11D2KV8
B0FD8VC559
 SPC-EUAmazon-2075879644356606",2026-09-15 17:29:25,RETR,xtbBpRA+JGqawzCHTQAA3m
产品链接/合规类,older,account_4,weihaizhongxin2024@126.com,"Thu, 3 Sep 2026 20:30:25 +0000",Amazon Services <donotreply@amazon.com>,Submit product safety documentation to reactivate listings,,"96
 Submit product safety documentation to reactivate listings
 Hello Weihai EU,
 Some of your listings have been deactivated due to missing mandatory compliance requirements for your products. Review the details and next steps below. The affected listings are shown at the end of this email.
 Why is this happening?
 We are taking this action because these products are missing mandatory compliance information. Review our Product safety and compliance help page for information on applicable laws, regulations, and Amazon policies. We leveraged a combination of automated means and expert human review to identify this issue and make this decision.
 The table at the end of this email provides product-specific compliance requirements.
 How do I reactivate my listings?
 To provide the required compliance information, go to your Account Health page and locate the product compliance requests:
-
 If you have the required documentation, follow the instructions to submit your compliance documents. We will only reinstate products that fulfill the compliance requirements.
-
 If you believe your products are exempt from these requirements, submit documentation demonstrating why they are not subjec",2026-09-15 17:29:23,RETR,xtbBpQNvVWqZ2OMoIwAA3f
产品链接/合规类,older,account_4,weihaizhongxin2024@126.com,"Thu, 3 Sep 2026 20:14:40 +0000",Amazon Services <donotreply@amazon.com>,Submit product safety documentation to reactivate listings,,"96
 Submit product safety documentation to reactivate listings
 Hello Weihai EU,
 Some of your listings have been deactivated due to missing mandatory compliance requirements for your products. Review the details and next steps below. The affected listings are shown at the end of this email.
 Why is this happening?
 We are taking this action because these products are missing mandatory compliance information. Review our Product safety and compliance help page for information on applicable laws, regulations and Amazon policies. We leveraged a combination of automated means and expert human review to identify this issue and make this decision.
 The table at the end of this email provides product-specific compliance requirements.
 How do I reactivate my listing?
 To provide the required compliance information, go to your Account Health page and locate the product compliance requests:
-
 If you have the required documentation, follow the instructions to submit your compliance documents. We will only reinstate products that fulfil the compliance requirements.
-
 If you believe that your products are exempt from these requirements, submit documentation demonstrating why they are not subj",2026-09-15 17:29:23,RETR,xtbBsxWDaWqZ1TXf7AAA3s
产品链接/合规类,older,account_4,weihaizhongxin2024@126.com,"Thu, 3 Sep 2026 12:45:43 +0000",Fulfilment by Amazon Operations <fba-noreply@amazon.lu>,Your Amazon-Fulfilled Inventory - Action Required,,"Dear Seller,
You recently received a notice concerning the removal of your listing(s) for the product(s) below due to a safety recall.
Please create a removal request for the ASIN(s) listed below to have your inventory sent to a location of your choice. If this inventory is not removed within 30 days of this notification (by 02/10/2026), we shall dispose of it in accordance with our FBA policies.
For more information regarding the removal of this product, see the notification e-mail you received from our Seller Performance Team.
Thank you for your prompt attention to this matter.
Yours faithfully,
Fulfilment by Amazon Team
Please note: this e-mail was sent from a notification-only address that cannot accept incoming e-mail. Please do not reply to this message.
Affected Product(s):
B0H11DGDRL
 SPC-EUAmazon-967571921385063",2026-09-15 17:29:20,RETR,xtbBsxwbAWqZa-xuZgAA3Z
产品链接/合规类,older,account_4,weihaizhongxin2024@126.com,"Wed, 2 Sep 2026 20:11:48 +0000",Amazon Services <donotreply@amazon.com>,Submit product safety documentation to reactivate listings,,"96
 Submit product safety documentation to reactivate listings
 Hello Weihai EU,
 Some of your listings have been deactivated due to missing mandatory compliance requirements for your products. Review the details and next steps below. The affected listings are shown at the end of this email.
 Why is this happening?
 We are taking this action because these products are missing mandatory compliance information. Review our Product safety and compliance help page for information on applicable laws, regulations, and Amazon policies. We leveraged a combination of automated means and expert human review to identify this issue and make this decision.
 The table at the end of this email provides product-specific compliance requirements.
 How do I reactivate my listings?
 To provide the required compliance information, go to your Account Health page and locate the product compliance requests:
-
 If you have the required documentation, follow the instructions to submit your compliance documents. We will only reinstate products that fulfill the compliance requirements.
-
 If you believe your products are exempt from these requirements, submit documentation demonstrating why they are not subjec",2026-09-15 17:29:18,RETR,xtbBsgmjiWqYgwm0EAAA3N
产品链接/合规类,older,account_4,weihaizhongxin2024@126.com,"Wed, 2 Sep 2026 19:56:44 +0000",Amazon Services <donotreply@amazon.com>,Submit product safety documentation to reactivate listings,,"96
 Submit product safety documentation to reactivate listings
 Hello Weihai EU,
 Some of your listings have been deactivated due to missing mandatory compliance requirements for your products. Review the details and next steps below. The affected listings are shown at the end of this email.
 Why is this happening?
 We are taking this action because these products are missing mandatory compliance information. Review our Product safety and compliance help page for information on applicable laws, regulations and Amazon policies. We leveraged a combination of automated means and expert human review to identify this issue and make this decision.
 The table at the end of this email provides product-specific compliance requirements.
 How do I reactivate my listing?
 To provide the required compliance information, go to your Account Health page and locate the product compliance requests:
-
 If you have the required documentation, follow the instructions to submit your compliance documents. We will only reinstate products that fulfil the compliance requirements.
-
 If you believe that your products are exempt from these requirements, submit documentation demonstrating why they are not subj",2026-09-15 17:29:15,RETR,xtbBsgHApmqYf4GizAAA33
产品链接/合规类,older,account_4,weihaizhongxin2024@126.com,"Tue, 1 Sep 2026 10:41:56 +0000",Amazon Europe <donotreply@amazon.com>,Submit EPR registration numbers by June 30,,"96
 You’ll be enrolled in EPR Pay on Behalf unless you provide valid Extended Producer Responsibility registration numbers by June 30
                                                     ‍͏  ͏  ‍͏  ͏  ‍͏  ͏  ‍͏  ͏  ‍͏  ͏  ‍͏  ͏  ‍͏  ͏  ‍͏  ͏  ‍͏  ͏  ‍͏  ͏  ‍͏  ͏  ‍͏  ͏  ‍͏  ͏  ‍͏  ͏  ‍͏  ͏  ‍͏  ͏  ‍͏  ͏  ‍͏  ͏  ‍͏  ͏  ‍͏  ͏  ‍͏  ͏  ‍͏  ͏  ‍͏  ͏  ‍͏  ͏  ‍͏  ͏  ‍͏  ͏  ‍͏  ͏  ‍͏  ͏  ‍͏  ͏  ‍͏  ͏  ‍͏  ͏  ‍͏  ͏  ‍͏  ͏  ‍͏  ͏  ‍͏  ͏  ‍͏  ͏  ‍͏  ͏  ‍͏  ͏  ‍͏  ͏ ͏‌ ­ ­ ­ ­ ͏‌ ­ ­ ­ ­ ͏‌ ­ ­ ­ ­ ͏‌ ­ ­ ­ ­ ͏‌ ­ ­ ­ ­ ͏‌ ­ ­ ­ ­ ͏‌ ­ ­ ­ ­ ͏‌ ­ ­ ­ ­ ͏‌ ­ ­ ­ ­ ͏‌ ­ ­ ­ ­ ͏‌ ­ ­ ­ ­ ͏‌ ­ ­ ­ ­ ͏‌ ­ ­ ­ ­ ͏‌ ­ ­ ­ ­ ͏‌ ­ ­ ­ ­ ͏‌ ­ ­ ­ ­ ͏‌ ­ ­ ­ ­ ͏‌ ­ ­ ­ ­ ͏‌ ­ ­ ­ ­ ͏‌ ­ ­ ­ ­ ͏‌ ­ ­ ­ ­ ͏‌ ­ ­ ­ ­ ͏‌ ­ ­ ­ ­ ͏‌ ­ ­ ­ ­ ͏‌ ­ ­ ­ ­ ͏‌ ­ ­ ­ ­ ͏‌ ­ ­ ­ ­ ͏‌ ­ ­ ­ ­ ͏‌ ­ ­ ­ ­ ͏‌ ­ ­ ­ ­ ͏‌ ­ ­ ­ ­ ͏‌ ­ ­ ­ ­ ͏‌ ­ ­ ­ ­ ͏‌ ­ ­ ­ ­ ͏‌ ­ ­ ­ ­ ͏‌ ­ ­ ­ ­ ͏‌ ­ ­ ­ ­ ͏‌ ­ ­ ­ ­ ͏‌ ­ ­ ­ ­ ͏‌ ­ ­ ­ ­ ͏‌ ­ ­ ­ ­ ͏‌ ­ ­ ­ ­ ͏‌ ­ ­ ­ ­ ͏‌ ­ ­ ­ ­ ͏‌ ­ ­ ­ ­ ͏‌ ­ ­ ­ ­ ͏‌ ­ ­ ­ ­ ͏‌ ­ ­ ­ ­ ͏‌ ­ ­ ­ ­ ͏‌ ­ ­ ­ ­ ͏‌ ­ ­ ­ ­ ͏‌ ­ ­ ­ ­ ͏‌ ­ ­ ­ ­ ͏‌ ­ ­ ­ ­ ͏‌ ­ ­ ­ ­ ͏‌ ­ ­ ­ ­ ͏‌ ­ ­ ­ ­ ͏‌ ­ ­ ­ ­ ͏‌ ­ ­ ­ ­ ͏‌ ­ ­ ­ ­ ͏‌ ­ ­ ­ ­ ͏‌ ­ ­ ­ ­ ͏‌ ­ ­ ­ ­ ͏‌ ­ ­ ­ ­ ͏‌ ­ ­ ­ ­
 You’ll be enrolled in EPR",2026-09-15 17:29:08,RETR,xtbBshdoTmqWq-dB3gAA38
产品链接/合规类,older,account_4,weihaizhongxin2024@126.com,"Tue, 1 Sep 2026 16:03:11 +0800 (GMT+08:00)",苏浩然 <suhr@cvc.org.cn>,Amazon DV TIC,,"尊敬的卖家，您好。
我们可以为您提供亚马逊DV验证报告服务。
验证费用：
【玩具】500元（RMB）/ASIN；
【电动自行车用充电器及电池】4500元（RMB）/ASIN；
【移动电源及便携式电源产品】5000元（RMB）/ASIN；
【锂离子电池】3500元（RMB）/ASIN；
【激光商品】2000元（RMB）/ASIN；
【儿童沙子商品】500元（RMB)/ASIN；
我们将会评估您的测试报告实验室是否被我们采纳，如不采纳建议寄送样品检测及验证
如涉及较多ASIN或有其他需求，我们将根据具体情况提供优惠报价。
商品测试：
如您的商品需额外进行合规测试，请提供实物图片和商品参数以及销售国家等，以便评估测试费用。
服务流程如下：
登录卖家中心 “合规管理”（MYC）；
针对待处理 ASIN，选择 “CVC威凯” 提交验证申请；
提供所需资料：申请表、测试报告、产品六面实物照片（非包装图）、标签警示语、用户手册/使用说明书等；
CVC威凯将进行检测或合规验证，并将结果直接提交亚马逊；如需整改，我们会及时与您沟通。
如需进一步了解或希望直接安排服务，可直接通过以下方式联系我，我们将全程协助您完成验证流程。
您可以根据不同品类联系对应官方邮箱专员咨询：
1、【玩具】【电动自行车用充电器及电池】【移动电源及便携式电源产品】【锂离子电池】
联系 suhr@cvc.org.cn
2、【激光商品】联系lixb@cvc.org.cn
3、【儿童沙子商品】联系xiaoli@cvc.org.cn
感谢您的支持，期待与您合作！
如您已经对接我司业务员，请忽略此信息，不便之处敬请谅解。
Dear Seller,
Greetings.
We are pleased to offer Amazon DV Verification Report services to support your compliance needs.
Verification Fee:
【Toys】¥500 (RMB) per ASIN.
【E-bikes lithium-ion batteries and chargers】¥4500 (RMB) per ASIN.
【Power Bank and Portable Power Station】¥5000 (RMB) per ASIN.
【Lithium-ion batteries】¥3500 (RMB) per ASIN.
【Laser products】¥2000 (RMB) per ASIN.
【Children’s sand products】¥500 (RMB) per ASIN.
If you have multiple ASINs or special requirements, we can provide a customized di",2026-09-15 17:29:07,RETR,xtbBswISk2qWhsK6-QAA3P
产品链接/合规类,older,account_4,weihaizhongxin2024@126.com,"Sat, 29 Aug 2026 03:08:21 +0000",Amazon Services <donotreply@amazon.com>,Submit product safety documentation to avoid listing deactivation,,"96
 Hello Weihai US,
 Some of your listings are at risk of deactivation due to missing mandatory compliance requirements for your products. Review the details and next steps below. The affected listings are shown at the end of this email.
 Why is this happening?
 We are taking this action because these products are missing mandatory compliance information. Review our Product safety and compliance help page for information on applicable laws, regulations, and Amazon policies.
 The table at the end of this email provides product-specific compliance requirements.
 How do I reactivate my listings?
 To provide the required compliance information, go to your Account Health page and locate the product compliance requests:
-
 If you have the required documentation, follow the instructions to submit your compliance documents.
-
 If you believe your products are exempt from these requirements, submit documentation demonstrating why they are not subject to these compliance requirements.
 For step-by-step instructions, see our Submit compliance documents or appeal a documentation request help page.
 To avoid further impact to your account, close or delete any non-compliant listings that you do",2026-09-15 17:29:01,RETR,xtbBpQebgWqSTSdOTAAA3o
产品链接/合规类,older,account_4,weihaizhongxin2024@126.com,"Thu, 27 Aug 2026 15:47:49 +0000",Amazon Europe <donotreply@amazon.com>,Seller News: August 2026,,"Seller News: August 2026
 96
 Updates to AI‑generated product images, title guidelines, and more.
                                                     ‍͏  ͏  ‍͏  ͏  ‍͏  ͏  ‍͏  ͏  ‍͏  ͏  ‍͏  ͏  ‍͏  ͏  ‍͏  ͏  ‍͏  ͏  ‍͏  ͏  ‍͏  ͏  ‍͏  ͏  ‍͏  ͏  ‍͏  ͏  ‍͏  ͏  ‍͏  ͏  ‍͏  ͏  ‍͏  ͏  ‍͏  ͏  ‍͏  ͏  ‍͏  ͏  ‍͏  ͏  ‍͏  ͏  ‍͏  ͏  ‍͏  ͏  ‍͏  ͏  ‍͏  ͏  ‍͏  ͏  ‍͏  ͏  ‍͏  ͏  ‍͏  ͏  ‍͏  ͏  ‍͏  ͏  ‍͏  ͏  ‍͏  ͏  ‍͏  ͏  ‍͏  ͏  ‍͏  ͏  ‍͏  ͏ ͏‌ ­ ­ ­ ­ ͏‌ ­ ­ ­ ­ ͏‌ ­ ­ ­ ­ ͏‌ ­ ­ ­ ­ ͏‌ ­ ­ ­ ­ ͏‌ ­ ­ ­ ­ ͏‌ ­ ­ ­ ­ ͏‌ ­ ­ ­ ­ ͏‌ ­ ­ ­ ­ ͏‌ ­ ­ ­ ­ ͏‌ ­ ­ ­ ­ ͏‌ ­ ­ ­ ­ ͏‌ ­ ­ ­ ­ ͏‌ ­ ­ ­ ­ ͏‌ ­ ­ ­ ­ ͏‌ ­ ­ ­ ­ ͏‌ ­ ­ ­ ­ ͏‌ ­ ­ ­ ­ ͏‌ ­ ­ ­ ­ ͏‌ ­ ­ ­ ­ ͏‌ ­ ­ ­ ­ ͏‌ ­ ­ ­ ­ ͏‌ ­ ­ ­ ­ ͏‌ ­ ­ ­ ­ ͏‌ ­ ­ ­ ­ ͏‌ ­ ­ ­ ­ ͏‌ ­ ­ ­ ­ ͏‌ ­ ­ ­ ­ ͏‌ ­ ­ ­ ­ ͏‌ ­ ­ ­ ­ ͏‌ ­ ­ ­ ­ ͏‌ ­ ­ ­ ­ ͏‌ ­ ­ ­ ­ ͏‌ ­ ­ ­ ­ ͏‌ ­ ­ ­ ­ ͏‌ ­ ­ ­ ­ ͏‌ ­ ­ ­ ­ ͏‌ ­ ­ ­ ­ ͏‌ ­ ­ ­ ­ ͏‌ ­ ­ ­ ­ ͏‌ ­ ­ ­ ­ ͏‌ ­ ­ ­ ­ ͏‌ ­ ­ ­ ­ ͏‌ ­ ­ ­ ­ ͏‌ ­ ­ ­ ­ ͏‌ ­ ­ ­ ­ ͏‌ ­ ­ ­ ­ ͏‌ ­ ­ ­ ­ ͏‌ ­ ­ ­ ­ ͏‌ ­ ­ ­ ­ ͏‌ ­ ­ ­ ­ ͏‌ ­ ­ ­ ­ ͏‌ ­ ­ ­ ­ ͏‌ ­ ­ ­ ­ ͏‌ ­ ­ ­ ­ ͏‌ ­ ­ ­ ­ ͏‌ ­ ­ ­ ­ ͏‌ ­ ­ ­ ­ ͏‌ ­ ­ ­ ­ ͏‌ ­ ­ ­ ­ ͏‌ ­ ­ ­ ­ ͏‌ ­ ­ ­ ­ ͏‌ ­ ­ ­ ­ ͏‌ ­ ­ ­ ­ ͏‌ ­ ­ ­ ­
 Our Seller Newsletter provides the most important policy, too",2026-09-15 17:28:57,RETR,xtbBpAjfxWqQXCjsigAA3e
产品链接/合规类,older,account_4,weihaizhongxin2024@126.com,"Thu, 27 Aug 2026 08:15:11 +0000",Amazon Services <donotreply@amazon.com>,Submit product safety documentation to avoid listing deactivation,,"96
 Hello Weihai EU,
 Some of your listings are at risk of deactivation due to missing mandatory compliance requirements for your products. Review the details and next steps below. The affected listings are shown at the end of this email.
 Why is this happening?
 We are taking this action because these products are missing mandatory compliance information. Review our Product safety and compliance help page for information on applicable laws, regulations, and Amazon policies.
 The table at the end of this email provides product-specific compliance requirements.
 How do I reactivate my listings?
 To provide the required compliance information, go to your Account Health page and locate the product compliance requests:
-
 If you have the required documentation, follow the instructions to submit your compliance documents.
-
 If you believe your products are exempt from these requirements, submit documentation demonstrating why they are not subject to these compliance requirements.
 For step-by-step instructions, see our Submit compliance documents or appeal a documentation request help page.
 To avoid further impact to your account, close or delete any non-compliant listings that you do",2026-09-15 17:28:56,RETR,xtbBpRdQNmqP8ldD3QAA3K
产品链接/合规类,older,account_4,weihaizhongxin2024@126.com,"Thu, 27 Aug 2026 08:11:05 +0000",Amazon Services <donotreply@amazon.com>,Submit product safety documentation to avoid listing deactivation,,"96
 Hello Weihai EU,
 Some of your listings are at risk of deactivation due to missing mandatory compliance requirements for your products. Review the details and next steps below. The affected listings are shown at the end of this email.
 Why is this happening?
 We are taking this action because these products are missing mandatory compliance information. Review our Product safety and compliance help page for information on applicable laws, regulations and Amazon policies.
 The table at the end of this email provides product-specific compliance requirements.
 How do I reactivate my listing?
 To provide the required compliance information, go to your Account Health page and locate the product compliance requests:
-
 If you have the required documentation, follow the instructions to submit your compliance documents.
-
 If you believe that your products are exempt from these requirements, submit documentation demonstrating why they are not subject to these compliance requirements.
 For step-by-step instructions, see our Submit compliance documents or appeal a documentation request help page.
 To avoid further impact on your account, close or delete any non-compliant listings that you",2026-09-15 17:28:55,RETR,xtbBshwC52qP8RxD9wAA33
产品链接/合规类,older,account_4,weihaizhongxin2024@126.com,"Wed, 26 Aug 2026 14:08:01 +0000",Amazon Services <donotreply@amazon.com>,Submit product safety documentation to reactivate listings,,"96
 Submit product safety documentation to reactivate listings
 Hello Weihai CA,
 Some of your listings have been deactivated due to missing mandatory compliance requirements for your products. Review the details and next steps below. The affected listings are shown at the end of this email.
 Why is this happening?
 We are taking this action because these products are missing mandatory compliance information. Review our Product safety and compliance help page for information on applicable laws, regulations and Amazon policies. We leveraged a combination of automated means and expert human review to identify this issue and make this decision.
 The table at the end of this email provides product-specific compliance requirements.
 How do I reactivate my listings?
 To provide the required compliance information, go to your Account Health page and locate the product compliance requests:
-
 If you have the required documentation, follow the instructions to submit your compliance documents. We will only reinstate products that fulfil the compliance requirements.
-
 If you believe your products are exempt from these requirements, submit documentation demonstrating why they are not subject ",2026-09-15 17:28:52,RETR,xtbBpQVMMmqO80W5IwAA3W
产品链接/合规类,older,account_4,weihaizhongxin2024@126.com,"Wed, 26 Aug 2026 08:11:28 +0000",Amazon Services <donotreply@amazon.com>,Submit product safety documentation to avoid listing deactivation,,"96
 Hello Weihai EU,
 Some of your listings are at risk of deactivation due to missing mandatory compliance requirements for your products. Review the details and next steps below. The affected listings are shown at the end of this email.
 Why is this happening?
 We are taking this action because these products are missing mandatory compliance information. Review our Product safety and compliance help page for information on applicable laws, regulations, and Amazon policies.
 The table at the end of this email provides product-specific compliance requirements.
 How do I reactivate my listings?
 To provide the required compliance information, go to your Account Health page and locate the product compliance requests:
-
 If you have the required documentation, follow the instructions to submit your compliance documents.
-
 If you believe your products are exempt from these requirements, submit documentation demonstrating why they are not subject to these compliance requirements.
 For step-by-step instructions, see our Submit compliance documents or appeal a documentation request help page.
 To avoid further impact to your account, close or delete any non-compliant listings that you do",2026-09-15 17:28:49,RETR,xtbBshNSOGqOn7OU1AAA3D
产品链接/合规类,older,account_4,weihaizhongxin2024@126.com,"Wed, 26 Aug 2026 08:08:21 +0000",Amazon Services <donotreply@amazon.com>,Submit product safety documentation to avoid listing deactivation,,"96
 Hello Weihai EU,
 Some of your listings are at risk of deactivation due to missing mandatory compliance requirements for your products. Review the details and next steps below. The affected listings are shown at the end of this email.
 Why is this happening?
 We are taking this action because these products are missing mandatory compliance information. Review our Product safety and compliance help page for information on applicable laws, regulations, and Amazon policies.
 The table at the end of this email provides product-specific compliance requirements.
 How do I reactivate my listings?
 To provide the required compliance information, go to your Account Health page and locate the product compliance requests:
-
 If you have the required documentation, follow the instructions to submit your compliance documents.
-
 If you believe your products are exempt from these requirements, submit documentation demonstrating why they are not subject to these compliance requirements.
 For step-by-step instructions, see our Submit compliance documents or appeal a documentation request help page.
 To avoid further impact to your account, close or delete any non-compliant listings that you do",2026-09-15 17:28:47,RETR,xtbBsgY3HWqOn0aQ+AAA3L
产品链接/合规类,older,account_4,weihaizhongxin2024@126.com,"Wed, 26 Aug 2026 08:07:34 +0000",Amazon Services <donotreply@amazon.com>,Submit product safety documentation to avoid listing deactivation,,"96
 Hello Weihai EU,
 Some of your listings are at risk of deactivation due to missing mandatory compliance requirements for your products. Review the details and next steps below. The affected listings are shown at the end of this email.
 Why is this happening?
 We are taking this action because these products are missing mandatory compliance information. Review our Product safety and compliance help page for information on applicable laws, regulations and Amazon policies.
 The table at the end of this email provides product-specific compliance requirements.
 How do I reactivate my listing?
 To provide the required compliance information, go to your Account Health page and locate the product compliance requests:
-
 If you have the required documentation, follow the instructions to submit your compliance documents.
-
 If you believe that your products are exempt from these requirements, submit documentation demonstrating why they are not subject to these compliance requirements.
 For step-by-step instructions, see our Submit compliance documents or appeal a documentation request help page.
 To avoid further impact on your account, close or delete any non-compliant listings that you",2026-09-15 17:28:47,RETR,xtbBsgkY-WqOnsmMUAAA3x
产品链接/合规类,older,account_4,weihaizhongxin2024@126.com,"Wed, 26 Aug 2026 08:07:29 +0000",Amazon Services <donotreply@amazon.com>,Submit product safety documentation to avoid listing deactivation,,"96
 Hello Weihai EU,
 Some of your listings are at risk of deactivation due to missing mandatory compliance requirements for your products. Review the details and next steps below. The affected listings are shown at the end of this email.
 Why is this happening?
 We are taking this action because these products are missing mandatory compliance information. Review our Product safety and compliance help page for information on applicable laws, regulations, and Amazon policies.
 The table at the end of this email provides product-specific compliance requirements.
 How do I reactivate my listings?
 To provide the required compliance information, go to your Account Health page and locate the product compliance requests:
-
 If you have the required documentation, follow the instructions to submit your compliance documents.
-
 If you believe your products are exempt from these requirements, submit documentation demonstrating why they are not subject to these compliance requirements.
 For step-by-step instructions, see our Submit compliance documents or appeal a documentation request help page.
 To avoid further impact to your account, close or delete any non-compliant listings that you do",2026-09-15 17:28:46,RETR,xtbBswQX-GqOnsRYuAAA3C
产品链接/合规类,older,account_4,weihaizhongxin2024@126.com,"Tue, 25 Aug 2026 14:07:29 +0000",Amazon Services <donotreply@amazon.com>,Submit product safety documentation to reactivate listings,,"96
 Submit product safety documentation to reactivate listings
 Hello Weihai CA,
 Some of your listings have been deactivated due to missing mandatory compliance requirements for your products. Review the details and next steps below. The affected listings are shown at the end of this email.
 Why is this happening?
 We are taking this action because these products are missing mandatory compliance information. Review our Product safety and compliance help page for information on applicable laws, regulations and Amazon policies. We leveraged a combination of automated means and expert human review to identify this issue and make this decision.
 The table at the end of this email provides product-specific compliance requirements.
 How do I reactivate my listings?
 To provide the required compliance information, go to your Account Health page and locate the product compliance requests:
-
 If you have the required documentation, follow the instructions to submit your compliance documents. We will only reinstate products that fulfil the compliance requirements.
-
 If you believe your products are exempt from these requirements, submit documentation demonstrating why they are not subject ",2026-09-15 17:28:42,RETR,xtbBswWPdWqNoaXc-gAA3N
产品链接/合规类,older,account_4,weihaizhongxin2024@126.com,"Tue, 25 Aug 2026 13:07:04 +0000",Amazon Services <donotreply@amazon.com>,Submit product safety documentation to avoid listing deactivation,,"96
 Hello Weihai CA,
 Some of your listings are at risk of deactivation due to missing mandatory compliance requirements for your products. Review the details and next steps below. The affected listings are shown at the end of this email.
 Why is this happening?
 We are taking this action because these products are missing mandatory compliance information. Review our Product safety and compliance help page for information on applicable laws, regulations and Amazon policies.
 The table at the end of this email provides product-specific compliance requirements.
 How do I reactivate my listings?
 To provide the required compliance information, go to your Account Health page and locate the product compliance requests:
-
 If you have the required documentation, follow the instructions to submit your compliance documents.
-
 If you believe your products are exempt from these requirements, submit documentation demonstrating why they are not subject to these compliance requirements.
 For step-by-step instructions, see our Submit compliance documents or appeal a documentation request help page.
 To avoid further impact to your account, close or delete any non-compliant listings that you do ",2026-09-15 17:28:41,RETR,xtbBsxwC52qNk3yM3AAA3S
产品链接/合规类,older,account_4,weihaizhongxin2024@126.com,"Tue, 25 Aug 2026 09:06:58 +0000",Amazon Services <donotreply@amazon.com>,Submit product safety documentation to reactivate listings,,"96
 Submit product safety documentation to reactivate listings
 Hello Weihai US,
 Some of your listings have been deactivated due to missing mandatory compliance requirements for your products. Review the details and next steps below. The affected listings are shown at the end of this email.
 Why is this happening?
 We are taking this action because these products are missing mandatory compliance information. Review our Product safety and compliance help page for information on applicable laws, regulations, and Amazon policies. We leveraged a combination of automated means and expert human review to identify this issue and make this decision.
 The table at the end of this email provides product-specific compliance requirements.
 How do I reactivate my listings?
 To provide the required compliance information, go to your Account Health page and locate the product compliance requests:
-
 If you have the required documentation, follow the instructions to submit your compliance documents. We will only reinstate products that fulfill the compliance requirements.
-
 If you believe your products are exempt from these requirements, submit documentation demonstrating why they are not subjec",2026-09-15 17:28:41,RETR,xtbBpB3z2WqNW30nsQAA3E
产品链接/合规类,older,account_4,weihaizhongxin2024@126.com,"Mon, 24 Aug 2026 16:31:11 +0000",Amazon Seller Support <merch.service05@amazon.co.uk>,RE:[CASE 13205236962] 【需立即行动】请通过亚马逊认可的TIC服务商完成儿童玩具合规,,"96
RE:[CASE 13205236962] 【需立即行动】请通过亚马逊认可的TIC服务商完成儿童玩具合规
尊敬的卖家，您好
：_x000D_
_x000D_
如果您要在亚马逊商城发布商品，则必须遵守与这些商品和商品信息相关的所有适用法律、法规、标准以及亚马逊的政策（包括本政策）。亚马逊要求您在【英国，德国，法国，意大利，西班牙，瑞典，波兰，荷兰，比利时】销售的所有【儿童玩具】需经过【亚马逊认可的第三方检测、检验和认证 (TIC) 服务提供商】完成检测验证并符合下列法规、标准和要求： _x000D_
_x000D_
【法规标准是什么？】_x000D_
儿童玩具：EN 71 (玩具安全 )_x000D_
电动儿童玩具：EN 71(玩具安全 ) 以及EN 62115（电动玩具安全）_x000D_
_x000D_
【商品详情页面要求】_x000D_
1.商品信息：型号、部件编号或商品编号、制造商或品牌名称、强制性警告声明、制造商建议的最低使用年龄（以月为单位）或制造商最低年龄（以月为单位）。_x000D_
2.图片要求：型号、部件编号或商品编号、制造商、进口商或私有品牌商、分销商或授权代表的名称和地址 、商品标签、合规标志、商品说明书与手册、CE标志。 _x000D_
_x000D_
【如何完成合规?】
1.您必须与第三方检测、检验和认证服务提供商合作，对收到通知的所有 ASIN 进行商品检测或验证现有的检测文件。请按照以下步骤操作：
1) 前往【绩效】-【账户状况】-【政策合规性】，点击【食品和商品安全问题】。
2) 在【后续步骤】列下，针对需操作的商品点击【提交】-【验证您的商品】。
3) 从清单中选择第三方检测提供商（如需比价，可先查看【从多个提供商获取报价的说明】后再返回选择），点击继续。
4) 确认详细联系信息，点击【确认并继续】。
5) 复制生成的检测申请表编号，提供给所选提供商完成检测。
如果验证现有文件，您必须将由 ISO 17025 认证实验室在过去 12 个月内出具的检测报告提交至检测、检验和认证服务提供商。
【重要提醒】_x000D_
为确保及时完成合规验证，请在截止日期之前完成TRF的创建，并确保TRF状态更新为【正在验证】或【已通过】_x000D_
如何查看TRF状态：在绩效 > 账户状况 > 食品和商品安全问题找到ASIN，点击右方“提交，查看或更新” > “验证您的商品”_x000D_
• 受影响的ASIN将陆续显示在【食品和商品安全问题】页面中，请保持密切关注。建议您提前通过“第三方检测、检验和认证服务”帮助页面联系亚马逊认可的TIC服务提供商，以便及时推进合规流程。_x000D_
_x000D_
【了解更多】_x000D_
儿童玩具帮助页面: https://sellercentral.amazon.de/help/hub/r",2026-09-15 17:28:39,RETR,xtbBsxRPNWqMcdSrJQAA3Q
产品链接/合规类,older,account_4,weihaizhongxin2024@126.com,"Mon, 24 Aug 2026 06:47:57 +0000","""cscompliance-docreview-seller@amazon.de"" <cscompliance-docreview-seller@amazon.de>","SELLER: A1UYGOR4ZW45MU, ASIN: B0GYPZ58JY, MARKETPLACE:
 A1PA6795UKMFR9 - SPO - Seller Partner Outreach - Document Review",,"96
SELLER: A1UYGOR4ZW45MU, ASIN: B0GYPZ58JY, MARKETPLACE: A1PA6795UKMFR9 - SPO - Seller Partner Outreach - Document Review
 Do not reply back to this e-mail!
Hello,
Thank you for submitting a document to the Chemical Safety Compliance Team.
Your product is a kit/set/pack. A Safety Data Sheet is required for each possible hazardous product from the kit/set/pack, as indicated below:
color acrylic paint
Air dry clay
We inform you that your documentation/ SDS( s ) for: ""color acrylic paint"" have been reviewed and approved in our systems.
● There are missing document( s ). We are also awaiting valid documentation/ SDS/( s ) for ""Air dry clay"".
Until we receive the entire valid documentation, for all the possible hazardous products from the kit/set/pack, the hazard warnings for your products may not appear on the ASIN's product detail page and your products may be rejected by some fulfillment centers.
For guidance on Safety Data Sheet requirements, please refer to https://sellercentral.amazon.com/help/hub/reference/G5G6BBSA6FZQP9CP
Once you have corrected the problems listed above, please re-upload a valid document in Account Health Dashboard under ""Regulatory Compliance"" section. For an",2026-09-15 17:28:37,RETR,xtbBswEA5WqL6SELHgAA3r
产品链接/合规类,older,account_4,weihaizhongxin2024@126.com,"Sun, 23 Aug 2026 16:08:02 +0000",Amazon Services <donotreply@amazon.com>,Submit product safety documentation to reactivate listings,,"96
 Submit product safety documentation to reactivate listings
 Hello Weihai US,
 Some of your listings have been deactivated due to missing mandatory compliance requirements for your products. Review the details and next steps below. The affected listings are shown at the end of this email.
 Why is this happening?
 We are taking this action because these products are missing mandatory compliance information. Review our Product safety and compliance help page for information on applicable laws, regulations, and Amazon policies. We leveraged a combination of automated means and expert human review to identify this issue and make this decision.
 The table at the end of this email provides product-specific compliance requirements.
 How do I reactivate my listings?
 To provide the required compliance information, go to your Account Health page and locate the product compliance requests:
-
 If you have the required documentation, follow the instructions to submit your compliance documents. We will only reinstate products that fulfill the compliance requirements.
-
 If you believe your products are exempt from these requirements, submit documentation demonstrating why they are not subjec",2026-09-15 17:28:34,RETR,xtbBpAY9I2qLGuZQVwAA3m
产品链接/合规类,older,account_4,weihaizhongxin2024@126.com,"Sat, 22 Aug 2026 23:14:29 +0000",Amazon Services <donotreply@amazon.com>,Submit product safety documentation to reactivate listings,,"96
 Submit product safety documentation to reactivate listings
 Hello Weihai EU,
 Some of your listings have been deactivated due to missing mandatory compliance requirements for your products. Review the details and next steps below. The affected listings are shown at the end of this email.
 Why is this happening?
 We are taking this action because these products are missing mandatory compliance information. Review our Product safety and compliance help page for information on applicable laws, regulations and Amazon policies. We leveraged a combination of automated means and expert human review to identify this issue and make this decision.
 The table at the end of this email provides product-specific compliance requirements.
 How do I reactivate my listing?
 To provide the required compliance information, go to your Account Health page and locate the product compliance requests:
-
 If you have the required documentation, follow the instructions to submit your compliance documents. We will only reinstate products that fulfil the compliance requirements.
-
 If you believe that your products are exempt from these requirements, submit documentation demonstrating why they are not subj",2026-09-15 17:28:33,RETR,xtbBsxqehGqKLVpezwAA31
产品链接/合规类,older,account_4,weihaizhongxin2024@126.com,"Sat, 22 Aug 2026 12:34:53 +0000",Fulfilment by Amazon Operations <fba-noreply@amazon.lu>,Your Amazon-Fulfilled Inventory - Action Required,,"Dear Seller,
You recently received a notice concerning the removal of your listing(s) for the product(s) below due to a safety recall.
Please create a removal request for the ASIN(s) listed below to have your inventory sent to a location of your choice. If this inventory is not removed within 30 days of this notification (by 20/09/2026), we shall dispose of it in accordance with our FBA policies.
For more information regarding the removal of this product, see the notification e-mail you received from our Seller Performance Team.
Thank you for your prompt attention to this matter.
Yours faithfully,
Fulfilment by Amazon Team
Please note: this e-mail was sent from a notification-only address that cannot accept incoming e-mail. Please do not reply to this message.
Affected Product(s):
B0F23SWF2P
 SPC-EUAmazon-2128656194908073",2026-09-15 17:28:21,RETR,xtbBpRH+5GqJl3Gs0gAA3V
产品链接/合规类,older,account_4,weihaizhongxin2024@126.com,"Fri, 21 Aug 2026 23:11:47 +0000",Amazon Services <donotreply@amazon.com>,Submit product safety documentation to reactivate listings,,"96
 Submit product safety documentation to reactivate listings
 Hello Weihai EU,
 Some of your listings have been deactivated due to missing mandatory compliance requirements for your products. Review the details and next steps below. The affected listings are shown at the end of this email.
 Why is this happening?
 We are taking this action because these products are missing mandatory compliance information. Review our Product safety and compliance help page for information on applicable laws, regulations and Amazon policies. We leveraged a combination of automated means and expert human review to identify this issue and make this decision.
 The table at the end of this email provides product-specific compliance requirements.
 How do I reactivate my listing?
 To provide the required compliance information, go to your Account Health page and locate the product compliance requests:
-
 If you have the required documentation, follow the instructions to submit your compliance documents. We will only reinstate products that fulfil the compliance requirements.
-
 If you believe that your products are exempt from these requirements, submit documentation demonstrating why they are not subj",2026-09-15 17:28:17,RETR,xtbBpBjBp2qI2zgO-QAA3o
产品链接/合规类,older,account_4,weihaizhongxin2024@126.com,"Tue, 18 Aug 2026 10:06:05 +0000",Amazon Europe <donotreply@amazon.com>,Submit missing VAT Registration Information,,"Amazon Services
 96
 Submit missing VAT Registration Information
 Hello,
 We are reaching out as we have identified that the following VAT registration information is missing in your Seller Central account:
 Country
 Details
 Spain
 Inventory
 Czech Republic
 Inventory
 Italy
 Ship from Non-Place of Establishment
 Amazon requires Selling Partners to submit valid VAT Registration Numbers, to ensure compliance with tax requirements.
 What actions do I need to take?
 To avoid any impact to your account, we encourage you to submit this information at your earliest convenience. In your “Tax Settings” page , in Seller Central:
 1. Add a valid VAT registration number for the countries listed above , with an address linked to those VRNs and with address nature assigned.
 2. Verify that all your Tax Information in Seller Central matches the information provided to the Tax Authorities .
 Provide my VAT information
 We recommend that you contact your tax advisor to understand your obligations in each country that you sell in.
Make sure you always keep your Tax Information up-to-date in Seller Central, for all the countries in which you have an obligation.
For more information, visit European ",2026-09-15 17:28:00,RETR,xtbBpQ9qUGqELo922QAA3w
法务/侵权类,older,account_4,weihaizhongxin2024@126.com,"Tue, 8 Sep 2026 16:05:13 +0000",Amazon Services Europe <donotreply@amazon.com>,Actualiza los precios de venta recomendados a más tardar el 9 de septiembre de 2026,,"96
 Las nuevas reglas para validar los precios de referencia entran en vigor el 9 de septiembre de 2026.
 Hola:
 A partir del 9 de septiembre de 2026, vamos a cambiar cómo validamos el precio de venta recomendado que nos proporcionas, y algunos de tus precios de referencia actuales podrían verse afectados.
 Hace poco lanzamos en Rufus un gráfico del historial de precios que muestra a los clientes el precio más bajo de la Oferta destacada de un producto cada día. Vamos a actualizar nuestros requisitos de validación de los precios de venta recomendados para que los precios de referencia que mostramos coincidan con los que ven los clientes en el gráfico. Así mantenemos unos ahorros claros y significativos para los clientes y ayudamos a mantener la confianza en los precios de nuestra tienda.
 ¿Qué cambia?
Actualmente, el precio de venta recomendado que indiques se valida si cumple uno de estos requisitos:
- El producto se ha ofrecido hace poco a ese precio de venta recomendado en otra tienda minorista de confianza.
- El producto se compró como Oferta destacada en Amazon a ese precio de venta recomendado, con al menos nueve días de datos de la Oferta destacada. A partir del 9 de septiem",2026-09-15 17:30:08,RETR,xtbBsxxeRGqgMjxDnAAA3u
法务/侵权类,older,account_4,weihaizhongxin2024@126.com,"Tue, 8 Sep 2026 09:38:25 +0000",Amazon Europe <donotreply@amazon.com>,Ottieni la tua garanzia IVA in Italia €2.350 rimborso fino a 31 dicembre,,"Amazon Services
 96
 Invia i documenti di garanzia individuale IVA per l'Italia per ottenere il rimborso di € 2.350.
 Buongiorno,
 Le autorità fiscali italiane potrebbero richiedere ai contribuenti residenti al di fuori dell'Unione europea o dello Spazio economico europeo di fornire due garanzie finanziarie separate per assicurare che il loro numero di partita IVA italiano rimanga valido nel sistema elettronico di scambio di dati sull'IVA (VIES). Queste garanzie sono:
- Una garanzia del rappresentante fiscale: predisposta dal tuo rappresentante fiscale.
- una garanzia individuale: dovrai fornire una garanzia di almeno € 50.000 per un periodo minimo di 36 mesi che può essere fornita mediante fideiussione bancaria o tramite una soluzione assicurativa che non richieda il blocco o il versamento di € 50.000.
 Per aiutarti a rispettare questo requisito, ti offriamo una promozione di rimborso di 2.350 EUR per coprire i costi della tua garanzia individuale.
 Come posso ottenere il rimborso?
Una volta ottenuta la tua garanzia individuale, ti invitiamo a fornire tramite e-mail il documento di prova emesso da un fornitore autorizzato all'indirizzo
it-vat-guarantee-doc-validation@amazon.it dal",2026-09-15 17:30:07,RETR,xtbBsxSdg2qf15S9vgAA3M
法务/侵权类,older,account_4,weihaizhongxin2024@126.com,"Mon, 7 Sep 2026 05:09:23 +0000",Amazon Seller Central <donotreply@amazon.com>,Your Amazon.co.uk Merchant Credit Note for 8/2026,,"Your Amazon.co.uk Merchant Credit Note for 8/2026
 96
Hello,
We are writing to inform you that your electronic Merchant Credit Note for the month of 8/2026 is now available in your Seller Central Account.
To access your invoice, go to your Tax Document Library . In your Tax Document Library, you will be able to view, download or print your invoice.
The Amazon Services Team
 Report an issue with this email
 If you have any questions visit: Seller Central
 To change your email preferences visit: Notification Preferences
 We hope you found this message to be useful. However, if you'd rather not receive future e-mails of this sort from Amazon.com, please opt-out here.
 Copyright 2026 Amazon, Inc, or its affiliates. All rights reserved.
 Amazon.com, 410 Terry Avenue North, Seattle, WA 98109-5210
 SPC-EUAmazon-369437594971093",2026-09-15 17:30:02,RETR,xtbBsgUV+mqeRwWARAAA3q
法务/侵权类,older,account_4,weihaizhongxin2024@126.com,"Mon, 7 Sep 2026 05:02:45 +0000",Amazon Seller Central <donotreply@amazon.com>,Your Amazon.de Rechnungskorrektur Verkäufer for 8/2026,,"Your Amazon.de Rechnungskorrektur Verkäufer for 8/2026
 96
Guten Tag Shenzhen shi weihaizhongxin ke ji you xian gong si!
Wir möchten Sie darüber informieren, dass Ihr elektronisches Dokument Rechnungskorrektur Verkäufer für 8.2026 ab sofort in Ihrem Seller Central-Konto verfügbar ist.
Navigieren Sie in Ihrem Seller Central-Konto zu Berichte > Steuerdokumente > Rechnungen über Verkaufsgebühren, um auf Ihr Dokument (Rechnungskorrektur) zuzugreifen.
In Ihrem Seller Central-Konto können Sie Ihr Dokument (Rechnungskorrektur) anzeigen, herunterladen oder ausdrucken.
Wenden Sie sich bei weiteren Fragen bitte an die Verkäuferhilfe.
Freundliche Grüße,
Amazon.de
 Ein Problem mit dieser E-Mail melden
 Bei Fragen besuchen Sie: Seller Central
 Zum Ändern Ihrer E-Mail-Einstellungen, gehen Sie zu: Benachrichtigungseinstellungen
 Wir hoffen, diese Nachricht ist hilfreich für Sie. Falls Sie allerdings in Zukunft keine E-Mails dieser Art von Amazon.de erhalten möchten, melden Sie sich bitte ab.
 Copyright 2026 Amazon Inc. oder Tochtergesellschaften. Alle Rechte vorbehalten.
 Amazon EU S.à r.l.
38 avenue John F. Kennedy,
L-1855 Luxemburg,
Handelsregisternummer Luxemburg: B-101818,
 Gesellschaftskapit",2026-09-15 17:30:02,RETR,xtbBsxewlmqeRXchsAAA3V
法务/侵权类,older,account_4,weihaizhongxin2024@126.com,"Mon, 7 Sep 2026 04:49:12 +0000",Amazon Seller Central <donotreply@amazon.com>,"Your Amazon.co.uk Fulfillment by Amazon Merchant Credit Note for
 8/2026",,"Your Amazon.co.uk Fulfillment by Amazon Merchant Credit Note for 8/2026
 96
Hello,
We are writing to inform you that your electronic Fulfillment by Amazon Merchant Credit Note for the month of 8/2026 is now available in your Seller Central Account.
To access your invoice, go to your Tax Document Library . In your Tax Document Library, you will be able to view, download or print your invoice.
The Amazon Services Team
 Report an issue with this email
 If you have any questions visit: Seller Central
 To change your email preferences visit: Notification Preferences
 We hope you found this message to be useful. However, if you'd rather not receive future e-mails of this sort from Amazon.com, please opt-out here.
 Copyright 2026 Amazon, Inc, or its affiliates. All rights reserved.
 Amazon.com, 410 Terry Avenue North, Seattle, WA 98109-5210
 SPC-EUAmazon-598136016874110",2026-09-15 17:30:00,RETR,xtbBsxL23GqeQpIJrwAA3J
法务/侵权类,older,account_4,weihaizhongxin2024@126.com,"Mon, 7 Sep 2026 04:40:19 +0000",Amazon Seller Central <donotreply@amazon.com>,Your Amazon.se Kreditnota Säljare for 8/2026,,"Your Amazon.se Kreditnota Säljare for 8/2026
 96
Hej Shenzhen shi weihaizhongxin ke ji you xian gong si!
Vi skriver för att informera dig om att din elektroniska Kreditnota Säljare för månaden 8/2026 nu finns tillgänglig på ditt Seller Central-konto.
För att komma åt ditt kreditnotagår du till ditt Seller Central-konto > Rapporter > Bibliotek för skattedokument > Skattefakturor för säljaravgifter.
På ditt Seller Central-konto kan du se, ladda ner eller skriva ut ditt kreditnota.
Om du har några frågor, kontakta säljarsupport.
Vänliga hälsningar,
Amazon.se
 Rapportera ett problem med detta e-post
 Om du har några frågor besök: Seller Central
 För att ändra dina e-postinställningar, besök: Inställningar för meddelanden
 Vi hoppas att du tyckte att det här meddelandet var användbart. Om du föredrar att inte få framtida e-postmeddelanden av detta slag från Amazon.com, välj bort det här.
 Upphovsrätt 2026 Amazon, Inc, eller dess dotterbolag. Alla rättigheter förbehållna.
 Amazon EU S.à r.l.
38 avenue John F. Kennedy
L-1855 Luxemburg
Registrerat i Luxemburg No. B-101818
Aktiekapital 165 833 EUR
Företagets registreringsnummer: 134248
Momsregistrering för Luxemburg LU 20260743.
 SPC-EUAmaz",2026-09-15 17:30:00,RETR,xtbBpRhgRmqeQDg8+QAA3S
法务/侵权类,older,account_4,weihaizhongxin2024@126.com,"Mon, 7 Sep 2026 04:36:05 +0000",Amazon Seller Central <donotreply@amazon.com>,Your Amazon.se Kreditnota Säljare for 8/2026,,"Your Amazon.se Kreditnota Säljare for 8/2026
 96
Hej Shenzhen shi weihaizhongxin ke ji you xian gong si!
Vi skriver för att informera dig om att din elektroniska Kreditnota Säljare för månaden 8/2026 nu finns tillgänglig på ditt Seller Central-konto.
För att komma åt ditt kreditnotagår du till ditt Seller Central-konto > Rapporter > Bibliotek för skattedokument > Skattefakturor för säljaravgifter.
På ditt Seller Central-konto kan du se, ladda ner eller skriva ut ditt kreditnota.
Om du har några frågor, kontakta säljarsupport.
Vänliga hälsningar,
Amazon.se
 Rapportera ett problem med detta e-post
 Om du har några frågor besök: Seller Central
 För att ändra dina e-postinställningar, besök: Inställningar för meddelanden
 Vi hoppas att du tyckte att det här meddelandet var användbart. Om du föredrar att inte få framtida e-postmeddelanden av detta slag från Amazon.com, välj bort det här.
 Upphovsrätt 2026 Amazon, Inc, eller dess dotterbolag. Alla rättigheter förbehållna.
 Amazon EU S.à r.l.
38 avenue John F. Kennedy
L-1855 Luxemburg
Registrerat i Luxemburg No. B-101818
Aktiekapital 165 833 EUR
Företagets registreringsnummer: 134248
Momsregistrering för Luxemburg LU 20260743.
 SPC-EUAmaz",2026-09-15 17:29:59,RETR,xtbBpRogBmqePzo0+AAA3k
法务/侵权类,older,account_4,weihaizhongxin2024@126.com,"Mon, 7 Sep 2026 04:29:13 +0000",Amazon Seller Central <donotreply@amazon.com>,Your Amazon.es Nota de Crédito Vendedor for 8/2026,,"Your Amazon.es Nota de Crédito Vendedor for 8/2026
 96
Hola, Shenzhen shi weihaizhongxin ke ji you xian gong si:
Te escribimos para comunicarte que tu Nota de Crédito Vendedor del mes de 8/2026 ya está disponible en tu cuenta de Seller Central.
Para acceder a la nota de crédito, ve a Seller Central > Informes > Biblioteca de documentos fiscales > Facturas de tarifas aplicables al vendedor.
Allí podrás ver, descargar o imprimir tu nota de crédito.
Para consultas, contacta con atención al vendedor.
Atentamente,
Amazon.es
 Informar de un problema con este correo electrónico
 Si tienes alguna pregunta, visita: Seller Central
 Para cambiar sus preferencias de correo electrónico visitan: Preferencias de Notificación
 Esperamos que este mensaje te haya parecido útil. Sin embargo, si prefieres no recibir correos electrónicos de Amazon.es de este tipo en el futuro, haz clic aquí.
 Copyright 2026 Amazon.com.mx, Inc. o sus afiliados. Todos los derechos reservados.
 Amazon EU S.à r.l.
38 avenue John F. Kennedy,
L-1855 Luxemburgo,
Número de Registro en Luxemburgo: No. B-101818,
Capital Social 165.833 EUR,
Número de licencia de actividad: 134248,
Nº de Registro IVA en Luxemburgo: LU 20260743.
 S",2026-09-15 17:29:59,RETR,xtbBshy4nmqePZwvmgAA3o
法务/侵权类,older,account_4,weihaizhongxin2024@126.com,"Mon, 7 Sep 2026 04:28:07 +0000",Amazon Seller Central <donotreply@amazon.com>,Your Amazon.co.uk Merchant Credit Note for 8/2026,,"Your Amazon.co.uk Merchant Credit Note for 8/2026
 96
Hello,
We are writing to inform you that your electronic Merchant Credit Note for the month of 8/2026 is now available in your Seller Central Account.
To access your invoice, go to your Tax Document Library . In your Tax Document Library, you will be able to view, download or print your invoice.
The Amazon Services Team
 Report an issue with this email
 If you have any questions visit: Seller Central
 To change your email preferences visit: Notification Preferences
 We hope you found this message to be useful. However, if you'd rather not receive future e-mails of this sort from Amazon.com, please opt-out here.
 Copyright 2026 Amazon, Inc, or its affiliates. All rights reserved.
 Amazon.com, 410 Terry Avenue North, Seattle, WA 98109-5210
 SPC-EUAmazon-281476667532457",2026-09-15 17:29:59,RETR,xtbBshyojmqePVwtywAA37
法务/侵权类,older,account_4,weihaizhongxin2024@126.com,"Mon, 7 Sep 2026 04:27:11 +0000",Amazon Seller Central <donotreply@amazon.com>,Your Amazon.de Rechnungskorrektur Verkäufer for 8/2026,,"Your Amazon.de Rechnungskorrektur Verkäufer for 8/2026
 96
Guten Tag Shenzhen shi weihaizhongxin ke ji you xian gong si!
Wir möchten Sie darüber informieren, dass Ihr elektronisches Dokument Rechnungskorrektur Verkäufer für 8.2026 ab sofort in Ihrem Seller Central-Konto verfügbar ist.
Navigieren Sie in Ihrem Seller Central-Konto zu Berichte > Steuerdokumente > Rechnungen über Verkaufsgebühren, um auf Ihr Dokument (Rechnungskorrektur) zuzugreifen.
In Ihrem Seller Central-Konto können Sie Ihr Dokument (Rechnungskorrektur) anzeigen, herunterladen oder ausdrucken.
Wenden Sie sich bei weiteren Fragen bitte an die Verkäuferhilfe.
Freundliche Grüße,
Amazon.de
 Ein Problem mit dieser E-Mail melden
 Bei Fragen besuchen Sie: Seller Central
 Zum Ändern Ihrer E-Mail-Einstellungen, gehen Sie zu: Benachrichtigungseinstellungen
 Wir hoffen, diese Nachricht ist hilfreich für Sie. Falls Sie allerdings in Zukunft keine E-Mails dieser Art von Amazon.de erhalten möchten, melden Sie sich bitte ab.
 Copyright 2026 Amazon Inc. oder Tochtergesellschaften. Alle Rechte vorbehalten.
 Amazon EU S.à r.l.
38 avenue John F. Kennedy,
L-1855 Luxemburg,
Handelsregisternummer Luxemburg: B-101818,
 Gesellschaftskapit",2026-09-15 17:29:58,RETR,xtbBswKZf2qePSLb9AAA3T
法务/侵权类,older,account_4,weihaizhongxin2024@126.com,"Mon, 7 Sep 2026 04:09:19 +0000",Amazon Seller Central <donotreply@amazon.com>,Your Amazon.es Nota de Crédito Vendedor for 8/2026,,"Your Amazon.es Nota de Crédito Vendedor for 8/2026
 96
Hola, Shenzhen shi weihaizhongxin ke ji you xian gong si:
Te escribimos para comunicarte que tu Nota de Crédito Vendedor del mes de 8/2026 ya está disponible en tu cuenta de Seller Central.
Para acceder a la nota de crédito, ve a Seller Central > Informes > Biblioteca de documentos fiscales > Facturas de tarifas aplicables al vendedor.
Allí podrás ver, descargar o imprimir tu nota de crédito.
Para consultas, contacta con atención al vendedor.
Atentamente,
Amazon.es
 Informar de un problema con este correo electrónico
 Si tienes alguna pregunta, visita: Seller Central
 Para cambiar sus preferencias de correo electrónico visitan: Preferencias de Notificación
 Esperamos que este mensaje te haya parecido útil. Sin embargo, si prefieres no recibir correos electrónicos de Amazon.es de este tipo en el futuro, haz clic aquí.
 Copyright 2026 Amazon.com.mx, Inc. o sus afiliados. Todos los derechos reservados.
 Amazon EU S.à r.l.
38 avenue John F. Kennedy,
L-1855 Luxemburgo,
Número de Registro en Luxemburgo: No. B-101818,
Capital Social 165.833 EUR,
Número de licencia de actividad: 134248,
Nº de Registro IVA en Luxemburgo: LU 20260743.
 S",2026-09-15 17:29:58,RETR,xtbBsxSNc2qeOPS4NwAA3u
法务/侵权类,older,account_4,weihaizhongxin2024@126.com,"Mon, 7 Sep 2026 03:03:01 +0000",Amazon Seller Central <donotreply@amazon.com>,Your Amazon.de Rechnungskorrektur Versand durch Amazon for 8/2026,,"Your Amazon.de Rechnungskorrektur Versand durch Amazon for 8/2026
 96
Guten Tag Shenzhen shi weihaizhongxin ke ji you xian gong si!
Wir möchten Sie darüber informieren, dass Ihr elektronisches Dokument Rechnungskorrektur Versand durch Amazon für 8.2026 ab sofort in Ihrem Seller Central-Konto verfügbar ist.
Navigieren Sie in Ihrem Seller Central-Konto zu Berichte > Steuerdokumente > Rechnungen über Verkaufsgebühren, um auf Ihr Dokument (Rechnungskorrektur) zuzugreifen.
In Ihrem Seller Central-Konto können Sie Ihr Dokument (Rechnungskorrektur) anzeigen, herunterladen oder ausdrucken.
Wenden Sie sich bei weiteren Fragen bitte an die Verkäuferhilfe.
Freundliche Grüße,
Amazon.de
 Ein Problem mit dieser E-Mail melden
 Bei Fragen besuchen Sie: Seller Central
 Zum Ändern Ihrer E-Mail-Einstellungen, gehen Sie zu: Benachrichtigungseinstellungen
 Wir hoffen, diese Nachricht ist hilfreich für Sie. Falls Sie allerdings in Zukunft keine E-Mails dieser Art von Amazon.de erhalten möchten, melden Sie sich bitte ab.
 Copyright 2026 Amazon Inc. oder Tochtergesellschaften. Alle Rechte vorbehalten.
 Amazon EU S.à r.l.
38 avenue John F. Kennedy,
L-1855 Luxemburg,
Handelsregisternummer Luxemburg: B-10181",2026-09-15 17:29:57,RETR,xtbBsgqmjGqeKWpQvQAA3I
法务/侵权类,older,account_4,weihaizhongxin2024@126.com,"Mon, 7 Sep 2026 02:03:22 +0000",Amazon Seller Central <donotreply@amazon.com>,Your Amazon.nl Creditnota Verkoper for 8/2026,,"Your Amazon.nl Creditnota Verkoper for 8/2026
 96
Beste Shenzhen shi weihaizhongxin ke ji you xian gong si,
We sturen je dit bericht om je te laten weten dat je elektronische Creditnota Verkoper voor de maand 8 2026 nu beschikbaar is in je Seller Central-account.
Als je toegang wilt krijgen tot je creditnota, ga je naar je Seller Central-account > Overzichten > Bibliotheek met belastingdocumenten > Belastingfacturen voor kosten verkoper.
In je Seller Central-account kun je je creditnota bekijken, downloaden of afdrukken.
Als je nog vragen hebt, kun je contact opnemen met de Ondersteuning voor verkopers.
Met vriendelijke groeten,
Amazon.nl
 Rapporteer een probleem met deze e-mail
 Als je vragen hebt, ga je naar: Seller Central
 Om je e-mailvoorkeuren te wijzigen, ga je naar: Voorkeuren voor meldingen
 We hopen dat je iets aan dit bericht hebt gehad. Als je in de toekomst echter liever niet meer van dit soort e-mails van Amazon.com wilt ontvangen, kun je je afmelden hier.
 Auteursrecht (copyright) 2026 Amazon, Inc. of haar dochterondernemingen. Alle rechten voorbehouden.
 Amazon Services Europe S.à r.l.
38 avenue John F. Kennedy
L-1855 Luxemburg
Geregistreerd in Luxemburg
RCS Luxembu",2026-09-15 17:29:56,RETR,xtbBpA0kCmqeG22HmgAA3Y
法务/侵权类,older,account_4,weihaizhongxin2024@126.com,"Mon, 7 Sep 2026 01:34:58 +0000",Amazon Seller Central <donotreply@amazon.com>,Your Amazon.es Factura Logística de Amazon for 8/2026,,"Your Amazon.es Factura Logística de Amazon for 8/2026
 96
Hola, Shenzhen shi weihaizhongxin ke ji you xian gong si:
Te escribimos para comunicarte que tu Factura Logística de Amazon del mes de 8/2026 ya está disponible en tu cuenta de Seller Central.
Para acceder a la factura, ve a Seller Central > Informes > Biblioteca de documentos fiscales > Facturas de tarifas aplicables al vendedor.
Allí podrás ver, descargar o imprimir tu factura.
Para consultas, contacta con atención al vendedor.
Atentamente,
Amazon.es
 Informar de un problema con este correo electrónico
 Si tienes alguna pregunta, visita: Seller Central
 Para cambiar sus preferencias de correo electrónico visitan: Preferencias de Notificación
 Esperamos que este mensaje te haya parecido útil. Sin embargo, si prefieres no recibir correos electrónicos de Amazon.es de este tipo en el futuro, haz clic aquí.
 Copyright 2026 Amazon.com.mx, Inc. o sus afiliados. Todos los derechos reservados.
 Amazon EU S.à r.l.
38 avenue John F. Kennedy,
L-1855 Luxemburgo,
Número de Registro en Luxemburgo: No. B-101818,
Capital Social 165.833 EUR,
Número de licencia de actividad: 134248,
Nº de Registro IVA en Luxemburgo: LU 20260743.
 SPC-EUAmazo",2026-09-15 17:29:56,RETR,xtbBsgd4XmqeFMdDzQAA36
法务/侵权类,older,account_4,weihaizhongxin2024@126.com,"Mon, 7 Sep 2026 01:08:53 +0000",Amazon Seller Central <donotreply@amazon.com>,Your Amazon.co.uk Merchant Invoice for 8/2026,,"Your Amazon.co.uk Merchant Invoice for 8/2026
 96
Hello,
We are writing to inform you that your electronic Merchant Invoice for the month of 8/2026 is now available in your Seller Central Account.
To access your invoice, go to your Tax Document Library . In your Tax Document Library, you will be able to view, download or print your invoice.
The Amazon Services Team
 Report an issue with this email
 If you have any questions visit: Seller Central
 To change your email preferences visit: Notification Preferences
 We hope you found this message to be useful. However, if you'd rather not receive future e-mails of this sort from Amazon.com, please opt-out here.
 Copyright 2026 Amazon, Inc, or its affiliates. All rights reserved.
 Amazon.com, 410 Terry Avenue North, Seattle, WA 98109-5210
 SPC-EUAmazon-527767271230129",2026-09-15 17:29:56,RETR,xtbBpAjv1WqeDqjzIAAA3X
法务/侵权类,older,account_4,weihaizhongxin2024@126.com,"Mon, 7 Sep 2026 01:06:25 +0000",Amazon Seller Central <donotreply@amazon.com>,Your Amazon.de Rechnung Versand durch Amazon for 8/2026,,"Your Amazon.de Rechnung Versand durch Amazon for 8/2026
 96
Guten Tag Shenzhen shi weihaizhongxin ke ji you xian gong si!
Wir möchten Sie darüber informieren, dass Ihr elektronisches Dokument Rechnung Versand durch Amazon für 8.2026 ab sofort in Ihrem Seller Central-Konto verfügbar ist.
Navigieren Sie in Ihrem Seller Central-Konto zu Berichte > Steuerdokumente > Rechnungen über Verkaufsgebühren, um auf Ihr Dokument (Rechnung) zuzugreifen.
In Ihrem Seller Central-Konto können Sie Ihr Dokument (Rechnung) anzeigen, herunterladen oder ausdrucken.
Wenden Sie sich bei weiteren Fragen bitte an die Verkäuferhilfe.
Freundliche Grüße,
Amazon.de
 Ein Problem mit dieser E-Mail melden
 Bei Fragen besuchen Sie: Seller Central
 Zum Ändern Ihrer E-Mail-Einstellungen, gehen Sie zu: Benachrichtigungseinstellungen
 Wir hoffen, diese Nachricht ist hilfreich für Sie. Falls Sie allerdings in Zukunft keine E-Mails dieser Art von Amazon.de erhalten möchten, melden Sie sich bitte ab.
 Copyright 2026 Amazon Inc. oder Tochtergesellschaften. Alle Rechte vorbehalten.
 Amazon EU S.à r.l.
38 avenue John F. Kennedy,
L-1855 Luxemburg,
Handelsregisternummer Luxemburg: B-101818,
 Gesellschaftskapital: 165.833 EUR,
G",2026-09-15 17:29:55,RETR,xtbBshXKsGqeDhX5uwAA3w
法务/侵权类,older,account_4,weihaizhongxin2024@126.com,"Mon, 7 Sep 2026 01:00:11 +0000",Amazon Seller Central <donotreply@amazon.com>,Your Amazon.co.uk Fulfillment by Amazon Merchant Invoice for 8/2026,,"Your Amazon.co.uk Fulfillment by Amazon Merchant Invoice for 8/2026
 96
Hello,
We are writing to inform you that your electronic Fulfillment by Amazon Merchant Invoice for the month of 8/2026 is now available in your Seller Central Account.
To access your invoice, go to your Tax Document Library . In your Tax Document Library, you will be able to view, download or print your invoice.
The Amazon Services Team
 Report an issue with this email
 If you have any questions visit: Seller Central
 To change your email preferences visit: Notification Preferences
 We hope you found this message to be useful. However, if you'd rather not receive future e-mails of this sort from Amazon.com, please opt-out here.
 Copyright 2026 Amazon, Inc, or its affiliates. All rights reserved.
 Amazon.com, 410 Terry Avenue North, Seattle, WA 98109-5210
 SPC-EUAmazon-914795362684012",2026-09-15 17:29:55,RETR,xtbBpABtU2qeDKDZigAA3R
法务/侵权类,older,account_4,weihaizhongxin2024@126.com,"Mon, 7 Sep 2026 00:39:22 +0000",Amazon Seller Central <donotreply@amazon.com>,Your Amazon.nl Factuur Fulfilled by Amazon for 8/2026,,"Your Amazon.nl Factuur Fulfilled by Amazon for 8/2026
 96
Beste Shenzhen shi weihaizhongxin ke ji you xian gong si,
We sturen je dit bericht om je te laten weten dat je elektronische Factuur Fulfilled by Amazon voor de maand 8 2026 nu beschikbaar is in je Seller Central-account.
Als je toegang wilt krijgen tot je factuur, ga je naar je Seller Central-account > Overzichten > Bibliotheek met belastingdocumenten > Belastingfacturen voor kosten verkoper.
In je Seller Central-account kun je je factuur bekijken, downloaden of afdrukken.
Als je nog vragen hebt, kun je contact opnemen met de Ondersteuning voor verkopers.
Met vriendelijke groeten,
Amazon.nl
 Rapporteer een probleem met deze e-mail
 Als je vragen hebt, ga je naar: Seller Central
 Om je e-mailvoorkeuren te wijzigen, ga je naar: Voorkeuren voor meldingen
 We hopen dat je iets aan dit bericht hebt gehad. Als je in de toekomst echter liever niet meer van dit soort e-mails van Amazon.com wilt ontvangen, kun je je afmelden hier.
 Auteursrecht (copyright) 2026 Amazon, Inc. of haar dochterondernemingen. Alle rechten voorbehouden.
 Amazon Services Europe S.à r.l.
38 avenue John F. Kennedy
L-1855 Luxemburg
Geregistreerd in Luxemburg
R",2026-09-15 17:29:54,RETR,xtbBpRwzGWqeB7yqDAAA36
法务/侵权类,older,account_4,weihaizhongxin2024@126.com,"Sun, 6 Sep 2026 23:59:03 +0000",Amazon Seller Central <donotreply@amazon.com>,Your Amazon.com.be Factuur Fulfilled by Amazon for 8/2026,,"Your Amazon.com.be Factuur Fulfilled by Amazon for 8/2026
 96
Beste Shenzhen shi weihaizhongxin ke ji you xian gong si,
We sturen je dit bericht om je te laten weten dat je elektronische Factuur Fulfilled by Amazon voor de maand 8 2026 nu beschikbaar is in je Seller Central-account.
Als je toegang wilt krijgen tot je factuur, ga je naar je Seller Central-account > Overzichten > Bibliotheek met belastingdocumenten > Belastingfacturen voor kosten verkoper.
In je Seller Central-account kun je je factuur bekijken, downloaden of afdrukken.
Als je nog vragen hebt, kun je contact opnemen met de Ondersteuning voor verkopers.
Met vriendelijke groeten,
Amazon.com.be
 Monsieur/Madame Shenzhen shi weihaizhongxin ke ji you xian gong si,
Nous vous écrivons pour vous informer que votre Facture Expédié Par Amazon pour le mois de 8/2026 est maintenant disponible dans votre compte Seller Central.
Pour accéder à votre facture, rendez-vous sur votre compte Seller Central et veuillez accéder à la page Rapports > Bibliothèque d'informations fiscales > Factures des frais du vendeur.
Dans votre compte Seller Central, vous pourrez afficher, télécharger ou imprimer votre facture.
Pour toute question, contac",2026-09-15 17:29:54,RETR,xtbBpQzUumqd-kxUnQAA3L
法务/侵权类,older,account_4,weihaizhongxin2024@126.com,"Sun, 6 Sep 2026 23:56:53 +0000",Amazon Seller Central <donotreply@amazon.com>,Your Amazon.se Faktura Fraktas Av Amazon for 8/2026,,"Your Amazon.se Faktura Fraktas Av Amazon for 8/2026
 96
Hej Shenzhen shi weihaizhongxin ke ji you xian gong si!
Vi skriver för att informera dig om att din elektroniska Faktura Fraktas Av Amazon för månaden 8/2026 nu finns tillgänglig på ditt Seller Central-konto.
För att komma åt ditt fakturagår du till ditt Seller Central-konto > Rapporter > Bibliotek för skattedokument > Skattefakturor för säljaravgifter.
På ditt Seller Central-konto kan du se, ladda ner eller skriva ut ditt faktura.
Om du har några frågor, kontakta säljarsupport.
Vänliga hälsningar,
Amazon.se
 Rapportera ett problem med detta e-post
 Om du har några frågor besök: Seller Central
 För att ändra dina e-postinställningar, besök: Inställningar för meddelanden
 Vi hoppas att du tyckte att det här meddelandet var användbart. Om du föredrar att inte få framtida e-postmeddelanden av detta slag från Amazon.com, välj bort det här.
 Upphovsrätt 2026 Amazon, Inc, eller dess dotterbolag. Alla rättigheter förbehållna.
 Amazon EU S.à r.l.
38 avenue John F. Kennedy
L-1855 Luxemburg
Registrerat i Luxemburg No. B-101818
Aktiekapital 165 833 EUR
Företagets registreringsnummer: 134248
Momsregistrering för Luxemburg LU 20260743.
 SP",2026-09-15 17:29:54,RETR,xtbBpQeymGqd-cdSSQAA3e
法务/侵权类,older,account_4,weihaizhongxin2024@126.com,"Sun, 6 Sep 2026 23:48:47 +0000",Amazon Seller Central <donotreply@amazon.com>,Your Amazon.se Faktura Fraktas Av Amazon for 8/2026,,"Your Amazon.se Faktura Fraktas Av Amazon for 8/2026
 96
Hej Shenzhen shi weihaizhongxin ke ji you xian gong si!
Vi skriver för att informera dig om att din elektroniska Faktura Fraktas Av Amazon för månaden 8/2026 nu finns tillgänglig på ditt Seller Central-konto.
För att komma åt ditt fakturagår du till ditt Seller Central-konto > Rapporter > Bibliotek för skattedokument > Skattefakturor för säljaravgifter.
På ditt Seller Central-konto kan du se, ladda ner eller skriva ut ditt faktura.
Om du har några frågor, kontakta säljarsupport.
Vänliga hälsningar,
Amazon.se
 Rapportera ett problem med detta e-post
 Om du har några frågor besök: Seller Central
 För att ändra dina e-postinställningar, besök: Inställningar för meddelanden
 Vi hoppas att du tyckte att det här meddelandet var användbart. Om du föredrar att inte få framtida e-postmeddelanden av detta slag från Amazon.com, välj bort det här.
 Upphovsrätt 2026 Amazon, Inc, eller dess dotterbolag. Alla rättigheter förbehållna.
 Amazon EU S.à r.l.
38 avenue John F. Kennedy
L-1855 Luxemburg
Registrerat i Luxemburg No. B-101818
Aktiekapital 165 833 EUR
Företagets registreringsnummer: 134248
Momsregistrering för Luxemburg LU 20260743.
 SP",2026-09-15 17:29:54,RETR,xtbBpQQ6IGqd++RI5QAA3+
法务/侵权类,older,account_4,weihaizhongxin2024@126.com,"Sun, 6 Sep 2026 23:41:01 +0000",Amazon Seller Central <donotreply@amazon.com>,Your Amazon.de Rechnung Versand durch Amazon for 8/2026,,"Your Amazon.de Rechnung Versand durch Amazon for 8/2026
 96
Guten Tag Shenzhen shi weihaizhongxin ke ji you xian gong si!
Wir möchten Sie darüber informieren, dass Ihr elektronisches Dokument Rechnung Versand durch Amazon für 8.2026 ab sofort in Ihrem Seller Central-Konto verfügbar ist.
Navigieren Sie in Ihrem Seller Central-Konto zu Berichte > Steuerdokumente > Rechnungen über Verkaufsgebühren, um auf Ihr Dokument (Rechnung) zuzugreifen.
In Ihrem Seller Central-Konto können Sie Ihr Dokument (Rechnung) anzeigen, herunterladen oder ausdrucken.
Wenden Sie sich bei weiteren Fragen bitte an die Verkäuferhilfe.
Freundliche Grüße,
Amazon.de
 Ein Problem mit dieser E-Mail melden
 Bei Fragen besuchen Sie: Seller Central
 Zum Ändern Ihrer E-Mail-Einstellungen, gehen Sie zu: Benachrichtigungseinstellungen
 Wir hoffen, diese Nachricht ist hilfreich für Sie. Falls Sie allerdings in Zukunft keine E-Mails dieser Art von Amazon.de erhalten möchten, melden Sie sich bitte ab.
 Copyright 2026 Amazon Inc. oder Tochtergesellschaften. Alle Rechte vorbehalten.
 Amazon EU S.à r.l.
38 avenue John F. Kennedy,
L-1855 Luxemburg,
Handelsregisternummer Luxemburg: B-101818,
 Gesellschaftskapital: 165.833 EUR,
G",2026-09-15 17:29:54,RETR,xtbBsxLEqmqd+hJV7wAA3q
法务/侵权类,older,account_4,weihaizhongxin2024@126.com,"Sun, 6 Sep 2026 23:09:33 +0000",Amazon Seller Central <donotreply@amazon.com>,Your Amazon.de Rechnung Verkäufer for 8/2026,,"Your Amazon.de Rechnung Verkäufer for 8/2026
 96
Guten Tag Shenzhen shi weihaizhongxin ke ji you xian gong si!
Wir möchten Sie darüber informieren, dass Ihr elektronisches Dokument Rechnung Verkäufer für 8.2026 ab sofort in Ihrem Seller Central-Konto verfügbar ist.
Navigieren Sie in Ihrem Seller Central-Konto zu Berichte > Steuerdokumente > Rechnungen über Verkaufsgebühren, um auf Ihr Dokument (Rechnung) zuzugreifen.
In Ihrem Seller Central-Konto können Sie Ihr Dokument (Rechnung) anzeigen, herunterladen oder ausdrucken.
Wenden Sie sich bei weiteren Fragen bitte an die Verkäuferhilfe.
Freundliche Grüße,
Amazon.de
 Ein Problem mit dieser E-Mail melden
 Bei Fragen besuchen Sie: Seller Central
 Zum Ändern Ihrer E-Mail-Einstellungen, gehen Sie zu: Benachrichtigungseinstellungen
 Wir hoffen, diese Nachricht ist hilfreich für Sie. Falls Sie allerdings in Zukunft keine E-Mails dieser Art von Amazon.de erhalten möchten, melden Sie sich bitte ab.
 Copyright 2026 Amazon Inc. oder Tochtergesellschaften. Alle Rechte vorbehalten.
 Amazon EU S.à r.l.
38 avenue John F. Kennedy,
L-1855 Luxemburg,
Handelsregisternummer Luxemburg: B-101818,
 Gesellschaftskapital: 165.833 EUR,
Gewerbelizenznummer: 13",2026-09-15 17:29:53,RETR,xtbBshLq0Gqd8rId0AAA3g
法务/侵权类,older,account_4,weihaizhongxin2024@126.com,"Sun, 6 Sep 2026 22:41:45 +0000",Amazon Seller Central <donotreply@amazon.com>,Your Amazon.es Factura Vendedor for 8/2026,,"Your Amazon.es Factura Vendedor for 8/2026
 96
Hola, Shenzhen shi weihaizhongxin ke ji you xian gong si:
Te escribimos para comunicarte que tu Factura Vendedor del mes de 8/2026 ya está disponible en tu cuenta de Seller Central.
Para acceder a la factura, ve a Seller Central > Informes > Biblioteca de documentos fiscales > Facturas de tarifas aplicables al vendedor.
Allí podrás ver, descargar o imprimir tu factura.
Para consultas, contacta con atención al vendedor.
Atentamente,
Amazon.es
 Informar de un problema con este correo electrónico
 Si tienes alguna pregunta, visita: Seller Central
 Para cambiar sus preferencias de correo electrónico visitan: Preferencias de Notificación
 Esperamos que este mensaje te haya parecido útil. Sin embargo, si prefieres no recibir correos electrónicos de Amazon.es de este tipo en el futuro, haz clic aquí.
 Copyright 2026 Amazon.com.mx, Inc. o sus afiliados. Todos los derechos reservados.
 Amazon EU S.à r.l.
38 avenue John F. Kennedy,
L-1855 Luxemburgo,
Número de Registro en Luxemburgo: No. B-101818,
Capital Social 165.833 EUR,
Número de licencia de actividad: 134248,
Nº de Registro IVA en Luxemburgo: LU 20260743.
 SPC-EUAmazon-404621969679595",2026-09-15 17:29:52,RETR,xtbBsw5ILmqd7C4NQQAA3i
法务/侵权类,older,account_4,weihaizhongxin2024@126.com,"Sun, 6 Sep 2026 22:38:15 +0000",Amazon Seller Central <donotreply@amazon.com>,Your Amazon.es Factura Logística de Amazon for 8/2026,,"Your Amazon.es Factura Logística de Amazon for 8/2026
 96
Hola, Shenzhen shi weihaizhongxin ke ji you xian gong si:
Te escribimos para comunicarte que tu Factura Logística de Amazon del mes de 8/2026 ya está disponible en tu cuenta de Seller Central.
Para acceder a la factura, ve a Seller Central > Informes > Biblioteca de documentos fiscales > Facturas de tarifas aplicables al vendedor.
Allí podrás ver, descargar o imprimir tu factura.
Para consultas, contacta con atención al vendedor.
Atentamente,
Amazon.es
 Informar de un problema con este correo electrónico
 Si tienes alguna pregunta, visita: Seller Central
 Para cambiar sus preferencias de correo electrónico visitan: Preferencias de Notificación
 Esperamos que este mensaje te haya parecido útil. Sin embargo, si prefieres no recibir correos electrónicos de Amazon.es de este tipo en el futuro, haz clic aquí.
 Copyright 2026 Amazon.com.mx, Inc. o sus afiliados. Todos los derechos reservados.
 Amazon EU S.à r.l.
38 avenue John F. Kennedy,
L-1855 Luxemburgo,
Número de Registro en Luxemburgo: No. B-101818,
Capital Social 165.833 EUR,
Número de licencia de actividad: 134248,
Nº de Registro IVA en Luxemburgo: LU 20260743.
 SPC-EUAmazo",2026-09-15 17:29:52,RETR,xtbBpR0U+Wqd612m6wAA3Z
法务/侵权类,older,account_4,weihaizhongxin2024@126.com,"Sun, 6 Sep 2026 22:37:39 +0000",Amazon Seller Central <donotreply@amazon.com>,Your Amazon.nl Factuur Fulfilled by Amazon for 8/2026,,"Your Amazon.nl Factuur Fulfilled by Amazon for 8/2026
 96
Beste Shenzhen shi weihaizhongxin ke ji you xian gong si,
We sturen je dit bericht om je te laten weten dat je elektronische Factuur Fulfilled by Amazon voor de maand 8 2026 nu beschikbaar is in je Seller Central-account.
Als je toegang wilt krijgen tot je factuur, ga je naar je Seller Central-account > Overzichten > Bibliotheek met belastingdocumenten > Belastingfacturen voor kosten verkoper.
In je Seller Central-account kun je je factuur bekijken, downloaden of afdrukken.
Als je nog vragen hebt, kun je contact opnemen met de Ondersteuning voor verkopers.
Met vriendelijke groeten,
Amazon.nl
 Rapporteer een probleem met deze e-mail
 Als je vragen hebt, ga je naar: Seller Central
 Om je e-mailvoorkeuren te wijzigen, ga je naar: Voorkeuren voor meldingen
 We hopen dat je iets aan dit bericht hebt gehad. Als je in de toekomst echter liever niet meer van dit soort e-mails van Amazon.com wilt ontvangen, kun je je afmelden hier.
 Auteursrecht (copyright) 2026 Amazon, Inc. of haar dochterondernemingen. Alle rechten voorbehouden.
 Amazon Services Europe S.à r.l.
38 avenue John F. Kennedy
L-1855 Luxemburg
Geregistreerd in Luxemburg
R",2026-09-15 17:29:51,RETR,xtbBsxYK72qd6zYJHQAA3+
法务/侵权类,older,account_4,weihaizhongxin2024@126.com,"Sun, 6 Sep 2026 22:25:15 +0000",Amazon Seller Central <donotreply@amazon.com>,Your Amazon.se Faktura Fraktas Av Amazon for 8/2026,,"Your Amazon.se Faktura Fraktas Av Amazon for 8/2026
 96
Hej Shenzhen shi weihaizhongxin ke ji you xian gong si!
Vi skriver för att informera dig om att din elektroniska Faktura Fraktas Av Amazon för månaden 8/2026 nu finns tillgänglig på ditt Seller Central-konto.
För att komma åt ditt fakturagår du till ditt Seller Central-konto > Rapporter > Bibliotek för skattedokument > Skattefakturor för säljaravgifter.
På ditt Seller Central-konto kan du se, ladda ner eller skriva ut ditt faktura.
Om du har några frågor, kontakta säljarsupport.
Vänliga hälsningar,
Amazon.se
 Rapportera ett problem med detta e-post
 Om du har några frågor besök: Seller Central
 För att ändra dina e-postinställningar, besök: Inställningar för meddelanden
 Vi hoppas att du tyckte att det här meddelandet var användbart. Om du föredrar att inte få framtida e-postmeddelanden av detta slag från Amazon.com, välj bort det här.
 Upphovsrätt 2026 Amazon, Inc, eller dess dotterbolag. Alla rättigheter förbehållna.
 Amazon EU S.à r.l.
38 avenue John F. Kennedy
L-1855 Luxemburg
Registrerat i Luxemburg No. B-101818
Aktiekapital 165 833 EUR
Företagets registreringsnummer: 134248
Momsregistrering för Luxemburg LU 20260743.
 SP",2026-09-15 17:29:51,RETR,xtbBpRBQNmqd6FCaVAAA3S
法务/侵权类,older,account_4,weihaizhongxin2024@126.com,"Sun, 6 Sep 2026 22:25:11 +0000",Amazon Seller Central <donotreply@amazon.com>,Your Amazon.de Rechnung Versand durch Amazon for 8/2026,,"Your Amazon.de Rechnung Versand durch Amazon for 8/2026
 96
Guten Tag Shenzhen shi weihaizhongxin ke ji you xian gong si!
Wir möchten Sie darüber informieren, dass Ihr elektronisches Dokument Rechnung Versand durch Amazon für 8.2026 ab sofort in Ihrem Seller Central-Konto verfügbar ist.
Navigieren Sie in Ihrem Seller Central-Konto zu Berichte > Steuerdokumente > Rechnungen über Verkaufsgebühren, um auf Ihr Dokument (Rechnung) zuzugreifen.
In Ihrem Seller Central-Konto können Sie Ihr Dokument (Rechnung) anzeigen, herunterladen oder ausdrucken.
Wenden Sie sich bei weiteren Fragen bitte an die Verkäuferhilfe.
Freundliche Grüße,
Amazon.de
 Ein Problem mit dieser E-Mail melden
 Bei Fragen besuchen Sie: Seller Central
 Zum Ändern Ihrer E-Mail-Einstellungen, gehen Sie zu: Benachrichtigungseinstellungen
 Wir hoffen, diese Nachricht ist hilfreich für Sie. Falls Sie allerdings in Zukunft keine E-Mails dieser Art von Amazon.de erhalten möchten, melden Sie sich bitte ab.
 Copyright 2026 Amazon Inc. oder Tochtergesellschaften. Alle Rechte vorbehalten.
 Amazon EU S.à r.l.
38 avenue John F. Kennedy,
L-1855 Luxemburg,
Handelsregisternummer Luxemburg: B-101818,
 Gesellschaftskapital: 165.833 EUR,
G",2026-09-15 17:29:51,RETR,xtbBsglONGqd6EmXSgAA3K
法务/侵权类,older,account_4,weihaizhongxin2024@126.com,"Sun, 6 Sep 2026 22:18:55 +0000",Amazon Seller Central <donotreply@amazon.com>,Your Amazon.de Rechnung Versand durch Amazon for 8/2026,,"Your Amazon.de Rechnung Versand durch Amazon for 8/2026
 96
Guten Tag Shenzhen shi weihaizhongxin ke ji you xian gong si!
Wir möchten Sie darüber informieren, dass Ihr elektronisches Dokument Rechnung Versand durch Amazon für 8.2026 ab sofort in Ihrem Seller Central-Konto verfügbar ist.
Navigieren Sie in Ihrem Seller Central-Konto zu Berichte > Steuerdokumente > Rechnungen über Verkaufsgebühren, um auf Ihr Dokument (Rechnung) zuzugreifen.
In Ihrem Seller Central-Konto können Sie Ihr Dokument (Rechnung) anzeigen, herunterladen oder ausdrucken.
Wenden Sie sich bei weiteren Fragen bitte an die Verkäuferhilfe.
Freundliche Grüße,
Amazon.de
 Ein Problem mit dieser E-Mail melden
 Bei Fragen besuchen Sie: Seller Central
 Zum Ändern Ihrer E-Mail-Einstellungen, gehen Sie zu: Benachrichtigungseinstellungen
 Wir hoffen, diese Nachricht ist hilfreich für Sie. Falls Sie allerdings in Zukunft keine E-Mails dieser Art von Amazon.de erhalten möchten, melden Sie sich bitte ab.
 Copyright 2026 Amazon Inc. oder Tochtergesellschaften. Alle Rechte vorbehalten.
 Amazon EU S.à r.l.
38 avenue John F. Kennedy,
L-1855 Luxemburg,
Handelsregisternummer Luxemburg: B-101818,
 Gesellschaftskapital: 165.833 EUR,
G",2026-09-15 17:29:51,RETR,xtbBsxTw1mqd5tT28QAA3D
法务/侵权类,older,account_4,weihaizhongxin2024@126.com,"Sun, 6 Sep 2026 22:18:08 +0000",Amazon Seller Central <donotreply@amazon.com>,Your Amazon.nl Factuur Verkoper for 8/2026,,"Your Amazon.nl Factuur Verkoper for 8/2026
 96
Beste Shenzhen shi weihaizhongxin ke ji you xian gong si,
We sturen je dit bericht om je te laten weten dat je elektronische Factuur Verkoper voor de maand 8 2026 nu beschikbaar is in je Seller Central-account.
Als je toegang wilt krijgen tot je factuur, ga je naar je Seller Central-account > Overzichten > Bibliotheek met belastingdocumenten > Belastingfacturen voor kosten verkoper.
In je Seller Central-account kun je je factuur bekijken, downloaden of afdrukken.
Als je nog vragen hebt, kun je contact opnemen met de Ondersteuning voor verkopers.
Met vriendelijke groeten,
Amazon.nl
 Rapporteer een probleem met deze e-mail
 Als je vragen hebt, ga je naar: Seller Central
 Om je e-mailvoorkeuren te wijzigen, ga je naar: Voorkeuren voor meldingen
 We hopen dat je iets aan dit bericht hebt gehad. Als je in de toekomst echter liever niet meer van dit soort e-mails van Amazon.com wilt ontvangen, kun je je afmelden hier.
 Auteursrecht (copyright) 2026 Amazon, Inc. of haar dochterondernemingen. Alle rechten voorbehouden.
 Amazon Services Europe S.à r.l.
38 avenue John F. Kennedy
L-1855 Luxemburg
Geregistreerd in Luxemburg
RCS Luxemburg Nr: B-938",2026-09-15 17:29:50,RETR,xtbBpAXkymqd5qWlSQAA3X
法务/侵权类,older,account_4,weihaizhongxin2024@126.com,"Sun, 6 Sep 2026 20:59:59 +0000",Amazon Seller Central <donotreply@amazon.com>,Your Amazon.com.be Factuur Verkoper for 8/2026,,"Your Amazon.com.be Factuur Verkoper for 8/2026
 96
Beste Shenzhen shi weihaizhongxin ke ji you xian gong si,
We sturen je dit bericht om je te laten weten dat je elektronische Factuur Verkoper voor de maand 8 2026 nu beschikbaar is in je Seller Central-account.
Als je toegang wilt krijgen tot je factuur, ga je naar je Seller Central-account > Overzichten > Bibliotheek met belastingdocumenten > Belastingfacturen voor kosten verkoper.
In je Seller Central-account kun je je factuur bekijken, downloaden of afdrukken.
Als je nog vragen hebt, kun je contact opnemen met de Ondersteuning voor verkopers.
Met vriendelijke groeten,
Amazon.com.be
 Monsieur/Madame Shenzhen shi weihaizhongxin ke ji you xian gong si,
Nous vous écrivons pour vous informer que votre Facture Vendeur pour le mois de 8/2026 est maintenant disponible dans votre compte Seller Central.
Pour accéder à votre facture, rendez-vous sur votre compte Seller Central et veuillez accéder à la page Rapports > Bibliothèque d'informations fiscales > Factures des frais du vendeur.
Dans votre compte Seller Central, vous pourrez afficher, télécharger ou imprimer votre facture.
Pour toute question, contactez le Support Vendeur.
Cordialem",2026-09-15 17:29:50,RETR,xtbBsxFLMWqd1FG6DQAA3d
法务/侵权类,older,account_4,weihaizhongxin2024@126.com,"Sun, 6 Sep 2026 20:39:31 +0000",Amazon Services <donotreply@amazon.com>,Skicka in produktsäkerhetsdokumentation för att återaktivera produktposter,,"96
 Skicka in produktsäkerhetsdokumentation för att återaktivera produktposter
 Hej Weihai EU!
 Vissa av dina produktposter har inaktiverats på grund av att det saknas obligatorisk överensstämmelse för dina produkter. Granska informationen och följande steg nedan. De berörda produktposterna visas i slutet av det här e-postmeddelandet.
 Varför händer det här?
 Vi vidtar den här åtgärden eftersom det saknas obligatorisk information om överensstämmelse för de här produkterna. Läs vår hjälpsida för Produktsäkerhet och -överensstämmelse för information om tillämpliga lagar, förordningar och Amazons policyer. Vi har använt oss av både automatiserade metoder och mänskliga expertgranskare för att identifiera problemet och fatta det här beslutet.
 Tabellen i slutet av detta e-postmeddelande innehåller produktspecifika krav för överensstämmelse.
 Hur återaktiverar jag mina produktposter?
 Om du vill tillhandahålla den begärda överensstämmelseinformationen går du till sidan Kontostatus och letar upp begäranden om produktöverensstämmelse:
-
 Om du har den obligatoriska dokumentationen ska du skicka in dina överensstämmelsedokument enligt instruktionerna. Vi återaktiverar endast produkter som u",2026-09-15 17:29:49,RETR,xtbBpAgY-Wqdz4hd9QAA3R
法务/侵权类,older,account_4,weihaizhongxin2024@126.com,"Sun, 6 Sep 2026 20:29:23 +0000",Amazon Seller Central <donotreply@amazon.com>,Your Amazon.com.be Factuur Fulfilled by Amazon for 8/2026,,"Your Amazon.com.be Factuur Fulfilled by Amazon for 8/2026
 96
Beste Shenzhen shi weihaizhongxin ke ji you xian gong si,
We sturen je dit bericht om je te laten weten dat je elektronische Factuur Fulfilled by Amazon voor de maand 8 2026 nu beschikbaar is in je Seller Central-account.
Als je toegang wilt krijgen tot je factuur, ga je naar je Seller Central-account > Overzichten > Bibliotheek met belastingdocumenten > Belastingfacturen voor kosten verkoper.
In je Seller Central-account kun je je factuur bekijken, downloaden of afdrukken.
Als je nog vragen hebt, kun je contact opnemen met de Ondersteuning voor verkopers.
Met vriendelijke groeten,
Amazon.com.be
 Monsieur/Madame Shenzhen shi weihaizhongxin ke ji you xian gong si,
Nous vous écrivons pour vous informer que votre Facture Expédié Par Amazon pour le mois de 8/2026 est maintenant disponible dans votre compte Seller Central.
Pour accéder à votre facture, rendez-vous sur votre compte Seller Central et veuillez accéder à la page Rapports > Bibliothèque d'informations fiscales > Factures des frais du vendeur.
Dans votre compte Seller Central, vous pourrez afficher, télécharger ou imprimer votre facture.
Pour toute question, contac",2026-09-15 17:29:49,RETR,xtbBpAV+ZGqdzSVX3wAA3s
法务/侵权类,older,account_4,weihaizhongxin2024@126.com,"Sun, 6 Sep 2026 20:15:08 +0000",Amazon Seller Central <donotreply@amazon.com>,Your Amazon.com.be Factuur Fulfilled by Amazon for 8/2026,,"Your Amazon.com.be Factuur Fulfilled by Amazon for 8/2026
 96
Beste Shenzhen shi weihaizhongxin ke ji you xian gong si,
We sturen je dit bericht om je te laten weten dat je elektronische Factuur Fulfilled by Amazon voor de maand 8 2026 nu beschikbaar is in je Seller Central-account.
Als je toegang wilt krijgen tot je factuur, ga je naar je Seller Central-account > Overzichten > Bibliotheek met belastingdocumenten > Belastingfacturen voor kosten verkoper.
In je Seller Central-account kun je je factuur bekijken, downloaden of afdrukken.
Als je nog vragen hebt, kun je contact opnemen met de Ondersteuning voor verkopers.
Met vriendelijke groeten,
Amazon.com.be
 Monsieur/Madame Shenzhen shi weihaizhongxin ke ji you xian gong si,
Nous vous écrivons pour vous informer que votre Facture Expédié Par Amazon pour le mois de 8/2026 est maintenant disponible dans votre compte Seller Central.
Pour accéder à votre facture, rendez-vous sur votre compte Seller Central et veuillez accéder à la page Rapports > Bibliothèque d'informations fiscales > Factures des frais du vendeur.
Dans votre compte Seller Central, vous pourrez afficher, télécharger ou imprimer votre facture.
Pour toute question, contac",2026-09-15 17:29:46,RETR,xtbBpBq6oGqdyhpQAAAA3T
法务/侵权类,older,account_4,weihaizhongxin2024@126.com,"Sun, 6 Sep 2026 19:50:44 +0000",Amazon Seller Central <donotreply@amazon.com>,Your Amazon.pl Faktura Sprzedawcy for 8/2026,,"Your Amazon.pl Faktura Sprzedawcy for 8/2026
 96
Cześć Shenzhen shi weihaizhongxin ke ji you xian gong si,
Pragniemy poinformować, że ten elektroniczny dokument jest już dostępny na Twoim koncie Seller Central: Faktura Sprzedawcy za miesiąc 8 i rok 2026.
Aby uzyskać dostęp do tego dokumentu typu faktura, przejdź na konto Seller Central > Raporty > Dokumenty podatkowe > Faktury podatkowe z tytułu opłat od sprzedawcy.
Na koncie Seller Central możesz wyświetlić, pobrać i wydrukować taki dokument (faktura).
Jeśli masz jakieś pytania, skontaktuj się z działem pomocy dla sprzedawców.
Pozdrawiamy,
Amazon.pl
 Zgłoś problem z tym e-mailem
 Jeśli masz pytania, odwiedź stronę: Seller Central
 Aby zmienić preferencje poczty e-mail, odwiedź: Preferencje powiadomień
 Mamy nadzieję, że ta wiadomość jest pomocna. Jeśli jednak wolisz nie otrzymywać przyszłych wiadomości e-mail tego typu z witryny Amazon.com, zrezygnuj z tej opcji tutaj.
 Prawa autorskie 2026 Amazon, Inc. lub jej podmioty stowarzyszone. Wszelkie prawa zastrzeżone.
 Amazon EU S.a.r.l.
38 avenue John F. Kennedy
L-1855 Luksemburg,
spółka zarejestrowana w Luksemburgu pod nr. B-101818,
kapitał zakładowy: 165,833 EUR,
numer zezwolenia na ",2026-09-15 17:29:46,RETR,xtbBpBc4HmqdxBc91gAA3a
法务/侵权类,older,account_4,weihaizhongxin2024@126.com,"Sun, 6 Sep 2026 19:45:42 +0000",Amazon Seller Central <donotreply@amazon.com>,Your Amazon.es Factura Logística de Amazon for 8/2026,,"Your Amazon.es Factura Logística de Amazon for 8/2026
 96
Hola, Shenzhen shi weihaizhongxin ke ji you xian gong si:
Te escribimos para comunicarte que tu Factura Logística de Amazon del mes de 8/2026 ya está disponible en tu cuenta de Seller Central.
Para acceder a la factura, ve a Seller Central > Informes > Biblioteca de documentos fiscales > Facturas de tarifas aplicables al vendedor.
Allí podrás ver, descargar o imprimir tu factura.
Para consultas, contacta con atención al vendedor.
Atentamente,
Amazon.es
 Informar de un problema con este correo electrónico
 Si tienes alguna pregunta, visita: Seller Central
 Para cambiar sus preferencias de correo electrónico visitan: Preferencias de Notificación
 Esperamos que este mensaje te haya parecido útil. Sin embargo, si prefieres no recibir correos electrónicos de Amazon.es de este tipo en el futuro, haz clic aquí.
 Copyright 2026 Amazon.com.mx, Inc. o sus afiliados. Todos los derechos reservados.
 Amazon EU S.à r.l.
38 avenue John F. Kennedy,
L-1855 Luxemburgo,
Número de Registro en Luxemburgo: No. B-101818,
Capital Social 165.833 EUR,
Número de licencia de actividad: 134248,
Nº de Registro IVA en Luxemburgo: LU 20260743.
 SPC-EUAmazo",2026-09-15 17:29:46,RETR,xtbBsgns0mqdwuknogAA3c
法务/侵权类,older,account_4,weihaizhongxin2024@126.com,"Sun, 6 Sep 2026 19:11:44 +0000",Amazon Seller Central <donotreply@amazon.com>,Your Amazon.de Selbstfakturierung AGL for 8/2026,,"Your Amazon.de Selbstfakturierung AGL for 8/2026
 96
Guten Tag Shenzhen shi weihaizhongxin ke ji you xian gong si!
Wir möchten Sie darüber informieren, dass Ihr elektronisches Dokument Selbstfakturierung AGL für 8.2026 ab sofort in Ihrem Seller Central-Konto verfügbar ist.
Navigieren Sie in Ihrem Seller Central-Konto zu Berichte > Steuerdokumente > Rechnungen über Verkaufsgebühren, um auf Ihr Dokument (Rechnung) zuzugreifen.
In Ihrem Seller Central-Konto können Sie Ihr Dokument (Rechnung) anzeigen, herunterladen oder ausdrucken.
Wenden Sie sich bei weiteren Fragen bitte an die Verkäuferhilfe.
Freundliche Grüße,
Amazon.de
 Ein Problem mit dieser E-Mail melden
 Bei Fragen besuchen Sie: Seller Central
 Zum Ändern Ihrer E-Mail-Einstellungen, gehen Sie zu: Benachrichtigungseinstellungen
 Wir hoffen, diese Nachricht ist hilfreich für Sie. Falls Sie allerdings in Zukunft keine E-Mails dieser Art von Amazon.de erhalten möchten, melden Sie sich bitte ab.
 Copyright 2026 Amazon Inc. oder Tochtergesellschaften. Alle Rechte vorbehalten.
 Amazon EU S.à r.l.
38 avenue John F. Kennedy,
L-1855 Luxemburg,
Handelsregisternummer Luxemburg: B-101818,
 Gesellschaftskapital: 165.833 EUR,
Gewerbelizenznu",2026-09-15 17:29:45,RETR,xtbBpBXt02qduvUmxAAA3V
法务/侵权类,older,account_4,weihaizhongxin2024@126.com,"Sun, 6 Sep 2026 19:06:41 +0000",Amazon Seller Central <donotreply@amazon.com>,Your Amazon.de Rechnung Verkäufer for 8/2026,,"Your Amazon.de Rechnung Verkäufer for 8/2026
 96
Guten Tag Shenzhen shi weihaizhongxin ke ji you xian gong si!
Wir möchten Sie darüber informieren, dass Ihr elektronisches Dokument Rechnung Verkäufer für 8.2026 ab sofort in Ihrem Seller Central-Konto verfügbar ist.
Navigieren Sie in Ihrem Seller Central-Konto zu Berichte > Steuerdokumente > Rechnungen über Verkaufsgebühren, um auf Ihr Dokument (Rechnung) zuzugreifen.
In Ihrem Seller Central-Konto können Sie Ihr Dokument (Rechnung) anzeigen, herunterladen oder ausdrucken.
Wenden Sie sich bei weiteren Fragen bitte an die Verkäuferhilfe.
Freundliche Grüße,
Amazon.de
 Ein Problem mit dieser E-Mail melden
 Bei Fragen besuchen Sie: Seller Central
 Zum Ändern Ihrer E-Mail-Einstellungen, gehen Sie zu: Benachrichtigungseinstellungen
 Wir hoffen, diese Nachricht ist hilfreich für Sie. Falls Sie allerdings in Zukunft keine E-Mails dieser Art von Amazon.de erhalten möchten, melden Sie sich bitte ab.
 Copyright 2026 Amazon Inc. oder Tochtergesellschaften. Alle Rechte vorbehalten.
 Amazon EU S.à r.l.
38 avenue John F. Kennedy,
L-1855 Luxemburg,
Handelsregisternummer Luxemburg: B-101818,
 Gesellschaftskapital: 165.833 EUR,
Gewerbelizenznummer: 13",2026-09-15 17:29:45,RETR,xtbBsgOghmqducMQrAAA3m
法务/侵权类,older,account_4,weihaizhongxin2024@126.com,"Sun, 6 Sep 2026 18:35:49 +0000",Amazon Seller Central <donotreply@amazon.com>,Your Amazon.de Rechnung Versand durch Amazon for 8/2026,,"Your Amazon.de Rechnung Versand durch Amazon for 8/2026
 96
Guten Tag Shenzhen shi weihaizhongxin ke ji you xian gong si!
Wir möchten Sie darüber informieren, dass Ihr elektronisches Dokument Rechnung Versand durch Amazon für 8.2026 ab sofort in Ihrem Seller Central-Konto verfügbar ist.
Navigieren Sie in Ihrem Seller Central-Konto zu Berichte > Steuerdokumente > Rechnungen über Verkaufsgebühren, um auf Ihr Dokument (Rechnung) zuzugreifen.
In Ihrem Seller Central-Konto können Sie Ihr Dokument (Rechnung) anzeigen, herunterladen oder ausdrucken.
Wenden Sie sich bei weiteren Fragen bitte an die Verkäuferhilfe.
Freundliche Grüße,
Amazon.de
 Ein Problem mit dieser E-Mail melden
 Bei Fragen besuchen Sie: Seller Central
 Zum Ändern Ihrer E-Mail-Einstellungen, gehen Sie zu: Benachrichtigungseinstellungen
 Wir hoffen, diese Nachricht ist hilfreich für Sie. Falls Sie allerdings in Zukunft keine E-Mails dieser Art von Amazon.de erhalten möchten, melden Sie sich bitte ab.
 Copyright 2026 Amazon Inc. oder Tochtergesellschaften. Alle Rechte vorbehalten.
 Amazon EU S.à r.l.
38 avenue John F. Kennedy,
L-1855 Luxemburg,
Handelsregisternummer Luxemburg: B-101818,
 Gesellschaftskapital: 165.833 EUR,
G",2026-09-15 17:29:44,RETR,xtbBpQjQtmqdsoj9VAAA3v
法务/侵权类,older,account_4,weihaizhongxin2024@126.com,"Sun, 6 Sep 2026 18:10:01 +0000",Amazon Services <donotreply@amazon.com>,"Dien productveiligheidsdocumentatie in om de deactivering van de
 productvermelding te voorkomen",,"96
 Hallo Weihai EU,
 Enkele van je productvermeldingen lopen het risico op deactivering omdat er verplichte nalevingsvereisten voor je producten ontbreken. Bekijk de gegevens en de stappen hieronder. De betreffende productvermeldingen worden aan het einde van deze e-mail weergegeven.
 Waarom gebeurt dit?
 We hebben deze actie ondernomen omdat voor deze producten verplichte nalevingsinformatie ontbreekt. Raadpleeg onze hulp-pagina Productveiligheid en -conformiteit voor informatie over de toepasselijke wet- en regelgeving en het Amazon-beleid.
 De tabel aan het einde van deze e-mail bevat productspecifieke nalevingsvereisten.
 Hoe activeer ik mijn productvermeldingen opnieuw?
 Als je de vereiste nalevingsgegevens wilt verstrekken, ga je naar de pagina Accountstatus en zoek je de aanvragen voor productconformiteit:
-
 Als je over de vereiste documentatie beschikt, volg je de instructies om je nalevingsdocumenten in te dienen.
-
 Als je van mening bent dat je producten zijn vrijgesteld van deze vereisten, dien dan documentatie in waaruit blijkt wat de reden is dat ze niet aan deze nalevingsvereisten zijn onderworpen.
 Raadpleeg voor stapsgewijze instructies onze hulp-pagina Documente",2026-09-15 17:29:43,RETR,xtbBsxtLMWqdrHtJSAAA3z
法务/侵权类,older,account_4,weihaizhongxin2024@126.com,"Sun, 6 Sep 2026 18:08:44 +0000",Amazon Services <donotreply@amazon.com>,Przesyłanie dokumentacji dotyczącej bezpieczeństwa produktu w celu niedopuszczenia do dezaktywacji oferty,,"96
 Dzień dobry Weihai EU,
 niektóre z Twoich ofert są zagrożone dezaktywacją z powodu niespełnienia obowiązków dotyczących zgodności wystawianych przez Ciebie produktów z wymogami. Poniżej znajdziesz szczegółowe informacje oraz dalsze instrukcje. Oferty produktów, których dotyczy problem, wskazano na końcu niniejszej wiadomości e-mail.
 Dlaczego tak się stało?
 Podjęliśmy to działanie, ponieważ w przypadku tych produktów nie dostarczono obowiązkowych informacji dotyczących zgodności z wymogami. Więcej informacji na temat mających zastosowanie przepisów ustawowych i wykonawczych oraz zasad Amazon znajdziesz na stronie Bezpieczeństwo i zgodność produktu z wymogami .
 Informacje na temat wymogów dotyczących zgodności dla poszczególnych produktów znajdziesz w tabeli na końcu tej wiadomości e-mail.
 Jak mogę ponownie aktywować oferty?
 Aby dostarczyć niezbędne informacje dotyczące zgodności z wymogami, przejdź do panelu Kondycja konta i znajdź żądania dotyczące zgodności produktu z wymogami:
-
 Jeśli dysponujesz wymaganymi dokumentami zgodności, postępuj zgodnie z instrukcjami, aby je przesłać.
-
 Jeśli uważasz, że Twoje produkty są zwolnione z wymogów dotyczących zgodności, prześlij d",2026-09-15 17:29:43,RETR,xtbBsxE5H2qdrDFIWAAA3+
法务/侵权类,older,account_4,weihaizhongxin2024@126.com,"Sun, 6 Sep 2026 18:06:29 +0000",Amazon Services <donotreply@amazon.com>,Soumettre la documentation de sécurité des produits pour éviter la désactivation des mises en vente,,"96
 Bonjour Weihai EU,
 Certaines de vos mises en vente risquent d’être désactivées, car vos produits ne respectent pas les exigences de conformité obligatoires. Consultez les détails et les étapes suivantes ci-dessous. Les produits mis en vente concernés figurent à la fin de cet e-mail.
 Pourquoi cela se produit-il ?
 Nous prenons cette mesure, car ces produits ne présentent pas les informations de conformité obligatoires. Consultez notre page d’aide Sécurité et conformité des produits pour obtenir des informations sur les lois, réglementations et politiques Amazon applicables.
 Le tableau situé à la fin de cet e-mail présente les exigences de conformité spécifiques aux produits.
 Comment réactiver mes produits mis en vente ?
 Pour fournir les informations de conformité requises, accédez à la page État du compte et localisez les demandes de conformité des produits :
-
 Si vous disposez des documents requis, suivez les instructions pour soumettre vos documents de conformité.
-
 Si vous pensez que vos produits sont exemptés de ces exigences, soumettez des pièces justificatives prouvant les raisons pour lesquelles ils ne sont pas soumis à ces exigences de conformité.
 Pour des instru",2026-09-15 17:29:42,RETR,xtbBpQcW+2qdq6fkVgAA3G
法务/侵权类,older,account_4,weihaizhongxin2024@126.com,"Sun, 6 Sep 2026 17:50:58 +0000",Amazon Seller Central <donotreply@amazon.com>,Your Amazon.pl Faktura Realizacja przez Amazon for 8/2026,,"Your Amazon.pl Faktura Realizacja przez Amazon for 8/2026
 96
Cześć Shenzhen shi weihaizhongxin ke ji you xian gong si,
Pragniemy poinformować, że ten elektroniczny dokument jest już dostępny na Twoim koncie Seller Central: Faktura Realizacja przez Amazon za miesiąc 8 i rok 2026.
Aby uzyskać dostęp do tego dokumentu typu faktura, przejdź na konto Seller Central > Raporty > Dokumenty podatkowe > Faktury podatkowe z tytułu opłat od sprzedawcy.
Na koncie Seller Central możesz wyświetlić, pobrać i wydrukować taki dokument (faktura).
Jeśli masz jakieś pytania, skontaktuj się z działem pomocy dla sprzedawców.
Pozdrawiamy,
Amazon.pl
 Zgłoś problem z tym e-mailem
 Jeśli masz pytania, odwiedź stronę: Seller Central
 Aby zmienić preferencje poczty e-mail, odwiedź: Preferencje powiadomień
 Mamy nadzieję, że ta wiadomość jest pomocna. Jeśli jednak wolisz nie otrzymywać przyszłych wiadomości e-mail tego typu z witryny Amazon.com, zrezygnuj z tej opcji tutaj.
 Prawa autorskie 2026 Amazon, Inc. lub jej podmioty stowarzyszone. Wszelkie prawa zastrzeżone.
 Amazon EU S.a.r.l.
38 avenue John F. Kennedy
L-1855 Luksemburg,
spółka zarejestrowana w Luksemburgu pod nr. B-101818,
kapitał zakładowy: 165,833",2026-09-15 17:29:41,RETR,xtbBpQYtE2qdqAbYQwAA3f
法务/侵权类,older,account_4,weihaizhongxin2024@126.com,"Sun, 6 Sep 2026 17:16:06 +0000",Amazon Seller Central <donotreply@amazon.com>,Your Amazon.es Factura Vendedor for 8/2026,,"Your Amazon.es Factura Vendedor for 8/2026
 96
Hola, Shenzhen shi weihaizhongxin ke ji you xian gong si:
Te escribimos para comunicarte que tu Factura Vendedor del mes de 8/2026 ya está disponible en tu cuenta de Seller Central.
Para acceder a la factura, ve a Seller Central > Informes > Biblioteca de documentos fiscales > Facturas de tarifas aplicables al vendedor.
Allí podrás ver, descargar o imprimir tu factura.
Para consultas, contacta con atención al vendedor.
Atentamente,
Amazon.es
 Informar de un problema con este correo electrónico
 Si tienes alguna pregunta, visita: Seller Central
 Para cambiar sus preferencias de correo electrónico visitan: Preferencias de Notificación
 Esperamos que este mensaje te haya parecido útil. Sin embargo, si prefieres no recibir correos electrónicos de Amazon.es de este tipo en el futuro, haz clic aquí.
 Copyright 2026 Amazon.com.mx, Inc. o sus afiliados. Todos los derechos reservados.
 Amazon EU S.à r.l.
38 avenue John F. Kennedy,
L-1855 Luxemburgo,
Número de Registro en Luxemburgo: No. B-101818,
Capital Social 165.833 EUR,
Número de licencia de actividad: 134248,
Nº de Registro IVA en Luxemburgo: LU 20260743.
 SPC-EUAmazon-738873503306575",2026-09-15 17:29:41,RETR,xtbBshkgBmqdn9m8jgAA3O
法务/侵权类,older,account_4,weihaizhongxin2024@126.com,"Sun, 6 Sep 2026 17:08:49 +0000",Amazon Services <donotreply@amazon.com>,Presenta la documentación sobre seguridad del producto para evitar la desactivación de los listings,,"96
 Hola, Weihai EU:
 Algunos de tus listings están en riesgo de desactivación debido a que tus productos no cumplen los requisitos obligatorios. Revisa a continuación los detalles y siguientes pasos. Los listings afectados aparecen al final de este correo electrónico.
 ¿A qué se debe esto?
 Tomamos esta medida porque a estos productos les falta información de cumplimiento normativo obligatoria. Para más información sobre las leyes, normativas y políticas de Amazon aplicables, consulta Cumplimiento y seguridad de los productos .
 En la tabla que aparece al final de este correo electrónico se proporcionan los requisitos de cumplimiento normativo específicos del producto.
 ¿Cómo puedo reactivar mis listings?
 Para proporcionar la información de cumplimiento normativo obligatoria, ve a la página Estado de la cuenta y localiza las solicitudes de cumplimiento normativo del producto:
-
 Si dispones de la documentación obligatoria, sigue las instrucciones para presentar los documentos de cumplimiento normativo.
-
 Si crees que tus productos están exentos de estos requisitos, presenta documentación que demuestre por qué no están sujetos a estos requisitos de cumplimiento normativo.
 Para v",2026-09-15 17:29:41,RETR,xtbBpQSymGqdniS63AAA3g
法务/侵权类,older,account_4,weihaizhongxin2024@126.com,"Sun, 6 Sep 2026 17:06:12 +0000",Amazon Services <donotreply@amazon.com>,"Invia la documentazione sulla sicurezza del prodotto per evitare la
 disattivazione dell'offerta",,"96
 Gentile Weihai EU,
 Alcune delle tue offerte sono a rischio di disattivazione perché i relativi prodotti non soddisfano i requisiti obbligatori sulla conformità. Rivedi i dettagli e i passi successivi riportati di seguito. Puoi visualizzare le offerte interessate in fondo a questa e-mail.
 Ciò a cosa è dovuto?
 Abbiamo intrapreso questo provvedimento in quanto i tuoi prodotti non dispongono delle informazioni obbligatorie sulla conformità. Consulta la pagina di aiuto Sicurezza e conformità dei prodotti per informazioni sulle leggi, le normative e le politiche di Amazon applicabili.
 La tabella alla fine di questa e-mail contiene i requisiti di conformità specifici per i prodotti.
 Come faccio a riattivare le mie offerte?
 Per fornire le informazioni di conformità richieste, vai alla pagina Stato dell'account per individuare le richieste di conformità dei prodotti:
-
 Se disponi della documentazione richiesta, segui le istruzioni per inviare i documenti di conformità.
-
 Se ritieni che i tuoi prodotti siano esenti da questi requisiti, invia la documentazione che dimostra il motivo per cui non sono soggetti a questi requisiti di conformità.
 Per istruzioni dettagliate, consulta l",2026-09-15 17:29:40,RETR,xtbBswaKcGqdnYYbsAAA3I
法务/侵权类,older,account_4,weihaizhongxin2024@126.com,"Sun, 6 Sep 2026 17:05:11 +0000",Amazon Seller Central <donotreply@amazon.com>,Your Amazon.se Faktura Säljare for 8/2026,,"Your Amazon.se Faktura Säljare for 8/2026
 96
Hej Shenzhen shi weihaizhongxin ke ji you xian gong si!
Vi skriver för att informera dig om att din elektroniska Faktura Säljare för månaden 8/2026 nu finns tillgänglig på ditt Seller Central-konto.
För att komma åt ditt fakturagår du till ditt Seller Central-konto > Rapporter > Bibliotek för skattedokument > Skattefakturor för säljaravgifter.
På ditt Seller Central-konto kan du se, ladda ner eller skriva ut ditt faktura.
Om du har några frågor, kontakta säljarsupport.
Vänliga hälsningar,
Amazon.se
 Rapportera ett problem med detta e-post
 Om du har några frågor besök: Seller Central
 För att ändra dina e-postinställningar, besök: Inställningar för meddelanden
 Vi hoppas att du tyckte att det här meddelandet var användbart. Om du föredrar att inte få framtida e-postmeddelanden av detta slag från Amazon.com, välj bort det här.
 Upphovsrätt 2026 Amazon, Inc, eller dess dotterbolag. Alla rättigheter förbehållna.
 Amazon EU S.à r.l.
38 avenue John F. Kennedy
L-1855 Luxemburg
Registrerat i Luxemburg No. B-101818
Aktiekapital 165 833 EUR
Företagets registreringsnummer: 134248
Momsregistrering för Luxemburg LU 20260743.
 SPC-EUAmazon-351860606",2026-09-15 17:29:40,RETR,xtbBsgp7YWqdnUqzYQAA3Q
法务/侵权类,older,account_4,weihaizhongxin2024@126.com,"Sun, 6 Sep 2026 16:47:02 +0000",Amazon Seller Central <donotreply@amazon.com>,Your Amazon.co.uk Fulfillment by Amazon Merchant Invoice for 8/2026,,"Your Amazon.co.uk Fulfillment by Amazon Merchant Invoice for 8/2026
 96
Hello,
We are writing to inform you that your electronic Fulfillment by Amazon Merchant Invoice for the month of 8/2026 is now available in your Seller Central Account.
To access your invoice, go to your Tax Document Library . In your Tax Document Library, you will be able to view, download or print your invoice.
The Amazon Services Team
 Report an issue with this email
 If you have any questions visit: Seller Central
 To change your email preferences visit: Notification Preferences
 We hope you found this message to be useful. However, if you'd rather not receive future e-mails of this sort from Amazon.com, please opt-out here.
 Copyright 2026 Amazon, Inc, or its affiliates. All rights reserved.
 Amazon.com, 410 Terry Avenue North, Seattle, WA 98109-5210
 SPC-EUAmazon-1231454712357950",2026-09-15 17:29:39,RETR,xtbBpAtqUGqdmQu2QAAA3G
法务/侵权类,older,account_4,weihaizhongxin2024@126.com,"Sun, 6 Sep 2026 15:12:47 +0000",Amazon Seller Central <donotreply@amazon.com>,Your Amazon.es Factura Logística de Amazon for 8/2026,,"Your Amazon.es Factura Logística de Amazon for 8/2026
 96
Hola, Shenzhen shi weihaizhongxin ke ji you xian gong si:
Te escribimos para comunicarte que tu Factura Logística de Amazon del mes de 8/2026 ya está disponible en tu cuenta de Seller Central.
Para acceder a la factura, ve a Seller Central > Informes > Biblioteca de documentos fiscales > Facturas de tarifas aplicables al vendedor.
Allí podrás ver, descargar o imprimir tu factura.
Para consultas, contacta con atención al vendedor.
Atentamente,
Amazon.es
 Informar de un problema con este correo electrónico
 Si tienes alguna pregunta, visita: Seller Central
 Para cambiar sus preferencias de correo electrónico visitan: Preferencias de Notificación
 Esperamos que este mensaje te haya parecido útil. Sin embargo, si prefieres no recibir correos electrónicos de Amazon.es de este tipo en el futuro, haz clic aquí.
 Copyright 2026 Amazon.com.mx, Inc. o sus afiliados. Todos los derechos reservados.
 Amazon EU S.à r.l.
38 avenue John F. Kennedy,
L-1855 Luxemburgo,
Número de Registro en Luxemburgo: No. B-101818,
Capital Social 165.833 EUR,
Número de licencia de actividad: 134248,
Nº de Registro IVA en Luxemburgo: LU 20260743.
 SPC-EUAmazo",2026-09-15 17:29:39,RETR,xtbBshnw1mqdgzlArwAA3v
法务/侵权类,older,account_4,weihaizhongxin2024@126.com,"Sun, 6 Sep 2026 14:26:25 +0000",Amazon Seller Central <donotreply@amazon.com>,Your Amazon.nl Factuur Fulfilled by Amazon for 8/2026,,"Your Amazon.nl Factuur Fulfilled by Amazon for 8/2026
 96
Beste Shenzhen shi weihaizhongxin ke ji you xian gong si,
We sturen je dit bericht om je te laten weten dat je elektronische Factuur Fulfilled by Amazon voor de maand 8 2026 nu beschikbaar is in je Seller Central-account.
Als je toegang wilt krijgen tot je factuur, ga je naar je Seller Central-account > Overzichten > Bibliotheek met belastingdocumenten > Belastingfacturen voor kosten verkoper.
In je Seller Central-account kun je je factuur bekijken, downloaden of afdrukken.
Als je nog vragen hebt, kun je contact opnemen met de Ondersteuning voor verkopers.
Met vriendelijke groeten,
Amazon.nl
 Rapporteer een probleem met deze e-mail
 Als je vragen hebt, ga je naar: Seller Central
 Om je e-mailvoorkeuren te wijzigen, ga je naar: Voorkeuren voor meldingen
 We hopen dat je iets aan dit bericht hebt gehad. Als je in de toekomst echter liever niet meer van dit soort e-mails van Amazon.com wilt ontvangen, kun je je afmelden hier.
 Auteursrecht (copyright) 2026 Amazon, Inc. of haar dochterondernemingen. Alle rechten voorbehouden.
 Amazon Services Europe S.à r.l.
38 avenue John F. Kennedy
L-1855 Luxemburg
Geregistreerd in Luxemburg
R",2026-09-15 17:29:38,RETR,xtbBshYlC2qdeBYI+QAA3i
法务/侵权类,older,account_4,weihaizhongxin2024@126.com,"Sun, 6 Sep 2026 13:00:45 +0200 (CEST)","""no.reply@wipo.int"" <no.reply@wipo.int>",WIPO Account - Recovery e-mail,,"WIPO Account - Recovery e-mail
 Dear deis DEIS,
 Please use the code below to validate the recovery e-mail address for your WIPO Account:
 79789411
 If you are not the originator of this action, please contact us .
 Best regards,
 World Intellectual Property Organization
 World Intellectual Property Organization
 34 chemin des Colombettes, CH-1211 Geneva, Switzerland | www.wipo.int
 This is an automatic e-mail - please do not reply.",2026-09-15 17:29:36,RETR,xtbBshAQ9WqdR-AKwwAA3O
法务/侵权类,older,account_4,weihaizhongxin2024@126.com,"Sun, 6 Sep 2026 13:00:45 +0200 (CEST)","""no.reply@wipo.int"" <no.reply@wipo.int>",WIPO Account - Recovery e-mail,,"WIPO Account - Recovery e-mail
 Dear deis DEIS,
 Please click on the following button to confirm your recovery e-mail.
 Confirm your recovery e-mail
 If you are not the originator of this action, please contact us .
 Best regards,
 World Intellectual Property Organization
 World Intellectual Property Organization
 34 chemin des Colombettes, CH-1211 Geneva, Switzerland | www.wipo.int
 This is an automatic e-mail - please do not reply.",2026-09-15 17:29:37,RETR,xtbBsg0fBWqdSC0MBAAA3-
法务/侵权类,older,account_4,weihaizhongxin2024@126.com,"Sat, 5 Sep 2026 21:21:59 +0000",Amazon Services <donotreply@amazon.com>,Soumettre la documentation de sécurité des produits pour réactiver les mises en vente,,"96
 Soumettre la documentation de sécurité des produits pour réactiver les mises en vente
 Bonjour Weihai EU,
 Certaines de vos mises en vente ont été désactivées, car vos produits ne respectaient pas des exigences de conformité obligatoires. Consultez les détails et les étapes suivantes ci-dessous. Les produits mis en vente concernés figurent à la fin de cet e-mail.
 Pourquoi cela se produit-il ?
 Nous prenons cette mesure, car ces produits ne présentent pas les informations de conformité obligatoires. Consultez notre page d’aide Sécurité et conformité des produits pour obtenir des informations sur les lois, réglementations et politiques Amazon applicables. Nous nous sommes appuyés sur une combinaison de moyens automatisés et de contrôles menés par des personnes expérimentées pour identifier ce problème et prendre cette décision.
 Le tableau situé à la fin de cet e-mail présente les exigences de conformité spécifiques aux produits.
 Comment réactiver mes produits mis en vente ?
 Pour fournir les informations de conformité requises, accédez à la page État du compte et localisez les demandes de conformité des produits :
-
 Si vous disposez des documents requis, suivez les instructio",2026-09-15 17:29:35,RETR,xtbBsx3iyGqch-04vwAA3P
法务/侵权类,older,account_4,weihaizhongxin2024@126.com,"Sat, 5 Sep 2026 21:08:16 +0000",Amazon Services <donotreply@amazon.com>,"Dien productveiligheidsdocumentatie in om productvermeldingen
 opnieuw te activeren",,"96
 Dien productveiligheidsdocumentatie in om productvermeldingen opnieuw te activeren
 Hallo Weihai EU,
 Sommige van je productvermeldingen zijn gedeactiveerd omdat er verplichte nalevingsvereisten voor je producten ontbreken. Bekijk de gegevens en de stappen hieronder. De betreffende productvermeldingen worden aan het einde van deze e-mail weergegeven.
 Waarom gebeurt dit?
 We hebben deze actie ondernomen omdat voor deze producten verplichte nalevingsinformatie ontbreekt. Raadpleeg onze hulp-pagina Productveiligheid en -conformiteit voor informatie over de toepasselijke wet- en regelgeving en het Amazon-beleid. We hebben gebruikgemaakt van een combinatie van geautomatiseerde middelen en deskundige menselijke beoordeling om dit probleem te identificeren en deze beslissing te nemen.
 De tabel aan het einde van deze e-mail bevat productspecifieke nalevingsvereisten.
 Hoe activeer ik mijn productvermeldingen opnieuw?
 Als je de vereiste nalevingsgegevens wilt verstrekken, ga je naar de pagina Accountstatus en zoek je de aanvragen voor productconformiteit:
-
 Als je over de vereiste documentatie beschikt, volg je de instructies om je nalevingsdocumenten in te dienen. We zullen alleen ",2026-09-15 17:29:35,RETR,xtbBswMT+GqchMMwkQAA3L
法务/侵权类,older,account_4,weihaizhongxin2024@126.com,"Sat, 5 Sep 2026 21:07:44 +0000",Amazon Services <donotreply@amazon.com>,Presenta la documentación sobre seguridad del producto para reactivar los listings,,"96
 Presenta la documentación sobre seguridad del producto para reactivar los listings
 Hola, Weihai EU:
 Algunos de tus listings se han desactivado debido a que tus productos no cumplen los requisitos obligatorios. Revisa a continuación los detalles y siguientes pasos. Los listings afectados aparecen al final de este correo electrónico.
 ¿A qué se debe esto?
 Tomamos esta medida porque a estos productos les falta información de cumplimiento normativo obligatoria. Para más información sobre las leyes, normativas y políticas de Amazon aplicables, consulta Cumplimiento y seguridad de los productos . Hemos usado una combinación de medios automatizados y revisión humana experta para identificar la incidencia y tomar una decisión.
 En la tabla que aparece al final de este correo electrónico se proporcionan los requisitos de cumplimiento normativo específicos del producto.
 ¿Cómo puedo reactivar mis listings?
 Para proporcionar la información de cumplimiento normativo obligatoria, ve a la página Estado de la cuenta y localiza las solicitudes de cumplimiento normativo del producto:
-
 Si dispones de la documentación obligatoria, sigue las instrucciones para presentar los documentos de cum",2026-09-15 17:29:34,RETR,xtbBsgYM8WqchKYEBgAA3f
法务/侵权类,older,account_4,weihaizhongxin2024@126.com,"Sat, 5 Sep 2026 20:53:24 +0000",Amazon Services <donotreply@amazon.com>,Przesyłanie dokumentacji dotyczącej bezpieczeństwa produktu w celu ponownego aktywowania ofert,,"96
 Przesyłanie dokumentacji dotyczącej bezpieczeństwa produktu w celu ponownego aktywowania ofert
 Dzień dobry Weihai EU,
 niektóre z Twoich ofert zostały zdezaktywowane z powodu niespełnienia obowiązków dotyczących zgodności wystawianych przez Ciebie produktów z wymogami. Poniżej znajdziesz szczegółowe informacje oraz dalsze instrukcje. Oferty produktów, których dotyczy problem, wskazano na końcu niniejszej wiadomości e-mail.
 Dlaczego tak się stało?
 Podjęliśmy to działanie, ponieważ w przypadku tych produktów nie dostarczono obowiązkowych informacji dotyczących zgodności z wymogami. Więcej informacji na temat mających zastosowanie przepisów ustawowych i wykonawczych oraz zasad Amazon znajdziesz na stronie Bezpieczeństwo i zgodność produktu z wymogami . Do identyfikacji problemu i podjęcia decyzji wykorzystaliśmy zautomatyzowane narzędzia, a otrzymane za ich pomocą wyniki poddaliśmy weryfikacji przez eksperta.
 Informacje na temat wymogów dotyczących zgodności dla poszczególnych produktów znajdziesz w tabeli na końcu tej wiadomości e-mail.
 Jak mogę ponownie aktywować oferty?
 Aby dostarczyć niezbędne informacje dotyczące zgodności z wymogami, przejdź do panelu Kondycja konta i ",2026-09-15 17:29:33,RETR,xtbBpQczGWqcgUfqSQAA3b
法务/侵权类,older,account_4,weihaizhongxin2024@126.com,"Sat, 5 Sep 2026 20:39:39 +0000",Amazon Services <donotreply@amazon.com>,Skicka in produktsäkerhetsdokumentation för att återaktivera produktposter,,"96
 Skicka in produktsäkerhetsdokumentation för att återaktivera produktposter
 Hej Weihai EU!
 Vissa av dina produktposter har inaktiverats på grund av att det saknas obligatorisk överensstämmelse för dina produkter. Granska informationen och följande steg nedan. De berörda produktposterna visas i slutet av det här e-postmeddelandet.
 Varför händer det här?
 Vi vidtar den här åtgärden eftersom det saknas obligatorisk information om överensstämmelse för de här produkterna. Läs vår hjälpsida för Produktsäkerhet och -överensstämmelse för information om tillämpliga lagar, förordningar och Amazons policyer. Vi har använt oss av både automatiserade metoder och mänskliga expertgranskare för att identifiera problemet och fatta det här beslutet.
 Tabellen i slutet av detta e-postmeddelande innehåller produktspecifika krav för överensstämmelse.
 Hur återaktiverar jag mina produktposter?
 Om du vill tillhandahålla den begärda överensstämmelseinformationen går du till sidan Kontostatus och letar upp begäranden om produktöverensstämmelse:
-
 Om du har den obligatoriska dokumentationen ska du skicka in dina överensstämmelsedokument enligt instruktionerna. Vi återaktiverar endast produkter som u",2026-09-15 17:29:33,RETR,xtbBsw5kSmqcfg4chQAA3M
法务/侵权类,older,account_4,weihaizhongxin2024@126.com,"Sat, 5 Sep 2026 20:06:48 +0000",Amazon Services <donotreply@amazon.com>,"Invia la documentazione sulla sicurezza del prodotto per riattivare
 le offerte",,"96
 Invia la documentazione sulla sicurezza del prodotto per riattivare le offerte
 Gentile Weihai EU,
 Alcune delle tue offerte sono state disattivate a causa della mancanza di alcuni requisiti di conformità obbligatori per i tuoi prodotti. Rivedi i dettagli e i passi successivi riportati di seguito. Puoi visualizzare le offerte interessate in fondo a questa e-mail.
 Ciò a cosa è dovuto?
 Abbiamo intrapreso questo provvedimento in quanto i tuoi prodotti non dispongono delle informazioni obbligatorie sulla conformità. Consulta la pagina di aiuto Sicurezza e conformità dei prodotti per informazioni sulle leggi, le normative e le politiche di Amazon applicabili. Questa decisione è stata presa sulla base dei risultati di un'analisi effettuata in parte tramite revisione umana e in parte per mezzo di sistemi automatizzati.
 La tabella alla fine di questa e-mail contiene i requisiti di conformità specifici per i prodotti.
 Come faccio a riattivare le mie offerte?
 Per fornire le informazioni di conformità richieste, vai alla pagina Stato dell'account per individuare le richieste di conformità dei prodotti:
-
 Se disponi della documentazione richiesta, segui le istruzioni per inviare i do",2026-09-15 17:29:33,RETR,xtbBpRt1W2qcdlvJlgAA3U
法务/侵权类,older,account_4,weihaizhongxin2024@126.com,"Fri, 4 Sep 2026 21:19:21 +0000",Amazon Services <donotreply@amazon.com>,Soumettre la documentation de sécurité des produits pour réactiver les mises en vente,,"96
 Soumettre la documentation de sécurité des produits pour réactiver les mises en vente
 Bonjour Weihai EU,
 Certaines de vos mises en vente ont été désactivées, car vos produits ne respectaient pas des exigences de conformité obligatoires. Consultez les détails et les étapes suivantes ci-dessous. Les produits mis en vente concernés figurent à la fin de cet e-mail.
 Pourquoi cela se produit-il ?
 Nous prenons cette mesure, car ces produits ne présentent pas les informations de conformité obligatoires. Consultez notre page d’aide Sécurité et conformité des produits pour obtenir des informations sur les lois, réglementations et politiques Amazon applicables. Nous nous sommes appuyés sur une combinaison de moyens automatisés et de contrôles menés par des personnes expérimentées pour identifier ce problème et prendre cette décision.
 Le tableau situé à la fin de cet e-mail présente les exigences de conformité spécifiques aux produits.
 Comment réactiver mes produits mis en vente ?
 Pour fournir les informations de conformité requises, accédez à la page État du compte et localisez les demandes de conformité des produits :
-
 Si vous disposez des documents requis, suivez les instructio",2026-09-15 17:29:28,RETR,xtbBpR8G62qbNd-n3wAA30
法务/侵权类,older,account_4,weihaizhongxin2024@126.com,"Fri, 4 Sep 2026 21:01:23 +0000",Amazon Services <donotreply@amazon.com>,Presenta la documentación sobre seguridad del producto para reactivar los listings,,"96
 Presenta la documentación sobre seguridad del producto para reactivar los listings
 Hola, Weihai EU:
 Algunos de tus listings se han desactivado debido a que tus productos no cumplen los requisitos obligatorios. Revisa a continuación los detalles y siguientes pasos. Los listings afectados aparecen al final de este correo electrónico.
 ¿A qué se debe esto?
 Tomamos esta medida porque a estos productos les falta información de cumplimiento normativo obligatoria. Para más información sobre las leyes, normativas y políticas de Amazon aplicables, consulta Cumplimiento y seguridad de los productos . Hemos usado una combinación de medios automatizados y revisión humana experta para identificar la incidencia y tomar una decisión.
 En la tabla que aparece al final de este correo electrónico se proporcionan los requisitos de cumplimiento normativo específicos del producto.
 ¿Cómo puedo reactivar mis listings?
 Para proporcionar la información de cumplimiento normativo obligatoria, ve a la página Estado de la cuenta y localiza las solicitudes de cumplimiento normativo del producto:
-
 Si dispones de la documentación obligatoria, sigue las instrucciones para presentar los documentos de cum",2026-09-15 17:29:27,RETR,xtbBpQb23GqbMabQxQAA36
法务/侵权类,older,account_4,weihaizhongxin2024@126.com,"Fri, 4 Sep 2026 21:00:45 +0000",Amazon Services <donotreply@amazon.com>,"Dien productveiligheidsdocumentatie in om productvermeldingen
 opnieuw te activeren",,"96
 Dien productveiligheidsdocumentatie in om productvermeldingen opnieuw te activeren
 Hallo Weihai EU,
 Sommige van je productvermeldingen zijn gedeactiveerd omdat er verplichte nalevingsvereisten voor je producten ontbreken. Bekijk de gegevens en de stappen hieronder. De betreffende productvermeldingen worden aan het einde van deze e-mail weergegeven.
 Waarom gebeurt dit?
 We hebben deze actie ondernomen omdat voor deze producten verplichte nalevingsinformatie ontbreekt. Raadpleeg onze hulp-pagina Productveiligheid en -conformiteit voor informatie over de toepasselijke wet- en regelgeving en het Amazon-beleid. We hebben gebruikgemaakt van een combinatie van geautomatiseerde middelen en deskundige menselijke beoordeling om dit probleem te identificeren en deze beslissing te nemen.
 De tabel aan het einde van deze e-mail bevat productspecifieke nalevingsvereisten.
 Hoe activeer ik mijn productvermeldingen opnieuw?
 Als je de vereiste nalevingsgegevens wilt verstrekken, ga je naar de pagina Accountstatus en zoek je de aanvragen voor productconformiteit:
-
 Als je over de vereiste documentatie beschikt, volg je de instructies om je nalevingsdocumenten in te dienen. We zullen alleen ",2026-09-15 17:29:27,RETR,xtbBsh-s0mqbMX-WzgAA30
法务/侵权类,older,account_4,weihaizhongxin2024@126.com,"Fri, 4 Sep 2026 20:47:07 +0000",Amazon Services <donotreply@amazon.com>,Przesyłanie dokumentacji dotyczącej bezpieczeństwa produktu w celu ponownego aktywowania ofert,,"96
 Przesyłanie dokumentacji dotyczącej bezpieczeństwa produktu w celu ponownego aktywowania ofert
 Dzień dobry Weihai EU,
 niektóre z Twoich ofert zostały zdezaktywowane z powodu niespełnienia obowiązków dotyczących zgodności wystawianych przez Ciebie produktów z wymogami. Poniżej znajdziesz szczegółowe informacje oraz dalsze instrukcje. Oferty produktów, których dotyczy problem, wskazano na końcu niniejszej wiadomości e-mail.
 Dlaczego tak się stało?
 Podjęliśmy to działanie, ponieważ w przypadku tych produktów nie dostarczono obowiązkowych informacji dotyczących zgodności z wymogami. Więcej informacji na temat mających zastosowanie przepisów ustawowych i wykonawczych oraz zasad Amazon znajdziesz na stronie Bezpieczeństwo i zgodność produktu z wymogami . Do identyfikacji problemu i podjęcia decyzji wykorzystaliśmy zautomatyzowane narzędzia, a otrzymane za ich pomocą wyniki poddaliśmy weryfikacji przez eksperta.
 Informacje na temat wymogów dotyczących zgodności dla poszczególnych produktów znajdziesz w tabeli na końcu tej wiadomości e-mail.
 Jak mogę ponownie aktywować oferty?
 Aby dostarczyć niezbędne informacje dotyczące zgodności z wymogami, przejdź do panelu Kondycja konta i ",2026-09-15 17:29:27,RETR,xtbBshEhB2qbLlHGJwAA3q
法务/侵权类,older,account_4,weihaizhongxin2024@126.com,"Fri, 4 Sep 2026 20:32:02 +0000",Amazon Services <donotreply@amazon.com>,Skicka in produktsäkerhetsdokumentation för att återaktivera produktposter,,"96
 Skicka in produktsäkerhetsdokumentation för att återaktivera produktposter
 Hej Weihai EU!
 Vissa av dina produktposter har inaktiverats på grund av att det saknas obligatorisk överensstämmelse för dina produkter. Granska informationen och följande steg nedan. De berörda produktposterna visas i slutet av det här e-postmeddelandet.
 Varför händer det här?
 Vi vidtar den här åtgärden eftersom det saknas obligatorisk information om överensstämmelse för de här produkterna. Läs vår hjälpsida för Produktsäkerhet och -överensstämmelse för information om tillämpliga lagar, förordningar och Amazons policyer. Vi har använt oss av både automatiserade metoder och mänskliga expertgranskare för att identifiera problemet och fatta det här beslutet.
 Tabellen i slutet av detta e-postmeddelande innehåller produktspecifika krav för överensstämmelse.
 Hur återaktiverar jag mina produktposter?
 Om du vill tillhandahålla den begärda överensstämmelseinformationen går du till sidan Kontostatus och letar upp begäranden om produktöverensstämmelse:
-
 Om du har den obligatoriska dokumentationen ska du skicka in dina överensstämmelsedokument enligt instruktionerna. Vi återaktiverar endast produkter som u",2026-09-15 17:29:26,RETR,xtbBsgg+JGqbKsiyNgAA33
法务/侵权类,older,account_4,weihaizhongxin2024@126.com,"Fri, 4 Sep 2026 20:04:05 +0000",Amazon Services <donotreply@amazon.com>,"Invia la documentazione sulla sicurezza del prodotto per riattivare
 le offerte",,"96
 Invia la documentazione sulla sicurezza del prodotto per riattivare le offerte
 Gentile Weihai EU,
 Alcune delle tue offerte sono state disattivate a causa della mancanza di alcuni requisiti di conformità obbligatori per i tuoi prodotti. Rivedi i dettagli e i passi successivi riportati di seguito. Puoi visualizzare le offerte interessate in fondo a questa e-mail.
 Ciò a cosa è dovuto?
 Abbiamo intrapreso questo provvedimento in quanto i tuoi prodotti non dispongono delle informazioni obbligatorie sulla conformità. Consulta la pagina di aiuto Sicurezza e conformità dei prodotti per informazioni sulle leggi, le normative e le politiche di Amazon applicabili. Questa decisione è stata presa sulla base dei risultati di un'analisi effettuata in parte tramite revisione umana e in parte per mezzo di sistemi automatizzati.
 La tabella alla fine di questa e-mail contiene i requisiti di conformità specifici per i prodotti.
 Come faccio a riattivare le mie offerte?
 Per fornire le informazioni di conformità richieste, vai alla pagina Stato dell'account per individuare le richieste di conformità dei prodotti:
-
 Se disponi della documentazione richiesta, segui le istruzioni per inviare i do",2026-09-15 17:29:26,RETR,xtbBshiYfmqbJDiRxAAA30
法务/侵权类,older,account_4,weihaizhongxin2024@126.com,"Thu, 3 Sep 2026 21:15:11 +0000",Amazon Services <donotreply@amazon.com>,Soumettre la documentation de sécurité des produits pour réactiver les mises en vente,,"96
 Soumettre la documentation de sécurité des produits pour réactiver les mises en vente
 Bonjour Weihai EU,
 Certaines de vos mises en vente ont été désactivées, car vos produits ne respectaient pas des exigences de conformité obligatoires. Consultez les détails et les étapes suivantes ci-dessous. Les produits mis en vente concernés figurent à la fin de cet e-mail.
 Pourquoi cela se produit-il ?
 Nous prenons cette mesure, car ces produits ne présentent pas les informations de conformité obligatoires. Consultez notre page d’aide Sécurité et conformité des produits pour obtenir des informations sur les lois, réglementations et politiques Amazon applicables. Nous nous sommes appuyés sur une combinaison de moyens automatisés et de contrôles menés par des personnes expérimentées pour identifier ce problème et prendre cette décision.
 Le tableau situé à la fin de cet e-mail présente les exigences de conformité spécifiques aux produits.
 Comment réactiver mes produits mis en vente ?
 Pour fournir les informations de conformité requises, accédez à la page État du compte et localisez les demandes de conformité des produits :
-
 Si vous disposez des documents requis, suivez les instructio",2026-09-15 17:29:25,RETR,xtbBswQT+GqZ42QYjgAA3+
法务/侵权类,older,account_4,weihaizhongxin2024@126.com,"Thu, 3 Sep 2026 20:46:20 +0000",Amazon Services <donotreply@amazon.com>,Presenta la documentación sobre seguridad del producto para reactivar los listings,,"96
 Presenta la documentación sobre seguridad del producto para reactivar los listings
 Hola, Weihai EU:
 Algunos de tus listings se han desactivado debido a que tus productos no cumplen los requisitos obligatorios. Revisa a continuación los detalles y siguientes pasos. Los listings afectados aparecen al final de este correo electrónico.
 ¿A qué se debe esto?
 Tomamos esta medida porque a estos productos les falta información de cumplimiento normativo obligatoria. Para más información sobre las leyes, normativas y políticas de Amazon aplicables, consulta Cumplimiento y seguridad de los productos . Hemos usado una combinación de medios automatizados y revisión humana experta para identificar la incidencia y tomar una decisión.
 En la tabla que aparece al final de este correo electrónico se proporcionan los requisitos de cumplimiento normativo específicos del producto.
 ¿Cómo puedo reactivar mis listings?
 Para proporcionar la información de cumplimiento normativo obligatoria, ve a la página Estado de la cuenta y localiza las solicitudes de cumplimiento normativo del producto:
-
 Si dispones de la documentación obligatoria, sigue las instrucciones para presentar los documentos de cum",2026-09-15 17:29:24,RETR,xtbBswFgRmqZ3KH9NgAA3R
法务/侵权类,older,account_4,weihaizhongxin2024@126.com,"Thu, 3 Sep 2026 20:45:48 +0000",Amazon Services <donotreply@amazon.com>,"Dien productveiligheidsdocumentatie in om productvermeldingen
 opnieuw te activeren",,"96
 Dien productveiligheidsdocumentatie in om productvermeldingen opnieuw te activeren
 Hallo Weihai EU,
 Sommige van je productvermeldingen zijn gedeactiveerd omdat er verplichte nalevingsvereisten voor je producten ontbreken. Bekijk de gegevens en de stappen hieronder. De betreffende productvermeldingen worden aan het einde van deze e-mail weergegeven.
 Waarom gebeurt dit?
 We hebben deze actie ondernomen omdat voor deze producten verplichte nalevingsinformatie ontbreekt. Raadpleeg onze hulp-pagina Productveiligheid en -conformiteit voor informatie over de toepasselijke wet- en regelgeving en het Amazon-beleid. We hebben gebruikgemaakt van een combinatie van geautomatiseerde middelen en deskundige menselijke beoordeling om dit probleem te identificeren en deze beslissing te nemen.
 De tabel aan het einde van deze e-mail bevat productspecifieke nalevingsvereisten.
 Hoe activeer ik mijn productvermeldingen opnieuw?
 Als je de vereiste nalevingsgegevens wilt verstrekken, ga je naar de pagina Accountstatus en zoek je de aanvragen voor productconformiteit:
-
 Als je over de vereiste documentatie beschikt, volg je de instructies om je nalevingsdocumenten in te dienen. We zullen alleen ",2026-09-15 17:29:23,RETR,xtbBsgFYPmqZ3IEyYQAA3o
法务/侵权类,older,account_4,weihaizhongxin2024@126.com,"Thu, 3 Sep 2026 20:30:10 +0000",Amazon Services <donotreply@amazon.com>,Przesyłanie dokumentacji dotyczącej bezpieczeństwa produktu w celu ponownego aktywowania ofert,,"96
 Przesyłanie dokumentacji dotyczącej bezpieczeństwa produktu w celu ponownego aktywowania ofert
 Dzień dobry Weihai EU,
 niektóre z Twoich ofert zostały zdezaktywowane z powodu niespełnienia obowiązków dotyczących zgodności wystawianych przez Ciebie produktów z wymogami. Poniżej znajdziesz szczegółowe informacje oraz dalsze instrukcje. Oferty produktów, których dotyczy problem, wskazano na końcu niniejszej wiadomości e-mail.
 Dlaczego tak się stało?
 Podjęliśmy to działanie, ponieważ w przypadku tych produktów nie dostarczono obowiązkowych informacji dotyczących zgodności z wymogami. Więcej informacji na temat mających zastosowanie przepisów ustawowych i wykonawczych oraz zasad Amazon znajdziesz na stronie Bezpieczeństwo i zgodność produktu z wymogami . Do identyfikacji problemu i podjęcia decyzji wykorzystaliśmy zautomatyzowane narzędzia, a otrzymane za ich pomocą wyniki poddaliśmy weryfikacji przez eksperta.
 Informacje na temat wymogów dotyczących zgodności dla poszczególnych produktów znajdziesz w tabeli na końcu tej wiadomości e-mail.
 Jak mogę ponownie aktywować oferty?
 Aby dostarczyć niezbędne informacje dotyczące zgodności z wymogami, przejdź do panelu Kondycja konta i ",2026-09-15 17:29:23,RETR,xtbBpAN-ZWqZ2SMgYwAA33
法务/侵权类,older,account_4,weihaizhongxin2024@126.com,"Thu, 3 Sep 2026 20:15:23 +0000",Amazon Services <donotreply@amazon.com>,Skicka in produktsäkerhetsdokumentation för att återaktivera produktposter,,"96
 Skicka in produktsäkerhetsdokumentation för att återaktivera produktposter
 Hej Weihai EU!
 Vissa av dina produktposter har inaktiverats på grund av att det saknas obligatorisk överensstämmelse för dina produkter. Granska informationen och följande steg nedan. De berörda produktposterna visas i slutet av det här e-postmeddelandet.
 Varför händer det här?
 Vi vidtar den här åtgärden eftersom det saknas obligatorisk information om överensstämmelse för de här produkterna. Läs vår hjälpsida för Produktsäkerhet och -överensstämmelse för information om tillämpliga lagar, förordningar och Amazons policyer. Vi har använt oss av både automatiserade metoder och mänskliga expertgranskare för att identifiera problemet och fatta det här beslutet.
 Tabellen i slutet av detta e-postmeddelande innehåller produktspecifika krav för överensstämmelse.
 Hur återaktiverar jag mina produktposter?
 Om du vill tillhandahålla den begärda överensstämmelseinformationen går du till sidan Kontostatus och letar upp begäranden om produktöverensstämmelse:
-
 Om du har den obligatoriska dokumentationen ska du skicka in dina överensstämmelsedokument enligt instruktionerna. Vi återaktiverar endast produkter som u",2026-09-15 17:29:23,RETR,xtbBswCOdGqZ1WDgigAA3l
法务/侵权类,older,account_4,weihaizhongxin2024@126.com,"Thu, 3 Sep 2026 20:00:52 +0000",Amazon Services <donotreply@amazon.com>,"Invia la documentazione sulla sicurezza del prodotto per riattivare
 le offerte",,"96
 Invia la documentazione sulla sicurezza del prodotto per riattivare le offerte
 Gentile Weihai EU,
 Alcune delle tue offerte sono state disattivate a causa della mancanza di alcuni requisiti di conformità obbligatori per i tuoi prodotti. Rivedi i dettagli e i passi successivi riportati di seguito. Puoi visualizzare le offerte interessate in fondo a questa e-mail.
 Ciò a cosa è dovuto?
 Abbiamo intrapreso questo provvedimento in quanto i tuoi prodotti non dispongono delle informazioni obbligatorie sulla conformità. Consulta la pagina di aiuto Sicurezza e conformità dei prodotti per informazioni sulle leggi, le normative e le politiche di Amazon applicabili. Questa decisione è stata presa sulla base dei risultati di un'analisi effettuata in parte tramite revisione umana e in parte per mezzo di sistemi automatizzati.
 La tabella alla fine di questa e-mail contiene i requisiti di conformità specifici per i prodotti.
 Come faccio a riattivare le mie offerte?
 Per fornire le informazioni di conformità richieste, vai alla pagina Stato dell'account per individuare le richieste di conformità dei prodotti:
-
 Se disponi della documentazione richiesta, segui le istruzioni per inviare i do",2026-09-15 17:29:22,RETR,xtbBsxmzmWqZ0fnRGgAA3Q
法务/侵权类,older,account_4,weihaizhongxin2024@126.com,"Thu, 3 Sep 2026 16:46:41 +0000",The Amazon Services team <donotreply@amazon.com>,"New Insurance requirements effective Nov 2, 2026",,"96
 Important updates to commercial liability insurance requirements — new category-based requirements and AIA mandate for China-based sellers effective November 2, 2026.
 Hello,
 Effective November 2, 2026, we’re updating our commercial liability insurance requirements to help protect Amazon’s customers as well as help you protect your business from financial loss in the event of a product-related incident.
 Our existing policy requires all sellers to obtain and maintain commercial liability insurance within 30 days if gross proceeds from Amazon.com sales exceed USD 10,000 in any month, with minimum coverage of USD 1 million per occurrence and in the aggregate. While these requirements remain, we are introducing two additional requirements.
 First, sellers with products listed in categories with enhanced safety listing requirements will now be required to maintain a commercial liability insurance policy that covers those products, with a minimum coverage of USD 1 million per occurrence and in aggregate, regardless of whether they meet the USD 10,000 gross proceeds in a month threshold. This change applies to both new and existing listings.
 Product categories with enhanced safety ",2026-09-15 17:29:21,RETR,xtbBshVHLWqZpHUi2AAA3V
法务/侵权类,older,account_4,weihaizhongxin2024@126.com,"Thu, 3 Sep 2026 13:46:38 +0000",亚马逊物流 <donotreply@amazon.com>,已安排自动移除的无在售信息 SKU,,"96
已安排自动移除的无在售信息 SKU
 尊敬的销售伙伴：
您好！
 您之所以会收到这封邮件，是因为您在亚马逊运营中心有无在售信息的亚马逊库存，需安排自动移除。 无在售信息的亚马逊库存 是指没有可购买商品的库存，需要您重新启售商品或移除库存。
 截至 2026-09-03，您有 1 个新的无在售信息的 SKU 需安排自动移除，下文列出了这些 SKU 中的前 50 个。您之前收到的电子邮件通知中可能也提到了其他需安排自动移除的商品。要查看所有安排进行自动移除的商品，请访问 修复无在售信息的亚马逊库存 ，然后按 自动移除日期 进行排序。
 我们将根据您在“修复无在售信息的亚马逊库存”上选择的设置，退还或弃置您的库存。 如果您尚未选择任何设置，您的库存将于今日起 60 天后移除。 要自定义您的设置，请前往 修复无在售信息的亚马逊库存 ，然后选择 编辑自动操作设置 。
 如果您需要更多时间来申诉或修复无在售信息的亚马逊库存，请前往 修复无在售信息的亚马逊库存 ，然后从每个商品的下拉菜单中选择 将自动移除延迟 30 天 。 请注意： 在此期间，我们不会再向您发送通知。 有关更多信息和说明，请参阅 解决与无在售信息的亚马逊库存相关的问题 。
 亚马逊物流团队
 无在售信息的 SKU
 修复无在售信息的亚马逊库存
 自动移除
 尊敬的销售伙伴：
您好！
 您之所以会收到这封邮件，是因为您在亚马逊运营中心有无在售信息的亚马逊库存，需安排自动移除。 无在售信息的亚马逊库存 是指没有可购买商品的库存，需要您重新启售商品或移除库存。
 截至 2026-09-03，您有 1 个新的无在售信息的 SKU 需安排自动移除，下文列出了这些 SKU 中的前 50 个。您之前收到的电子邮件通知中可能也提到了其他需安排自动移除的商品。要查看所有安排进行自动移除的商品，请访问 修复无在售信息的亚马逊库存 ，然后按 自动移除日期 进行排序。
 我们将根据您在“修复无在售信息的亚马逊库存”上选择的设置，退还或弃置您的库存。 如果您尚未选择任何设置，您的库存将于今日起 60 天后移除。 要自定义您的设置，请前往 修复无在售信息的亚马逊库存 ，然后选择 编辑自动操作设置 。
 如果您需要更多时间来申诉或修复无在售信息的亚马逊库存，请前往 修复无在售信息的亚马逊库存 ，然后从每个商品的下拉菜单中选择 将自动移除延迟 30 天 。 请注意： 在此期间，我们不会再向您发送通知。 有关更多信息和说明，请参阅 解决与无在售信息的亚马逊库存相关的问题 。
 亚马逊物流团队
 无在售信息的 SKU
 商品名称
 无在售信息的原因
 首次出现无在售信息的日期
 自动移除日期
 MSKU
 ASIN
 数量
 145 PCS Eisenbahn Elektrisch Cube Track, 3D Schwerkraft",2026-09-15 17:29:21,RETR,xtbBsh8fBWqZe-8T9wAA3k
法务/侵权类,older,account_4,weihaizhongxin2024@126.com,"Wed, 2 Sep 2026 21:01:41 +0000",Amazon Services <donotreply@amazon.com>,Soumettre la documentation de sécurité des produits pour réactiver les mises en vente,,"96
 Soumettre la documentation de sécurité des produits pour réactiver les mises en vente
 Bonjour Weihai EU,
 Certaines de vos mises en vente ont été désactivées, car vos produits ne respectaient pas des exigences de conformité obligatoires. Consultez les détails et les étapes suivantes ci-dessous. Les produits mis en vente concernés figurent à la fin de cet e-mail.
 Pourquoi cela se produit-il ?
 Nous prenons cette mesure, car ces produits ne présentent pas les informations de conformité obligatoires. Consultez notre page d’aide Sécurité et conformité des produits pour obtenir des informations sur les lois, réglementations et politiques Amazon applicables. Nous nous sommes appuyés sur une combinaison de moyens automatisés et de contrôles menés par des personnes expérimentées pour identifier ce problème et prendre cette décision.
 Le tableau situé à la fin de cet e-mail présente les exigences de conformité spécifiques aux produits.
 Comment réactiver mes produits mis en vente ?
 Pour fournir les informations de conformité requises, accédez à la page État du compte et localisez les demandes de conformité des produits :
-
 Si vous disposez des documents requis, suivez les instructio",2026-09-15 17:29:19,RETR,xtbBpBuSeGqYjrvliAAA3-
法务/侵权类,older,account_4,weihaizhongxin2024@126.com,"Wed, 2 Sep 2026 20:41:07 +0000",亚马逊开店服务 <donotreply@amazon.com>,提交商品安全文件以重新启售商品,,"96
 提交商品安全文件以重新启售商品
 尊敬的 Weihai EU：
您好！
 您的部分商品因缺少必要的商品合规信息而被停售。查看下面的详细信息和后续步骤。受影响的商品显示在此电子邮件的末尾。
 为什么会发生这种情况？
 我们之所以采取此措施，是因为这些商品缺少必要的合规信息。请查看我们的 商品安全与合规 帮助页面，了解有关适用法律法规和亚马逊政策的信息。为了确定此问题，我们综合运用了自动化技术和专家人工评审，最终做出这一决定。
 此电子邮件末尾的表格提供了特定于商品的合规性要求。
 如何重新启售商品？
 要提供所需的合规信息，请前往 账户状况 页面并找到商品合规性请求：
-
 如果您有所需的文件，请按照相关说明提交您的合规文件。我们仅会重新启售满足合规要求的商品。
-
 如果您认为您的商品无需遵守这些要求，请提交相关文件，说明它们为何不受这些合规要求的约束。
 有关分步操作说明，请参阅 提交合规文件或对文件请求提出申诉 帮助页面。
 为避免进一步影响您的账户，请停售或删除您不打算销售或申诉的任何不合规商品。
 如果我未执行上述操作，会怎么样？
 如果您未提供所需的合规信息，则受影响的 ASIN 将一直处于停售状态，直到您或其他发布此商品的销售伙伴满足合规要求。
 这些商品的亚马逊物流库存会怎样？
 您必须在收到本通知后的 30 天内从我们的运营中心移除这些商品。如果未移除，我们将按照《亚马逊服务商业解决方案协议》中的规定弃置此库存，并且费用由您承担。要了解如何移除库存，请参阅 移除库存 帮助页面。
 我们愿意随时为您提供帮助。
 有关更多信息，请观看卖家大学中的 安全与合规简介 视频
 如果您有其他问题，请在您的 账户状况 控制面板上提交请求。
 亚马逊商品安全与合规性
 受影响的商品
 详情
 145 PCS Eisenbahn Elektrisch Cube Track, 3D Schwerkrafttrotzendes Zug Set, DIY Zugstrecken Spielzeug, STEM Lernspielzeug & Geschenkidee für Kinder 3–8 Jahre, Kreatives Bauen Spielzeug
 ASIN： B0H11DGDRL
 亚马逊要求您证明自己在亚马逊德国站上架的儿童玩具符合适用的法律、法规、标准和亚马逊政策。
要销售儿童玩具，您必须满足 儿童玩具帮助页面 上列出的要求，并与我们的合作伙伴第三方测试、检验和认证 (TIC) 服务提供商合作，验证您的商品符合这些要求。
儿童玩具是指供14岁或以下儿童在学习或玩耍时使用的商品。
亚马逊根据以下标准来确定商品是否为“儿童玩具”：
商品包装上的年龄分级标明该玩具专供 14 岁或以下儿童使用。
产品的包装、展示、促销或广告显示该产品适合 14 ",2026-09-15 17:29:19,RETR,xtbBpAhdQ2qYiejRCwAA37
法务/侵权类,older,account_4,weihaizhongxin2024@126.com,"Wed, 2 Sep 2026 20:33:42 +0000",Amazon Services <donotreply@amazon.com>,Presenta la documentación sobre seguridad del producto para reactivar los listings,,"96
 Presenta la documentación sobre seguridad del producto para reactivar los listings
 Hola, Weihai EU:
 Algunos de tus listings se han desactivado debido a que tus productos no cumplen los requisitos obligatorios. Revisa a continuación los detalles y siguientes pasos. Los listings afectados aparecen al final de este correo electrónico.
 ¿A qué se debe esto?
 Tomamos esta medida porque a estos productos les falta información de cumplimiento normativo obligatoria. Para más información sobre las leyes, normativas y políticas de Amazon aplicables, consulta Cumplimiento y seguridad de los productos . Hemos usado una combinación de medios automatizados y revisión humana experta para identificar la incidencia y tomar una decisión.
 En la tabla que aparece al final de este correo electrónico se proporcionan los requisitos de cumplimiento normativo específicos del producto.
 ¿Cómo puedo reactivar mis listings?
 Para proporcionar la información de cumplimiento normativo obligatoria, ve a la página Estado de la cuenta y localiza las solicitudes de cumplimiento normativo del producto:
-
 Si dispones de la documentación obligatoria, sigue las instrucciones para presentar los documentos de cum",2026-09-15 17:29:18,RETR,xtbBpQvs0mqYiCvOrQAA3i
法务/侵权类,older,account_4,weihaizhongxin2024@126.com,"Wed, 2 Sep 2026 20:20:23 +0000",Amazon Services <donotreply@amazon.com>,"Dien productveiligheidsdocumentatie in om productvermeldingen
 opnieuw te activeren",,"96
 Dien productveiligheidsdocumentatie in om productvermeldingen opnieuw te activeren
 Hallo Weihai EU,
 Sommige van je productvermeldingen zijn gedeactiveerd omdat er verplichte nalevingsvereisten voor je producten ontbreken. Bekijk de gegevens en de stappen hieronder. De betreffende productvermeldingen worden aan het einde van deze e-mail weergegeven.
 Waarom gebeurt dit?
 We hebben deze actie ondernomen omdat voor deze producten verplichte nalevingsinformatie ontbreekt. Raadpleeg onze hulp-pagina Productveiligheid en -conformiteit voor informatie over de toepasselijke wet- en regelgeving en het Amazon-beleid. We hebben gebruikgemaakt van een combinatie van geautomatiseerde middelen en deskundige menselijke beoordeling om dit probleem te identificeren en deze beslissing te nemen.
 De tabel aan het einde van deze e-mail bevat productspecifieke nalevingsvereisten.
 Hoe activeer ik mijn productvermeldingen opnieuw?
 Als je de vereiste nalevingsgegevens wilt verstrekken, ga je naar de pagina Accountstatus en zoek je de aanvragen voor productconformiteit:
-
 Als je over de vereiste documentatie beschikt, volg je de instructies om je nalevingsdocumenten in te dienen. We zullen alleen ",2026-09-15 17:29:18,RETR,xtbBpAwlC2qYhQy7bgAA3o
法务/侵权类,older,account_4,weihaizhongxin2024@126.com,"Wed, 2 Sep 2026 20:11:18 +0000",Amazon Services <donotreply@amazon.com>,Przesyłanie dokumentacji dotyczącej bezpieczeństwa produktu w celu ponownego aktywowania ofert,,"96
 Przesyłanie dokumentacji dotyczącej bezpieczeństwa produktu w celu ponownego aktywowania ofert
 Dzień dobry Weihai EU,
 niektóre z Twoich ofert zostały zdezaktywowane z powodu niespełnienia obowiązków dotyczących zgodności wystawianych przez Ciebie produktów z wymogami. Poniżej znajdziesz szczegółowe informacje oraz dalsze instrukcje. Oferty produktów, których dotyczy problem, wskazano na końcu niniejszej wiadomości e-mail.
 Dlaczego tak się stało?
 Podjęliśmy to działanie, ponieważ w przypadku tych produktów nie dostarczono obowiązkowych informacji dotyczących zgodności z wymogami. Więcej informacji na temat mających zastosowanie przepisów ustawowych i wykonawczych oraz zasad Amazon znajdziesz na stronie Bezpieczeństwo i zgodność produktu z wymogami . Do identyfikacji problemu i podjęcia decyzji wykorzystaliśmy zautomatyzowane narzędzia, a otrzymane za ich pomocą wyniki poddaliśmy weryfikacji przez eksperta.
 Informacje na temat wymogów dotyczących zgodności dla poszczególnych produktów znajdziesz w tabeli na końcu tej wiadomości e-mail.
 Jak mogę ponownie aktywować oferty?
 Aby dostarczyć niezbędne informacje dotyczące zgodności z wymogami, przejdź do panelu Kondycja konta i ",2026-09-15 17:29:18,RETR,xtbBsgycgmqYguyzcQAA3+
法务/侵权类,older,account_4,weihaizhongxin2024@126.com,"Wed, 2 Sep 2026 20:05:19 +0000",Amazon Services <donotreply@amazon.com>,Skicka in produktsäkerhetsdokumentation för att återaktivera produktposter,,"96
 Skicka in produktsäkerhetsdokumentation för att återaktivera produktposter
 Hej Weihai EU!
 Vissa av dina produktposter har inaktiverats på grund av att det saknas obligatorisk överensstämmelse för dina produkter. Granska informationen och följande steg nedan. De berörda produktposterna visas i slutet av det här e-postmeddelandet.
 Varför händer det här?
 Vi vidtar den här åtgärden eftersom det saknas obligatorisk information om överensstämmelse för de här produkterna. Läs vår hjälpsida för Produktsäkerhet och -överensstämmelse för information om tillämpliga lagar, förordningar och Amazons policyer. Vi har använt oss av både automatiserade metoder och mänskliga expertgranskare för att identifiera problemet och fatta det här beslutet.
 Tabellen i slutet av detta e-postmeddelande innehåller produktspecifika krav för överensstämmelse.
 Hur återaktiverar jag mina produktposter?
 Om du vill tillhandahålla den begärda överensstämmelseinformationen går du till sidan Kontostatus och letar upp begäranden om produktöverensstämmelse:
-
 Om du har den obligatoriska dokumentationen ska du skicka in dina överensstämmelsedokument enligt instruktionerna. Vi återaktiverar endast produkter som u",2026-09-15 17:29:17,RETR,xtbBpQZCKGqYgYavzAAA3f
法务/侵权类,older,account_4,weihaizhongxin2024@126.com,"Wed, 2 Sep 2026 19:56:51 +0000",Amazon Services <donotreply@amazon.com>,"Invia la documentazione sulla sicurezza del prodotto per riattivare
 le offerte",,"96
 Invia la documentazione sulla sicurezza del prodotto per riattivare le offerte
 Gentile Weihai EU,
 Alcune delle tue offerte sono state disattivate a causa della mancanza di alcuni requisiti di conformità obbligatori per i tuoi prodotti. Rivedi i dettagli e i passi successivi riportati di seguito. Puoi visualizzare le offerte interessate in fondo a questa e-mail.
 Ciò a cosa è dovuto?
 Abbiamo intrapreso questo provvedimento in quanto i tuoi prodotti non dispongono delle informazioni obbligatorie sulla conformità. Consulta la pagina di aiuto Sicurezza e conformità dei prodotti per informazioni sulle leggi, le normative e le politiche di Amazon applicabili. Questa decisione è stata presa sulla base dei risultati di un'analisi effettuata in parte tramite revisione umana e in parte per mezzo di sistemi automatizzati.
 La tabella alla fine di questa e-mail contiene i requisiti di conformità specifici per i prodotti.
 Come faccio a riattivare le mie offerte?
 Per fornire le informazioni di conformità richieste, vai alla pagina Stato dell'account per individuare le richieste di conformità dei prodotti:
-
 Se disponi della documentazione richiesta, segui le istruzioni per inviare i do",2026-09-15 17:29:16,RETR,xtbBpQjCqGqYf4imeAAA3c
法务/侵权类,older,account_4,weihaizhongxin2024@126.com,"Tue, 1 Sep 2026 15:32:04 +0000",Zespół Amazon Services <donotreply@amazon.com>,Pobierz raport podatkowy dla Chin za okres od października do grudnia 2025 r.,,"96
 Możesz teraz pobrać kwartalny raport podatkowy, który zawiera dane, takie jak informacje identyfikacyjne, liczba transakcji, przychody oraz prowizje i opłaty za usługi.
 Dzień dobry,
 Zgodnie z zasadami dotyczącymi sklepów internetowych wydanymi przez Radę Państwa Chin (dekret nr 810) oraz obwieszczeniem publicznym Państwowego Urzędu Podatkowego Chin [2025] nr 15 („PN15”) co kwartał przekazujemy chińskim organom podatkowym informacje o sprzedawcach z siedzibą w Chinach.
 Niektórzy sprzedawcy znaleźli potencjalne rozbieżności w danych zawartych w pierwszym kwartalnym raporcie podatkowym za okres od października do grudnia 2025 r. Nasz zespół dokładnie sprawdził wszystkie raporty, aby upewnić się, że prawidłowo odzwierciedlają Twoją aktywność w sklepie Amazon, i w stosownych przypadkach ponownie przesłał chińskiemu organowi podatkowemu zaktualizowane raporty za czwarty kwartał 2025 r.
 Wysyłamy ponownie Twój kwartalny raport podatkowy dotyczący Chin. Poniższe linki są aktywne przez siedem dni.
 Pobierz raport kwartalny
 Ten raport udostępniamy tylko w celach informacyjnych. Nie musisz nic robić.
 Udostępniliśmy również bardziej szczegółowy raport na poziomie zamówień, który przed",2026-09-15 17:29:10,RETR,xtbBpBZ5X2qW7-bepAAA3L
法务/侵权类,older,account_4,weihaizhongxin2024@126.com,"Tue, 1 Sep 2026 02:41:37 +0000","""donotreply@amazon.com"" <donotreply@amazon.com>",Transparency Invoice/Credit note for 08/2026,,"96
 Dear Customer,
 Please click on the link below to access your Transparency electronic invoice/credit note in the Transparency Portal. If you see an '...
 Dear Customer,
 Please click on the link below to access your Transparency electronic invoice/credit note in the Transparency Portal. If you see an 'Access Denied' error message when you use the link below and are not able to access the invoice/credit note, then please email transparency-support@amazon.com with your profile link (see instructions below).
 [Link to invoice Dashboard]
 Frequently Asked Questions (FAQ)
- I see 'Access Denied' message after logging into the Transparency Portal, what should I do?
- Please log into your Amazon.com account associated with this email address. If you don't have an account, please create one with this email address.
- Go to http://www.amazon.com/profile .
- Copy the URL that was generated in the search bar. The profile link you need to provide will look similar to this: https://www.amazon.com/gp/profile/amzn1.account.XXXXXXXXXXXXXXXXXXXXXXXX
- Create an email to transparency-support@amazon.com , paste the URL that you copied into the body of the email, and click 'Send'.
 We will provide",2026-09-15 17:29:06,RETR,xtbBpQMnDWqWO2P+kAAA3G
法务/侵权类,older,account_4,weihaizhongxin2024@126.com,"Sun, 30 Aug 2026 13:18:02 +0000",Assistenza venditori Amazon <merch.service05@amazon.it>,"RE:[CASE 13223475262]  Removing ASIN:B0DYTQ745J from existing
 variation with Parent ASIN:B0HG43RTJ1",,"96
RE:[CASE 13223475262] Removing ASIN:B0DYTQ745J from existing variation with Parent ASIN:B0HG43RTJ1
尊敬的销售伙伴：您好！
我们了解到，您想要从现有变体中移除子ASIN B0DYTQ745J。
很高兴地通知您，此ASIN现已成功从变体系列中移除，目前已不存在任何父体。
温馨提示：此问题已根据现有流程为您处理完毕，本案例正常关闭，后续无需回复。
如有任何（新）疑问，请通过以下链接创建新案例联系我们：
https://sellercentral-europe.amazon.com/help/center?redirectSource=HelpHub
欢迎向亚马逊提交反馈，从而帮助亚马逊改善您的开店体验。
您对我们提供的支持是否满意？
 Yes
 No
La ringraziamo per aver scelto Amazon.
Chengli H.
Supporto al venditore
=======================================
Se desidera ricevere aiuto da altri venditori, visiti il nostro Forum per i venditori a questo link: https://sellercentral.amazon.it/forums/
Vuole aumentare le vendite? Provi Logistica di Amazon: http://www.amazon.it/LogisticaDiAmazon
Per maggiori informazioni, visiti: http://sellercentral-europe.amazon.com/gp/help
 Copyright 2026 Amazon.com, Inc. o le relative società affiliate. Tutti i diritti riservati.
 Amazon EU S.à r.l.
38 avenue John F. Kennedy,
L-1855 Lussemburgo,
Numero di registrazione in Lussemburgo: B-101818,
Capitale Sociale 165.833 EUR,
Numero di licenza di attività commerciale: 134248,
Partita IVA n. LU 20260743.
 SPC-EUAmazon-334253222991396",2026-09-15 17:29:04,RETR,xtbBshAvFWqULZDKfAAA3t
法务/侵权类,older,account_4,weihaizhongxin2024@126.com,"Sat, 29 Aug 2026 00:43:19 +0000",Amazon Services <donotreply@amazon.com>,Votre paiement est en cours,,"96
This title will display on mobile devices
 Félicitations ! Votre paiement est en cours et arrivera sous peu.
 Tentative de versement
Félicitations, Weihai EU ! Votre paiement est en cours et arrivera sous trois à cinq jours.
Le 08/29/26 00:43 CEST, nous avons effectué un virement d’un montant de €
 257.91 sur le compte lié à votre méthode de paiement (compte bancaire se terminant par 229).
 Si le montant est inférieur au montant auquel vous vous attendiez, voici quelques questions à vous poser :
 Disposez-vous d’un solde de fonds non disponibles ? Amazon peut réserver des fonds afin de couvrir des retours, des réclamations ou des rétrofacturations potentiels des acheteurs. Si tel est le cas, le solde de fin de période de votre rapport sur les paiements affichera le solde des fonds non disponibles réservé.
 Vos ventes couvraient-elles l’ensemble des frais et des retours pour cette période de règlements ? Le montant du paiement reflète votre activité commerciale, les frais de vente et les frais relatifs aux promotions et aux services. Nous vous recommandons de consulter votre rapport sur les paiements sous l’onglet Rapports de Seller Central pour comprendre votre solde de fin de p",2026-09-15 17:29:00,RETR,xtbBsgwV+mqSKyx2NwAA3v
法务/侵权类,older,account_4,weihaizhongxin2024@126.com,"Thu, 27 Aug 2026 08:15:03 +0000",Amazon Services <donotreply@amazon.com>,Przesyłanie dokumentacji dotyczącej bezpieczeństwa produktu w celu niedopuszczenia do dezaktywacji oferty,,"96
 Dzień dobry Weihai EU,
 niektóre z Twoich ofert są zagrożone dezaktywacją z powodu niespełnienia obowiązków dotyczących zgodności wystawianych przez Ciebie produktów z wymogami. Poniżej znajdziesz szczegółowe informacje oraz dalsze instrukcje. Oferty produktów, których dotyczy problem, wskazano na końcu niniejszej wiadomości e-mail.
 Dlaczego tak się stało?
 Podjęliśmy to działanie, ponieważ w przypadku tych produktów nie dostarczono obowiązkowych informacji dotyczących zgodności z wymogami. Więcej informacji na temat mających zastosowanie przepisów ustawowych i wykonawczych oraz zasad Amazon znajdziesz na stronie Bezpieczeństwo i zgodność produktu z wymogami .
 Informacje na temat wymogów dotyczących zgodności dla poszczególnych produktów znajdziesz w tabeli na końcu tej wiadomości e-mail.
 Jak mogę ponownie aktywować oferty?
 Aby dostarczyć niezbędne informacje dotyczące zgodności z wymogami, przejdź do panelu Kondycja konta i znajdź żądania dotyczące zgodności produktu z wymogami:
-
 Jeśli dysponujesz wymaganymi dokumentami zgodności, postępuj zgodnie z instrukcjami, aby je przesłać.
-
 Jeśli uważasz, że Twoje produkty są zwolnione z wymogów dotyczących zgodności, prześlij d",2026-09-15 17:28:55,RETR,xtbBpAw+JGqP8gw7CAAA3a
法务/侵权类,older,account_4,weihaizhongxin2024@126.com,"Thu, 27 Aug 2026 08:13:08 +0000",Amazon Services <donotreply@amazon.com>,Skicka in produktsäkerhetsdokumentation för att undvika att produktposterna inaktiveras,,"96
 Hej Weihai EU!
 Vissa av dina produktposter riskerar att inaktiveras på grund av att det saknas obligatorisk information om överensstämmelse för produkterna. Granska informationen och följande steg nedan. De berörda produktposterna visas i slutet av det här e-postmeddelandet.
 Varför händer det här?
 Vi vidtar den här åtgärden eftersom det saknas obligatorisk information om överensstämmelse för de här produkterna. Läs vår hjälpsida för Produktsäkerhet och -överensstämmelse för information om tillämpliga lagar, förordningar och Amazons policyer.
 Tabellen i slutet av detta e-postmeddelande innehåller produktspecifika krav för överensstämmelse.
 Hur återaktiverar jag mina produktposter?
 Om du vill tillhandahålla den begärda överensstämmelseinformationen går du till sidan Kontostatus och letar upp begäranden om produktöverensstämmelse:
-
 Om du har den obligatoriska dokumentationen ska du skicka in dina överensstämmelsedokument enligt instruktionerna.
-
 Om du tror att dina produkter är undantagna från dessa krav skickar du in dokumentation som visar varför de inte omfattas av dessa överensstämmelsekrav.
 Du hittar stegvisa instruktioner på vår hjälpsida om Skicka in intyg om öve",2026-09-15 17:28:55,RETR,xtbBsxkhB2qP8ZkFvwAA37
法务/侵权类,older,account_4,weihaizhongxin2024@126.com,"Thu, 27 Aug 2026 08:10:41 +0000",Amazon Services <donotreply@amazon.com>,"Invia la documentazione sulla sicurezza del prodotto per evitare la
 disattivazione dell'offerta",,"96
 Gentile Weihai EU,
 Alcune delle tue offerte sono a rischio di disattivazione perché i relativi prodotti non soddisfano i requisiti obbligatori sulla conformità. Rivedi i dettagli e i passi successivi riportati di seguito. Puoi visualizzare le offerte interessate in fondo a questa e-mail.
 Ciò a cosa è dovuto?
 Abbiamo intrapreso questo provvedimento in quanto i tuoi prodotti non dispongono delle informazioni obbligatorie sulla conformità. Consulta la pagina di aiuto Sicurezza e conformità dei prodotti per informazioni sulle leggi, le normative e le politiche di Amazon applicabili.
 La tabella alla fine di questa e-mail contiene i requisiti di conformità specifici per i prodotti.
 Come faccio a riattivare le mie offerte?
 Per fornire le informazioni di conformità richieste, vai alla pagina Stato dell'account per individuare le richieste di conformità dei prodotti:
-
 Se disponi della documentazione richiesta, segui le istruzioni per inviare i documenti di conformità.
-
 Se ritieni che i tuoi prodotti siano esenti da questi requisiti, invia la documentazione che dimostra il motivo per cui non sono soggetti a questi requisiti di conformità.
 Per istruzioni dettagliate, consulta l",2026-09-15 17:28:55,RETR,xtbBsgb74WqP8QZDIQAA3e
法务/侵权类,older,account_4,weihaizhongxin2024@126.com,"Thu, 27 Aug 2026 08:08:46 +0000",Amazon Services <donotreply@amazon.com>,Soumettre la documentation de sécurité des produits pour éviter la désactivation des mises en vente,,"96
 Bonjour Weihai EU,
 Certaines de vos mises en vente risquent d’être désactivées, car vos produits ne respectent pas les exigences de conformité obligatoires. Consultez les détails et les étapes suivantes ci-dessous. Les produits mis en vente concernés figurent à la fin de cet e-mail.
 Pourquoi cela se produit-il ?
 Nous prenons cette mesure, car ces produits ne présentent pas les informations de conformité obligatoires. Consultez notre page d’aide Sécurité et conformité des produits pour obtenir des informations sur les lois, réglementations et politiques Amazon applicables.
 Le tableau situé à la fin de cet e-mail présente les exigences de conformité spécifiques aux produits.
 Comment réactiver mes produits mis en vente ?
 Pour fournir les informations de conformité requises, accédez à la page État du compte et localisez les demandes de conformité des produits :
-
 Si vous disposez des documents requis, suivez les instructions pour soumettre vos documents de conformité.
-
 Si vous pensez que vos produits sont exemptés de ces exigences, soumettez des pièces justificatives prouvant les raisons pour lesquelles ils ne sont pas soumis à ces exigences de conformité.
 Pour des instru",2026-09-15 17:28:54,RETR,xtbBshTfxWqP8JQ-JAAA3m
法务/侵权类,older,account_4,weihaizhongxin2024@126.com,"Thu, 27 Aug 2026 07:12:52 +0000",Amazon Services <donotreply@amazon.com>,Presenta la documentación sobre seguridad del producto para evitar la desactivación de los listings,,"96
 Hola, Weihai EU:
 Algunos de tus listings están en riesgo de desactivación debido a que tus productos no cumplen los requisitos obligatorios. Revisa a continuación los detalles y siguientes pasos. Los listings afectados aparecen al final de este correo electrónico.
 ¿A qué se debe esto?
 Tomamos esta medida porque a estos productos les falta información de cumplimiento normativo obligatoria. Para más información sobre las leyes, normativas y políticas de Amazon aplicables, consulta Cumplimiento y seguridad de los productos .
 En la tabla que aparece al final de este correo electrónico se proporcionan los requisitos de cumplimiento normativo específicos del producto.
 ¿Cómo puedo reactivar mis listings?
 Para proporcionar la información de cumplimiento normativo obligatoria, ve a la página Estado de la cuenta y localiza las solicitudes de cumplimiento normativo del producto:
-
 Si dispones de la documentación obligatoria, sigue las instrucciones para presentar los documentos de cumplimiento normativo.
-
 Si crees que tus productos están exentos de estos requisitos, presenta documentación que demuestre por qué no están sujetos a estos requisitos de cumplimiento normativo.
 Para v",2026-09-15 17:28:54,RETR,xtbBpRqVe2qP43qziAAA3W
法务/侵权类,older,account_4,weihaizhongxin2024@126.com,"Thu, 27 Aug 2026 07:12:42 +0000",Amazon Services <donotreply@amazon.com>,"Dien productveiligheidsdocumentatie in om de deactivering van de
 productvermelding te voorkomen",,"96
 Hallo Weihai EU,
 Enkele van je productvermeldingen lopen het risico op deactivering omdat er verplichte nalevingsvereisten voor je producten ontbreken. Bekijk de gegevens en de stappen hieronder. De betreffende productvermeldingen worden aan het einde van deze e-mail weergegeven.
 Waarom gebeurt dit?
 We hebben deze actie ondernomen omdat voor deze producten verplichte nalevingsinformatie ontbreekt. Raadpleeg onze hulp-pagina Productveiligheid en -conformiteit voor informatie over de toepasselijke wet- en regelgeving en het Amazon-beleid.
 De tabel aan het einde van deze e-mail bevat productspecifieke nalevingsvereisten.
 Hoe activeer ik mijn productvermeldingen opnieuw?
 Als je de vereiste nalevingsgegevens wilt verstrekken, ga je naar de pagina Accountstatus en zoek je de aanvragen voor productconformiteit:
-
 Als je over de vereiste documentatie beschikt, volg je de instructies om je nalevingsdocumenten in te dienen.
-
 Als je van mening bent dat je producten zijn vrijgesteld van deze vereisten, dien dan documentatie in waaruit blijkt wat de reden is dat ze niet aan deze nalevingsvereisten zijn onderworpen.
 Raadpleeg voor stapsgewijze instructies onze hulp-pagina Documente",2026-09-15 17:28:54,RETR,xtbBsw2SeGqP42175wAA3j
法务/侵权类,older,account_4,weihaizhongxin2024@126.com,"Wed, 26 Aug 2026 10:00:43 +0000",Amazon Seller Support <merch.service05@amazon.pl>,RE:[CASE 13214292782] 创建或更新 ASIN 变体,,"96
RE:[CASE 13214292782] 创建或更新 ASIN 变体
尊敬的卖家/供应商：您好！ ​​
​
关于您询问请求拆分B0H11DGDRL、B0HBL6XB1M B0H11D2KV8 B0HBJVSDT7变体关系的相关问题，邮件回复如下：
拆分子ASIN：B0H11DGDRL、B0HBL6XB1M B0H11D2KV8 B0HBJVSDT7的变体关系请求已提交，目前系统端已确认拆分操作完成。
由于前台页面同步可能需要最长24小时，届时卖家平台（Seller Central）将完整反映拆分结果。
如您在管理库存页面仍看到旧的变体关系，建议您可以尝试使用模板删除后台商品，再重新上传的方式以刷新后台变体显示。”
​⭐温馨提示⭐：
感谢您的信任与配合！如上所述，当前案件中的问题已处理完毕。
如后续还有其他问题的话，请您重新开一个CASE联系我们处理​​​
如您需要后续跟进补充，或希望我们协助调查其他疑问/产品等，请点击下方链接创建新案例，
系统将自动分配至相应团队为您跟进处理：
 https://sellercentral-europe.amazon.com/help/center?redirectSource=HelpHub ​
祝您生活愉快，工作顺利！
欢迎向亚马逊提交反馈，从而帮助亚马逊改善您的开店体验。
您对我们提供的支持是否满意？
如果是，请单击此处
 https://sellercentral-europe.amazon.com/hz/case-dashboard/hmd?p=A294QMKA74K1OW&c=13214292782&k=hy
如果否，请单击此处
 https://sellercentral-europe.amazon.com/hz/case-dashboard/hmd?p=A294QMKA74K1OW&c=13214292782&k=hn
Thank you for selling with Amazon.
Qiuping L.
Amazon.pl Seller Support
=======================================
Interested in boosting sales? Try Fulfilment by Amazon (FBA): https://sell.amazon.pl/tjanster/fulfilment-by-amazon/funktioner-och-fordelar.html
MORE WAYS TO GET HELP:
Visit our seller forums for help from other sellers: https://sellercentral.amazon.pl/forums
Browse all Seller Help topic",2026-09-15 17:28:50,RETR,xtbBpRDApmqOuVBg0QAA3v
法务/侵权类,older,account_4,weihaizhongxin2024@126.com,"Wed, 26 Aug 2026 10:00:35 +0000",Assistenza venditori Amazon <merch.service05@amazon.it>,RE:[CASE 13214194642] 创建或更新 ASIN 变体,,"96
RE:[CASE 13214194642] 创建或更新 ASIN 变体
尊敬的卖家：您好！
⭐温馨提示⭐：
感谢您的信任与配合！如上所述，当前案件中您的疑问已按照流程处理完毕，在情况无变化的前提下，重新打开此案件通常不会改变处理结果。
如果您有新的疑问，建议您点击下方链接创建新案例，系统将自动分配至对应团队，我们将竭诚为您服务。
https://sellercentral-europe.amazon.com/help/center?redirectSource=HelpHub
祝您生活愉快，工作顺利！
欢迎向亚马逊提交反馈，从而帮助亚马逊改善您的开店体验。
您对我们提供的支持是否满意？
 Yes
 No
La ringraziamo per aver scelto Amazon.
Chunxiao T.
Supporto al venditore
=======================================
Se desidera ricevere aiuto da altri venditori, visiti il nostro Forum per i venditori a questo link: https://sellercentral.amazon.it/forums/
Vuole aumentare le vendite? Provi Logistica di Amazon: http://www.amazon.it/LogisticaDiAmazon
Per maggiori informazioni, visiti: http://sellercentral-europe.amazon.com/gp/help
 Copyright 2026 Amazon.com, Inc. o le relative società affiliate. Tutti i diritti riservati.
 Amazon EU S.à r.l.
38 avenue John F. Kennedy,
L-1855 Lussemburgo,
Numero di registrazione in Lussemburgo: B-101818,
Capitale Sociale 165.833 EUR,
Numero di licenza di attività commerciale: 134248,
Partita IVA n. LU 20260743.
 SPC-EUAmazon-52778244475184",2026-09-15 17:28:50,RETR,xtbBpQi+pGqOuUhgaQAA3r
法务/侵权类,older,account_4,weihaizhongxin2024@126.com,"Wed, 26 Aug 2026 08:59:03 +0000",Asistencia al Vendedor de Amazon <merch.service05@amazon.es>,Resolución del número de caso: 13214253602,,"96
Resolución del número de caso: 13214253602
 欢迎向亚马逊提交反馈，从而帮助亚马逊改善您的开店体验。
您对我们提供的支持是否满意？
 Yes
 No
 Copyright 2026 Amazon.com.mx, Inc. o sus afiliados. Todos los derechos reservados.
 Amazon EU S.à r.l.
38 avenue John F. Kennedy,
L-1855 Luxemburgo,
Número de Registro en Luxemburgo: No. B-101818,
Capital Social 165.833 EUR,
Número de licencia de actividad: 134248,
Nº de Registro IVA en Luxemburgo: LU 20260743.
 SPC-EUAmazon-52778244452663",2026-09-15 17:28:49,RETR,xtbBsx0gBmqOqt3FmQAA3H
法务/侵权类,older,account_4,weihaizhongxin2024@126.com,"Wed, 26 Aug 2026 08:11:26 +0000",Amazon Services <donotreply@amazon.com>,Przesyłanie dokumentacji dotyczącej bezpieczeństwa produktu w celu niedopuszczenia do dezaktywacji oferty,,"96
 Dzień dobry Weihai EU,
 niektóre z Twoich ofert są zagrożone dezaktywacją z powodu niespełnienia obowiązków dotyczących zgodności wystawianych przez Ciebie produktów z wymogami. Poniżej znajdziesz szczegółowe informacje oraz dalsze instrukcje. Oferty produktów, których dotyczy problem, wskazano na końcu niniejszej wiadomości e-mail.
 Dlaczego tak się stało?
 Podjęliśmy to działanie, ponieważ w przypadku tych produktów nie dostarczono obowiązkowych informacji dotyczących zgodności z wymogami. Więcej informacji na temat mających zastosowanie przepisów ustawowych i wykonawczych oraz zasad Amazon znajdziesz na stronie Bezpieczeństwo i zgodność produktu z wymogami .
 Informacje na temat wymogów dotyczących zgodności dla poszczególnych produktów znajdziesz w tabeli na końcu tej wiadomości e-mail.
 Jak mogę ponownie aktywować oferty?
 Aby dostarczyć niezbędne informacje dotyczące zgodności z wymogami, przejdź do panelu Kondycja konta i znajdź żądania dotyczące zgodności produktu z wymogami:
-
 Jeśli dysponujesz wymaganymi dokumentami zgodności, postępuj zgodnie z instrukcjami, aby je przesłać.
-
 Jeśli uważasz, że Twoje produkty są zwolnione z wymogów dotyczących zgodności, prześlij d",2026-09-15 17:28:48,RETR,xtbBsxJSOGqOn7JhaQAA3K
法务/侵权类,older,account_4,weihaizhongxin2024@126.com,"Wed, 26 Aug 2026 08:10:20 +0000",Amazon Services <donotreply@amazon.com>,Skicka in produktsäkerhetsdokumentation för att undvika att produktposterna inaktiveras,,"96
 Hej Weihai EU!
 Vissa av dina produktposter riskerar att inaktiveras på grund av att det saknas obligatorisk information om överensstämmelse för produkterna. Granska informationen och följande steg nedan. De berörda produktposterna visas i slutet av det här e-postmeddelandet.
 Varför händer det här?
 Vi vidtar den här åtgärden eftersom det saknas obligatorisk information om överensstämmelse för de här produkterna. Läs vår hjälpsida för Produktsäkerhet och -överensstämmelse för information om tillämpliga lagar, förordningar och Amazons policyer.
 Tabellen i slutet av detta e-postmeddelande innehåller produktspecifika krav för överensstämmelse.
 Hur återaktiverar jag mina produktposter?
 Om du vill tillhandahålla den begärda överensstämmelseinformationen går du till sidan Kontostatus och letar upp begäranden om produktöverensstämmelse:
-
 Om du har den obligatoriska dokumentationen ska du skicka in dina överensstämmelsedokument enligt instruktionerna.
-
 Om du tror att dina produkter är undantagna från dessa krav skickar du in dokumentation som visar varför de inte omfattas av dessa överensstämmelsekrav.
 Du hittar stegvisa instruktioner på vår hjälpsida om Skicka in intyg om öve",2026-09-15 17:28:48,RETR,xtbBpA9BJ2qOn2+NgwAA3X
法务/侵权类,older,account_4,weihaizhongxin2024@126.com,"Wed, 26 Aug 2026 08:09:31 +0000",Amazon Services <donotreply@amazon.com>,"Invia la documentazione sulla sicurezza del prodotto per evitare la
 disattivazione dell'offerta",,"96
 Gentile Weihai EU,
 Alcune delle tue offerte sono a rischio di disattivazione perché i relativi prodotti non soddisfano i requisiti obbligatori sulla conformità. Rivedi i dettagli e i passi successivi riportati di seguito. Puoi visualizzare le offerte interessate in fondo a questa e-mail.
 Ciò a cosa è dovuto?
 Abbiamo intrapreso questo provvedimento in quanto i tuoi prodotti non dispongono delle informazioni obbligatorie sulla conformità. Consulta la pagina di aiuto Sicurezza e conformità dei prodotti per informazioni sulle leggi, le normative e le politiche di Amazon applicabili.
 La tabella alla fine di questa e-mail contiene i requisiti di conformità specifici per i prodotti.
 Come faccio a riattivare le mie offerte?
 Per fornire le informazioni di conformità richieste, vai alla pagina Stato dell'account per individuare le richieste di conformità dei prodotti:
-
 Se disponi della documentazione richiesta, segui le istruzioni per inviare i documenti di conformità.
-
 Se ritieni che i tuoi prodotti siano esenti da questi requisiti, invia la documentazione che dimostra il motivo per cui non sono soggetti a questi requisiti di conformità.
 Per istruzioni dettagliate, consulta l",2026-09-15 17:28:47,RETR,xtbBpB01G2qOnz2LmQAA3D
法务/侵权类,older,account_4,weihaizhongxin2024@126.com,"Wed, 26 Aug 2026 08:07:50 +0000",Amazon Services <donotreply@amazon.com>,Soumettre la documentation de sécurité des produits pour éviter la désactivation des mises en vente,,"96
 Bonjour Weihai EU,
 Certaines de vos mises en vente risquent d’être désactivées, car vos produits ne respectent pas les exigences de conformité obligatoires. Consultez les détails et les étapes suivantes ci-dessous. Les produits mis en vente concernés figurent à la fin de cet e-mail.
 Pourquoi cela se produit-il ?
 Nous prenons cette mesure, car ces produits ne présentent pas les informations de conformité obligatoires. Consultez notre page d’aide Sécurité et conformité des produits pour obtenir des informations sur les lois, réglementations et politiques Amazon applicables.
 Le tableau situé à la fin de cet e-mail présente les exigences de conformité spécifiques aux produits.
 Comment réactiver mes produits mis en vente ?
 Pour fournir les informations de conformité requises, accédez à la page État du compte et localisez les demandes de conformité des produits :
-
 Si vous disposez des documents requis, suivez les instructions pour soumettre vos documents de conformité.
-
 Si vous pensez que vos produits sont exemptés de ces exigences, soumettez des pièces justificatives prouvant les raisons pour lesquelles ils ne sont pas soumis à ces exigences de conformité.
 Pour des instru",2026-09-15 17:28:47,RETR,xtbBsxgcAmqOnthZmAAA3W
法务/侵权类,older,account_4,weihaizhongxin2024@126.com,"Wed, 26 Aug 2026 07:12:00 +0000",亚马逊开店服务 <donotreply@amazon.com>,提交商品安全文件以避免商品被停售,,"96
 尊敬的 Weihai EU：
您好！
 您的部分商品因缺少必要的商品合规信息而面临被停售的风险。查看下面的详细信息和后续步骤。受影响的商品显示在此电子邮件的末尾。
 为什么会发生这种情况？
 我们之所以采取此措施，是因为这些商品缺少必要的合规信息。请查看我们的 商品安全与合规 帮助页面，了解有关适用法律法规和亚马逊政策的信息。
 此电子邮件末尾的表格提供了特定于商品的合规性要求。
 如何重新启售商品？
 要提供所需的合规信息，请前往 账户状况 页面并找到商品合规性请求：
-
 如果您有所需的文件，请按照相关说明提交您的合规文件。
-
 如果您认为您的商品无需遵守这些要求，请提交相关文件，说明它们为何不受这些合规要求的约束。
 有关分步操作说明，请参阅 提交合规文件或对文件请求提出申诉 帮助页面。
 为避免进一步影响您的账户，请停售或删除您不打算销售或申诉的任何不合规商品。
 如果我未执行上述操作，会怎么样？
 如果您未在“账户状况”页面显示的截止日期之前提供所需的合规信息，我们可能会停售受影响的商品。
 我们愿意随时为您提供帮助。
 有关更多信息，请观看卖家大学中的 安全与合规简介 视频
 如果您有其他问题，请在您的 账户状况 控制面板上提交请求。
 亚马逊商品安全与合规性
 受影响的商品
 详情
 145 PCS Eisenbahn Elektrisch Cube Track, 3D Schwerkrafttrotzendes Zug Set, DIY Zugstrecken Spielzeug, STEM Lernspielzeug & Geschenkidee für Kinder 3–8 Jahre, Kreatives Bauen Spielzeug
 ASIN： B0H11DGDRL
 亚马逊要求您证明自己在亚马逊德国站上架的儿童玩具符合适用的法律、法规、标准和亚马逊政策。
要销售儿童玩具，您必须满足 儿童玩具帮助页面 上列出的要求，并与我们的合作伙伴第三方测试、检验和认证 (TIC) 服务提供商合作，验证您的商品符合这些要求。
儿童玩具是指供14岁或以下儿童在学习或玩耍时使用的商品。
亚马逊根据以下标准来确定商品是否为“儿童玩具”：
商品包装上的年龄分级标明该玩具专供 14 岁或以下儿童使用。
产品的包装、展示、促销或广告显示该产品适合 14 岁或以下儿童使用。
消费者通常认为该商品供 14 岁或以下儿童使用。
有关合规要求、如何与 TIC 服务提供商合作的更多信息，或者要观看有关本政策涵盖的儿童玩具的视频，请访问 儿童玩具帮助页面 。
 报告此电子邮件的问题
 如果您有任何问题，请访问: Seller Central
 要更改您的电子邮件首选项，请访问： 通知首选项
 2026 Amazon.com 旗下公司 保留所有权利
 Amaz",2026-09-15 17:28:46,RETR,xtbBpQLSuGqOkcIISwAA35
法务/侵权类,older,account_4,weihaizhongxin2024@126.com,"Wed, 26 Aug 2026 07:10:48 +0000",Amazon Services <donotreply@amazon.com>,"Dien productveiligheidsdocumentatie in om de deactivering van de
 productvermelding te voorkomen",,"96
 Hallo Weihai EU,
 Enkele van je productvermeldingen lopen het risico op deactivering omdat er verplichte nalevingsvereisten voor je producten ontbreken. Bekijk de gegevens en de stappen hieronder. De betreffende productvermeldingen worden aan het einde van deze e-mail weergegeven.
 Waarom gebeurt dit?
 We hebben deze actie ondernomen omdat voor deze producten verplichte nalevingsinformatie ontbreekt. Raadpleeg onze hulp-pagina Productveiligheid en -conformiteit voor informatie over de toepasselijke wet- en regelgeving en het Amazon-beleid.
 De tabel aan het einde van deze e-mail bevat productspecifieke nalevingsvereisten.
 Hoe activeer ik mijn productvermeldingen opnieuw?
 Als je de vereiste nalevingsgegevens wilt verstrekken, ga je naar de pagina Accountstatus en zoek je de aanvragen voor productconformiteit:
-
 Als je over de vereiste documentatie beschikt, volg je de instructies om je nalevingsdocumenten in te dienen.
-
 Als je van mening bent dat je producten zijn vrijgesteld van deze vereisten, dien dan documentatie in waaruit blijkt wat de reden is dat ze niet aan deze nalevingsvereisten zijn onderworpen.
 Raadpleeg voor stapsgewijze instructies onze hulp-pagina Documente",2026-09-15 17:28:44,RETR,xtbBpR3Bp2qOkX0F3AAA3P
法务/侵权类,older,account_4,weihaizhongxin2024@126.com,"Wed, 26 Aug 2026 07:10:45 +0000",Amazon Services <donotreply@amazon.com>,Presenta la documentación sobre seguridad del producto para evitar la desactivación de los listings,,"96
 Hola, Weihai EU:
 Algunos de tus listings están en riesgo de desactivación debido a que tus productos no cumplen los requisitos obligatorios. Revisa a continuación los detalles y siguientes pasos. Los listings afectados aparecen al final de este correo electrónico.
 ¿A qué se debe esto?
 Tomamos esta medida porque a estos productos les falta información de cumplimiento normativo obligatoria. Para más información sobre las leyes, normativas y políticas de Amazon aplicables, consulta Cumplimiento y seguridad de los productos .
 En la tabla que aparece al final de este correo electrónico se proporcionan los requisitos de cumplimiento normativo específicos del producto.
 ¿Cómo puedo reactivar mis listings?
 Para proporcionar la información de cumplimiento normativo obligatoria, ve a la página Estado de la cuenta y localiza las solicitudes de cumplimiento normativo del producto:
-
 Si dispones de la documentación obligatoria, sigue las instrucciones para presentar los documentos de cumplimiento normativo.
-
 Si crees que tus productos están exentos de estos requisitos, presenta documentación que demuestre por qué no están sujetos a estos requisitos de cumplimiento normativo.
 Para v",2026-09-15 17:28:43,RETR,xtbBsxrApmqOkXrcMgAA3u
法务/侵权类,older,account_4,weihaizhongxin2024@126.com,"Tue, 25 Aug 2026 13:09:12 +0000",Amazon Europe <donotreply@amazon.com>,New Selection Program benefits are now live,,"New Selection Program (2026) benefits are now live
 New Selection Program benefits are now live
 Effective July 30, 2026, the New Selection Program (2026) is now live with increased benefits to help you launch new branded products with reduced costs and complexity while boosting early sales.
 Enroll in New Selection Program (2026)
 If you’re currently enrolled in our existing New Selection Program , now automatically receiving New Selection Program (2026) benefits for new branded FBA ASINs that launch starting July 30, through October 31, 2026, as an introductory offer.
 To continue to receive New Selection Program (2026) benefits after October 31, you must confirm your enrollment on Enroll in New Selection Program (2026) .
 If you do not enroll by October 31, any new-to-FBA products launched after October 31 will not get benefits.
 Start making the most of your new benefits
 For an eligible new-to-FBA product, you now get (applicable from first inventory received date):
 Instant fee credits
 equivalent to capping referral fees to 10% (or your existing rate, whichever is lower) on your first 100 units and 5% (or your existing rate, whichever is lower) on the next 100 units. Credits",2026-09-15 17:28:42,RETR,xtbBpRohB2qNk-qdhgAA3M
法务/侵权类,older,account_4,weihaizhongxin2024@126.com,"Tue, 25 Aug 2026 00:16:32 +0000",Amazon Seller Services <donotreply@amazon.com>,FBA Grade and Resell is now available in Canada,,"96
 A new way to recover value from your FBA returns
 Maximise recovery from your FBA returns
 FBA Grade and Resell is now available in the Canada marketplace, giving you a new option to recover value from eligible customer returns without manual work at $0 processing fee.
 Enrol now
 How it works:
- When a customer returns an item, we'll inspect and grade it based on its condition.
- Eligible products can be automatically relisted in the appropriate condition (Like New, Very Good, Good, or Acceptable), helping you recapture revenue that might otherwise be lost.
- You maintain control over pricing and can set your preferences for which items to include in the program.
- FBA Grade and Resell takes the manual work out of processing returns, saving you time while helping you maximize the value of your inventory.
- Each relisted item includes condition notes based on Amazon's grading evaluation, providing buyers with clear information about item condition.
 Eligibility and results may vary based on product category, item condition, and market demand. Standard FBA fees apply.
 Report an issue with this email
 If you have any questions visit:
 Seller Central
 To change your email prefere",2026-09-15 17:28:39,RETR,xtbBswKtk2qM3uJ8KQAA3A
法务/侵权类,older,account_4,weihaizhongxin2024@126.com,"Mon, 24 Aug 2026 09:57:03 +0000",Amazon Europe <donotreply@amazon.com>,"Activeer je aanbod voor Nederland voor Pan-EU FBA op uiterlijk 3
 september",,"Voor Pan-EU FBA zijn aanbiedingen in Nederland vereist
 96
 Voor Pan-EU FBA zijn aanbiedingen in Nederland vereist
                                                     ‍͏  ͏  ‍͏  ͏  ‍͏  ͏  ‍͏  ͏  ‍͏  ͏  ‍͏  ͏  ‍͏  ͏  ‍͏  ͏  ‍͏  ͏  ‍͏  ͏  ‍͏  ͏  ‍͏  ͏  ‍͏  ͏  ‍͏  ͏  ‍͏  ͏  ‍͏  ͏  ‍͏  ͏  ‍͏  ͏  ‍͏  ͏  ‍͏  ͏  ‍͏  ͏  ‍͏  ͏  ‍͏  ͏  ‍͏  ͏  ‍͏  ͏  ‍͏  ͏  ‍͏  ͏  ‍͏  ͏  ‍͏  ͏  ‍͏  ͏  ‍͏  ͏  ‍͏  ͏  ‍͏  ͏  ‍͏  ͏  ‍͏  ͏  ‍͏  ͏  ‍͏  ͏  ‍͏  ͏  ‍͏  ͏ ͏‌ ­ ­ ­ ­ ͏‌ ­ ­ ­ ­ ͏‌ ­ ­ ­ ­ ͏‌ ­ ­ ­ ­ ͏‌ ­ ­ ­ ­ ͏‌ ­ ­ ­ ­ ͏‌ ­ ­ ­ ­ ͏‌ ­ ­ ­ ­ ͏‌ ­ ­ ­ ­ ͏‌ ­ ­ ­ ­ ͏‌ ­ ­ ­ ­ ͏‌ ­ ­ ­ ­ ͏‌ ­ ­ ­ ­ ͏‌ ­ ­ ­ ­ ͏‌ ­ ­ ­ ­ ͏‌ ­ ­ ­ ­ ͏‌ ­ ­ ­ ­ ͏‌ ­ ­ ­ ­ ͏‌ ­ ­ ­ ­ ͏‌ ­ ­ ­ ­ ͏‌ ­ ­ ­ ­ ͏‌ ­ ­ ­ ­ ͏‌ ­ ­ ­ ­ ͏‌ ­ ­ ­ ­ ͏‌ ­ ­ ­ ­ ͏‌ ­ ­ ­ ­ ͏‌ ­ ­ ­ ­ ͏‌ ­ ­ ­ ­ ͏‌ ­ ­ ­ ­ ͏‌ ­ ­ ­ ­ ͏‌ ­ ­ ­ ­ ͏‌ ­ ­ ­ ­ ͏‌ ­ ­ ­ ­ ͏‌ ­ ­ ­ ­ ͏‌ ­ ­ ­ ­ ͏‌ ­ ­ ­ ­ ͏‌ ­ ­ ­ ­ ͏‌ ­ ­ ­ ­ ͏‌ ­ ­ ­ ­ ͏‌ ­ ­ ­ ­ ͏‌ ­ ­ ­ ­ ͏‌ ­ ­ ­ ­ ͏‌ ­ ­ ­ ­ ͏‌ ­ ­ ­ ­ ͏‌ ­ ­ ­ ­ ͏‌ ­ ­ ­ ­ ͏‌ ­ ­ ­ ­ ͏‌ ­ ­ ­ ­ ͏‌ ­ ­ ­ ­ ͏‌ ­ ­ ­ ­ ͏‌ ­ ­ ­ ­ ͏‌ ­ ­ ­ ­ ͏‌ ­ ­ ­ ­ ͏‌ ­ ­ ­ ­ ͏‌ ­ ­ ­ ­ ͏‌ ­ ­ ­ ­ ͏‌ ­ ­ ­ ­ ͏‌ ­ ­ ­ ­ ͏‌ ­ ­ ­ ­ ͏‌ ­ ­ ­ ­ ͏‌ ­ ­ ­ ­ ͏‌ ­ ­ ­ ­ ͏‌ ­ ­ ­ ­ ͏‌ ­ ­ ­ ­ ͏‌ ­ ­ ­ ­
 Hallo,
 Vanaf 3 september 2026 moeten alle P",2026-09-15 17:28:38,RETR,xtbBpRQgBmqMFXSaTgAA3E
法务/侵权类,older,account_4,weihaizhongxin2024@126.com,"Sat, 22 Aug 2026 08:28:49 +0000",Powiadomienia Seller Central <donotreply@amazon.com>,"Rozwiąż błędy w obrębie cen, aby umożliwić ponowną aktywację ofert",,"96
 Zatrzymanie spowodowane błędem ceny
 Wykryliśmy potencjalne błędy cen w Twoich ofertach produktów na amazon.pl.
 Oferty zdezaktywowane z powodu podejrzenia błędów cenowych
 Dzień dobry,
 zdezaktywowaliśmy oferty wymienione w tej wiadomości z powodu wykrytych błędów cen lub z racji wymogów zasad Amazon Marketplace dotyczących uczciwego ustalania cen . Aby wyświetlić więcej informacji i podjąć kroki w celu przywrócenia tych ofert, odwiedź stronę Kondycja cen w Seller Central.
 Przywróć nieaktywne oferty
 ASIN
 SKU
 Tytuł
 Cena
 B0GYPZ58JY
 V4-KM0O-MXDQ
 Roaxkois Elektryczne koło garncarskie dla dzieci – zestaw garncarski DIY z gliną, farbami, narzędziami, fartuchem i naklejkami – mini koło garncarskie od 6 lat, 2 stopnie, wzór kota – prezent dla
 zł400
 B0H11D2KV8
 WH-EU-0705-HCGDVE-02
 15-elementowy elektryczny tor kolejowy z kostek, zestaw pociągu 3D przeciw grawitacji, tor DIY do samodzielnego budowania, zabawka edukacyjna STEM i kreatywny prezent dla dzieci 3–8 lat
 zł400
 Przykładami błędów cen są oferty wycenione poniżej określonej przez Ciebie ceny minimalnej lub powyżej określonej przez Ciebie ceny maksymalnej albo oferty wycenione znacznie wyżej niż ostatnie takie oferty",2026-09-15 17:28:20,RETR,xtbBpQeFa2qJXcetrwAA33
法务/侵权类,older,account_4,weihaizhongxin2024@126.com,"Sat, 22 Aug 2026 08:28:39 +0000",Amazon Seller Central-meddelanden <donotreply@amazon.com>,Åtgärda prissättningsfel för att återaktivera inaktiverade produktposter,,"96
 Undertryckande av prissättning
 Vi har upptäckt potentiella prissättningsfel i dina amazon.se produktposter.
 Produktposterna inaktiverades på grund av misstänkta prissättningsfel
 Hej!
 Vi har inaktiverat de produktposter som anges i det här e-postmeddelandet på grund av prissättningsfel som strider mot Policyn för rättvis prissättning på Amazon Marketplace . Du hittar mer information och kan vidta åtgärder för att återaktivera dina produktposter på sidan Prisstatus i Seller Central.
 Återaktivera inaktiverade produktposter
 ASIN
 SKU
 Titel
 Pris
 B0H11D2KV8
 WH-EU-0705-HCGDVE-02
 15 PCS Railway Cube Track, 3D Schwerkrafttrotzendes Zug Set, DIY Zugstrecken Toys, STEM LernsToys & Gift Ideas for Kids 3-8 Years, Kreatives Bauen Toys
 SEK 1000
 Prissättningsfel uppstår till exempel när erbjudanden har ett pris som är lägre än det lägsta pris som du har angett, ett pris som är högre än det högsta pris som du har angett eller om erbjudanden har ett pris som är betydligt högre än de senaste priserna som erbjuds på eller utanför Amazon. Säljare är ansvariga för sina egna priser i vår butik. När det är möjligt tillhandahåller vi referenspriser för produkter för att visa de typiska pri",2026-09-15 17:28:19,RETR,xtbBpByDaWqJXbytuQAA3E
法务/侵权类,older,account_4,weihaizhongxin2024@126.com,"Fri, 21 Aug 2026 20:28:12 +0000",Powiadomienia Seller Central <donotreply@amazon.com>,"Rozwiąż błędy w obrębie cen, aby umożliwić ponowną aktywację ofert",,"96
 Zatrzymanie spowodowane błędem ceny
 Wykryliśmy potencjalne błędy cen w Twoich ofertach produktów na amazon.pl.
 Oferty zdezaktywowane z powodu podejrzenia błędów cenowych
 Dzień dobry,
 zdezaktywowaliśmy oferty wymienione w tej wiadomości z powodu wykrytych błędów cen lub z racji wymogów zasad Amazon Marketplace dotyczących uczciwego ustalania cen . Aby wyświetlić więcej informacji i podjąć kroki w celu przywrócenia tych ofert, odwiedź stronę Kondycja cen w Seller Central.
 Przywróć nieaktywne oferty
 ASIN
 SKU
 Tytuł
 Cena
 B0H11D2KV8
 WH-EU-0705-HCGDVE-02
 15-elementowy elektryczny tor kolejowy z kostek, zestaw pociągu 3D przeciw grawitacji, tor DIY do samodzielnego budowania, zabawka edukacyjna STEM i kreatywny prezent dla dzieci 3–8 lat
 zł400
 Przykładami błędów cen są oferty wycenione poniżej określonej przez Ciebie ceny minimalnej lub powyżej określonej przez Ciebie ceny maksymalnej albo oferty wycenione znacznie wyżej niż ostatnie takie oferty zamieszczane na lub poza Amazon. Sprzedawcy są odpowiedzialni za ustalanie własnych cen w naszym sklepie. W miarę możliwości udostępniamy ceny referencyjne produktów, aby pomóc w określeniu typowych zakresów cenowych oczekiwanych",2026-09-15 17:28:17,RETR,xtbBpQIiCGqItOL28QAA3+
法务/侵权类,older,account_4,weihaizhongxin2024@126.com,"Fri, 21 Aug 2026 20:28:09 +0000",Notificaciones de Seller Central <donotreply@amazon.com>,"Soluciona los errores de precio para restablecer los listings
 desactivados.",,"96
 Eliminar errores de precio
 Te informamos de que hemos detectado posibles errores de precio en algunos de tus listados de productos de amazon.es.
 Listings desactivados debido a posibles errores de precio
 Hola:
 Hemos desactivado los listings que se indican en este correo electrónico o bien debido a errores de precio detectados o bien porque no cumplen con la Política de precios justos del sitio web de Amazon . Para obtener más información y tomar las medidas necesarias para restablecer estos listings, consulta la página Estado de los precios de Seller Central.
 Restablecer listings desactivados
 ASIN
 SKU
 Título
 Precio
 B0H11D2KV8
 WH-EU-0705-HCGDVE-02
 Circuito de Tren eléctrico de Cubos de 15 Piezas, Set de Tren 3D antigravedad, Juguete de vías DIY para Construir, Juguete Educativo Stem y Regalo Creativo para niños de 3 a 8 años
 €100
 Algunos ejemplos de errores de precio son ofertas con un precio inferior al precio mínimo especificado, por encima de tu precio máximo especificado, o con un precio considerablemente superior al de los precios ofrecidos recientemente en Amazon o en otros sitios web. Los vendedores son responsables de fijar sus propios precios en nuestra tie",2026-09-15 17:28:16,RETR,xtbBsx4hB2qItN71IAAA3W
法务/侵权类,older,account_4,weihaizhongxin2024@126.com,"Fri, 21 Aug 2026 20:28:08 +0000",Amazon Seller Central-meddelanden <donotreply@amazon.com>,Åtgärda prissättningsfel för att återaktivera inaktiverade produktposter,,"96
 Undertryckande av prissättning
 Vi har upptäckt potentiella prissättningsfel i dina amazon.se produktposter.
 Produktposterna inaktiverades på grund av misstänkta prissättningsfel
 Hej!
 Vi har inaktiverat de produktposter som anges i det här e-postmeddelandet på grund av prissättningsfel som strider mot Policyn för rättvis prissättning på Amazon Marketplace . Du hittar mer information och kan vidta åtgärder för att återaktivera dina produktposter på sidan Prisstatus i Seller Central.
 Återaktivera inaktiverade produktposter
 ASIN
 SKU
 Titel
 Pris
 B0H11D2KV8
 WH-EU-0705-HCGDVE-02
 15 PCS Järnväg Cube Track, 3D Schwerkrafttrotzendes Zug Set, DIY Zugstrecken Leksaker, STEM Lernsleksaker & Gåveideer för barn 3–8 år, Kreatives Bauen Leksaker
 SEK 1000
 Prissättningsfel uppstår till exempel när erbjudanden har ett pris som är lägre än det lägsta pris som du har angett, ett pris som är högre än det högsta pris som du har angett eller om erbjudanden har ett pris som är betydligt högre än de senaste priserna som erbjuds på eller utanför Amazon. Säljare är ansvariga för sina egna priser i vår butik. När det är möjligt tillhandahåller vi referenspriser för produkter för att visa de typ",2026-09-15 17:28:15,RETR,xtbBpBsgBmqItNvx3wAA36
法务/侵权类,older,account_4,weihaizhongxin2024@126.com,"Fri, 21 Aug 2026 20:28:04 +0000",Notifiche di Amazon Seller Central <donotreply@amazon.com>,Risolvi gli errori nel prezzo per riattivare le offerte disattivate,,"96
 Eliminazione per errori nel prezzo
 Abbiamo individuato dei potenziali errori nel prezzo delle sue offerte su amazon.it.
 Offerte disattivate a causa di possibili errori nei prezzi
 Buongiorno,
 abbiamo disattivato le offerte indicate in questa e-mail a causa di errori rilevati nei prezzi o in conformità alla Politica di assegnazione del prezzo equo del marketplace di Amazon. Per maggiori informazioni e per adottare le misure necessarie a riattivare queste offerte, visita la pagina Stato dei prezzi in Seller Central.
 Ripristinare le offerte disattivate
 ASIN
 SKU
 Titolo
 Prezzo
 B0H11D2KV8
 WH-EU-0705-HCGDVE-02
 Pista ferroviaria elettrica a cubi da 15 pezzi, set trenino 3D antigravità, gioco fai da te per costruire percorsi, giocattolo educativo STEM e idea regalo creativa per bambini da 3 a 8 anni
 €100
 Alcuni esempi di errori nei prezzi includono offerte il cui prezzo è inferiore al ""prezzo minimo"" specificato, superiore al ""prezzo massimo"" specificato o con un prezzo notevolmente più elevato rispetto a quelli recentemente offerti sia su Amazon che su altri siti. È responsabilità dei venditori stabilire i propri prezzi nel nostro negozio. Ove possibile, condividiamo i pre",2026-09-15 17:28:15,RETR,xtbBsxcfBWqItNf1DQAA3H
法务/侵权类,older,account_4,weihaizhongxin2024@126.com,"Fri, 21 Aug 2026 20:16:47 +0000",亚马逊卖家平台通知 <donotreply@amazon.com>,解决定价错误以重新启售停售商品,,"96
 因错价而被禁止显示
 我们检测到您的 amazon.de 商品信息中可能存在错价。
 商品因疑似定价错误而被停售
 尊敬的销售伙伴：
您好！
 由于发现定价错误，或者根据亚马逊 商城公平定价政策 的规定，我们已停售本邮件列出的商品。您可以访问卖家平台中的 定价状况 页面，查看更多信息并采取措施重新启售这些商品。
 重新启售停售商品
 ASIN
 SKU
 商品名称
 价格
 B0H11D2KV8
 WH-EU-0705-HCGDVE-02
 15 PCS Eisenbahn Cube Track, 3D Schwerkrafttrotzendes Zug Set, DIY Zugstrecken Spielzeug, STEM Lernspielzeug & Geschenkidee für Kinder 3–8 Jahre, Kreatives Bauen Spielzeug
 €100
 定价错误示例包括定价低于您指定的“您的最低价格”或高于您指定的“您的最高价格”的商品，或者定价明显高于亚马逊商城或其他平台近期提供的价格。卖家需要自行在亚马逊商城上设置价格。我们会尽可能分享相应商品的参考价，帮助您了解买家期望的有代表性的商品价格范围。
 如果您认为我们采取此措施有误，或者您对此有疑问或需要帮助，请点击卖家平台顶部的“帮助”链接。
 顺祝商祺！
 亚马逊开店服务
 报告此电子邮件的问题
 如果您有任何问题，请访问: Seller Central
 要更改您的电子邮件首选项，请访问： 通知首选项
 2026 Amazon.com 旗下公司 保留所有权利
 Amazon EU S.à r.l.
38 avenue John F. Kennedy,
L-1855 Luxembourg,
注册于卢森堡，
注册编号 B-101818，
股本 165.833 欧元，
营业执照编号： 134248，
卢森堡增值税注册编号 LU 20260743。
 SPC-EUAmazon-1389784382209747",2026-09-15 17:28:15,RETR,xtbBsxJ1W2qIsjLuDQAA3O
法务/侵权类,older,account_4,weihaizhongxin2024@126.com,"Fri, 21 Aug 2026 05:32:48 +0000","""Amazon.de"" <store-news@amazon.de>",Dein Einkaufswagen wartet,,"https://www.amazon.de/gp/cart/view.html?ref_=cor
145 PCS Eisenbahn Elektrisch Cube Track, 3D Schwerkrafttrotzendes Zug Set, DIY Zugstrecken Spielzeug, STEM Lernspielzeug &amp; Geschenkidee für Kinder 3–8 Jahre, Kreatives Bauen Spielzeug
 49,95 €
https://www.amazon.de/gp/product/B0H11DGDRL/?ref_=
Einkaufswagen anzeigen
https://www.amazon.de/gp/cart/view.html?ref_=cor
Schaue dir weitere Optionen an
Eisenbahn Elektrisch Set Kinder 3 4 5 6 7 8, 225 Teile, 80 Schienen 2 Zügen | USB-aufladbare DIY Zugstrecken-Set für umbaubare 3D-Strecken mit Kurven Steigungen Überkopfpassagen, STEM Geschenk Kinder 3–8
Befristetes Angebot -21 % 42,68 € Statt: 53,99 €
https://www.amazon.de/gp/product/B0GJSC6831/?ref_=ci_mcx_mr_2p_0_lm
Goody King Eisenbahn Kinder Elektrisch 110 Teile - 3D Magnetbahn mit Verkehrszeichen - DIY Cube Track &amp; Enthält Züge - Kreatives Konstruktionsspielzeug Geschenk für Kinder ab 4-12 Jahren
 66,68 €
https://www.amazon.de/gp/product/B0G28CZQ6G/?ref_=ci_mcx_mr_2p_1_lm
hahaland Elektrische Eisenbahn Kinder 3D Set, 115-tlg, Spielzeug ab 3 Jahre | Zug Spielzeug mit 2 Fahrzeugen, Anti-Schwerkraft-Bahn, Licht &amp; Musik, Montessori Spielzeug, Geschenk für Kinder ab 3+ Jahren
 -8 ",2026-09-15 17:28:14,RETR,xtbBsgd2XGqH4wfe0QAA3Z
法务/侵权类,older,account_4,weihaizhongxin2024@126.com,"Thu, 20 Aug 2026 14:31:59 +0000",Amazon Services <donotreply@amazon.com>,Pagamento elaborato con successo,,"96
This title will display on mobile devices
 Congratulazioni. Il pagamento è stato elaborato con successo e ti sarà accreditato a breve.
 Tentativo di pagamento
Congratulazioni Weihai EU! Il pagamento è stato elaborato con successo e ti sarà accreditato nel giro di da tre a cinque giorni.
In data 08/20/26 14:31 CEST, abbiamo avviato un trasferimento sul tuo metodo di pagamento (conto bancario che termina con 229) dell’importo di €
 235,47.
 Se l’importo è inferiore a quanto atteso, tieni in considerazione le seguenti domande:
 Hai un saldo non disponibile? Amazon potrebbe trattenere una certa somma per coprire i costi di eventuali resi, reclami o contestazioni di una transazione (chargeback) da parte degli acquirenti. In questo caso, il saldo finale nel tuo report sui pagamenti mostrerà il saldo non disponibile corrispondente alla cifra trattenuta.
 Le tue vendite coprono tutte le commissioni e i resi per questo ciclo di fatturazione? L’importo del pagamento rispecchia le attività di vendita, le commissioni di vendita e le tariffe per promozioni o servizi. Ti consigliamo di rivedere il report sui pagamenti nella scheda Report di Seller Central per comprendere le diverse spese che ",2026-09-15 17:28:08,RETR,xtbBsgR5X2qHD+QObwAA33
法务/侵权类,older,account_4,weihaizhongxin2024@126.com,"Mon, 17 Aug 2026 00:28:18 +0000",Amazon Europe <no-reply@sell.amazon.com>,通过 Q4 活动拓展您的业务 — 尽早提报，节省费用,,"最大化您的 Q4 业绩
尊敬的卖家，
为 Q4 活动做好准备 — 为数百万消费者打造不容错过的优惠！今年，Prime 会员大促（PBDD）将与去年同期回归，随后是黑色星期五活动周（BFW）。通过尽早提交促销并确保充足库存，助力您的业务增长。
早鸟折扣：如果您在截止日期前提报促销 — 黑色星期五活动周截止 9 月 5 日 — 您将获得每笔固定预付费的折扣：UK: £4, DE: €5, FR/IT/ES: €3。
关键日期
Prime 会员大促
活动日期： 与去年同期
提报截止日期 ：促销 – 2026 年 9 月 23 日，价格折扣 – 活动结束前 12 小时
入库截止日期：EU – 9 月 9 日，UK – 2026 年 9 月 18 日
黑色星期五活动周
活动日期：2026 年 11 月 19–30 日
提报截止日期 ：促销 – 2026 年 11 月 18 日，价格折扣 – 活动结束前 12 小时
入库截止日期：EU – 10 月 21 日，UK – 2026 年 10 月 30 日
提报您的促销 > https://go.amazonsellerservices.com/e/229492/reate-ld-DC-EM-D506286903-Wk33/7z57nq4/6833682036/h/EwqOpQDRvyzkesi0h5nPpxusBKgPYvfx-x83USAM_lc
<table align=""center"" border=""0"" cellpadding=""0"" cellspacing=""0"" class=""section"" role=""presentation"" style=""width:100%;"">
	<tbody>
		<tr>
			<td align=""center"">
			<div role=""none"">
<!--[if(mso)|(IE)]>
<table align=""center"" border=""0"" cellpadding=""0"" cellspacing=""0"" class=""block-grid-outlook"" style=""width:600px;"" width=""600"" >
<tr>
<td style=""line-height:0px;font-size:0px;mso-line-height-rule:exactly;""><![endif]-->
			<div style=""margin:0 auto;border-radius:0px;max-width:600px;"">
			<table align=""center"" border=""0"" cellpadding=""0"" cellspacing=""0"" role=""presentation"" style=""width:100%;border-",2026-09-15 17:27:54,RETR,xtbBsgW5n2qCVaWBpAAA3s
货件/库存类,older,account_4,weihaizhongxin2024@126.com,"Tue, 8 Sep 2026 09:37:46 +0000","""seller-coaching-m@amazon.com"" <seller-coaching-m@amazon.com>","RE:[CASE 13247704742] Optimize Your Next EU FBA Shipment Based on
 Inventory Health [A-AWD]",,"96
RE:[CASE 13247704742] Optimize Your Next EU FBA Shipment Based on Inventory Health [A-AWD]
Dear Weihai EU,
We are reaching out regarding your current FBA inventory health in the EU marketplace.
A review of your account indicates that your inventory either has excess stock or low/out-of-stock items, which may lead to increased storage costs, reduced sell-through efficiency, or may impact order fulfillment continuity and customer delivery experience.
To help you plan your next shipment more effectively and maintain balanced stock levels across the network, you may consider the following options:
- Split your next shipment between FBA and upstream storage via Amazon Warehousing and Distribution (AWD). More info: https://sellercentral-europe.amazon.com/help/hub/reference/GF6ZC8VEBM7HCEGV
 Create shipment and send to AWD: https://sellercentral-europe.amazon.com/asdn/about
- Run promotions on slow-moving stock via outlet deals or price adjustments to improve sell-through on existing excess inventory for eligible ASINs.
- Create removal orders for aged inventory to reduce long-term storage fees. More info: https://sellercentral-europe.amazon.com/gp/help/200280650
- Review your Restock ",2026-09-15 17:30:06,RETR,xtbBsg+TeWqf12-3wAAA3t
货件/库存类,older,account_4,weihaizhongxin2024@126.com,"Sat, 5 Sep 2026 04:16:10 +0000",Fulfilment by Amazon <donotreply@amazon.com>,Create FBA removal order by 2026-09-17,,"96
Automated removals of unfulfillable inventory
 Required removals: First notification
 Required removals: First notification
 Hello,
Your FBA inventory listed below became unsellable in the past seven days. You must create a removal order by 2026-09-17 or these items will be disposed of. Removal fees will apply. Review the affected items and next steps below.
Unsellable products:
- FNSKU: B0DRC8LPGS Quantity: 2
- FNSKU: B0DRCB74YN Quantity: 1
- FNSKU: B0DRCF83VZ Quantity: 6
- FNSKU: B0H11DGDRL Quantity: 1
 Why is this happening?
This action is required because these items are no longer in sellable condition in our fulfilment centres. According to our FBA Required Removals policy, all unsuitable units must be removed within 14 days of notification. To learn more, go to our FBA Required Removals policy .
We leveraged a combination of automated means to identify this issue and make this decision.
 How do I address this?
Follow these steps to manage your unsellable inventory:
- Check your complete list and quantity of unsellable items in the Manage FBA inventory .
- Create a removal order (removal fees apply) by following the instructions in Remove inventory overview .
 To avoid futu",2026-09-15 17:29:31,RETR,xtbBpA+KcGqbl4+6RAAA3G
货件/库存类,older,account_4,weihaizhongxin2024@126.com,"Sat, 5 Sep 2026 03:24:10 +0000",Fulfilment by Amazon <donotreply@amazon.com>,Disposal order created for unsellable FBA inventory,,"96
Automated Removals of Unfulfillable Inventory
 Final notice: Disposal order for your unfulfillable FBA inventory
 Final notice: Disposal order for your unfulfillable FBA inventory
 Hello,
You have unfulfillable inventory that has been in a fulfilment centre for more than 14 days. We have created a disposal order for these items.
 Why is this happening?
This action is required because these unfulfillable items have remained in our fulfilment centres for more than 14 days after notification. According to our FBA Required Removals policy, cancelling a required removal order is not permitted. To learn more, visit our FBA Required Removals policy .
 Removal order ID:
- pWbU6lC/+G
 Unsellable Products:
- FNSKU: B0DRC8LPGS Quantity: 2
 For more information about the disposal order process, see Remove inventory from a fulfilment centre .
 To monitor your unfulfillable inventory, see the Manage FBA Inventory for total unsellable quantities or the Recommended Removal report for unsellable and aged inventory details.
 The Fulfilment by Amazon Team
 Report an issue with this email
 If you have any questions visit: Seller Central
 To change your email preferences visit: Notification Preferen",2026-09-15 17:29:30,RETR,xtbBsx97YWqbi1+nowAA3X
货件/库存类,older,account_4,weihaizhongxin2024@126.com,"Wed, 2 Sep 2026 13:15:30 +0000",Fulfilment by Amazon <donotreply@amazon.com>,Stranded SKUs scheduled for automatic removal,,"96
Stranded SKUs scheduled for automatic removal
 Hello,
 You are receiving this message because you have stranded inventory in an Amazon fulfilment centre that is scheduled for automatic removal. Stranded inventory is inventory without a buyable offer and requires you to either reactivate the listing or remove the inventory.
 As of 2026-09-02, you have 1 new stranded SKUs scheduled for automatic removal, with the first 50 of these listed further below. You may have additional units scheduled for automatic removal from previous email notifications. For a full view of units scheduled for automatic removal, visit Fix stranded inventory and sort by Automatic Removal date .
 Your inventory will be returned or disposed of based on the settings you selected on the Fix stranded inventory page. If you have not selected any settings, your inventory will be removed in 60 days from today’s date. To customise your settings, go to Fix stranded inventory and select Edit automatic-action settings .
 If you need more time to appeal or fix a stranded inventory issue, go to Fix stranded inventory and select Delay removal for 30 days from the drop-down menu for each listing. Note: No additional notif",2026-09-15 17:29:13,RETR,xtbBsxcmDGqYIXcxoQAA36
货件/库存类,older,account_4,weihaizhongxin2024@126.com,"Sat, 29 Aug 2026 04:57:59 +0000",Fulfilment by Amazon <donotreply@amazon.com>,Create FBA removal order by 2026-09-10,,"96
Automated removals of unfulfillable inventory
 Required removals: First notification
 Required removals: First notification
 Hello,
Your FBA inventory listed below became unsellable in the past seven days. You must create a removal order by 2026-09-10 or these items will be disposed of. Removal fees will apply. Review the affected items and next steps below.
Unsellable products:
- FNSKU: B0DRC8LPGS Quantity: 2
- FNSKU: B0DRCB74YN Quantity: 1
- FNSKU: B0DRCF83VZ Quantity: 5
 Why is this happening?
This action is required because these items are no longer in sellable condition in our fulfilment centres. According to our FBA Required Removals policy, all unsuitable units must be removed within 14 days of notification. To learn more, go to our FBA Required Removals policy .
We leveraged a combination of automated means to identify this issue and make this decision.
 How do I address this?
Follow these steps to manage your unsellable inventory:
- Check your complete list and quantity of unsellable items in the Manage FBA inventory .
- Create a removal order (removal fees apply) by following the instructions in Remove inventory overview .
 To avoid future manual inventory removal orde",2026-09-15 17:29:02,RETR,xtbBshwQ9WqSZtzrewAA3Z
货件/库存类,older,account_4,weihaizhongxin2024@126.com,"Sat, 29 Aug 2026 03:20:04 +0000",Fulfilment by Amazon <donotreply@amazon.com>,Disposal order created for unsellable FBA inventory,,"96
Automated Removals of Unfulfillable Inventory
 Final notice: Disposal order for your unfulfillable FBA inventory
 Final notice: Disposal order for your unfulfillable FBA inventory
 Hello,
You have unfulfillable inventory that has been in a fulfilment centre for more than 14 days. We have created a disposal order for these items.
 Why is this happening?
This action is required because these unfulfillable items have remained in our fulfilment centres for more than 14 days after notification. According to our FBA Required Removals policy, cancelling a required removal order is not permitted. To learn more, visit our FBA Required Removals policy .
 Removal order ID:
- 4rjrNkqMZx
 Unsellable Products:
- FNSKU: X0027HYVT3 Quantity: 1
- FNSKU: X002A05YW5 Quantity: 1
 For more information about the disposal order process, see Remove inventory from a fulfilment centre .
 To monitor your unfulfillable inventory, see the Manage FBA Inventory for total unsellable quantities or the Recommended Removal report for unsellable and aged inventory details.
 The Fulfilment by Amazon Team
 Report an issue with this email
 If you have any questions visit: Seller Central
 To change your email preferen",2026-09-15 17:29:01,RETR,xtbBpQZMMmqST+ZiawAA3F
货件/库存类,older,account_4,weihaizhongxin2024@126.com,"Sat, 22 Aug 2026 04:59:41 +0000",Fulfilment by Amazon <donotreply@amazon.com>,Disposal order created for unsellable FBA inventory,,"96
Automated Removals of Unfulfillable Inventory
 Final notice: Disposal order for your unfulfillable FBA inventory
 Final notice: Disposal order for your unfulfillable FBA inventory
 Hello,
You have unfulfillable inventory that has been in a fulfilment centre for more than 14 days. We have created a disposal order for these items.
 Why is this happening?
This action is required because these unfulfillable items have remained in our fulfilment centres for more than 14 days after notification. According to our FBA Required Removals policy, cancelling a required removal order is not permitted. To learn more, visit our FBA Required Removals policy .
 Removal order ID:
- qO7a7il03F
 Unsellable Products:
- FNSKU: B0DRC8LPGS Quantity: 1
- FNSKU: B0DRCB74YN Quantity: 1
- FNSKU: B0DRCC2H56 Quantity: 1
 For more information about the disposal order process, see Remove inventory from a fulfilment centre .
 To monitor your unfulfillable inventory, see the Manage FBA Inventory for total unsellable quantities or the Recommended Removal report for unsellable and aged inventory details.
 The Fulfilment by Amazon Team
 Report an issue with this email
 If you have any questions visit: Seller Centra",2026-09-15 17:28:19,RETR,xtbBpQI4HmqJLMLYxgAA3S
货件/库存类,older,account_4,weihaizhongxin2024@126.com,"Sat, 22 Aug 2026 04:00:24 +0000",Fulfilment by Amazon <donotreply@amazon.com>,Create FBA removal order by 2026-09-03,,"96
Automated removals of unfulfillable inventory
 Required removals: First notification
 Required removals: First notification
 Hello,
Your FBA inventory listed below became unsellable in the past seven days. You must create a removal order by 2026-09-03 or these items will be disposed of. Removal fees will apply. Review the affected items and next steps below.
Unsellable products:
- FNSKU: B0DRC8LPGS Quantity: 2
- FNSKU: B0DRCB74YN Quantity: 1
- FNSKU: B0DRCF83VZ Quantity: 6
- FNSKU: B0DRCHK71H Quantity: 1
- FNSKU: B0H11DGDRL Quantity: 1
 Why is this happening?
This action is required because these items are no longer in sellable condition in our fulfilment centres. According to our FBA Required Removals policy, all unsuitable units must be removed within 14 days of notification. To learn more, go to our FBA Required Removals policy .
We leveraged a combination of automated means to identify this issue and make this decision.
 How do I address this?
Follow these steps to manage your unsellable inventory:
- Check your complete list and quantity of unsellable items in the Manage FBA inventory .
- Create a removal order (removal fees apply) by following the instructions in Remove inv",2026-09-15 17:28:19,RETR,xtbBsh67oWqJHt6c8QAA34
货件/库存类,older,account_4,weihaizhongxin2024@126.com,"Sat, 22 Aug 2026 03:18:20 +0000",Fulfilment by Amazon <donotreply@amazon.com>,Disposal order created for unsellable FBA inventory,,"96
Automated Removals of Unfulfillable Inventory
 Final notice: Disposal order for your unfulfillable FBA inventory
 Final notice: Disposal order for your unfulfillable FBA inventory
 Hello,
You have unfulfillable inventory that has been in a fulfilment centre for more than 14 days. We have created a disposal order for these items.
 Why is this happening?
This action is required because these unfulfillable items have remained in our fulfilment centres for more than 14 days after notification. According to our FBA Required Removals policy, cancelling a required removal order is not permitted. To learn more, visit our FBA Required Removals policy .
 Removal order ID:
- aVWN9vWwFe
 Unsellable Products:
- FNSKU: B0DRCB74YN Quantity: 1
- FNSKU: B0DRCF83VZ Quantity: 1
 For more information about the disposal order process, see Remove inventory from a fulfilment centre .
 To monitor your unfulfillable inventory, see the Manage FBA Inventory for total unsellable quantities or the Recommended Removal report for unsellable and aged inventory details.
 The Fulfilment by Amazon Team
 Report an issue with this email
 If you have any questions visit: Seller Central
 To change your email preferen",2026-09-15 17:28:18,RETR,xtbBpQFCKGqJFQFk9wAA3q
货件/库存类,older,account_4,weihaizhongxin2024@126.com,"Sat, 22 Aug 2026 03:06:19 +0000",Fulfilment by Amazon <donotreply@amazon.com>,Create FBA removal order by 2026-09-03,,"96
Automated removals of unfulfillable inventory
 Required removals: First notification
 Required removals: First notification
 Hello,
Your FBA inventory listed below became unsellable in the past seven days. You must create a removal order by 2026-09-03 or these items will be disposed of. Removal fees will apply. Review the affected items and next steps below.
Unsellable products:
- FNSKU: B0DRC8LPGS Quantity: 2
 Why is this happening?
This action is required because these items are no longer in sellable condition in our fulfilment centres. According to our FBA Required Removals policy, all unsuitable units must be removed within 14 days of notification. To learn more, go to our FBA Required Removals policy .
We leveraged a combination of automated means to identify this issue and make this decision.
 How do I address this?
Follow these steps to manage your unsellable inventory:
- Check your complete list and quantity of unsellable items in the Manage FBA inventory .
- Create a removal order (removal fees apply) by following the instructions in Remove inventory overview .
 To avoid future manual inventory removal orders, set up Automated Unfulfillable Removals function in your FBA",2026-09-15 17:28:18,RETR,xtbBpRGNc2qJEjFQnAAA3G
货件/库存类,older,account_4,weihaizhongxin2024@126.com,"Thu, 20 Aug 2026 20:05:47 +0000",Fulfilment by Amazon Operations <fba-noreply@amazon.lu>,Your Amazon-Fulfilled Inventory,,"Dear Seller,
We recently notified you about the removal of your listing(s) for the product(s) listed below due to a safety recall.
You were required to submit a removal request for the ASIN(s) referenced below to have your inventory sent to a location of your choice within 30 days of the notification sent on 20/07/2026. Since no removal order was submitted since the notification was sent, we have submitted a disposal order for this inventory in accordance with our FBA policies.
For more information regarding the removal of your product(s), see the notification e-mail you received from our Seller Performance Team. If you have any further questions, please contact our Seller Support .
Thank you for your attention to this matter.
Yours faithfully,
Fulfilment by Amazon Team
Please note: this e-mail was sent from a notification-only address that cannot accept incoming e-mail. Please do not reply to this message.
Affected Product(s):
B0F23SWF2P
 SPC-EUAmazon-1055532845992348",2026-09-15 17:28:11,RETR,xtbBpB0bAWqHXh1KFQAA3S
其他风险类,older,account_4,weihaizhongxin2024@126.com,"Tue, 1 Sep 2026 00:17:14 +0000","""Amazon.com"" <donotreply@amazon.com>",View your US Q3-2026 CSBA fee rate,,"96
 (Important) CSBA US Fee rate for Q3-2026
 Review your updated Customer Service by Amazon fee rate and metrics
 Hello,
 This is your quarterly update regarding Customer Service by Amazon (CSBA) fees.
 Your CSBA fee rate for Q3-2026 (Jul 1, 2026 through Sep 30, 2026) will be based on your performance metrics from Q2-2026 (Apr 1, 2026 through Jun 25, 2026). To learn more about program fees, go to Customer Service by Amazon fees .
 Fee tier & rate
 Q2-2026 contacts
 0
 Q2-2026 self-fulfilled shipped units
 0
 Q2-2026 contacts per unit (CPU¹)
 N/A%
 Q3-2026 fee rate² ($ per self-fulfilled shipped unit)
 $0.00
 ¹ Contacts per unit (CPU) = CSBA contacts / self-fulfilled shipped units
 ² Your fee rate for the previous quarter was $0.00.
 CSBA Insights Dashboard
 Get the most out of Customer Service by Amazon
 Use the CSBA Insights dashboard in Seller Central to:
- Review customer service contacts handled by Amazon
- Find ways to improve customer experience
- Reduce contact and return rates
 Follow these practices to prevent customer confusion and minimize your workload:
- Monitor the Response Needed inbox within the Buyer-Seller Messaging Service . In the rare case that we need your he",2026-09-15 17:29:06,RETR,xtbBpQ6pj2qWGY5sZgAA3s
其他风险类,older,account_4,weihaizhongxin2024@126.com,"Thu, 27 Aug 2026 15:43:49 +0000",Amazon Seller Newsletter <donotreply@amazon.com>,Seller News: August 2026,,"Seller News: August 2026
 96
 Updates to AI-generated product images, title guidelines, Brand Registry administration, and more.
                                                     ‍͏  ͏  ‍͏  ͏  ‍͏  ͏  ‍͏  ͏  ‍͏  ͏  ‍͏  ͏  ‍͏  ͏  ‍͏  ͏  ‍͏  ͏  ‍͏  ͏  ‍͏  ͏  ‍͏  ͏  ‍͏  ͏  ‍͏  ͏  ‍͏  ͏  ‍͏  ͏  ‍͏  ͏  ‍͏  ͏  ‍͏  ͏  ‍͏  ͏  ‍͏  ͏  ‍͏  ͏  ‍͏  ͏  ‍͏  ͏  ‍͏  ͏  ‍͏  ͏  ‍͏  ͏  ‍͏  ͏  ‍͏  ͏  ‍͏  ͏  ‍͏  ͏  ‍͏  ͏  ‍͏  ͏  ‍͏  ͏  ‍͏  ͏  ‍͏  ͏  ‍͏  ͏  ‍͏  ͏  ‍͏  ͏ ͏‌ ­ ­ ­ ­ ͏‌ ­ ­ ­ ­ ͏‌ ­ ­ ­ ­ ͏‌ ­ ­ ­ ­ ͏‌ ­ ­ ­ ­ ͏‌ ­ ­ ­ ­ ͏‌ ­ ­ ­ ­ ͏‌ ­ ­ ­ ­ ͏‌ ­ ­ ­ ­ ͏‌ ­ ­ ­ ­ ͏‌ ­ ­ ­ ­ ͏‌ ­ ­ ­ ­ ͏‌ ­ ­ ­ ­ ͏‌ ­ ­ ­ ­ ͏‌ ­ ­ ­ ­ ͏‌ ­ ­ ­ ­ ͏‌ ­ ­ ­ ­ ͏‌ ­ ­ ­ ­ ͏‌ ­ ­ ­ ­ ͏‌ ­ ­ ­ ­ ͏‌ ­ ­ ­ ­ ͏‌ ­ ­ ­ ­ ͏‌ ­ ­ ­ ­ ͏‌ ­ ­ ­ ­ ͏‌ ­ ­ ­ ­ ͏‌ ­ ­ ­ ­ ͏‌ ­ ­ ­ ­ ͏‌ ­ ­ ­ ­ ͏‌ ­ ­ ­ ­ ͏‌ ­ ­ ­ ­ ͏‌ ­ ­ ­ ­ ͏‌ ­ ­ ­ ­ ͏‌ ­ ­ ­ ­ ͏‌ ­ ­ ­ ­ ͏‌ ­ ­ ­ ­ ͏‌ ­ ­ ­ ­ ͏‌ ­ ­ ­ ­ ͏‌ ­ ­ ­ ­ ͏‌ ­ ­ ­ ­ ͏‌ ­ ­ ­ ­ ͏‌ ­ ­ ­ ­ ͏‌ ­ ­ ­ ­ ͏‌ ­ ­ ­ ­ ͏‌ ­ ­ ­ ­ ͏‌ ­ ­ ­ ­ ͏‌ ­ ­ ­ ­ ͏‌ ­ ­ ­ ­ ͏‌ ­ ­ ­ ­ ͏‌ ­ ­ ­ ­ ͏‌ ­ ­ ­ ­ ͏‌ ­ ­ ­ ­ ͏‌ ­ ­ ­ ­ ͏‌ ­ ­ ­ ­ ͏‌ ­ ­ ­ ­ ͏‌ ­ ­ ­ ­ ͏‌ ­ ­ ­ ­ ͏‌ ­ ­ ­ ­ ͏‌ ­ ­ ­ ­ ͏‌ ­ ­ ­ ­ ͏‌ ­ ­ ­ ­ ͏‌ ­ ­ ­ ­ ͏‌ ­ ­ ­ ­ ͏‌ ­ ­ ­ ­ ͏‌ ­ ­ ­ ­ ͏‌ ­ ­ ­ ­
 Our Seller Newsletter provides",2026-09-15 17:28:56,RETR,xtbBpRmjiWqQWzns2QAA37
其他风险类,older,account_4,weihaizhongxin2024@126.com,"Wed, 26 Aug 2026 14:03:19 +0000",Amazon Multichannel Fulfillment Team <multichannelfulfillment@supplychain.amazon.com>,"Early access: Bring the trust of Prime to your ecommerce site with
 MCF",,"Early access: Bring the trust of Prime to your ecommerce site with MCF
Hi there,
As an existing Multichannel Fulfillment (MCF) customer, you now have early access to MCF with Prime, a new feature that lets you offer Fast, Free Delivery for Prime members on your ecommerce site. Display the Prime badge on eligible product pages to build shopper confidence with the trust of Prime while maintaining your existing checkout experience. Shoppers don't even need to sign in to their Amazon account to receive Prime delivery.
This feature is currently available to you at no additional cost beyond your existing MCF fulfillment, storage, and surcharge rates.
Get started now https://www2.amazonsupplychain.com/e/949422/t-top-cta-utm-term-get-started/61pb2m/1432406019/h/fP8T0oPNUrdJZOMcQM4ricL3oCRc16K6DoVRFQfB7fE
With MCF with Prime, you can:
 - Leverage the trust of Prime: 40% of Prime members indicated that they are more likely to place a first-time purchase with a direct-to-consumer (DTC) store that features the Amazon Prime logo.*
 - Offer Fast, Free Delivery for Prime members: Deliver eligible orders through Amazon's fulfillment network.
 - Encourage repeat purchases: Strengthen customer loyal",2026-09-15 17:28:51,RETR,xtbBpAkF6mqO8im0eAAA3x
