category,time_bucket,account,account_user,date,from,subject,hit_keywords,body_preview,detected_at,fetch_mode,uid
店铺绩效类,today,account_4,weihaizhongxin2024@126.com,"Sun, 10 May 2026 16:45:41 +0000","""Amazon.com"" <fba-noreply@amazon.com>",Your FBA request is complete (Xq4e6nl040),,"Greetings from Amazon.com
We thought you'd like to know that we have completed your destroy request.
Disposal Summary:
Quantity Requested: 74
Quantity Successfully Destroyed: 54
Quantity Cancelled: 20
You can track the status of this request by visiting your Seller Account at:
https://sellercentral.amazon.com/
For a complete list of inventory being destroyed, go to:
https://sellercentral.amazon.com/gp/orders/fba-order-details.html?orderID=S01-7548142-6185749
Please note: this email was sent from a notification-only address that
cannot accept incoming e-mail. Please do not reply to this message.
Thank you for using Fulfillment by Amazon.
--------------------------------------------------------------------------
Fulfillment by Amazon, professional packing, shipping and servicing of
online orders.
--------------------------------------------------------------------------
Was this email helpful?
 https://sellercentral.amazon.com/gp/satisfaction/survey-form.html?ie=UTF8&HMDName=NotificationBusEmailHMD&customAttribute1Value=PRODUCT_REMOVAL_ORDER_SHIPPED_NOW
SPC-USAmazon-2216617652080224",2026-05-10 22:38:22,RETR,xtbBsxlWPGoAtjm3SgAA3Y
法务/侵权类,today,account_4,weihaizhongxin2024@126.com,"Sun, 10 May 2026 16:22:50 +0000","""Amazon.de"" <store-news@amazon.de>",Dein Einkaufswagen wartet,,"https://www.amazon.de/gp/cart/view.html?ref_=cor
Schwimmgurt für Pool, Schwimmhilfe Erwachsene Pool, Schwimmgurt Pool Erwachsene, Schwimmwiderstand Gürtel mit 2.5-7.5M Einstellbare Schwimmseil für Jedes Schwimmbad Ohne Gegenstromanlage
 21,81 €
https://www.amazon.de/gp/product/B0DRCC2H56/?ref_=
Einkaufswagen anzeigen
https://www.amazon.de/gp/cart/view.html?ref_=cor
Schaue dir weitere Optionen an
SWIMLOOP Premium Schwimmgurt Schwimmtrainer mit 2 x 2 Meter elastischen Gummibändern - Zugseil - Schwimmseil für Pool wie Gegenstromanlage zum Einhängen - Bauchgurt mit Schwimmband Widerstandstraining
 69,99 €
https://www.amazon.de/gp/product/B0C7PJVJK3/?ref_=ci_mcx_mr_2p_0_lm
Schwimmgurt Erwachsene,4m Einstellbare Schwimmgurt Für Pool,Schwimmtrainer Gegenstromanlage Für Pool, Benutzt Für Schwimmingpools Widerstandstraining （Mit Ohrstöpseln und Nasenclip）
 9,24 €
https://www.amazon.de/gp/product/B097SKBN2X/?ref_=ci_mcx_mr_2p_1_lm
BodyCROSS Premium Schwimmtrainer Outdoor – Schwimmgürtel für Kinder &amp; Erwachsene mit Tube (1–20kg), Pool Zubehör, Pull Buoy, Schwimmbrett
 -9 % 114,08 € UVP: 125,97 €
https://www.amazon.de/gp/product/B01GIMZV8O/?ref_=ci_mcx_mr_2p_2_lm
TUT Schwimmgürtel, 4-10M S",2026-05-10 22:38:21,RETR,xtbBsh7942oAsN5nAwAA3S
店铺绩效类,last7,account_4,weihaizhongxin2024@126.com,"Fri, 8 May 2026 05:42:00 +0000","""Amazon.com"" <fba-noreply@amazon.com>",Your FBA request is complete (zl4CmeMn1C),,"Greetings from Amazon.com
We thought you'd like to know that we have completed your destroy request.
You can track the status of this request by visiting your Seller Account at:
https://sellercentral-europe.amazon.com/
For a complete list of inventory being destroyed, go to:
https://sellercentral-europe.amazon.com/gp/orders/fba-order-details.html?orderID=S02-4422594-1144120
Please note: this email was sent from a notification-only address that
cannot accept incoming e-mail. Please do not reply to this message.
Thank you for using Fulfillment by Amazon.
------------------------------------------------------------------------------
Fulfilment by Amazon – let Amazon pick, pack and ship your orders domestically
and EU wide.
------------------------------------------------------------------------------
Was this e-mail helpful? https://sellercentral.amazon.co.uk/gp/satisfaction/survey-form.html?ie=UTF8&HMDName=NotificationBusEmailHMD&customAttribute1Value=PRODUCT_REMOVAL_ORDER_SHIPPED_NOW
SPC-EUAmazon-1249046860357252",2026-05-10 22:38:07,RETR,xtbBpAvhx2n9d6sX3gAA3I
店铺绩效类,last7,account_4,weihaizhongxin2024@126.com,"Thu, 7 May 2026 18:10:42 +0000","""Amazon.com"" <fba-noreply@amazon.com>",Your FBA request is complete (toabAY9R4I),,"Greetings from Amazon.com
We thought you'd like to know that we have completed your destroy request.
You can track the status of this request by visiting your Seller Account at:
https://sellercentral-europe.amazon.com/
For a complete list of inventory being destroyed, go to:
https://sellercentral-europe.amazon.com/gp/orders/fba-order-details.html?orderID=S02-6481250-1667106
Please note: this email was sent from a notification-only address that
cannot accept incoming e-mail. Please do not reply to this message.
Thank you for using Fulfillment by Amazon.
------------------------------------------------------------------------------
Fulfilment by Amazon – let Amazon pick, pack and ship your orders domestically
and EU wide.
------------------------------------------------------------------------------
Was this e-mail helpful? https://sellercentral.amazon.co.uk/gp/satisfaction/survey-form.html?ie=UTF8&HMDName=NotificationBusEmailHMD&customAttribute1Value=PRODUCT_REMOVAL_ORDER_SHIPPED_NOW
SPC-EUAmazon-1266639044756489",2026-05-10 22:38:06,RETR,xtbBsgU4Hmn81aVA7gAA3a
店铺绩效类,last7,account_4,weihaizhongxin2024@126.com,"Thu, 7 May 2026 11:59:35 +0000","""Amazon.com"" <fba-noreply@amazon.com>",Your FBA request is complete (cp3IU6ppnV),,"Greetings from Amazon.com
We thought you'd like to know that we have completed your destroy request.
You can track the status of this request by visiting your Seller Account at:
https://sellercentral-europe.amazon.com/
For a complete list of inventory being destroyed, go to:
https://sellercentral-europe.amazon.com/gp/orders/fba-order-details.html?orderID=S02-3676204-4750143
Please note: this email was sent from a notification-only address that
cannot accept incoming e-mail. Please do not reply to this message.
Thank you for using Fulfillment by Amazon.
------------------------------------------------------------------------------
Fulfilment by Amazon – let Amazon pick, pack and ship your orders domestically
and EU wide.
------------------------------------------------------------------------------
Was this e-mail helpful? https://sellercentral.amazon.co.uk/gp/satisfaction/survey-form.html?ie=UTF8&HMDName=NotificationBusEmailHMD&customAttribute1Value=PRODUCT_REMOVAL_ORDER_SHIPPED_NOW
SPC-EUAmazon-756465651024921",2026-05-10 22:38:05,RETR,xtbBpAtjSWn8fqs0ogAA3T
店铺绩效类,last7,account_4,weihaizhongxin2024@126.com,"Wed, 6 May 2026 16:07:01 +0000",Fulfillment by Amazon Operations <fba-noreply@amazon.com>,Automated unfulfillable FBA inventory removal notification,,"96
 Hello Weihai US,
The following automated unfulfillable FBA removal orders have been created based on your automated settings.
 Removal order ID ZazNpo+O9J
 You can view the removals on Removal Order Details in your seller account by using the Search tool.
The next removal order will be created as scheduled on May 20, 2026 in accordance with your settings if you have unfulfillable inventory at that time.
To make changes to the shipping address, frequency of your automated unfulfillable removals, or other settings, go to Automated unfulfillable removal settings in your seller account.
 Thank you.
The Fulfillment by Amazon team
Please note: This email was sent from a notification-only address that cannot accept incoming email. Please do not reply to this email.
 Report an issue with this email
 If you have any questions visit: Seller Central
 To change your email preferences visit: Notification Preferences
 Copyright 2026 Amazon, Inc, or its affiliates. All rights reserved.
 Amazon.com, 410 Terry Avenue North, Seattle, WA 98109-5210
 SPC-USAmazon-897203698552067",2026-05-10 22:38:04,RETR,xtbBpAo9I2n7ZyoOYAAA3B
店铺绩效类,last7,account_4,weihaizhongxin2024@126.com,"Tue, 5 May 2026 13:03:07 +0000","""Amazon.com"" <fba-noreply@amazon.com>",Your FBA request is complete (2604121A02),,"Greetings from Amazon.com
We thought you'd like to know that we have completed your destroy request.
You can track the status of this request by visiting your Seller Account at:
https://sellercentral-europe.amazon.com/
For a complete list of inventory being destroyed, go to:
https://sellercentral-europe.amazon.com/gp/orders/fba-order-details.html?orderID=S02-8453509-8018713
Please note: this email was sent from a notification-only address that
cannot accept incoming e-mail. Please do not reply to this message.
Thank you for using Fulfillment by Amazon.
------------------------------------------------------------------------------
Fulfilment by Amazon – let Amazon pick, pack and ship your orders domestically
and EU wide.
------------------------------------------------------------------------------
Was this e-mail helpful? https://sellercentral.amazon.co.uk/gp/satisfaction/survey-form.html?ie=UTF8&HMDName=NotificationBusEmailHMD&customAttribute1Value=PRODUCT_REMOVAL_ORDER_SHIPPED_NOW
SPC-EUAmazon-1143493743309127",2026-05-10 22:38:02,RETR,xtbBsw62nGn56o6YbgAA3V
店铺绩效类,last7,account_4,weihaizhongxin2024@126.com,"Mon, 4 May 2026 16:59:42 +0000","""Amazon.com"" <fba-noreply@amazon.com>",Your FBA request is complete (AOOD6vlnxr),,"Greetings from Amazon.com
We thought you'd like to know that we have completed your destroy request.
You can track the status of this request by visiting your Seller Account at:
https://sellercentral-europe.amazon.com/
For a complete list of inventory being destroyed, go to:
https://sellercentral-europe.amazon.com/gp/orders/fba-order-details.html?orderID=S02-7070838-6697752
Please note: this email was sent from a notification-only address that
cannot accept incoming e-mail. Please do not reply to this message.
Thank you for using Fulfillment by Amazon.
------------------------------------------------------------------------------
Fulfilment by Amazon – let Amazon pick, pack and ship your orders domestically
and EU wide.
------------------------------------------------------------------------------
Was this e-mail helpful? https://sellercentral.amazon.co.uk/gp/satisfaction/survey-form.html?ie=UTF8&HMDName=NotificationBusEmailHMD&customAttribute1Value=PRODUCT_REMOVAL_ORDER_SHIPPED_NOW
SPC-EUAmazon-897203139327859",2026-05-10 22:38:00,RETR,xtbBswLs0mn40ILwxAAA34
付款/资金类,last7,account_4,weihaizhongxin2024@126.com,"Thu, 7 May 2026 15:03:42 +0000",Amazon Services <donotreply@amazon.com>,Tu pago está en camino,,"96
This title will display on mobile devices
 ¡Enhorabuena! El pago está de camino y llegará pronto.
 El pago está en camino
Enhorabuena, Weihai EU. Tu pago está en camino y te llegará en un plazo de tres a cinco días.
El 05/07/26 15:03 WEST, iniciamos una transferencia a tu método de pago (cuenta bancaria terminado en 229) por un importe de €
 259,07.
 Si el importe es inferior a lo esperado, ten en cuenta las siguientes preguntas:
 ¿Tienes saldo no disponible en tu cuenta de vendedor? Puede que hayamos reservado algo de dinero para posibles devoluciones, reclamaciones o reversiones de cargo de clientes. En este caso, el saldo de cierre de tu informe de pagos te mostrará el saldo no disponible en reserva.
 ¿Cubren tus ventas las tarifas de Amazon y las devoluciones del periodo de liquidación? El importe del pago refleja las ventas que has hecho y las tarifas de venta aplicadas tanto a dichas ventas como a cualquier promoción o servicio que hayas utilizado. Te recomendamos que revises tu informe de pagos en ""Informes"" de Seller Central para conocer el saldo de cierre.
Para más información sobre los informes de pagos en Seller Central, visita nuestro curso oficial.
Te deseamos un éx",2026-05-10 22:38:06,RETR,xtbBpBI4Hmn8qdJIgQAA33
付款/资金类,last7,account_4,weihaizhongxin2024@126.com,"Thu, 7 May 2026 15:03:28 +0000",Amazon Services <donotreply@amazon.com>,Your payment is on the way,,"96
This title will display on mobile devices
 Congratulations! Your payment is on the way and will arrive soon.
 Disbursement Attempted
Congratulations Weihai EU! Your payment is on the way and will arrive within three to five days.
On 05/07/26 15:03 CEST, we initiated a transfer to your payment method (bank account ending in 229) in the amount of €
 401.51.
 If the amount is less than expected, here are a few questions to consider:
 Do you have an unavailable balance? Amazon might be reserving money to cover potential returns, claims, or chargebacks from buyers. If this is the case, the closing balance in your Payment Report will display the unavailable balance that is reserved.
 Did your sales cover all fees and returns for this statement period? The payment amount reflects sales activities, selling fees, and fees for promotions or services. We recommend reviewing your Payment Report under the Reports tab in Seller Central to understand your closing balance.
To learn more about Payment Reports in Seller Central, please visit our official course.
We wish you continued success!
Thank you for selling in the Amazon store,
Amazon Services
Help us improve your payment experience on Ama",2026-05-10 22:38:06,RETR,xtbBpAQ1G2n8qcRILwAA3R
付款/资金类,last7,account_4,weihaizhongxin2024@126.com,"Thu, 7 May 2026 15:01:21 +0000",Amazon Services <donotreply@amazon.com>,Your payment is on the way,,"96
This title will display on mobile devices
 Congratulations! Your payment is on the way and will arrive soon.
 Disbursement attempted
Congratulations Weihai CA! Your payment is on the way and will arrive within three to five days.
On 05/07/26 15:01 EDT, we initiated a transfer to your payment method (bank account ending in 151) in the amount of CAD
 155.10.
 If the amount is less than expected, here are a few questions to consider:
 Do you have an unavailable balance? Amazon might be reserving money to cover potential returns, claims or chargebacks from buyers. If this is the case, the closing balance in your Payment Report will display the unavailable balance that is reserved.
 Did your sales cover all fees and returns for this statement period? The payment amount reflects sales activities, selling fees and fees for promotions or services. We recommend reviewing your Payment Report under the Reports tab in Seller Central to understand your closing balance.
To learn more about Payment Reports in Seller Central, please visit our official course.
We wish you continued success!
Thank you for selling in the Amazon Store,
Amazon Services
Help us improve your payment experience on Amaz",2026-05-10 22:38:05,RETR,xtbBsgQV+mn8qURZxQAA39
付款/资金类,last7,account_4,weihaizhongxin2024@126.com,"Tue, 5 May 2026 03:44:19 +0000",Amazon Services <donotreply@amazon.com>,Tu pago está en camino,,"96
This title will display on mobile devices
 ¡Enhorabuena! El pago está de camino y llegará pronto.
 El pago está en camino
Enhorabuena, Weihai EU. Tu pago está en camino y te llegará en un plazo de tres a cinco días.
El 05/05/26 03:44 WEST, iniciamos una transferencia a tu método de pago (cuenta bancaria terminado en 229) por un importe de €
 272,22.
 Si el importe es inferior a lo esperado, ten en cuenta las siguientes preguntas:
 ¿Tienes saldo no disponible en tu cuenta de vendedor? Puede que hayamos reservado algo de dinero para posibles devoluciones, reclamaciones o reversiones de cargo de clientes. En este caso, el saldo de cierre de tu informe de pagos te mostrará el saldo no disponible en reserva.
 ¿Cubren tus ventas las tarifas de Amazon y las devoluciones del periodo de liquidación? El importe del pago refleja las ventas que has hecho y las tarifas de venta aplicadas tanto a dichas ventas como a cualquier promoción o servicio que hayas utilizado. Te recomendamos que revises tu informe de pagos en ""Informes"" de Seller Central para conocer el saldo de cierre.
Para más información sobre los informes de pagos en Seller Central, visita nuestro curso oficial.
Te deseamos un éx",2026-05-10 22:38:01,RETR,xtbBsxbXvWn5Z5ZZ3gAA3p
产品链接/合规类,last7,account_4,weihaizhongxin2024@126.com,"Fri, 8 May 2026 11:37:14 +0000",donotreply@amazon.com,"Votre facture pour les frais de paiement au titre de la REP pour
 les ventes sur Amazon.fr |   Your VAT invoice for EPR Pay on Behalf charges
 for Amazon.fr sales",,"Bonjour,
Votre facture pour couvrant les frais de paiement au titre de la Responsabilité élargie du producteur (REP) pour les ventes sur Amazon.fr est désormais disponible.
La facture comprend (1) les frais d’éco-contribution qu’Amazon a payé en votre nom pour les ventes de produits soumis à des obligations REP sur Amazon.fr au cours de la période de référence applicable et (2) les frais de service REP Nous payons en votre nom, pour les catégories de REP spécifiées dans le résumé au niveau de la catégorie et dans le résumé au niveau de l’ASIN.
Pour accéder à votre facture REP Nous Payons en votre nom , ouvrez la pièce jointe de cet e-mail ou accédez à la section Factures des frais du vendeur et recherchez « REP Nous payons en votre nom » dans la colonne « Type de facture ».
Pour afficher un résumé au niveau de la catégorie des frais facturés, des périodes de déclaration applicables et des catégories REP, accédez à la section Affichage des transactions avec les frais de service comme type de transaction, et recherchez « REP Nous payons en votre nom » dans la colonne « Détails sur le produit ».
Pour afficher le détail au niveau de l’ASIN de vos frais d’éco-contribution REP, des pério",2026-05-10 22:38:08,RETR,xtbBpQ3HrWn9yu197gAA3i
产品链接/合规类,last7,account_4,weihaizhongxin2024@126.com,"Tue, 5 May 2026 17:50:39 +0000",Fulfillment by Amazon Operations <fba-noreply@amazon.com>,Your Amazon.com Inventory - Action Required,,"Dear Weihai US,
We have recently restricted listings for the product(s) listed below on Amazon.com.
Please initiate a removal request for the ASIN(s) referenced below to have your inventory sent to a location of your choosing. If this inventory is not removed within 30 days of this notification (by 06/03/2026), we may dispose of it in accordance with FBA policies.
Thank you for your attention to this matter.
Regards,
Product Safety Team
Amazon.com
www.amazon.com
Please note: this e-mail was sent from a notification-only address that cannot accept incoming e-mail. Please do not reply to this message.
Affected Product(s):
B0DRTR7GYJ
Was this email helpful?
 https://sellercentral.amazon.com/gp/satisfaction/survey-form.html?ie=UTF8&HMDName=NotificationBusEmailHMD&customAttribute1Value=RESTRICTED_LISTING_PRODUCTS_REMOVAL_REQUEST
SPC-USAmazon-1583298956134227",2026-05-10 22:38:03,RETR,xtbBsxOghmn6LfNGgwAA3O
产品链接/合规类,last7,account_4,weihaizhongxin2024@126.com,"Tue, 5 May 2026 12:49:24 +0000",Amazon Europe <donotreply@amazon.com>,Submit missing VAT Registration Information,,"Amazon Services
 96
 Submit missing VAT Registration Information
 Hello,
 We are reaching out as we have identified that the following VAT registration information is missing in your Seller Central account:
 Country
 Details
 Poland
 Ship from Non-Place of Establishment
 Amazon requires Selling Partners to submit valid VAT Registration Numbers, to ensure compliance with tax requirements.
 What actions do I need to take?
 To avoid any impact to your account, we encourage you to submit this information at your earliest convenience. In your “Tax Settings” page , in Seller Central:
 1. Add a valid VAT registration number for the countries listed above , with an address linked to those VRNs and with address nature assigned.
 2. Verify that all your Tax Information in Seller Central matches the information provided to the Tax Authorities .
 Provide my VAT information
 We recommend that you contact your tax advisor to understand your obligations in each country that you sell in.
Make sure you always keep your Tax Information up-to-date in Seller Central, for all the countries in which you have an obligation.
For more information, visit European VAT registration requirements page .
 Amazon",2026-05-10 22:38:02,RETR,xtbBpBbnzWn551bT7gAA3E
产品链接/合规类,last7,account_4,weihaizhongxin2024@126.com,"Tue, 5 May 2026 02:13:07 +0000",Amazon Services <donotreply@amazon.com>,Submit product safety documentation to reactivate listings,,"96
 Submit product safety documentation to reactivate listings
 Hello Weihai US,
 Some of your listings have been deactivated due to missing mandatory compliance requirements for your products. Review the details and next steps below. The affected listings are shown at the end of this email.
 Why is this happening?
 We are taking this action because these products are missing mandatory compliance information. Review our Product safety and compliance help page for information on applicable laws, regulations, and Amazon policies. We leveraged a combination of automated means and expert human review to identify this issue and make this decision.
 The table at the end of this email provides product-specific compliance requirements.
 How do I reactivate my listings?
 To provide the required compliance information, go to your Account Health page and locate the product compliance requests:
-
 If you have the required documentation, follow the instructions to submit your compliance documents. We will only reinstate products that fulfill the compliance requirements.
-
 If you believe your products are exempt from these requirements, submit documentation demonstrating why they are not subjec",2026-05-10 22:38:01,RETR,xtbBpBd6YGn5Uje59AAA3R
法务/侵权类,last7,account_4,weihaizhongxin2024@126.com,"Sat, 9 May 2026 16:23:48 +0000",donotreply@amazon.com,Your Amazon.ca Fulfillment by Amazon Merchant Invoice for 4/2026 (Votre Facture Expédié Par Amazon Amazon.ca pour le mois de 4/2026),,"Dear Shen zhen shi wei hai zhong xin ke ji you xian,
We are writing to inform you that your electronic Fulfillment by Amazon Merchant Invoice for the month of 4/2026 is now available in your Seller Central Account.
To access your invoice, go to your Seller Central Account > Reports > Tax Document Library > Seller Fee Tax Invoices.
In your Seller Central account, you will be able to view, download or print your invoice.
If you have any questions, please contact Seller Support.
Best regards,
Amazon.ca
 Monsieur/Madame Shen zhen shi wei hai zhong xin ke ji you xian,
Nous vous écrivons pour vous informer que votre Facture Expédié Par Amazon pour le mois de 4/2026 est maintenant disponible dans votre compte Seller Central.
Pour accéder à votre facture, rendez-vous sur votre compte Seller Central et veuillez accéder à la page Rapports > Bibliothèque d'informations fiscales > Factures des frais du vendeur.
Dans votre compte Seller Central, vous pourrez afficher, télécharger ou imprimer votre facture.
Pour toute question, contactez le Support Vendeur.
Cordialement,
Amazon.ca",2026-05-10 22:38:19,RETR,xtbBsxhYPmn-X5iScgAA38
法务/侵权类,last7,account_4,weihaizhongxin2024@126.com,"Sat, 9 May 2026 08:34:05 +0000",donotreply@amazon.com,Ihr Dokument Rechnungskorrektur Versand durch Amazon von Amazon.de für 4.2026,,"Guten Tag Shen zhen shi wei hai zhong xin ke ji you xian!
Wir möchten Sie darüber informieren, dass Ihr elektronisches Dokument Rechnungskorrektur Versand durch Amazon für 4.2026 ab sofort in Ihrem Seller Central-Konto verfügbar ist.
Navigieren Sie in Ihrem Seller Central-Konto zu Berichte > Steuerdokumente > Rechnungen über Verkaufsgebühren, um auf Ihr Dokument (Rechnungskorrektur) zuzugreifen.
In Ihrem Seller Central-Konto können Sie Ihr Dokument (Rechnungskorrektur) anzeigen, herunterladen oder ausdrucken.
Wenden Sie sich bei weiteren Fragen bitte an die Verkäuferhilfe.
Freundliche Grüße,
Amazon.de",2026-05-10 22:38:17,RETR,xtbBpAC2nGn+8YBZXgAA3v
法务/侵权类,last7,account_4,weihaizhongxin2024@126.com,"Sat, 9 May 2026 07:22:14 +0000",donotreply@amazon.com,Ihr Dokument Rechnungskorrektur Verkäufer von Amazon.de für 4.2026,,"Guten Tag Shen zhen shi wei hai zhong xin ke ji you xian!
Wir möchten Sie darüber informieren, dass Ihr elektronisches Dokument Rechnungskorrektur Verkäufer für 4.2026 ab sofort in Ihrem Seller Central-Konto verfügbar ist.
Navigieren Sie in Ihrem Seller Central-Konto zu Berichte > Steuerdokumente > Rechnungen über Verkaufsgebühren, um auf Ihr Dokument (Rechnungskorrektur) zuzugreifen.
In Ihrem Seller Central-Konto können Sie Ihr Dokument (Rechnungskorrektur) anzeigen, herunterladen oder ausdrucken.
Wenden Sie sich bei weiteren Fragen bitte an die Verkäuferhilfe.
Freundliche Grüße,
Amazon.de",2026-05-10 22:38:17,RETR,xtbBswl8Ymn+4KnD2gAA3j
法务/侵权类,last7,account_4,weihaizhongxin2024@126.com,"Sat, 9 May 2026 07:02:56 +0000",donotreply@amazon.com,Your Amazon.co.uk Merchant Credit Note for 4/2026,,"Dear Shen zhen shi wei hai zhong xin ke ji you xian,
We are writing to inform you that your electronic Merchant Credit Note for the month of 4/2026 is now available in your Seller Central Account.
To access your credit note, go to your Seller Central Account > Reports > Tax Document Library > Seller Fee Tax Invoices.
In your Seller Central account, you will be able to view, download or print your credit note.
If you have any questions, please contact Seller Support.
Best regards,
Amazon.co.uk",2026-05-10 22:38:16,RETR,xtbBpANZP2n+3CObCwAA35
法务/侵权类,last7,account_4,weihaizhongxin2024@126.com,"Fri, 8 May 2026 22:29:17 +0000",donotreply@amazon.com,Ihr Dokument Rechnung Versand durch Amazon von Amazon.de für 4.2026,,"Guten Tag Shen zhen shi wei hai zhong xin ke ji you xian!
Wir möchten Sie darüber informieren, dass Ihr elektronisches Dokument Rechnung Versand durch Amazon für 4.2026 ab sofort in Ihrem Seller Central-Konto verfügbar ist.
Navigieren Sie in Ihrem Seller Central-Konto zu Berichte > Steuerdokumente > Rechnungen über Verkaufsgebühren, um auf Ihr Dokument (Rechnung) zuzugreifen.
In Ihrem Seller Central-Konto können Sie Ihr Dokument (Rechnung) anzeigen, herunterladen oder ausdrucken.
Wenden Sie sich bei weiteren Fragen bitte an die Verkäuferhilfe.
Freundliche Grüße,
Amazon.de",2026-05-10 22:38:15,RETR,xtbBsgAjCWn+Y8AGzwAA3l
法务/侵权类,last7,account_4,weihaizhongxin2024@126.com,"Fri, 8 May 2026 22:25:39 +0000",donotreply@amazon.com,Din Faktura Fraktas Av Amazon Amazon.se för 4/2026,,"Hej Shen zhen shi wei hai zhong xin ke ji you xian!
Vi skriver för att informera dig om att din elektroniska Faktura Fraktas Av Amazon för månaden 4/2026 nu finns tillgänglig på ditt Seller Central-konto.
För att komma åt ditt fakturagår du till ditt Seller Central-konto > Rapporter > Bibliotek för skattedokument > Skattefakturor för säljaravgifter.
På ditt Seller Central-konto kan du se, ladda ner eller skriva ut ditt faktura.
Om du har några frågor, kontakta säljarsupport.
Vänliga hälsningar,
Amazon.se",2026-05-10 22:38:15,RETR,xtbBsgbr0Wn+YuYCfwAA3g
法务/侵权类,last7,account_4,weihaizhongxin2024@126.com,"Fri, 8 May 2026 22:10:57 +0000",donotreply@amazon.com,Ihr Dokument Rechnung Versand durch Amazon von Amazon.de für 4.2026,,"Guten Tag Shen zhen shi wei hai zhong xin ke ji you xian!
Wir möchten Sie darüber informieren, dass Ihr elektronisches Dokument Rechnung Versand durch Amazon für 4.2026 ab sofort in Ihrem Seller Central-Konto verfügbar ist.
Navigieren Sie in Ihrem Seller Central-Konto zu Berichte > Steuerdokumente > Rechnungen über Verkaufsgebühren, um auf Ihr Dokument (Rechnung) zuzugreifen.
In Ihrem Seller Central-Konto können Sie Ihr Dokument (Rechnung) anzeigen, herunterladen oder ausdrucken.
Wenden Sie sich bei weiteren Fragen bitte an die Verkäuferhilfe.
Freundliche Grüße,
Amazon.de",2026-05-10 22:38:15,RETR,xtbBsxQP9Gn+X3R-ZgAA35
法务/侵权类,last7,account_4,weihaizhongxin2024@126.com,"Fri, 8 May 2026 22:09:44 +0000",donotreply@amazon.com,Je Factuur Fulfilled by Amazon Amazon.com.be voor 4/2026 (Votre Facture Expédié Par Amazon Amazon.com.be pour le mois de 4/2026),,"Beste Shen zhen shi wei hai zhong xin ke ji you xian,
We sturen je dit bericht om je te laten weten dat je elektronische Factuur Fulfilled by Amazon voor de maand 4 2026 nu beschikbaar is in je Seller Central-account.
Als je toegang wilt krijgen tot je factuur, ga je naar je Seller Central-account > Overzichten > Bibliotheek met belastingdocumenten > Belastingfacturen voor kosten verkoper.
In je Seller Central-account kun je je factuur bekijken, downloaden of afdrukken.
Als je nog vragen hebt, kun je contact opnemen met de Ondersteuning voor verkopers.
Met vriendelijke groeten,
Amazon.com.be
 Monsieur/Madame Shen zhen shi wei hai zhong xin ke ji you xian,
Nous vous écrivons pour vous informer que votre Facture Expédié Par Amazon pour le mois de 4/2026 est maintenant disponible dans votre compte Seller Central.
Pour accéder à votre facture, rendez-vous sur votre compte Seller Central et veuillez accéder à la page Rapports > Bibliothèque d'informations fiscales > Factures des frais du vendeur.
Dans votre compte Seller Central, vous pourrez afficher, télécharger ou imprimer votre facture.
Pour toute question, contactez le Support Vendeur.
Cordialement,
Amazon.com.be",2026-05-10 22:38:14,RETR,xtbBswz84mn+Xyx9hgAA3+
法务/侵权类,last7,account_4,weihaizhongxin2024@126.com,"Fri, 8 May 2026 22:01:18 +0000",donotreply@amazon.com,Je Factuur Fulfilled by Amazon Amazon.com.be voor 4/2026 (Votre Facture Expédié Par Amazon Amazon.com.be pour le mois de 4/2026),,"Beste Shen zhen shi wei hai zhong xin ke ji you xian,
We sturen je dit bericht om je te laten weten dat je elektronische Factuur Fulfilled by Amazon voor de maand 4 2026 nu beschikbaar is in je Seller Central-account.
Als je toegang wilt krijgen tot je factuur, ga je naar je Seller Central-account > Overzichten > Bibliotheek met belastingdocumenten > Belastingfacturen voor kosten verkoper.
In je Seller Central-account kun je je factuur bekijken, downloaden of afdrukken.
Als je nog vragen hebt, kun je contact opnemen met de Ondersteuning voor verkopers.
Met vriendelijke groeten,
Amazon.com.be
 Monsieur/Madame Shen zhen shi wei hai zhong xin ke ji you xian,
Nous vous écrivons pour vous informer que votre Facture Expédié Par Amazon pour le mois de 4/2026 est maintenant disponible dans votre compte Seller Central.
Pour accéder à votre facture, rendez-vous sur votre compte Seller Central et veuillez accéder à la page Rapports > Bibliothèque d'informations fiscales > Factures des frais du vendeur.
Dans votre compte Seller Central, vous pourrez afficher, télécharger ou imprimer votre facture.
Pour toute question, contactez le Support Vendeur.
Cordialement,
Amazon.com.be",2026-05-10 22:38:14,RETR,xtbBpBF9Y2n+XTHIZAAA38
法务/侵权类,last7,account_4,weihaizhongxin2024@126.com,"Fri, 8 May 2026 21:25:07 +0000",donotreply@amazon.com,Amazon.pl – Faktura Realizacja przez Amazon za 4 2026,,"Cześć Shen zhen shi wei hai zhong xin ke ji you xian,
Pragniemy poinformować, że ten elektroniczny dokument jest już dostępny na Twoim koncie Seller Central: Faktura Realizacja przez Amazon za miesiąc 4 i rok 2026.
Aby uzyskać dostęp do tego dokumentu typu faktura, przejdź na konto Seller Central > Raporty > Dokumenty podatkowe > Faktury podatkowe z tytułu opłat od sprzedawcy.
Na koncie Seller Central możesz wyświetlić, pobrać i wydrukować taki dokument (faktura).
Jeśli masz jakieś pytania, skontaktuj się z działem pomocy dla sprzedawców.
Pozdrawiamy,
Amazon.pl",2026-05-10 22:38:14,RETR,xtbBshdcQmn+VLesjQAA3u
法务/侵权类,last7,account_4,weihaizhongxin2024@126.com,"Fri, 8 May 2026 21:24:35 +0000",donotreply@amazon.com,Your Amazon.co.uk Fulfillment by Amazon Merchant Invoice for 4/2026,,"Dear Shen zhen shi wei hai zhong xin ke ji you xian,
We are writing to inform you that your electronic Fulfillment by Amazon Merchant Invoice for the month of 4/2026 is now available in your Seller Central Account.
To access your invoice, go to your Seller Central Account > Reports > Tax Document Library > Seller Fee Tax Invoices.
In your Seller Central account, you will be able to view, download or print your invoice.
If you have any questions, please contact Seller Support.
Best regards,
Amazon.co.uk",2026-05-10 22:38:14,RETR,xtbBpRVUOmn+VJWc7gAA36
法务/侵权类,last7,account_4,weihaizhongxin2024@126.com,"Fri, 8 May 2026 21:03:04 +0000",donotreply@amazon.com,Je Factuur Fulfilled by Amazon Amazon.nl voor 4/2026,,"Beste Shen zhen shi wei hai zhong xin ke ji you xian,
We sturen je dit bericht om je te laten weten dat je elektronische Factuur Fulfilled by Amazon voor de maand 4 2026 nu beschikbaar is in je Seller Central-account.
Als je toegang wilt krijgen tot je factuur, ga je naar je Seller Central-account > Overzichten > Bibliotheek met belastingdocumenten > Belastingfacturen voor kosten verkoper.
In je Seller Central-account kun je je factuur bekijken, downloaden of afdrukken.
Als je nog vragen hebt, kun je contact opnemen met de Ondersteuning voor verkopers.
Met vriendelijke groeten,
Amazon.nl",2026-05-10 22:38:14,RETR,xtbBsgwR9mn+T4yJLAAA3o
法务/侵权类,last7,account_4,weihaizhongxin2024@126.com,"Fri, 8 May 2026 20:51:50 +0000",donotreply@amazon.com,Din Faktura Fraktas Av Amazon Amazon.se för 4/2026,,"Hej Shen zhen shi wei hai zhong xin ke ji you xian!
Vi skriver för att informera dig om att din elektroniska Faktura Fraktas Av Amazon för månaden 4/2026 nu finns tillgänglig på ditt Seller Central-konto.
För att komma åt ditt fakturagår du till ditt Seller Central-konto > Rapporter > Bibliotek för skattedokument > Skattefakturor för säljaravgifter.
På ditt Seller Central-konto kan du se, ladda ner eller skriva ut ditt faktura.
Om du har några frågor, kontakta säljarsupport.
Vänliga hälsningar,
Amazon.se",2026-05-10 22:38:13,RETR,xtbBpQlnTWn+TOlqPgAA3g
法务/侵权类,last7,account_4,weihaizhongxin2024@126.com,"Fri, 8 May 2026 18:44:14 +0000",donotreply@amazon.com,Amazon.pl – Faktura Sprzedawcy za 4 2026,,"Cześć Shen zhen shi wei hai zhong xin ke ji you xian,
Pragniemy poinformować, że ten elektroniczny dokument jest już dostępny na Twoim koncie Seller Central: Faktura Sprzedawcy za miesiąc 4 i rok 2026.
Aby uzyskać dostęp do tego dokumentu typu faktura, przejdź na konto Seller Central > Raporty > Dokumenty podatkowe > Faktury podatkowe z tytułu opłat od sprzedawcy.
Na koncie Seller Central możesz wyświetlić, pobrać i wydrukować taki dokument (faktura).
Jeśli masz jakieś pytania, skontaktuj się z działem pomocy dla sprzedawców.
Pozdrawiamy,
Amazon.pl",2026-05-10 22:38:12,RETR,xtbBsgHly2n+LwFytQAA3j
法务/侵权类,last7,account_4,weihaizhongxin2024@126.com,"Fri, 8 May 2026 18:35:59 +0000",donotreply@amazon.com,Je Factuur Verkoper Amazon.nl voor 4/2026,,"Beste Shen zhen shi wei hai zhong xin ke ji you xian,
We sturen je dit bericht om je te laten weten dat je elektronische Factuur Verkoper voor de maand 4 2026 nu beschikbaar is in je Seller Central-account.
Als je toegang wilt krijgen tot je factuur, ga je naar je Seller Central-account > Overzichten > Bibliotheek met belastingdocumenten > Belastingfacturen voor kosten verkoper.
In je Seller Central-account kun je je factuur bekijken, downloaden of afdrukken.
Als je nog vragen hebt, kun je contact opnemen met de Ondersteuning voor verkopers.
Met vriendelijke groeten,
Amazon.nl",2026-05-10 22:38:12,RETR,xtbBsxJpT2n+LRL4HgAA3J
法务/侵权类,last7,account_4,weihaizhongxin2024@126.com,"Fri, 8 May 2026 18:24:07 +0000",donotreply@amazon.com,Ihr Dokument Rechnung Verkäufer von Amazon.de für 4.2026,,"Guten Tag Shen zhen shi wei hai zhong xin ke ji you xian!
Wir möchten Sie darüber informieren, dass Ihr elektronisches Dokument Rechnung Verkäufer für 4.2026 ab sofort in Ihrem Seller Central-Konto verfügbar ist.
Navigieren Sie in Ihrem Seller Central-Konto zu Berichte > Steuerdokumente > Rechnungen über Verkaufsgebühren, um auf Ihr Dokument (Rechnung) zuzugreifen.
In Ihrem Seller Central-Konto können Sie Ihr Dokument (Rechnung) anzeigen, herunterladen oder ausdrucken.
Wenden Sie sich bei weiteren Fragen bitte an die Verkäuferhilfe.
Freundliche Grüße,
Amazon.de",2026-05-10 22:38:12,RETR,xtbBsgq2nGn+KkpS-gAA3J
法务/侵权类,last7,account_4,weihaizhongxin2024@126.com,"Fri, 8 May 2026 18:18:06 +0000",donotreply@amazon.com,Din Faktura Säljare Amazon.se för 4/2026,,"Hej Shen zhen shi wei hai zhong xin ke ji you xian!
Vi skriver för att informera dig om att din elektroniska Faktura Säljare för månaden 4/2026 nu finns tillgänglig på ditt Seller Central-konto.
För att komma åt ditt fakturagår du till ditt Seller Central-konto > Rapporter > Bibliotek för skattedokument > Skattefakturor för säljaravgifter.
På ditt Seller Central-konto kan du se, ladda ner eller skriva ut ditt faktura.
Om du har några frågor, kontakta säljarsupport.
Vänliga hälsningar,
Amazon.se",2026-05-10 22:38:12,RETR,xtbBsgFcQmn+KOFJ9AAA3O
法务/侵权类,last7,account_4,weihaizhongxin2024@126.com,"Fri, 8 May 2026 16:33:15 +0000",donotreply@amazon.com,Your Amazon.ae Fulfillment by Amazon Merchant Invoice for 4/2026,,"Dear Shen zhen shi wei hai zhong xin ke ji you xian,
We are writing to inform you that your electronic Fulfillment by Amazon Merchant Invoice for the month of 4/2026 is now available in your Seller Central Account.
To access your invoice, go to your Seller Central Account > Reports > Tax Document Library > Seller Fee Tax Invoices.
In your Seller Central account, you will be able to view, download or print your invoice.
If you have any questions, please contact Seller Support.
Best regards,
Amazon.ae",2026-05-10 22:38:11,RETR,xtbBpQ4xF2n+EE6EBwAA3H
法务/侵权类,last7,account_4,weihaizhongxin2024@126.com,"Fri, 8 May 2026 16:20:52 +0000",donotreply@amazon.com,Ihr Dokument Rechnung Versand durch Amazon von Amazon.de für 4.2026,,"Guten Tag Shen zhen shi wei hai zhong xin ke ji you xian!
Wir möchten Sie darüber informieren, dass Ihr elektronisches Dokument Rechnung Versand durch Amazon für 4.2026 ab sofort in Ihrem Seller Central-Konto verfügbar ist.
Navigieren Sie in Ihrem Seller Central-Konto zu Berichte > Steuerdokumente > Rechnungen über Verkaufsgebühren, um auf Ihr Dokument (Rechnung) zuzugreifen.
In Ihrem Seller Central-Konto können Sie Ihr Dokument (Rechnung) anzeigen, herunterladen oder ausdrucken.
Wenden Sie sich bei weiteren Fragen bitte an die Verkäuferhilfe.
Freundliche Grüße,
Amazon.de",2026-05-10 22:38:11,RETR,xtbBpAd2XGn+DWdkIgAA3y
法务/侵权类,last7,account_4,weihaizhongxin2024@126.com,"Fri, 8 May 2026 15:43:38 +0000",donotreply@amazon.com,Je Factuur Fulfilled by Amazon Amazon.nl voor 4/2026,,"Beste Shen zhen shi wei hai zhong xin ke ji you xian,
We sturen je dit bericht om je te laten weten dat je elektronische Factuur Fulfilled by Amazon voor de maand 4 2026 nu beschikbaar is in je Seller Central-account.
Als je toegang wilt krijgen tot je factuur, ga je naar je Seller Central-account > Overzichten > Bibliotheek met belastingdocumenten > Belastingfacturen voor kosten verkoper.
In je Seller Central-account kun je je factuur bekijken, downloaden of afdrukken.
Als je nog vragen hebt, kun je contact opnemen met de Ondersteuning voor verkopers.
Met vriendelijke groeten,
Amazon.nl",2026-05-10 22:38:10,RETR,xtbBpA1GLGn+BK0PUwAA3h
法务/侵权类,last7,account_4,weihaizhongxin2024@126.com,"Fri, 8 May 2026 15:17:48 +0000",donotreply@amazon.com,Your Amazon.co.uk Fulfillment by Amazon Merchant Invoice for 4/2026,,"Dear Shen zhen shi wei hai zhong xin ke ji you xian,
We are writing to inform you that your electronic Fulfillment by Amazon Merchant Invoice for the month of 4/2026 is now available in your Seller Central Account.
To access your invoice, go to your Seller Central Account > Reports > Tax Document Library > Seller Fee Tax Invoices.
In your Seller Central account, you will be able to view, download or print your invoice.
If you have any questions, please contact Seller Support.
Best regards,
Amazon.co.uk",2026-05-10 22:38:10,RETR,xtbBpB-Apmn9-p-jtAAA3-
法务/侵权类,last7,account_4,weihaizhongxin2024@126.com,"Fri, 8 May 2026 14:52:53 +0000",donotreply@amazon.com,Ihr Dokument Rechnung Versand durch Amazon von Amazon.de für 4.2026,,"Guten Tag Shen zhen shi wei hai zhong xin ke ji you xian!
Wir möchten Sie darüber informieren, dass Ihr elektronisches Dokument Rechnung Versand durch Amazon für 4.2026 ab sofort in Ihrem Seller Central-Konto verfügbar ist.
Navigieren Sie in Ihrem Seller Central-Konto zu Berichte > Steuerdokumente > Rechnungen über Verkaufsgebühren, um auf Ihr Dokument (Rechnung) zuzugreifen.
In Ihrem Seller Central-Konto können Sie Ihr Dokument (Rechnung) anzeigen, herunterladen oder ausdrucken.
Wenden Sie sich bei weiteren Fragen bitte an die Verkäuferhilfe.
Freundliche Grüße,
Amazon.de",2026-05-10 22:38:10,RETR,xtbBpAhKMGn9+Mi6DgAA3G
法务/侵权类,last7,account_4,weihaizhongxin2024@126.com,"Fri, 8 May 2026 14:40:42 +0000",donotreply@amazon.com,"Je Factuur Verkoper Amazon.com.be voor 4/2026 (Votre Facture
 Vendeur Amazon.com.be pour le mois de 4/2026)",,"Beste Shen zhen shi wei hai zhong xin ke ji you xian,
We sturen je dit bericht om je te laten weten dat je elektronische Factuur Verkoper voor de maand 4 2026 nu beschikbaar is in je Seller Central-account.
Als je toegang wilt krijgen tot je factuur, ga je naar je Seller Central-account > Overzichten > Bibliotheek met belastingdocumenten > Belastingfacturen voor kosten verkoper.
In je Seller Central-account kun je je factuur bekijken, downloaden of afdrukken.
Als je nog vragen hebt, kun je contact opnemen met de Ondersteuning voor verkopers.
Met vriendelijke groeten,
Amazon.com.be
 Monsieur/Madame Shen zhen shi wei hai zhong xin ke ji you xian,
Nous vous écrivons pour vous informer que votre Facture Vendeur pour le mois de 4/2026 est maintenant disponible dans votre compte Seller Central.
Pour accéder à votre facture, rendez-vous sur votre compte Seller Central et veuillez accéder à la page Rapports > Bibliothèque d'informations fiscales > Factures des frais du vendeur.
Dans votre compte Seller Central, vous pourrez afficher, télécharger ou imprimer votre facture.
Pour toute question, contactez le Support Vendeur.
Cordialement,
Amazon.com.be",2026-05-10 22:38:09,RETR,xtbBsg6SeGn99e69tQAA3R
法务/侵权类,last7,account_4,weihaizhongxin2024@126.com,"Fri, 8 May 2026 13:57:28 +0000",donotreply@amazon.com,Your Amazon.co.uk Merchant Invoice for 4/2026,,"Dear Shen zhen shi wei hai zhong xin ke ji you xian,
We are writing to inform you that your electronic Merchant Invoice for the month of 4/2026 is now available in your Seller Central Account.
To access your invoice, go to your Seller Central Account > Reports > Tax Document Library > Seller Fee Tax Invoices.
In your Seller Central account, you will be able to view, download or print your invoice.
If you have any questions, please contact Seller Support.
Best regards,
Amazon.co.uk",2026-05-10 22:38:09,RETR,xtbBpQsH7Gn968tg1gAA3H
法务/侵权类,last7,account_4,weihaizhongxin2024@126.com,"Fri, 8 May 2026 13:43:13 +0000",donotreply@amazon.com,Din Faktura Fraktas Av Amazon Amazon.se för 4/2026,,"Hej Shen zhen shi wei hai zhong xin ke ji you xian!
Vi skriver för att informera dig om att din elektroniska Faktura Fraktas Av Amazon för månaden 4/2026 nu finns tillgänglig på ditt Seller Central-konto.
För att komma åt ditt fakturagår du till ditt Seller Central-konto > Rapporter > Bibliotek för skattedokument > Skattefakturor för säljaravgifter.
På ditt Seller Central-konto kan du se, ladda ner eller skriva ut ditt faktura.
Om du har några frågor, kontakta säljarsupport.
Vänliga hälsningar,
Amazon.se",2026-05-10 22:38:09,RETR,xtbBshQxF2n96HRWsQAA3v
法务/侵权类,last7,account_4,weihaizhongxin2024@126.com,"Fri, 8 May 2026 13:40:52 +0000",donotreply@amazon.com,Ihr Dokument Rechnung Versand durch Amazon von Amazon.de für 4.2026,,"Guten Tag Shen zhen shi wei hai zhong xin ke ji you xian!
Wir möchten Sie darüber informieren, dass Ihr elektronisches Dokument Rechnung Versand durch Amazon für 4.2026 ab sofort in Ihrem Seller Central-Konto verfügbar ist.
Navigieren Sie in Ihrem Seller Central-Konto zu Berichte > Steuerdokumente > Rechnungen über Verkaufsgebühren, um auf Ihr Dokument (Rechnung) zuzugreifen.
In Ihrem Seller Central-Konto können Sie Ihr Dokument (Rechnung) anzeigen, herunterladen oder ausdrucken.
Wenden Sie sich bei weiteren Fragen bitte an die Verkäuferhilfe.
Freundliche Grüße,
Amazon.de",2026-05-10 22:38:08,RETR,xtbBswcN8mn95+figAAA39
法务/侵权类,last7,account_4,weihaizhongxin2024@126.com,"Fri, 8 May 2026 11:55:06 +0000",donotreply@amazon.com,Ihr Dokument Selbstfakturierung AGL von Amazon.de für 4.2026,,"Guten Tag Shen zhen shi wei hai zhong xin ke ji you xian!
Wir möchten Sie darüber informieren, dass Ihr elektronisches Dokument Selbstfakturierung AGL für 4.2026 ab sofort in Ihrem Seller Central-Konto verfügbar ist.
Navigieren Sie in Ihrem Seller Central-Konto zu Berichte > Steuerdokumente > Rechnungen über Verkaufsgebühren, um auf Ihr Dokument (Rechnung) zuzugreifen.
In Ihrem Seller Central-Konto können Sie Ihr Dokument (Rechnung) anzeigen, herunterladen oder ausdrucken.
Wenden Sie sich bei weiteren Fragen bitte an die Verkäuferhilfe.
Freundliche Grüße,
Amazon.de",2026-05-10 22:38:08,RETR,xtbBpB3Uumn9zx2VJwAA3j
法务/侵权类,last7,account_4,weihaizhongxin2024@126.com,"Fri, 8 May 2026 11:49:29 +0000",donotreply@amazon.com,Your Amazon.co.uk AGL Merchant Self-Billing Invoice for 4/2026,,"Dear Shen zhen shi wei hai zhong xin ke ji you xian,
We are writing to inform you that your electronic AGL Merchant Self-Billing Invoice for the month of 4/2026 is now available in your Seller Central Account.
To access your invoice, go to your Seller Central Account > Reports > Tax Document Library > Seller Fee Tax Invoices.
In your Seller Central account, you will be able to view, download or print your invoice.
If you have any questions, please contact Seller Support.
Best regards,
Amazon.co.uk",2026-05-10 22:38:08,RETR,xtbBpAyAZmn9zcyLoQAA3x
法务/侵权类,last7,account_4,weihaizhongxin2024@126.com,"Fri, 8 May 2026 11:20:15 +0000","""Amazon.de"" <store-news@amazon.de>",Dein Einkaufswagen wartet,,"https://www.amazon.de/gp/cart/view.html?ref_=cor
Feuerfeste Unterlage, 100 × 150cm Hitzebeständig bis 1800°F Hitzeschutzmatte, Grillmatte, Feuerschutzmatte, Fallschutzmatten Outdoor, Bodenschutzmatte, BBQ Gril Matte
 23,49 €
https://www.amazon.de/gp/product/B0DRCB74YN/?ref_=
Einkaufswagen anzeigen
https://www.amazon.de/gp/cart/view.html?ref_=cor
Schaue dir weitere Optionen an
75x120 cm Feuerfeste Unterlage, Hitzeschutzmatte, Antihaft-Material Bodenschutzmatte, Grill Matten, Bodenmatte Feuerstellenmatte Outdoor BBQ Matte für Gasgrill Holzkohlegrill
 16,80 €
https://www.amazon.de/gp/product/B0DBLM41YS/?ref_=ci_mcx_mr_2p_0_lm
100 * 150cm Feuerfeste Unterlage - Hitzebeständig bis 1800°F Hitzeschutzmatte - Grillteppich Bodenschutzmatte Grillmatten Bodenmatte Feuerstellenmatte Outdoor BBQ Matte für Gasgrill Holzkohlegrill
 -17 % 25,19 € UVP: 30,24 €
https://www.amazon.de/gp/product/B0BRTPDYMV/?ref_=ci_mcx_mr_2p_1_lm
Alckijy Feuerfeste Unterlage | 100 * 150cm Faltbare Hitzeschutzmatte | Bodenschutzmatte | Grillmatten | Bodenmatte | Grillteppich | Funkenschutzplatte | für BBQ Grills Kaminöfen Boden Rasen usw
 -4 % 20,15 € UVP: 20,97 €
https://www.amazon.de/gp/product/B0CSGBZG8W/?ref_=ci_mc",2026-05-10 22:38:08,RETR,xtbBpRPHrWn9xvNfCAAA3q
法务/侵权类,last7,account_4,weihaizhongxin2024@126.com,"Wed, 6 May 2026 15:00:42 +0000",Amazon Services <donotreply@amazon.com>,Votre paiement est en cours,,"96
This title will display on mobile devices
 Félicitations ! Votre paiement est en cours et arrivera sous peu.
 Tentative de versement
Félicitations, Weihai EU ! Votre paiement est en cours et arrivera sous trois à cinq jours.
Le 05/06/26 15:00 CEST, nous avons effectué un virement d’un montant de €
 110.91 sur le compte lié à votre méthode de paiement (compte bancaire se terminant par 229).
 Si le montant est inférieur au montant auquel vous vous attendiez, voici quelques questions à vous poser :
 Disposez-vous d’un solde de fonds non disponibles ? Amazon peut réserver des fonds afin de couvrir des retours, des réclamations ou des rétrofacturations potentiels des acheteurs. Si tel est le cas, le solde de fin de période de votre rapport sur les paiements affichera le solde des fonds non disponibles réservé.
 Vos ventes couvraient-elles l’ensemble des frais et des retours pour cette période de règlements ? Le montant du paiement reflète votre activité commerciale, les frais de vente et les frais relatifs aux promotions et aux services. Nous vous recommandons de consulter votre rapport sur les paiements sous l’onglet Rapports de Seller Central pour comprendre votre solde de fin de p",2026-05-10 22:38:04,RETR,xtbBsx9WPGn7V59bWAAA3f
法务/侵权类,last7,account_4,weihaizhongxin2024@126.com,"Wed, 6 May 2026 14:24:59 +0000",donotreply@amazon.com,Your Amazon.ae Merchant Invoice for 4/2026 (Amazon.ae فاتورة ضريبة القيمة المضافة (VAT) الخاصة بالتاجر الخاصة بك لشهر 4/2026),,"Dear Shen zhen shi wei hai zhong xin ke ji you xian,
We are writing to inform you that your electronic Merchant Invoice for the month of 4/2026 is now available in your Seller Central Account.
To access your invoice, go to your Seller Central Account > Reports > Tax Document Library > Seller Fee Tax Invoices.
In your Seller Central account, you will be able to view, download or print your invoice.
If you have any questions, please contact Seller Support.
Best regards,
Amazon.ae
 عزيزي Shen zhen shi wei hai zhong xin ke ji you xian،
نراسلك لإبلاغك بأن فاتورة ضريبة القيمة المضافة (VAT) الخاصة بالتاجر الخاص بك لشهر 4/2026 متاح الآن في حساب Seller Central الخاص بك.
للوصول إلى فاتورة الخاص بك، انتقل إلى حساب Seller Central الخاص بك > التقارير > مكتبة المستندات الضريبية > فواتير ضريبة رسم البائع.
في حساب Seller Central الخاص بك، ستتمكن من عرض {documentType}$ الخاص بك أو تنزيله أو طباعته.
إذا كانت لديك أي أسئلة، فالمرجو التواصل مع دعم البائع.
 مع أطيب التحيات،
Amazon.ae",2026-05-10 22:38:04,RETR,xtbBpR48Imn7Tz56UAAA3s
货件/库存类,last7,account_4,weihaizhongxin2024@126.com,"Sat, 9 May 2026 04:43:42 +0000",Fulfilment by Amazon <donotreply@amazon.com>,Create FBA removal order by 2026-05-21,,"96
Automated removals of unfulfillable inventory
 Required removals: First notification
 Required removals: First notification
 Hello,
Your FBA inventory listed below became unsellable in the past seven days. You must create a removal order by 2026-05-21 or these items will be disposed of. Removal fees will apply. Review the affected items and next steps below.
Unsellable products:
- FNSKU: B0DRCB74YN Quantity: 1
- FNSKU: B0DRCC2H56 Quantity: 1
- FNSKU: B0DRCF83VZ Quantity: 1
- FNSKU: X002A05YW5 Quantity: 2
 Why is this happening?
This action is required because these items are no longer in sellable condition in our fulfilment centres. According to our FBA Required Removals policy, all unsuitable units must be removed within 14 days of notification. To learn more, go to our FBA Required Removals policy .
We leveraged a combination of automated means to identify this issue and make this decision.
 How do I address this?
Follow these steps to manage your unsellable inventory:
- Check your complete list and quantity of unsellable items in the Manage FBA inventory .
- Create a removal order (removal fees apply) by following the instructions in Remove inventory overview .
 To avoid futu",2026-05-10 22:38:16,RETR,xtbBpQEpD2n+u4GJmQAA3-
货件/库存类,last7,account_4,weihaizhongxin2024@126.com,"Sat, 9 May 2026 03:34:49 +0000",Fulfilment by Amazon <donotreply@amazon.com>,Disposal order created for unsellable FBA inventory,,"96
Automated Removals of Unfulfillable Inventory
 Final notice: Disposal order for your unfulfillable FBA inventory
 Final notice: Disposal order for your unfulfillable FBA inventory
 Hello,
You have unfulfillable inventory that has been in a fulfilment centre for more than 14 days. We have created a disposal order for these items.
 Why is this happening?
This action is required because these unfulfillable items have remained in our fulfilment centres for more than 14 days after notification. According to our FBA Required Removals policy, cancelling a required removal order is not permitted. To learn more, visit our FBA Required Removals policy .
 Removal order ID:
- Fplv/oMrq+
 Unsellable Products:
- FNSKU: X002A05YW5 Quantity: 1
 For more information about the disposal order process, see Remove inventory from a fulfilment centre .
 To monitor your unfulfillable inventory, see the Manage FBA Inventory for total unsellable quantities or the Recommended Removal report for unsellable and aged inventory details.
 The Fulfilment by Amazon Team
 Report an issue with this email
 If you have any questions visit: Seller Central
 To change your email preferences visit: Notification Preferen",2026-05-10 22:38:16,RETR,xtbBsxwcAmn+q1wDiwAA3Z
店铺绩效类,older,account_4,weihaizhongxin2024@126.com,"Sun, 3 May 2026 14:32:02 +0000",Amazon Services <seller-notification@amazon.com>,Balance paid on your Amazon seller account,,"Greetings from Amazon Services.
 We have charged your credit card for $69.79 in an attempt to settle your Amazon seller account balance.
 Note that the amount charged to your credit card may be less than the total amount you owe due to a credit limit imposed by your bank. If that is the case, we will continue to charge your credit card as often as every 24 hours until the remaining balance in your Amazon seller account is paid in full.
 You can also use the Make a Payment feature to repay the balance you owe. For more information, see Making a Payment .
 You can view your payment activity at any time by logging in to your seller account and going to your Payments Report .
 Thank you for selling on Amazon.
 Amazon Services
 Help us improve your experience on selling on Amazon through this brief survey:
 https://amazonexteu.qualtrics.com/jfe/form/SV_eUKdboEQhg1YpuK?cID=10038096056-202605031349
 Was this email helpful?
 SPC-USAmazon-1354600536714402",2026-05-10 22:37:58,RETR,xtbBpAaIbmn3XGYfSwAA30
店铺绩效类,older,account_4,weihaizhongxin2024@126.com,"Fri, 1 May 2026 07:28:26 +0000","""Amazon.com"" <fba-noreply@amazon.com>",Your FBA request is complete (5NT+O11io4),,"Greetings from Amazon.com
We thought you'd like to know that we have completed your destroy request.
You can track the status of this request by visiting your Seller Account at:
https://sellercentral-europe.amazon.com/
For a complete list of inventory being destroyed, go to:
https://sellercentral-europe.amazon.com/gp/orders/fba-order-details.html?orderID=S02-1039400-9149300
Please note: this email was sent from a notification-only address that
cannot accept incoming e-mail. Please do not reply to this message.
Thank you for using Fulfillment by Amazon.
------------------------------------------------------------------------------
Fulfilment by Amazon – let Amazon pick, pack and ship your orders domestically
and EU wide.
------------------------------------------------------------------------------
Was this e-mail helpful? https://sellercentral.amazon.co.uk/gp/satisfaction/survey-form.html?ie=UTF8&HMDName=NotificationBusEmailHMD&customAttribute1Value=PRODUCT_REMOVAL_ORDER_SHIPPED_NOW
SPC-EUAmazon-1196270299109386",2026-05-10 22:37:52,RETR,xtbBpR40Gmn0Vh4BdAAA31
店铺绩效类,older,account_4,weihaizhongxin2024@126.com,"Sun, 19 Apr 2026 14:54:23 +0000",Amazon Services <seller-notification@amazon.com>,Balance paid on your Amazon seller account,,"Greetings from Amazon Services.
 We have charged your credit card for $44.85 in an attempt to settle your Amazon seller account balance.
 Note that the amount charged to your credit card may be less than the total amount you owe due to a credit limit imposed by your bank. If that is the case, we will continue to charge your credit card as often as every 24 hours until the remaining balance in your Amazon seller account is paid in full.
 You can also use the Make a Payment feature to repay the balance you owe. For more information, see Making a Payment .
 You can view your payment activity at any time by logging in to your seller account and going to your Payments Report .
 Thank you for selling on Amazon.
 Amazon Services
 Help us improve your experience on selling on Amazon through this brief survey:
 https://amazonexteu.qualtrics.com/jfe/form/SV_eUKdboEQhg1YpuK?cID=10038096056-202604191349
 Was this email helpful?
 SPC-USAmazon-422214670678490",2026-05-10 22:37:24,RETR,xtbBswL23Gnk7KK0XwAA3z
店铺绩效类,older,account_4,weihaizhongxin2024@126.com,"Tue, 14 Apr 2026 04:59:05 +0000","""Amazon.com"" <fba-noreply@amazon.com>",Your FBA request is complete (26041219YV),,"Greetings from Amazon.com
We thought you'd like to know that we have completed your destroy request.
You can track the status of this request by visiting your Seller Account at:
https://sellercentral-europe.amazon.com/
For a complete list of inventory being destroyed, go to:
https://sellercentral-europe.amazon.com/gp/orders/fba-order-details.html?orderID=S02-2198715-0729366
Please note: this email was sent from a notification-only address that
cannot accept incoming e-mail. Please do not reply to this message.
Thank you for using Fulfillment by Amazon.
------------------------------------------------------------------------------
Fulfilment by Amazon – let Amazon pick, pack and ship your orders domestically
and EU wide.
------------------------------------------------------------------------------
Was this e-mail helpful? https://sellercentral.amazon.co.uk/gp/satisfaction/survey-form.html?ie=UTF8&HMDName=NotificationBusEmailHMD&customAttribute1Value=PRODUCT_REMOVAL_ORDER_SHIPPED_NOW
SPC-EUAmazon-1917549922685067",2026-05-10 22:37:11,RETR,xtbBpRxrUWndyZxJfQAA3W
付款/资金类,older,account_4,weihaizhongxin2024@126.com,"Sun, 3 May 2026 15:00:39 +0000",Amazon Payments UK Limited <seller-notification@amazon.com>,Balance Paid on Your Selling on Amazon payment account,,"Dear Seller,
 We have charged your (Visa) credit card for 87.72 in an attempt to settle your account balance.
 Please note that the amount charged to your credit card may be less than the total amount you owe due to a credit limit imposed by your bank. In this case, we may continue to attempt charging your card until the remaining balance in your Amazon Selling on Amazon payment account is paid in full.
 You can also use the Make a Payment feature to repay the balance you owe. For details, refer “Making a Payment” in Seller Central Help.
 To view your payment activity anytime, please log in to your account and refer the Payments Report page.
 Thank you for selling on Amazon.
 Amazon Payments UK Limited
Amazon Payments UK Limited, a private company limited by shares, is a company registered in England and Wales (registration number 11049457; VAT number: GB295 7604 60) with its registered office at 1 Principal Place, Worship St, London, EC2A 2FA, United Kingdom. Amazon Payments UK Limited is authorised by the UK Financial Conduct Authority under the Payment Services Regulations 2017 (reference number 799814) for the provision of payment services.
 Was this e-mail helpful?
 SPC-EUAmaz",2026-05-10 22:37:58,RETR,xtbBpRo3HWn3Yxpx5wAA3k
付款/资金类,older,account_4,weihaizhongxin2024@126.com,"Sun, 3 May 2026 14:45:41 +0000",Amazon Services <donotreply@amazon.com>,Twoja płatność jest już w drodze,,"96
Ten tytuł będzie wyświetlany na urządzeniach mobilnych
 Gratulujemy! Twoja płatność jest już w drodze, a środki powinny wkrótce do Ciebie dotrzeć.
 Próba wypłaty środków
Gratulacje, Weihai EU! Twoja płatność jest już w drodze, a środki powinny do Ciebie dotrzeć w terminie od trzech do pięciu dni.
Dnia 05/03/26 14:45 CEST zainicjowaliśmy przelew na kwotę PLN
 223.89 na konto powiązane z Twoją metodą płatności (rachunek bankowy o ostatnich cyfrach 229).
 Jeśli kwota jest mniejsza niż oczekiwana, oto kilka kwestii do wzięcia pod uwagę:
 Czy Twoje saldo jest niedostępne? Amazon może zatrzymać środki na pokrycie ewentualnych kosztów zwrotów towarów, roszczeń i obciążeń zwrotnych od kupujących. W takim przypadku saldo zamknięcia w raporcie płatności pokaże niedostępne saldo na zarezerwowaną w tym celu kwotę.
 Czy Twoja sprzedaż wystarczyła na pokrycie wszystkich opłat i zwrotów w tym okresie rozliczeniowym? Kwota płatności uwzględnia koszt działań sprzedażowych, opłaty za sprzedaż oraz opłaty za promocje i usługi. Aby lepiej zrozumieć wysokość salda zamknięcia, warto przeanalizować raport płatności, który znajdziesz w Seller Central w karcie „Raporty”.
Więcej o raportach płatności w S",2026-05-10 22:37:58,RETR,xtbBpRhWPGn3X5hHvAAA31
付款/资金类,older,account_4,weihaizhongxin2024@126.com,"Sat, 2 May 2026 15:23:38 +0000",欧洲亚马逊 Payments <donotreply@amazon.com>,跨账户负余额调整,,"96
This title will display on mobile devices
 我们已于 五月 2, 2026使用您的 Amazon.es 账户中的可用资金调整了您的 Amazon.de 卖家账户上应付的 €69.53 的负余额。通过登录您的账户并导航至 付款控制面板 ，您可以随时查看您的账户余额。
有关更多信息，请访问 跨账户负余额调整 。
诚挚的问候！
欧洲亚马逊 Payments
 报告此电子邮件的问题
 如有任何疑问，请访问： 卖家平台
 要更改您的电子邮件首选项，请访问： 通知首选项
 2026 Amazon, Inc. 或其附属公司。保留所有权利。
 欧洲亚马逊 Payments S.C.A.（société en Commandite par actions），是一家在卢森堡注册的股份有限公司，注册号（RCS Luxembourg）B 153 265，公司总部位于 38 avenue J.F.Kennedy, L-1855 Luxembourg。增值税编号为 LU 24448288。
 欧洲亚马逊 Payments S.C.A. 由卢森堡金融行业监管委员会授权，并由爱尔兰中央银行对其业务行为规则的遵守情况进行监管。
 亚马逊 Payments 是欧洲亚马逊 Payments S.C.A. 的商业名称。
 此电子邮件发送自不受监控的电子邮件地址。
 SPC-EUAmazon-1724035883551525",2026-05-10 22:37:57,RETR,xtbBpB3cwmn2Fv0cEgAA3d
付款/资金类,older,account_4,weihaizhongxin2024@126.com,"Fri, 1 May 2026 23:31:40 +0000",Amazon Services <donotreply@amazon.com>,Your payment is on the way,,"96
This title will display on mobile devices
 Congratulations! Your payment is on the way and will arrive soon.
 Disbursement Attempted
Congratulations Weihai EU! Your payment is on the way and will arrive within three to five days.
On 05/01/26 23:31 GST, we initiated a transfer to your payment method (bank account ending in 229) in the amount of AED
 136.70.
 If the amount is less than expected, here are a few questions to consider:
 Do you have an unavailable balance? Amazon might be reserving money to cover potential returns, claims, or chargebacks from buyers. If this is the case, the closing balance in your Payment Report will display the unavailable balance that is reserved.
 Did your sales cover all fees and returns for this statement period? The payment amount reflects sales activities, selling fees, and fees for promotions or services. We recommend reviewing your Payment Report under the Reports tab in Seller Central to understand your closing balance.
To learn more about Payment Reports in Seller Central, please visit our official course.
We wish you continued success!
Thank you for selling in the Amazon store,
Amazon Services
Help us improve your payment experience on Am",2026-05-10 22:37:55,RETR,xtbBpQDdw2n1N+A3bQAA3q
付款/资金类,older,account_4,weihaizhongxin2024@126.com,"Fri, 1 May 2026 14:27:01 +0000",Amazon Services <donotreply@amazon.com>,Tu pago está en camino,,"96
This title will display on mobile devices
 ¡Enhorabuena! El pago está de camino y llegará pronto.
 El pago está en camino
Enhorabuena, Weihai EU. Tu pago está en camino y te llegará en un plazo de tres a cinco días.
El 05/01/26 14:26 WEST, iniciamos una transferencia a tu método de pago (cuenta bancaria terminado en 229) por un importe de €
 302,19.
 Si el importe es inferior a lo esperado, ten en cuenta las siguientes preguntas:
 ¿Tienes saldo no disponible en tu cuenta de vendedor? Puede que hayamos reservado algo de dinero para posibles devoluciones, reclamaciones o reversiones de cargo de clientes. En este caso, el saldo de cierre de tu informe de pagos te mostrará el saldo no disponible en reserva.
 ¿Cubren tus ventas las tarifas de Amazon y las devoluciones del periodo de liquidación? El importe del pago refleja las ventas que has hecho y las tarifas de venta aplicadas tanto a dichas ventas como a cualquier promoción o servicio que hayas utilizado. Te recomendamos que revises tu informe de pagos en ""Informes"" de Seller Central para conocer el saldo de cierre.
Para más información sobre los informes de pagos en Seller Central, visita nuestro curso oficial.
Te deseamos un éx",2026-05-10 22:37:53,RETR,xtbBpRnTuWn0uDkpcwAA3Q
付款/资金类,older,account_4,weihaizhongxin2024@126.com,"Fri, 1 May 2026 14:26:48 +0000",Amazon Services <donotreply@amazon.com>,Your payment is on the way,,"96
This title will display on mobile devices
 Congratulations! Your payment is on the way and will arrive soon.
 Disbursement Attempted
Congratulations Weihai EU! Your payment is on the way and will arrive within three to five days.
On 05/01/26 14:26 CEST, we initiated a transfer to your payment method (bank account ending in 229) in the amount of €
 315.67.
 If the amount is less than expected, here are a few questions to consider:
 Do you have an unavailable balance? Amazon might be reserving money to cover potential returns, claims, or chargebacks from buyers. If this is the case, the closing balance in your Payment Report will display the unavailable balance that is reserved.
 Did your sales cover all fees and returns for this statement period? The payment amount reflects sales activities, selling fees, and fees for promotions or services. We recommend reviewing your Payment Report under the Reports tab in Seller Central to understand your closing balance.
To learn more about Payment Reports in Seller Central, please visit our official course.
We wish you continued success!
Thank you for selling in the Amazon store,
Amazon Services
Help us improve your payment experience on Ama",2026-05-10 22:37:53,RETR,xtbBsgzQtmn0uCxPugAA3k
付款/资金类,older,account_4,weihaizhongxin2024@126.com,"Wed, 29 Apr 2026 17:03:06 +0000",Amazon Services <donotreply@amazon.com>,Your payment is on the way,,"96
This title will display on mobile devices
 Congratulations! Your payment is on the way and will arrive soon.
 Disbursement Attempted
Congratulations Weihai EU! Your payment is on the way and will arrive within three to five days.
On 04/29/26 17:02 CEST, we initiated a transfer to your payment method (bank account ending in 229) in the amount of €
 269.68.
 If the amount is less than expected, here are a few questions to consider:
 Do you have an unavailable balance? Amazon might be reserving money to cover potential returns, claims, or chargebacks from buyers. If this is the case, the closing balance in your Payment Report will display the unavailable balance that is reserved.
 Did your sales cover all fees and returns for this statement period? The payment amount reflects sales activities, selling fees, and fees for promotions or services. We recommend reviewing your Payment Report under the Reports tab in Seller Central to understand your closing balance.
To learn more about Payment Reports in Seller Central, please visit our official course.
We wish you continued success!
Thank you for selling in the Amazon store,
Amazon Services
Help us improve your payment experience on Ama",2026-05-10 22:37:45,RETR,xtbBpA6YfmnyOc5BggAA3j
付款/资金类,older,account_4,weihaizhongxin2024@126.com,"Sun, 26 Apr 2026 14:08:56 +0000",Amazon Services <donotreply@amazon.com>,Tu pago está en camino,,"96
This title will display on mobile devices
 ¡Enhorabuena! El pago está de camino y llegará pronto.
 El pago está en camino
Enhorabuena, Weihai EU. Tu pago está en camino y te llegará en un plazo de tres a cinco días.
El 04/26/26 14:08 WEST, iniciamos una transferencia a tu método de pago (cuenta bancaria terminado en 229) por un importe de €
 221,28.
 Si el importe es inferior a lo esperado, ten en cuenta las siguientes preguntas:
 ¿Tienes saldo no disponible en tu cuenta de vendedor? Puede que hayamos reservado algo de dinero para posibles devoluciones, reclamaciones o reversiones de cargo de clientes. En este caso, el saldo de cierre de tu informe de pagos te mostrará el saldo no disponible en reserva.
 ¿Cubren tus ventas las tarifas de Amazon y las devoluciones del periodo de liquidación? El importe del pago refleja las ventas que has hecho y las tarifas de venta aplicadas tanto a dichas ventas como a cualquier promoción o servicio que hayas utilizado. Te recomendamos que revises tu informe de pagos en ""Informes"" de Seller Central para conocer el saldo de cierre.
Para más información sobre los informes de pagos en Seller Central, visita nuestro curso oficial.
Te deseamos un éx",2026-05-10 22:37:39,RETR,xtbBpRs7IWnuHHvKlgAA3Y
付款/资金类,older,account_4,weihaizhongxin2024@126.com,"Sun, 26 Apr 2026 14:08:50 +0000",Amazon Services <donotreply@amazon.com>,Your payment is on the way,,"96
This title will display on mobile devices
 Congratulations! Your payment is on the way and will arrive soon.
 Disbursement Attempted
Congratulations Weihai EU! Your payment is on the way and will arrive within three to five days.
On 04/26/26 14:08 CEST, we initiated a transfer to your payment method (bank account ending in 229) in the amount of €
 224.28.
 If the amount is less than expected, here are a few questions to consider:
 Do you have an unavailable balance? Amazon might be reserving money to cover potential returns, claims, or chargebacks from buyers. If this is the case, the closing balance in your Payment Report will display the unavailable balance that is reserved.
 Did your sales cover all fees and returns for this statement period? The payment amount reflects sales activities, selling fees, and fees for promotions or services. We recommend reviewing your Payment Report under the Reports tab in Seller Central to understand your closing balance.
To learn more about Payment Reports in Seller Central, please visit our official course.
We wish you continued success!
Thank you for selling in the Amazon store,
Amazon Services
Help us improve your payment experience on Ama",2026-05-10 22:37:39,RETR,xtbBsxU6IGnuHHXUXgAA3Y
付款/资金类,older,account_4,weihaizhongxin2024@126.com,"Fri, 24 Apr 2026 05:12:21 +0000",Amazon Payments Europe <seller-notification@amazon.ie>,Outstanding balance on your Amazon account,,"Hello,
 You have an outstanding balance on your account in the amount of 7,79 EUR. We will debit this amount from the credit card (Visa) that you registered as the charge method for your account.
 If this card has a credit limit, we may continue to charge this card until the outstanding balance is fully paid.
 For further information, search for “Make a Payment” in Seller Central Help (https://sellercentral-europe.amazon.com/gp/help/201058620).
 To learn more about your payment reports and activity, search for “View My Payments Reports” in Seller Central Help (https://sellercentral-europe.amazon.com/gp/help/60511).
 Sincerely,
 Amazon Payments Europe SCA (société en commandite par actions), partnership limited by shares, is a company registered in Luxembourg, Registration Number (RCS Luxembourg) B 153 265, with its corporate office at 38 avenue John F. Kennedy, L-1855 Luxembourg. VAT Number LU 24448288. Amazon Payments Europe SCA is authorised by the Commission de Surveillance du Secteur Financier as an Electronic Money Issuer (licence number 36/10).
 此电子邮件是否有用？
 SPC-EUAmazon-1724035881032491",2026-05-10 22:37:36,RETR,xtbBpBtCKGnq+7tkkAAA3i
付款/资金类,older,account_4,weihaizhongxin2024@126.com,"Thu, 23 Apr 2026 15:01:26 +0000",Amazon Services <donotreply@amazon.com>,Your payment is on the way,,"96
This title will display on mobile devices
 Congratulations! Your payment is on the way and will arrive soon.
 Disbursement attempted
Congratulations Weihai CA! Your payment is on the way and will arrive within three to five days.
On 04/23/26 15:01 EDT, we initiated a transfer to your payment method (bank account ending in 151) in the amount of CAD
 159.20.
 If the amount is less than expected, here are a few questions to consider:
 Do you have an unavailable balance? Amazon might be reserving money to cover potential returns, claims or chargebacks from buyers. If this is the case, the closing balance in your Payment Report will display the unavailable balance that is reserved.
 Did your sales cover all fees and returns for this statement period? The payment amount reflects sales activities, selling fees and fees for promotions or services. We recommend reviewing your Payment Report under the Reports tab in Seller Central to understand your closing balance.
To learn more about Payment Reports in Seller Central, please visit our official course.
We wish you continued success!
Thank you for selling in the Amazon Store,
Amazon Services
Help us improve your payment experience on Amaz",2026-05-10 22:37:33,RETR,xtbBpAo0GmnqNEr4CQAA3M
付款/资金类,older,account_4,weihaizhongxin2024@126.com,"Tue, 21 Apr 2026 14:27:43 +0000",Amazon Services <donotreply@amazon.com>,Tu pago está en camino,,"96
This title will display on mobile devices
 ¡Enhorabuena! El pago está de camino y llegará pronto.
 El pago está en camino
Enhorabuena, Weihai EU. Tu pago está en camino y te llegará en un plazo de tres a cinco días.
El 04/21/26 14:27 WEST, iniciamos una transferencia a tu método de pago (cuenta bancaria terminado en 229) por un importe de €
 373,27.
 Si el importe es inferior a lo esperado, ten en cuenta las siguientes preguntas:
 ¿Tienes saldo no disponible en tu cuenta de vendedor? Puede que hayamos reservado algo de dinero para posibles devoluciones, reclamaciones o reversiones de cargo de clientes. En este caso, el saldo de cierre de tu informe de pagos te mostrará el saldo no disponible en reserva.
 ¿Cubren tus ventas las tarifas de Amazon y las devoluciones del periodo de liquidación? El importe del pago refleja las ventas que has hecho y las tarifas de venta aplicadas tanto a dichas ventas como a cualquier promoción o servicio que hayas utilizado. Te recomendamos que revises tu informe de pagos en ""Informes"" de Seller Central para conocer el saldo de cierre.
Para más información sobre los informes de pagos en Seller Central, visita nuestro curso oficial.
Te deseamos un éx",2026-05-10 22:37:29,RETR,xtbBpAPOtGnniWPKZQAA3W
付款/资金类,older,account_4,weihaizhongxin2024@126.com,"Sun, 19 Apr 2026 14:45:45 +0000",Amazon Services <donotreply@amazon.com>,Twoja płatność jest już w drodze,,"96
Ten tytuł będzie wyświetlany na urządzeniach mobilnych
 Gratulujemy! Twoja płatność jest już w drodze, a środki powinny wkrótce do Ciebie dotrzeć.
 Próba wypłaty środków
Gratulacje, Weihai EU! Twoja płatność jest już w drodze, a środki powinny do Ciebie dotrzeć w terminie od trzech do pięciu dni.
Dnia 04/19/26 14:45 CEST zainicjowaliśmy przelew na kwotę PLN
 264.75 na konto powiązane z Twoją metodą płatności (rachunek bankowy o ostatnich cyfrach 229).
 Jeśli kwota jest mniejsza niż oczekiwana, oto kilka kwestii do wzięcia pod uwagę:
 Czy Twoje saldo jest niedostępne? Amazon może zatrzymać środki na pokrycie ewentualnych kosztów zwrotów towarów, roszczeń i obciążeń zwrotnych od kupujących. W takim przypadku saldo zamknięcia w raporcie płatności pokaże niedostępne saldo na zarezerwowaną w tym celu kwotę.
 Czy Twoja sprzedaż wystarczyła na pokrycie wszystkich opłat i zwrotów w tym okresie rozliczeniowym? Kwota płatności uwzględnia koszt działań sprzedażowych, opłaty za sprzedaż oraz opłaty za promocje i usługi. Aby lepiej zrozumieć wysokość salda zamknięcia, warto przeanalizować raport płatności, który znajdziesz w Seller Central w karcie „Raporty”.
Więcej o raportach płatności w S",2026-05-10 22:37:23,RETR,xtbBpB11W2nk6p2C9wAA3Y
付款/资金类,older,account_4,weihaizhongxin2024@126.com,"Sun, 19 Apr 2026 14:44:32 +0000",Amazon Services <donotreply@amazon.com>,Your payment is on the way,,"96
This title will display on mobile devices
 Congratulations! Your payment is on the way and will arrive soon.
 Disbursement Attempted
Congratulations Weihai EU! Your payment is on the way and will arrive within three to five days.
On 04/19/26 14:44 BST, we initiated a transfer to your payment method (bank account ending in 191) in the amount of £
 220.41.
 If the amount is less than expected, here are a few questions to consider:
 Do you have an unavailable balance? Amazon might be reserving money to cover potential returns, claims or chargebacks from buyers. If this is the case, the closing balance in your Payment Report will display the unavailable balance that is reserved.
 Did your sales cover all fees and returns for this statement period? The payment amount reflects sales activities, selling fees and fees for promotions or services. We recommend reviewing your Payment Report under the Reports tab in Seller Central to understand your closing balance.
To find out more about Payment Reports in Seller Central, please visit our official course.
We wish you continued success!
Thank you for selling in the Amazon store,
Amazon Services
Help us improve your payment experience on Ama",2026-05-10 22:37:23,RETR,xtbBsxNiSGnk6lOjTwAA3S
付款/资金类,older,account_4,weihaizhongxin2024@126.com,"Thu, 16 Apr 2026 15:38:30 +0000",Amazon Services <donotreply@amazon.com>,Tu pago está en camino,,"96
This title will display on mobile devices
 ¡Enhorabuena! El pago está de camino y llegará pronto.
 El pago está en camino
Enhorabuena, Weihai EU. Tu pago está en camino y te llegará en un plazo de tres a cinco días.
El 04/16/26 15:38 WEST, iniciamos una transferencia a tu método de pago (cuenta bancaria terminado en 229) por un importe de €
 1,26.
 Si el importe es inferior a lo esperado, ten en cuenta las siguientes preguntas:
 ¿Tienes saldo no disponible en tu cuenta de vendedor? Puede que hayamos reservado algo de dinero para posibles devoluciones, reclamaciones o reversiones de cargo de clientes. En este caso, el saldo de cierre de tu informe de pagos te mostrará el saldo no disponible en reserva.
 ¿Cubren tus ventas las tarifas de Amazon y las devoluciones del periodo de liquidación? El importe del pago refleja las ventas que has hecho y las tarifas de venta aplicadas tanto a dichas ventas como a cualquier promoción o servicio que hayas utilizado. Te recomendamos que revises tu informe de pagos en ""Informes"" de Seller Central para conocer el saldo de cierre.
Para más información sobre los informes de pagos en Seller Central, visita nuestro curso oficial.
Te deseamos un éxit",2026-05-10 22:37:17,RETR,xtbBsxlxV2nhAnna+gAA3f
付款/资金类,older,account_4,weihaizhongxin2024@126.com,"Mon, 13 Apr 2026 16:26:54 +0000",Amazon Payments Europe <amazon_te@amazon.fr>,Paiement du solde de votre compte de paiement Vendre sur Amazon,,"Cher vendeur,
 Nous avons débité votre carte bancaire (Visa) pour un montant de 242,36 EUR pour le règlement du solde de votre compte de paiement Vendre sur Amazon.
 Le montant débité sur votre carte bancaire peut être inférieur au montant total impayé si vous disposez d'une limite de crédit imposée par votre banque. Nous continuerons d'essayer de débiter votre carte bancaire toutes les 24 heures jusqu'à ce que le solde restant de votre compte soit entièrement payé.
 Vous pouvez également utiliser la fonction Effectuer un paiement pour régler le solde. Pour en savoir plus, recherchez « Effectuer un paiement » dans l'Aide de Seller Central.
 Vous pouvez consulter votre solde à tout moment en vous connectant à la section Rapport sur les paiements de votre compte.
 Merci de vendre sur Amazon.
Amazon Payments Europe SCA (société en commandite par actions) est immatriculée au Registre de Commerce et des Sociétés de Luxembourg (n° 153 265) et sise 38, avenue John F. Kennedy, L-1855 Luxembourg. Numéro de TVA : LU 24448288. Amazon Payments Europe SCA est autorisée par la Commission de Surveillance du Secteur Financier en tant qu’établissement de monnaie électronique (licence n° 36/10). Ama",2026-05-10 22:37:10,RETR,xtbBshEsEmndGVHO5gAA3J
付款/资金类,older,account_4,weihaizhongxin2024@126.com,"Mon, 13 Apr 2026 15:24:52 +0000",Amazon Payments Europe <donotreply@amazon.com>,Negative balance adjustment across your Selling on Amazon accounts,,"96
This title will display on mobile devices
 We’ve adjusted your negative balance of €261.54 that was due from your Amazon.fr seller account on April 13, 2026, with funds that were available in your Amazon.be, Amazon.es, Amazon.nl accounts. You can view your account balance at any time by logging into your account and navigating to the Payments dashboard .
For more information, go to Negative balance adjustment across your accounts .
Regards,
Amazon Payments Europe
 Report an issue with this email
 If you have any questions, visit: Seller Central
 To change your email preferences, visit: Notification Preferences
 Copyright 2026 Amazon, Inc, or its affiliates. All rights reserved.
 Amazon Payments Europe
 38 avenue John F. Kennedy,
 L-1855 Luxembourg, Registered in Luxembourg No. B-101818,
 Share Capital 165.833 EUR,
 Business License Number: 134248,
 Luxembourg VAT Reg. No. LU 20260743.
 This email is sent from an unmonitored email address.
 SPC-EUAmazon-439806292595808",2026-05-10 22:37:10,RETR,xtbBpAeFa2ndCsdu8wAA3p
付款/资金类,older,account_4,weihaizhongxin2024@126.com,"Sat, 11 Apr 2026 15:29:23 +0000",Amazon Payments Europe <donotreply@amazon.com>,Rettifica del saldo negativo nei tuoi account,,"96
This title will display on mobile devices
 Abbiamo rettificato il tuo saldo negativo di 285.13 € dovuto dal tuo account venditore Amazon.it in data aprile 11, 2026, utilizzando i fondi disponibili nei tuoi account Amazon.fr, Amazon.es. Puoi visualizzare il saldo del tuo account in qualsiasi momento accedendo al tuo account e quindi alla dashboard dei pagamenti .
Per maggiori informazioni, vai a Rettifica del saldo negativo nei tuoi account .
Distinti saluti,
Amazon Payments Europe
 Segnala un problema con questa e-mail
 Per qualsiasi domanda consulta: Seller Central
 Per modificare le preferenze sulle e-mail consulta: Preferenze sulle notifiche
 Copyright 2026 Amazon, Inc. o società affiliate. Tutti i diritti riservati.
 Amazon Payments Europe
 38 avenue John F. Kennedy,
 L-1855 Lussemburgo,
 Numero di registrazione in Lussemburgo: B-101818,
 Capitale Sociale 165.833 EUR,
 Numero di licenza di attività commerciale: 134248,
 Partita IVA n. LU 20260743.
 Questa e-mail è stata inviata da un indirizzo e-mail non monitorato.
 SPC-EUAmazon-1301823410754995",2026-05-10 22:37:08,RETR,xtbBpRphR2naaNo5kQAA3w
产品链接/合规类,older,account_4,weihaizhongxin2024@126.com,"Sun, 3 May 2026 13:18:47 +0000",Amazon Services <donotreply@amazon.com>,Submit product safety documentation to reactivate listings,,"96
 Submit product safety documentation to reactivate listings
 Hello Weihai EU,
 Some of your listings have been deactivated due to missing mandatory compliance requirements for your products. Review the details and next steps below. The affected listings are shown at the end of this email.
 Why is this happening?
 We are taking this action because these products are missing mandatory compliance information. Review our Product safety and compliance help page for information on applicable laws, regulations, and Amazon policies. We leveraged a combination of automated means and expert human review to identify this issue and make this decision.
 The table at the end of this email provides product-specific compliance requirements.
 How do I reactivate my listings?
 To provide the required compliance information, go to your Account Health page and locate the product compliance requests:
-
 If you have the required documentation, follow the instructions to submit your compliance documents. We will only reinstate products that fulfill the compliance requirements.
-
 If you believe your products are exempt from these requirements, submit documentation demonstrating why they are not subjec",2026-05-10 22:37:58,RETR,xtbBshs5H2n3SztuoQAA3u
产品链接/合规类,older,account_4,weihaizhongxin2024@126.com,"Sat, 2 May 2026 13:15:01 +0000",Amazon Services <donotreply@amazon.com>,Submit product safety documentation to reactivate listings,,"96
 Submit product safety documentation to reactivate listings
 Hello Weihai EU,
 Some of your listings have been deactivated due to missing mandatory compliance requirements for your products. Review the details and next steps below. The affected listings are shown at the end of this email.
 Why is this happening?
 We are taking this action because these products are missing mandatory compliance information. Review our Product safety and compliance help page for information on applicable laws, regulations, and Amazon policies. We leveraged a combination of automated means and expert human review to identify this issue and make this decision.
 The table at the end of this email provides product-specific compliance requirements.
 How do I reactivate my listings?
 To provide the required compliance information, go to your Account Health page and locate the product compliance requests:
-
 If you have the required documentation, follow the instructions to submit your compliance documents. We will only reinstate products that fulfill the compliance requirements.
-
 If you believe your products are exempt from these requirements, submit documentation demonstrating why they are not subjec",2026-05-10 22:37:57,RETR,xtbBpBdLMWn1+NeIywAA35
产品链接/合规类,older,account_4,weihaizhongxin2024@126.com,"Sat, 2 May 2026 02:13:49 +0000",Amazon Services <donotreply@amazon.com>,Submit product safety documentation to reactivate listings,,"96
 Submit product safety documentation to reactivate listings
 Hello Weihai EU,
 Some of your listings have been deactivated due to missing mandatory compliance requirements for your products. Review the details and next steps below. The affected listings are shown at the end of this email.
 Why is this happening?
 We are taking this action because these products are missing mandatory compliance information. Review our Product safety and compliance help page for information on applicable laws, regulations and Amazon policies. We leveraged a combination of automated means and expert human review to identify this issue and make this decision.
 The table at the end of this email provides product-specific compliance requirements.
 How do I reactivate my listing?
 To provide the required compliance information, go to your Account Health page and locate the product compliance requests:
-
 If you have the required documentation, follow the instructions to submit your compliance documents. We will only reinstate products that fulfil the compliance requirements.
-
 If you believe that your products are exempt from these requirements, submit documentation demonstrating why they are not subj",2026-05-10 22:37:55,RETR,xtbBswFnTWn1XeE8HwAA3b
产品链接/合规类,older,account_4,weihaizhongxin2024@126.com,"Fri, 1 May 2026 14:19:29 +0000",Amazon Services <donotreply@amazon.com>,Submit product safety documentation to reactivate listings,,"96
 Submit product safety documentation to reactivate listings
 Hello Weihai EU,
 Some of your listings have been deactivated due to missing mandatory compliance requirements for your products. Review the details and next steps below. The affected listings are shown at the end of this email.
 Why is this happening?
 We are taking this action because these products are missing mandatory compliance information. Review our Product safety and compliance help page for information on applicable laws, regulations, and Amazon policies. We leveraged a combination of automated means and expert human review to identify this issue and make this decision.
 The table at the end of this email provides product-specific compliance requirements.
 How do I reactivate my listings?
 To provide the required compliance information, go to your Account Health page and locate the product compliance requests:
-
 If you have the required documentation, follow the instructions to submit your compliance documents. We will only reinstate products that fulfill the compliance requirements.
-
 If you believe your products are exempt from these requirements, submit documentation demonstrating why they are not subjec",2026-05-10 22:37:53,RETR,xtbBpBViSGn0tnUSXAAA3L
产品链接/合规类,older,account_4,weihaizhongxin2024@126.com,"Fri, 1 May 2026 12:52:07 +0000",Fulfilment by Amazon Operations <fba-noreply@amazon.lu>,Your Amazon-Fulfilled Inventory - Action Required,,"Dear Seller,
You recently received a notice concerning the removal of your listing(s) for the product(s) below due to a safety recall.
Please create a removal request for the ASIN(s) listed below to have your inventory sent to a location of your choice. If this inventory is not removed within 30 days of this notification (by 30/05/2026), we shall dispose of it in accordance with our FBA policies.
For more information regarding the removal of this product, see the notification e-mail you received from our Seller Performance Team.
Thank you for your prompt attention to this matter.
Yours faithfully,
Fulfilment by Amazon Team
Please note: this e-mail was sent from a notification-only address that cannot accept incoming e-mail. Please do not reply to this message.
Affected Product(s):
B0FPC87B1W
 SPC-EUAmazon-1301823416934708",2026-05-10 22:37:52,RETR,xtbBsho+JGn0ofrBZQAA3Q
产品链接/合规类,older,account_4,weihaizhongxin2024@126.com,"Fri, 1 May 2026 02:11:27 +0000",Amazon Services <donotreply@amazon.com>,Submit product safety documentation to reactivate listings,,"96
 Submit product safety documentation to reactivate listings
 Hello Weihai EU,
 Some of your listings have been deactivated due to missing mandatory compliance requirements for your products. Review the details and next steps below. The affected listings are shown at the end of this email.
 Why is this happening?
 We are taking this action because these products are missing mandatory compliance information. Review our Product safety and compliance help page for information on applicable laws, regulations and Amazon policies. We leveraged a combination of automated means and expert human review to identify this issue and make this decision.
 The table at the end of this email provides product-specific compliance requirements.
 How do I reactivate my listing?
 To provide the required compliance information, go to your Account Health page and locate the product compliance requests:
-
 If you have the required documentation, follow the instructions to submit your compliance documents. We will only reinstate products that fulfil the compliance requirements.
-
 If you believe that your products are exempt from these requirements, submit documentation demonstrating why they are not subj",2026-05-10 22:37:51,RETR,xtbBpROOdGn0C9NDHQAA3X
产品链接/合规类,older,account_4,weihaizhongxin2024@126.com,"Thu, 30 Apr 2026 14:14:16 +0000",Amazon Services <donotreply@amazon.com>,Submit product safety documentation to reactivate listings,,"96
 Submit product safety documentation to reactivate listings
 Hello Weihai EU,
 Some of your listings have been deactivated due to missing mandatory compliance requirements for your products. Review the details and next steps below. The affected listings are shown at the end of this email.
 Why is this happening?
 We are taking this action because these products are missing mandatory compliance information. Review our Product safety and compliance help page for information on applicable laws, regulations, and Amazon policies. We leveraged a combination of automated means and expert human review to identify this issue and make this decision.
 The table at the end of this email provides product-specific compliance requirements.
 How do I reactivate my listings?
 To provide the required compliance information, go to your Account Health page and locate the product compliance requests:
-
 If you have the required documentation, follow the instructions to submit your compliance documents. We will only reinstate products that fulfill the compliance requirements.
-
 If you believe your products are exempt from these requirements, submit documentation demonstrating why they are not subjec",2026-05-10 22:37:49,RETR,xtbBpBteRGnzY7sK4QAA3M
产品链接/合规类,older,account_4,weihaizhongxin2024@126.com,"Thu, 30 Apr 2026 13:03:36 +0000",Amazon Europe <donotreply@amazon.com>,Add products to Amazon.nl for Pan EU eligibility,,"Add products to Amazon.nl for Pan EU eligibility 96
 Complete Pan EU enrollment: Add NL products now
                                                     ‍͏  ͏  ‍͏  ͏  ‍͏  ͏  ‍͏  ͏  ‍͏  ͏  ‍͏  ͏  ‍͏  ͏  ‍͏  ͏  ‍͏  ͏  ‍͏  ͏  ‍͏  ͏  ‍͏  ͏  ‍͏  ͏  ‍͏  ͏  ‍͏  ͏  ‍͏  ͏  ‍͏  ͏  ‍͏  ͏  ‍͏  ͏  ‍͏  ͏  ‍͏  ͏  ‍͏  ͏  ‍͏  ͏  ‍͏  ͏  ‍͏  ͏  ‍͏  ͏  ‍͏  ͏  ‍͏  ͏  ‍͏  ͏  ‍͏  ͏  ‍͏  ͏  ‍͏  ͏  ‍͏  ͏  ‍͏  ͏  ‍͏  ͏  ‍͏  ͏  ‍͏  ͏  ‍͏  ͏  ‍͏  ͏ ͏‌ ­ ­ ­ ­ ͏‌ ­ ­ ­ ­ ͏‌ ­ ­ ­ ­ ͏‌ ­ ­ ­ ­ ͏‌ ­ ­ ­ ­ ͏‌ ­ ­ ­ ­ ͏‌ ­ ­ ­ ­ ͏‌ ­ ­ ­ ­ ͏‌ ­ ­ ­ ­ ͏‌ ­ ­ ­ ­ ͏‌ ­ ­ ­ ­ ͏‌ ­ ­ ­ ­ ͏‌ ­ ­ ­ ­ ͏‌ ­ ­ ­ ­ ͏‌ ­ ­ ­ ­ ͏‌ ­ ­ ­ ­ ͏‌ ­ ­ ­ ­ ͏‌ ­ ­ ­ ­ ͏‌ ­ ­ ­ ­ ͏‌ ­ ­ ­ ­ ͏‌ ­ ­ ­ ­ ͏‌ ­ ­ ­ ­ ͏‌ ­ ­ ­ ­ ͏‌ ­ ­ ­ ­ ͏‌ ­ ­ ­ ­ ͏‌ ­ ­ ­ ­ ͏‌ ­ ­ ­ ­ ͏‌ ­ ­ ­ ­ ͏‌ ­ ­ ­ ­ ͏‌ ­ ­ ­ ­ ͏‌ ­ ­ ­ ­ ͏‌ ­ ­ ­ ­ ͏‌ ­ ­ ­ ­ ͏‌ ­ ­ ­ ­ ͏‌ ­ ­ ­ ­ ͏‌ ­ ­ ­ ­ ͏‌ ­ ­ ­ ­ ͏‌ ­ ­ ­ ­ ͏‌ ­ ­ ­ ­ ͏‌ ­ ­ ­ ­ ͏‌ ­ ­ ­ ­ ͏‌ ­ ­ ­ ­ ͏‌ ­ ­ ­ ­ ͏‌ ­ ­ ­ ­ ͏‌ ­ ­ ­ ­ ͏‌ ­ ­ ­ ­ ͏‌ ­ ­ ­ ­ ͏‌ ­ ­ ­ ­ ͏‌ ­ ­ ­ ­ ͏‌ ­ ­ ­ ­ ͏‌ ­ ­ ­ ­ ͏‌ ­ ­ ­ ­ ͏‌ ­ ­ ­ ­ ͏‌ ­ ­ ­ ­ ͏‌ ­ ­ ­ ­ ͏‌ ­ ­ ­ ­ ͏‌ ­ ­ ­ ­ ͏‌ ­ ­ ­ ­ ͏‌ ­ ­ ­ ­ ͏‌ ­ ­ ­ ­ ͏‌ ­ ­ ­ ­ ͏‌ ­ ­ ­ ­ ͏‌ ­ ­ ­ ­ ͏‌ ­ ­ ­ ­ ͏‌ ­ ­ ­ ­
 Complete Pan EU enrollment: Add NL products now
 Add an of",2026-05-10 22:37:48,RETR,xtbBsgw3HWnzUyxxkQAA3R
产品链接/合规类,older,account_4,weihaizhongxin2024@126.com,"Thu, 30 Apr 2026 09:05:17 +0000","""ppwr-cn-seller-compliance@amazon.com"" <ppwr-cn-seller-compliance@amazon.com>",RE:[CASE 12309992722] 需要采取行动：请向亚马逊提交您的EPR包装法注册号,,"【请勿回复此日志，如有问题请加入下方邮件中的企微群】
卖家您好，
系统数据显示您可能在以下站点尚未完成PPWR合规。提醒您务必尽快开始行动。如果您被认定为不合规，根据国家/地区不同，亚马逊可能需要停售您的不合规商品。
【您需要完成的事项】
1. 完成 IT, ES, NL, BE, PL, SE, IE 站点的包装法号码注册和上传。上传路径：绩效 → 账户状况 → 监管合规性 → 点击右上角【提交合规信息】→ 选择“EPR合规-包装“ → 上传号码。
2. 西班牙包装法注册需要西班牙本地税号，您目前可能尚未持有。请立刻开始注册流程，以确保在法规生效日（8月12日）前完成合规。
【资源链接】
- 服务商网络PPWR专属页面：https://spn.globalsellingcommunity.cn/dynamicMarketingLanding?id=16&launchPositionCode=5PCR95
- PPWR合规操作手册：https://m.media-amazon.com/images/G/01/CN_Compliance_Team/PPWR_Compliance_Guidebook.pdf
【问卷调查及问题反馈】
我们想了解下您当前在PPWR的合规进度以及收集您遇到的问题，还请填写下列问卷，谢谢：https://suv.ma.globalsellingcommunity.cn/t/5RRVUV
如有疑问，请扫码加入亚马逊卖家合规群：
https://m.media-amazon.com/images/G/01/CN_Compliance_Team/mass_wecom_yt.jpg
To contact us again about this issue, please use the Contact Us form in Seller Central using the following link:
https://sellercentral-europe.amazon.com/cu/case-dashboard/view-case?caseID=12309992722
Please note: this e-mail was sent from a notification-only address that cannot accept incoming e-mail. Please do not reply to this message.",2026-05-10 22:37:48,RETR,xtbBshEyGGnzG1FqJgAA3V
产品链接/合规类,older,account_4,weihaizhongxin2024@126.com,"Tue, 28 Apr 2026 17:13:11 +0000",Amazon Services <donotreply@amazon.com>,Submit product compliance documents to avoid listing removal,,"96
 Submit product compliance documents to avoid listing removal
 Hello Weihai EU,
 Your listings are at risk of removal due to missing Safety Data Sheets. Submit the required documentation by 2026-07-27 to continue selling these products. You can find examples of your at-risk listings at the bottom of this email.
 Why is this happening?
 We are taking this action because we identified hazardous products in your catalog that require Safety Data Sheets (SDS). These documents are required by law and provide critical safety information about chemical products, including proper handling, storage, and emergency procedures. This helps ensure the safety of our customers, employees, and anyone who handles these products.
 We leveraged a combination of automated means and expert human review to identify this issue and make this decision.
 To learn more, visit our Requirements and FAQ for the sale of chemicals .
 How do I continue to sell the affected products?
 To avoid listing removal and continue selling these products, upload the Safety Data Sheets (SDS) for each of the impacted products. Click the “View Compliance Requirements” button below to see all affected listings.
 View Compliance",2026-05-10 22:37:43,RETR,xtbBsgp7YWnw6qpANwAA3M
产品链接/合规类,older,account_4,weihaizhongxin2024@126.com,"Tue, 28 Apr 2026 16:52:19 +0000",Amazon Services <donotreply@amazon.com>,Submit product compliance documents to avoid listing removal,,"96
 Submit product compliance documents to avoid listing removal
 Hello Weihai EU,
 Your listings are at risk of removal due to missing Safety Data Sheets. Submit the required documentation by 2026-07-27 to continue selling these products. You can find examples of your at-risk listings at the bottom of this email.
 Why is this happening?
 We are taking this action because we identified hazardous products in your catalogue that require Safety Data Sheets (SDS). These documents are required by law and provide critical safety information about chemical products, including proper handling, storage and emergency procedures. This helps ensure the safety of our customers, employees and anyone who handles these products.
 To learn more, go to our Requirements and FAQ for the sale of chemicals .
 How do I continue to sell the affected products?
 To avoid listing removal and continue selling these products, upload the Safety Data Sheets (SDS) for each of the affected products. Click the “View Compliance Requirements” button below to see all affected listings.
 View Compliance Requirements
 What was affected?
 Reason
 At-risk sales
 Roaxkois Ceramic Painting Set | Cups Painting Set Includes C",2026-05-10 22:37:42,RETR,xtbBsgdBJ2nw5ccjMwAA34
产品链接/合规类,older,account_4,weihaizhongxin2024@126.com,"Tue, 28 Apr 2026 03:13:33 +0000",Amazon Seller Support <merch.service05@amazon.com>,RE:[CASE 20093870001] Other account issues,,"Hello from Amazon Selling Partner Support,
My name is Ritam. I am a Live Channel Specialist and I'm contacting you to follow up on your concern regarding the reinstatement of your listing B0FCDRNTT8.
Upon checking, I would like to inform you that your listing B0FCDRNTT8 comes under 2 separate policy violations - 'Food and Product Safety Issues' and 'Regulatory Compliance'.
You submission to address the Regulatory Compliance was rejected. This request applies to you if you are fulfilling your chemical products via the Amazon Fulfillment Network (AFN) and this compliance request is for a Safety Data Sheet (SDS). If you are using another method of fulfillment, such as the Merchant Fulfillment Network (MFN), please disregard this request.
Chemical Safety and Compliance (CSC) classifies Hazardous Goods (HG), which are a category of chemical products. These chemical products are regulated for storage, handling and waste by country or region level legislation, as they pose a risk to property, human health or the environment if spilled or released.
To mitigate this risk, CSC requires the submission of Safety Data Sheets (SDS), based on the Toxic Substances Control Act (TSCA) and Occupation",2026-05-10 22:37:41,RETR,xtbBswIY-WnwJeJh9wAA3c
产品链接/合规类,older,account_4,weihaizhongxin2024@126.com,"Fri, 24 Apr 2026 17:15:23 +0000",Fulfillment by Amazon Operations <fba-noreply@amazon.com>,Your Amazon.com Inventory - Action Required,,"Dear Weihai US,
We have recently restricted listings for the product(s) listed below on Amazon.com.
Please initiate a removal request for the ASIN(s) referenced below to have your inventory sent to a location of your choosing. If this inventory is not removed within 30 days of this notification (by 05/23/2026), we may dispose of it in accordance with FBA policies.
Thank you for your attention to this matter.
Regards,
Product Safety Team
Amazon.com
www.amazon.com
Please note: this e-mail was sent from a notification-only address that cannot accept incoming e-mail. Please do not reply to this message.
Affected Product(s):
B0FD8VC559
Was this email helpful?
 https://sellercentral.amazon.com/gp/satisfaction/survey-form.html?ie=UTF8&HMDName=NotificationBusEmailHMD&customAttribute1Value=RESTRICTED_LISTING_PRODUCTS_REMOVAL_REQUEST
SPC-USAmazon-105555325087061",2026-05-10 22:37:38,RETR,xtbBsw-Jr2nrpS8v1AAA3p
产品链接/合规类,older,account_4,weihaizhongxin2024@126.com,"Thu, 23 Apr 2026 19:15:37 +0000",Amazon Services <donotreply@amazon.com>,Submit product safety documentation to avoid listing deactivation,,"96
 Hello Weihai EU,
 Some of your listings are at risk of deactivation due to missing mandatory compliance requirements for your products. Review the details and next steps below. The affected listings are shown at the end of this email.
 Why is this happening?
 We are taking this action because these products are missing mandatory compliance information. Review our Product safety and compliance help page for information on applicable laws, regulations, and Amazon policies.
 The table at the end of this email provides product-specific compliance requirements.
 How do I reactivate my listings?
 To provide the required compliance information, go to your Account Health page and locate the product compliance requests:
-
 If you have the required documentation, follow the instructions to submit your compliance documents.
-
 If you believe your products are exempt from these requirements, submit documentation demonstrating why they are not subject to these compliance requirements.
 For step-by-step instructions, see our Submit compliance documents or appeal a documentation request help page.
 To avoid further impact to your account, close or delete any non-compliant listings that you do",2026-05-10 22:37:35,RETR,xtbBsh0oDmnqb93JQQAA3w
产品链接/合规类,older,account_4,weihaizhongxin2024@126.com,"Thu, 23 Apr 2026 19:09:18 +0000",Amazon Services <donotreply@amazon.com>,Submit product safety documentation to avoid listing deactivation,,"96
 Hello Weihai EU,
 Some of your listings are at risk of deactivation due to missing mandatory compliance requirements for your products. Review the details and next steps below. The affected listings are shown at the end of this email.
 Why is this happening?
 We are taking this action because these products are missing mandatory compliance information. Review our Product safety and compliance help page for information on applicable laws, regulations and Amazon policies.
 The table at the end of this email provides product-specific compliance requirements.
 How do I reactivate my listing?
 To provide the required compliance information, go to your Account Health page and locate the product compliance requests:
-
 If you have the required documentation, follow the instructions to submit your compliance documents.
-
 If you believe that your products are exempt from these requirements, submit documentation demonstrating why they are not subject to these compliance requirements.
 For step-by-step instructions, see our Submit compliance documents or appeal a documentation request help page.
 To avoid further impact on your account, close or delete any non-compliant listings that you",2026-05-10 22:37:34,RETR,xtbBsgLIrmnqbmLCpgAA39
产品链接/合规类,older,account_4,weihaizhongxin2024@126.com,"Wed, 22 Apr 2026 03:03:00 +0000",Fulfillment by Amazon Operations <fba-noreply@amazon.com>,Your Amazon.com Inventory,,"Dear Weihai US,
You recently received a notice about the removal of your listing(s) for the product(s) listed below.
You were required to submit a removal request for the ASIN(s) referenced below to have your inventory sent to a location of your choosing within 30 days of the notification sent on 03/21/2026. Since a removal order was not submitted since the notification was sent, we have submitted a disposal order for this inventory in accordance with FBA policies.
For more information regarding the restriction of this product, see the notification e-mail you received from Product Safety. If you have additional questions, please contact Seller Support.
Thank you for your attention to this matter.
Regards,
Product Safety Team
Amazon.com
www.amazon.com
Please note: this e-mail was sent from a notification-only address that cannot accept incoming e-mail. Please do not reply to this message.
Affected Product(s):
B0FD8VC559
Was this email helpful?
 https://sellercentral.amazon.com/gp/satisfaction/survey-form.html?ie=UTF8&HMDName=NotificationBusEmailHMD&customAttribute1Value=RESTRICTED_PRODUCT_REMOVAL_ORDER_CREATED
SPC-USAmazon-1143494298629858",2026-05-10 22:37:30,RETR,xtbBpAg9I2noOmho6gAA3j
产品链接/合规类,older,account_4,weihaizhongxin2024@126.com,"Wed, 22 Apr 2026 01:27:00 +0000",Amazon Seller Support <merch.service05@amazon.com>,RE:[CASE 20061337331] 对危险品分类提出异议,,"尊敬的卖家/供应商:您好!
我们了解到您希望重新激活商品 ASIN: B0FCDRNTT8。
1) 关于不活跃的商品信息:
我们已经核实,ASIN: B0FCDRNTT8 目前因化学品安全与合规性 (CSC) 问题而处于不活跃状态。
您可以在账户健康页面确认此信息:
https://sellercentral.amazon.com/performance/account/health/product-policies?t=regulatory-compliance
2) 关于激活商品信息:
我们看到您已经提交过文件但被拒绝,因此我们建议您重新提交文件。
请注意,要对""化学品安全与合规性 (CSC)""问题提出申诉,您需要提供详细说明,解释为什么您认为该违规判定是不正确的,并提供支持性文件或证据来支持您的申诉。
这些证据可能包括发票、真实性证明或其他能够证明您的商品不违反亚马逊商品政策的文件。
一旦您提交了相关信息,我们的内部团队将审核您的提交并重新激活该商品信息。
欢迎向亚马逊提交反馈，从而帮助亚马逊改善您的开店体验。
您对我们提供的支持是否满意？
如果是，请单击此处
https://sellercentral.amazon.com/hz/case-dashboard/hmd?p=A3U04I9L0QLTKL&c=20061337331&locale=zh_CN&k=hy
如果否，请单击此处
https://sellercentral.amazon.com/hz/case-dashboard/hmd?p=A3U04I9L0QLTKL&c=20061337331&locale=zh_CN&k=hn
Thank you for selling with Amazon,
[[Aakash M.]]
Amazon.com Seller Support
=======================================
MORE WAYS TO GET HELP:
Visit our Seller Forums for help from other sellers: http://sellercentral.amazon.com/forums
Browse all Seller Help topics: http://sellercentral.amazon.com/gp/help",2026-05-10 22:37:30,RETR,xtbBpAeWfGnoI+cxWwAA3m
产品链接/合规类,older,account_4,weihaizhongxin2024@126.com,"Tue, 21 Apr 2026 10:07:05 +0000",Amazon Services <donotreply@amazon.com>,Submit product safety documentation to reactivate listings,,"96
 Submit product safety documentation to reactivate listings
 Hello Weihai CA,
 Some of your listings have been deactivated due to missing mandatory compliance requirements for your products. Review the details and next steps below. The affected listings are shown at the end of this email.
 Why is this happening?
 We are taking this action because these products are missing mandatory compliance information. Review our Product safety and compliance help page for information on applicable laws, regulations and Amazon policies. We leveraged a combination of automated means and expert human review to identify this issue and make this decision.
 The table at the end of this email provides product-specific compliance requirements.
 How do I reactivate my listings?
 To provide the required compliance information, go to your Account Health page and locate the product compliance requests:
-
 If you have the required documentation, follow the instructions to submit your compliance documents. We will only reinstate products that fulfil the compliance requirements.
-
 If you believe your products are exempt from these requirements, submit documentation demonstrating why they are not subject ",2026-05-10 22:37:28,RETR,xtbBsgx6YGnnTEznNQAA34
产品链接/合规类,older,account_4,weihaizhongxin2024@126.com,"Tue, 21 Apr 2026 09:15:48 +0000",Amazon Services <donotreply@amazon.com>,Submit product safety documentation to reactivate listings,,"96
 Submit product safety documentation to reactivate listings
 Hello Weihai EU,
 Some of your listings have been deactivated due to missing mandatory compliance requirements for your products. Review the details and next steps below. The affected listings are shown at the end of this email.
 Why is this happening?
 We are taking this action because these products are missing mandatory compliance information. Review our Product safety and compliance help page for information on applicable laws, regulations, and Amazon policies. We leveraged a combination of automated means and expert human review to identify this issue and make this decision.
 The table at the end of this email provides product-specific compliance requirements.
 How do I reactivate my listings?
 To provide the required compliance information, go to your Account Health page and locate the product compliance requests:
-
 If you have the required documentation, follow the instructions to submit your compliance documents. We will only reinstate products that fulfill the compliance requirements.
-
 If you believe your products are exempt from these requirements, submit documentation demonstrating why they are not subjec",2026-05-10 22:37:27,RETR,xtbBpAh2XGnnQEhfdwAA3o
产品链接/合规类,older,account_4,weihaizhongxin2024@126.com,"Tue, 21 Apr 2026 09:08:57 +0000",Amazon Services <donotreply@amazon.com>,Submit product safety documentation to reactivate listings,,"96
 Submit product safety documentation to reactivate listings
 Hello Weihai EU,
 Some of your listings have been deactivated due to missing mandatory compliance requirements for your products. Review the details and next steps below. The affected listings are shown at the end of this email.
 Why is this happening?
 We are taking this action because these products are missing mandatory compliance information. Review our Product safety and compliance help page for information on applicable laws, regulations and Amazon policies. We leveraged a combination of automated means and expert human review to identify this issue and make this decision.
 The table at the end of this email provides product-specific compliance requirements.
 How do I reactivate my listing?
 To provide the required compliance information, go to your Account Health page and locate the product compliance requests:
-
 If you have the required documentation, follow the instructions to submit your compliance documents. We will only reinstate products that fulfil the compliance requirements.
-
 If you believe that your products are exempt from these requirements, submit documentation demonstrating why they are not subj",2026-05-10 22:37:26,RETR,xtbBpA0P9GnnPq1NKQAA3r
产品链接/合规类,older,account_4,weihaizhongxin2024@126.com,"Tue, 21 Apr 2026 06:10:23 +0000","""compliance-ops-mass-programs@amazon.com"" <compliance-ops-mass-programs@amazon.com>",RE:[CASE 12449434352] 【邀请函】诚邀您参与亚马逊卖家合规策略调研,,"尊敬的销售伙伴，
您好！
诚邀您参与本次卖家合规策略调研。
 [点击下方链接，即刻参与调研] (注：问卷精简，均为选择题，只需花费1-2 分钟即可完成)
问卷链接：https://suv.ma.globalsellingcommunity.cn/t/5RRV0r
________________________________________
为什么要参与本次调研？ 在全球电商合规要求持续升级的背景下，您的每一声反馈，都对我们至关重要。
我们希望更真实地了解卖家当前在合规认知、业务现状以及未来布局规划方面的实际情况。无论是您面临的切身业务挑战，还是对未来长远合规布局的困惑与考虑，都将帮助平台更深入地切中卖家的真实痛点，并直接驱动我们持续优化后续的官方支持方向。
这不仅仅是一份问卷，我们更希望它能成为亚马逊更好地理解您、支持您出海无忧的一次全新开始。",2026-05-10 22:37:26,RETR,xtbBshKNc2nnFNJg-gAA3I
产品链接/合规类,older,account_4,weihaizhongxin2024@126.com,"Mon, 20 Apr 2026 21:09:24 +0000",Amazon Services <donotreply@amazon.com>,Submit product safety documentation to reactivate listings,,"96
 Submit product safety documentation to reactivate listings
 Hello Weihai US,
 Some of your listings have been deactivated due to missing mandatory compliance requirements for your products. Review the details and next steps below. The affected listings are shown at the end of this email.
 Why is this happening?
 We are taking this action because these products are missing mandatory compliance information. Review our Product safety and compliance help page for information on applicable laws, regulations, and Amazon policies. We leveraged a combination of automated means and expert human review to identify this issue and make this decision.
 The table at the end of this email provides product-specific compliance requirements.
 How do I reactivate my listings?
 To provide the required compliance information, go to your Account Health page and locate the product compliance requests:
-
 If you have the required documentation, follow the instructions to submit your compliance documents. We will only reinstate products that fulfill the compliance requirements.
-
 If you believe your products are exempt from these requirements, submit documentation demonstrating why they are not subjec",2026-05-10 22:37:25,RETR,xtbBsgi7oWnmlgiWLwAA3I
产品链接/合规类,older,account_4,weihaizhongxin2024@126.com,"Mon, 20 Apr 2026 14:16:35 +0000","""cscompliance-docreview-seller@amazon.de"" <cscompliance-docreview-seller@amazon.de>","SELLER: A1UYGOR4ZW45MU, ASIN: B0DD7R3PPG, MARKETPLACE:
 A1PA6795UKMFR9 - SPO - Seller Partner Outreach - Document Review",,"Do not reply back to this e-mail!
Hello,
Thank you for submitting a document to the Chemical Safety Compliance Team.
● The document uploaded for ""B0DD7R3PPG"" is incomplete, inaccurate or otherwise conflicting, and cannot be used for classification. Specifically:
→ The SDS must be composed in accordance with a valid regulation/legislation for Chemical Safety Compliance( for which your product is listed and stored ).
The SDS does not include the legislation/regulation in accordance with the document was created
Legislation/regulation should be also mentioned in section 2 “Hazard Identification”.
For guidance on Safety Data Sheet requirements, please refer to https://sellercentral.amazon.com/help/hub/reference/G5G6BBSA6FZQP9CP
Once you have corrected the problems listed above, please re-upload a valid document in Account Health Dashboard under ""Regulatory Compliance"" section. For any questions/appeals regarding these product/other products, please submit them ( for each ASIN separately ) in ""Account Health Dashboard"" under the relevant Appeal reason:
1. Go to the Account Health page and select the Regulatory Compliance tab
2. Choose next steps.
3. Click Submit button for the product y",2026-05-10 22:37:25,RETR,xtbBsgdyWGnmNUfTWAAA3p
产品链接/合规类,older,account_4,weihaizhongxin2024@126.com,"Mon, 20 Apr 2026 09:57:17 +0000","""cscompliance-docreview-seller@amazon.com"" <cscompliance-docreview-seller@amazon.com>","SELLER: A192R36HNXVJ38, ASIN: B0FCDRNTT8, MARKETPLACE: 1 - CSC -
 DOC REVIEW",,"Do not reply back to this e-mail!
Hello,
Thank you for submitting a document to the Chemical Safety Compliance Team.
● The document uploaded for ""B0FCDRNTT8x`"" is incomplete, inaccurate or otherwise conflicting, and cannot be used for classification. Specifically:
→ The SDS must be composed in accordance with a valid regulation/legislation for Chemical Safety Compliance( for which your product is listed and stored ).
The SDS does not include the legislation/regulation in accordance with the document was created
Legislation/regulation should be also mentioned in section 2 “Hazard Identification”.
For guidance on Safety Data Sheet requirements, please refer to https://sellercentral.amazon.com/help/hub/reference/G5G6BBSA6FZQP9CP
Once you have corrected the problems listed above, please re-upload a valid document in Account Health Dashboard under ""Regulatory Compliance"" section. For any questions/appeals regarding these product/other products, please submit them ( for each ASIN separately ) in ""Account Health Dashboard"" under the relevant Appeal reason:
1. Go to the Account Health page and select the Regulatory Compliance tab
2. Choose next steps.
3. Click Submit button for the product",2026-05-10 22:37:25,RETR,xtbBsgEyGGnl+IEH3AAA33
产品链接/合规类,older,account_4,weihaizhongxin2024@126.com,"Mon, 20 Apr 2026 16:06:35 +0800 (GMT+08:00)",苏浩然 <suhr@cvc.org.cn>,Amazon DV TIC,,"尊敬的卖家，您好。
我们可以为您提供亚马逊DV验证报告服务。
验证费用：
【玩具】500元（RMB）/ASIN；
【电动自行车用充电器及电池】4500元（RMB）/ASIN；
【移动电源及便携式电源产品】5000元（RMB）/ASIN。
如涉及较多ASIN或有其他需求，我们将根据具体情况提供优惠报价。
商品测试：
如您的商品需额外进行合规测试，请提供实物图片和商品参数以及销售国家等，以便评估测试费用。
服务流程如下：
登录卖家中心 “合规管理”（MYC）；
针对待处理 ASIN，选择 “CVC威凯” 提交验证申请；
提供所需资料：申请表、测试报告、产品六面实物照片（非包装图）、标签警示语、用户手册/使用说明书等；
CVC威凯将进行检测或合规验证，并将结果直接提交亚马逊；如需整改，我们会及时与您沟通。
如需进一步了解或希望直接安排服务，可直接通过以下方式联系我，我们将全程协助您完成验证流程。
您也可联系官方邮箱专员咨询：amazondv@cei1958.com
感谢您的支持，期待与您合作！
如您已经对接我司业务员，请忽略此信息，不便之处敬请谅解。
Dear Seller,
Greetings.
We are pleased to offer Amazon DV Verification Report services to support your compliance needs.
Verification Fee:
【Toys】¥500 (RMB) per ASIN.
【E-bikes lithium-ion batteries and chargers】¥4500 (RMB) per ASIN.
【Power Bank and Portable Power Station】¥5000 (RMB) per ASIN.
If you have multiple ASINs or special requirements, we can provide a customized discounted quote based on your situation.
Product Testing:If your product requires additional compliance testing, please provide physical product photos, specify the target sales country/region and product parameter so we can assess the testing fees accordingly.
Service Process:
Log in to your Seller Central and navigate to “Compliance Managemen",2026-05-10 22:37:24,RETR,xtbBsg2ulGnl3o0XBwAA3K
产品链接/合规类,older,account_4,weihaizhongxin2024@126.com,"Sun, 19 Apr 2026 10:14:18 +0000","""fba-3p-buyability-improvement-us@amazon.com"" <fba-3p-buyability-improvement-us@amazon.com>",Action Required: Website Suppressed ASINs,,"Dear Seller,
We are part of Buyability Audit team at Amazon. The Buyability program aims to identify and eliminate root causes leading to Buyability drop-off. We are contacting you to let you know that you could be missing out on sales opportunities due to the suppression of some of your ASINs.
We recommend you submit the required documents to un-suppress your ASIN and activate your listings.
Here is a sample of your suppressed ASINs:
B0FCDRNTT8, B0FD8VC559, B0D7SKQ6GC, B0D97JS8WD
You can download the full list of your suppressed ASINs from the following path “Catalog” >> “Complete your drafts” >> “Completed with Issues” >> “Detail page removed”
https://sellercentral.amazon.com/fixyourproducts/drafts
To upload the required documents or to appeal to un-suppressed an ASIN, please follow these instructions  login to your seller central account and go to “Performance” >> “Account Health”>> “Documentation Requests” under “Product Compliance request” on the right below corner >> “Provide documents” and choose to upload documents or to appeal.
https://sellercentral.amazon.com/performance/account/health/compliance-request
If you need further help, please raise a case via contact us. - htt",2026-05-10 22:37:23,RETR,xtbBsh59Y2nkqv6w5QAA3+
产品链接/合规类,older,account_4,weihaizhongxin2024@126.com,"Sun, 19 Apr 2026 03:38:27 +0000","""fba-3p-buyability-improvement-ca@amazon.com"" <fba-3p-buyability-improvement-ca@amazon.com>",Action Required: Website Suppressed ASINs,,"Dear Seller,
We are contacting you to let you know that you could be missing out on sales opportunities because of your incomplete listings.
We recommend you to submit the required documents to un-suppress your ASIN and activate your listings.
Here is a sample of your suppressed ASINs:
B0D97JS8WD, B0F13M1H6F, B0FD8VC559
You can download the full list of your suppressed ASINs from the following path “Catalog” >> “Complete your drafts” >> “Completed with Issues” >> “Detail page removed”
https://sellercentral.amazon.ca/fixyourproducts/drafts
To upload the required documents or to appeal in-order to un-suppress the ASINs, please follow this path  login to your seller central account and go to “Performance” >> “Account Health”>> “Documentation Requests” under “Product Compliance request” on the right below corner >> “Provide documents” and choose to upload documents or to appeal.
 https://sellercentral.amazon.ca/performance/account/health/compliance-request
If you need further help, please raise a case via contact us. - https://sellercentral.amazon.ca/cu/contact-us?ref=xx_ContactUs_xxxx_helphub
If you are not the correct point of contact, please re-direct this email to the correct poin",2026-05-10 22:37:22,RETR,xtbBshY0GmnkTja61gAA3T
产品链接/合规类,older,account_4,weihaizhongxin2024@126.com,"Fri, 17 Apr 2026 11:22:53 +0000","""pc-eu-sesu-seller-compliance@amazon.com"" <pc-eu-sesu-seller-compliance@amazon.com>",RE:[CASE 11569978862] 【需立即行动】请通过亚马逊认可的TIC服务商完成儿童玩具合规,,"尊敬的卖家：
我们紧急通知您，您在【欧洲】站点的部分【儿童玩具】商品尚未完成合规，即将面临下架风险。为避免下架，请在截止日期之前完成以下操作，并确保TRF状态更新为【正在验证】或【已通过】。
【如何完成合规?】
您必须与第三方检测、检验和认证服务提供商合作，对收到通知的所有 ASIN 进行商品检测或验证现有的检测文件。请按照以下步骤操作：
1.前往【绩效】-【账户状况】-【政策合规性】，点击【食品和商品安全问题】。
2.在【后续步骤】列下，针对需操作的商品点击【提交】-【验证您的商品】。
3.从清单中选择第三方检测提供商（如需比价，可先查看【从多个提供商获取报价的说明】后再返回选择），点击继续。
4.确认详细联系信息，点击【确认并继续】。
5.复制生成的检测申请表编号，提供给所选提供商完成检测
如果验证现有文件，您必须将由 ISO 17025 认可的实验室出具的检测报告提交至检测、检验和认证服务提供商。
如何查看TRF状态：在绩效 > 账户状况 > 食品和商品安全问题找到ASIN，点击右方“提交，查看或更新” > “验证您的商品”
⚠️请注意：
① 同一ASIN可能只在部分欧洲站点被触发通知，若您计划在欧洲（英国及欧盟）继续销售，只需为每个ASIN任选一个站点完成合规，测试结果将同步至全欧站点。
② 由于数据可能存在延迟，请务必以卖家平台【绩效 > 账户状况 > 食品和商品安全问题】页面显示的最新状态为准。再次提醒您，为避免下架，请在截止日期之前确保TRF状态更新为【正在验证】或【已通过】。
③ 如果您认为您的产品不属于【儿童玩具】产品，请选择【申诉请求】选项，提供您认为产品被错误识别的原因进行申诉。
感谢您的支持，祝您合规大卖！
如有疑问，请扫码加入亚马逊卖家合规群：
https://m.media-amazon.com/images/G/01/CN_Compliance_Team/mass_wecom_yt.jpg
Amazon Global Selling Seller Compliance Team",2026-05-10 22:37:18,RETR,xtbBpREdA2niGBEFowAA3O
产品链接/合规类,older,account_4,weihaizhongxin2024@126.com,"Thu, 16 Apr 2026 17:53:23 +0000",Fulfillment by Amazon Operations <fba-noreply@amazon.com>,Your Amazon.com Inventory - Action Required,,"Dear Weihai US,
We have recently restricted listings for the product(s) listed below on Amazon.com.
Please initiate a removal request for the ASIN(s) referenced below to have your inventory sent to a location of your choosing. If this inventory is not removed within 30 days of this notification (by 05/15/2026), we may dispose of it in accordance with FBA policies.
Thank you for your attention to this matter.
Regards,
Product Safety Team
Amazon.com
www.amazon.com
Please note: this e-mail was sent from a notification-only address that cannot accept incoming e-mail. Please do not reply to this message.
Affected Product(s):
B0FCDRNTT8
Was this email helpful?
 https://sellercentral.amazon.com/gp/satisfaction/survey-form.html?ie=UTF8&HMDName=NotificationBusEmailHMD&customAttribute1Value=RESTRICTED_LISTING_PRODUCTS_REMOVAL_REQUEST
SPC-USAmazon-1864773927693727",2026-05-10 22:37:17,RETR,xtbBshZgRmnhIhZIkgAA3k
产品链接/合规类,older,account_4,weihaizhongxin2024@126.com,"Tue, 14 Apr 2026 09:10:03 +0000",Fulfilment by Amazon Operations <fba-noreply@amazon.lu>,Your Amazon-Fulfilled Inventory - Action Required,,"Dear Seller,
You recently received a notice concerning the removal of your listing(s) for the product(s) below due to a safety recall.
Please create a removal request for the ASIN(s) listed below to have your inventory sent to a location of your choice. If this inventory is not removed within 30 days of this notification (by 10/05/2026), we shall dispose of it in accordance with our FBA policies.
For more information regarding the removal of this product, see the notification e-mail you received from our Seller Performance Team.
Thank you for your prompt attention to this matter.
Yours faithfully,
Fulfilment by Amazon Team
Please note: this e-mail was sent from a notification-only address that cannot accept incoming e-mail. Please do not reply to this message.
Affected Product(s):
B0GKPTF1T7
 SPC-EUAmazon-510175039347142",2026-05-10 22:37:12,RETR,xtbBpA0uFGneBG1jAAAA3u
产品链接/合规类,older,account_4,weihaizhongxin2024@126.com,"Tue, 14 Apr 2026 07:35:31 +0000",Amazon Europe <no-reply@sell.amazon.com>,Seller Assistant now available in the UK,,"Seller Assistant now available in the UK
[Amazon logo](https://go.amazonsellerservices.com/e/229492/-ld-EMUSSMX-PD25/7z2r9lq/6605548725/h/3xRPn8Yyq31Jz0Gqi8FK51O58vBJkaDT5nhLB1ousbA)
Dear Seller,
Managing your business on Amazon just got easier.
[Seller Assistant](https://go.amazonsellerservices.com/e/229492/nter-assistant-ld-EMUSSMX-PD25/7z2r9lt/6605548725/h/3xRPn8Yyq31Jz0Gqi8FK51O58vBJkaDT5nhLB1ousbA) is now available in the UK within Seller Central. This AI-powered assistant helps you find relevant information, access insights, and manage your business more efficiently, directly where you already work.
[Seller Assistant](https://go.amazonsellerservices.com/e/229492/nter-assistant-ld-EMUSSMX-PD25/7z2r9lt/6605548725/h/3xRPn8Yyq31Jz0Gqi8FK51O58vBJkaDT5nhLB1ousbA) provides guidance on our tools, policies, and processes using information available across Seller Central, along with personalized responses based on your account data. This allows you to quickly surface insights related to your business performance, inventory planning, listing, compliance, and account health without navigating multiple pages.
[Seller Assistant](https://go.amazonsellerservices.com/e/229492/nter-assistant-l",2026-05-10 22:37:11,RETR,xtbBpAaehGnd7kaQUgAA3m
产品链接/合规类,older,account_4,weihaizhongxin2024@126.com,"Tue, 14 Apr 2026 06:23:28 +0000",Fulfillment by Amazon Operations <fba-noreply@amazon.com>,Your Amazon.com Inventory,,"Dear Weihai US,
You recently received a notice about the removal of your listing(s) for the product(s) listed below.
You were required to submit a removal request for the ASIN(s) referenced below to have your inventory sent to a location of your choosing within 30 days of the notification sent on 03/13/2026. Since a removal order was not submitted since the notification was sent, we have submitted a disposal order for this inventory in accordance with FBA policies.
For more information regarding the restriction of this product, see the notification e-mail you received from Product Safety. If you have additional questions, please contact Seller Support.
Thank you for your attention to this matter.
Regards,
Product Safety Team
Amazon.com
www.amazon.com
Please note: this e-mail was sent from a notification-only address that cannot accept incoming e-mail. Please do not reply to this message.
Affected Product(s):
B0FCDRNTT8
Was this email helpful?
 https://sellercentral.amazon.com/gp/satisfaction/survey-form.html?ie=UTF8&HMDName=NotificationBusEmailHMD&customAttribute1Value=RESTRICTED_PRODUCT_REMOVAL_ORDER_CREATED
SPC-USAmazon-862019321040611",2026-05-10 22:37:11,RETR,xtbBpQRiSGnd3WTuqgAA3C
产品链接/合规类,older,account_4,weihaizhongxin2024@126.com,"Sun, 12 Apr 2026 09:09:25 +0000",Amazon Services <donotreply@amazon.com>,Submit product safety documentation to reactivate listings,,"96
 Submit product safety documentation to reactivate listings
 Hello Weihai US,
 Some of your listings have been deactivated due to missing mandatory compliance requirements for your products. Review the details and next steps below. The affected listings are shown at the end of this email.
 Why is this happening?
 We are taking this action because these products are missing mandatory compliance information. Review our Product safety and compliance help page for information on applicable laws, regulations, and Amazon policies. We leveraged a combination of automated means and expert human review to identify this issue and make this decision.
 The table at the end of this email provides product-specific compliance requirements.
 How do I reactivate my listings?
 To provide the required compliance information, go to your Account Health page and locate the product compliance requests:
-
 If you have the required documentation, follow the instructions to submit your compliance documents. We will only reinstate products that fulfill the compliance requirements.
-
 If you believe your products are exempt from these requirements, submit documentation demonstrating why they are not subjec",2026-05-10 22:37:09,RETR,xtbBpAm7oWnbYUm+BQAA3W
法务/侵权类,older,account_4,weihaizhongxin2024@126.com,"Sun, 3 May 2026 05:32:15 +0000","""Amazon.de"" <store-news@amazon.de>",Dein Einkaufswagen wartet,,"https://www.amazon.de/gp/cart/view.html?ref_=cor
Feuerfeste Unterlage, 100 × 150cm Hitzebeständig bis 1800°F Hitzeschutzmatte, Grillmatte, Feuerschutzmatte, Fallschutzmatten Outdoor, Bodenschutzmatte, BBQ Gril Matte
 23,95 €
https://www.amazon.de/gp/product/B0DRCB74YN/?ref_=
Einkaufswagen anzeigen
https://www.amazon.de/gp/cart/view.html?ref_=cor
Schaue dir weitere Optionen an
Roaxkois Keramik Bemalen Set - Kreatives Keramik Bastelset mit Farben, Pinseln und Anleitungen, Perfektes Tassen Bemalen Set für individuelle Geschenke und Freizeitgestaltung
 24,95 €
https://www.amazon.de/gp/product/B0FD8PWPNK/?ref_=ci_mcx_mr_2p_0_lm
Roaxkois Keramik Bemalen Set - Kreatives Keramik Bastelset mit Farben, Pinseln und Anleitungen, Perfektes Tassen Bemalen Set für individuelle Geschenke und Freizeitgestaltung (Glatt) (Welle)
Befristetes Angebot -30 % 20,85 € UVP: 29,95 €
https://www.amazon.de/gp/product/B0G6XCTGJC/?ref_=ci_mcx_mr_2p_1_lm
Keramik Tassen Bemalen Set für Erwachsene, DIY Keramik Bemalen Set mit Tassen, Porzellanstifte und Aufkleber, Kreatives Geschenk für Kinder &amp; Erwachsene
 -13 % 25,99 € UVP: 29,99 €
https://www.amazon.de/gp/product/B0FJR124C5/?ref_=ci_mcx_mr_2p_2_lm
STRUCT® Ke",2026-05-10 22:37:58,RETR,xtbBsgPHrWn23eODvgAA3H
法务/侵权类,older,account_4,weihaizhongxin2024@126.com,"Sat, 2 May 2026 15:27:47 +0600",Amazon Review Deals <amazonreviewsdeals1@gmail.com>,Amazon Review Rating Deals,,"Not getting sales on Amazon? Even after doing everything right? Then this
message is for you!
Have you properly created your Amazon seller account, selected a good
product, used strong keywords - yet still getting very low sales?
 The problem is simple — your product lacks trustworthy reviews and ratings!
Today’s customers check reviews first, then decide to buy.without strong
reviews—sales won’t come.
 That’s where we come in!
We have Amazon Top Reviewers + Vine Buyers from Germany 🇩🇪, Spain 🇪🇸,
Italy 🇮🇹, USA 🇺🇸, UK 🇬🇧, Canada 🇨🇦, and France 🇫🇷.
✅ What we offer:
⭐ 5-Star Text Reviews
📸 5-Star Photo Reviews
🎥 5-Star Video Reviews
👉 All from real and authentic buyers!
If you are satisfied with the review rating, you will provide a full refund
to the buyer. For each review, you will also pay me a commission.
✨ We manage your feedback, handle your reviews, and take your business to
the next level!
📩 Interested? Contact us now!
👇 +1 (778) 721-5486",2026-05-10 22:37:56,RETR,xtbBsgLw1mn1w6KltQAA37
法务/侵权类,older,account_4,weihaizhongxin2024@126.com,"Sat, 2 May 2026 03:15:52 +0000",Amazon Services <donotreply@amazon.com>,"Dien productveiligheidsdocumentatie in om productvermeldingen
 opnieuw te activeren",,"96
 Dien productveiligheidsdocumentatie in om productvermeldingen opnieuw te activeren
 Hallo Weihai EU,
 Sommige van je productvermeldingen zijn gedeactiveerd omdat er verplichte nalevingsvereisten voor je producten ontbreken. Bekijk de gegevens en de stappen hieronder. De betreffende productvermeldingen worden aan het einde van deze e-mail weergegeven.
 Waarom gebeurt dit?
 We hebben deze actie ondernomen omdat voor deze producten verplichte nalevingsinformatie ontbreekt. Raadpleeg onze hulp-pagina Productveiligheid en -conformiteit voor informatie over de toepasselijke wet- en regelgeving en het Amazon-beleid. We hebben gebruikgemaakt van een combinatie van geautomatiseerde middelen en deskundige menselijke beoordeling om dit probleem te identificeren en deze beslissing te nemen.
 De tabel aan het einde van deze e-mail bevat productspecifieke nalevingsvereisten.
 Hoe activeer ik mijn productvermeldingen opnieuw?
 Als je de vereiste nalevingsgegevens wilt verstrekken, ga je naar de pagina Accountstatus en zoek je de aanvragen voor productconformiteit:
-
 Als je over de vereiste documentatie beschikt, volg je de instructies om je nalevingsdocumenten in te dienen. We zullen alleen ",2026-05-10 22:37:56,RETR,xtbBpAsN8mn1bGu0wQAA3+
法务/侵权类,older,account_4,weihaizhongxin2024@126.com,"Sat, 2 May 2026 02:15:51 +0000",Amazon Services <donotreply@amazon.com>,"Invia la documentazione sulla sicurezza del prodotto per riattivare
 le offerte",,"96
 Invia la documentazione sulla sicurezza del prodotto per riattivare le offerte
 Gentile Weihai EU,
 Alcune delle tue offerte sono state disattivate a causa della mancanza di alcuni requisiti di conformità obbligatori per i tuoi prodotti. Rivedi i dettagli e i passi successivi riportati di seguito. Puoi visualizzare le offerte interessate in fondo a questa e-mail.
 Ciò a cosa è dovuto?
 Abbiamo intrapreso questo provvedimento in quanto i tuoi prodotti non dispongono delle informazioni obbligatorie sulla conformità. Consulta la pagina di aiuto Sicurezza e conformità dei prodotti per informazioni sulle leggi, le normative e le politiche di Amazon applicabili. Questa decisione è stata presa sulla base dei risultati di un'analisi effettuata in parte tramite revisione umana e in parte per mezzo di sistemi automatizzati.
 La tabella alla fine di questa e-mail contiene i requisiti di conformità specifici per i prodotti.
 Come faccio a riattivare le mie offerte?
 Per fornire le informazioni di conformità richieste, vai alla pagina Stato dell'account per individuare le richieste di conformità dei prodotti:
-
 Se disponi della documentazione richiesta, segui le istruzioni per inviare i do",2026-05-10 22:37:56,RETR,xtbBshmFa2n1XllslgAA3k
法务/侵权类,older,account_4,weihaizhongxin2024@126.com,"Sat, 2 May 2026 02:15:45 +0000",Amazon Services <donotreply@amazon.com>,Skicka in produktsäkerhetsdokumentation för att återaktivera produktposter,,"96
 Skicka in produktsäkerhetsdokumentation för att återaktivera produktposter
 Hej Weihai EU!
 Vissa av dina produktposter har inaktiverats på grund av att det saknas obligatorisk överensstämmelse för dina produkter. Granska informationen och följande steg nedan. De berörda produktposterna visas i slutet av det här e-postmeddelandet.
 Varför händer det här?
 Vi vidtar den här åtgärden eftersom det saknas obligatorisk information om överensstämmelse för de här produkterna. Läs vår hjälpsida för Produktsäkerhet och -överensstämmelse för information om tillämpliga lagar, förordningar och Amazons policyer. Vi har använt oss av både automatiserade metoder och mänskliga expertgranskare för att identifiera problemet och fatta det här beslutet.
 Tabellen i slutet av detta e-postmeddelande innehåller produktspecifika krav för överensstämmelse.
 Hur återaktiverar jag mina produktposter?
 Om du vill tillhandahålla den begärda överensstämmelseinformationen går du till sidan Kontostatus och letar upp begäranden om produktöverensstämmelse:
-
 Om du har den obligatoriska dokumentationen ska du skicka in dina överensstämmelsedokument enligt instruktionerna. Vi återaktiverar endast produkter som u",2026-05-10 22:37:55,RETR,xtbBsxSEamn1XlQ-HQAA39
法务/侵权类,older,account_4,weihaizhongxin2024@126.com,"Sat, 2 May 2026 01:23:15 +0000",Amazon Services <donotreply@amazon.com>,Presenta la documentación sobre seguridad del producto para reactivar los listings,,"96
 Presenta la documentación sobre seguridad del producto para reactivar los listings
 Hola, Weihai EU:
 Algunos de tus listings se han desactivado debido a que tus productos no cumplen los requisitos obligatorios. Revisa a continuación los detalles y siguientes pasos. Los listings afectados aparecen al final de este correo electrónico.
 ¿A qué se debe esto?
 Tomamos esta medida porque a estos productos les falta información de cumplimiento normativo obligatoria. Para más información sobre las leyes, normativas y políticas de Amazon aplicables, consulta Cumplimiento y seguridad de los productos . Hemos usado una combinación de medios automatizados y revisión humana experta para identificar la incidencia y tomar una decisión.
 En la tabla que aparece al final de este correo electrónico se proporcionan los requisitos de cumplimiento normativo específicos del producto.
 ¿Cómo puedo reactivar mis listings?
 Para proporcionar la información de cumplimiento normativo obligatoria, ve a la página Estado de la cuenta y localiza las solicitudes de cumplimiento normativo del producto:
-
 Si dispones de la documentación obligatoria, sigue las instrucciones para presentar los documentos de cum",2026-05-10 22:37:55,RETR,xtbBsgZtU2n1UgYTDQAA3c
法务/侵权类,older,account_4,weihaizhongxin2024@126.com,"Fri, 1 May 2026 15:09:15 +0000",Amazon Services <donotreply@amazon.com>,Soumettre la documentation de sécurité des produits pour réactiver les mises en vente,,"96
 Soumettre la documentation de sécurité des produits pour réactiver les mises en vente
 Bonjour Weihai EU,
 Certaines de vos mises en vente ont été désactivées, car vos produits ne respectaient pas des exigences de conformité obligatoires. Consultez les détails et les étapes suivantes ci-dessous. Les produits mis en vente concernés figurent à la fin de cet e-mail.
 Pourquoi cela se produit-il ?
 Nous prenons cette mesure, car ces produits ne présentent pas les informations de conformité obligatoires. Consultez notre page d’aide Sécurité et conformité des produits pour obtenir des informations sur les lois, réglementations et politiques Amazon applicables. Nous nous sommes appuyés sur une combinaison de moyens automatisés et de contrôles menés par des personnes expérimentées pour identifier ce problème et prendre cette décision.
 Le tableau situé à la fin de cet e-mail présente les exigences de conformité spécifiques aux produits.
 Comment réactiver mes produits mis en vente ?
 Pour fournir les informations de conformité requises, accédez à la page État du compte et localisez les demandes de conformité des produits :
-
 Si vous disposez des documents requis, suivez les instructio",2026-05-10 22:37:54,RETR,xtbBpQBQNmn0wiB4sgAA32
法务/侵权类,older,account_4,weihaizhongxin2024@126.com,"Fri, 1 May 2026 14:16:19 +0000",Amazon Services <donotreply@amazon.com>,Przesyłanie dokumentacji dotyczącej bezpieczeństwa produktu w celu ponownego aktywowania ofert,,"96
 Przesyłanie dokumentacji dotyczącej bezpieczeństwa produktu w celu ponownego aktywowania ofert
 Dzień dobry Weihai EU,
 niektóre z Twoich ofert zostały zdezaktywowane z powodu niespełnienia obowiązków dotyczących zgodności wystawianych przez Ciebie produktów z wymogami. Poniżej znajdziesz szczegółowe informacje oraz dalsze instrukcje. Oferty produktów, których dotyczy problem, wskazano na końcu niniejszej wiadomości e-mail.
 Dlaczego tak się stało?
 Podjęliśmy to działanie, ponieważ w przypadku tych produktów nie dostarczono obowiązkowych informacji dotyczących zgodności z wymogami. Więcej informacji na temat mających zastosowanie przepisów ustawowych i wykonawczych oraz zasad Amazon znajdziesz na stronie Bezpieczeństwo i zgodność produktu z wymogami . Do identyfikacji problemu i podjęcia decyzji wykorzystaliśmy zautomatyzowane narzędzia, a otrzymane za ich pomocą wyniki poddaliśmy weryfikacji przez eksperta.
 Informacje na temat wymogów dotyczących zgodności dla poszczególnych produktów znajdziesz w tabeli na końcu tej wiadomości e-mail.
 Jak mogę ponownie aktywować oferty?
 Aby dostarczyć niezbędne informacje dotyczące zgodności z wymogami, przejdź do panelu Kondycja konta i ",2026-05-10 22:37:53,RETR,xtbBshcyGGn0tbc4oAAA3I
法务/侵权类,older,account_4,weihaizhongxin2024@126.com,"Fri, 1 May 2026 02:33:13 +0000","""donotreply@amazon.com"" <donotreply@amazon.com>",Transparency Invoice/Credit note for 04/2026,,"96
 Dear Customer,
 Please click on the link below to access your Transparency electronic invoice/credit note in the Transparency Portal. If you see an '...
 Dear Customer,
 Please click on the link below to access your Transparency electronic invoice/credit note in the Transparency Portal. If you see an 'Access Denied' error message when you use the link below and are not able to access the invoice/credit note, then please email transparency-support@amazon.com with your profile link (see instructions below).
 [Link to invoice Dashboard]
 Frequently Asked Questions (FAQ)
- I see 'Access Denied' message after logging into the Transparency Portal, what should I do?
- Please log into your Amazon.com account associated with this email address. If you don't have an account, please create one with this email address.
- Go to http://www.amazon.com/profile .
- Copy the URL that was generated in the search bar. The profile link you need to provide will look similar to this: https://www.amazon.com/gp/profile/amzn1.account.XXXXXXXXXXXXXXXXXXXXXXXX
- Create an email to transparency-support@amazon.com , paste the URL that you copied into the body of the email, and click 'Send'.
 We will provide",2026-05-10 22:37:52,RETR,xtbBpQvVu2n0EOtsHAAA3W
法务/侵权类,older,account_4,weihaizhongxin2024@126.com,"Fri, 1 May 2026 02:13:34 +0000",Amazon Services <donotreply@amazon.com>,"Invia la documentazione sulla sicurezza del prodotto per riattivare
 le offerte",,"96
 Invia la documentazione sulla sicurezza del prodotto per riattivare le offerte
 Gentile Weihai EU,
 Alcune delle tue offerte sono state disattivate a causa della mancanza di alcuni requisiti di conformità obbligatori per i tuoi prodotti. Rivedi i dettagli e i passi successivi riportati di seguito. Puoi visualizzare le offerte interessate in fondo a questa e-mail.
 Ciò a cosa è dovuto?
 Abbiamo intrapreso questo provvedimento in quanto i tuoi prodotti non dispongono delle informazioni obbligatorie sulla conformità. Consulta la pagina di aiuto Sicurezza e conformità dei prodotti per informazioni sulle leggi, le normative e le politiche di Amazon applicabili. Questa decisione è stata presa sulla base dei risultati di un'analisi effettuata in parte tramite revisione umana e in parte per mezzo di sistemi automatizzati.
 La tabella alla fine di questa e-mail contiene i requisiti di conformità specifici per i prodotti.
 Come faccio a riattivare le mie offerte?
 Per fornire le informazioni di conformità richieste, vai alla pagina Stato dell'account per individuare le richieste di conformità dei prodotti:
-
 Se disponi della documentazione richiesta, segui le istruzioni per inviare i do",2026-05-10 22:37:51,RETR,xtbBpRKulGn0DFJGgQAA3J
法务/侵权类,older,account_4,weihaizhongxin2024@126.com,"Fri, 1 May 2026 02:13:30 +0000",Amazon Services <donotreply@amazon.com>,Skicka in produktsäkerhetsdokumentation för att återaktivera produktposter,,"96
 Skicka in produktsäkerhetsdokumentation för att återaktivera produktposter
 Hej Weihai EU!
 Vissa av dina produktposter har inaktiverats på grund av att det saknas obligatorisk överensstämmelse för dina produkter. Granska informationen och följande steg nedan. De berörda produktposterna visas i slutet av det här e-postmeddelandet.
 Varför händer det här?
 Vi vidtar den här åtgärden eftersom det saknas obligatorisk information om överensstämmelse för de här produkterna. Läs vår hjälpsida för Produktsäkerhet och -överensstämmelse för information om tillämpliga lagar, förordningar och Amazons policyer. Vi har använt oss av både automatiserade metoder och mänskliga expertgranskare för att identifiera problemet och fatta det här beslutet.
 Tabellen i slutet av detta e-postmeddelande innehåller produktspecifika krav för överensstämmelse.
 Hur återaktiverar jag mina produktposter?
 Om du vill tillhandahålla den begärda överensstämmelseinformationen går du till sidan Kontostatus och letar upp begäranden om produktöverensstämmelse:
-
 Om du har den obligatoriska dokumentationen ska du skicka in dina överensstämmelsedokument enligt instruktionerna. Vi återaktiverar endast produkter som u",2026-05-10 22:37:51,RETR,xtbBswytk2n0DEw5vwAA3a
法务/侵权类,older,account_4,weihaizhongxin2024@126.com,"Fri, 1 May 2026 01:21:43 +0000",Amazon Services <donotreply@amazon.com>,Presenta la documentación sobre seguridad del producto para reactivar los listings,,"96
 Presenta la documentación sobre seguridad del producto para reactivar los listings
 Hola, Weihai EU:
 Algunos de tus listings se han desactivado debido a que tus productos no cumplen los requisitos obligatorios. Revisa a continuación los detalles y siguientes pasos. Los listings afectados aparecen al final de este correo electrónico.
 ¿A qué se debe esto?
 Tomamos esta medida porque a estos productos les falta información de cumplimiento normativo obligatoria. Para más información sobre las leyes, normativas y políticas de Amazon aplicables, consulta Cumplimiento y seguridad de los productos . Hemos usado una combinación de medios automatizados y revisión humana experta para identificar la incidencia y tomar una decisión.
 En la tabla que aparece al final de este correo electrónico se proporcionan los requisitos de cumplimiento normativo específicos del producto.
 ¿Cómo puedo reactivar mis listings?
 Para proporcionar la información de cumplimiento normativo obligatoria, ve a la página Estado de la cuenta y localiza las solicitudes de cumplimiento normativo del producto:
-
 Si dispones de la documentación obligatoria, sigue las instrucciones para presentar los documentos de cum",2026-05-10 22:37:51,RETR,xtbBsguhh2n0ACsVrwAA3T
法务/侵权类,older,account_4,weihaizhongxin2024@126.com,"Fri, 1 May 2026 01:18:50 +0000",Amazon Services <donotreply@amazon.com>,"Dien productveiligheidsdocumentatie in om productvermeldingen
 opnieuw te activeren",,"96
 Dien productveiligheidsdocumentatie in om productvermeldingen opnieuw te activeren
 Hallo Weihai EU,
 Sommige van je productvermeldingen zijn gedeactiveerd omdat er verplichte nalevingsvereisten voor je producten ontbreken. Bekijk de gegevens en de stappen hieronder. De betreffende productvermeldingen worden aan het einde van deze e-mail weergegeven.
 Waarom gebeurt dit?
 We hebben deze actie ondernomen omdat voor deze producten verplichte nalevingsinformatie ontbreekt. Raadpleeg onze hulp-pagina Productveiligheid en -conformiteit voor informatie over de toepasselijke wet- en regelgeving en het Amazon-beleid. We hebben gebruikgemaakt van een combinatie van geautomatiseerde middelen en deskundige menselijke beoordeling om dit probleem te identificeren en deze beslissing te nemen.
 De tabel aan het einde van deze e-mail bevat productspecifieke nalevingsvereisten.
 Hoe activeer ik mijn productvermeldingen opnieuw?
 Als je de vereiste nalevingsgegevens wilt verstrekken, ga je naar de pagina Accountstatus en zoek je de aanvragen voor productconformiteit:
-
 Als je over de vereiste documentatie beschikt, volg je de instructies om je nalevingsdocumenten in te dienen. We zullen alleen ",2026-05-10 22:37:51,RETR,xtbBpB52XGnz-37pDgAA3s
法务/侵权类,older,account_4,weihaizhongxin2024@126.com,"Thu, 30 Apr 2026 21:55:17 +0000",Amazon Europe <noreply@sell.amazon.com>,规划您的 La French Week 促销活动,,"立即规划您的促销
尊敬的卖家：
通过为您选定的商品提报Z划算和促销（价格折扣和优惠券），为亚马逊 La French Week 做好准备。
请为您的产品提报活动期间的促销。
关键日期
活动日期： 2026年4月29日至5月5日
Z划算提报截止日期： 开始日期前1天
优惠券和价格折扣提报截止日期： 活动结束前 12 小时
即刻提报您的促销活动 > https://go.amazonsellerservices.com/e/229492/-ld-DC-EM-D440543605-Wk18/7z351dt/6634643451/h/aAlToMVZuL9Pf26IUgl4EwypMRINffcPORYtB0qJpQs
您的 ASIN 推荐清单
以下为您精选推荐的 ASIN，可用于提交至 La French Week。
<div style=""padding: 0 20px; ""><table style=""width:100%; border-collapse:collapse; text-align:center; font-family:Amazon Ember Display, Arial, sans-serif; border:2px solid #868D95; border-radius:10px 10px 0 0; overflow:hidden; ""><thead><tr style=""background-color:#dfdad5;""><th style=""padding:10px; border-right:2px solid #868D95; font-size:14px; letter-spacing:none; line-height:1.2; text-align:center; mso-line-height-alt:1.063em; color:#000000;"">站点</th><th style=""padding:10px; border-right:2px solid #868D95; font-size:14px; letter-spacing:none; line-height:1.2; text-align:center; mso-line-height-alt:1.063em; color:#000000;"">ASIN</th></tr></thead><tbody><tr><td style=""padding:10px; border-top:2px solid #868D95; border-right:2px solid #868D95; font-size:14px; letter-spacing:none; line-height:1.2; text-align:center; mso-line-height",2026-05-10 22:37:50,RETR,xtbBswt9Y2nzz8vUJgAA3K
法务/侵权类,older,account_4,weihaizhongxin2024@126.com,"Thu, 30 Apr 2026 21:32:46 +0000",Amazon Europe <no-reply@sell.amazon.com>,最大化您的 Prime Day 业绩,,"最大化您的 Prime Day 业绩
尊敬的卖家，
为 2026 年 Prime Day做好准备 - 为数百万 Prime 会员打造不容错过的优惠！加入我们今年6月为期4天活动。通过提交促销，确保充足库存，提升曝光度以助力您冲刺最佳业绩！
如果您在 2026 年 4 月 30 日前提报秒杀或 Z 划算，您将获得每笔固定预付费 30% 的折扣。
关键日期
活动日期： 2026年6月 (具体日期待公布)
提报截止日期： 促销 – 2026 年 6 月 19 日，价格折扣 – 活动结束前 12 小时
FBA入仓截止日期：
欧盟 – 2026年5月27日，英国 – 2026年6月5日
提报您的促销 > https://go.amazonsellerservices.com/e/229492/reate-ld-DC-EM-D436798875-Wk18/7z351cx/6634608921/h/wJh8FOptIJNxQjFcUNHXJOBSSiJAYJe5bu6P0nX78jo
<table align=""center"" border=""0"" cellpadding=""0"" cellspacing=""0"" class=""section"" role=""presentation"" style=""width:100%;"">
	<tbody>
		<tr>
			<td align=""center"">
			<div role=""none"">
<!--[if(mso)|(IE)]>
<table align=""center"" border=""0"" cellpadding=""0"" cellspacing=""0"" class=""block-grid-outlook"" style=""width:600px;"" width=""600"" >
<tr>
<td style=""line-height:0px;font-size:0px;mso-line-height-rule:exactly;""><![endif]-->
			<div style=""margin:0 auto;border-radius:0px;max-width:600px;"">
			<table align=""center"" border=""0"" cellpadding=""0"" cellspacing=""0"" role=""presentation"" style=""width:100%;border-radius:0px;"">
				<tbody>
					<tr>
						<td class=""block-grid"" style=""border-radius:0px;font-size:0px;padding:12px 0px 12px 0px;text-align:center;vertical-ali",2026-05-10 22:37:50,RETR,xtbBpQEqEGnzyoGd2AAA3K
法务/侵权类,older,account_4,weihaizhongxin2024@126.com,"Thu, 30 Apr 2026 15:08:42 +0000",Amazon Services <donotreply@amazon.com>,Soumettre la documentation de sécurité des produits pour réactiver les mises en vente,,"96
 Soumettre la documentation de sécurité des produits pour réactiver les mises en vente
 Bonjour Weihai EU,
 Certaines de vos mises en vente ont été désactivées, car vos produits ne respectaient pas des exigences de conformité obligatoires. Consultez les détails et les étapes suivantes ci-dessous. Les produits mis en vente concernés figurent à la fin de cet e-mail.
 Pourquoi cela se produit-il ?
 Nous prenons cette mesure, car ces produits ne présentent pas les informations de conformité obligatoires. Consultez notre page d’aide Sécurité et conformité des produits pour obtenir des informations sur les lois, réglementations et politiques Amazon applicables. Nous nous sommes appuyés sur une combinaison de moyens automatisés et de contrôles menés par des personnes expérimentées pour identifier ce problème et prendre cette décision.
 Le tableau situé à la fin de cet e-mail présente les exigences de conformité spécifiques aux produits.
 Comment réactiver mes produits mis en vente ?
 Pour fournir les informations de conformité requises, accédez à la page État du compte et localisez les demandes de conformité des produits :
-
 Si vous disposez des documents requis, suivez les instructio",2026-05-10 22:37:49,RETR,xtbBsx6SeGnzcH5fsAAA38
法务/侵权类,older,account_4,weihaizhongxin2024@126.com,"Thu, 30 Apr 2026 14:12:49 +0000",Amazon Services <donotreply@amazon.com>,Przesyłanie dokumentacji dotyczącej bezpieczeństwa produktu w celu ponownego aktywowania ofert,,"96
 Przesyłanie dokumentacji dotyczącej bezpieczeństwa produktu w celu ponownego aktywowania ofert
 Dzień dobry Weihai EU,
 niektóre z Twoich ofert zostały zdezaktywowane z powodu niespełnienia obowiązków dotyczących zgodności wystawianych przez Ciebie produktów z wymogami. Poniżej znajdziesz szczegółowe informacje oraz dalsze instrukcje. Oferty produktów, których dotyczy problem, wskazano na końcu niniejszej wiadomości e-mail.
 Dlaczego tak się stało?
 Podjęliśmy to działanie, ponieważ w przypadku tych produktów nie dostarczono obowiązkowych informacji dotyczących zgodności z wymogami. Więcej informacji na temat mających zastosowanie przepisów ustawowych i wykonawczych oraz zasad Amazon znajdziesz na stronie Bezpieczeństwo i zgodność produktu z wymogami . Do identyfikacji problemu i podjęcia decyzji wykorzystaliśmy zautomatyzowane narzędzia, a otrzymane za ich pomocą wyniki poddaliśmy weryfikacji przez eksperta.
 Informacje na temat wymogów dotyczących zgodności dla poszczególnych produktów znajdziesz w tabeli na końcu tej wiadomości e-mail.
 Jak mogę ponownie aktywować oferty?
 Aby dostarczyć niezbędne informacje dotyczące zgodności z wymogami, przejdź do panelu Kondycja konta i ",2026-05-10 22:37:49,RETR,xtbBpQVJL2nzY2X-mgAA3-
法务/侵权类,older,account_4,weihaizhongxin2024@126.com,"Thu, 30 Apr 2026 14:07:32 +0000",Amazon Services <donotreply@amazon.com>,Pagamento elaborato con successo,,"96
This title will display on mobile devices
 Congratulazioni. Il pagamento è stato elaborato con successo e ti sarà accreditato a breve.
 Tentativo di pagamento
Congratulazioni Weihai EU! Il pagamento è stato elaborato con successo e ti sarà accreditato nel giro di da tre a cinque giorni.
In data 04/30/26 14:07 CEST, abbiamo avviato un trasferimento sul tuo metodo di pagamento (conto bancario che termina con 229) dell’importo di €
 215,29.
 Se l’importo è inferiore a quanto atteso, tieni in considerazione le seguenti domande:
 Hai un saldo non disponibile? Amazon potrebbe trattenere una certa somma per coprire i costi di eventuali resi, reclami o contestazioni di una transazione (chargeback) da parte degli acquirenti. In questo caso, il saldo finale nel tuo report sui pagamenti mostrerà il saldo non disponibile corrispondente alla cifra trattenuta.
 Le tue vendite coprono tutte le commissioni e i resi per questo ciclo di fatturazione? L’importo del pagamento rispecchia le attività di vendita, le commissioni di vendita e le tariffe per promozioni o servizi. Ti consigliamo di rivedere il report sui pagamenti nella scheda Report di Seller Central per comprendere le diverse spese che ",2026-05-10 22:37:49,RETR,xtbBpAf43mnzYif6MwAA3T
法务/侵权类,older,account_4,weihaizhongxin2024@126.com,"Thu, 30 Apr 2026 10:18:53 +0000","""Amazon.de"" <store-news@amazon.de>",Dein Einkaufswagen wartet,,"https://www.amazon.de/gp/cart/view.html?ref_=cor
Feuerfeste Unterlage, 100 × 150cm Hitzebeständig bis 1800°F Hitzeschutzmatte, Grillmatte, Feuerschutzmatte, Fallschutzmatten Outdoor, Bodenschutzmatte, BBQ Gril Matte
Befristetes Angebot -15 % 20,36 € Statt: 23,95 €
https://www.amazon.de/gp/product/B0DRCB74YN/?ref_=
Einkaufswagen anzeigen
https://www.amazon.de/gp/cart/view.html?ref_=cor
Schaue dir weitere Optionen an
75x120 cm Feuerfeste Unterlage, Hitzeschutzmatte, Antihaft-Material Bodenschutzmatte, Grill Matten, Bodenmatte Feuerstellenmatte Outdoor BBQ Matte für Gasgrill Holzkohlegrill
 19,99 €
https://www.amazon.de/gp/product/B0DBLM41YS/?ref_=ci_mcx_mr_2p_0_lm
100 * 150cm Feuerfeste Unterlage - Hitzebeständig bis 1800°F Hitzeschutzmatte - Grillteppich Bodenschutzmatte Grillmatten Bodenmatte Feuerstellenmatte Outdoor BBQ Matte für Gasgrill Holzkohlegrill
 -17 % 29,98 € UVP: 35,99 €
https://www.amazon.de/gp/product/B0BRTPDYMV/?ref_=ci_mcx_mr_2p_1_lm
Alckijy Feuerfeste Unterlage | 100 * 150cm Faltbare Hitzeschutzmatte | Bodenschutzmatte | Grillmatten | Bodenmatte | Grillteppich | Funkenschutzplatte | für BBQ Grills Kaminöfen Boden Rasen usw
Befristetes Angebot -18 % 20,38 € UVP: 24,",2026-05-10 22:37:48,RETR,xtbBpRGGbGnzLJEF2gAA3m
法务/侵权类,older,account_4,weihaizhongxin2024@126.com,"Wed, 29 Apr 2026 20:59:56 +0000",Fulfillment by Amazon <no-reply@amazon.com>,Tus límites de capacidad de Logística de Amazon para mayo,,"96
 Tus límites de capacidad de Logística de Amazon para mayo
 Hola:
 Se confirmaron tus límites de capacidad para el próximo periodo.
 Pronóstico de capacidad para el periodo del may. 1 al 31, a partir del abr. 29:
 Tipo de almacenamiento
 Límite de capacidad total (metros cúbicos)
 Tamaño estándar
 16.42
 Tamaño grande
 21.66
 Para ver tus límites más actualizados, así como los límites de capacidad estimados para los dos meses siguientes, ve a los envíos de Logística de Amazon .
 En la siguiente tabla, se muestra el uso de la capacidad de Logística de Amazon a partir del abr. 28.
 Tipo de almacenamiento
 Uso sin los envíos abiertos incluidos (metros cúbicos)
 Uso con los envíos abiertos incluidos (metros cúbicos)
 Tamaño estándar
 0.00
 0.00
 Tamaño grande
 0.00
 0.00
 Cómo se establecen los límites de capacidad de Logística de Amazon
 Tus límites de capacidad dependen de tu puntuación del índice de desempeño de inventario y otros factores, como las proyecciones de ventas para tus ASIN, la capacidad del centro de distribución y el plazo de entrega de los envíos. Las estimaciones variarán en función de los cambios en tu puntuación del índice de desempeño de inventario y pueden aum",2026-05-10 22:37:47,RETR,xtbBsw+GbGnycU+GXwAA3q
法务/侵权类,older,account_4,weihaizhongxin2024@126.com,"Wed, 29 Apr 2026 14:37:52 +0000",Il team di Gestione multicanale <donotreply@amazon.com>,"Aggiornamenti ai costi di Gestione multicanale in vigore dal 29
 maggio 2026",,"96
 Stiamo aggiornando le tariffe di Gestione multicanale per aiutarti a ridurre i costi e investire nella crescita della tua attività.
 Buongiorno,
 desideriamo ringraziarti per la tua collaborazione in quello che è stato un altro anno entusiasmante di innovazione nei nostri servizi di Gestione multicanale. Abbiamo ampliato le nostre capacità di spedizione transfrontaliera e migliorato i tempi di consegna per aiutarti a raggiungere un maggior numero di clienti e a far crescere la tua attività con la massima tranquillità e sicurezza. La nuova app di Gestione multicanale per Shopify rende l'avvio più semplice che mai. Bastano pochi clic per offrire consegne rapide e affidabili su tutti i canali di vendita.
 Il 29 maggio 2026 apporteremo le seguenti modifiche alla struttura tariffaria per aiutarti a ridurre i costi e investire nella crescita della tua attività.
 La maggior parte dei sovrapprezzi del Programma Paneuropeo verranno rimossi per ridurre i costi totali:
- Verranno rimossi tutti i sovrapprezzi del Programma Paneuropeo sugli ordini a gestione multicanale di articoli in buste e colli. Riduzione dei costi del Programma Paneuropeo:
- Ridurremo la maggior parte dei costi di bust",2026-05-10 22:37:45,RETR,xtbBpQUO82nyF8U1WgAA37
法务/侵权类,older,account_4,weihaizhongxin2024@126.com,"Wed, 29 Apr 2026 14:30:37 +0000",The Multichannel Fulfillment team <donotreply@amazon.com>,"MCF fee updates effective May 29, 2026",,"96
 We’re updating our Multichannel Fulfillment fees to help you reduce your costs so you can invest in growing your business.
 Hello,
 We want to thank you for your partnership in what has been another exciting year of innovation for Multichannel Fulfillment (MCF). We've expanded our cross-border shipping capabilities and improved delivery speeds to help you reach more customers and scale with confidence. Our new MCF app for Shopify makes getting started easier than ever - just a few clicks, and you're ready to offer fast, reliable delivery across all of your sales channels.
 On May 29, 2026, we will make the following fee changes to help you reduce your costs so you can invest in growing your business.
 Most Pan-EU surcharges removed to lower total costs:
- We will waive all Pan-EU surcharges on MCF orders of envelope and parcel items. Pan-EU rates reduced:
- We will reduce the majority of our Pan-EU envelope and parcel fees , with rates reduced most in high-demand areas.
- You’ll continue to benefit from domestic rates in Germany, France, Italy, and Spain. Balanced domestic fee structure:
- We will increase fees for single-unit orders of envelope, parcel, and all oversize items ",2026-05-10 22:37:45,RETR,xtbBsxGghmnyFhHsSAAA38
法务/侵权类,older,account_4,weihaizhongxin2024@126.com,"Wed, 29 Apr 2026 14:25:56 +0000",El Departamento de Logística Multicanal <donotreply@amazon.com>,Actualización de las tarifas de Logística Multicanal en vigor a partir del 29 de mayo de 2026,,"96
 Vamos a actualizar nuestras tarifas de Logística Multicanal para ayudarte a reducir los costes y así puedas invertir en hacer crecer tu negocio.
 Hola:
 Queremos agradecerte tu colaboración durante todo este año, lleno de emocionantes innovaciones en Logística Multicanal. Hemos ampliado nuestras capacidades de envío transfronterizo y mejorado las velocidades de entrega para ayudarte a llegar a más clientes y hacer crecer tu negocio con confianza. La nueva aplicación de Logística Multicanal para Shopify hace que empezar sea más fácil que nunca: con sólo unos pocos clics puedes ofrecer entregas rápidas y fiables en todos tus canales de venta.
 El 29 de mayo de 2026, haremos los siguientes cambios en las tarifas para ayudarte a reducir los costes y así puedas invertir en el crecimiento de tu negocio.
 Se han retirado la mayoría de los recargos del Programa paneuropeo para reducir el coste total:
- no aplicaremos ningún recargo del Programa paneuropeo en pedidos de Logística Multicanal de sobres y paquetes. Tarifas reducidas del Programa paneuropeo:
- reduciremos la mayoría de las tarifas de paquetes y sobres del Programa paneuropeo , con unas tarifas más reducidas en zonas de much",2026-05-10 22:37:44,RETR,xtbBpBZZP2nyFPYZ4gAA3W
法务/侵权类,older,account_4,weihaizhongxin2024@126.com,"Tue, 28 Apr 2026 17:38:42 +0000",Amazon Services <donotreply@amazon.com>,"Presenta documentos de cumplimiento normativo del producto para
 evitar que se retiren los listings",,"96
 Presenta documentos de cumplimiento normativo del producto para evitar que se retiren los listings
 Hola, Weihai EU:
 Tus listings están en riesgo de retirada porque faltan fichas de datos de seguridad (FDS). Presenta la documentación necesaria a más tardar el 2026-07-27 para seguir vendiendo estos productos. Encontrarás ejemplos de los listings en riesgo al final de este correo electrónico.
 ¿A qué se debe esto?
 Hemos tomado esta medida porque hemos identificado que hay productos peligrosos en tu catálogo que requieren fichas de datos de seguridad (FDS). Estos documentos son obligatorios por ley y proporcionan información importante sobre la seguridad de los productos químicos, como los procedimientos adecuados de manipulación, almacenamiento y emergencia. Así podemos garantizar la seguridad de nuestros clientes, empleados y cualquier persona que se encargue de estos productos.
 Hemos usado una combinación de medios automatizados y revisión humana experta para identificar la incidencia y tomar esta decisión.
 Para más información, consulta Requisitos y preguntas frecuentes para la venta de productos químicos .
 ¿Cómo puedo seguir vendiendo los productos afectados?
 Para evita",2026-05-10 22:37:43,RETR,xtbBswb74Wnw8Ka13wAA3K
法务/侵权类,older,account_4,weihaizhongxin2024@126.com,"Tue, 28 Apr 2026 17:25:34 +0000",Amazon Services <donotreply@amazon.com>,"Documenten over productconformiteit indienen om verwijdering van
 productvermeldingen te voorkomen",,"96
 Documenten over productconformiteit indienen om verwijdering van productvermeldingen te voorkomen
 Hallo Weihai EU,
 Je productvermeldingen lopen het risico te worden verwijderd vanwege ontbrekende veiligheidsinformatiebladen. Dien de vereiste documentatie uiterlijk 2026-07-27 in om door te gaan met het verkopen van deze producten. Onderaan deze e-mail vind je voorbeelden van je productvermeldingen met een verhoogd risico.
 Waarom gebeurt dit?
 We ondernemen deze actie omdat we gevaarlijke producten in je catalogus hebben geïdentificeerd waarvoor veiligheidsinformatiebladen (SDS) nodig zijn. Deze documenten zijn wettelijk vereist en bieden kritieke veiligheidsinformatie over chemische producten, inclusief correcte verwerking, opslag en noodprocedures. Dit helpt de veiligheid te waarborgen van onze klanten, medewerkers en iedereen die met deze producten omgaat.
 We hebben gebruikgemaakt van een combinatie van geautomatiseerde middelen en deskundige menselijke beoordeling om dit probleem te identificeren en deze beslissing te nemen.
 Ga voor meer informatie naar onze Vereisten en veelgestelde vragen voor de verkoop van chemische stoffen .
 Hoe kan ik de getroffen producten blijve",2026-05-10 22:37:43,RETR,xtbBpRI2HGnw7ZJLEQAA3h
法务/侵权类,older,account_4,weihaizhongxin2024@126.com,"Tue, 28 Apr 2026 17:06:50 +0000",Amazon Services <donotreply@amazon.com>,"Prześlij dokumenty zgodności dotyczące produktu, aby zapobiec usunięciu oferty",,"96
 Prześlij dokumenty zgodności dotyczące produktu, aby zapobiec usunięciu oferty
 Dzień dobry Weihai EU,
 Twoje oferty mogą zostać usunięte z powodu braku kart charakterystyki. Aby móc dalej sprzedawać te produkty, prześlij wymaganą dokumentację do 2026-07-27. Przykłady zagrożonych ofert znajdziesz na dole tej wiadomości e-mail.
 Dlaczego tak się stało?
 Podejmujemy te działania, ponieważ stwierdziliśmy, że w Twoim katalogu znajdują się produkty niebezpieczne, dla których wymagane są karty charakterystyki. Dokumenty te są wymagane przepisami prawa i zawierają istotne informacje związane z bezpieczeństwem produktów chemicznych, w tym dotyczące prawidłowego obchodzenia się z nimi, przechowywania ich oraz postępowania w nagłych wypadkach. Pomaga to zapewnić bezpieczeństwo naszym klientom, pracownikom i każdej osobie mającej styczność z tymi produktami.
 Do identyfikacji problemu i podjęcia decyzji wykorzystaliśmy zautomatyzowane narzędzia, a otrzymane za ich pomocą wyniki poddaliśmy weryfikacji przez eksperta.
 Więcej informacji znajdziesz na stronie Wymagania i często zadawane pytania dotyczące sprzedaży chemikaliów .
 Co mogę zrobić, aby dalej sprzedawać produkty, których dotyczy ",2026-05-10 22:37:42,RETR,xtbBsw4cAmnw6S6UZAAA3N
法务/侵权类,older,account_4,weihaizhongxin2024@126.com,"Tue, 28 Apr 2026 16:58:32 +0000",Amazon Services <donotreply@amazon.com>,Skicka in dokument om produktöverensstämmelse för att undvika att produktposter tas bort,,"96
 Skicka in dokument om produktöverensstämmelse för att undvika att produktposter tas bort
 Hej Weihai EU!
 Dina annonser riskerar att tas bort på grund av att säkerhetsdatablad saknas. Skicka in den dokumentation som krävs senast 2026-07-27 för att fortsätta sälja dessa produkter. Vid slutet av det här e-postmeddelandet kan du se exempel på dina produktposter i riskzonen.
 Varför händer det här?
 Vi vidtar denna åtgärd eftersom vi identifierade farliga produkter som kräver säkerhetsdatablad (SDS) i din katalog. Dessa dokument är obligatoriska enligt lag och tillhandahåller viktig säkerhetsinformation om kemiska produkter, inklusive korrekt hantering, lagring och nödrutiner. Detta bidrar till att säkerställa säkerheten för våra kunder, anställda och alla som hanterar dessa produkter.
 Vi har använt oss av både automatiserade metoder och mänskliga expertgranskare för att identifiera problemet och fatta det här beslutet.
 Du hittar mer information i Krav och Vanliga frågor för försäljning av kemikalier .
 Hur fortsätter jag att sälja de berörda produkterna?
 För att fortsätta sälja dessa produkter och undvika att produktposterna tas bort ska du ladda upp säkerhetsdatablad för var o",2026-05-10 22:37:42,RETR,xtbBsxqehGnw5zqJOgAA3E
法务/侵权类,older,account_4,weihaizhongxin2024@126.com,"Tue, 28 Apr 2026 16:54:06 +0000",Amazon Services <donotreply@amazon.com>,Invia la documentazione di conformità dei prodotti per evitare la rimozione delle offerte,,"96
 Invia la documentazione di conformità dei prodotti per evitare la rimozione delle offerte
 Gentile Weihai EU,
 Le tue offerte sono a rischio di rimozione a causa della mancanza delle schede di dati di sicurezza. Invia la documentazione richiesta entro il 2026-07-27 per continuare a vendere questi prodotti. In fondo a questa e-mail, puoi trovare alcuni esempi di offerte a rischio.
 Ciò a cosa è dovuto?
 Stiamo intraprendendo questa azione perché abbiamo identificato nel tuo catalogo dei prodotti pericolosi che richiedono schede di dati di sicurezza (SDS). Questi documenti sono obbligatori per legge e forniscono informazioni essenziali sulla sicurezza dei prodotti chimici, incluse indicazioni per la manipolazione, lo stoccaggio e le procedure di emergenza appropriate. Ciò contribuisce a garantire la sicurezza dei nostri clienti, dipendenti e di chiunque manipoli questi prodotti.
 Questa decisione è stata presa sulla base dei risultati di un'analisi effettuata in parte tramite revisione umana e in parte per mezzo di sistemi automatizzati.
 Per maggiori informazioni, consulta la pagina Requisiti e domande frequenti per la vendita di sostanze chimiche .
 Come faccio a continuare a v",2026-05-10 22:37:42,RETR,xtbBshFcQmnw5jElzwAA3Z
法务/侵权类,older,account_4,weihaizhongxin2024@126.com,"Tue, 28 Apr 2026 16:50:08 +0000",Amazon Services <donotreply@amazon.com>,Soumettez les documents de conformité des produits pour éviter le retrait de la mise en vente,,"96
 Soumettez les documents de conformité des produits pour éviter le retrait de la mise en vente
 Bonjour Weihai EU,
 Vos mises en vente risquent d’être supprimées en raison de l’absence de fiches de sécurité. Soumettez les documents requis avant le 2026-07-27 pour continuer à vendre ces produits. Vous trouverez des exemples de vos mises en vente à risque en bas de cet e-mail.
 Pourquoi cela se produit-il ?
 Nous prenons cette mesure car nous avons identifié des produits dangereux dans votre catalogue qui nécessitent des fiches de sécurité. Ces documents sont requis par la loi et fournissent des informations essentielles de sécurité sur les produits chimiques, y compris les procédures de manipulation, de stockage et d’urgence appropriées. Cela permet d’assurer la sécurité de nos clients, de nos employés et de toute personne manipulant ces produits.
 Nous avons utilisé une combinaison de moyens automatisés et de contrôles par des experts humains pour identifier ce problème et prendre cette décision.
 Pour en savoir plus, consultez nos Exigences et FAQ pour la mise en vente de produits chimiques .
 Comment continuer à vendre les produits concernés ?
 Pour éviter le retrait d’une mis",2026-05-10 22:37:42,RETR,xtbBswIgBmnw5UJ9YAAA30
法务/侵权类,older,account_4,weihaizhongxin2024@126.com,"Tue, 28 Apr 2026 15:58:40 +0000",Amazon Services <donotreply@amazon.com>,Pagamento elaborato con successo,,"96
This title will display on mobile devices
 Congratulazioni. Il pagamento è stato elaborato con successo e ti sarà accreditato a breve.
 Tentativo di pagamento
Congratulazioni Weihai EU! Il pagamento è stato elaborato con successo e ti sarà accreditato nel giro di da tre a cinque giorni.
In data 04/28/26 15:58 CEST, abbiamo avviato un trasferimento sul tuo metodo di pagamento (conto bancario che termina con 229) dell’importo di €
 213,19.
 Se l’importo è inferiore a quanto atteso, tieni in considerazione le seguenti domande:
 Hai un saldo non disponibile? Amazon potrebbe trattenere una certa somma per coprire i costi di eventuali resi, reclami o contestazioni di una transazione (chargeback) da parte degli acquirenti. In questo caso, il saldo finale nel tuo report sui pagamenti mostrerà il saldo non disponibile corrispondente alla cifra trattenuta.
 Le tue vendite coprono tutte le commissioni e i resi per questo ciclo di fatturazione? L’importo del pagamento rispecchia le attività di vendita, le commissioni di vendita e le tariffe per promozioni o servizi. Ti consigliamo di rivedere il report sui pagamenti nella scheda Report di Seller Central per comprendere le diverse spese che ",2026-05-10 22:37:41,RETR,xtbBsxQaAGnw2TQZJAAA30
法务/侵权类,older,account_4,weihaizhongxin2024@126.com,"Mon, 27 Apr 2026 05:22:10 +0000","""Amazon.de"" <store-news@amazon.de>",Dein Einkaufswagen wartet,,"https://www.amazon.de/gp/cart/view.html?ref_=cor
Feuerfeste Unterlage, 100 × 150cm Hitzebeständig bis 1800°F Hitzeschutzmatte, Grillmatte, Feuerschutzmatte, Fallschutzmatten Outdoor, Bodenschutzmatte, BBQ Gril Matte
Befristetes Angebot -15 % 17,11 € Statt: 20,13 €
https://www.amazon.de/gp/product/B0DRCB74YN/?ref_=
Einkaufswagen anzeigen
https://www.amazon.de/gp/cart/view.html?ref_=cor
Schaue dir weitere Optionen an
100 * 150cm Feuerfeste Unterlage - Hitzebeständig bis 1800°F Hitzeschutzmatte - Grillteppich Bodenschutzmatte Grillmatten Bodenmatte Feuerstellenmatte Outdoor BBQ Matte für Gasgrill Holzkohlegrill
 -17 % 25,19 € UVP: 30,24 €
https://www.amazon.de/gp/product/B0BRTPDYMV/?ref_=ci_mcx_mr_2p_0_lm
Alckijy Feuerfeste Unterlage | 100 * 150cm Faltbare Hitzeschutzmatte | Bodenschutzmatte | Grillmatten | Bodenmatte | Grillteppich | Funkenschutzplatte | für BBQ Grills Kaminöfen Boden Rasen usw
Befristetes Angebot -18 % 17,13 € UVP: 20,97 €
https://www.amazon.de/gp/product/B0CSGBZG8W/?ref_=ci_mcx_mr_2p_1_lm
Weber Grillmatte - Klein (120 x 80cm), schützt Terasse/Balkon vor Fettspritzern oder tropfenden Flüssigkeiten, hitze- &amp; witterungsbeständiges antibakteriellles Material, für a",2026-05-10 22:37:40,RETR,xtbBpAfz2Wnu8oeukwAA3G
法务/侵权类,older,account_4,weihaizhongxin2024@126.com,"Sun, 26 Apr 2026 11:10:42 +0000",Gabriel Martins <notifications@insgly.net>,Worten Marketplace - Portugal y España,,"¡Buenos días!
Espero que te encuentres bien.
Mi nombre es Gabriel Martins y soy Business Developer en WORTEN Portugal y España, parte de Sonae, uno de los más grandes grupos empresariales en Portugal.
Te envío este mensaje porque nos gustaría hacer una colaboración entre Weihai EU y el Marketplace de Worten.
Sobre Worten.
Somos líderes en el mercado portugués, con 200 tiendas alcanzamos más de 1.2 billones de euros en ventas, de los cuales el 20% vienen del online.
En Portugal, Worten.pt es el sitio de comercio electrónico más visitado y con mejor desempeño, recibimos más visitas que los principales marketplaces del mundo, los que consideramos nuestra competencia. En compras online, el sitio web de Worten tiene el mayor tráfico de Portugal, más de 10 millones de visitas al mes.
Es en www.worten.pt y www.worten.es donde puedes mirar nuestro Marketplace.
Con más de 30 categorías, el Marketplace de Worten quiere ser la plataforma donde los clientes pueden encontrar todo lo que necesitan.
Con la gran demanda que sentimos, tenemos la oportunidad de aumentar nuestra gama de productos, ¡y trabajar con las mejores empresas es nuestra prioridad !
Worten Marketplace tiene una estrategia B2C,",2026-05-10 22:37:39,RETR,xtbBpRa-pWnt8ratZwAA3j
法务/侵权类,older,account_4,weihaizhongxin2024@126.com,"Sat, 25 Apr 2026 05:38:32 +0000","""Amazon.de"" <store-news@amazon.de>",Dein Einkaufswagen wartet,,"https://www.amazon.de/gp/cart/view.html?ref_=cor
Schwimmgurt für Pool, Schwimmhilfe Erwachsene Pool, Schwimmgurt Pool Erwachsene, Schwimmwiderstand Gürtel mit 2.5-7.5M Einstellbare Schwimmseil für Jedes Schwimmbad Ohne Gegenstromanlage
Befristetes Angebot -15 % 18,54 € Statt: 21,81 €
https://www.amazon.de/gp/product/B0DRCF83VZ/?ref_=
Einkaufswagen anzeigen
https://www.amazon.de/gp/cart/view.html?ref_=cor
Schaue dir weitere Optionen an
Roaxkois Keramik Bemalen Set - Kreatives Keramik Bastelset mit Farben, Pinseln und Anleitungen, Perfektes Tassen Bemalen Set für individuelle Geschenke und Freizeitgestaltung
 20,97 €
https://www.amazon.de/gp/product/B0FD8PWPNK/?ref_=ci_mcx_mr_2p_0_lm
Pott&#x27;d Paintables Tassen zum Bemalen Set für Erwachsene, Tassenmalset zum Selbermachen für Anfänger. Keramik Bemalen Set enthält Tassen, Farben, Pinsel, Tuch und Malinspirationshandbuch
 -39 % 32,77 € UVP: 53,78 €
https://www.amazon.de/gp/product/B0FVY9ZQ3K/?ref_=ci_mcx_mr_2p_1_lm
Roaxkois Keramik Bemalen Set - Kreatives Keramik Bastelset mit Farben, Pinseln und Anleitungen, Perfektes Tassen Bemalen Set für individuelle Geschenke und Freizeitgestaltung (Glatt) (Glatt)
 -17 % 20,97 € UVP: 25,17 €
htt",2026-05-10 22:37:38,RETR,xtbBpRyBZ2nsU1w+HAAA33
法务/侵权类,older,account_4,weihaizhongxin2024@126.com,"Thu, 23 Apr 2026 19:19:11 +0000",Amazon Services <donotreply@amazon.com>,Presenta la documentación sobre seguridad del producto para evitar la desactivación de los listings,,"96
 Hola, Weihai EU:
 Algunos de tus listings están en riesgo de desactivación debido a que tus productos no cumplen los requisitos obligatorios. Revisa a continuación los detalles y siguientes pasos. Los listings afectados aparecen al final de este correo electrónico.
 ¿A qué se debe esto?
 Tomamos esta medida porque a estos productos les falta información de cumplimiento normativo obligatoria. Para más información sobre las leyes, normativas y políticas de Amazon aplicables, consulta Cumplimiento y seguridad de los productos .
 En la tabla que aparece al final de este correo electrónico se proporcionan los requisitos de cumplimiento normativo específicos del producto.
 ¿Cómo puedo reactivar mis listings?
 Para proporcionar la información de cumplimiento normativo obligatoria, ve a la página Estado de la cuenta y localiza las solicitudes de cumplimiento normativo del producto:
-
 Si dispones de la documentación obligatoria, sigue las instrucciones para presentar los documentos de cumplimiento normativo.
-
 Si crees que tus productos están exentos de estos requisitos, presenta documentación que demuestre por qué no están sujetos a estos requisitos de cumplimiento normativo.
 Para v",2026-05-10 22:37:35,RETR,xtbBsxJdQ2nqcLJlFAAA3P
法务/侵权类,older,account_4,weihaizhongxin2024@126.com,"Thu, 23 Apr 2026 19:18:24 +0000",Amazon Services <donotreply@amazon.com>,"Dien productveiligheidsdocumentatie in om de deactivering van de
 productvermelding te voorkomen",,"96
 Hallo Weihai EU,
 Enkele van je productvermeldingen lopen het risico op deactivering omdat er verplichte nalevingsvereisten voor je producten ontbreken. Bekijk de gegevens en de stappen hieronder. De betreffende productvermeldingen worden aan het einde van deze e-mail weergegeven.
 Waarom gebeurt dit?
 We hebben deze actie ondernomen omdat voor deze producten verplichte nalevingsinformatie ontbreekt. Raadpleeg onze hulp-pagina Productveiligheid en -conformiteit voor informatie over de toepasselijke wet- en regelgeving en het Amazon-beleid.
 De tabel aan het einde van deze e-mail bevat productspecifieke nalevingsvereisten.
 Hoe activeer ik mijn productvermeldingen opnieuw?
 Als je de vereiste nalevingsgegevens wilt verstrekken, ga je naar de pagina Accountstatus en zoek je de aanvragen voor productconformiteit:
-
 Als je over de vereiste documentatie beschikt, volg je de instructies om je nalevingsdocumenten in te dienen.
-
 Als je van mening bent dat je producten zijn vrijgesteld van deze vereisten, dien dan documentatie in waaruit blijkt wat de reden is dat ze niet aan deze nalevingsvereisten zijn onderworpen.
 Raadpleeg voor stapsgewijze instructies onze hulp-pagina Documente",2026-05-10 22:37:35,RETR,xtbBsgRSOGnqcITMQgAA3l
法务/侵权类,older,account_4,weihaizhongxin2024@126.com,"Thu, 23 Apr 2026 19:15:32 +0000",Amazon Services <donotreply@amazon.com>,Przesyłanie dokumentacji dotyczącej bezpieczeństwa produktu w celu niedopuszczenia do dezaktywacji oferty,,"96
 Dzień dobry Weihai EU,
 niektóre z Twoich ofert są zagrożone dezaktywacją z powodu niespełnienia obowiązków dotyczących zgodności wystawianych przez Ciebie produktów z wymogami. Poniżej znajdziesz szczegółowe informacje oraz dalsze instrukcje. Oferty produktów, których dotyczy problem, wskazano na końcu niniejszej wiadomości e-mail.
 Dlaczego tak się stało?
 Podjęliśmy to działanie, ponieważ w przypadku tych produktów nie dostarczono obowiązkowych informacji dotyczących zgodności z wymogami. Więcej informacji na temat mających zastosowanie przepisów ustawowych i wykonawczych oraz zasad Amazon znajdziesz na stronie Bezpieczeństwo i zgodność produktu z wymogami .
 Informacje na temat wymogów dotyczących zgodności dla poszczególnych produktów znajdziesz w tabeli na końcu tej wiadomości e-mail.
 Jak mogę ponownie aktywować oferty?
 Aby dostarczyć niezbędne informacje dotyczące zgodności z wymogami, przejdź do panelu Kondycja konta i znajdź żądania dotyczące zgodności produktu z wymogami:
-
 Jeśli dysponujesz wymaganymi dokumentami zgodności, postępuj zgodnie z instrukcjami, aby je przesłać.
-
 Jeśli uważasz, że Twoje produkty są zwolnione z wymogów dotyczących zgodności, prześlij d",2026-05-10 22:37:35,RETR,xtbBshYmDGnqb9bJKgAA3X
法务/侵权类,older,account_4,weihaizhongxin2024@126.com,"Thu, 23 Apr 2026 19:12:50 +0000",Amazon Services <donotreply@amazon.com>,Skicka in produktsäkerhetsdokumentation för att undvika att produktposterna inaktiveras,,"96
 Hej Weihai EU!
 Vissa av dina produktposter riskerar att inaktiveras på grund av att det saknas obligatorisk information om överensstämmelse för produkterna. Granska informationen och följande steg nedan. De berörda produktposterna visas i slutet av det här e-postmeddelandet.
 Varför händer det här?
 Vi vidtar den här åtgärden eftersom det saknas obligatorisk information om överensstämmelse för de här produkterna. Läs vår hjälpsida för Produktsäkerhet och -överensstämmelse för information om tillämpliga lagar, förordningar och Amazons policyer.
 Tabellen i slutet av detta e-postmeddelande innehåller produktspecifika krav för överensstämmelse.
 Hur återaktiverar jag mina produktposter?
 Om du vill tillhandahålla den begärda överensstämmelseinformationen går du till sidan Kontostatus och letar upp begäranden om produktöverensstämmelse:
-
 Om du har den obligatoriska dokumentationen ska du skicka in dina överensstämmelsedokument enligt instruktionerna.
-
 Om du tror att dina produkter är undantagna från dessa krav skickar du in dokumentation som visar varför de inte omfattas av dessa överensstämmelsekrav.
 Du hittar stegvisa instruktioner på vår hjälpsida om Skicka in intyg om öve",2026-05-10 22:37:35,RETR,xtbBpRb942nqbzbKiwAA32
法务/侵权类,older,account_4,weihaizhongxin2024@126.com,"Thu, 23 Apr 2026 19:12:30 +0000",Amazon Services <donotreply@amazon.com>,"Invia la documentazione sulla sicurezza del prodotto per evitare la
 disattivazione dell'offerta",,"96
 Gentile Weihai EU,
 Alcune delle tue offerte sono a rischio di disattivazione perché i relativi prodotti non soddisfano i requisiti obbligatori sulla conformità. Rivedi i dettagli e i passi successivi riportati di seguito. Puoi visualizzare le offerte interessate in fondo a questa e-mail.
 Ciò a cosa è dovuto?
 Abbiamo intrapreso questo provvedimento in quanto i tuoi prodotti non dispongono delle informazioni obbligatorie sulla conformità. Consulta la pagina di aiuto Sicurezza e conformità dei prodotti per informazioni sulle leggi, le normative e le politiche di Amazon applicabili.
 La tabella alla fine di questa e-mail contiene i requisiti di conformità specifici per i prodotti.
 Come faccio a riattivare le mie offerte?
 Per fornire le informazioni di conformità richieste, vai alla pagina Stato dell'account per individuare le richieste di conformità dei prodotti:
-
 Se disponi della documentazione richiesta, segui le istruzioni per inviare i documenti di conformità.
-
 Se ritieni che i tuoi prodotti siano esenti da questi requisiti, invia la documentazione che dimostra il motivo per cui non sono soggetti a questi requisiti di conformità.
 Per istruzioni dettagliate, consulta l",2026-05-10 22:37:34,RETR,xtbBsgL43mnqbyLGMgAA3s
法务/侵权类,older,account_4,weihaizhongxin2024@126.com,"Thu, 23 Apr 2026 19:09:22 +0000",Amazon Services <donotreply@amazon.com>,Soumettre la documentation de sécurité des produits pour éviter la désactivation des mises en vente,,"96
 Bonjour Weihai EU,
 Certaines de vos mises en vente risquent d’être désactivées, car vos produits ne respectent pas les exigences de conformité obligatoires. Consultez les détails et les étapes suivantes ci-dessous. Les produits mis en vente concernés figurent à la fin de cet e-mail.
 Pourquoi cela se produit-il ?
 Nous prenons cette mesure, car ces produits ne présentent pas les informations de conformité obligatoires. Consultez notre page d’aide Sécurité et conformité des produits pour obtenir des informations sur les lois, réglementations et politiques Amazon applicables.
 Le tableau situé à la fin de cet e-mail présente les exigences de conformité spécifiques aux produits.
 Comment réactiver mes produits mis en vente ?
 Pour fournir les informations de conformité requises, accédez à la page État du compte et localisez les demandes de conformité des produits :
-
 Si vous disposez des documents requis, suivez les instructions pour soumettre vos documents de conformité.
-
 Si vous pensez que vos produits sont exemptés de ces exigences, soumettez des pièces justificatives prouvant les raisons pour lesquelles ils ne sont pas soumis à ces exigences de conformité.
 Pour des instru",2026-05-10 22:37:34,RETR,xtbBpAbJr2nqbma39QAA3N
法务/侵权类,older,account_4,weihaizhongxin2024@126.com,"Thu, 23 Apr 2026 00:31:36 +0000",Amazon Europe <noreply@sell.amazon.com>,规划您的 La French Week 促销活动,,"立即规划您的促销
尊敬的卖家：
通过为您选定的商品提报Z划算和促销（价格折扣和优惠券），为亚马逊 La French Week 做好准备。
请为您的产品提报活动期间的促销。
关键日期
活动日期： 2026年4月29日至5月5日
Z划算提报截止日期： 开始日期前1天
优惠券和价格折扣提报截止日期： 活动结束前 12 小时
即刻提报您的促销活动 > https://go.amazonsellerservices.com/e/229492/-ld-DC-EM-D419093827-Wk16/7z2ympf/6620349954/h/d9eRPXQyjE3xa9moRJQyNnMughaMjazH89ZvYGbD16o
您的 ASIN 推荐清单
以下为您精选推荐的 ASIN，可用于提交至 La French Week。
<div style=""padding: 0 20px; ""><table style=""width:100%; border-collapse:collapse; text-align:center; font-family:Amazon Ember Display, Arial, sans-serif; border:2px solid #868D95; border-radius:10px 10px 0 0; overflow:hidden; ""><thead><tr style=""background-color:#dfdad5;""><th style=""padding:10px; border-right:2px solid #868D95; font-size:14px; letter-spacing:none; line-height:1.2; text-align:center; mso-line-height-alt:1.063em; color:#000000;"">站点</th><th style=""padding:10px; border-right:2px solid #868D95; font-size:14px; letter-spacing:none; line-height:1.2; text-align:center; mso-line-height-alt:1.063em; color:#000000;"">ASIN</th></tr></thead><tbody><tr><td style=""padding:10px; border-top:2px solid #868D95; border-right:2px solid #868D95; font-size:14px; letter-spacing:none; line-height:1.2; text-align:center; mso-line-height",2026-05-10 22:37:32,RETR,xtbBpA0K72npaG2ZbwAA3-
法务/侵权类,older,account_4,weihaizhongxin2024@126.com,"Wed, 22 Apr 2026 15:00:54 +0000",Amazon Services <donotreply@amazon.com>,Votre paiement est en cours,,"96
This title will display on mobile devices
 Félicitations ! Votre paiement est en cours et arrivera sous peu.
 Tentative de versement
Félicitations, Weihai EU ! Votre paiement est en cours et arrivera sous trois à cinq jours.
Le 04/22/26 15:00 CEST, nous avons effectué un virement d’un montant de €
 95.42 sur le compte lié à votre méthode de paiement (compte bancaire se terminant par 229).
 Si le montant est inférieur au montant auquel vous vous attendiez, voici quelques questions à vous poser :
 Disposez-vous d’un solde de fonds non disponibles ? Amazon peut réserver des fonds afin de couvrir des retours, des réclamations ou des rétrofacturations potentiels des acheteurs. Si tel est le cas, le solde de fin de période de votre rapport sur les paiements affichera le solde des fonds non disponibles réservé.
 Vos ventes couvraient-elles l’ensemble des frais et des retours pour cette période de règlements ? Le montant du paiement reflète votre activité commerciale, les frais de vente et les frais relatifs aux promotions et aux services. Nous vous recommandons de consulter votre rapport sur les paiements sous l’onglet Rapports de Seller Central pour comprendre votre solde de fin de pé",2026-05-10 22:37:31,RETR,xtbBpQp3XWno4qoH6AAA3j
法务/侵权类,older,account_4,weihaizhongxin2024@126.com,"Wed, 22 Apr 2026 07:42:42 +0000",The Fulfillment by Amazon team <donotreply@amazon.com>,Act today & improve Sales on Excess Inventory,,"96
This title will display on mobile devices
 Optional preview text
 Hello,
We noticed you have a number of ASIN(s) that have excess levels of inventory. We are reaching out to inform you about multiple options to improve your Unit Sales on your aged and/or excess inventory in Amazon Fulfillment Centers. Our goal is to help you increase the sales on this excess inventory:
X004QEYPRL, X004QEVV05, X004K6ILMZ
We encourage you to take Amazon recommended actions such as Create Outlet deals, Sponsor Products Ad, to improve sell through of this excess inventory and potentially reduce your chances of incurring aged inventory fee.
 Outlet deals
 Amazon Outlet is a great place for customers to shop for overstock deals, which offers a selection of items, such as electronics, toys, beauty, and kitchen.
 Create Outlet Deal Today!
 Sponsored Product Ads
 Sponsored Products is a cost-per-click advertising solution that provides advertisers with a foundation of controls and visibility to help get their individual products discovered, and help generate sales from traffic sources in the Amazon store and on select premium apps and websites.
 Create Sponsored Products Ad Today!
We encourage you to vie",2026-05-10 22:37:31,RETR,xtbBpBawlmnoe-YhHwAA3m
法务/侵权类,older,account_4,weihaizhongxin2024@126.com,"Tue, 21 Apr 2026 09:32:20 +0000",Amazon Europe <noreply@sell.amazon.com>,Prime Day：立即提报您的促销,,"Prime Day（日期待公布）：立即提报您的促销
尊敬的卖家，
为 2026 年 Prime Day 做好准备 - 为数百万 Prime 会员打造不容错过的优惠！加入我们今年六月的四天活动，通过提报秒杀和Z划算来提升曝光率，从而拓展您的业务！
如果您在 2026 年 4 月 30 日前提报秒杀或 Z 划算，您将获得每笔固定预付费 30% 的折扣。
关键日期
活动日期： 2026年6月 (具体日期待公布)
提报截止日期： 2026年6月19日
建议 FBA入仓截止日期：
欧盟 – 2026年5月27日，英国 – 2026年6月5日
提报您的促销 > https://go.amazonsellerservices.com/e/229492/reate-ld-DC-EM-D408225913-Wk17/7z2wg2q/6615577593/h/XJ14pTxdLNF8HtWMzSq-aEmiFGdO6nznpoye9oAUR6I
您的促销推荐
以下是您 Prime Day 的ASIN推荐提报列表。 请在卖家中心促销仪表盘查看您的完整推荐列表，每周更新一次，为您提供新机会。
<div style=""padding: 0 20px; ""><table style=""width:100%; border-collapse:collapse; text-align:center; font-family:Amazon Ember Display, Arial, sans-serif; border:2px solid #868D95; border-radius:10px 10px 0 0; overflow:hidden; ""><thead><tr style=""background-color:#dfdad5;""><th style=""padding:10px; border-right:2px solid #868D95; font-size:14px; letter-spacing:none; line-height:1.2; text-align:center; mso-line-height-alt:1.063em; color:#000000;"">站点</th><th style=""padding:10px; border-right:2px solid #868D95; font-size:14px; letter-spacing:none; line-height:1.2; text-align:center; mso-line-height-alt:1.063em; color:#000000;"">ASIN</th></tr></thead><tbody><tr><td style=""padding:10px; border-top:2px soli",2026-05-10 22:37:28,RETR,xtbBpAhvVWnnRCiItQAA3J
法务/侵权类,older,account_4,weihaizhongxin2024@126.com,"Tue, 21 Apr 2026 09:19:47 +0000",亚马逊开店服务 <donotreply@amazon.com>,提交商品安全文件以重新启售商品,,"96
 提交商品安全文件以重新启售商品
 尊敬的 Weihai EU：
您好！
 您的部分商品因缺少必要的商品合规信息而被停售。查看下面的详细信息和后续步骤。受影响的商品显示在此电子邮件的末尾。
 为什么会发生这种情况？
 我们之所以采取此措施，是因为这些商品缺少必要的合规信息。请查看我们的 商品安全与合规 帮助页面，了解有关适用法律法规和亚马逊政策的信息。为了确定此问题，我们综合运用了自动化技术和专家人工评审，最终做出这一决定。
 此电子邮件末尾的表格提供了特定于商品的合规性要求。
 如何重新启售商品？
 要提供所需的合规信息，请前往 账户状况 页面并找到商品合规性请求：
-
 如果您有所需的文件，请按照相关说明提交您的合规文件。我们仅会重新启售满足合规要求的商品。
-
 如果您认为您的商品无需遵守这些要求，请提交相关文件，说明它们为何不受这些合规要求的约束。
 有关分步操作说明，请参阅 提交合规文件或对文件请求提出申诉 帮助页面。
 为避免进一步影响您的账户，请停售或删除您不打算销售或申诉的任何不合规商品。
 如果我未执行上述操作，会怎么样？
 如果您未提供所需的合规信息，则受影响的 ASIN 将一直处于停售状态，直到您或其他发布此商品的销售伙伴满足合规要求。
 这些商品的亚马逊物流库存会怎样？
 您必须在收到本通知后的 30 天内从我们的运营中心移除这些商品。如果未移除，我们将按照《亚马逊服务商业解决方案协议》中的规定弃置此库存，并且费用由您承担。要了解如何移除库存，请参阅 移除库存 帮助页面。
 我们愿意随时为您提供帮助。
 有关更多信息，请观看卖家大学中的 安全与合规简介 视频
 如果您有其他问题，请在您的 账户状况 控制面板上提交请求。
 亚马逊商品安全与合规性
 受影响的商品
 详情
 Roaxkois Töpferset für Kinder, Töpferscheibe, Töpferset für Zuhause mit ton lufttrocknend, Diamant Aufkleber, Kreativ Set für Kinder, Geschenk-Ideen, Geschenk für Mädchen Jungen
 ASIN： B0F145H325
 亚马逊要求您证明自己在亚马逊德国站上架的儿童玩具符合适用的法律、法规、标准和亚马逊政策。
要销售儿童玩具，您必须满足 儿童玩具帮助页面 上列出的要求，并与我们的合作伙伴第三方测试、检验和认证 (TIC) 服务提供商合作，验证您的商品符合这些要求。
儿童玩具是指供14岁或以下儿童在学习或玩耍时使用的商品。
亚马逊根据以下标准来确定商品是否为“儿童玩具”：
商品包装上的年龄分级标明该玩具专供 14 岁或以下儿童使用。
产品的包装、展示、促销或广告显示该产品适合 14 岁或以下儿童",2026-05-10 22:37:28,RETR,xtbBpRexl2nnQTdo-QAA35
法务/侵权类,older,account_4,weihaizhongxin2024@126.com,"Tue, 21 Apr 2026 09:17:42 +0000",Amazon Services <donotreply@amazon.com>,Presenta la documentación sobre seguridad del producto para reactivar los listings,,"96
 Presenta la documentación sobre seguridad del producto para reactivar los listings
 Hola, Weihai EU:
 Algunos de tus listings se han desactivado debido a que tus productos no cumplen los requisitos obligatorios. Revisa a continuación los detalles y siguientes pasos. Los listings afectados aparecen al final de este correo electrónico.
 ¿A qué se debe esto?
 Tomamos esta medida porque a estos productos les falta información de cumplimiento normativo obligatoria. Para más información sobre las leyes, normativas y políticas de Amazon aplicables, consulta Cumplimiento y seguridad de los productos . Hemos usado una combinación de medios automatizados y revisión humana experta para identificar la incidencia y tomar una decisión.
 En la tabla que aparece al final de este correo electrónico se proporcionan los requisitos de cumplimiento normativo específicos del producto.
 ¿Cómo puedo reactivar mis listings?
 Para proporcionar la información de cumplimiento normativo obligatoria, ve a la página Estado de la cuenta y localiza las solicitudes de cumplimiento normativo del producto:
-
 Si dispones de la documentación obligatoria, sigue las instrucciones para presentar los documentos de cum",2026-05-10 22:37:28,RETR,xtbBshqSeGnnQLpyfgAA36
法务/侵权类,older,account_4,weihaizhongxin2024@126.com,"Tue, 21 Apr 2026 09:17:14 +0000",Amazon Services <donotreply@amazon.com>,"Dien productveiligheidsdocumentatie in om productvermeldingen
 opnieuw te activeren",,"96
 Dien productveiligheidsdocumentatie in om productvermeldingen opnieuw te activeren
 Hallo Weihai EU,
 Sommige van je productvermeldingen zijn gedeactiveerd omdat er verplichte nalevingsvereisten voor je producten ontbreken. Bekijk de gegevens en de stappen hieronder. De betreffende productvermeldingen worden aan het einde van deze e-mail weergegeven.
 Waarom gebeurt dit?
 We hebben deze actie ondernomen omdat voor deze producten verplichte nalevingsinformatie ontbreekt. Raadpleeg onze hulp-pagina Productveiligheid en -conformiteit voor informatie over de toepasselijke wet- en regelgeving en het Amazon-beleid. We hebben gebruikgemaakt van een combinatie van geautomatiseerde middelen en deskundige menselijke beoordeling om dit probleem te identificeren en deze beslissing te nemen.
 De tabel aan het einde van deze e-mail bevat productspecifieke nalevingsvereisten.
 Hoe activeer ik mijn productvermeldingen opnieuw?
 Als je de vereiste nalevingsgegevens wilt verstrekken, ga je naar de pagina Accountstatus en zoek je de aanvragen voor productconformiteit:
-
 Als je over de vereiste documentatie beschikt, volg je de instructies om je nalevingsdocumenten in te dienen. We zullen alleen ",2026-05-10 22:37:28,RETR,xtbBsx6LcWnnQJ4NAAAA3K
法务/侵权类,older,account_4,weihaizhongxin2024@126.com,"Tue, 21 Apr 2026 09:13:36 +0000",Amazon Services <donotreply@amazon.com>,Skicka in produktsäkerhetsdokumentation för att återaktivera produktposter,,"96
 Skicka in produktsäkerhetsdokumentation för att återaktivera produktposter
 Hej Weihai EU!
 Vissa av dina produktposter har inaktiverats på grund av att det saknas obligatorisk överensstämmelse för dina produkter. Granska informationen och följande steg nedan. De berörda produktposterna visas i slutet av det här e-postmeddelandet.
 Varför händer det här?
 Vi vidtar den här åtgärden eftersom det saknas obligatorisk information om överensstämmelse för de här produkterna. Läs vår hjälpsida för Produktsäkerhet och -överensstämmelse för information om tillämpliga lagar, förordningar och Amazons policyer. Vi har använt oss av både automatiserade metoder och mänskliga expertgranskare för att identifiera problemet och fatta det här beslutet.
 Tabellen i slutet av detta e-postmeddelande innehåller produktspecifika krav för överensstämmelse.
 Hur återaktiverar jag mina produktposter?
 Om du vill tillhandahålla den begärda överensstämmelseinformationen går du till sidan Kontostatus och letar upp begäranden om produktöverensstämmelse:
-
 Om du har den obligatoriska dokumentationen ska du skicka in dina överensstämmelsedokument enligt instruktionerna. Vi återaktiverar endast produkter som u",2026-05-10 22:37:27,RETR,xtbBswRVO2nnP8QCOQAA3X
法务/侵权类,older,account_4,weihaizhongxin2024@126.com,"Tue, 21 Apr 2026 09:13:34 +0000",Amazon Services <donotreply@amazon.com>,Przesyłanie dokumentacji dotyczącej bezpieczeństwa produktu w celu ponownego aktywowania ofert,,"96
 Przesyłanie dokumentacji dotyczącej bezpieczeństwa produktu w celu ponownego aktywowania ofert
 Dzień dobry Weihai EU,
 niektóre z Twoich ofert zostały zdezaktywowane z powodu niespełnienia obowiązków dotyczących zgodności wystawianych przez Ciebie produktów z wymogami. Poniżej znajdziesz szczegółowe informacje oraz dalsze instrukcje. Oferty produktów, których dotyczy problem, wskazano na końcu niniejszej wiadomości e-mail.
 Dlaczego tak się stało?
 Podjęliśmy to działanie, ponieważ w przypadku tych produktów nie dostarczono obowiązkowych informacji dotyczących zgodności z wymogami. Więcej informacji na temat mających zastosowanie przepisów ustawowych i wykonawczych oraz zasad Amazon znajdziesz na stronie Bezpieczeństwo i zgodność produktu z wymogami . Do identyfikacji problemu i podjęcia decyzji wykorzystaliśmy zautomatyzowane narzędzia, a otrzymane za ich pomocą wyniki poddaliśmy weryfikacji przez eksperta.
 Informacje na temat wymogów dotyczących zgodności dla poszczególnych produktów znajdziesz w tabeli na końcu tej wiadomości e-mail.
 Jak mogę ponownie aktywować oferty?
 Aby dostarczyć niezbędne informacje dotyczące zgodności z wymogami, przejdź do panelu Kondycja konta i ",2026-05-10 22:37:27,RETR,xtbBpAJUOmnnP8JZGAAA36
法务/侵权类,older,account_4,weihaizhongxin2024@126.com,"Tue, 21 Apr 2026 09:11:30 +0000",Amazon Services <donotreply@amazon.com>,"Invia la documentazione sulla sicurezza del prodotto per riattivare
 le offerte",,"96
 Invia la documentazione sulla sicurezza del prodotto per riattivare le offerte
 Gentile Weihai EU,
 Alcune delle tue offerte sono state disattivate a causa della mancanza di alcuni requisiti di conformità obbligatori per i tuoi prodotti. Rivedi i dettagli e i passi successivi riportati di seguito. Puoi visualizzare le offerte interessate in fondo a questa e-mail.
 Ciò a cosa è dovuto?
 Abbiamo intrapreso questo provvedimento in quanto i tuoi prodotti non dispongono delle informazioni obbligatorie sulla conformità. Consulta la pagina di aiuto Sicurezza e conformità dei prodotti per informazioni sulle leggi, le normative e le politiche di Amazon applicabili. Questa decisione è stata presa sulla base dei risultati di un'analisi effettuata in parte tramite revisione umana e in parte per mezzo di sistemi automatizzati.
 La tabella alla fine di questa e-mail contiene i requisiti di conformità specifici per i prodotti.
 Come faccio a riattivare le mie offerte?
 Per fornire le informazioni di conformità richieste, vai alla pagina Stato dell'account per individuare le richieste di conformità dei prodotti:
-
 Se disponi della documentazione richiesta, segui le istruzioni per inviare i do",2026-05-10 22:37:27,RETR,xtbBpQY1G2nnP0ZSkwAA37
法务/侵权类,older,account_4,weihaizhongxin2024@126.com,"Tue, 21 Apr 2026 09:09:39 +0000",Amazon Services <donotreply@amazon.com>,Soumettre la documentation de sécurité des produits pour réactiver les mises en vente,,"96
 Soumettre la documentation de sécurité des produits pour réactiver les mises en vente
 Bonjour Weihai EU,
 Certaines de vos mises en vente ont été désactivées, car vos produits ne respectaient pas des exigences de conformité obligatoires. Consultez les détails et les étapes suivantes ci-dessous. Les produits mis en vente concernés figurent à la fin de cet e-mail.
 Pourquoi cela se produit-il ?
 Nous prenons cette mesure, car ces produits ne présentent pas les informations de conformité obligatoires. Consultez notre page d’aide Sécurité et conformité des produits pour obtenir des informations sur les lois, réglementations et politiques Amazon applicables. Nous nous sommes appuyés sur une combinaison de moyens automatisés et de contrôles menés par des personnes expérimentées pour identifier ce problème et prendre cette décision.
 Le tableau situé à la fin de cet e-mail présente les exigences de conformité spécifiques aux produits.
 Comment réactiver mes produits mis en vente ?
 Pour fournir les informations de conformité requises, accédez à la page État du compte et localisez les demandes de conformité des produits :
-
 Si vous disposez des documents requis, suivez les instructio",2026-05-10 22:37:27,RETR,xtbBshcZ-mnnPtddQQAA35
法务/侵权类,older,account_4,weihaizhongxin2024@126.com,"Mon, 20 Apr 2026 05:22:42 +0000","""Amazon.de"" <store-news@amazon.de>",Dein Einkaufswagen wartet,,"https://www.amazon.de/gp/cart/view.html?ref_=cor
Schwimmgurt für Pool, Schwimmhilfe Erwachsene Pool, Schwimmgurt Pool Erwachsene, Schwimmwiderstand Gürtel mit 2.5-7.5M Einstellbare Schwimmseil für Jedes Schwimmbad Ohne Gegenstromanlage
 21,81 €
https://www.amazon.de/gp/product/B0DRCF83VZ/?ref_=
Einkaufswagen anzeigen
https://www.amazon.de/gp/cart/view.html?ref_=cor
Schaue dir weitere Optionen an
Roaxkois Keramik Bemalen Set - Kreatives Keramik Bastelset mit Farben, Pinseln und Anleitungen, Perfektes Tassen Bemalen Set für individuelle Geschenke und Freizeitgestaltung
 20,97 €
https://www.amazon.de/gp/product/B0FD8PWPNK/?ref_=ci_mcx_mr_2p_0_lm
Roaxkois Keramik Bemalen Set - Kreatives Keramik Bastelset mit Farben, Pinseln und Anleitungen, Perfektes Tassen Bemalen Set für individuelle Geschenke und Freizeitgestaltung (Glatt) (Glatt)
 -17 % 20,97 € UVP: 25,17 €
https://www.amazon.de/gp/product/B0G6ZCHV7Z/?ref_=ci_mcx_mr_2p_1_lm
LEOSINYIN Keramik Bemalen Set, Tassen Bemalen Set, DIY Keramik Malset Kreatives Geschenk für Kinder &amp; Erwachsene Enthält 2*Tassen, 2*Farbwanne, 4*Pinsel, 2 * 12 Farben und Anleitung
Befristetes Angebot -40 % 17,99 € UVP: 29,99 €
https://www.amazon.de/gp/prod",2026-05-10 22:37:24,RETR,xtbBsgYL8GnluCaSAwAA3M
法务/侵权类,older,account_4,weihaizhongxin2024@126.com,"Sat, 18 Apr 2026 15:14:51 +0000",Amazon Services <donotreply@amazon.com>,Pagamento elaborato con successo,,"96
This title will display on mobile devices
 Congratulazioni. Il pagamento è stato elaborato con successo e ti sarà accreditato a breve.
 Tentativo di pagamento
Congratulazioni Weihai EU! Il pagamento è stato elaborato con successo e ti sarà accreditato nel giro di da tre a cinque giorni.
In data 04/18/26 15:14 CEST, abbiamo avviato un trasferimento sul tuo metodo di pagamento (conto bancario che termina con 229) dell’importo di €
 202,18.
 Se l’importo è inferiore a quanto atteso, tieni in considerazione le seguenti domande:
 Hai un saldo non disponibile? Amazon potrebbe trattenere una certa somma per coprire i costi di eventuali resi, reclami o contestazioni di una transazione (chargeback) da parte degli acquirenti. In questo caso, il saldo finale nel tuo report sui pagamenti mostrerà il saldo non disponibile corrispondente alla cifra trattenuta.
 Le tue vendite coprono tutte le commissioni e i resi per questo ciclo di fatturazione? L’importo del pagamento rispecchia le attività di vendita, le commissioni di vendita e le tariffe per promozioni o servizi. Ti consigliamo di rivedere il report sui pagamenti nella scheda Report di Seller Central per comprendere le diverse spese che ",2026-05-10 22:37:22,RETR,xtbBpQ92XGnjn+-nVgAA3L
法务/侵权类,older,account_4,weihaizhongxin2024@126.com,"Fri, 17 Apr 2026 09:39:52 +0000",Amazon Europe <donotreply@amazon.com>,Verify your primary operating address for tax purposes,,"Amazon Services
 Verify your primary operating address for tax purposes
 Hello,
To ensure the pertinent tax treatment is applied to your account, you must confirm your primary operating address . To help you, we’ve introduced a new field in Seller Central, called primary operating address.
This allows us to determine your establishment for tax purposes. If your information isn’t listed correctly, your taxes will also be incorrect.
 Your primary operating address or primary place of business is the physical location where you conduct your main day-to-day business activities. This can be either:
- Where your central administration functions take place.
- Where you have sufficient degree of permanence and an established presence in terms of human resources, technical resources, and infrastructure to run your business operations (e.g., where your employees are located).
 Here's how to verify your primary operating address:
- Go to your Identity Information page .
- If the pre-filled information is correct, click I confirm that my primary operating address is correct .
- If it's incorrect, click Edit information and provide a valid primary operating address by selecting a saved address ",2026-05-10 22:37:18,RETR,xtbBswsN8mnh-+sJaQAA37
法务/侵权类,older,account_4,weihaizhongxin2024@126.com,"Thu, 16 Apr 2026 15:10:49 +0000",Amazon Services <donotreply@amazon.com>,[Formal Notice – Immediate Action Required] Review and certify your business information within 10 days to avoid account deactivation,,"96
 Hello Weihai US,
 Under the US INFORM Consumers Act, you are required to keep certain business information provided to Amazon current, including your name, address, phone number, email address, bank account information, and Tax ID number. You are also required to electronically certify to Amazon at least once per year that either you have provided any changes to your information or there have been no changes to this information.
 Review your account information and complete your electronic certification by following the instructions below to avoid disruption to your selling account. If you do not certify your information within 10 days of this notice, your account will be at risk of account deactivation, as required by the law.
 (Please disregard this notice if you have already certified your information and received an acknowledgment notice.)
 How do I certify my information and avoid account deactivation?
 Go to the INFORM Act Notice and Certification step in your ( Account Health page ).
 Follow the instructions on the page to review the required information, update it if necessary, and click the “Certify” button to certify that it is up-to-date.
 Please note that only the p",2026-05-10 22:37:16,RETR,xtbBpB3Qtmng+-23LQAA3K
法务/侵权类,older,account_4,weihaizhongxin2024@126.com,"Tue, 14 Apr 2026 17:59:02 +0000",Amazon Verkaeuferservice <merch.service05@amazon.de>,RE:[CASE 12354633592] 其他账户问题,,"尊敬的销售伙伴：
您好！
我叫 John Raghul Singh S,来自亚马逊 销售 合作伙伴,今天我将帮助您调查 ASINs: B0G6XCTGJC, B0G6ZCHV7Z 和 B0GKPTF1T7 存在缺陷的不可售库存问题的请求。
关于ASINs: B0G6XCTGJC, B0G6ZCHV7Z。
我们已检查并确认ASINs的商品已从缺陷状态移至可售状态。
您可以通过以下链接确认这一点:
https://sellercentral-europe.amazon.com/myinventory/inventory?fulfilledBy=all&page=1&pageSize=250&searchField=all&searchTerm=B0G6XCTGJC&sort=sales_desc&status=all&ref_=xx_invmgr_favb_xx
https://sellercentral-europe.amazon.com/myinventory/inventory?fulfilledBy=all&page=1&pageSize=250&searchField=all&searchTerm=X002C14QJT&sort=sales_desc&status=all&ref_=xx_invmgr_favb_xx
https://sellercentral-europe.amazon.com/reportcentral/LEDGER_REPORT/0/%7B%22filters%22:[%22%22,%22B0G6XCTGJC%22,%22DAILY%22,%22FC%22,%2284700%22,%22%22,%22Adjustments%22,%22Damaged%22,%22Destroyed%22,%22Found%22,%22Lost%22,%22Other%22,%22%22,%22pageOffset%22:1,%22searchDays%22:30 %7D
https://sellercentral-europe.amazon.com/reportcentral/LEDGER_REPORT/0/%7B%22filters%22:[%22%22,%22B0G6ZCHV7Z%22,%22DAILY%22,%22FC%22,%2284700%22,%22%22,%22Adjustments%22,%22Damaged%22,%22Destroyed%22,%22Found%22,%22Lost%22,%22Other%22,%22%22,%22pageOffset%22:1,%22searchDays%22:30 %7D
关于ASIN: B0GKPTF1T7
我们的团队仍在为您调查此问题。
收到更新信息后,我们会向您更新详细信息。
请您耐",2026-05-10 22:37:13,RETR,xtbBsgpMMmnegGowbwAA3E
法务/侵权类,older,account_4,weihaizhongxin2024@126.com,"Tue, 14 Apr 2026 17:22:14 +0000",Amazon Product Support Team <donotreply@amazon.com>,"Reduce Returns & Boost Customer Satisfaction - Enrol in Amazon
 Product Support",,"96
 Enrol now into Amazon Product Support !
 Hello,
 Greetings from Amazon Product Support.
 Every product returned costs time, money and customer trust. That’s why Amazon offers product support – a suite of post-purchase solutions that help customers solve problems quickly and keep products in use. In 2025, approximately 50% of customers who engaged with Product Support did not return their product. *
 Enrol now and learn more about Amazon Product Support
 Here’s how you can reduce returns and help customers:
 • Manufacturer support – A customer has a question about your product? They can contact your experts directly. In 2025, approximately 64% of customers who contacted support through Manufacturer support did not return their product. * Available in the US, Canada, UK, Germany, France, Italy, Spain, Belgium, Sweden, Poland and the Netherlands.
 • Brand integration – call & chat – A customer runs into a setup issue and wants instant help? Provide live calls or chat support. In 2025, approximately 58% of customers who contacted support through Brand integration – call & chat did not return the product. * Available in the US, Canada, UK, Germany, France, Italy, Spain, Belgium, Swe",2026-05-10 22:37:12,RETR,xtbBswoiCGned8qHnAAA3C
货件/库存类,older,account_4,weihaizhongxin2024@126.com,"Sat, 2 May 2026 04:46:00 +0000",Fulfilment by Amazon <donotreply@amazon.com>,Disposal order created for unsellable FBA inventory,,"96
Automated Removals of Unfulfillable Inventory
 Final notice: Disposal order for your unfulfillable FBA inventory
 Final notice: Disposal order for your unfulfillable FBA inventory
 Hello,
You have unfulfillable inventory that has been in a fulfilment centre for more than 14 days. We have created a disposal order for these items.
 Why is this happening?
This action is required because these unfulfillable items have remained in our fulfilment centres for more than 14 days after notification. According to our FBA Required Removals policy, cancelling a required removal order is not permitted. To learn more, visit our FBA Required Removals policy .
 Removal order ID:
- toabAY9R4I
 Unsellable Products:
- FNSKU: X0025OEJ4F Quantity: 1
- FNSKU: X002A05YW5 Quantity: 2
 For more information about the disposal order process, see Remove inventory from a fulfilment centre .
 To monitor your unfulfillable inventory, see the Manage FBA Inventory for total unsellable quantities or the Recommended Removal report for unsellable and aged inventory details.
 The Fulfilment by Amazon Team
 Report an issue with this email
 If you have any questions visit: Seller Central
 To change your email preferen",2026-05-10 22:37:56,RETR,xtbBswtaQGn1gYsdLgAA3H
货件/库存类,older,account_4,weihaizhongxin2024@126.com,"Sat, 25 Apr 2026 04:25:43 +0000",Fulfilment by Amazon <donotreply@amazon.com>,Disposal order created for unsellable FBA inventory,,"96
Automated Removals of Unfulfillable Inventory
 Final notice: Disposal order for your unfulfillable FBA inventory
 Final notice: Disposal order for your unfulfillable FBA inventory
 Hello,
You have unfulfillable inventory that has been in a fulfilment centre for more than 14 days. We have created a disposal order for these items.
 Why is this happening?
This action is required because these unfulfillable items have remained in our fulfilment centres for more than 14 days after notification. According to our FBA Required Removals policy, cancelling a required removal order is not permitted. To learn more, visit our FBA Required Removals policy .
 Removal order ID:
- zl4CmeMn1C
 Unsellable Products:
- FNSKU: B0DRCC2H56 Quantity: 1
- FNSKU: X002A05YW5 Quantity: 1
 For more information about the disposal order process, see Remove inventory from a fulfilment centre .
 To monitor your unfulfillable inventory, see the Manage FBA Inventory for total unsellable quantities or the Recommended Removal report for unsellable and aged inventory details.
 The Fulfilment by Amazon Team
 Report an issue with this email
 If you have any questions visit: Seller Central
 To change your email preferen",2026-05-10 22:37:38,RETR,xtbBpQo4HmnsQkq+aQAA3T
货件/库存类,older,account_4,weihaizhongxin2024@126.com,"Sat, 25 Apr 2026 03:35:07 +0000",Fulfilment by Amazon <donotreply@amazon.com>,Create FBA removal order by 2026-05-07,,"96
Automated removals of unfulfillable inventory
 Required removals: First notification
 Required removals: First notification
 Hello,
Your FBA inventory listed below became unsellable in the past seven days. You must create a removal order by 2026-05-07 or these items will be disposed of. Removal fees will apply. Review the affected items and next steps below.
Unsellable products:
- FNSKU: B0DRCF83VZ Quantity: 1
 Why is this happening?
This action is required because these items are no longer in sellable condition in our fulfilment centres. According to our FBA Required Removals policy, all unsuitable units must be removed within 14 days of notification. To learn more, go to our FBA Required Removals policy .
We leveraged a combination of automated means to identify this issue and make this decision.
 How do I address this?
Follow these steps to manage your unsellable inventory:
- Check your complete list and quantity of unsellable items in the Manage FBA inventory .
- Create a removal order (removal fees apply) by following the instructions in Remove inventory overview .
 To avoid future manual inventory removal orders, set up Automated Unfulfillable Removals function in your FBA",2026-05-10 22:37:38,RETR,xtbBsw8+JGnsNm8B3wAA3k
货件/库存类,older,account_4,weihaizhongxin2024@126.com,"Sat, 18 Apr 2026 04:00:50 +0000",Fulfilment by Amazon <donotreply@amazon.com>,Create FBA removal order by 2026-04-30,,"96
Automated removals of unfulfillable inventory
 Required removals: First notification
 Required removals: First notification
 Hello,
Your FBA inventory listed below became unsellable in the past seven days. You must create a removal order by 2026-04-30 or these items will be disposed of. Removal fees will apply. Review the affected items and next steps below.
Unsellable products:
- FNSKU: X0025OEJ4F Quantity: 1
- FNSKU: X002A05YW5 Quantity: 2
 Why is this happening?
This action is required because these items are no longer in sellable condition in our fulfilment centres. According to our FBA Required Removals policy, all unsuitable units must be removed within 14 days of notification. To learn more, go to our FBA Required Removals policy .
We leveraged a combination of automated means to identify this issue and make this decision.
 How do I address this?
Follow these steps to manage your unsellable inventory:
- Check your complete list and quantity of unsellable items in the Manage FBA inventory .
- Create a removal order (removal fees apply) by following the instructions in Remove inventory overview .
 To avoid future manual inventory removal orders, set up Automated Unfulfillab",2026-05-10 22:37:21,RETR,xtbBshbQtmnjAfYLmQAA3t
货件/库存类,older,account_4,weihaizhongxin2024@126.com,"Sat, 18 Apr 2026 03:30:46 +0000",Fulfilment by Amazon <donotreply@amazon.com>,Disposal order created for unsellable FBA inventory,,"96
Automated Removals of Unfulfillable Inventory
 Final notice: Disposal order for your unfulfillable FBA inventory
 Final notice: Disposal order for your unfulfillable FBA inventory
 Hello,
You have unfulfillable inventory that has been in a fulfilment centre for more than 14 days. We have created a disposal order for these items.
 Why is this happening?
This action is required because these unfulfillable items have remained in our fulfilment centres for more than 14 days after notification. According to our FBA Required Removals policy, cancelling a required removal order is not permitted. To learn more, visit our FBA Required Removals policy .
 Removal order ID:
- 8O0kSGupQP
 Unsellable Products:
- FNSKU: X002A05YW5 Quantity: 1
 For more information about the disposal order process, see Remove inventory from a fulfilment centre .
 To monitor your unfulfillable inventory, see the Manage FBA Inventory for total unsellable quantities or the Recommended Removal report for unsellable and aged inventory details.
 The Fulfilment by Amazon Team
 Report an issue with this email
 If you have any questions visit: Seller Central
 To change your email preferences visit: Notification Preferen",2026-05-10 22:37:20,RETR,xtbBsgkM8Wni+unbCwAA3O
货件/库存类,older,account_4,weihaizhongxin2024@126.com,"Tue, 14 Apr 2026 18:58:06 +0000",Fulfilment by Amazon <donotreply@amazon.com>,Create FBA removal order by 2026-04-23,,"96
Automated removals of unfulfillable inventory
 Required removals: First notification
 Required removals: First notification
 Hello,
Your FBA inventory listed below became unsellable in the past seven days. You must create a removal order by 2026-04-23 or these items will be disposed of. Removal fees will apply. Review the affected items and next steps below.
Unsellable products:
- FNSKU: B0DRCC2H56 Quantity: 1
 Why is this happening?
This action is required because these items are no longer in sellable condition in our fulfilment centres. According to our FBA Required Removals policy, all unsuitable units must be removed within 14 days of notification. To learn more, go to our FBA Required Removals policy .
We leveraged a combination of automated means to identify this issue and make this decision.
 How do I address this?
Follow these steps to manage your unsellable inventory:
- Check your complete list and quantity of unsellable items in the Manage FBA inventory .
- Create a removal order (removal fees apply) by following the instructions in Remove inventory overview .
 To avoid future manual inventory removal orders, set up Automated Unfulfillable Removals function in your FBA",2026-05-10 22:37:13,RETR,xtbBpALFq2nejkKPuQAA3F
货件/库存类,older,account_4,weihaizhongxin2024@126.com,"Tue, 14 Apr 2026 18:27:29 +0000",Fulfilment by Amazon <donotreply@amazon.com>,Disposal order created for unsellable FBA inventory,,"96
Automated Removals of Unfulfillable Inventory
 Final notice: Disposal order for your unfulfillable FBA inventory
 Final notice: Disposal order for your unfulfillable FBA inventory
 Hello,
You have unfulfillable inventory that has been in a fulfilment centre for more than 14 days. We have created a disposal order for these items.
 Why is this happening?
This action is required because these unfulfillable items have remained in our fulfilment centres for more than 14 days after notification. According to our FBA Required Removals policy, cancelling a required removal order is not permitted. To learn more, visit our FBA Required Removals policy .
 Removal order ID:
- G0pQwXa92J
 Unsellable Products:
- FNSKU: X002A05YW5 Quantity: 1
 For more information about the disposal order process, see Remove inventory from a fulfilment centre .
 To monitor your unfulfillable inventory, see the Manage FBA Inventory for total unsellable quantities or the Recommended Removal report for unsellable and aged inventory details.
 The Fulfilment by Amazon Team
 Report an issue with this email
 If you have any questions visit: Seller Central
 To change your email preferences visit: Notification Preferen",2026-05-10 22:37:13,RETR,xtbBpBT43mnehxRUoQAA3H
其他风险类,older,account_4,weihaizhongxin2024@126.com,"Fri, 1 May 2026 00:16:37 +0000","""Amazon.com"" <donotreply@amazon.com>",View your US Q2-2026 CSBA fee rate,,"96
 (Important) CSBA US Fee rate for Q2-2026
 Review your updated Customer Service by Amazon fee rate and metrics
 Hello,
 This is your quarterly update regarding Customer Service by Amazon (CSBA) fees.
 Your CSBA fee rate for Q2-2026 (Apr 1, 2026 through Jun 30, 2026) will be based on your performance metrics from Q1-2026 (Jan 1, 2026 through Mar 25, 2026). To learn more about program fees, go to Customer Service by Amazon fees .
 Fee tier & rate
 Q1-2026 contacts
 0
 Q1-2026 self-fulfilled shipped units
 0
 Q1-2026 contacts per unit (CPU¹)
 N/A%
 Q2-2026 fee rate² ($ per self-fulfilled shipped unit)
 $0.00
 ¹ Contacts per unit (CPU) = CSBA contacts / self-fulfilled shipped units
 ² Your fee rate for the previous quarter was $0.00.
 CSBA Insights Dashboard
 Get the most out of Customer Service by Amazon
 Use the CSBA Insights dashboard in Seller Central to:
- Review customer service contacts handled by Amazon
- Find ways to improve customer experience
- Reduce contact and return rates
 Follow these practices to prevent customer confusion and minimize your workload:
- Monitor the Response Needed inbox within the Buyer-Seller Messaging Service . In the rare case that we need your he",2026-05-10 22:37:50,RETR,xtbBsgfMsmnz8OewNAAA3C
其他风险类,older,account_4,weihaizhongxin2024@126.com,"Tue, 28 Apr 2026 18:05:15 +0000",亚马逊开店服务 <donotreply@amazon.com>,提交商品合规文件，以避免商品被移除,,"96
 提交商品合规文件，以避免商品被移除
 尊敬的 Weihai EU：
您好！
 由于缺少安全数据表，您的商品有被移除的风险。请在 2026-07-27之前提交所需文件，以继续销售这些商品。您可以在此电子邮件的底部找到您的存在风险的商品示例。
 为什么会发生这种情况？
 我们之所以采取此措施，是因为我们在您的目录中发现了需要安全数据表 (SDS) 的危险品。这些文件是法律要求的，提供有关化学品的重要安全信息，包括妥善处理、储存和应急程序。这有助于确保买家、员工及处理这些商品的每一个人的安全。
 为了确定该问题，我们同时采用了自动化技术和专家评审，最终做出了这一决定。
 要了解更多信息，请访问我们 有关化学品销售的要求和常见问题 。
 如何继续销售受影响的商品？
 为避免商品被移除并继续销售这些商品，请为每个受影响的商品上传安全数据表 (SDS)。点击下方的“查看合规要求”按钮，查看所有受影响的商品。
 查看合规性要求
 哪些商品会受到影响？
 原因
 存在风险的销售
 Roaxkois Keramik Bemalen Set - Kreatives Keramik Bastelset mit...
 ASIN: B0G6XCTGJC
 SKU: WH-DE-BZ-1214-01
 HazardousGoods
 2153.13
 如果存在错误？
 如果您确信无需为自己的商品提交文件：
- 点击“查看合规性要求”。
- 点击商品旁边的“提交”。
- 点击“申诉要求”，然后按照提供的说明操作。
 如果未提交要求的文件，会怎么样？
 如果您未在 2026-07-27之前提交所需的安全数据表 (SDS)，则受影响的商品将从所有亚马逊商城中移除。除非您提供所需文件，否则您无法在亚马逊上销售这些商品。
 我们愿意随时为您提供帮助。
 如果您对此政策有任何疑问，请联系 销售伙伴支持 。
 谢谢！
 亚马逊开店服务
 报告此电子邮件的问题
 如果您有任何问题，请访问: Seller Central
 要更改您的电子邮件首选项，请访问： 通知首选项
 2026 Amazon.com 旗下公司 保留所有权利
 Amazon EU S.à r.l.
38 avenue John F. Kennedy,
L-1855 Luxembourg,
注册于卢森堡，
注册编号 B-101818，
股本 165.833 欧元，
营业执照编号： 134248，
卢森堡增值税注册编号 LU 20260743。
 SPC-EUAmazon-1899957743924552",2026-05-10 22:37:43,RETR,xtbBpR+LcWnw9t9yfwAA39
其他风险类,older,account_4,weihaizhongxin2024@126.com,"Sat, 18 Apr 2026 11:41:39 +0800 (GMT+08:00)",GTTC国际业务部玩具组 <gttctoy@cngttc.cn>,AMAZON DV TIC TRF ID--Top urgently,,"Dear Vendor,        Some of your TR numbers on Amazon have been pending in our backend for a long time without timely processing. We plan to automatically clear all unresponded TR numbers in our system two days later.
If you have any TR numbers that require sample submission for testing, please reply to this email and send us the corresponding TR numbers within two days, and contact our relevant customer service within one week to arrange sample submission.
 For orders tested at third-party cooperative institutions, please promptly contact the person in charge of your institution and ask them to send the relevant TR numbers to us as soon as possible for registration and processing.   If need, pls Contact us @ below : 1.Mr.Zhang (张豪林） Mobile: +86 17363401067 Wechat code:
2. Lisa Li (李桂珍) Mobile: +86 13760771124 phone No: 020-6634 8679 Email: lisalee@gttc.net.cn Best Regards, Apollo Luo罗武波 Mobile: +86 13580360968 Phone: 020-6634 8593 Email: apolloluo@gttc.net.cn",2026-05-10 22:37:21,RETR,xtbBpRiwlmni-XjhxgAA3y
其他风险类,older,account_4,weihaizhongxin2024@126.com,"Fri, 17 Apr 2026 02:18:44 +0000","""fba-3p-buyability-improvement-ca@amazon.com"" <fba-3p-buyability-improvement-ca@amazon.com>",[Action Required] – Update Inventory -FBA,,"Dear Seller,
This is an email regarding FBA Offers for your Amazon Seller account. We are contacting you to let you know that you could be missing out on sales opportunities because of low/missing inventory for your ASIN offers in the attached sheet.
We recommend that you inbound additional inventory for your products immediately. To view the recommended replenishment quantity for these ASINs, go to “Restock inventory”:
https://sellercentral.amazon.ca/restockinventory/recommendations
Here is a sample of your high selling FBA ASINs, which are considered low in stock at the moment:
B0DMFL5X12
You can download the full list of your ASIN at risk of out of stock at the following link:  https://www.sellercentral.amazon.ca/reportcentral/RestockReport/1
For more information about Restock tool, you can visit this help page - https://sellercentral.amazon.ca/gp/help/G201634550
If you need further help, please raise a case via contact us. - https://sellercentral.amazon.ca/cu/contact-us?ref=xx_ContactUs_xxxx_helphub
If you are not the correct point of contact, please re-direct this report to the correct point of contact.
If you wish to unsubscribe please REPLY ALL with the subject line ‘Unsubsc",2026-05-10 22:37:17,RETR,xtbBpAgbAWnhmIiUfAAA3G
