category,time_bucket,account,account_user,date,from,subject,hit_keywords,body_preview,detected_at,fetch_mode,uid
店铺绩效类,today,account_4,weihaizhongxin2024@126.com,"Mon, 17 Aug 2026 04:53:18 +0000","""Fulfillment by Amazon (Do not reply)"" <donotreply@amazon.com>",FBA reimbursement notification,,"96
FBA reimbursement notification
 You have a reimbursement activity
 Hello from Fulfilment by Amazon,
We have initiated a reimbursement, a reimbursement reversal, or both due to recent activity on your selling account. No action is required from you.
Reimbursements can be initiated for an issue that you notified us about or one that we identified at a fulfilment centre. A reimbursement reversal occurs when a reimbursement decision has been reviewed and changed. Reimbursement amounts are determined in accordance with the FBA inventory reimbursement policy ( https://sellercentral.amazon.co.uk/gp/help/external/200213130 ).
Please note that it may take up to five business days for reimbursement transactions to appear in your seller account.
You can find details on your reimbursement or reversal transaction in the Reimbursements report ( https://sellercentral.amazon.co.uk/reportcentral/REIMBURSEMENTS/0 ) in Seller Central:
- In the Event Date drop-down menu, select a date range and click Generate report . You can use the date in the subject line of this email as a point of reference.
- To identify inventory reimbursements and reversals, see the Quantity reimbursed [inventory] column.
-",2026-08-17 13:39:08,RETR,xtbBsgJQNmqCk8IQiQAA32
法务/侵权类,today,account_4,weihaizhongxin2024@126.com,"Mon, 17 Aug 2026 00:28:18 +0000",Amazon Europe <no-reply@sell.amazon.com>,通过 Q4 活动拓展您的业务 — 尽早提报，节省费用,,"最大化您的 Q4 业绩
尊敬的卖家，
为 Q4 活动做好准备 — 为数百万消费者打造不容错过的优惠！今年，Prime 会员大促（PBDD）将与去年同期回归，随后是黑色星期五活动周（BFW）。通过尽早提交促销并确保充足库存，助力您的业务增长。
早鸟折扣：如果您在截止日期前提报促销 — 黑色星期五活动周截止 9 月 5 日 — 您将获得每笔固定预付费的折扣：UK: £4, DE: €5, FR/IT/ES: €3。
关键日期
Prime 会员大促
活动日期： 与去年同期
提报截止日期 ：促销 – 2026 年 9 月 23 日，价格折扣 – 活动结束前 12 小时
入库截止日期：EU – 9 月 9 日，UK – 2026 年 9 月 18 日
黑色星期五活动周
活动日期：2026 年 11 月 19–30 日
提报截止日期 ：促销 – 2026 年 11 月 18 日，价格折扣 – 活动结束前 12 小时
入库截止日期：EU – 10 月 21 日，UK – 2026 年 10 月 30 日
提报您的促销 > https://go.amazonsellerservices.com/e/229492/reate-ld-DC-EM-D506286903-Wk33/7z57nq4/6833682036/h/EwqOpQDRvyzkesi0h5nPpxusBKgPYvfx-x83USAM_lc
<table align=""center"" border=""0"" cellpadding=""0"" cellspacing=""0"" class=""section"" role=""presentation"" style=""width:100%;"">
	<tbody>
		<tr>
			<td align=""center"">
			<div role=""none"">
<!--[if(mso)|(IE)]>
<table align=""center"" border=""0"" cellpadding=""0"" cellspacing=""0"" class=""block-grid-outlook"" style=""width:600px;"" width=""600"" >
<tr>
<td style=""line-height:0px;font-size:0px;mso-line-height-rule:exactly;""><![endif]-->
			<div style=""margin:0 auto;border-radius:0px;max-width:600px;"">
			<table align=""center"" border=""0"" cellpadding=""0"" cellspacing=""0"" role=""presentation"" style=""width:100%;border-",2026-08-17 13:39:06,RETR,xtbBsgW5n2qCVaWBpAAA3s
店铺绩效类,last7,account_4,weihaizhongxin2024@126.com,"Sun, 16 Aug 2026 04:55:15 +0000","""Fulfillment by Amazon (Do not reply)"" <donotreply@amazon.com>",FBA reimbursement notification,,"96
FBA reimbursement notification
 You have a reimbursement activity
 Hello from Fulfilment by Amazon,
We have initiated a reimbursement, a reimbursement reversal, or both due to recent activity on your selling account. No action is required from you.
Reimbursements can be initiated for an issue that you notified us about or one that we identified at a fulfilment centre. A reimbursement reversal occurs when a reimbursement decision has been reviewed and changed. Reimbursement amounts are determined in accordance with the FBA inventory reimbursement policy ( https://sellercentral.amazon.co.uk/gp/help/external/200213130 ).
Please note that it may take up to five business days for reimbursement transactions to appear in your seller account.
You can find details on your reimbursement or reversal transaction in the Reimbursements report ( https://sellercentral.amazon.co.uk/reportcentral/REIMBURSEMENTS/0 ) in Seller Central:
- In the Event Date drop-down menu, select a date range and click Generate report . You can use the date in the subject line of this email as a point of reference.
- To identify inventory reimbursements and reversals, see the Quantity reimbursed [inventory] column.
-",2026-08-17 13:39:06,RETR,xtbBsxa4nmqBQrbuHwAA3t
店铺绩效类,last7,account_4,weihaizhongxin2024@126.com,"Sun, 16 Aug 2026 02:33:51 +0000","""Amazon.com"" <fba-noreply@amazon.com>",Your FBA request is complete (TGTg3P+M9T),,"Greetings from Amazon.com
We thought you'd like to know that we have completed your destroy request.
Disposal Summary:
Quantity Requested: 1
Quantity Successfully Destroyed: 1
Quantity Cancelled: 0
You can track the status of this request by visiting your Seller Account at:
https://sellercentral.amazon.com/
For a complete list of inventory being destroyed, go to:
https://sellercentral.amazon.com/gp/orders/fba-order-details.html?orderID=S01-5234497-1039427
Please note: this email was sent from a notification-only address that
cannot accept incoming e-mail. Please do not reply to this message.
Thank you for using Fulfillment by Amazon.
--------------------------------------------------------------------------
Fulfillment by Amazon, professional packing, shipping and servicing of
online orders.
--------------------------------------------------------------------------
Was this email helpful?
 https://sellercentral.amazon.com/gp/satisfaction/survey-form.html?ie=UTF8&HMDName=NotificationBusEmailHMD&customAttribute1Value=PRODUCT_REMOVAL_ORDER_SHIPPED_NOW
SPC-USAmazon-211108477828160",2026-08-17 13:39:05,RETR,xtbBshR4XmqBIdTe7wAA3v
店铺绩效类,last7,account_4,weihaizhongxin2024@126.com,"Sat, 15 Aug 2026 09:36:41 +0000","""Fulfillment by Amazon (Do not reply)"" <donotreply@amazon.com>",FBA reimbursement notification,,"96
FBA reimbursement notification
 You have a reimbursement activity
 Hello from Fulfillment by Amazon,
We have initiated a reimbursement, a reimbursement reversal, or both due to recent activity on your selling account. No action is required from you.
Reimbursements can be initiated for an issue that you notified us about or one that we identified at a fulfillment center. A reimbursement reversal occurs when a reimbursement decision has been reviewed and changed. Reimbursement amounts are determined in accordance with the FBA inventory reimbursement policy ( https://sellercentral.amazon.com/gp/help/external/200213130 ).
Please note that it may take up to five business days for reimbursement transactions to appear in your seller account.
You can find details on your reimbursement or reversal transaction in the Reimbursements report ( https://sellercentral.amazon.com/reportcentral/REIMBURSEMENTS/0 ) in Seller Central:
- In the Event Date drop-down menu, select a date range and click Generate report . You can use the date in the subject line of this email as a point of reference.
- To identify inventory reimbursements and reversals, see the Quantity reimbursed [inventory] column.
- T",2026-08-17 13:39:03,RETR,xtbBsw6SeGqAMy5LMgAA3Z
店铺绩效类,last7,account_4,weihaizhongxin2024@126.com,"Sat, 15 Aug 2026 04:42:49 +0000","""Fulfillment by Amazon (Do not reply)"" <donotreply@amazon.com>",FBA reimbursement notification,,"96
FBA reimbursement notification
 You have a reimbursement activity
 Hello from Fulfilment by Amazon,
We have initiated a reimbursement, a reimbursement reversal, or both due to recent activity on your selling account. No action is required from you.
Reimbursements can be initiated for an issue that you notified us about or one that we identified at a fulfilment centre. A reimbursement reversal occurs when a reimbursement decision has been reviewed and changed. Reimbursement amounts are determined in accordance with the FBA inventory reimbursement policy ( https://sellercentral.amazon.co.uk/gp/help/external/200213130 ).
Please note that it may take up to five business days for reimbursement transactions to appear in your seller account.
You can find details on your reimbursement or reversal transaction in the Reimbursements report ( https://sellercentral.amazon.co.uk/reportcentral/REIMBURSEMENTS/0 ) in Seller Central:
- In the Event Date drop-down menu, select a date range and click Generate report . You can use the date in the subject line of this email as a point of reference.
- To identify inventory reimbursements and reversals, see the Quantity reimbursed [inventory] column.
-",2026-08-17 13:39:03,RETR,xtbBpAxJL2p-7kzThwAA3t
店铺绩效类,last7,account_4,weihaizhongxin2024@126.com,"Sat, 15 Aug 2026 01:29:59 +0000",Fulfillment by Amazon Operations <fba-noreply@amazon.com>,Automated unfulfillable FBA inventory removal notification,,"96
 Hello Weihai US,
The following automated unfulfillable FBA removal orders have been created based on your automated settings.
 Removal order ID TGTg3P+M9T
 You can view the removals on Removal Order Details in your seller account by using the Search tool.
The next removal order will be created as scheduled on August 15, 2026 in accordance with your settings if you have unfulfillable inventory at that time.
To make changes to the shipping address, frequency of your automated unfulfillable removals, or other settings, go to Automated unfulfillable removal settings in your seller account.
 Thank you.
The Fulfillment by Amazon team
Please note: This email was sent from a notification-only address that cannot accept incoming email. Please do not reply to this email.
 Report an issue with this email
 If you have any questions visit: Seller Central
 To change your email preferences visit: Notification Preferences
 Copyright 2026 Amazon, Inc, or its affiliates. All rights reserved.
 Amazon.com, 410 Terry Avenue North, Seattle, WA 98109-5210
 SPC-USAmazon-422214705607011",2026-08-17 13:39:02,RETR,xtbBshnw1mp-wRnKRgAA3M
店铺绩效类,last7,account_4,weihaizhongxin2024@126.com,"Thu, 13 Aug 2026 04:59:33 +0000","""Fulfillment by Amazon (Do not reply)"" <donotreply@amazon.com>",FBA reimbursement notification,,"96
FBA reimbursement notification
 You have a reimbursement activity
 Hello from Fulfilment by Amazon,
We have initiated a reimbursement, a reimbursement reversal, or both due to recent activity on your selling account. No action is required from you.
Reimbursements can be initiated for an issue that you notified us about or one that we identified at a fulfilment centre. A reimbursement reversal occurs when a reimbursement decision has been reviewed and changed. Reimbursement amounts are determined in accordance with the FBA inventory reimbursement policy ( https://sellercentral.amazon.co.uk/gp/help/external/200213130 ).
Please note that it may take up to five business days for reimbursement transactions to appear in your seller account.
You can find details on your reimbursement or reversal transaction in the Reimbursements report ( https://sellercentral.amazon.co.uk/reportcentral/REIMBURSEMENTS/0 ) in Seller Central:
- In the Event Date drop-down menu, select a date range and click Generate report . You can use the date in the subject line of this email as a point of reference.
- To identify inventory reimbursements and reversals, see the Quantity reimbursed [inventory] column.
-",2026-08-17 13:38:55,RETR,xtbBsxrbwWp9TzrjagAA3Y
店铺绩效类,last7,account_4,weihaizhongxin2024@126.com,"Wed, 12 Aug 2026 12:15:45 +0000","""Amazon.com"" <fba-noreply@amazon.com>",Your FBA request is complete (tynmf1KRa8),,"Greetings from Amazon.com
We thought you'd like to know that we have completed your destroy request.
You can track the status of this request by visiting your Seller Account at:
https://sellercentral-europe.amazon.com/
For a complete list of inventory being destroyed, go to:
https://sellercentral-europe.amazon.com/gp/orders/fba-order-details.html?orderID=S02-0080378-8359167
Please note: this email was sent from a notification-only address that
cannot accept incoming e-mail. Please do not reply to this message.
Thank you for using Fulfillment by Amazon.
------------------------------------------------------------------------------
Fulfilment by Amazon – let Amazon pick, pack and ship your orders domestically
and EU wide.
------------------------------------------------------------------------------
Was this e-mail helpful? https://sellercentral.amazon.co.uk/gp/satisfaction/survey-form.html?ie=UTF8&HMDName=NotificationBusEmailHMD&customAttribute1Value=PRODUCT_REMOVAL_ORDER_SHIPPED_NOW
SPC-EUAmazon-1196270331805994",2026-08-17 13:38:52,RETR,xtbBpRXPtWp8Y-XwswAA3J
店铺绩效类,last7,account_4,weihaizhongxin2024@126.com,"Wed, 12 Aug 2026 05:20:43 +0000","""Fulfillment by Amazon (Do not reply)"" <donotreply@amazon.com>",FBA reimbursement notification,,"96
FBA reimbursement notification
 You have a reimbursement activity
 Hello from Fulfilment by Amazon,
We have initiated a reimbursement, a reimbursement reversal, or both due to recent activity on your selling account. No action is required from you.
Reimbursements can be initiated for an issue that you notified us about or one that we identified at a fulfilment centre. A reimbursement reversal occurs when a reimbursement decision has been reviewed and changed. Reimbursement amounts are determined in accordance with the FBA inventory reimbursement policy ( https://sellercentral.amazon.co.uk/gp/help/external/200213130 ).
Please note that it may take up to five business days for reimbursement transactions to appear in your seller account.
You can find details on your reimbursement or reversal transaction in the Reimbursements report ( https://sellercentral.amazon.co.uk/reportcentral/REIMBURSEMENTS/0 ) in Seller Central:
- In the Event Date drop-down menu, select a date range and click Generate report . You can use the date in the subject line of this email as a point of reference.
- To identify inventory reimbursements and reversals, see the Quantity reimbursed [inventory] column.
-",2026-08-17 13:38:52,RETR,xtbBpQ5lS2p8Aq4O1AAA3l
店铺绩效类,last7,account_4,weihaizhongxin2024@126.com,"Tue, 11 Aug 2026 05:46:43 +0000","""Amazon.com"" <fba-noreply@amazon.com>",Your FBA request is complete (m4n18h8HiD),,"Greetings from Amazon.com
We thought you'd like to know that we have completed your destroy request.
Disposal Summary:
Quantity Requested: 1
Quantity Successfully Destroyed: 1
Quantity Cancelled: 0
You can track the status of this request by visiting your Seller Account at:
https://sellercentral.amazon.com/
For a complete list of inventory being destroyed, go to:
https://sellercentral.amazon.com/gp/orders/fba-order-details.html?orderID=S01-0952757-7435615
Please note: this email was sent from a notification-only address that
cannot accept incoming e-mail. Please do not reply to this message.
Thank you for using Fulfillment by Amazon.
--------------------------------------------------------------------------
Fulfillment by Amazon, professional packing, shipping and servicing of
online orders.
--------------------------------------------------------------------------
Was this email helpful?
 https://sellercentral.amazon.com/gp/satisfaction/survey-form.html?ie=UTF8&HMDName=NotificationBusEmailHMD&customAttribute1Value=PRODUCT_REMOVAL_ORDER_SHIPPED_NOW
SPC-USAmazon-70370984290263",2026-08-17 13:38:44,RETR,xtbBpQY4Hmp6t0b9aQAA3w
店铺绩效类,last7,account_4,weihaizhongxin2024@126.com,"Tue, 11 Aug 2026 05:00:42 +0000","""Fulfillment by Amazon (Do not reply)"" <donotreply@amazon.com>",FBA reimbursement notification,,"96
FBA reimbursement notification
 You have a reimbursement activity
 Hello from Fulfilment by Amazon,
We have initiated a reimbursement, a reimbursement reversal, or both due to recent activity on your selling account. No action is required from you.
Reimbursements can be initiated for an issue that you notified us about or one that we identified at a fulfilment centre. A reimbursement reversal occurs when a reimbursement decision has been reviewed and changed. Reimbursement amounts are determined in accordance with the FBA inventory reimbursement policy ( https://sellercentral.amazon.co.uk/gp/help/external/200213130 ).
Please note that it may take up to five business days for reimbursement transactions to appear in your seller account.
You can find details on your reimbursement or reversal transaction in the Reimbursements report ( https://sellercentral.amazon.co.uk/reportcentral/REIMBURSEMENTS/0 ) in Seller Central:
- In the Event Date drop-down menu, select a date range and click Generate report . You can use the date in the subject line of this email as a point of reference.
- To identify inventory reimbursements and reversals, see the Quantity reimbursed [inventory] column.
-",2026-08-17 13:38:44,RETR,xtbBsh6DaWp6rH66pwAA3Z
付款/资金类,last7,account_4,weihaizhongxin2024@126.com,"Sat, 15 Aug 2026 13:39:43 +0000",Amazon Services <donotreply@amazon.com>,Your payment is on the way,,"96
This title will display on mobile devices
 Congratulations! Your payment is on the way and will arrive soon.
 Disbursement Attempted
Congratulations Weihai EU! Your payment is on the way and will arrive within three to five days.
On 08/15/26 13:39 CEST, we initiated a transfer to your payment method (bank account ending in 229) in the amount of €
 645.37.
 If the amount is less than expected, here are a few questions to consider:
 Do you have an unavailable balance? Amazon might be reserving money to cover potential returns, claims, or chargebacks from buyers. If this is the case, the closing balance in your Payment Report will display the unavailable balance that is reserved.
 Did your sales cover all fees and returns for this statement period? The payment amount reflects sales activities, selling fees, and fees for promotions or services. We recommend reviewing your Payment Report under the Reports tab in Seller Central to understand your closing balance.
To learn more about Payment Reports in Seller Central, please visit our official course.
We wish you continued success!
Thank you for selling in the Amazon store,
Amazon Services
Help us improve your payment experience on Ama",2026-08-17 13:39:05,RETR,xtbBswLdw2qAbCI2iQAA30
付款/资金类,last7,account_4,weihaizhongxin2024@126.com,"Sat, 15 Aug 2026 13:38:59 +0000",Amazon Services <donotreply@amazon.com>,Tu pago está en camino,,"96
This title will display on mobile devices
 ¡Enhorabuena! El pago está de camino y llegará pronto.
 El pago está en camino
Enhorabuena, Weihai EU. Tu pago está en camino y te llegará en un plazo de tres a cinco días.
El 08/15/26 13:38 WEST, iniciamos una transferencia a tu método de pago (cuenta bancaria terminado en 229) por un importe de €
 353,79.
 Si el importe es inferior a lo esperado, ten en cuenta las siguientes preguntas:
 ¿Tienes saldo no disponible en tu cuenta de vendedor? Puede que hayamos reservado algo de dinero para posibles devoluciones, reclamaciones o reversiones de cargo de clientes. En este caso, el saldo de cierre de tu informe de pagos te mostrará el saldo no disponible en reserva.
 ¿Cubren tus ventas las tarifas de Amazon y las devoluciones del periodo de liquidación? El importe del pago refleja las ventas que has hecho y las tarifas de venta aplicadas tanto a dichas ventas como a cualquier promoción o servicio que hayas utilizado. Te recomendamos que revises tu informe de pagos en ""Informes"" de Seller Central para conocer el saldo de cierre.
Para más información sobre los informes de pagos en Seller Central, visita nuestro curso oficial.
Te deseamos un éx",2026-08-17 13:39:04,RETR,xtbBshfSuGqAa-cFtgAA3K
付款/资金类,last7,account_4,weihaizhongxin2024@126.com,"Fri, 14 Aug 2026 10:11:50 +0000",Amazon Services <donotreply@amazon.com>,Tu pago está en camino,,"96
This title will display on mobile devices
 ¡Enhorabuena! El pago está de camino y llegará pronto.
 El pago está en camino
Enhorabuena, Weihai EU. Tu pago está en camino y te llegará en un plazo de tres a cinco días.
El 08/14/26 10:11 WEST, iniciamos una transferencia a tu método de pago (cuenta bancaria terminado en 229) por un importe de €
 504,77.
 Si el importe es inferior a lo esperado, ten en cuenta las siguientes preguntas:
 ¿Tienes saldo no disponible en tu cuenta de vendedor? Puede que hayamos reservado algo de dinero para posibles devoluciones, reclamaciones o reversiones de cargo de clientes. En este caso, el saldo de cierre de tu informe de pagos te mostrará el saldo no disponible en reserva.
 ¿Cubren tus ventas las tarifas de Amazon y las devoluciones del periodo de liquidación? El importe del pago refleja las ventas que has hecho y las tarifas de venta aplicadas tanto a dichas ventas como a cualquier promoción o servicio que hayas utilizado. Te recomendamos que revises tu informe de pagos en ""Informes"" de Seller Central para conocer el saldo de cierre.
Para más información sobre los informes de pagos en Seller Central, visita nuestro curso oficial.
Te deseamos un éx",2026-08-17 13:39:01,RETR,xtbBpAnu1Gp+6ekCwwAA3C
付款/资金类,last7,account_4,weihaizhongxin2024@126.com,"Fri, 14 Aug 2026 10:11:23 +0000",Amazon Services <donotreply@amazon.com>,Your payment is on the way,,"96
This title will display on mobile devices
 Congratulations! Your payment is on the way and will arrive soon.
 Disbursement Attempted
Congratulations Weihai EU! Your payment is on the way and will arrive within three to five days.
On 08/14/26 10:11 CEST, we initiated a transfer to your payment method (bank account ending in 229) in the amount of €
 628.85.
 If the amount is less than expected, here are a few questions to consider:
 Do you have an unavailable balance? Amazon might be reserving money to cover potential returns, claims, or chargebacks from buyers. If this is the case, the closing balance in your Payment Report will display the unavailable balance that is reserved.
 Did your sales cover all fees and returns for this statement period? The payment amount reflects sales activities, selling fees, and fees for promotions or services. We recommend reviewing your Payment Report under the Reports tab in Seller Central to understand your closing balance.
To learn more about Payment Reports in Seller Central, please visit our official course.
We wish you continued success!
Thank you for selling in the Amazon store,
Amazon Services
Help us improve your payment experience on Ama",2026-08-17 13:39:01,RETR,xtbBsg-nzWp+6c8QoQAA3U
付款/资金类,last7,account_4,weihaizhongxin2024@126.com,"Fri, 14 Aug 2026 07:03:07 +0000",Amazon Services Europe <donotreply@amazon.com>,您的亚马逊卖家账户支付的余额,,"96
您的亚马逊卖家账户支付的余额
 您好！
 为了尝试结算您的卖家账户余额，我们已从您在亚马逊账户中登记的3.82 EUR收取了 credit card。
 请注意，实际收取金额可能低于应付总余额。如果未收到全额付款，我们可能会继续收取额外费用，最多每 24 小时一次，直到剩余余额全部付清为止。
 任何时候，如要支付应付余额，请前往您的 付款控制面板 ，转到 对账单视图 ，并点击 重新支付余额 。
 要查看您的付款活动，请前往 付款控制面板 。
 有关详细信息，请参阅 付款 。
 感谢您在亚马逊开店。
 Amazon Services Europe
 Amazon Payments Europe SCA (société en commandite par actions), partnership limited by shares, is a company registered in Luxembourg, Registration Number (RCS Luxembourg) B 153 265, with its corporate office at 38 avenue John F. Kennedy, L-1855 Luxembourg. VAT Number LU 24448288. Amazon Payments Europe SCA is authorised by the Commission de Surveillance du Secteur Financier as an Electronic Money Issuer (licence number 36/10).
 报告此电子邮件的问题
 如果您有任何问题，请访问: Seller Central
 要更改您的电子邮件首选项，请访问： 通知首选项
 2026 Amazon.com 旗下公司 保留所有权利
 Amazon EU S.à r.l.
38 avenue John F. Kennedy,
L-1855 Luxembourg,
注册于卢森堡，
注册编号 B-101818，
股本 165.833 欧元，
营业执照编号： 134248，
卢森堡增值税注册编号 LU 20260743。
 SPC-EUAmazon-967571915403155",2026-08-17 13:39:00,RETR,xtbBpQ-Uump+va+NSgAA3F
付款/资金类,last7,account_4,weihaizhongxin2024@126.com,"Thu, 13 Aug 2026 13:25:55 +0000",Amazon Accelerate <no-reply@sell.amazon.com>,"Did you catch Mary Beth's message? Early-bird extension ends August
 29",,"[Amazon logo](https://go.amazonsellerservices.com/e/229492/2026-08-07/7z543yq/6828853872/h/09uV_tsw5XUFTzEZF_b-1pdSpEuhEDbCowtX9OlIcwk)
[Partner Connect at Accelerate 2026](https://go.amazonsellerservices.com/e/229492/-medium-email-utm-source-email/7z543yt/6828853872/h/09uV_tsw5XUFTzEZF_b-1pdSpEuhEDbCowtX9OlIcwk)
Where your next year of growth starts
I want to personally invite you to join me at Amazon Accelerate 2026 in Seattle from September 22 to 24.
I recorded a short message to share why this event means so much to me. I hope you’ll watch it.
[Register now](https://go.amazonsellerservices.com/e/229492/-medium-email-utm-source-email/7z543yt/6828853872/h/09uV_tsw5XUFTzEZF_b-1pdSpEuhEDbCowtX9OlIcwk)
[An image showcasing the key elements of a product listing page.](https://go.amazonsellerservices.com/e/229492/watch-v-qBwS3fdidZo/7z543yx/6828853872/h/09uV_tsw5XUFTzEZF_b-1pdSpEuhEDbCowtX9OlIcwk)
[Partner Connect at Accelerate 2026](https://go.amazonsellerservices.com/e/229492/-medium-email-utm-source-email/7z543yt/6828853872/h/09uV_tsw5XUFTzEZF_b-1pdSpEuhEDbCowtX9OlIcwk)
This year, based on your feedback, we’ve expanded nearly every part of the conference. More interactive breakout ",2026-08-17 13:38:57,RETR,xtbBswekimp9xedIRQAA3i
付款/资金类,last7,account_4,weihaizhongxin2024@126.com,"Wed, 12 Aug 2026 15:01:57 +0000",Amazon Services <donotreply@amazon.com>,Tu pago está en camino,,"96
This title will display on mobile devices
 ¡Enhorabuena! El pago está de camino y llegará pronto.
 El pago está en camino
Enhorabuena, Weihai EU. Tu pago está en camino y te llegará en un plazo de tres a cinco días.
El 08/12/26 15:01 WEST, iniciamos una transferencia a tu método de pago (cuenta bancaria terminado en 229) por un importe de €
 786,87.
 Si el importe es inferior a lo esperado, ten en cuenta las siguientes preguntas:
 ¿Tienes saldo no disponible en tu cuenta de vendedor? Puede que hayamos reservado algo de dinero para posibles devoluciones, reclamaciones o reversiones de cargo de clientes. En este caso, el saldo de cierre de tu informe de pagos te mostrará el saldo no disponible en reserva.
 ¿Cubren tus ventas las tarifas de Amazon y las devoluciones del periodo de liquidación? El importe del pago refleja las ventas que has hecho y las tarifas de venta aplicadas tanto a dichas ventas como a cualquier promoción o servicio que hayas utilizado. Te recomendamos que revises tu informe de pagos en ""Informes"" de Seller Central para conocer el saldo de cierre.
Para más información sobre los informes de pagos en Seller Central, visita nuestro curso oficial.
Te deseamos un éx",2026-08-17 13:38:53,RETR,xtbBswiWfGp8iuit+wAA3z
付款/资金类,last7,account_4,weihaizhongxin2024@126.com,"Wed, 12 Aug 2026 15:01:21 +0000",Amazon Services <donotreply@amazon.com>,Your payment is on the way,,"96
This title will display on mobile devices
 Congratulations! Your payment is on the way and will arrive soon.
 Disbursement attempted
Congratulations Weihai CA! Your payment is on the way and will arrive within three to five days.
On 08/12/26 15:00 EDT, we initiated a transfer to your payment method (bank account ending in 151) in the amount of CAD
 261.52.
 If the amount is less than expected, here are a few questions to consider:
 Do you have an unavailable balance? Amazon might be reserving money to cover potential returns, claims or chargebacks from buyers. If this is the case, the closing balance in your Payment Report will display the unavailable balance that is reserved.
 Did your sales cover all fees and returns for this statement period? The payment amount reflects sales activities, selling fees and fees for promotions or services. We recommend reviewing your Payment Report under the Reports tab in Seller Central to understand your closing balance.
To learn more about Payment Reports in Seller Central, please visit our official course.
We wish you continued success!
Thank you for selling in the Amazon Store,
Amazon Services
Help us improve your payment experience on Amaz",2026-08-17 13:38:53,RETR,xtbBsgWNc2p8isXZOAAA3x
付款/资金类,last7,account_4,weihaizhongxin2024@126.com,"Wed, 12 Aug 2026 13:10:07 +0000",Sell with Amazon <no-reply@sell.amazon.com>,Hear from sellers who've been to Accelerate—92.9% of sellers said it was worth it,,"[Amazon logo](https://go.amazonsellerservices.com/e/229492/2026-08-11/7z56gp4/6826508754/h/QiUyqAFaZJ8bybuETp2Zaj1aeQqep5gBwkvyQ1nNdro)
[Partner Connect at Accelerate 2026](https://go.amazonsellerservices.com/e/229492/-medium-email-utm-source-email/7z56gp7/6826508754/h/QiUyqAFaZJ8bybuETp2Zaj1aeQqep5gBwkvyQ1nNdro)
​Sellers share their experience
​​You've heard us talk about Amazon Accelerate. Now hear it from sellers who've actually been there.​​​
In case you missed it, early-bird pricing has been extended through August 29! Save $100 and experience Accelerate 2026 for yourself.
[Register now](https://go.amazonsellerservices.com/e/229492/-medium-email-utm-source-email/7z56gp7/6826508754/h/QiUyqAFaZJ8bybuETp2Zaj1aeQqep5gBwkvyQ1nNdro)
Watch these Accelerate experience videos:
[An image showcasing the key elements of a product listing page.](https://go.amazonsellerservices.com/e/229492/watch-v-UYDBZyysioA/7z56gpb/6826508754/h/QiUyqAFaZJ8bybuETp2Zaj1aeQqep5gBwkvyQ1nNdro)
[An image showcasing the key elements of a product listing page.](https://go.amazonsellerservices.com/e/229492/watch-v-htHY-VVc3mE/7z56gpf/6826508754/h/QiUyqAFaZJ8bybuETp2Zaj1aeQqep5gBwkvyQ1nNdro)
​​​92.9% of 2025 atten",2026-08-17 13:38:53,RETR,xtbBpRIC52p8cLI3QwAA3y
付款/资金类,last7,account_4,weihaizhongxin2024@126.com,"Tue, 11 Aug 2026 12:45:09 +0000",Amazon Accelerate <no-reply@sell.amazon.com>,Mary Beth Westmoreland invites you to Amazon Accelerate 2026,,"[Amazon logo](https://go.amazonsellerservices.com/e/229492/2026-08-07/7z543zx/6824284947/h/IMGEB96CBgyW2DY04pRCmrOMWOWCmWx4Su6ckkT2afE)
[Partner Connect at Accelerate 2026](https://go.amazonsellerservices.com/e/229492/-medium-email-utm-source-email/7z54411/6824284947/h/IMGEB96CBgyW2DY04pRCmrOMWOWCmWx4Su6ckkT2afE)
A personal invitation from Mary Beth
There’s nothing I look forward to more than spending time with the sellers who inspire everything we do. That is why I want to personally invite you to join me at Amazon Accelerate 2026, from September 22 to 24 in Seattle.
I recorded a short message to share why this event means so much to me. I hope you’ll watch it.
[Register now](https://go.amazonsellerservices.com/e/229492/-medium-email-utm-source-email/7z54411/6824284947/h/IMGEB96CBgyW2DY04pRCmrOMWOWCmWx4Su6ckkT2afE)
[An image showcasing the key elements of a product listing page.](https://go.amazonsellerservices.com/e/229492/watch-v-qBwS3fdidZo/7z54414/6824284947/h/IMGEB96CBgyW2DY04pRCmrOMWOWCmWx4Su6ckkT2afE)
[Partner Connect at Accelerate 2026](https://go.amazonsellerservices.com/e/229492/-medium-email-utm-source-email/7z54411/6824284947/h/IMGEB96CBgyW2DY04pRCmrOMWOWCmWx4Su6ckkT2a",2026-08-17 13:38:46,RETR,xtbBsxnVu2p7GVnj+AAA3O
付款/资金类,last7,account_4,weihaizhongxin2024@126.com,"Tue, 11 Aug 2026 11:39:46 +0000",Amazon Services <donotreply@amazon.com>,Tu pago está en camino,,"96
This title will display on mobile devices
 ¡Enhorabuena! El pago está de camino y llegará pronto.
 El pago está en camino
Enhorabuena, Weihai EU. Tu pago está en camino y te llegará en un plazo de tres a cinco días.
El 08/11/26 11:39 WEST, iniciamos una transferencia a tu método de pago (cuenta bancaria terminado en 229) por un importe de €
 1.702,92.
 Si el importe es inferior a lo esperado, ten en cuenta las siguientes preguntas:
 ¿Tienes saldo no disponible en tu cuenta de vendedor? Puede que hayamos reservado algo de dinero para posibles devoluciones, reclamaciones o reversiones de cargo de clientes. En este caso, el saldo de cierre de tu informe de pagos te mostrará el saldo no disponible en reserva.
 ¿Cubren tus ventas las tarifas de Amazon y las devoluciones del periodo de liquidación? El importe del pago refleja las ventas que has hecho y las tarifas de venta aplicadas tanto a dichas ventas como a cualquier promoción o servicio que hayas utilizado. Te recomendamos que revises tu informe de pagos en ""Informes"" de Seller Central para conocer el saldo de cierre.
Para más información sobre los informes de pagos en Seller Central, visita nuestro curso oficial.
Te deseamos un ",2026-08-17 13:38:45,RETR,xtbBsgb84mp7CgaKtwAA3K
付款/资金类,last7,account_4,weihaizhongxin2024@126.com,"Tue, 11 Aug 2026 11:39:19 +0000",Amazon Services <donotreply@amazon.com>,Your payment is on the way,,"96
This title will display on mobile devices
 Congratulations! Your payment is on the way and will arrive soon.
 Disbursement Attempted
Congratulations Weihai EU! Your payment is on the way and will arrive within three to five days.
On 08/11/26 11:39 CEST, we initiated a transfer to your payment method (bank account ending in 229) in the amount of €
 674.77.
 If the amount is less than expected, here are a few questions to consider:
 Do you have an unavailable balance? Amazon might be reserving money to cover potential returns, claims, or chargebacks from buyers. If this is the case, the closing balance in your Payment Report will display the unavailable balance that is reserved.
 Did your sales cover all fees and returns for this statement period? The payment amount reflects sales activities, selling fees, and fees for promotions or services. We recommend reviewing your Payment Report under the Reports tab in Seller Central to understand your closing balance.
To learn more about Payment Reports in Seller Central, please visit our official course.
We wish you continued success!
Thank you for selling in the Amazon store,
Amazon Services
Help us improve your payment experience on Ama",2026-08-17 13:38:44,RETR,xtbBpAr122p7Cep53AAA3X
产品链接/合规类,last7,account_4,weihaizhongxin2024@126.com,"Thu, 13 Aug 2026 16:08:49 +0000",Amazon Services <donotreply@amazon.com>,Submit product safety documentation to reactivate listings,,"96
 Submit product safety documentation to reactivate listings
 Hello Weihai CA,
 Some of your listings have been deactivated due to missing mandatory compliance requirements for your products. Review the details and next steps below. The affected listings are shown at the end of this email.
 Why is this happening?
 We are taking this action because these products are missing mandatory compliance information. Review our Product safety and compliance help page for information on applicable laws, regulations and Amazon policies. We leveraged a combination of automated means and expert human review to identify this issue and make this decision.
 The table at the end of this email provides product-specific compliance requirements.
 How do I reactivate my listings?
 To provide the required compliance information, go to your Account Health page and locate the product compliance requests:
-
 If you have the required documentation, follow the instructions to submit your compliance documents. We will only reinstate products that fulfil the compliance requirements.
-
 If you believe your products are exempt from these requirements, submit documentation demonstrating why they are not subject ",2026-08-17 13:38:58,RETR,xtbBpRU6IGp97BUQswAA3n
产品链接/合规类,last7,account_4,weihaizhongxin2024@126.com,"Thu, 13 Aug 2026 04:08:25 +0000",Amazon Services <donotreply@amazon.com>,Submit product safety documentation to reactivate listings,,"96
 Submit product safety documentation to reactivate listings
 Hello Weihai US,
 Some of your listings have been deactivated due to missing mandatory compliance requirements for your products. Review the details and next steps below. The affected listings are shown at the end of this email.
 Why is this happening?
 We are taking this action because these products are missing mandatory compliance information. Review our Product safety and compliance help page for information on applicable laws, regulations, and Amazon policies. We leveraged a combination of automated means and expert human review to identify this issue and make this decision.
 The table at the end of this email provides product-specific compliance requirements.
 How do I reactivate my listings?
 To provide the required compliance information, go to your Account Health page and locate the product compliance requests:
-
 If you have the required documentation, follow the instructions to submit your compliance documents. We will only reinstate products that fulfill the compliance requirements.
-
 If you believe your products are exempt from these requirements, submit documentation demonstrating why they are not subjec",2026-08-17 13:38:55,RETR,xtbBpAPawGp9Q0OmLwAA3j
产品链接/合规类,last7,account_4,weihaizhongxin2024@126.com,"Wed, 12 Aug 2026 16:13:04 +0000",The Amazon Services team <donotreply@amazon.com>,Update tax information to prepare for UAE e-invoicing requirements,,"96
 Update tax information to prepare for UAE e-invoicing requirements
 Hello,
Starting January 1, 2027, the United Arab Emirates (UAE) will introduce mandatory electronic invoicing (e-invoicing) for business-to-business and business-to-government transactions.
To ensure compliance, we'll use your account's tax and legal information to determine your eligibility to receive e-invoices for seller fees, and to populate invoice information.
To prepare, complete the following steps by December 15, 2026:
- Go to Tax Settings to review and update your Value Added Tax (VAT) Registration Number.
- Ensure your Trade License, Emirates ID, and Passport number are valid in Identity Information .
- Confirm your legal name in Identity Information matches your Federal Tax Authority records exactly. If your information is incomplete or incorrect, your ability to claim VAT on our invoices may be impacted.
 If your business is subject to UAE e-invoicing requirements, you must register at a Federal Tax Authority-accredited UAE Peppol Access Point according to your implementation phase. This enables the exchange of e-invoices through the UAE e-invoicing network. You'll also need to issue compliant e-in",2026-08-17 13:38:54,RETR,xtbBshTFq2p8m5Q75gAA3M
产品链接/合规类,last7,account_4,weihaizhongxin2024@126.com,"Tue, 11 Aug 2026 17:07:34 +0000",Amazon Services <donotreply@amazon.com>,Submit product safety documentation to reactivate listings,,"96
 Submit product safety documentation to reactivate listings
 Hello Weihai EU,
 Some of your listings have been deactivated due to missing mandatory compliance requirements for your products. Review the details and next steps below. The affected listings are shown at the end of this email.
 Why is this happening?
 We are taking this action because these products are missing mandatory compliance information. Review our Product safety and compliance help page for information on applicable laws, regulations, and Amazon policies. We leveraged a combination of automated means and expert human review to identify this issue and make this decision.
 The table at the end of this email provides product-specific compliance requirements.
 How do I reactivate my listings?
 To provide the required compliance information, go to your Account Health page and locate the product compliance requests:
-
 If you have the required documentation, follow the instructions to submit your compliance documents. We will only reinstate products that fulfill the compliance requirements.
-
 If you believe your products are exempt from these requirements, submit documentation demonstrating why they are not subjec",2026-08-17 13:38:49,RETR,xtbBpRlFK2p7VtknOAAA3T
产品链接/合规类,last7,account_4,weihaizhongxin2024@126.com,"Tue, 11 Aug 2026 16:07:16 +0000",Amazon Services <donotreply@amazon.com>,Submit product safety documentation to avoid listing deactivation,,"96
 Hello Weihai EU,
 Some of your listings are at risk of deactivation due to missing mandatory compliance requirements for your products. Review the details and next steps below. The affected listings are shown at the end of this email.
 Why is this happening?
 We are taking this action because these products are missing mandatory compliance information. Review our Product safety and compliance help page for information on applicable laws, regulations and Amazon policies.
 The table at the end of this email provides product-specific compliance requirements.
 How do I reactivate my listing?
 To provide the required compliance information, go to your Account Health page and locate the product compliance requests:
-
 If you have the required documentation, follow the instructions to submit your compliance documents.
-
 If you believe that your products are exempt from these requirements, submit documentation demonstrating why they are not subject to these compliance requirements.
 For step-by-step instructions, see our Submit compliance documents or appeal a documentation request help page.
 To avoid further impact on your account, close or delete any non-compliant listings that you",2026-08-17 13:38:48,RETR,xtbBpBa4nmp7SLbV+wAA3V
产品链接/合规类,last7,account_4,weihaizhongxin2024@126.com,"Mon, 10 Aug 2026 16:27:47 +0000",Amazon Canada <donotreply@amazon.com>,Your Tax Obligations on Amazon.ca,,"96
Your Tax Obligations on Amazon.ca
 Your Tax Obligations on Amazon.ca
 Your Tax Obligations on Amazon.ca
 Greetings from Amazon,
 This is an important reminder regarding your responsibility, as a Seller on Amazon, to understand and comply with any Canadian federal and provincial sales tax obligations that may apply to your sales on Amazon.ca. More information regarding your Canadian sales tax obligations, as well as information regarding Amazon-provided tools that can help you manage your sales tax compliance, can be found by visiting Amazon's Seller Central . If you have questions about your sales tax obligations, please contact your professional tax advisor or the tax authorities identified in our help page.
 Thank you for being a Seller on Amazon.ca.
 Report an issue with this email
 If you have any questions visit: Seller Central
 To change your email preferences visit: Notification Preferences
 Copyright 2026 Amazon, Inc, or its affiliates. All rights reserved.
 Amazon.com.ca ULC | 40 King Street W 47th Floor, Toronto, Ontario, Canada, M5H 3Y2 |1-877-586-3230
 SPC-USAmazon-1337008380814900",2026-08-17 13:38:42,RETR,xtbBpQlKMGp5-EnOfwAA3B
法务/侵权类,last7,account_4,weihaizhongxin2024@126.com,"Sat, 15 Aug 2026 13:40:40 +0000",Amazon Services <donotreply@amazon.com>,Votre paiement est en cours,,"96
This title will display on mobile devices
 Félicitations ! Votre paiement est en cours et arrivera sous peu.
 Tentative de versement
Félicitations, Weihai EU ! Votre paiement est en cours et arrivera sous trois à cinq jours.
Le 08/15/26 13:40 CEST, nous avons effectué un virement d’un montant de €
 203.50 sur le compte lié à votre méthode de paiement (compte bancaire se terminant par 229).
 Si le montant est inférieur au montant auquel vous vous attendiez, voici quelques questions à vous poser :
 Disposez-vous d’un solde de fonds non disponibles ? Amazon peut réserver des fonds afin de couvrir des retours, des réclamations ou des rétrofacturations potentiels des acheteurs. Si tel est le cas, le solde de fin de période de votre rapport sur les paiements affichera le solde des fonds non disponibles réservé.
 Vos ventes couvraient-elles l’ensemble des frais et des retours pour cette période de règlements ? Le montant du paiement reflète votre activité commerciale, les frais de vente et les frais relatifs aux promotions et aux services. Nous vous recommandons de consulter votre rapport sur les paiements sous l’onglet Rapports de Seller Central pour comprendre votre solde de fin de p",2026-08-17 13:39:05,RETR,xtbBshzs0mqAbFwHvgAA3z
法务/侵权类,last7,account_4,weihaizhongxin2024@126.com,"Fri, 14 Aug 2026 01:39:40 +0000",Notificaciones de Seller Central (sin buzón electrónico) <donotreply@amazon.com>,Actualización de estado de mercancías peligrosas,,"96
 Actualización de estado de mercancías peligrosas
 Actualización de estado de mercancías peligrosas
 Estimado vendedor:
 Estamos llevando a cabo una revisión de mercancías peligrosas sobre uno o varios de tus productos:
 FALTA DOCUMENTACIÓN DE MERCANCÍAS PELIGROSAS O ES CONTRADICTORIA
 ASIN
 SKU del vendedor
 FNSKU
 Título
 B0H11D2KV8
 WH-DE-0508-HCGDVE-01
 B0H11D2KV8
 Circuito de Tren eléctrico de Cubos de 15 Piezas, Set de Tren 3D antigravedad, Juguete de vías DIY para Construir, Juguete Educativo Stem y Regalo Creativo para niños de 3 a 8 años
 ¿A qué se debe esto?
 No podemos clasificar correctamente los productos mencionados debido a que no tenemos suficiente información sobre las mercancías peligrosas. Ten en cuenta que, hasta que proporciones toda la información necesaria, los productos no estarán disponibles para la venta y no podrás continuar enviando unidades a los centros logísticos de Amazon. Tienes que proporcionar la ficha de datos de seguridad (FDS) de cada producto mencionado. Sólo puedes enviar una ficha de exención si el producto no tiene una FDS y no contiene productos químicos nocivos como alcohol, ácido, sodio, etc., o si el producto es una batería o las con",2026-08-17 13:39:00,RETR,xtbBshTTuWp+cfQWHwAA3U
法务/侵权类,last7,account_4,weihaizhongxin2024@126.com,"Fri, 14 Aug 2026 01:36:13 +0000","""Powiadomienia z Amazon Seller Central (nie odpowiadaj)"" <donotreply@amazon.com>",Status materiałów niebezpiecznych (hazmat),,"96
 Status materiałów niebezpiecznych (hazmat)
 Status materiałów niebezpiecznych (hazmat)
 Witamy w Fulfillment by Amazon
 Obecnie przeprowadzamy przegląd materiałów niebezpiecznych (hazmat) jednego produktu lub większej liczby produktów:
 SPRZECZNA LUB BRAKUJĄCA DOKUMENTACJA DG
 ASIN
 SKU sprzedawcy
 SKU sieci logistycznej
 Tytuł
 B0H11D2KV8
 WH-DE-0508-HCGDVE-01
 B0H11D2KV8
 15-elementowy elektryczny tor kolejowy z kostek, zestaw pociągu 3D przeciw grawitacji, tor DIY do samodzielnego budowania, zabawka edukacyjna STEM i kreatywny prezent dla dzieci 3–8 lat
 Jaka jest tego przyczyna
 Nie mamy wystarczającej ilości informacji o materiałach niebezpiecznych, aby prawidłowo sklasyfikować ww. produkty; dopóki nie dostarczysz niezbędnych informacji, produkty nie będą dostępne do sprzedaży i nie będziesz mógł wysłać więcej jednostek do centrów logistycznych Amazon. Musisz dostarczyć odpowiednią kartę charakterystyki dla każdego ww. produktu. Arkusz zwolnienia z obowiązku dostarczenia karty charakterystyki można złożyć tylko wtedy, kiedy produkt nie posiada szkodliwych substancji chemicznych, takich jak alkohol, kwas, sód itp., lub jeśli produkt jest bateriami, zawiera je lub jest sprze",2026-08-17 13:39:00,RETR,xtbBshydg2p+cRwPqQAA3v
法务/侵权类,last7,account_4,weihaizhongxin2024@126.com,"Fri, 14 Aug 2026 01:35:04 +0000",亚马逊卖家平台通知（请勿回复） <donotreply@amazon.com>,危险品状态更新,,"96
 危险品状态更新
 危险品状态更新
 尊敬的亚马逊物流卖家：
您好！
 我们目前正在对您的一件或多件商品进行危险品审查：
 危险品文件中的信息相互冲突或缺失
 ASIN
 卖家 SKU
 FNSKU
 商品名称
 B0H11D2KV8
 WH-DE-0508-HCGDVE-01
 B0H11D2KV8
 15 PCS Eisenbahn Cube Track, 3D Schwerkrafttrotzendes Zug Set, DIY Zugstrecken Spielzeug, STEM Lernspielzeug & Geschenkidee für Kinder 3–8 Jahre, Kreatives Bauen Spielzeug
 为什么会发生这种情况
 我们获得的危险品信息不足，无法对以上商品进行正确分类，除非您提供必要的信息，否则您将无法销售商品，也将无法再向亚马逊运营中心发送更多商品。我们需要您为上述每件商品提供正确的安全数据表 (SDS)。仅当商品没有安全数据表且不含酒精、酸、钠等任何有害化学物质，或者商品是电池、包含电池或随电池一同销售时，您才需要提交豁免表。
 如何继续销售这些商品
 请确保安全数据表符合以下要求：
- 在过去五年内创建或有过更新
- 包含新的 GHS/CLP 危险品识别信息
- 包含标准安全数据表的所有 16 个部分
- 与商品详情页面上显示的商品名称匹配
- 与商品详情页面上显示的制造商或品牌名称匹配
 请确保 豁免表 符合以下要求：
- 与商品详情页面上显示的商品名称一致
- 包含您的全名（名字和姓氏）
- 包含当前日期
- 适用于您的商品（豁免表仅适用于不含有害化学物质的商品、电池、含电池或与电池一同销售的商品）
- 包含所有必填信息（确保填写所有红色单元格，并将黑色单元格留空）
 重要须知 ： 模板的 说明 选项卡中提供了有关如何填写豁免表的完整说明。
 文件（安全数据表或豁免表）准备就绪后，请通过卖家平台中的 上传页面 提交。
 提供了正确的信息之后，审核流程通常需要四个工作日才能完成。审核完成后，您将收到结果通知。温馨提醒，请确保商品名称、商品描述和要点充分且完整地描述了审核中的商品，并明确列出与该商品一同销售的所有商品（例如，电视机及其遥控器）。
 有关安全数据表和豁免表的更多信息，请参阅 所需的危险品信息和文件 。
 所有卖家应负责确保发送到亚马逊运营中心的所有商品均符合亚马逊物流政策以及关于危险品的所有法律要求，即使亚马逊物流目前并未对此进行限制。
 实用信息
 有关更多信息，请参阅 危险品识别指南 。
 谢谢！
 亚马逊物流团队
 此电子邮件地址仅用于发送通知，无法接收电子邮件。请勿回复此邮件。
 报告此电子邮件的问题
 如果您有任何问题，请访问: Seller Central
 要更改您的",2026-08-17 13:38:59,RETR,xtbBsxCKcGp+cNBtvAAA38
法务/侵权类,last7,account_4,weihaizhongxin2024@126.com,"Fri, 14 Aug 2026 01:28:59 +0000",Aviseringar från Amazon Seller Central (svara inte) <donotreply@amazon.com>,Statusuppdatering för farligt gods,,"96
 Statusuppdatering för farligt gods
 Statusuppdatering för farligt gods
 Hej från Fraktas från Amazon,
 Vi genomför för närvarande en granskning av farligt gods för en eller flera av dina produkter:
 DG-DOKUMENTATION SOM ÄR MOTSTRIDIG ELLER SAKNAS
 ASIN
 Säljar-SKU
 Leveransnätverks-SKU
 Titel
 B0H11D2KV8
 WH-DE-0508-HCGDVE-01
 B0H11D2KV8
 15 PCS Järnväg Cube Track, 3D Schwerkrafttrotzendes Zug Set, DIY Zugstrecken Leksaker, STEM Lernsleksaker & Gåveideer för barn 3–8 år, Kreatives Bauen Leksaker
 Därför händer detta
 Vi har inte tillräckligt med information för att korrekt kunna klassificera ovanstående produkter beträffande farligt gods, och innan du tillhandahåller den nödvändiga informationen är produkterna inte tillgängliga för försäljning och du kan inte skicka fler enheter till Amazons distributionscentra. Vi ber dig tillhandahålla ett korrekt säkerhetsdatablad för varje produkt som listas ovan. Du får endast lämna in ett Undantag / Exemption sheet om produkten inte har ett säkerhetsdatablad och inte innehåller några skadliga kemikalier, t.ex. alkohol, syra, natrium etc., eller om produkten är, innehåller eller säljs med batterier.
 Gör så här för att fortsätta sälja de h",2026-08-17 13:38:59,RETR,xtbBpB0tE2p+b13z6wAA35
法务/侵权类,last7,account_4,weihaizhongxin2024@126.com,"Fri, 14 Aug 2026 01:03:40 +0000","""Notifiche di Amazon Seller Central (non rispondere)"" <donotreply@amazon.com>",Aggiornamento dello stato delle merci pericolose,,"96
 Aggiornamento dello stato delle merci pericolose
 Aggiornamento dello stato delle merci pericolose
 Buongiorno da Logistica di Amazon.
 Al momento stiamo effettuando una revisione delle merci pericolose di uno o più dei suoi prodotti:
 DOCUMENTAZIONE MERCI PERICOLOSE DISCORDANTE O MANCANTE
 ASIN
 SKU venditore
 FNSKU
 Titolo
 B0H11D2KV8
 WH-DE-0508-HCGDVE-01
 B0H11D2KV8
 Pista ferroviaria elettrica a cubi da 15 pezzi, set trenino 3D antigravità, gioco fai da te per costruire percorsi, giocattolo educativo STEM e idea regalo creativa per bambini da 3 a 8 anni
 Qual è il problema?
 Non disponiamo di informazioni sufficienti sulle merci pericolose per classificare correttamente i prodotti di cui sopra. Inoltre, finché non fornisci le informazioni necessarie, i prodotti non saranno disponibili per la vendita e non potrai inviare più unità ai centri logistici Amazon. Dovrai fornire una corretta scheda di sicurezza (SDS) per ogni prodotto sopra elencato. È possibile presentare una scheda di esenzione solo se il prodotto non dispone di una scheda di sicurezza e non contiene sostanze chimiche nocive, come alcol, acido, sodio e così via, o se il prodotto è, contiene o viene venduto con ",2026-08-17 13:38:58,RETR,xtbBsg+vlWp+aW-D-wAA3p
法务/侵权类,last7,account_4,weihaizhongxin2024@126.com,"Fri, 14 Aug 2026 01:03:04 +0000","""Amazon Seller Central-meldingen (niet beantwoorden)"" <donotreply@amazon.com>",Update van status gevaarlijke goederen,,"96
 Update van status gevaarlijke goederen
 Update van status gevaarlijke goederen
 Hallo van het Fulfillment by Amazon-team,
 Momenteel beoordelen we een of meer van jouw producten op eigenschappen van gevaarlijke goederen:
 CONFLICTERENDE OF ONTBREKENDE DOCUMENTATIE VAN GEVAARLIJKE GOEDEREN
 ASIN
 Verkoper-SKU
 FNSKU
 Titel
 B0H11D2KV8
 WH-DE-0508-HCGDVE-01
 B0H11D2KV8
 15 PCS Eisenbahn Cube Track, 3D zwaartekrachttrotzendes Zug Set, DIY Zugstrecken speelgoed, STEM leerspeelgoed & geschenkidee voor kinderen 3–8 jaar, creatief bouwspeelgoed
 Waarom dit gebeurt
 We hebben niet genoeg informatie over gevaarlijke goederen om bovenstaande producten correct te classificeren. Totdat je de nodige informatie verstrekt zijn de producten niet beschikbaar voor verkoop en kun je geen eenheden meer naar Amazon Fulfillment Centers sturen. Je moet voor elk hierboven vermeld product een correct veiligheidsinformatieblad (VIB) verstrekken. Je kunt alleen een vrijstellingsformulier indienen als het product geen SDS heeft en geen schadelijke chemische stoffen bevat, zoals alcohol, zuur, natrium enzovoort, of als het gaat om batterijen, of producten die een batterij bevatten of ermee worden verkocht.",2026-08-17 13:38:58,RETR,xtbBsg+njWp+aU-CZQAA3C
法务/侵权类,last7,account_4,weihaizhongxin2024@126.com,"Wed, 12 Aug 2026 01:47:22 +0000",Notificaciones de Seller Central (sin buzón electrónico) <donotreply@amazon.com>,Actualización de estado de mercancías peligrosas,,"96
 Actualización de estado de mercancías peligrosas
 Actualización de estado de mercancías peligrosas
 Estimado vendedor:
 Estamos llevando a cabo una revisión de mercancías peligrosas sobre uno o varios de tus productos:
 INFORMACIÓN NECESARIA DE LA PILA O BATERÍA
 ASIN
 SKU del vendedor
 FNSKU
 Título
 B0H11D2KV8
 WH-DE-0508-HCGDVE-01
 B0H11D2KV8
 Circuito de Tren eléctrico de Cubos de 15 Piezas, Set de Tren 3D antigravedad, Juguete de vías DIY para Construir, Juguete Educativo Stem y Regalo Creativo para niños de 3 a 8 años
 ¿A qué se debe esto?
 Necesitamos información detallada sobre la pila o batería para clasificar correctamente los productos mencionados, debido a que no contamos con información suficiente. Hasta que proporciones toda la información necesaria, los productos no estarán disponibles para la venta y no podrás continuar enviándolos a los centros logísticos de Amazon.
 Cómo seguir vendiendo estos productos
 Carga una ficha de exención para baterías y productos alimentados por baterías siguiendo los pasos que se indican a continuación:
- Descarga una ficha de exención para baterías y productos alimentados por baterías. Las fichas de exención están disponibles en v",2026-08-17 13:38:52,RETR,xtbBpQ3Yvmp70K0wEAAA3C
法务/侵权类,last7,account_4,weihaizhongxin2024@126.com,"Wed, 12 Aug 2026 01:39:03 +0000","""Powiadomienia z Amazon Seller Central (nie odpowiadaj)"" <donotreply@amazon.com>",Status materiałów niebezpiecznych (hazmat),,"96
 Status materiałów niebezpiecznych (hazmat)
 Status materiałów niebezpiecznych (hazmat)
 Witamy w Fulfillment by Amazon
 Obecnie przeprowadzamy przegląd materiałów niebezpiecznych (hazmat) jednego produktu lub większej liczby produktów:
 POTRZEBNE INFORMACJE O BATERIACH
 ASIN
 SKU sprzedawcy
 SKU sieci logistycznej
 Tytuł
 B0H11D2KV8
 WH-DE-0508-HCGDVE-01
 B0H11D2KV8
 15-elementowy elektryczny tor kolejowy z kostek, zestaw pociągu 3D przeciw grawitacji, tor DIY do samodzielnego budowania, zabawka edukacyjna STEM i kreatywny prezent dla dzieci 3–8 lat
 Jaka jest tego przyczyna
 Wymagamy szczegółowych informacji o bateriach, aby poprawnie sklasyfikować ww. produkty; dopóki nie dostarczysz niezbędnych informacji, produkty nie będą dostępne do sprzedaży i nie będziesz mógł wysłać więcej jednostek do centrów logistycznych Amazon.
 Jak możesz kontynuować sprzedaż tych produktów
 Prześlij arkusz zwolnienia z obowiązku dostarczenia karty charakterystyki dotyczący baterii i produktów zasilanych bateriami za pomocą niżej podanych kroków:
- Pobierz arkusz zwolnienia z obowiązku dostarczenia karty charakterystyki dotyczący baterii i produktów zasilanych bateriami. Arkusze zwolnienia są dost",2026-08-17 13:38:52,RETR,xtbBpBtbQWp7zrsZ+QAA3h
法务/侵权类,last7,account_4,weihaizhongxin2024@126.com,"Wed, 12 Aug 2026 01:37:41 +0000","""Amazon Seller Central Notifications (Do Not Reply)"" <donotreply@amazon.com>",Dangerous goods (hazmat) status update,,"96
 Dangerous goods (hazmat) status update
 Dangerous goods (hazmat) status update
 Hello from Fulfillment by Amazon,
 We are currently conducting a dangerous goods (hazmat) review of one or more of your products:
 BATTERY INFORMATION NEEDED
 ASIN
 Merchant SKU
 FNSKU
 Title
 B0H11D2KV8
 WH-DE-0508-HCGDVE-01
 B0H11D2KV8
 Circuit de Train à Cubes 15 pièces, Coffret de Train 3D défiant la gravité, Circuit de DIY à Construire, Jouet éducatif STEM et idée Cadeau pour Enfants de 3 à 8 Ans, Jeu de Construction créatif
 Why this is happening
 We require detailed battery information to correctly classify the above products, and until you provide the necessary information, the products will not be available for sale and you will not be able to send more units to Amazon fulfillment centers.
 How to continue selling these products
 Please upload an exemption sheet for battery and battery-powered products using the steps below:
- Download an exemption sheet for battery and battery-powered products. Exemption sheets are available in multiple languages, so you can select the language that works best for you.
- Fill in all cells highlighted in red. Depending on your answers, other cells may turn ",2026-08-17 13:38:51,RETR,xtbBpQhHLWp7zmgZVAAA39
法务/侵权类,last7,account_4,weihaizhongxin2024@126.com,"Wed, 12 Aug 2026 01:37:41 +0000",亚马逊卖家平台通知（请勿回复） <donotreply@amazon.com>,危险品状态更新,,"96
 危险品状态更新
 危险品状态更新
 尊敬的亚马逊物流卖家：
您好！
 我们目前正在对您的一件或多件商品进行危险品审查：
 需要电池信息
 ASIN
 卖家 SKU
 FNSKU
 商品名称
 B0H11D2KV8
 WH-DE-0508-HCGDVE-01
 B0H11D2KV8
 15 PCS Eisenbahn Cube Track, 3D Schwerkrafttrotzendes Zug Set, DIY Zugstrecken Spielzeug, STEM Lernspielzeug & Geschenkidee für Kinder 3–8 Jahre, Kreatives Bauen Spielzeug
 为什么会发生这种情况
 我们需要详细的电池信息来对以上商品进行正确分类，除非您提供必要的信息，否则商品将无法销售，您也将无法再向亚马逊运营中心发送更多商品。
 如何继续销售这些商品
 请按照以下步骤上传电池和电池驱动商品豁免表：
- 下载电池和电池驱动商品 豁免表 。豁免表有多种语言版本，因此您可以选择最适合您的语言。
- 填写以红色突出显示的所有单元格。根据您填写的内容，其他单元格可能会变为红色，这些单元格也需要填写。如果单元格变成黑色，您可以将其留空。
- 将该文件保存到您的电脑上。
- 前往 上传页面 ，并在 如何上传安全数据表或豁免表 部分输入商品的 ASIN。
- 选择您想要在其中销售商品的商城（例如 Amazon.com）以及豁免表的语言。
- 点击 浏览 并导航至您保存的文件，然后点击 上传文件 。
 重要须知 ： 模板的 说明 选项卡中提供了有关如何填写电池和电池驱动商品豁免表的完整说明。如果您的商品与多个电池驱动商品（例如，无线键盘和鼠标套装）一同销售，请务必按照 说明 选项卡中的说明在豁免表中列出包含的所有商品。
 在您上传文件后，审核流程通常需要四个工作日才能完成。审核完成后，您将收到结果通知。温馨提醒，请确保商品名称、商品描述和要点充分且完整地描述了审核中的商品，并明确列出与该商品一同销售的所有商品（例如，电视机及其遥控器）。
 有关豁免表的更多信息，请参阅 所需的危险品信息和文件 。
 所有卖家应负责确保发送到亚马逊运营中心的所有商品均符合亚马逊物流政策以及关于危险品的所有法律要求，即使亚马逊物流目前并未对此进行限制。
 实用信息
 有关更多信息，请参阅 危险品识别指南 。
 谢谢！
 亚马逊物流团队
 此电子邮件地址仅用于发送通知，无法接收电子邮件。请勿回复此邮件。
 报告此电子邮件的问题
 如果您有任何问题，请访问: Seller Central
 要更改您的电子邮件首选项，请访问： 通知首选项
 2026 Amazon.com 旗下公司 保留所有权利
 Amazon EU S.à r.l.
38 av",2026-08-17 13:38:51,RETR,xtbBsglHLWp7zmko-wAA3w
法务/侵权类,last7,account_4,weihaizhongxin2024@126.com,"Wed, 12 Aug 2026 01:31:40 +0000",Aviseringar från Amazon Seller Central (svara inte) <donotreply@amazon.com>,Statusuppdatering för farligt gods,,"96
 Statusuppdatering för farligt gods
 Statusuppdatering för farligt gods
 Hej från Fraktas från Amazon,
 Vi genomför för närvarande en granskning av farligt gods för en eller flera av dina produkter:
 BATTERIINFORMATION BEHÖVS
 ASIN
 Säljar-SKU
 Leveransnätverks-SKU
 Titel
 B0H11D2KV8
 WH-DE-0508-HCGDVE-01
 B0H11D2KV8
 15 PCS Järnväg Cube Track, 3D Schwerkrafttrotzendes Zug Set, DIY Zugstrecken Leksaker, STEM Lernsleksaker & Gåveideer för barn 3–8 år, Kreatives Bauen Leksaker
 Därför händer detta
 Vi kräver detaljerad batteriinformation för att korrekt klassificera ovanstående produkter, och innan du tillhandahåller den nödvändiga informationen är produkterna inte tillgängliga för försäljning och du kan inte skicka fler enheter till Amazons distributionscentra.
 Gör så här för att fortsätta sälja de här produkterna
 Ladda upp ett Undantag / Exemption sheet för batteri och batteridrivna produkter med hjälp av stegen nedan:
- Ladda ned ett Undantag / Exemption sheet för batteri och batteridrivna produkter. Undantag / Exemption sheets finns på flera språk, så du kan välja det språk som fungerar bäst för dig.
- Fyll i alla celler markerade med rött. Beroende på dina svar kan andra ce",2026-08-17 13:38:51,RETR,xtbBpR-r0Wp7zP8KsQAA3Z
法务/侵权类,last7,account_4,weihaizhongxin2024@126.com,"Wed, 12 Aug 2026 01:03:12 +0000","""Notifiche di Amazon Seller Central (non rispondere)"" <donotreply@amazon.com>",Aggiornamento dello stato delle merci pericolose,,"96
 Aggiornamento dello stato delle merci pericolose
 Aggiornamento dello stato delle merci pericolose
 Buongiorno da Logistica di Amazon.
 Al momento stiamo effettuando una revisione delle merci pericolose di uno o più dei suoi prodotti:
 SONO NECESSARIE INFORMAZIONI SULLA BATTERIA
 ASIN
 SKU venditore
 FNSKU
 Titolo
 B0H11D2KV8
 WH-DE-0508-HCGDVE-01
 B0H11D2KV8
 Pista ferroviaria elettrica a cubi da 15 pezzi, set trenino 3D antigravità, gioco fai da te per costruire percorsi, giocattolo educativo STEM e idea regalo creativa per bambini da 3 a 8 anni
 Qual è il problema?
 Richiediamo informazioni dettagliate sulla batteria per classificare correttamente i prodotti di cui sopra. Inoltre, finché non fornisce le informazioni necessarie, i prodotti non saranno disponibili per la vendita e non potrà inviare più unità ai centri logistici Amazon.
 Cosa fare per continuare a vendere questi prodotti
 Carica una scheda di esenzione per le batterie o i prodotti alimentati a batteria seguendo la procedura riportata di seguito:
- Scarica una scheda di esenzione per batterie e prodotti alimentati a batteria. Le schede di esenzione sono disponibili in più lingue, in modo da poter selezionare la ",2026-08-17 13:38:50,RETR,xtbBshM-JWp7xlPYmAAA3-
法务/侵权类,last7,account_4,weihaizhongxin2024@126.com,"Wed, 12 Aug 2026 01:03:06 +0000","""Amazon Seller Central-meldingen (niet beantwoorden)"" <donotreply@amazon.com>",Update van status gevaarlijke goederen,,"96
 Update van status gevaarlijke goederen
 Update van status gevaarlijke goederen
 Hallo van het Fulfillment by Amazon-team,
 Momenteel beoordelen we een of meer van jouw producten op eigenschappen van gevaarlijke goederen:
 INFORMATIE OVER DE BATTERIJ NODIG
 ASIN
 Verkoper-SKU
 FNSKU
 Titel
 B0H11D2KV8
 WH-DE-0508-HCGDVE-01
 B0H11D2KV8
 15 PCS Eisenbahn Cube Track, 3D zwaartekrachttrotzendes Zug Set, DIY Zugstrecken speelgoed, STEM leerspeelgoed & geschenkidee voor kinderen 3–8 jaar, creatief bouwspeelgoed
 Waarom dit gebeurt
 We hebben gedetailleerde informatie over batterijen nodig om bovenstaande producten correct te classificeren. Totdat je de benodigde informatie verstrekt, zijn de producten niet beschikbaar voor verkoop en kun je geen eenheden meer naar Amazon Fulfillment Centers versturen.
 Doorgaan met het verkopen van deze producten
 Voer de volgende stappen uit om een vrijstellingsformulier te uploaden voor batterijen en producten die op batterijen werken:
- Download een vrijstellingsformulier voor batterijen en producten die op batterijen werken. Vrijstellingsformulieren zijn beschikbaar in meerdere talen. Kies de meest geschikte taal.
- Vul alle in rood gemarkeerde ce",2026-08-17 13:38:50,RETR,xtbBsw4+JGp7xk6iGAAA3E
法务/侵权类,last7,account_4,weihaizhongxin2024@126.com,"Tue, 11 Aug 2026 18:16:53 +0000",Amazon Services <donotreply@amazon.com>,FBA Grade and Resell now available in Canada,,"96
 Recover value from returned inventory by relisting eligible items as Used
 Hello,
FBA Grade and Resell is now available in our Canada store. The program allows you to recover value from unfulfillable customer returned items by relisting them as Used and reduces waste by giving products a second life.
With FBA Grade and Resell, we automatically evaluate eligible returned products and relist them as Used in our Canada store. You have full control over pricing, and there are no program fees.
To enable FBA Grade and Resell:
- Go to Fulfilment by Amazon settings .
- Select Automated unfulfillable settings .
- Find FBA Grade and Resell in your recovery options and select the ASINs you’d like to enrol. To learn more about FBA Grade and Resell and product eligibility, go to FBA Grade and Resell .
 The Fulfilment by Amazon team
 Report an issue with this email
 If you have any questions visit: Seller Central
 To change your email preferences visit: Notification Preferences
 Copyright 2026 Amazon, Inc, or its affiliates. All rights reserved.
 Amazon.com.ca ULC | 40 King Street W 47th Floor, Toronto, Ontario, Canada, M5H 3Y2 |1-877-586-3230
 SPC-USAmazon-439806891811290",2026-08-17 13:38:49,RETR,xtbBpRhZP2p7Zxh8eAAA3x
法务/侵权类,last7,account_4,weihaizhongxin2024@126.com,"Tue, 11 Aug 2026 17:07:48 +0000",Amazon Services <donotreply@amazon.com>,"Dien productveiligheidsdocumentatie in om productvermeldingen
 opnieuw te activeren",,"96
 Dien productveiligheidsdocumentatie in om productvermeldingen opnieuw te activeren
 Hallo Weihai EU,
 Sommige van je productvermeldingen zijn gedeactiveerd omdat er verplichte nalevingsvereisten voor je producten ontbreken. Bekijk de gegevens en de stappen hieronder. De betreffende productvermeldingen worden aan het einde van deze e-mail weergegeven.
 Waarom gebeurt dit?
 We hebben deze actie ondernomen omdat voor deze producten verplichte nalevingsinformatie ontbreekt. Raadpleeg onze hulp-pagina Productveiligheid en -conformiteit voor informatie over de toepasselijke wet- en regelgeving en het Amazon-beleid. We hebben gebruikgemaakt van een combinatie van geautomatiseerde middelen en deskundige menselijke beoordeling om dit probleem te identificeren en deze beslissing te nemen.
 De tabel aan het einde van deze e-mail bevat productspecifieke nalevingsvereisten.
 Hoe activeer ik mijn productvermeldingen opnieuw?
 Als je de vereiste nalevingsgegevens wilt verstrekken, ga je naar de pagina Accountstatus en zoek je de aanvragen voor productconformiteit:
-
 Als je over de vereiste documentatie beschikt, volg je de instructies om je nalevingsdocumenten in te dienen. We zullen alleen ",2026-08-17 13:38:49,RETR,xtbBswZILmp7VuYwvAAA3+
法务/侵权类,last7,account_4,weihaizhongxin2024@126.com,"Tue, 11 Aug 2026 17:07:42 +0000",Amazon Services <donotreply@amazon.com>,Presenta la documentación sobre seguridad del producto para reactivar los listings,,"96
 Presenta la documentación sobre seguridad del producto para reactivar los listings
 Hola, Weihai EU:
 Algunos de tus listings se han desactivado debido a que tus productos no cumplen los requisitos obligatorios. Revisa a continuación los detalles y siguientes pasos. Los listings afectados aparecen al final de este correo electrónico.
 ¿A qué se debe esto?
 Tomamos esta medida porque a estos productos les falta información de cumplimiento normativo obligatoria. Para más información sobre las leyes, normativas y políticas de Amazon aplicables, consulta Cumplimiento y seguridad de los productos . Hemos usado una combinación de medios automatizados y revisión humana experta para identificar la incidencia y tomar una decisión.
 En la tabla que aparece al final de este correo electrónico se proporcionan los requisitos de cumplimiento normativo específicos del producto.
 ¿Cómo puedo reactivar mis listings?
 Para proporcionar la información de cumplimiento normativo obligatoria, ve a la página Estado de la cuenta y localiza las solicitudes de cumplimiento normativo del producto:
-
 Si dispones de la documentación obligatoria, sigue las instrucciones para presentar los documentos de cum",2026-08-17 13:38:49,RETR,xtbBpQBHLWp7VuAnbQAA3i
法务/侵权类,last7,account_4,weihaizhongxin2024@126.com,"Tue, 11 Aug 2026 17:07:04 +0000",Amazon Services <donotreply@amazon.com>,Przesyłanie dokumentacji dotyczącej bezpieczeństwa produktu w celu ponownego aktywowania ofert,,"96
 Przesyłanie dokumentacji dotyczącej bezpieczeństwa produktu w celu ponownego aktywowania ofert
 Dzień dobry Weihai EU,
 niektóre z Twoich ofert zostały zdezaktywowane z powodu niespełnienia obowiązków dotyczących zgodności wystawianych przez Ciebie produktów z wymogami. Poniżej znajdziesz szczegółowe informacje oraz dalsze instrukcje. Oferty produktów, których dotyczy problem, wskazano na końcu niniejszej wiadomości e-mail.
 Dlaczego tak się stało?
 Podjęliśmy to działanie, ponieważ w przypadku tych produktów nie dostarczono obowiązkowych informacji dotyczących zgodności z wymogami. Więcej informacji na temat mających zastosowanie przepisów ustawowych i wykonawczych oraz zasad Amazon znajdziesz na stronie Bezpieczeństwo i zgodność produktu z wymogami . Do identyfikacji problemu i podjęcia decyzji wykorzystaliśmy zautomatyzowane narzędzia, a otrzymane za ich pomocą wyniki poddaliśmy weryfikacji przez eksperta.
 Informacje na temat wymogów dotyczących zgodności dla poszczególnych produktów znajdziesz w tabeli na końcu tej wiadomości e-mail.
 Jak mogę ponownie aktywować oferty?
 Aby dostarczyć niezbędne informacje dotyczące zgodności z wymogami, przejdź do panelu Kondycja konta i ",2026-08-17 13:38:48,RETR,xtbBpBw+JGp7VrwgogAA3b
法务/侵权类,last7,account_4,weihaizhongxin2024@126.com,"Tue, 11 Aug 2026 17:06:43 +0000",Amazon Services <donotreply@amazon.com>,Skicka in produktsäkerhetsdokumentation för att återaktivera produktposter,,"96
 Skicka in produktsäkerhetsdokumentation för att återaktivera produktposter
 Hej Weihai EU!
 Vissa av dina produktposter har inaktiverats på grund av att det saknas obligatorisk överensstämmelse för dina produkter. Granska informationen och följande steg nedan. De berörda produktposterna visas i slutet av det här e-postmeddelandet.
 Varför händer det här?
 Vi vidtar den här åtgärden eftersom det saknas obligatorisk information om överensstämmelse för de här produkterna. Läs vår hjälpsida för Produktsäkerhet och -överensstämmelse för information om tillämpliga lagar, förordningar och Amazons policyer. Vi har använt oss av både automatiserade metoder och mänskliga expertgranskare för att identifiera problemet och fatta det här beslutet.
 Tabellen i slutet av detta e-postmeddelande innehåller produktspecifika krav för överensstämmelse.
 Hur återaktiverar jag mina produktposter?
 Om du vill tillhandahålla den begärda överensstämmelseinformationen går du till sidan Kontostatus och letar upp begäranden om produktöverensstämmelse:
-
 Om du har den obligatoriska dokumentationen ska du skicka in dina överensstämmelsedokument enligt instruktionerna. Vi återaktiverar endast produkter som u",2026-08-17 13:38:48,RETR,xtbBsgc4Hmp7VqctUgAA3M
法务/侵权类,last7,account_4,weihaizhongxin2024@126.com,"Tue, 11 Aug 2026 16:06:24 +0000",Amazon Services <donotreply@amazon.com>,Soumettre la documentation de sécurité des produits pour réactiver les mises en vente,,"96
 Soumettre la documentation de sécurité des produits pour réactiver les mises en vente
 Bonjour Weihai EU,
 Certaines de vos mises en vente ont été désactivées, car vos produits ne respectaient pas des exigences de conformité obligatoires. Consultez les détails et les étapes suivantes ci-dessous. Les produits mis en vente concernés figurent à la fin de cet e-mail.
 Pourquoi cela se produit-il ?
 Nous prenons cette mesure, car ces produits ne présentent pas les informations de conformité obligatoires. Consultez notre page d’aide Sécurité et conformité des produits pour obtenir des informations sur les lois, réglementations et politiques Amazon applicables. Nous nous sommes appuyés sur une combinaison de moyens automatisés et de contrôles menés par des personnes expérimentées pour identifier ce problème et prendre cette décision.
 Le tableau situé à la fin de cet e-mail présente les exigences de conformité spécifiques aux produits.
 Comment réactiver mes produits mis en vente ?
 Pour fournir les informations de conformité requises, accédez à la page État du compte et localisez les demandes de conformité des produits :
-
 Si vous disposez des documents requis, suivez les instructio",2026-08-17 13:38:47,RETR,xtbBpASskmp7SITUxgAA3R
法务/侵权类,last7,account_4,weihaizhongxin2024@126.com,"Tue, 11 Aug 2026 11:40:47 +0000",Amazon Services <donotreply@amazon.com>,Votre paiement est en cours,,"96
This title will display on mobile devices
 Félicitations ! Votre paiement est en cours et arrivera sous peu.
 Tentative de versement
Félicitations, Weihai EU ! Votre paiement est en cours et arrivera sous trois à cinq jours.
Le 08/11/26 11:40 CEST, nous avons effectué un virement d’un montant de €
 269.63 sur le compte lié à votre méthode de paiement (compte bancaire se terminant par 229).
 Si le montant est inférieur au montant auquel vous vous attendiez, voici quelques questions à vous poser :
 Disposez-vous d’un solde de fonds non disponibles ? Amazon peut réserver des fonds afin de couvrir des retours, des réclamations ou des rétrofacturations potentiels des acheteurs. Si tel est le cas, le solde de fin de période de votre rapport sur les paiements affichera le solde des fonds non disponibles réservé.
 Vos ventes couvraient-elles l’ensemble des frais et des retours pour cette période de règlements ? Le montant du paiement reflète votre activité commerciale, les frais de vente et les frais relatifs aux promotions et aux services. Nous vous recommandons de consulter votre rapport sur les paiements sous l’onglet Rapports de Seller Central pour comprendre votre solde de fin de p",2026-08-17 13:38:45,RETR,xtbBswEM8Wp7CkGNmQAA3B
法务/侵权类,last7,account_4,weihaizhongxin2024@126.com,"Mon, 10 Aug 2026 19:03:51 +0000",Amazon Services <donotreply@amazon.com>,El programa de donaciones de Logística de Amazon ya está disponible para todos los vendedores de Logística de Amazon en España.,,"96
 Dona el inventario apto en lugar de ponerlo a disposición de Amazon (no requiere el Servicio de cálculo del IVA).
 Hola:
 El programa de donaciones de Logística de Amazon en España ya está disponible para todos los vendedores de Logística de Amazon, tanto si utilizas el Servicio de cálculo del IVA como si no.
 Puedes tener un impacto positivo a la vez que gestionas el inventario de forma eficiente. En lugar de poner los productos a disposición de Amazon, ahora puedes donar el inventario apto a organizaciones benéficas a través del programa de donaciones de Logística de Amazon.
 Si te has registrado en el programa de donaciones de Logística de Amazon , enviaremos automáticamente el inventario apto a organizaciones benéficas en tu nombre cada vez que crees una solicitud de puesta de inventario a disposición de Amazon. Esto ayuda a reducir los residuos y cumple las normativas de economía circular de la UE (como el Reglamento sobre diseño ecológico de productos sostenibles). Puedes darte de alta o baja del programa en la página ""Configuración de Logística de Amazon"".
 En España, las donaciones de productos a organizaciones sin ánimo de lucro que cumplan los requisitos pueden acoger",2026-08-17 13:38:43,RETR,xtbBpBlnTWp6IJmLJgAA3T
货件/库存类,last7,account_4,weihaizhongxin2024@126.com,"Sat, 15 Aug 2026 04:15:54 +0000",Fulfilment by Amazon <donotreply@amazon.com>,Create FBA removal order by 2026-08-27,,"96
Automated removals of unfulfillable inventory
 Required removals: First notification
 Required removals: First notification
 Hello,
Your FBA inventory listed below became unsellable in the past seven days. You must create a removal order by 2026-08-27 or these items will be disposed of. Removal fees will apply. Review the affected items and next steps below.
Unsellable products:
- FNSKU: B0DRCB74YN Quantity: 2
- FNSKU: B0DRCF83VZ Quantity: 7
- FNSKU: B0DRCHK71H Quantity: 1
- FNSKU: X0027HYVT3 Quantity: 1
- FNSKU: X002A05YW5 Quantity: 1
 Why is this happening?
This action is required because these items are no longer in sellable condition in our fulfilment centres. According to our FBA Required Removals policy, all unsuitable units must be removed within 14 days of notification. To learn more, go to our FBA Required Removals policy .
We leveraged a combination of automated means to identify this issue and make this decision.
 How do I address this?
Follow these steps to manage your unsellable inventory:
- Check your complete list and quantity of unsellable items in the Manage FBA inventory .
- Create a removal order (removal fees apply) by following the instructions in Remove inv",2026-08-17 13:39:02,RETR,xtbBpB6zmWp-5-62rwAA3F
其他风险类,last7,account_4,weihaizhongxin2024@126.com,"Fri, 14 Aug 2026 01:35:04 +0000","""Amazon Seller Central Notifications (Do Not Reply)"" <donotreply@amazon.com>",Dangerous goods (hazmat) status update,,"96
 Dangerous goods (hazmat) status update
 Dangerous goods (hazmat) status update
 Hello from Fulfillment by Amazon,
 We are currently conducting a dangerous goods (hazmat) review of one or more of your products:
 CONFLICTING OR MISSING DG DOCUMENTATION
 ASIN
 Merchant SKU
 FNSKU
 Title
 B0H11D2KV8
 WH-DE-0508-HCGDVE-01
 B0H11D2KV8
 Circuit de Train à Cubes 15 pièces, Coffret de Train 3D défiant la gravité, Circuit de DIY à Construire, Jouet éducatif STEM et idée Cadeau pour Enfants de 3 à 8 Ans, Jeu de Construction créatif
 Why this is happening
 We do not have enough dangerous goods information to correctly classify the above products, and until you provide the necessary information, the products will not be available for sale and you will not be able to send more units to Amazon fulfillment centers. We need you to provide a proper Safety Data Sheet (SDS) for each product listed above. You may submit an exemption sheet only if the product does not have an SDS and does not contain any harmful chemicals, such as alcohol, acid, sodium, etc., or if the product is, contains, or is sold with batteries.
 How to continue selling these products
 Please make sure the SDS complies with the",2026-08-17 13:38:59,RETR,xtbBsw6Jb2p+cM5tpgAA36
其他风险类,last7,account_4,weihaizhongxin2024@126.com,"Fri, 14 Aug 2026 01:27:02 +0000",Notifications Amazon Seller Central (ne pas répondre) <donotreply@amazon.com>,Mise à jour du statut de matières dangereuses,,"96
 Mise à jour du statut de matières dangereuses
 Mise à jour du statut de matières dangereuses
 Bonjour de la part du service Expédié par Amazon,
 Nous procédons actuellement à un examen des matières dangereuses du ou des produits suivants :
 DOCUMENTATION CONTRADICTOIRE OU MANQUANTE CONCERNANT LES MATIÈRES DANGEREUSES
 ASIN
 SKU vendeur
 FNSKU
 Titre
 B0H11D2KV8
 WH-DE-0508-HCGDVE-01
 B0H11D2KV8
 Circuit de train à cubes 15 pièces, coffret de train 3D défiant la gravité, circuit de DIY à construire, jouet éducatif STEM et idée cadeau pour enfants de 3 à 8 ans, jeu de construction créatif
 Pourquoi cela se produit
 Nous ne disposons pas d’informations suffisantes concernant les matières dangereuses pour classer correctement le ou les produits ci-dessus. Celui-ci ou ceux-ci ne seront par conséquent pas mis en vente, et vous ne pourrez pas en expédier davantage aux centres de distribution Amazon tant que vous ne nous aurez pas communiqué les informations nécessaires. Nous vous demandons de nous fournir une fiche de sécurité (FDS) ou une fiche d’exemption (pour les produits qui ne contiennent pas de substances chimiques nocives, telles que de l’alcool, de l’acide, du sodium ou les p",2026-08-17 13:38:59,RETR,xtbBpAgQ9Wp+bujv8gAA3G
其他风险类,last7,account_4,weihaizhongxin2024@126.com,"Wed, 12 Aug 2026 01:29:28 +0000",Notifications Amazon Seller Central (ne pas répondre) <donotreply@amazon.com>,Mise à jour du statut de matières dangereuses,,"96
 Mise à jour du statut de matières dangereuses
 Mise à jour du statut de matières dangereuses
 Bonjour de la part du service Expédié par Amazon,
 Nous procédons actuellement à un examen des matières dangereuses du ou des produits suivants :
 INFORMATIONS REQUISES SUR LES BATTERIES OU PILES
 ASIN
 SKU vendeur
 FNSKU
 Titre
 B0H11D2KV8
 WH-DE-0508-HCGDVE-01
 B0H11D2KV8
 Circuit de train à cubes 15 pièces, coffret de train 3D défiant la gravité, circuit de DIY à construire, jouet éducatif STEM et idée cadeau pour enfants de 3 à 8 ans, jeu de construction créatif
 Pourquoi cela se produit
 Nous ne disposons pas d’informations détaillées concernant les piles ou batteries pour classer correctement le ou les produits ci-dessus. Celui-ci ou ceux-ci ne seront par conséquent pas mis en vente, et vous ne pourrez pas en expédier davantage aux centres de distribution Amazon tant que vous ne nous aurez pas communiqué les informations nécessaires.
 Comment continuer à vendre ces produits
 Vous devez fournir une fiche d’exemption pour batterie et produits alimentés par batterie. Consultez la documentation ci-dessous :
- Téléchargez la fiche d’exemption.
- Accédez à la page de chargement Seller ",2026-08-17 13:38:51,RETR,xtbBshvKsGp7zHsTowAA3F
其他风险类,last7,account_4,weihaizhongxin2024@126.com,"Tue, 11 Aug 2026 21:31:28 +0000",Fulfillment by Amazon <donotreply@amazon.com>,Inventory marked as Reserved during PAE2 upgrades,,"96
 Your units will return to sellable status by the end of September.
 Hello,
 You have inventory stored at our PAE2 fulfillment center in Arlington, Washington, on a floor that is undergoing essential facility upgrades. During these upgrades, your inventory that is stored on that floor will be temporarily marked as Reserved and cannot be shipped to customers or removed. Your inventory will be available for sale by the end of September 2026 .
 You will not be charged storage fees or surcharges for this inventory until it’s available for customer shipments. In the unlikely event that a charge appears in error, it will be reimbursed within one billing cycle.
 To review your inventory that's stored at PAE2, go to the Inventory Ledger report . The status will change to On-hand once the inventory becomes sellable again.
 We're unable to offer inventory removals on the affected floor while the work is ongoing. We understand that this temporary closure may require you to send additional inventory to maintain availability for your customers, and we recognize that creates additional cost on your end.
 To keep track of your inventory levels and view replenishment recommendations, go to the ",2026-08-17 13:38:50,RETR,xtbBshXLsWp7lLVjOwAA31
店铺绩效类,older,account_4,weihaizhongxin2024@126.com,"Mon, 10 Aug 2026 09:16:35 +0000","""Fulfillment by Amazon (Do not reply)"" <donotreply@amazon.com>",FBA reimbursement notification,,"96
FBA reimbursement notification
 You have a reimbursement activity
 Hello from Fulfillment by Amazon,
We have initiated a reimbursement, a reimbursement reversal, or both due to recent activity on your selling account. No action is required from you.
Reimbursements can be initiated for an issue that you notified us about or one that we identified at a fulfillment center. A reimbursement reversal occurs when a reimbursement decision has been reviewed and changed. Reimbursement amounts are determined in accordance with the FBA inventory reimbursement policy ( https://sellercentral.amazon.com/gp/help/external/200213130 ).
Please note that it may take up to five business days for reimbursement transactions to appear in your seller account.
You can find details on your reimbursement or reversal transaction in the Reimbursements report ( https://sellercentral.amazon.com/reportcentral/REIMBURSEMENTS/0 ) in Seller Central:
- In the Event Date drop-down menu, select a date range and click Generate report . You can use the date in the subject line of this email as a point of reference.
- To identify inventory reimbursements and reversals, see the Quantity reimbursed [inventory] column.
- T",2026-08-17 13:38:39,RETR,xtbBshfbwWp5lvflYwAA3L
店铺绩效类,older,account_4,weihaizhongxin2024@126.com,"Sun, 9 Aug 2026 14:33:13 +0000",Amazon Services <seller-notification@amazon.com>,Balance paid on your Amazon seller account,,"Greetings from Amazon Services.
 We have charged your credit card for $126.79 in an attempt to settle your Amazon seller account balance.
 Note that the amount charged to your credit card may be less than the total amount you owe due to a credit limit imposed by your bank. If that is the case, we will continue to charge your credit card as often as every 24 hours until the remaining balance in your Amazon seller account is paid in full.
 You can also use the Make a Payment feature to repay the balance you owe. For more information, see Making a Payment .
 You can view your payment activity at any time by logging in to your seller account and going to your Payments Report .
 Thank you for selling on Amazon.
 Amazon Services
 Help us improve your experience on selling on Amazon through this brief survey:
 https://amazonexteu.qualtrics.com/jfe/form/SV_eUKdboEQhg1YpuK?cID=10038096056-202608091349
 Was this email helpful?
 SPC-USAmazon-1811997402620609",2026-08-17 13:38:38,RETR,xtbBsg7HrWp4j64LkgAA38
店铺绩效类,older,account_4,weihaizhongxin2024@126.com,"Sun, 9 Aug 2026 04:49:49 +0000","""Fulfillment by Amazon (Do not reply)"" <donotreply@amazon.com>",FBA reimbursement notification,,"96
FBA reimbursement notification
 You have a reimbursement activity
 Hello from Fulfilment by Amazon,
We have initiated a reimbursement, a reimbursement reversal, or both due to recent activity on your selling account. No action is required from you.
Reimbursements can be initiated for an issue that you notified us about or one that we identified at a fulfilment centre. A reimbursement reversal occurs when a reimbursement decision has been reviewed and changed. Reimbursement amounts are determined in accordance with the FBA inventory reimbursement policy ( https://sellercentral.amazon.co.uk/gp/help/external/200213130 ).
Please note that it may take up to five business days for reimbursement transactions to appear in your seller account.
You can find details on your reimbursement or reversal transaction in the Reimbursements report ( https://sellercentral.amazon.co.uk/reportcentral/REIMBURSEMENTS/0 ) in Seller Central:
- In the Event Date drop-down menu, select a date range and click Generate report . You can use the date in the subject line of this email as a point of reference.
- To identify inventory reimbursements and reversals, see the Quantity reimbursed [inventory] column.
-",2026-08-17 13:38:37,RETR,xtbBpA91W2p4Bu9qCAAA3c
店铺绩效类,older,account_4,weihaizhongxin2024@126.com,"Sat, 8 Aug 2026 14:11:22 +0000",Fulfillment by Amazon Operations <fba-noreply@amazon.com>,Automated unfulfillable FBA inventory removal notification,,"96
 Hello Weihai US,
The following automated unfulfillable FBA removal orders have been created based on your automated settings.
 Removal order ID gQuMIftpdt
 You can view the removals on Removal Order Details in your seller account by using the Search tool.
The next removal order will be created as scheduled on August 9, 2026 in accordance with your settings if you have unfulfillable inventory at that time.
To make changes to the shipping address, frequency of your automated unfulfillable removals, or other settings, go to Automated unfulfillable removal settings in your seller account.
 Thank you.
The Fulfillment by Amazon team
Please note: This email was sent from a notification-only address that cannot accept incoming email. Please do not reply to this email.
 Report an issue with this email
 If you have any questions visit: Seller Central
 To change your email preferences visit: Notification Preferences
 Copyright 2026 Amazon, Inc, or its affiliates. All rights reserved.
 Amazon.com, 410 Terry Avenue North, Seattle, WA 98109-5210
 SPC-USAmazon-492583445591433",2026-08-17 13:38:37,RETR,xtbBsg7Jr2p3OQ616wAA3u
店铺绩效类,older,account_4,weihaizhongxin2024@126.com,"Sat, 8 Aug 2026 05:00:20 +0000","""Fulfillment by Amazon (Do not reply)"" <donotreply@amazon.com>",FBA reimbursement notification,,"96
FBA reimbursement notification
 You have a reimbursement activity
 Hello from Fulfilment by Amazon,
We have initiated a reimbursement, a reimbursement reversal, or both due to recent activity on your selling account. No action is required from you.
Reimbursements can be initiated for an issue that you notified us about or one that we identified at a fulfilment centre. A reimbursement reversal occurs when a reimbursement decision has been reviewed and changed. Reimbursement amounts are determined in accordance with the FBA inventory reimbursement policy ( https://sellercentral.amazon.co.uk/gp/help/external/200213130 ).
Please note that it may take up to five business days for reimbursement transactions to appear in your seller account.
You can find details on your reimbursement or reversal transaction in the Reimbursements report ( https://sellercentral.amazon.co.uk/reportcentral/REIMBURSEMENTS/0 ) in Seller Central:
- In the Event Date drop-down menu, select a date range and click Generate report . You can use the date in the subject line of this email as a point of reference.
- To identify inventory reimbursements and reversals, see the Quantity reimbursed [inventory] column.
-",2026-08-17 13:38:37,RETR,xtbBpAdfRWp2t+fpwwAA3f
店铺绩效类,older,account_4,weihaizhongxin2024@126.com,"Fri, 7 Aug 2026 17:55:17 +0000",Fulfillment by Amazon Operations <fba-noreply@amazon.com>,Automated unfulfillable FBA inventory removal notification,,"96
 Hello Weihai US,
The following automated unfulfillable FBA removal orders have been created based on your automated settings.
 Removal order ID m4n18h8HiD
 You can view the removals on Removal Order Details in your seller account by using the Search tool.
The next removal order will be created as scheduled on August 8, 2026 in accordance with your settings if you have unfulfillable inventory at that time.
To make changes to the shipping address, frequency of your automated unfulfillable removals, or other settings, go to Automated unfulfillable removal settings in your seller account.
 Thank you.
The Fulfillment by Amazon team
Please note: This email was sent from a notification-only address that cannot accept incoming email. Please do not reply to this email.
 Report an issue with this email
 If you have any questions visit: Seller Central
 To change your email preferences visit: Notification Preferences
 Copyright 2026 Amazon, Inc, or its affiliates. All rights reserved.
 Amazon.com, 410 Terry Avenue North, Seattle, WA 98109-5210
 SPC-USAmazon-228700655009658",2026-08-17 13:38:35,RETR,xtbBpAdAJmp2HAf+AAAA38
店铺绩效类,older,account_4,weihaizhongxin2024@126.com,"Fri, 7 Aug 2026 04:52:01 +0000","""Fulfillment by Amazon (Do not reply)"" <donotreply@amazon.com>",FBA reimbursement notification,,"96
FBA reimbursement notification
 You have a reimbursement activity
 Hello from Fulfilment by Amazon,
We have initiated a reimbursement, a reimbursement reversal, or both due to recent activity on your selling account. No action is required from you.
Reimbursements can be initiated for an issue that you notified us about or one that we identified at a fulfilment centre. A reimbursement reversal occurs when a reimbursement decision has been reviewed and changed. Reimbursement amounts are determined in accordance with the FBA inventory reimbursement policy ( https://sellercentral.amazon.co.uk/gp/help/external/200213130 ).
Please note that it may take up to five business days for reimbursement transactions to appear in your seller account.
You can find details on your reimbursement or reversal transaction in the Reimbursements report ( https://sellercentral.amazon.co.uk/reportcentral/REIMBURSEMENTS/0 ) in Seller Central:
- In the Event Date drop-down menu, select a date range and click Generate report . You can use the date in the subject line of this email as a point of reference.
- To identify inventory reimbursements and reversals, see the Quantity reimbursed [inventory] column.
-",2026-08-17 13:38:31,RETR,xtbBpRItE2p1ZHIIrgAA3m
店铺绩效类,older,account_4,weihaizhongxin2024@126.com,"Thu, 6 Aug 2026 17:19:22 +0000","""Amazon.com"" <fba-noreply@amazon.com>",Your FBA request is complete (PLBovnqz6i),,"Greetings from Amazon.com
We thought you'd like to know that we have completed your destroy request.
You can track the status of this request by visiting your Seller Account at:
https://sellercentral-europe.amazon.com/
For a complete list of inventory being destroyed, go to:
https://sellercentral-europe.amazon.com/gp/orders/fba-order-details.html?orderID=S02-2890328-1129528
Please note: this email was sent from a notification-only address that
cannot accept incoming e-mail. Please do not reply to this message.
Thank you for using Fulfillment by Amazon.
------------------------------------------------------------------------------
Fulfilment by Amazon – let Amazon pick, pack and ship your orders domestically
and EU wide.
------------------------------------------------------------------------------
Was this e-mail helpful? https://sellercentral.amazon.co.uk/gp/satisfaction/survey-form.html?ie=UTF8&HMDName=NotificationBusEmailHMD&customAttribute1Value=PRODUCT_REMOVAL_ORDER_SHIPPED_NOW
SPC-EUAmazon-439806329246859",2026-08-17 13:38:05,RETR,xtbBsh1vVWp0wh3HzgAA3d
店铺绩效类,older,account_4,weihaizhongxin2024@126.com,"Thu, 6 Aug 2026 05:43:06 +0000","""Fulfillment by Amazon (Do not reply)"" <donotreply@amazon.com>",FBA reimbursement notification,,"96
FBA reimbursement notification
 You have a reimbursement activity
 Hello from Fulfilment by Amazon,
We have initiated a reimbursement, a reimbursement reversal, or both due to recent activity on your selling account. No action is required from you.
Reimbursements can be initiated for an issue that you notified us about or one that we identified at a fulfilment centre. A reimbursement reversal occurs when a reimbursement decision has been reviewed and changed. Reimbursement amounts are determined in accordance with the FBA inventory reimbursement policy ( https://sellercentral.amazon.co.uk/gp/help/external/200213130 ).
Please note that it may take up to five business days for reimbursement transactions to appear in your seller account.
You can find details on your reimbursement or reversal transaction in the Reimbursements report ( https://sellercentral.amazon.co.uk/reportcentral/REIMBURSEMENTS/0 ) in Seller Central:
- In the Event Date drop-down menu, select a date range and click Generate report . You can use the date in the subject line of this email as a point of reference.
- To identify inventory reimbursements and reversals, see the Quantity reimbursed [inventory] column.
-",2026-08-17 13:38:01,RETR,xtbBpQ16YGp0Hu0opAAA3T
店铺绩效类,older,account_4,weihaizhongxin2024@126.com,"Tue, 4 Aug 2026 04:57:39 +0000","""Fulfillment by Amazon (Do not reply)"" <donotreply@amazon.com>",FBA reimbursement notification,,"96
FBA reimbursement notification
 You have a reimbursement activity
 Hello from Fulfilment by Amazon,
We have initiated a reimbursement, a reimbursement reversal, or both due to recent activity on your selling account. No action is required from you.
Reimbursements can be initiated for an issue that you notified us about or one that we identified at a fulfilment centre. A reimbursement reversal occurs when a reimbursement decision has been reviewed and changed. Reimbursement amounts are determined in accordance with the FBA inventory reimbursement policy ( https://sellercentral.amazon.co.uk/gp/help/external/200213130 ).
Please note that it may take up to five business days for reimbursement transactions to appear in your seller account.
You can find details on your reimbursement or reversal transaction in the Reimbursements report ( https://sellercentral.amazon.co.uk/reportcentral/REIMBURSEMENTS/0 ) in Seller Central:
- In the Event Date drop-down menu, select a date range and click Generate report . You can use the date in the subject line of this email as a point of reference.
- To identify inventory reimbursements and reversals, see the Quantity reimbursed [inventory] column.
-",2026-08-17 13:37:48,RETR,xtbBswZkSmpxcUbLNQAA3J
店铺绩效类,older,account_4,weihaizhongxin2024@126.com,"Mon, 3 Aug 2026 16:27:49 +0000","""Amazon.com"" <fba-noreply@amazon.com>",Your FBA request is complete (3rwPw0NlBZ),,"Greetings from Amazon.com
We thought you'd like to know that we have completed your destroy request.
You can track the status of this request by visiting your Seller Account at:
https://sellercentral-europe.amazon.com/
For a complete list of inventory being destroyed, go to:
https://sellercentral-europe.amazon.com/gp/orders/fba-order-details.html?orderID=S02-5427954-3195428
Please note: this email was sent from a notification-only address that
cannot accept incoming e-mail. Please do not reply to this message.
Thank you for using Fulfillment by Amazon.
------------------------------------------------------------------------------
Fulfilment by Amazon – let Amazon pick, pack and ship your orders domestically
and EU wide.
------------------------------------------------------------------------------
Was this e-mail helpful? https://sellercentral.amazon.co.uk/gp/satisfaction/survey-form.html?ie=UTF8&HMDName=NotificationBusEmailHMD&customAttribute1Value=PRODUCT_REMOVAL_ORDER_SHIPPED_NOW
SPC-EUAmazon-492582888031003",2026-08-17 13:37:45,RETR,xtbBswhJL2pwwYim+wAA3T
店铺绩效类,older,account_4,weihaizhongxin2024@126.com,"Mon, 3 Aug 2026 04:52:33 +0000","""Fulfillment by Amazon (Do not reply)"" <donotreply@amazon.com>",FBA reimbursement notification,,"96
FBA reimbursement notification
 You have a reimbursement activity
 Hello from Fulfilment by Amazon,
We have initiated a reimbursement, a reimbursement reversal, or both due to recent activity on your selling account. No action is required from you.
Reimbursements can be initiated for an issue that you notified us about or one that we identified at a fulfilment centre. A reimbursement reversal occurs when a reimbursement decision has been reviewed and changed. Reimbursement amounts are determined in accordance with the FBA inventory reimbursement policy ( https://sellercentral.amazon.co.uk/gp/help/external/200213130 ).
Please note that it may take up to five business days for reimbursement transactions to appear in your seller account.
You can find details on your reimbursement or reversal transaction in the Reimbursements report ( https://sellercentral.amazon.co.uk/reportcentral/REIMBURSEMENTS/0 ) in Seller Central:
- In the Event Date drop-down menu, select a date range and click Generate report . You can use the date in the subject line of this email as a point of reference.
- To identify inventory reimbursements and reversals, see the Quantity reimbursed [inventory] column.
-",2026-08-17 13:37:42,RETR,xtbBshZjSWpwHpbVIAAA3p
店铺绩效类,older,account_4,weihaizhongxin2024@126.com,"Sun, 2 Aug 2026 04:46:25 +0000","""Fulfillment by Amazon (Do not reply)"" <donotreply@amazon.com>",FBA reimbursement notification,,"96
FBA reimbursement notification
 You have a reimbursement activity
 Hello from Fulfilment by Amazon,
We have initiated a reimbursement, a reimbursement reversal, or both due to recent activity on your selling account. No action is required from you.
Reimbursements can be initiated for an issue that you notified us about or one that we identified at a fulfilment centre. A reimbursement reversal occurs when a reimbursement decision has been reviewed and changed. Reimbursement amounts are determined in accordance with the FBA inventory reimbursement policy ( https://sellercentral.amazon.co.uk/gp/help/external/200213130 ).
Please note that it may take up to five business days for reimbursement transactions to appear in your seller account.
You can find details on your reimbursement or reversal transaction in the Reimbursements report ( https://sellercentral.amazon.co.uk/reportcentral/REIMBURSEMENTS/0 ) in Seller Central:
- In the Event Date drop-down menu, select a date range and click Generate report . You can use the date in the subject line of this email as a point of reference.
- To identify inventory reimbursements and reversals, see the Quantity reimbursed [inventory] column.
-",2026-08-17 13:37:40,RETR,xtbBpQlTOWpuy6meIQAA3f
店铺绩效类,older,account_4,weihaizhongxin2024@126.com,"Sat, 1 Aug 2026 04:49:15 +0000","""Fulfillment by Amazon (Do not reply)"" <donotreply@amazon.com>",FBA reimbursement notification,,"96
FBA reimbursement notification
 You have a reimbursement activity
 Hello from Fulfilment by Amazon,
We have initiated a reimbursement, a reimbursement reversal, or both due to recent activity on your selling account. No action is required from you.
Reimbursements can be initiated for an issue that you notified us about or one that we identified at a fulfilment centre. A reimbursement reversal occurs when a reimbursement decision has been reviewed and changed. Reimbursement amounts are determined in accordance with the FBA inventory reimbursement policy ( https://sellercentral.amazon.co.uk/gp/help/external/200213130 ).
Please note that it may take up to five business days for reimbursement transactions to appear in your seller account.
You can find details on your reimbursement or reversal transaction in the Reimbursements report ( https://sellercentral.amazon.co.uk/reportcentral/REIMBURSEMENTS/0 ) in Seller Central:
- In the Event Date drop-down menu, select a date range and click Generate report . You can use the date in the subject line of this email as a point of reference.
- To identify inventory reimbursements and reversals, see the Quantity reimbursed [inventory] column.
-",2026-08-17 13:37:35,RETR,xtbBpQ-HrWptes-a8QAA3Z
店铺绩效类,older,account_4,weihaizhongxin2024@126.com,"Fri, 31 Jul 2026 09:23:20 +0000","""Fulfillment by Amazon (Do not reply)"" <donotreply@amazon.com>",FBA reimbursement notification,,"96
FBA reimbursement notification
 You have a reimbursement activity
 Hello from Fulfillment by Amazon,
We have initiated a reimbursement, a reimbursement reversal, or both due to recent activity on your selling account. No action is required from you.
Reimbursements can be initiated for an issue that you notified us about or one that we identified at a fulfillment center. A reimbursement reversal occurs when a reimbursement decision has been reviewed and changed. Reimbursement amounts are determined in accordance with the FBA inventory reimbursement policy ( https://sellercentral.amazon.com/gp/help/external/200213130 ).
Please note that it may take up to five business days for reimbursement transactions to appear in your seller account.
You can find details on your reimbursement or reversal transaction in the Reimbursements report ( https://sellercentral.amazon.com/reportcentral/REIMBURSEMENTS/0 ) in Seller Central:
- In the Event Date drop-down menu, select a date range and click Generate report . You can use the date in the subject line of this email as a point of reference.
- To identify inventory reimbursements and reversals, see the Quantity reimbursed [inventory] column.
- T",2026-08-17 13:37:28,RETR,xtbBpAwzGWpsaYyYmgAA3j
店铺绩效类,older,account_4,weihaizhongxin2024@126.com,"Thu, 30 Jul 2026 19:42:31 +0000","""Amazon.com"" <fba-noreply@amazon.com>",Your FBA request is complete (YsvR7aqoWy),,"Greetings from Amazon.com
We thought you'd like to know that we have completed your destroy request.
Disposal Summary:
Quantity Requested: 1
Quantity Successfully Destroyed: 1
Quantity Cancelled: 0
You can track the status of this request by visiting your Seller Account at:
https://sellercentral.amazon.com/
For a complete list of inventory being destroyed, go to:
https://sellercentral.amazon.com/gp/orders/fba-order-details.html?orderID=S01-3411221-8153540
Please note: this email was sent from a notification-only address that
cannot accept incoming e-mail. Please do not reply to this message.
Thank you for using Fulfillment by Amazon.
--------------------------------------------------------------------------
Fulfillment by Amazon, professional packing, shipping and servicing of
online orders.
--------------------------------------------------------------------------
Was this email helpful?
 https://sellercentral.amazon.com/gp/satisfaction/survey-form.html?ie=UTF8&HMDName=NotificationBusEmailHMD&customAttribute1Value=PRODUCT_REMOVAL_ORDER_SHIPPED_NOW
SPC-USAmazon-158331910915092",2026-08-17 13:37:27,RETR,xtbBsgvpz2prqSvgEwAA3v
店铺绩效类,older,account_4,weihaizhongxin2024@126.com,"Thu, 30 Jul 2026 07:19:03 +0000","""Amazon.com"" <fba-noreply@amazon.com>",Your FBA request is complete (8AOhKJjKS4),,"Greetings from Amazon.com
We thought you'd like to know that we have completed your destroy request.
You can track the status of this request by visiting your Seller Account at:
https://sellercentral-europe.amazon.com/
For a complete list of inventory being destroyed, go to:
https://sellercentral-europe.amazon.com/gp/orders/fba-order-details.html?orderID=S02-5605607-6998831
Please note: this email was sent from a notification-only address that
cannot accept incoming e-mail. Please do not reply to this message.
Thank you for using Fulfillment by Amazon.
------------------------------------------------------------------------------
Fulfilment by Amazon – let Amazon pick, pack and ship your orders domestically
and EU wide.
------------------------------------------------------------------------------
Was this e-mail helpful? https://sellercentral.amazon.co.uk/gp/satisfaction/survey-form.html?ie=UTF8&HMDName=NotificationBusEmailHMD&customAttribute1Value=PRODUCT_REMOVAL_ORDER_SHIPPED_NOW
SPC-EUAmazon-562951628936844",2026-08-17 13:37:25,RETR,xtbBpAouFGpq+urVDwAA3e
店铺绩效类,older,account_4,weihaizhongxin2024@126.com,"Thu, 30 Jul 2026 05:45:50 +0000","""Fulfillment by Amazon (Do not reply)"" <donotreply@amazon.com>",FBA reimbursement notification,,"96
FBA reimbursement notification
 You have a reimbursement activity
 Hello from Fulfilment by Amazon,
We have initiated a reimbursement, a reimbursement reversal, or both due to recent activity on your selling account. No action is required from you.
Reimbursements can be initiated for an issue that you notified us about or one that we identified at a fulfilment centre. A reimbursement reversal occurs when a reimbursement decision has been reviewed and changed. Reimbursement amounts are determined in accordance with the FBA inventory reimbursement policy ( https://sellercentral.amazon.co.uk/gp/help/external/200213130 ).
Please note that it may take up to five business days for reimbursement transactions to appear in your seller account.
You can find details on your reimbursement or reversal transaction in the Reimbursements report ( https://sellercentral.amazon.co.uk/reportcentral/REIMBURSEMENTS/0 ) in Seller Central:
- In the Event Date drop-down menu, select a date range and click Generate report . You can use the date in the subject line of this email as a point of reference.
- To identify inventory reimbursements and reversals, see the Quantity reimbursed [inventory] column.
-",2026-08-17 13:37:24,RETR,xtbBshKymGpq5RItPgAA3u
店铺绩效类,older,account_4,weihaizhongxin2024@126.com,"Wed, 29 Jul 2026 16:56:25 +0000","""Amazon.sa"" <donotreply@amazon.com>",Your Amazon bank account information has been successfully updated,,"96
 Your Amazon bank account information has been successfully updated
 Hello from Amazon,
You have successfully modified the bank account information associated with your Seller account. This change will not affect any transfer of funds initiated prior to this change.
If this change involved adding a new bank account, your future transfers will be submitted to this new bank account. Please note that there is a mandatory three-day security hold before any changes to the bank account information take effect. Transfers of funds cannot be initiated until after that period, which starts on the date you submitted your new bank account information in your seller account.
If this change involved removing a bank account, the removal was successful and future transfers will be submitted to the bank account already associated with your seller account.
You can update your bank account information at any time in the settings section of your seller account. For additional information, please visit our online help pages.
If you did not modify your bank account information, please contact Seller Support/Selling Partner Support .
Thank you for selling on Amazon,
Amazon Services
 Report an issue wi",2026-08-17 13:37:23,RETR,xtbBpB5wVmpqML46kQAA35
店铺绩效类,older,account_4,weihaizhongxin2024@126.com,"Wed, 29 Jul 2026 16:49:41 +0000","""Amazon.fr"" <donotreply@amazon.com>",Amazon Seller Account Protection,,"96
Amazon Seller Account Protection
 Hello from Amazon,
You have successfully modified the bank account information associated with your Seller account. This change will not affect any transfer of funds initiated prior to this change.
If this change involved adding a new bank account, your future transfers will be submitted to this new bank account. Please note that there is a mandatory three-day security hold before any changes to the bank account information take effect. Transfers of funds cannot be initiated until after that period, which starts on the date you submitted your new bank account information in your seller account.
If this change involved removing a bank account, the removal was successful, and future transfers will be submitted to the bank account already associated with your seller account.
You can update your bank account information at any time in the settings section of your seller account. For additional information, please visit our online help pages.
If you did not modify your bank account information, please contact Seller Support.
Thank you for selling on Amazon,
Amazon Services Europe
 Report an issue with this email
 If you have any questions visit: Sell",2026-08-17 13:37:22,RETR,xtbBsgkL8GpqLylDgAAA3F
店铺绩效类,older,account_4,weihaizhongxin2024@126.com,"Wed, 29 Jul 2026 16:48:37 +0000","""Amazon.ae"" <donotreply@amazon.com>",Your Amazon bank account information has been successfully updated,,"96
 Your Amazon bank account information has been successfully updated
 Hello from Amazon,
You have successfully modified the bank account information associated with your Seller account. This change will not affect any transfer of funds initiated prior to this change.
If this change involved adding a new bank account, your future transfers will be submitted to this new bank account. Please note that there is a mandatory three-day security hold before any changes to the bank account information take effect. Transfers of funds cannot be initiated until after that period, which starts on the date you submitted your new bank account information in your seller account.
If this change involved removing a bank account, the removal was successful and future transfers will be submitted to the bank account already associated with your seller account.
You can update your bank account information at any time in the settings section of your seller account. For additional information, please visit our online help pages.
If you did not modify your bank account information, please contact Seller Support/Selling Partner Support .
Thank you for selling on Amazon,
Amazon Services
 Report an issue wi",2026-08-17 13:37:22,RETR,xtbBswn64GpqLuntewAA3x
店铺绩效类,older,account_4,weihaizhongxin2024@126.com,"Wed, 29 Jul 2026 16:43:00 +0000","""Amazon.co.uk"" <donotreply@amazon.com>",Your Amazon bank account information has been updated successfully,,"96
 Your Amazon bank account information has been updated successfully
 Hello from Amazon,
You have successfully modified the bank account information associated with your Seller account. This change will not affect any transfer of funds initiated prior to this change.
If this change involved adding a new bank account, your future transfers will be submitted to this new bank account. Please note that there is a mandatory three-day security hold before any changes to the bank account information take effect. Transfers of funds cannot be initiated until after that period, which starts on the date that you submit your new bank account information in your seller account.
If this change involved removing a bank account, the removal was successful and future transfers will be submitted to the bank account that is already associated with your seller account.
You can update your bank account information at any time in the settings section of your seller account. For additional information, please visit our online help pages.
If you did not modify your bank account information, please contact Seller Support/Selling Partner Support .
Thank you for selling on Amazon,
Amazon Services Europe
 R",2026-08-17 13:37:21,RETR,xtbBpReli2pqLZcw6AAA3+
店铺绩效类,older,account_4,weihaizhongxin2024@126.com,"Wed, 29 Jul 2026 16:38:29 +0000","""Amazon.co.uk"" <donotreply@amazon.com>",Your Amazon bank account information has been updated successfully,,"96
 Your Amazon bank account information has been updated successfully
 Hello from Amazon,
You have successfully modified the bank account information associated with your Seller account. This change will not affect any transfer of funds initiated prior to this change.
If this change involved adding a new bank account, your future transfers will be submitted to this new bank account. Please note that there is a mandatory three-day security hold before any changes to the bank account information take effect. Transfers of funds cannot be initiated until after that period, which starts on the date that you submit your new bank account information in your seller account.
If this change involved removing a bank account, the removal was successful and future transfers will be submitted to the bank account that is already associated with your seller account.
You can update your bank account information at any time in the settings section of your seller account. For additional information, please visit our online help pages.
If you did not modify your bank account information, please contact Seller Support/Selling Partner Support .
Thank you for selling on Amazon,
Amazon Services Europe
 R",2026-08-17 13:37:21,RETR,xtbBsgliSGpqLIkybAAA3q
店铺绩效类,older,account_4,weihaizhongxin2024@126.com,"Wed, 29 Jul 2026 14:56:26 +0000",Fulfillment by Amazon Operations <fba-noreply@amazon.com>,Automated unfulfillable FBA inventory removal notification,,"96
 Hello Weihai US,
The following automated unfulfillable FBA removal orders have been created based on your automated settings.
 Removal order ID YsvR7aqoWy
 You can view the removals on Removal Order Details in your seller account by using the Search tool.
The next removal order will be created as scheduled on July 30, 2026 in accordance with your settings if you have unfulfillable inventory at that time.
To make changes to the shipping address, frequency of your automated unfulfillable removals, or other settings, go to Automated unfulfillable removal settings in your seller account.
 Thank you.
The Fulfillment by Amazon team
Please note: This email was sent from a notification-only address that cannot accept incoming email. Please do not reply to this email.
 Report an issue with this email
 If you have any questions visit: Seller Central
 To change your email preferences visit: Notification Preferences
 Copyright 2026 Amazon, Inc, or its affiliates. All rights reserved.
 Amazon.com, 410 Terry Avenue North, Seattle, WA 98109-5210
 SPC-USAmazon-123147537484532",2026-08-17 13:37:20,RETR,xtbBpR5hR2pqFJ5SPQAA34
店铺绩效类,older,account_4,weihaizhongxin2024@126.com,"Wed, 29 Jul 2026 05:51:10 +0000","""Fulfillment by Amazon (Do not reply)"" <donotreply@amazon.com>",FBA reimbursement notification,,"96
FBA reimbursement notification
 You have a reimbursement activity
 Hello from Fulfilment by Amazon,
We have initiated a reimbursement, a reimbursement reversal, or both due to recent activity on your selling account. No action is required from you.
Reimbursements can be initiated for an issue that you notified us about or one that we identified at a fulfilment centre. A reimbursement reversal occurs when a reimbursement decision has been reviewed and changed. Reimbursement amounts are determined in accordance with the FBA inventory reimbursement policy ( https://sellercentral.amazon.co.uk/gp/help/external/200213130 ).
Please note that it may take up to five business days for reimbursement transactions to appear in your seller account.
You can find details on your reimbursement or reversal transaction in the Reimbursements report ( https://sellercentral.amazon.co.uk/reportcentral/REIMBURSEMENTS/0 ) in Seller Central:
- In the Event Date drop-down menu, select a date range and click Generate report . You can use the date in the subject line of this email as a point of reference.
- To identify inventory reimbursements and reversals, see the Quantity reimbursed [inventory] column.
-",2026-08-17 13:37:19,RETR,xtbBpRJONGpplNJ7igAA35
店铺绩效类,older,account_4,weihaizhongxin2024@126.com,"Tue, 28 Jul 2026 09:53:48 +0000","""Amazon.com"" <fba-noreply@amazon.com>",Your FBA request is complete (WXuXOpUPId),,"Greetings from Amazon.com
We thought you'd like to know that we have completed your destroy request.
Disposal Summary:
Quantity Requested: 1
Quantity Successfully Destroyed: 1
Quantity Cancelled: 0
You can track the status of this request by visiting your Seller Account at:
https://sellercentral.amazon.com/
For a complete list of inventory being destroyed, go to:
https://sellercentral.amazon.com/gp/orders/fba-order-details.html?orderID=S01-8893641-4969855
Please note: this email was sent from a notification-only address that
cannot accept incoming e-mail. Please do not reply to this message.
Thank you for using Fulfillment by Amazon.
--------------------------------------------------------------------------
Fulfillment by Amazon, professional packing, shipping and servicing of
online orders.
--------------------------------------------------------------------------
Was this email helpful?
 https://sellercentral.amazon.com/gp/satisfaction/survey-form.html?ie=UTF8&HMDName=NotificationBusEmailHMD&customAttribute1Value=PRODUCT_REMOVAL_ORDER_SHIPPED_NOW
SPC-USAmazon-457399073370325",2026-08-17 13:37:12,RETR,xtbBpRDfxWpofDAyrgAA39
店铺绩效类,older,account_4,weihaizhongxin2024@126.com,"Tue, 28 Jul 2026 06:03:52 +0000","""Fulfillment by Amazon (Do not reply)"" <donotreply@amazon.com>",FBA reimbursement notification,,"96
FBA reimbursement notification
 You have a reimbursement activity
 Hello from Fulfilment by Amazon,
We have initiated a reimbursement, a reimbursement reversal, or both due to recent activity on your selling account. No action is required from you.
Reimbursements can be initiated for an issue that you notified us about or one that we identified at a fulfilment centre. A reimbursement reversal occurs when a reimbursement decision has been reviewed and changed. Reimbursement amounts are determined in accordance with the FBA inventory reimbursement policy ( https://sellercentral.amazon.co.uk/gp/help/external/200213130 ).
Please note that it may take up to five business days for reimbursement transactions to appear in your seller account.
You can find details on your reimbursement or reversal transaction in the Reimbursements report ( https://sellercentral.amazon.co.uk/reportcentral/REIMBURSEMENTS/0 ) in Seller Central:
- In the Event Date drop-down menu, select a date range and click Generate report . You can use the date in the subject line of this email as a point of reference.
- To identify inventory reimbursements and reversals, see the Quantity reimbursed [inventory] column.
-",2026-08-17 13:37:12,RETR,xtbBpQxZP2poRkxoCAAA3n
店铺绩效类,older,account_4,weihaizhongxin2024@126.com,"Mon, 27 Jul 2026 16:41:05 +0000","""Amazon.com"" <fba-noreply@amazon.com>",Your FBA request is complete (ckaicj9NPD),,"Greetings from Amazon.com
We thought you'd like to know that we have completed your destroy request.
You can track the status of this request by visiting your Seller Account at:
https://sellercentral-europe.amazon.com/
For a complete list of inventory being destroyed, go to:
https://sellercentral-europe.amazon.com/gp/orders/fba-order-details.html?orderID=S02-7308866-9103553
Please note: this email was sent from a notification-only address that
cannot accept incoming e-mail. Please do not reply to this message.
Thank you for using Fulfillment by Amazon.
------------------------------------------------------------------------------
Fulfilment by Amazon – let Amazon pick, pack and ship your orders domestically
and EU wide.
------------------------------------------------------------------------------
Was this e-mail helpful? https://sellercentral.amazon.co.uk/gp/satisfaction/survey-form.html?ie=UTF8&HMDName=NotificationBusEmailHMD&customAttribute1Value=PRODUCT_REMOVAL_ORDER_SHIPPED_NOW
SPC-EUAmazon-2111064000801489",2026-08-17 13:37:10,RETR,xtbBpAUgBmpniiUTzwAA35
店铺绩效类,older,account_4,weihaizhongxin2024@126.com,"Mon, 27 Jul 2026 09:48:04 +0000","""Fulfillment by Amazon (Do not reply)"" <donotreply@amazon.com>",FBA reimbursement notification,,"96
FBA reimbursement notification
 You have a reimbursement activity
 Hello from Fulfillment by Amazon,
We have initiated a reimbursement, a reimbursement reversal, or both due to recent activity on your selling account. No action is required from you.
Reimbursements can be initiated for an issue that you notified us about or one that we identified at a fulfillment center. A reimbursement reversal occurs when a reimbursement decision has been reviewed and changed. Reimbursement amounts are determined in accordance with the FBA inventory reimbursement policy ( https://sellercentral.amazon.com/gp/help/external/200213130 ).
Please note that it may take up to five business days for reimbursement transactions to appear in your seller account.
You can find details on your reimbursement or reversal transaction in the Reimbursements report ( https://sellercentral.amazon.com/reportcentral/REIMBURSEMENTS/0 ) in Seller Central:
- In the Event Date drop-down menu, select a date range and click Generate report . You can use the date in the subject line of this email as a point of reference.
- To identify inventory reimbursements and reversals, see the Quantity reimbursed [inventory] column.
- T",2026-08-17 13:37:10,RETR,xtbBsxfTuWpnKVc2+AAA3z
店铺绩效类,older,account_4,weihaizhongxin2024@126.com,"Mon, 27 Jul 2026 04:57:36 +0000","""Fulfillment by Amazon (Do not reply)"" <donotreply@amazon.com>",FBA reimbursement notification,,"96
FBA reimbursement notification
 You have a reimbursement activity
 Hello from Fulfilment by Amazon,
We have initiated a reimbursement, a reimbursement reversal, or both due to recent activity on your selling account. No action is required from you.
Reimbursements can be initiated for an issue that you notified us about or one that we identified at a fulfilment centre. A reimbursement reversal occurs when a reimbursement decision has been reviewed and changed. Reimbursement amounts are determined in accordance with the FBA inventory reimbursement policy ( https://sellercentral.amazon.co.uk/gp/help/external/200213130 ).
Please note that it may take up to five business days for reimbursement transactions to appear in your seller account.
You can find details on your reimbursement or reversal transaction in the Reimbursements report ( https://sellercentral.amazon.co.uk/reportcentral/REIMBURSEMENTS/0 ) in Seller Central:
- In the Event Date drop-down menu, select a date range and click Generate report . You can use the date in the subject line of this email as a point of reference.
- To identify inventory reimbursements and reversals, see the Quantity reimbursed [inventory] column.
-",2026-08-17 13:37:09,RETR,xtbBpQS+pGpm5UTMOQAA3j
店铺绩效类,older,account_4,weihaizhongxin2024@126.com,"Sun, 26 Jul 2026 20:49:44 +0000","""Amazon.com"" <fba-noreply@amazon.com>",Your FBA request is complete (1pqaY5uvK2),,"Greetings from Amazon.com
We thought you'd like to know that we have completed your destroy request.
Disposal Summary:
Quantity Requested: 1
Quantity Successfully Destroyed: 1
Quantity Cancelled: 0
You can track the status of this request by visiting your Seller Account at:
https://sellercentral.amazon.com/
For a complete list of inventory being destroyed, go to:
https://sellercentral.amazon.com/gp/orders/fba-order-details.html?orderID=S01-5941114-2816300
Please note: this email was sent from a notification-only address that
cannot accept incoming e-mail. Please do not reply to this message.
Thank you for using Fulfillment by Amazon.
--------------------------------------------------------------------------
Fulfillment by Amazon, professional packing, shipping and servicing of
online orders.
--------------------------------------------------------------------------
Was this email helpful?
 https://sellercentral.amazon.com/gp/satisfaction/survey-form.html?ie=UTF8&HMDName=NotificationBusEmailHMD&customAttribute1Value=PRODUCT_REMOVAL_ORDER_SHIPPED_NOW
SPC-USAmazon-2040695819658286",2026-08-17 13:37:08,RETR,xtbBpAsL8Gpmcut0owAA3W
店铺绩效类,older,account_4,weihaizhongxin2024@126.com,"Sun, 26 Jul 2026 14:44:02 +0000",Amazon Services <seller-notification@amazon.com>,Balance paid on your Amazon seller account,,"Greetings from Amazon Services.
 We have charged your credit card for $63.02 in an attempt to settle your Amazon seller account balance.
 Note that the amount charged to your credit card may be less than the total amount you owe due to a credit limit imposed by your bank. If that is the case, we will continue to charge your credit card as often as every 24 hours until the remaining balance in your Amazon seller account is paid in full.
 You can also use the Make a Payment feature to repay the balance you owe. For more information, see Making a Payment .
 You can view your payment activity at any time by logging in to your seller account and going to your Payments Report .
 Thank you for selling on Amazon.
 Amazon Services
 Help us improve your experience on selling on Amazon through this brief survey:
 https://amazonexteu.qualtrics.com/jfe/form/SV_eUKdboEQhg1YpuK?cID=10038096056-202607261349
 Was this email helpful?
 SPC-USAmazon-175924099412243",2026-08-17 13:37:08,RETR,xtbBpReIbmpmHTfO1wAA3r
店铺绩效类,older,account_4,weihaizhongxin2024@126.com,"Sat, 25 Jul 2026 04:57:25 +0000","""Fulfillment by Amazon (Do not reply)"" <donotreply@amazon.com>",FBA reimbursement notification,,"96
FBA reimbursement notification
 You have a reimbursement activity
 Hello from Fulfilment by Amazon,
We have initiated a reimbursement, a reimbursement reversal, or both due to recent activity on your selling account. No action is required from you.
Reimbursements can be initiated for an issue that you notified us about or one that we identified at a fulfilment centre. A reimbursement reversal occurs when a reimbursement decision has been reviewed and changed. Reimbursement amounts are determined in accordance with the FBA inventory reimbursement policy ( https://sellercentral.amazon.co.uk/gp/help/external/200213130 ).
Please note that it may take up to five business days for reimbursement transactions to appear in your seller account.
You can find details on your reimbursement or reversal transaction in the Reimbursements report ( https://sellercentral.amazon.co.uk/reportcentral/REIMBURSEMENTS/0 ) in Seller Central:
- In the Event Date drop-down menu, select a date range and click Generate report . You can use the date in the subject line of this email as a point of reference.
- To identify inventory reimbursements and reversals, see the Quantity reimbursed [inventory] column.
-",2026-08-17 13:37:05,RETR,xtbBsxhSOGpkQjj4ZQAA3o
店铺绩效类,older,account_4,weihaizhongxin2024@126.com,"Fri, 24 Jul 2026 05:07:54 +0000","""Fulfillment by Amazon (Do not reply)"" <donotreply@amazon.com>",FBA reimbursement notification,,"96
FBA reimbursement notification
 You have a reimbursement activity
 Hello from Fulfilment by Amazon,
We have initiated a reimbursement, a reimbursement reversal, or both due to recent activity on your selling account. No action is required from you.
Reimbursements can be initiated for an issue that you notified us about or one that we identified at a fulfilment centre. A reimbursement reversal occurs when a reimbursement decision has been reviewed and changed. Reimbursement amounts are determined in accordance with the FBA inventory reimbursement policy ( https://sellercentral.amazon.co.uk/gp/help/external/200213130 ).
Please note that it may take up to five business days for reimbursement transactions to appear in your seller account.
You can find details on your reimbursement or reversal transaction in the Reimbursements report ( https://sellercentral.amazon.co.uk/reportcentral/REIMBURSEMENTS/0 ) in Seller Central:
- In the Event Date drop-down menu, select a date range and click Generate report . You can use the date in the subject line of this email as a point of reference.
- To identify inventory reimbursements and reversals, see the Quantity reimbursed [inventory] column.
-",2026-08-17 13:36:58,RETR,xtbBsxI8Impi8zKTBQAA3g
店铺绩效类,older,account_4,weihaizhongxin2024@126.com,"Thu, 23 Jul 2026 16:10:45 +0000","""Amazon.co.uk"" <donotreply@amazon.com>",Your Amazon bank account information has been updated successfully,,"96
 Your Amazon bank account information has been updated successfully
 Hello from Amazon,
You have successfully modified the bank account information associated with your Seller account. This change will not affect any transfer of funds initiated prior to this change.
If this change involved adding a new bank account, your future transfers will be submitted to this new bank account. Please note that there is a mandatory three-day security hold before any changes to the bank account information take effect. Transfers of funds cannot be initiated until after that period, which starts on the date that you submit your new bank account information in your seller account.
If this change involved removing a bank account, the removal was successful and future transfers will be submitted to the bank account that is already associated with your seller account.
You can update your bank account information at any time in the settings section of your seller account. For additional information, please visit our online help pages.
If you did not modify your bank account information, please contact Seller Support/Selling Partner Support .
Thank you for selling on Amazon,
Amazon Services Europe
 R",2026-08-17 13:36:57,RETR,xtbBsweDaWpiPQcL+wAA3c
店铺绩效类,older,account_4,weihaizhongxin2024@126.com,"Thu, 23 Jul 2026 10:35:17 +0000","""Amazon.com"" <fba-noreply@amazon.com>",Your FBA request is complete (Zx1U3/hDuM),,"Greetings from Amazon.com
We thought you'd like to know that we have completed your destroy request.
You can track the status of this request by visiting your Seller Account at:
https://sellercentral-europe.amazon.com/
For a complete list of inventory being destroyed, go to:
https://sellercentral-europe.amazon.com/gp/orders/fba-order-details.html?orderID=S02-9809393-8886330
Please note: this email was sent from a notification-only address that
cannot accept incoming e-mail. Please do not reply to this message.
Thank you for using Fulfillment by Amazon.
------------------------------------------------------------------------------
Fulfilment by Amazon – let Amazon pick, pack and ship your orders domestically
and EU wide.
------------------------------------------------------------------------------
Was this e-mail helpful? https://sellercentral.amazon.co.uk/gp/satisfaction/survey-form.html?ie=UTF8&HMDName=NotificationBusEmailHMD&customAttribute1Value=PRODUCT_REMOVAL_ORDER_SHIPPED_NOW
SPC-EUAmazon-492582884614300",2026-08-17 13:36:54,RETR,xtbBsgfHrWph7mc8sQAA3Q
店铺绩效类,older,account_4,weihaizhongxin2024@126.com,"Thu, 23 Jul 2026 05:01:14 +0000","""Fulfillment by Amazon (Do not reply)"" <donotreply@amazon.com>",FBA reimbursement notification,,"96
FBA reimbursement notification
 You have a reimbursement activity
 Hello from Fulfilment by Amazon,
We have initiated a reimbursement, a reimbursement reversal, or both due to recent activity on your selling account. No action is required from you.
Reimbursements can be initiated for an issue that you notified us about or one that we identified at a fulfilment centre. A reimbursement reversal occurs when a reimbursement decision has been reviewed and changed. Reimbursement amounts are determined in accordance with the FBA inventory reimbursement policy ( https://sellercentral.amazon.co.uk/gp/help/external/200213130 ).
Please note that it may take up to five business days for reimbursement transactions to appear in your seller account.
You can find details on your reimbursement or reversal transaction in the Reimbursements report ( https://sellercentral.amazon.co.uk/reportcentral/REIMBURSEMENTS/0 ) in Seller Central:
- In the Event Date drop-down menu, select a date range and click Generate report . You can use the date in the subject line of this email as a point of reference.
- To identify inventory reimbursements and reversals, see the Quantity reimbursed [inventory] column.
-",2026-08-17 13:36:53,RETR,xtbBsh8iCGphoB+6vwAA32
店铺绩效类,older,account_4,weihaizhongxin2024@126.com,"Wed, 22 Jul 2026 05:03:32 +0000","""Fulfillment by Amazon (Do not reply)"" <donotreply@amazon.com>",FBA reimbursement notification,,"96
FBA reimbursement notification
 You have a reimbursement activity
 Hello from Fulfilment by Amazon,
We have initiated a reimbursement, a reimbursement reversal, or both due to recent activity on your selling account. No action is required from you.
Reimbursements can be initiated for an issue that you notified us about or one that we identified at a fulfilment centre. A reimbursement reversal occurs when a reimbursement decision has been reviewed and changed. Reimbursement amounts are determined in accordance with the FBA inventory reimbursement policy ( https://sellercentral.amazon.co.uk/gp/help/external/200213130 ).
Please note that it may take up to five business days for reimbursement transactions to appear in your seller account.
You can find details on your reimbursement or reversal transaction in the Reimbursements report ( https://sellercentral.amazon.co.uk/reportcentral/REIMBURSEMENTS/0 ) in Seller Central:
- In the Event Date drop-down menu, select a date range and click Generate report . You can use the date in the subject line of this email as a point of reference.
- To identify inventory reimbursements and reversals, see the Quantity reimbursed [inventory] column.
-",2026-08-17 13:36:48,RETR,xtbBsgePdWpgTye8EAAA3B
店铺绩效类,older,account_4,weihaizhongxin2024@126.com,"Tue, 21 Jul 2026 09:30:25 +0000","""Fulfillment by Amazon (Do not reply)"" <donotreply@amazon.com>",FBA reimbursement notification,,"96
FBA reimbursement notification
 You have a reimbursement activity
 Hello from Fulfillment by Amazon,
We have initiated a reimbursement, a reimbursement reversal, or both due to recent activity on your selling account. No action is required from you.
Reimbursements can be initiated for an issue that you notified us about or one that we identified at a fulfillment center. A reimbursement reversal occurs when a reimbursement decision has been reviewed and changed. Reimbursement amounts are determined in accordance with the FBA inventory reimbursement policy ( https://sellercentral.amazon.com/gp/help/external/200213130 ).
Please note that it may take up to five business days for reimbursement transactions to appear in your seller account.
You can find details on your reimbursement or reversal transaction in the Reimbursements report ( https://sellercentral.amazon.com/reportcentral/REIMBURSEMENTS/0 ) in Seller Central:
- In the Event Date drop-down menu, select a date range and click Generate report . You can use the date in the subject line of this email as a point of reference.
- To identify inventory reimbursements and reversals, see the Quantity reimbursed [inventory] column.
- T",2026-08-17 13:36:45,RETR,xtbBsxONc2pfPDPjZgAA3h
店铺绩效类,older,account_4,weihaizhongxin2024@126.com,"Tue, 21 Jul 2026 04:57:37 +0000","""Fulfillment by Amazon (Do not reply)"" <donotreply@amazon.com>",FBA reimbursement notification,,"96
FBA reimbursement notification
 You have a reimbursement activity
 Hello from Fulfilment by Amazon,
We have initiated a reimbursement, a reimbursement reversal, or both due to recent activity on your selling account. No action is required from you.
Reimbursements can be initiated for an issue that you notified us about or one that we identified at a fulfilment centre. A reimbursement reversal occurs when a reimbursement decision has been reviewed and changed. Reimbursement amounts are determined in accordance with the FBA inventory reimbursement policy ( https://sellercentral.amazon.co.uk/gp/help/external/200213130 ).
Please note that it may take up to five business days for reimbursement transactions to appear in your seller account.
You can find details on your reimbursement or reversal transaction in the Reimbursements report ( https://sellercentral.amazon.co.uk/reportcentral/REIMBURSEMENTS/0 ) in Seller Central:
- In the Event Date drop-down menu, select a date range and click Generate report . You can use the date in the subject line of this email as a point of reference.
- To identify inventory reimbursements and reversals, see the Quantity reimbursed [inventory] column.
-",2026-08-17 13:36:44,RETR,xtbBpASCaGpe-ESvSAAA3h
店铺绩效类,older,account_4,weihaizhongxin2024@126.com,"Sun, 19 Jul 2026 14:04:25 +0000",Fulfillment by Amazon Operations <fba-noreply@amazon.com>,Automated unfulfillable FBA inventory removal notification,,"96
 Hello Weihai US,
The following automated unfulfillable FBA removal orders have been created based on your automated settings.
 Removal order ID WXuXOpUPId
 You can view the removals on Removal Order Details in your seller account by using the Search tool.
The next removal order will be created as scheduled on July 20, 2026 in accordance with your settings if you have unfulfillable inventory at that time.
To make changes to the shipping address, frequency of your automated unfulfillable removals, or other settings, go to Automated unfulfillable removal settings in your seller account.
 Thank you.
The Fulfillment by Amazon team
Please note: This email was sent from a notification-only address that cannot accept incoming email. Please do not reply to this email.
 Report an issue with this email
 If you have any questions visit: Seller Central
 To change your email preferences visit: Notification Preferences
 Copyright 2026 Amazon, Inc, or its affiliates. All rights reserved.
 Amazon.com, 410 Terry Avenue North, Seattle, WA 98109-5210
 SPC-USAmazon-263885025090231",2026-08-17 13:36:42,RETR,xtbBpA1DKWpc2W220AAA3n
店铺绩效类,older,account_4,weihaizhongxin2024@126.com,"Sun, 19 Jul 2026 04:59:54 +0000","""Fulfillment by Amazon (Do not reply)"" <donotreply@amazon.com>",FBA reimbursement notification,,"96
FBA reimbursement notification
 You have a reimbursement activity
 Hello from Fulfilment by Amazon,
We have initiated a reimbursement, a reimbursement reversal, or both due to recent activity on your selling account. No action is required from you.
Reimbursements can be initiated for an issue that you notified us about or one that we identified at a fulfilment centre. A reimbursement reversal occurs when a reimbursement decision has been reviewed and changed. Reimbursement amounts are determined in accordance with the FBA inventory reimbursement policy ( https://sellercentral.amazon.co.uk/gp/help/external/200213130 ).
Please note that it may take up to five business days for reimbursement transactions to appear in your seller account.
You can find details on your reimbursement or reversal transaction in the Reimbursements report ( https://sellercentral.amazon.co.uk/reportcentral/REIMBURSEMENTS/0 ) in Seller Central:
- In the Event Date drop-down menu, select a date range and click Generate report . You can use the date in the subject line of this email as a point of reference.
- To identify inventory reimbursements and reversals, see the Quantity reimbursed [inventory] column.
-",2026-08-17 13:36:40,RETR,xtbBpA07IWpcWc1xrAAA3M
店铺绩效类,older,account_4,weihaizhongxin2024@126.com,"Sat, 18 Jul 2026 14:58:02 +0000",Fulfillment by Amazon Operations <fba-noreply@amazon.com>,Automated unfulfillable FBA inventory removal notification,,"96
 Hello Weihai US,
The following automated unfulfillable FBA removal orders have been created based on your automated settings.
 Removal order ID 1pqaY5uvK2
 You can view the removals on Removal Order Details in your seller account by using the Search tool.
The next removal order will be created as scheduled on July 19, 2026 in accordance with your settings if you have unfulfillable inventory at that time.
To make changes to the shipping address, frequency of your automated unfulfillable removals, or other settings, go to Automated unfulfillable removal settings in your seller account.
 Thank you.
The Fulfillment by Amazon team
Please note: This email was sent from a notification-only address that cannot accept incoming email. Please do not reply to this email.
 Report an issue with this email
 If you have any questions visit: Seller Central
 To change your email preferences visit: Notification Preferences
 Copyright 2026 Amazon, Inc, or its affiliates. All rights reserved.
 Amazon.com, 410 Terry Avenue North, Seattle, WA 98109-5210
 SPC-USAmazon-650913116264595",2026-08-17 13:36:40,RETR,xtbBsx61m2pblH7kAgAA3+
KYC审核类,older,account_4,weihaizhongxin2024@126.com,"Mon, 27 Jul 2026 06:15:19 +0000",亚马逊全球开店 <info@globalselling.amazon.cn>,【官方提示】请尽快通过您的欧洲站卖家资质KYC审核，以保证正常销售,,"账户注册
															资质审查
															补充材料
												商品上架
						请尽快提交您的卖家资质KYC审核材料
									尊敬的卖家：
									您好！您的亚马逊欧洲站账户可能在近期收到了卖家资质审核KYC的要求，您需要尽快提供相应信息及资料，才能正式开启您在欧洲站的销售。
									KYC（Know Your Customer） 是亚马逊对在欧洲站开店卖家的资质审核，目的是为了能让卖家公平公正地进行长久生意。请您仔细阅读本邮件指引，并补全您的卖家资质审核KYC信息。
												立即完善审核资料
http://go.amazonsellerservices.com/e/229492/XOeDj0zXeRXkbKgfSHo5iqheH6NWVw/7y6ph71/6790260665/h/6nQ8CeW00R-g4sqWa8BpFZMJzxDKouqcgLKBs4TtY2U
									（小贴士：如果您已经按照要求提交申诉，请耐心等待审核结果）
									点击查看最新版KYC官方指导手册
http://go.amazonsellerservices.com/e/229492/-SU-CN-GS-Seller-Audit-KYC-pdf/7y6ph74/6790260665/h/6nQ8CeW00R-g4sqWa8BpFZMJzxDKouqcgLKBs4TtY2U
，手把手教你过KYC~
															更多欧洲站KYC审核及上线指导
请扫描下方二维码加入亚马逊企业购卖家交流群，
官方客户经理将为新卖家提供全站点、全周期、最官方的资源共享！
 一个注册流程，一套运营体系，即可开启 B端与C 端双业务。
亚马逊帮助您直达全球3亿+活跃用户和600万+优质企业买家。
															入群后有哪些福利？
															群内有专业团队针对亚马逊商品详情页（Listing）/ 选品 / 物流 / 站内引流 /
															广告 / 促销工具 / 品牌备案 / 企业采购商机等内容为您提供指导，
															更有备战旺季的专业辅导、亚马逊全球开店新资讯！
												为什么我会收到KYC的资质审核要求？
												KYC（Know Your Customer） 是欧洲站开店卖家的资质审核。
												不同卖家触发KYC审核的节点或有不同，账号注册过程中，或注册完成进入卖家平台后，更改卖家后台关键信息（比如受益人信息/地址信息等）或达到一定的销售额阈值前。 只有通过了资质审核才可以在欧洲站长期销售。
												如何进行KYC审核？
		",2026-08-17 13:37:09,RETR,xtbBsxpQNmpm93pwyAAA32
KYC审核类,older,account_4,weihaizhongxin2024@126.com,"Fri, 24 Jul 2026 11:09:39 +0000",Amazon Services <donotreply@amazon.com>,"Verstrek KYC-verificatie binnen 45 dagen om beperkingen te
 voorkomen",,"96
 Verstrek KYC-verificatie binnen 45 dagen om beperkingen te voorkomen
 Hallo Weihai EU,
 Je Amazon.nl-account vereist verificatiegegevens binnen 45 dagen na ontvangst van deze e-mail. Als je de verificatie niet voltooit, wordt je account gedeactiveerd en worden overboekingen van tegoeden beperkt.
 Waarom gebeurt dit?
 We ondernemen deze actie omdat er aanvullende verificatiegegevens vereist zijn om door te gaan met de verificatie van je account. Deze verificatie helpt de integriteit van de marketplace te garanderen en klanten te beschermen. We voeren ook periodieke controles uit om ervoor te zorgen dat accountgegevens actueel blijven.
 Raadpleeg voor meer informatie de ' Gebruikersovereenkomst van Amazon Payments - Verkopen via Amazon '.
 We hebben een combinatie van geautomatiseerde middelen gebruikt om deze beslissing te nemen.
 Hoe verstrek ik mijn gegevens?
 Voltooi de verificatie via de pagina Accountstatus door op 'Verificatie indienen' te klikken in het gedeelte Prioriteitsacties of via de pagina Identiteitsgegevens en vervolgens op:
- Voltooi alle secties in rood gemarkeerd en volg de instructies op het scherm
- Klik op 'Opslaan'
- Klik op 'Indienen voor verificatie'
 Op",2026-08-17 13:37:00,RETR,xtbBpBeCaGpjR-cQtgAA3G
KYC审核类,older,account_4,weihaizhongxin2024@126.com,"Fri, 24 Jul 2026 10:52:41 +0000",Amazon Services <donotreply@amazon.com>,Provide KYC verification within 45 days to avoid restrictions,,"96
 Provide KYC verification within 45 days to avoid restrictions
 Hello Weihai EU,
 Your Amazon.fr account requires verification details within 45 days from receipt of this email. If not completed, your account will be deactivated and funds transfers will be restricted.
 Why is this happening?
 We are taking this action because additional verification details are required to continue with your account verification. This verification helps ensure marketplace integrity and protect customers. We also conduct periodic reviews to ensure account information remains current.
 To learn more, refer to “ Amazon Payments – Selling on Amazon User Agreement ”.
 We leveraged a combination of automated means to make this decision.
 How do I provide my information?
 Complete verification through your Account Health page by clicking on 'Submit verification' in the Priority Actions section or through Identity Information page, then:
- Complete all sections highlighted in red and follow the onscreen instructions
- Click “Save”
- Click “Submit for verification”
 Note: Only users with 'Confirm/Change Account Information' permissions can submit verification. Enter all addresses using Latin characters o",2026-08-17 13:37:00,RETR,xtbBpBuCaGpjQ-v7bAAA3z
KYC审核类,older,account_4,weihaizhongxin2024@126.com,"Fri, 24 Jul 2026 09:42:14 +0000",Amazon Services <donotreply@amazon.com>,Provide KYC verification within 45 days to avoid restrictions,,"96
 Provide KYC verification within 45 days to avoid restrictions
 Hello Weihai EU,
 Your Amazon.co.uk account requires verification details within 45 days from receipt of this email. If not completed, your account will be deactivated and funds transfers will be restricted.
 Why is this happening?
 We are taking this action because additional verification details are required to continue with your account verification. This verification helps ensure marketplace integrity and protects customers. We also conduct periodic reviews to ensure that account information remains current.
 To learn more, go to “ Amazon Payments – Selling on Amazon User Agreement ”.
 We’ve leveraged a combination of automated means to make this decision.
 How do I provide my information?
 Complete verification through your Account Health page by clicking “Submit verification” in the Priority actions section or through the Identity information page, then:
- Complete all sections highlighted in red and follow the onscreen instructions
- Click “Save”
- Click “Submit for verification”
 Note: Only users with “Confirm/Change account information” permissions can submit verification. Enter all addresses using Latin ch",2026-08-17 13:36:59,RETR,xtbBpBpeRGpjM3qV0gAA3j
KYC审核类,older,account_4,weihaizhongxin2024@126.com,"Fri, 24 Jul 2026 09:24:08 +0000",Amazon Services <donotreply@amazon.com>,Fournissez une vérification KYC sous 45 jours pour éviter les restrictions,,"96
 Fournissez une vérification KYC sous 45 jours pour éviter les restrictions
 Bonjour Weihai EU,
 Votre compte Amazon.com.be nécessite des informations de vérification dans un délai de 45 jours à compter de la réception de cet e-mail. Le cas échéant, votre compte sera désactivé et les transferts de fonds seront restreints.
 Pourquoi cela se produit-il ?
 Nous prenons cette mesure car des informations de vérification supplémentaires sont requises pour poursuivre la vérification de votre compte. Cette vérification permet de garantir l’intégrité du site de vente et de protéger les clients. Nous réalisons également des contrôles périodiques afin de nous assurer que les informations sur le compte restent à jour.
 Pour en savoir plus, consultez le « Contrat d’utilisation Vendre sur Amazon Payments ».
 Nous avons utilisé une combinaison de moyens automatisés pour prendre cette décision.
 Comment fournir mes informations ?
 Terminez la vérification sur votre page État du compte en cliquant sur « Soumettre la vérification » dans la section Actions prioritaires ou sur la page Informations d’identité , puis :
- Remplissez toutes les sections surlignées en rouge et suivez les instructions à ",2026-08-17 13:36:59,RETR,xtbBpBxONGpjLzx2UwAA39
KYC审核类,older,account_4,weihaizhongxin2024@126.com,"Tue, 21 Jul 2026 08:07:04 +0000","""Amazon Seller Central Notifications (Do Not Reply)"" <donotreply@amazon.com>",Know Your Customer (KYC) verification process support,,"96
 Pending Know Your Customer (KYC) account verification
 Hello,
 We are conducting a review of your Amazon Payments Account. We need additional information or documents to continue with your account verification. In accordance with regulations, you must complete an account verification process. Please go to the Identity Information page to provide the required information or documents:
 Submit documentation
 In some cases, we will send a notification that outlines the details of the request related to your Amazon Payments account. Please check the most recent performance notifications starting with the subject [Action Required]: Performance Notifications .
 What happens next?
 Once you have provided the requested information or documents, we will continue with your account verification. Please continue to proactively check the performance notifications or emails to understand if further information or documents are needed from you.
 Once the verification is complete, you will receive a performance notification and email advising you of the result.
 We’re here to help.
 If you have any questions, you can contact us at any time via Amazon Selling Partner Support .
 For more informa",2026-08-17 13:36:45,RETR,xtbBpQynjWpfKKwucQAA3t
KYC审核类,older,account_4,weihaizhongxin2024@126.com,"Tue, 21 Jul 2026 07:52:22 +0000","""seller-verification-review-cn@amazon.co.uk"" <seller-verification-review-cn@amazon.co.uk>",[需要采取的操作] 需要您的“我要开店”付款账户的相关信息,,"96
[需要采取的操作] 需要您的“我要开店”付款账户的相关信息
 [需要采取的操作] 需要您的“我要开店”付款账户的相关信息
 您好！
此次联系您是因为我们需要一些其他文件才能继续验证您的账户。
提供经过修改或篡改的文件可能会导致账户被永久关闭。
我们仅允许修改银行对账单等文件，以遮挡付款余额等详细信息。
如果我未采取措施或者不提供所需的信息/文件，会怎么样？
自我们首次与您联系要求您采取措施或提供完成验证所需的所有文件和信息之日起，您总共有 60 天的时间来提供这些文件和信息。我们审核和验证您采取措施后的结果的时间或验证信息的时间不会计入给您的 60 天期限。
如果您未能在 60 天内采取措施或提供要求的信息，您的商品将被暂时停售，并且您的提现功能将被暂时停用，直到完成验证为止。
如果自我们首次联系您之日起已超过 60 天，则您的付款可能已被冻结，您的商品可能已被停售。在您提供要求的信息或文件且您的账户得到验证之前，您的付款将继续处于冻结状态，您的商品将继续处于停售状态。
为什么会发生这种情况？
您之前提供的银行账户所有权证明文件不足以完成验证流程，因为它它并未体现您账户上注册的**完整**公司名称。
我需要提供哪种类型的文件？
-- 目前在卖家平台中输入为存款方式的其中2个银行账户的银行对账单或银行资信证明的扫描件：以 *29 和 *91 结尾的账号。
如何处理这种情况？
确保文件符合以下标准：
-- 文件必须是在最近 180 天内开具的。
-- 文件必须显示银行账号、银行徽标和账户持有者姓名。
-- 如果您以公司形式开展业务，则您的银行账户必须为公司账户。
-- 请务必确保文件清晰易读。
-- 文件不能是屏幕截图。
-- 文件必须使用我们支持的语言之一。我们支持以下语言：英语、中文、丹麦语、荷兰语、德语、意大利语、西班牙语、瑞典语、法语、土耳其语、波兰语、葡萄牙语、阿拉伯语、印地语、泰米尔语、越南语、泰语、韩语和日语。如果原始文件使用的不是我们支持的语言，请同时提供原始文件和翻译文件。
我如何提供这些信息？
请完成以下步骤，在卖家平台的“银行账户信息”部分更新您的银行账户信息：
https://sellercentral-europe.amazon.com/sw/AccountInfo/DepositMethodView/step/DepositMethodView
1.单击“更换存款方式”。
2.在新出现的页面上，单击“添加新的存款方式”，并提供您尝试注册的银行账户的详细信息。
3.单击“设置存款方式”。
4.单击“验证账户”。
5.转至卖家平台的“身份信息”部分：
https://sellercentral-europe.amazon.com/sw/SSR/BusinessKYCInfo/spaDashboard
6.按照相关提示上传要求提供的文",2026-08-17 13:36:45,RETR,xtbBpRrJr2pfJToNOwAA3F
KYC审核类,older,account_4,weihaizhongxin2024@126.com,"Mon, 20 Jul 2026 08:31:05 +0000","""Amazon Seller Central Notifications (Do Not Reply)"" <donotreply@amazon.com>",Know Your Customer (KYC) verification process support,,"96
 Pending Know Your Customer (KYC) account verification
 Hello,
 We are conducting a review of your Amazon Payments Account. We need additional information or documents to continue with your account verification. In accordance with regulations, you must complete an account verification process. Please go to the Identity Information page to provide the required information or documents:
 Submit documentation
 In some cases, we will send a notification that outlines the details of the request related to your Amazon Payments account. Please check the most recent performance notifications starting with the subject [Action Required]: Performance Notifications .
 What happens next?
 Once you have provided the requested information or documents, we will continue with your account verification. Please continue to proactively check the performance notifications or emails to understand if further information or documents are needed from you.
 Once the verification is complete, you will receive a performance notification and email advising you of the result.
 We’re here to help.
 If you have any questions, you can contact us at any time via Amazon Selling Partner Support .
 For more informa",2026-08-17 13:36:43,RETR,xtbBpAxcQmpd3Mw22gAA39
KYC审核类,older,account_4,weihaizhongxin2024@126.com,"Mon, 20 Jul 2026 08:30:30 +0000","""seller-verification-review-cn@amazon.co.uk"" <seller-verification-review-cn@amazon.co.uk>",[需要采取的操作] 需要您的“我要开店”付款账户的相关信息,,"96
[需要采取的操作] 需要您的“我要开店”付款账户的相关信息
 [需要采取的操作] 需要您的“我要开店”付款账户的相关信息
 您好！
此次联系您是因为我们需要一些其他文件才能继续验证您的账户。
提供经过修改或篡改的文件可能会导致账户被永久关闭。
我们仅允许修改银行对账单等文件，以遮挡付款余额等详细信息。
如果我未采取措施或者不提供所需的信息/文件，会怎么样？
自我们首次与您联系要求您采取措施或提供完成验证所需的所有文件和信息之日起，您总共有 60 天的时间来提供这些文件和信息。我们审核和验证您采取措施后的结果的时间或验证信息的时间不会计入给您的 60 天期限。
如果您未能在 60 天内采取措施或提供要求的信息，您的商品将被暂时停售，并且您的提现功能将被暂时停用，直到完成验证为止。
如果自我们首次联系您之日起已超过 60 天，则您的付款可能已被冻结，您的商品可能已被停售。在您提供要求的信息或文件且您的账户得到验证之前，您的付款将继续处于冻结状态，您的商品将继续处于停售状态。
为什么会发生这种情况？
您之前提供的银行账户所有权证明文件不足以完成验证流程，因为它它并未体现您账户上注册的**完整**公司名称。
我需要提供哪种类型的文件？
-- 目前在卖家平台中输入为存款方式的其中2个银行账户的银行对账单或银行资信证明的扫描件：以 *29 和 *91 结尾的账号。
如何处理这种情况？
确保文件符合以下标准：
-- 文件必须是在最近 180 天内开具的。
-- 文件必须显示银行账号、银行徽标和账户持有者姓名。
-- 如果您以公司形式开展业务，则您的银行账户必须为公司账户。
-- 请务必确保文件清晰易读。
-- 文件不能是屏幕截图。
-- 文件必须使用我们支持的语言之一。我们支持以下语言：英语、中文、丹麦语、荷兰语、德语、意大利语、西班牙语、瑞典语、法语、土耳其语、波兰语、葡萄牙语、阿拉伯语、印地语、泰米尔语、越南语、泰语、韩语和日语。如果原始文件使用的不是我们支持的语言，请同时提供原始文件和翻译文件。
我如何提供这些信息？
请完成以下步骤，在卖家平台的“银行账户信息”部分更新您的银行账户信息：
https://sellercentral-europe.amazon.com/sw/AccountInfo/DepositMethodView/step/DepositMethodView
1.单击“更换存款方式”。
2.在新出现的页面上，单击“添加新的存款方式”，并提供您尝试注册的银行账户的详细信息。
3.单击“设置存款方式”。
4.单击“验证账户”。
5.转至卖家平台的“身份信息”部分：
https://sellercentral-europe.amazon.com/sw/SSR/BusinessKYCInfo/spaDashboard
6.按照相关提示上传要求提供的文",2026-08-17 13:36:43,RETR,xtbBpApTOWpd3Ko1kgAA3i
KYC审核类,older,account_4,weihaizhongxin2024@126.com,"Sun, 19 Jul 2026 16:00:40 +0000","""Amazon Seller Central Notifications (Do Not Reply)"" <donotreply@amazon.com>",Know Your Customer (KYC) verification process support,,"96
 Pending Know Your Customer (KYC) account verification
 Hello,
 We are conducting a review of your Amazon Payments Account. We need additional information or documents to continue with your account verification. In accordance with regulations, you must complete an account verification process. Please go to the Identity Information page to provide the required information or documents:
 Submit documentation
 In some cases, we will send a notification that outlines the details of the request related to your Amazon Payments account. Please check the most recent performance notifications starting with the subject [Action Required]: Performance Notifications .
 What happens next?
 Once you have provided the requested information or documents, we will continue with your account verification. Please continue to proactively check the performance notifications or emails to understand if further information or documents are needed from you.
 Once the verification is complete, you will receive a performance notification and email advising you of the result.
 We’re here to help.
 If you have any questions, you can contact us at any time via Amazon Selling Partner Support .
 For more informa",2026-08-17 13:36:42,RETR,xtbBpQsZ-mpc9KtI+wAA3T
KYC审核类,older,account_4,weihaizhongxin2024@126.com,"Sun, 19 Jul 2026 15:59:18 +0000","""seller-verification-review-cn@amazon.co.uk"" <seller-verification-review-cn@amazon.co.uk>",[需要采取的操作] 需要您的“我要开店”付款账户的相关信息,,"96
[需要采取的操作] 需要您的“我要开店”付款账户的相关信息
 [需要采取的操作] 需要您的“我要开店”付款账户的相关信息
 您好！
此次联系您是因为我们需要一些其他文件才能继续验证您的账户。
提供经过修改或篡改的文件可能会导致账户被永久关闭。
我们仅允许修改银行对账单等文件，以遮挡付款余额等详细信息。
如果我未采取措施或者不提供所需的信息/文件，会怎么样？
自我们首次与您联系要求您采取措施或提供完成验证所需的所有文件和信息之日起，您总共有 60 天的时间来提供这些文件和信息。我们审核和验证您采取措施后的结果的时间或验证信息的时间不会计入给您的 60 天期限。
如果您未能在 60 天内采取措施或提供要求的信息，您的商品将被暂时停售，并且您的提现功能将被暂时停用，直到完成验证为止。
如果自我们首次联系您之日起已超过 60 天，则您的付款可能已被冻结，您的商品可能已被停售。在您提供要求的信息或文件且您的账户得到验证之前，您的付款将继续处于冻结状态，您的商品将继续处于停售状态。
为什么会发生这种情况？
您之前提供的银行账户所有权证明文件不足以完成验证流程，因为它它并未体现您账户上注册的**完整**公司名称。
我需要提供哪种类型的文件？
-- 目前在卖家平台中输入为存款方式的其中2个银行账户的银行对账单或银行资信证明的扫描件：以 *29 和 *91 结尾的账号。
如何处理这种情况？
确保文件符合以下标准：
-- 文件必须是在最近 180 天内开具的。
-- 文件必须显示银行账号、银行徽标和账户持有者姓名。
-- 如果您以公司形式开展业务，则您的银行账户必须为公司账户。
-- 请务必确保文件清晰易读。
-- 文件不能是屏幕截图。
-- 文件必须使用我们支持的语言之一。我们支持以下语言：英语、中文、丹麦语、荷兰语、德语、意大利语、西班牙语、瑞典语、法语、土耳其语、波兰语、葡萄牙语、阿拉伯语、印地语、泰米尔语、越南语、泰语、韩语和日语。如果原始文件使用的不是我们支持的语言，请同时提供原始文件和翻译文件。
我如何提供这些信息？
请完成以下步骤，在卖家平台的“银行账户信息”部分更新您的银行账户信息：
https://sellercentral-europe.amazon.com/sw/AccountInfo/DepositMethodView/step/DepositMethodView
1.单击“更换存款方式”。
2.在新出现的页面上，单击“添加新的存款方式”，并提供您尝试注册的银行账户的详细信息。
3.单击“设置存款方式”。
4.单击“验证账户”。
5.转至卖家平台的“身份信息”部分：
https://sellercentral-europe.amazon.com/sw/SSR/BusinessKYCInfo/spaDashboard
6.按照相关提示上传要求提供的文",2026-08-17 13:36:42,RETR,xtbBpRoF6mpc9FpGnQAA3T
KYC审核类,older,account_4,weihaizhongxin2024@126.com,"Sun, 19 Jul 2026 07:44:38 +0000","""Amazon Seller Central Notifications (Do Not Reply)"" <donotreply@amazon.com>",Know Your Customer (KYC) verification process support,,"96
 Pending Know Your Customer (KYC) account verification
 Hello,
 We are conducting a review of your Amazon Payments Account. We need additional information or documents to continue with your account verification. In accordance with regulations, you must complete an account verification process. Please go to the Identity Information page to provide the required information or documents:
 Submit documentation
 In some cases, we will send a notification that outlines the details of the request related to your Amazon Payments account. Please check the most recent performance notifications starting with the subject [Action Required]: Performance Notifications .
 What happens next?
 Once you have provided the requested information or documents, we will continue with your account verification. Please continue to proactively check the performance notifications or emails to understand if further information or documents are needed from you.
 Once the verification is complete, you will receive a performance notification and email advising you of the result.
 We’re here to help.
 If you have any questions, you can contact us at any time via Amazon Selling Partner Support .
 For more informa",2026-08-17 13:36:41,RETR,xtbBswrr0WpcgGp-sQAA3R
KYC审核类,older,account_4,weihaizhongxin2024@126.com,"Sun, 19 Jul 2026 07:43:19 +0000","""seller-verification-review-cn@amazon.co.uk"" <seller-verification-review-cn@amazon.co.uk>","[Action Required] Information needed for your Selling on Amazon
 payment account",,"96
[Action Required] Information needed for your Selling on Amazon payment account
 [Action Required] Information needed for your Selling on Amazon payment account
 Hello,
We are contacting you because we need additional documentation to continue with your account verification.
Providing altered or manipulated documents may result in permanent account closure.
What happens if I do not take action/do not provide the required information/documents?
You have a total of 60 days from the day when we first contacted you to take action or provide all of the requested documentation and information to complete the verification. The time that we take to review and validate the outcomes of your action or validate the information will not be counted against the 60-day threshold that you are given.
If you do not take action or provide requested information before these 60 days, your listings and the ability to disburse funds will be temporarily deactivated until verification has been completed.
If it has been more than 60 days since we first contacted you, your disbursements and listings might have already been deactivated and will remain deactivated until the requested information or documenta",2026-08-17 13:36:41,RETR,xtbBsxvXvWpcgBt+rgAA3-
付款/资金类,older,account_4,weihaizhongxin2024@126.com,"Sun, 9 Aug 2026 14:20:11 +0000",Amazon Services <donotreply@amazon.com>,Your payment is on the way,,"96
This title will display on mobile devices
 Congratulations! Your payment is on the way and will arrive soon.
 Disbursement Attempted
Congratulations Weihai EU! Your payment is on the way and will arrive within three to five days.
On 08/09/26 14:20 BST, we initiated a transfer to your payment method (bank account ending in 191) in the amount of £
 200.53.
 If the amount is less than expected, here are a few questions to consider:
 Do you have an unavailable balance? Amazon might be reserving money to cover potential returns, claims or chargebacks from buyers. If this is the case, the closing balance in your Payment Report will display the unavailable balance that is reserved.
 Did your sales cover all fees and returns for this statement period? The payment amount reflects sales activities, selling fees and fees for promotions or services. We recommend reviewing your Payment Report under the Reports tab in Seller Central to understand your closing balance.
To find out more about Payment Reports in Seller Central, please visit our official course.
We wish you continued success!
Thank you for selling in the Amazon store,
Amazon Services
Help us improve your payment experience on Ama",2026-08-17 13:38:38,RETR,xtbBpB8D6Gp4jJ-spAAA3Z
付款/资金类,older,account_4,weihaizhongxin2024@126.com,"Fri, 7 Aug 2026 23:31:39 +0000",Amazon Services <donotreply@amazon.com>,Your payment is on the way,,"96
This title will display on mobile devices
 Congratulations! Your payment is on the way and will arrive soon.
 Disbursement Attempted
Congratulations Weihai EU! Your payment is on the way and will arrive within three to five days.
On 08/07/26 23:31 GST, we initiated a transfer to your payment method (bank account ending in 229) in the amount of AED
 85.79.
 If the amount is less than expected, here are a few questions to consider:
 Do you have an unavailable balance? Amazon might be reserving money to cover potential returns, claims, or chargebacks from buyers. If this is the case, the closing balance in your Payment Report will display the unavailable balance that is reserved.
 Did your sales cover all fees and returns for this statement period? The payment amount reflects sales activities, selling fees, and fees for promotions or services. We recommend reviewing your Payment Report under the Reports tab in Seller Central to understand your closing balance.
To learn more about Payment Reports in Seller Central, please visit our official course.
We wish you continued success!
Thank you for selling in the Amazon store,
Amazon Services
Help us improve your payment experience on Ama",2026-08-17 13:38:35,RETR,xtbBpR4K72p2at4m5gAA32
付款/资金类,older,account_4,weihaizhongxin2024@126.com,"Fri, 7 Aug 2026 15:18:33 +0000",Amazon Services <donotreply@amazon.com>,Your payment is on the way,,"96
This title will display on mobile devices
 Congratulations! Your payment is on the way and will arrive soon.
 Disbursement Attempted
Congratulations Weihai EU! Your payment is on the way and will arrive within three to five days.
On 08/07/26 15:18 CEST, we initiated a transfer to your payment method (bank account ending in 229) in the amount of €
 287.73.
 If the amount is less than expected, here are a few questions to consider:
 Do you have an unavailable balance? Amazon might be reserving money to cover potential returns, claims, or chargebacks from buyers. If this is the case, the closing balance in your Payment Report will display the unavailable balance that is reserved.
 Did your sales cover all fees and returns for this statement period? The payment amount reflects sales activities, selling fees, and fees for promotions or services. We recommend reviewing your Payment Report under the Reports tab in Seller Central to understand your closing balance.
To learn more about Payment Reports in Seller Central, please visit our official course.
We wish you continued success!
Thank you for selling in the Amazon store,
Amazon Services
Help us improve your payment experience on Ama",2026-08-17 13:38:34,RETR,xtbBsw4J7mp1907XAwAA3o
付款/资金类,older,account_4,weihaizhongxin2024@126.com,"Fri, 7 Aug 2026 15:18:03 +0000",Amazon Services <donotreply@amazon.com>,Tu pago está en camino,,"96
This title will display on mobile devices
 ¡Enhorabuena! El pago está de camino y llegará pronto.
 El pago está en camino
Enhorabuena, Weihai EU. Tu pago está en camino y te llegará en un plazo de tres a cinco días.
El 08/07/26 15:17 WEST, iniciamos una transferencia a tu método de pago (cuenta bancaria terminado en 229) por un importe de €
 1.218,16.
 Si el importe es inferior a lo esperado, ten en cuenta las siguientes preguntas:
 ¿Tienes saldo no disponible en tu cuenta de vendedor? Puede que hayamos reservado algo de dinero para posibles devoluciones, reclamaciones o reversiones de cargo de clientes. En este caso, el saldo de cierre de tu informe de pagos te mostrará el saldo no disponible en reserva.
 ¿Cubren tus ventas las tarifas de Amazon y las devoluciones del periodo de liquidación? El importe del pago refleja las ventas que has hecho y las tarifas de venta aplicadas tanto a dichas ventas como a cualquier promoción o servicio que hayas utilizado. Te recomendamos que revises tu informe de pagos en ""Informes"" de Seller Central para conocer el saldo de cierre.
Para más información sobre los informes de pagos en Seller Central, visita nuestro curso oficial.
Te deseamos un ",2026-08-17 13:38:34,RETR,xtbBpA8B5mp19y8I0wAA3Q
付款/资金类,older,account_4,weihaizhongxin2024@126.com,"Fri, 7 Aug 2026 15:17:38 +0000",Amazon Services <donotreply@amazon.com>,Your payment is on the way,,"96
This title will display on mobile devices
 Congratulations! Your payment is on the way and will arrive soon.
 Disbursement attempted
Congratulations Weihai CA! Your payment is on the way and will arrive within three to five days.
On 08/07/26 15:17 EDT, we initiated a transfer to your payment method (bank account ending in 151) in the amount of CAD
 325.57.
 If the amount is less than expected, here are a few questions to consider:
 Do you have an unavailable balance? Amazon might be reserving money to cover potential returns, claims or chargebacks from buyers. If this is the case, the closing balance in your Payment Report will display the unavailable balance that is reserved.
 Did your sales cover all fees and returns for this statement period? The payment amount reflects sales activities, selling fees and fees for promotions or services. We recommend reviewing your Payment Report under the Reports tab in Seller Central to understand your closing balance.
To learn more about Payment Reports in Seller Central, please visit our official course.
We wish you continued success!
Thank you for selling in the Amazon Store,
Amazon Services
Help us improve your payment experience on Amaz",2026-08-17 13:38:34,RETR,xtbBpBb64Gp19xYIOAAA3m
付款/资金类,older,account_4,weihaizhongxin2024@126.com,"Thu, 6 Aug 2026 15:49:22 +0000",Amazon Services <seller-notification@amazon.pl>,Nieuregulowane saldo na koncie Amazon,,"Witamy!
 Masz na swoim koncie nieuregulowane saldo w wysokośc PLN 45.36. Obciążymy tą kwotą kartę kredytową zarejestrowaną jako metoda płatności dla Twojego konta
 Jeśli ta karta ma limit kredytowy, możemy ją obciążać do momentu pełnej spłaty nieuregulowanego salda.
 Aby uzyskać więcej informacji, wyszukaj Dokonaj płatności w Pomocy Seller Central.
 Aby dowiedzieć się więcej na temat raportów płatności i Twoich działań, wyszukaj Wyświetl moje raporty o płatnościach w Pomocy Seller Central.
 Z poważaniem,
 Amazon Payments Europe SCA (société en commandite par actions) to spółka komandytowo-akcyjna zarejestrowana w Luksemburgu, numer rejestracyjny (RCS Luxembourg) B 153 265, z siedzibą pod adresem 38 avenue J.F. Kennedy, L-1855 Luxembourg. Numer VAT: LU 24448288. Amazon Payments Europe SCA posiada upoważnienie Komisji Nadzoru Sektora Finansowego w Luksemburgu do emisji pieniądza elektronicznego (numer licencji 36/10)
 Czy ten e-mail był pomocny?
 SPC-EUAmazon-1372192191405433",2026-08-17 13:38:04,RETR,xtbBpAMjCWp0rQOHLgAA3U
付款/资金类,older,account_4,weihaizhongxin2024@126.com,"Thu, 6 Aug 2026 15:22:13 +0000",Amazon Payments Europe <donotreply@amazon.com>,Rettifica del saldo negativo nei tuoi account,,"96
This title will display on mobile devices
 Abbiamo rettificato il tuo saldo negativo di 234.50 € dovuto dal tuo account venditore Amazon.it in data agosto 6, 2026, utilizzando i fondi disponibili nel tuo account Amazon.fr. Puoi visualizzare il saldo del tuo account in qualsiasi momento accedendo al tuo account e quindi alla dashboard dei pagamenti .
Per maggiori informazioni, vai a Rettifica del saldo negativo nei tuoi account .
Distinti saluti,
Amazon Payments Europe
 Segnala un problema con questa e-mail
 Per qualsiasi domanda consulta: Seller Central
 Per modificare le preferenze sulle e-mail consulta: Preferenze sulle notifiche
 Copyright 2026 Amazon, Inc. o società affiliate. Tutti i diritti riservati.
 Amazon Payments Europe
 38 avenue John F. Kennedy,
 L-1855 Lussemburgo,
 Numero di registrazione in Lussemburgo: B-101818,
 Capitale Sociale 165.833 EUR,
 Numero di licenza di attività commerciale: 134248,
 Partita IVA n. LU 20260743.
 Questa e-mail è stata inviata da un indirizzo e-mail non monitorato.
 SPC-EUAmazon-1935142143857114",2026-08-17 13:38:03,RETR,xtbBsgiLcWp0pqjqpQAA3f
付款/资金类,older,account_4,weihaizhongxin2024@126.com,"Tue, 4 Aug 2026 12:59:47 +0000",Amazon Services <donotreply@amazon.com>,Tu pago está en camino,,"96
This title will display on mobile devices
 ¡Enhorabuena! El pago está de camino y llegará pronto.
 El pago está en camino
Enhorabuena, Weihai EU. Tu pago está en camino y te llegará en un plazo de tres a cinco días.
El 08/04/26 12:59 WEST, iniciamos una transferencia a tu método de pago (cuenta bancaria terminado en 229) por un importe de €
 371,43.
 Si el importe es inferior a lo esperado, ten en cuenta las siguientes preguntas:
 ¿Tienes saldo no disponible en tu cuenta de vendedor? Puede que hayamos reservado algo de dinero para posibles devoluciones, reclamaciones o reversiones de cargo de clientes. En este caso, el saldo de cierre de tu informe de pagos te mostrará el saldo no disponible en reserva.
 ¿Cubren tus ventas las tarifas de Amazon y las devoluciones del periodo de liquidación? El importe del pago refleja las ventas que has hecho y las tarifas de venta aplicadas tanto a dichas ventas como a cualquier promoción o servicio que hayas utilizado. Te recomendamos que revises tu informe de pagos en ""Informes"" de Seller Central para conocer el saldo de cierre.
Para más información sobre los informes de pagos en Seller Central, visita nuestro curso oficial.
Te deseamos un éx",2026-08-17 13:37:50,RETR,xtbBsgfApmpx4kcD0gAA38
付款/资金类,older,account_4,weihaizhongxin2024@126.com,"Mon, 3 Aug 2026 12:39:35 +0000",Amazon Accelerate <no-reply@sell.amazon.com>,Final week of early-bird pricing for Amazon Accelerate 2026—ends August 8,,"[Amazon logo](https://go.amazonsellerservices.com/e/229492/2026-07-29/7z4ytv7/6806510535/h/ebUC-rn_gdmnOZgc0Tgqz8DiEn0AwvkMsQeazFirtjo)
[Partner Connect at Accelerate 2026](https://go.amazonsellerservices.com/e/229492/-medium-email-utm-source-email/7z4ytvb/6806510535/h/ebUC-rn_gdmnOZgc0Tgqz8DiEn0AwvkMsQeazFirtjo)
Save before it's gone
We wanted to make sure you saw this—your $100 discount for Amazon Accelerate 2026 expires next week.
[Register now](https://go.amazonsellerservices.com/e/229492/-medium-email-utm-source-email/7z4ytvb/6806510535/h/ebUC-rn_gdmnOZgc0Tgqz8DiEn0AwvkMsQeazFirtjo)
Here’s what you get access to:
​Build your schedule from 150+ sessions
The full catalog is live across 11 topics. Register now to access the Agenda Builder and start favoriting sessions.
Book your Seller Café appointment
Choose from 50+ expert categories for a 1:1, 30-minute session tailored to your business needs. Popular time slots are already filling up.
​Be first to experience new tools
Seller Sandbox provides opportunities to test unreleased tools, give direct feedback to product teams, and see what's launching next.
​Explore 70+ partners in one room
Our largest Partner Connect yet. Browse Ama",2026-08-17 13:37:44,RETR,xtbBpAzcwmpwjAwGbgAA3E
付款/资金类,older,account_4,weihaizhongxin2024@126.com,"Mon, 3 Aug 2026 12:14:10 +0000",Amazon Services <donotreply@amazon.com>,Your payment is on the way,,"96
This title will display on mobile devices
 Congratulations! Your payment is on the way and will arrive soon.
 Disbursement Attempted
Congratulations Weihai EU! Your payment is on the way and will arrive within three to five days.
On 08/03/26 12:14 CEST, we initiated a transfer to your payment method (bank account ending in 229) in the amount of €
 458.09.
 If the amount is less than expected, here are a few questions to consider:
 Do you have an unavailable balance? Amazon might be reserving money to cover potential returns, claims, or chargebacks from buyers. If this is the case, the closing balance in your Payment Report will display the unavailable balance that is reserved.
 Did your sales cover all fees and returns for this statement period? The payment amount reflects sales activities, selling fees, and fees for promotions or services. We recommend reviewing your Payment Report under the Reports tab in Seller Central to understand your closing balance.
To learn more about Payment Reports in Seller Central, please visit our official course.
We wish you continued success!
Thank you for selling in the Amazon store,
Amazon Services
Help us improve your payment experience on Ama",2026-08-17 13:37:44,RETR,xtbBsxRdQ2pwhhQgFgAA3H
付款/资金类,older,account_4,weihaizhongxin2024@126.com,"Mon, 3 Aug 2026 12:13:54 +0000",Amazon Services <donotreply@amazon.com>,Tu pago está en camino,,"96
This title will display on mobile devices
 ¡Enhorabuena! El pago está de camino y llegará pronto.
 El pago está en camino
Enhorabuena, Weihai EU. Tu pago está en camino y te llegará en un plazo de tres a cinco días.
El 08/03/26 12:13 WEST, iniciamos una transferencia a tu método de pago (cuenta bancaria terminado en 229) por un importe de €
 1.216,78.
 Si el importe es inferior a lo esperado, ten en cuenta las siguientes preguntas:
 ¿Tienes saldo no disponible en tu cuenta de vendedor? Puede que hayamos reservado algo de dinero para posibles devoluciones, reclamaciones o reversiones de cargo de clientes. En este caso, el saldo de cierre de tu informe de pagos te mostrará el saldo no disponible en reserva.
 ¿Cubren tus ventas las tarifas de Amazon y las devoluciones del periodo de liquidación? El importe del pago refleja las ventas que has hecho y las tarifas de venta aplicadas tanto a dichas ventas como a cualquier promoción o servicio que hayas utilizado. Te recomendamos que revises tu informe de pagos en ""Informes"" de Seller Central para conocer el saldo de cierre.
Para más información sobre los informes de pagos en Seller Central, visita nuestro curso oficial.
Te deseamos un ",2026-08-17 13:37:43,RETR,xtbBsgZZP2pwhgb4wwAA3z
付款/资金类,older,account_4,weihaizhongxin2024@126.com,"Mon, 3 Aug 2026 09:02:05 +0000",Amazon Europe <donotreply@amazon.com>,Managing compliance across Europe? There's a simpler way.,,"Managing compliance across Europe? There's a simpler way.
 96
 Discover, compare, and enroll — all on Seller Central
                                                     ‍͏  ͏  ‍͏  ͏  ‍͏  ͏  ‍͏  ͏  ‍͏  ͏  ‍͏  ͏  ‍͏  ͏  ‍͏  ͏  ‍͏  ͏  ‍͏  ͏  ‍͏  ͏  ‍͏  ͏  ‍͏  ͏  ‍͏  ͏  ‍͏  ͏  ‍͏  ͏  ‍͏  ͏  ‍͏  ͏  ‍͏  ͏  ‍͏  ͏  ‍͏  ͏  ‍͏  ͏  ‍͏  ͏  ‍͏  ͏  ‍͏  ͏  ‍͏  ͏  ‍͏  ͏  ‍͏  ͏  ‍͏  ͏  ‍͏  ͏  ‍͏  ͏  ‍͏  ͏  ‍͏  ͏  ‍͏  ͏  ‍͏  ͏  ‍͏  ͏  ‍͏  ͏  ‍͏  ͏  ‍͏  ͏ ͏‌ ­ ­ ­ ­ ͏‌ ­ ­ ­ ­ ͏‌ ­ ­ ­ ­ ͏‌ ­ ­ ­ ­ ͏‌ ­ ­ ­ ­ ͏‌ ­ ­ ­ ­ ͏‌ ­ ­ ­ ­ ͏‌ ­ ­ ­ ­ ͏‌ ­ ­ ­ ­ ͏‌ ­ ­ ­ ­ ͏‌ ­ ­ ­ ­ ͏‌ ­ ­ ­ ­ ͏‌ ­ ­ ­ ­ ͏‌ ­ ­ ­ ­ ͏‌ ­ ­ ­ ­ ͏‌ ­ ­ ­ ­ ͏‌ ­ ­ ­ ­ ͏‌ ­ ­ ­ ­ ͏‌ ­ ­ ­ ­ ͏‌ ­ ­ ­ ­ ͏‌ ­ ­ ­ ­ ͏‌ ­ ­ ­ ­ ͏‌ ­ ­ ­ ­ ͏‌ ­ ­ ­ ­ ͏‌ ­ ­ ­ ­ ͏‌ ­ ­ ­ ­ ͏‌ ­ ­ ­ ­ ͏‌ ­ ­ ­ ­ ͏‌ ­ ­ ­ ­ ͏‌ ­ ­ ­ ­ ͏‌ ­ ­ ­ ­ ͏‌ ­ ­ ­ ­ ͏‌ ­ ­ ­ ­ ͏‌ ­ ­ ­ ­ ͏‌ ­ ­ ­ ­ ͏‌ ­ ­ ­ ­ ͏‌ ­ ­ ­ ­ ͏‌ ­ ­ ­ ­ ͏‌ ­ ­ ­ ­ ͏‌ ­ ­ ­ ­ ͏‌ ­ ­ ­ ­ ͏‌ ­ ­ ­ ­ ͏‌ ­ ­ ­ ­ ͏‌ ­ ­ ­ ­ ͏‌ ­ ­ ­ ­ ͏‌ ­ ­ ­ ­ ͏‌ ­ ­ ­ ­ ͏‌ ­ ­ ­ ­ ͏‌ ­ ­ ­ ­ ͏‌ ­ ­ ­ ­ ͏‌ ­ ­ ­ ­ ͏‌ ­ ­ ­ ­ ͏‌ ­ ­ ­ ­ ͏‌ ­ ­ ­ ­ ͏‌ ­ ­ ­ ­ ͏‌ ­ ­ ­ ­ ͏‌ ­ ­ ­ ­ ͏‌ ­ ­ ­ ­ ͏‌ ­ ­ ­ ­ ͏‌ ­ ­ ­ ­ ͏‌ ­ ­ ­ ­ ͏‌ ­ ­ ­ ­ ͏‌ ­ ­ ­ ­ ͏‌ ­ ­ ­ ­ ͏‌ ­ ­ ­ ­
 Discover, compare, and enroll — all on Sel",2026-08-17 13:37:43,RETR,xtbBshAR9mpwWRDKMAAA3s
付款/资金类,older,account_4,weihaizhongxin2024@126.com,"Fri, 31 Jul 2026 12:51:30 +0000",Amazon Accelerate <no-reply@sell.amazon.com>,Early-bird pricing ends August 8. Save $100 before the price goes up,,"[Amazon logo](https://go.amazonsellerservices.com/e/229492/2026-07-29/7z4ytt4/6801785250/h/cuj5ZID4pxnaoQxnGKVediz6maB8MtzjCTkMytKZvg4)
[Partner Connect at Accelerate 2026](https://go.amazonsellerservices.com/e/229492/-medium-email-utm-source-email/7z4ytt7/6801785250/h/cuj5ZID4pxnaoQxnGKVediz6maB8MtzjCTkMytKZvg4)
Early-bird pricing ends soon
Amazon Accelerate 2026 is eight weeks out, and registered sellers are already building their schedules.
Join us in Seattle from September 22 to 24 and save $100 now through August 8.
[Register now](https://go.amazonsellerservices.com/e/229492/-medium-email-utm-source-email/7z4ytt7/6801785250/h/cuj5ZID4pxnaoQxnGKVediz6maB8MtzjCTkMytKZvg4)
​This was my very first time attending Amazon Accelerate, even though I've been selling on Amazon for 20 years—and I honestly don't know why I waited so long. The experience was eye-opening. I left feeling inspired, supported, and more connected than ever to the Amazon community.""
2025 attendee
Here’s what they’re planning for:
​Build your schedule from 150+ sessions
The full catalog is live across 11 topics. Register now to access the Agenda Builder and start favoriting sessions.
Book your Seller Café appointm",2026-08-17 13:37:29,RETR,xtbBpBVxV2psmlXbSgAA3P
付款/资金类,older,account_4,weihaizhongxin2024@126.com,"Thu, 30 Jul 2026 14:27:09 +0000",Amazon Services <donotreply@amazon.com>,Your payment is on the way,,"96
This title will display on mobile devices
 Congratulations! Your payment is on the way and will arrive soon.
 Disbursement attempted
Congratulations Weihai CA! Your payment is on the way and will arrive within three to five days.
On 07/30/26 14:27 EDT, we initiated a transfer to your payment method (bank account ending in 151) in the amount of CAD
 208.66.
 If the amount is less than expected, here are a few questions to consider:
 Do you have an unavailable balance? Amazon might be reserving money to cover potential returns, claims or chargebacks from buyers. If this is the case, the closing balance in your Payment Report will display the unavailable balance that is reserved.
 Did your sales cover all fees and returns for this statement period? The payment amount reflects sales activities, selling fees and fees for promotions or services. We recommend reviewing your Payment Report under the Reports tab in Seller Central to understand your closing balance.
To learn more about Payment Reports in Seller Central, please visit our official course.
We wish you continued success!
Thank you for selling in the Amazon Store,
Amazon Services
Help us improve your payment experience on Amaz",2026-08-17 13:37:27,RETR,xtbBpQBdQ2prX0DqsAAA3-
付款/资金类,older,account_4,weihaizhongxin2024@126.com,"Thu, 30 Jul 2026 12:05:29 +0000",Amazon Accelerate <no-reply@sell.amazon.com>,Get 1:1 guidance from Amazon experts. Book your Seller Café appointment now,,"[Amazon logo](https://go.amazonsellerservices.com/e/229492/2026-07-27/7z4wb13/6798182481/h/05AL5iRkNxOUgud3Z_einTRfylmI-j5cIlGQkJP8RGs)
[Partner Connect at Accelerate 2026](https://go.amazonsellerservices.com/e/229492/-medium-email-utm-source-email/7z4wb16/6798182481/h/05AL5iRkNxOUgud3Z_einTRfylmI-j5cIlGQkJP8RGs)
Everything you need to plan your Accelerate
Two of the most anticipated features of Amazon Accelerate 2026 are officially open: the agenda builder and Seller Café appointments.
Explore sessions, plan your schedule, and book one-on-one time with Amazon experts, all tailored to your business.
Join us in Seattle from September 22 to 24 and save $100 with early-bird pricing.
[Register now](https://go.amazonsellerservices.com/e/229492/-medium-email-utm-source-email/7z4wb16/6798182481/h/05AL5iRkNxOUgud3Z_einTRfylmI-j5cIlGQkJP8RGs)
""First time attendee and it was cool to get to talk to actual product managers that develop the tools I use every day.""
2025 attendee
150+ sessions across 11 breakout topics
The session catalog is live with workshops, presentations, panels, roundtables, lightning talks, and more. Filter by topic, format, or experience level to find the content that mat",2026-08-17 13:37:26,RETR,xtbBpA8I7WprPg-PuAAA3J
付款/资金类,older,account_4,weihaizhongxin2024@126.com,"Thu, 30 Jul 2026 06:58:29 +0000","""Amazon Seller Central Notifications (Do Not Reply)"" <donotreply@amazon.com>",Your information is verified – Start selling on Amazon now,,"96
 Dear Seller,
Good news. Your Selling on Amazon payment account has been activated. We will get in touch with you if we need more information.
 For any assistance relating to Selling on Amazon or other Amazon services, you can search our help pages or contact Seller Support/Selling Partner Support.
Happy Selling.
Amazon Payments
 Please Note: this email was sent from a notification-only address that cannot accept incoming email. Please do not reply to this email.
 Report an issue with this email
 If you have any questions, visit: Seller Central
 To change your email preferences, visit: Notification Preferences
 Copyright 2026 Amazon, Inc or its affiliates. All rights reserved.
 Amazon Payments UK Limited, a private company limited by shares,
is a company registered in England and Wales (registration number 11049457; VAT number: GB295 7604 60)
with its registered office at 1 Principal Place, Worship St, London, EC2A 2FA, United Kingdom.
Amazon Payments UK Limited is authorised by the UK Financial Conduct Authority
under the Payment Services Regulations 2017 (reference number 799814) for the provision of payment services.
Amazon Payments is a trading name of Amazon Payments UK Lim",2026-08-17 13:37:25,RETR,xtbBpRn43mpq9hmplgAA3K
付款/资金类,older,account_4,weihaizhongxin2024@126.com,"Tue, 28 Jul 2026 14:44:59 +0000",Amazon Services <donotreply@amazon.com>,Tu pago está en camino,,"96
This title will display on mobile devices
 ¡Enhorabuena! El pago está de camino y llegará pronto.
 El pago está en camino
Enhorabuena, Weihai EU. Tu pago está en camino y te llegará en un plazo de tres a cinco días.
El 07/28/26 14:44 WEST, iniciamos una transferencia a tu método de pago (cuenta bancaria terminado en 229) por un importe de €
 382,74.
 Si el importe es inferior a lo esperado, ten en cuenta las siguientes preguntas:
 ¿Tienes saldo no disponible en tu cuenta de vendedor? Puede que hayamos reservado algo de dinero para posibles devoluciones, reclamaciones o reversiones de cargo de clientes. En este caso, el saldo de cierre de tu informe de pagos te mostrará el saldo no disponible en reserva.
 ¿Cubren tus ventas las tarifas de Amazon y las devoluciones del periodo de liquidación? El importe del pago refleja las ventas que has hecho y las tarifas de venta aplicadas tanto a dichas ventas como a cualquier promoción o servicio que hayas utilizado. Te recomendamos que revises tu informe de pagos en ""Informes"" de Seller Central para conocer el saldo de cierre.
Para más información sobre los informes de pagos en Seller Central, visita nuestro curso oficial.
Te deseamos un éx",2026-08-17 13:37:15,RETR,xtbBsxAB5mpowHAxPwAA34
付款/资金类,older,account_4,weihaizhongxin2024@126.com,"Tue, 28 Jul 2026 14:36:09 +0000",Amazon Services <donotreply@amazon.com>,Your payment is on the way,,"96
This title will display on mobile devices
 Congratulations! Your payment is on the way and will arrive soon.
 Disbursement attempted
Congratulations Weihai CA! Your payment is on the way and will arrive within three to five days.
On 07/28/26 14:35 EDT, we initiated a transfer to your payment method (bank account ending in 151) in the amount of CAD
 246.34.
 If the amount is less than expected, here are a few questions to consider:
 Do you have an unavailable balance? Amazon might be reserving money to cover potential returns, claims or chargebacks from buyers. If this is the case, the closing balance in your Payment Report will display the unavailable balance that is reserved.
 Did your sales cover all fees and returns for this statement period? The payment amount reflects sales activities, selling fees and fees for promotions or services. We recommend reviewing your Payment Report under the Reports tab in Seller Central to understand your closing balance.
To learn more about Payment Reports in Seller Central, please visit our official course.
We wish you continued success!
Thank you for selling in the Amazon Store,
Amazon Services
Help us improve your payment experience on Amaz",2026-08-17 13:37:14,RETR,xtbBpRx7YWpovlw1kAAA3m
付款/资金类,older,account_4,weihaizhongxin2024@126.com,"Tue, 28 Jul 2026 13:50:18 +0000","""Amazon Seller Central Notifications (Do Not Reply)"" <donotreply@amazon.com>",Your information is verified – Start selling on Amazon now,,"96
 Dear Seller,
Good news. Your Selling on Amazon payment account has been activated. We will get in touch with you if we need more information.
 For any assistance relating to Selling on Amazon or other Amazon services, you can search our help pages or contact Seller Support/Selling Partner Support.
Happy Selling.
Amazon Payments
 Please Note: this email was sent from a notification-only address that cannot accept incoming email. Please do not reply to this email.
 Report an issue with this email
 If you have any questions, visit: Seller Central
 To change your email preferences, visit: Notification Preferences
 Copyright 2026 Amazon, Inc or its affiliates. All rights reserved.
 Amazon Payments UK Limited, a private company limited by shares,
is a company registered in England and Wales (registration number 11049457; VAT number: GB295 7604 60)
with its registered office at 1 Principal Place, Worship St, London, EC2A 2FA, United Kingdom.
Amazon Payments UK Limited is authorised by the UK Financial Conduct Authority
under the Payment Services Regulations 2017 (reference number 799814) for the provision of payment services.
Amazon Payments is a trading name of Amazon Payments UK Lim",2026-08-17 13:37:13,RETR,xtbBpR3Irmpos53JqwAA3Q
付款/资金类,older,account_4,weihaizhongxin2024@126.com,"Tue, 28 Jul 2026 12:05:03 +0000",Amazon Accelerate <no-reply@sell.amazon.com>,"Airline discounts and $100 off registration. Available for a limited
 time",,"[Amazon logo](https://go.amazonsellerservices.com/e/229492/2026-07-20/7z4slz6/6793898954/h/insOo6D5kr2g-YQAHmot70JWv4JNrnk-FJT9rhAtCXc)
[Partner Connect at Accelerate 2026](https://go.amazonsellerservices.com/e/229492/-medium-email-utm-source-email/7z4slz9/6793898954/h/insOo6D5kr2g-YQAHmot70JWv4JNrnk-FJT9rhAtCXc)
We want you there—so we made it easier
Your travel plans start here, with exclusive discounts to help make your trip to Seattle more affordable.
Register now to get the early-bird rate, and join us in Seattle from September 22 to 24. Seats are limited, secure yours today!
[Register now](https://go.amazonsellerservices.com/e/229492/-medium-email-utm-source-email/7z4slz9/6793898954/h/insOo6D5kr2g-YQAHmot70JWv4JNrnk-FJT9rhAtCXc)
""Attending Amazon Accelerate for the first time has been an amazing experience! I feel inspired and more confident in my ability to grow my business with Amazon.""
2025 attendee
Save on your flight to Seattle
We’ve partnered with major airlines to offer exclusive discounts on flights to and from Seattle-Tacoma International Airport (SEA).
[A checkmark icon]
Alaska Airlines: ~7% off the published price of select fares | Code: ECMQ023 | Valid Sept 17–29
",2026-08-17 13:37:13,RETR,xtbBpRWojmpomzX7OAAA35
付款/资金类,older,account_4,weihaizhongxin2024@126.com,"Tue, 28 Jul 2026 08:56:50 +0000","""Amazon Seller Central Notifications (Do Not Reply)"" <donotreply@amazon.com>",Your information is verified – Start selling on Amazon now,,"96
 Dear Seller,
Good news. Your Selling on Amazon payment account has been activated. We will get in touch with you if we need more information.
 For any assistance relating to Selling on Amazon or other Amazon services, you can search our help pages or contact Seller Support/Selling Partner Support.
Happy Selling.
Amazon Payments
 Please Note: this email was sent from a notification-only address that cannot accept incoming email. Please do not reply to this email.
 Report an issue with this email
 If you have any questions, visit: Seller Central
 To change your email preferences, visit: Notification Preferences
 Copyright 2026 Amazon, Inc or its affiliates. All rights reserved.
 Amazon Payments UK Limited, a private company limited by shares,
is a company registered in England and Wales (registration number 11049457; VAT number: GB295 7604 60)
with its registered office at 1 Principal Place, Worship St, London, EC2A 2FA, United Kingdom.
Amazon Payments UK Limited is authorised by the UK Financial Conduct Authority
under the Payment Services Regulations 2017 (reference number 799814) for the provision of payment services.
Amazon Payments is a trading name of Amazon Payments UK Lim",2026-08-17 13:37:12,RETR,xtbBsxaFa2pobtavsQAA3v
付款/资金类,older,account_4,weihaizhongxin2024@126.com,"Sun, 26 Jul 2026 14:21:34 +0000",Amazon Services <donotreply@amazon.com>,Tu pago está en camino,,"96
This title will display on mobile devices
 ¡Enhorabuena! El pago está de camino y llegará pronto.
 El pago está en camino
Enhorabuena, Weihai EU. Tu pago está en camino y te llegará en un plazo de tres a cinco días.
El 07/26/26 14:21 WEST, iniciamos una transferencia a tu método de pago (cuenta bancaria terminado en 229) por un importe de €
 359,45.
 Si el importe es inferior a lo esperado, ten en cuenta las siguientes preguntas:
 ¿Tienes saldo no disponible en tu cuenta de vendedor? Puede que hayamos reservado algo de dinero para posibles devoluciones, reclamaciones o reversiones de cargo de clientes. En este caso, el saldo de cierre de tu informe de pagos te mostrará el saldo no disponible en reserva.
 ¿Cubren tus ventas las tarifas de Amazon y las devoluciones del periodo de liquidación? El importe del pago refleja las ventas que has hecho y las tarifas de venta aplicadas tanto a dichas ventas como a cualquier promoción o servicio que hayas utilizado. Te recomendamos que revises tu informe de pagos en ""Informes"" de Seller Central para conocer el saldo de cierre.
Para más información sobre los informes de pagos en Seller Central, visita nuestro curso oficial.
Te deseamos un éx",2026-08-17 13:37:06,RETR,xtbBpBY3HWpmF-avIwAA35
付款/资金类,older,account_4,weihaizhongxin2024@126.com,"Sun, 26 Jul 2026 14:21:01 +0000",Amazon Services <donotreply@amazon.com>,Your payment is on the way,,"96
This title will display on mobile devices
 Congratulations! Your payment is on the way and will arrive soon.
 Disbursement attempted
Congratulations Weihai CA! Your payment is on the way and will arrive within three to five days.
On 07/26/26 14:20 EDT, we initiated a transfer to your payment method (bank account ending in 151) in the amount of CAD
 284.81.
 If the amount is less than expected, here are a few questions to consider:
 Do you have an unavailable balance? Amazon might be reserving money to cover potential returns, claims or chargebacks from buyers. If this is the case, the closing balance in your Payment Report will display the unavailable balance that is reserved.
 Did your sales cover all fees and returns for this statement period? The payment amount reflects sales activities, selling fees and fees for promotions or services. We recommend reviewing your Payment Report under the Reports tab in Seller Central to understand your closing balance.
To learn more about Payment Reports in Seller Central, please visit our official course.
We wish you continued success!
Thank you for selling in the Amazon Store,
Amazon Services
Help us improve your payment experience on Amaz",2026-08-17 13:37:06,RETR,xtbBshIuFGpmF9KxKwAA3J
付款/资金类,older,account_4,weihaizhongxin2024@126.com,"Sun, 26 Jul 2026 14:20:18 +0000",Amazon Services <donotreply@amazon.com>,Your payment is on the way,,"96
This title will display on mobile devices
 Congratulations! Your payment is on the way and will arrive soon.
 Disbursement Attempted
Congratulations Weihai EU! Your payment is on the way and will arrive within three to five days.
On 07/26/26 14:20 BST, we initiated a transfer to your payment method (bank account ending in 229) in the amount of £
 368.30.
 If the amount is less than expected, here are a few questions to consider:
 Do you have an unavailable balance? Amazon might be reserving money to cover potential returns, claims or chargebacks from buyers. If this is the case, the closing balance in your Payment Report will display the unavailable balance that is reserved.
 Did your sales cover all fees and returns for this statement period? The payment amount reflects sales activities, selling fees and fees for promotions or services. We recommend reviewing your Payment Report under the Reports tab in Seller Central to understand your closing balance.
To find out more about Payment Reports in Seller Central, please visit our official course.
We wish you continued success!
Thank you for selling in the Amazon store,
Amazon Services
Help us improve your payment experience on Ama",2026-08-17 13:37:06,RETR,xtbBsgUjCWpmF6Wv5AAA3o
付款/资金类,older,account_4,weihaizhongxin2024@126.com,"Sat, 25 Jul 2026 13:57:00 +0000",Amazon Services <donotreply@amazon.com>,Your payment is on the way,,"96
This title will display on mobile devices
 Congratulations! Your payment is on the way and will arrive soon.
 Disbursement Attempted
Congratulations Weihai EU! Your payment is on the way and will arrive within three to five days.
On 07/25/26 13:56 CEST, we initiated a transfer to your payment method (bank account ending in 229) in the amount of €
 297.14.
 If the amount is less than expected, here are a few questions to consider:
 Do you have an unavailable balance? Amazon might be reserving money to cover potential returns, claims, or chargebacks from buyers. If this is the case, the closing balance in your Payment Report will display the unavailable balance that is reserved.
 Did your sales cover all fees and returns for this statement period? The payment amount reflects sales activities, selling fees, and fees for promotions or services. We recommend reviewing your Payment Report under the Reports tab in Seller Central to understand your closing balance.
To learn more about Payment Reports in Seller Central, please visit our official course.
We wish you continued success!
Thank you for selling in the Amazon store,
Amazon Services
Help us improve your payment experience on Ama",2026-08-17 13:37:05,RETR,xtbBshAQ9WpkwLC9lAAA3Q
付款/资金类,older,account_4,weihaizhongxin2024@126.com,"Fri, 24 Jul 2026 23:31:38 +0000",Amazon Services <donotreply@amazon.com>,Your payment is on the way,,"96
This title will display on mobile devices
 Congratulations! Your payment is on the way and will arrive soon.
 Disbursement Attempted
Congratulations Weihai EU! Your payment is on the way and will arrive within three to five days.
On 07/24/26 23:31 GST, we initiated a transfer to your payment method (bank account ending in 229) in the amount of AED
 85.79.
 If the amount is less than expected, here are a few questions to consider:
 Do you have an unavailable balance? Amazon might be reserving money to cover potential returns, claims, or chargebacks from buyers. If this is the case, the closing balance in your Payment Report will display the unavailable balance that is reserved.
 Did your sales cover all fees and returns for this statement period? The payment amount reflects sales activities, selling fees, and fees for promotions or services. We recommend reviewing your Payment Report under the Reports tab in Seller Central to understand your closing balance.
To learn more about Payment Reports in Seller Central, please visit our official course.
We wish you continued success!
Thank you for selling in the Amazon store,
Amazon Services
Help us improve your payment experience on Ama",2026-08-17 13:37:03,RETR,xtbBpB4oDmpj9d4hJQAA36
付款/资金类,older,account_4,weihaizhongxin2024@126.com,"Fri, 24 Jul 2026 14:04:10 +0000",Amazon Services <donotreply@amazon.com>,Tu pago está en camino,,"96
This title will display on mobile devices
 ¡Enhorabuena! El pago está de camino y llegará pronto.
 El pago está en camino
Enhorabuena, Weihai EU. Tu pago está en camino y te llegará en un plazo de tres a cinco días.
El 07/24/26 14:04 WEST, iniciamos una transferencia a tu método de pago (cuenta bancaria terminado en 229) por un importe de €
 282,64.
 Si el importe es inferior a lo esperado, ten en cuenta las siguientes preguntas:
 ¿Tienes saldo no disponible en tu cuenta de vendedor? Puede que hayamos reservado algo de dinero para posibles devoluciones, reclamaciones o reversiones de cargo de clientes. En este caso, el saldo de cierre de tu informe de pagos te mostrará el saldo no disponible en reserva.
 ¿Cubren tus ventas las tarifas de Amazon y las devoluciones del periodo de liquidación? El importe del pago refleja las ventas que has hecho y las tarifas de venta aplicadas tanto a dichas ventas como a cualquier promoción o servicio que hayas utilizado. Te recomendamos que revises tu informe de pagos en ""Informes"" de Seller Central para conocer el saldo de cierre.
Para más información sobre los informes de pagos en Seller Central, visita nuestro curso oficial.
Te deseamos un éx",2026-08-17 13:37:01,RETR,xtbBpALHrWpjcOLprgAA3Q
付款/资金类,older,account_4,weihaizhongxin2024@126.com,"Fri, 24 Jul 2026 14:00:39 +0000",Amazon Services <donotreply@amazon.com>,Your payment is on the way,,"96
This title will display on mobile devices
 Congratulations! Your payment is on the way and will arrive soon.
 Disbursement Attempted
Congratulations Weihai EU! Your payment is on the way and will arrive within three to five days.
On 07/24/26 14:00 BST, we initiated a transfer to your payment method (bank account ending in 229) in the amount of £
 230.13.
 If the amount is less than expected, here are a few questions to consider:
 Do you have an unavailable balance? Amazon might be reserving money to cover potential returns, claims or chargebacks from buyers. If this is the case, the closing balance in your Payment Report will display the unavailable balance that is reserved.
 Did your sales cover all fees and returns for this statement period? The payment amount reflects sales activities, selling fees and fees for promotions or services. We recommend reviewing your Payment Report under the Reports tab in Seller Central to understand your closing balance.
To find out more about Payment Reports in Seller Central, please visit our official course.
We wish you continued success!
Thank you for selling in the Amazon store,
Amazon Services
Help us improve your payment experience on Ama",2026-08-17 13:37:01,RETR,xtbBshOTeWpjcBPvWQAA3X
付款/资金类,older,account_4,weihaizhongxin2024@126.com,"Fri, 24 Jul 2026 11:45:44 +0000",亚马逊开店服务 <donotreply@amazon.com>,请在 45 天内提供“了解您的客户”验证，以避免受到限制,,"96
 请在 45 天内提供“了解您的客户”验证，以避免受到限制
 尊敬的 Weihai EU：
您好！
 您的 Amazon.de 账户要求您在收到此电子邮件后的 45 天内提供验证详情。如果未完成，您的账户将被停用，转账也将受到限制。
 为什么会发生这种情况？
 我们采取此措施是因为，要继续验证您的账户，您需要提供其他验证详情。此验证有助于确保商城诚信并保护买家。我们还会定期审核账户信息，以确保相关信息始终为最新信息。
 要了解更多信息，请参阅“ Amazon Payments -‘我要开店’用户协议 ”。
 我们综合利用多种自动化方式做出这一决定。
 如何提供我的信息？
 在“优先操作”部分中或通过 身份信息 页面点击“提交验证”，通过 账户状况页面 完成验证，然后：
- 完成所有红色突出显示部分，然后按照屏幕上的说明操作
- 点击“保存”
- 点击“提交以进行验证”
 注意： 只有具有“确认/更改账户信息”权限的用户可以提交验证。仅使用拉丁字符输入所有地址。
 如果未提交要求的信息，会怎么样？
 如果您未在 45 天内完成验证，我们将：
- 停售您在 Amazon de 上的所有现有商品
- 阻止创建新商品
- 限制从您的账户转账
 在您完成验证之前，这些限制一直有效。删除商品并不能从您的“账户状况”页面删除此违规行为。
 如果发送有误，该怎么办？
 如果已完成账户验证并收到确认信息，请通过卖家平台的 获取支持 页面提交证据。
 请提供显示以下内容的文档：
- 确认已完成验证
- 完成验证的日期
- 用于确认验证的先前的任何信件
 我们愿意随时为您提供帮助。
 有关常见问题解答，请访问我们的 帮助页面 。
 如果您对此流程有任何疑问或需要帮助，请点击 账户状况页面 上的“联系我们”按钮，联系账户状况专员。
 Amazon Payments
 报告此电子邮件的问题
 如果您有任何问题，请访问: Seller Central
 要更改您的电子邮件首选项，请访问： 通知首选项
 2026 Amazon.com 旗下公司 保留所有权利
 Amazon EU S.à r.l.
38 avenue John F. Kennedy,
L-1855 Luxembourg,
注册于卢森堡，
注册编号 B-101818，
股本 165.833 欧元，
营业执照编号： 134248，
卢森堡增值税注册编号 LU 20260743。
 SPC-EUAmazon-87962606524353",2026-08-17 13:37:01,RETR,xtbBsgyiiGpjUGxG4wAA3E
付款/资金类,older,account_4,weihaizhongxin2024@126.com,"Fri, 24 Jul 2026 11:27:26 +0000",Amazon Services <donotreply@amazon.com>,Proporciona los datos del proceso de verificación de la identidad del cliente en un plazo de 45 días para evitar restricciones,,"96
 Proporciona los datos del proceso de verificación de la identidad del cliente en un plazo de 45 días para evitar restricciones
 Hola, Weihai EU:
 Tienes que presentar los detalles de la verificación de tu cuenta de Amazon.es en un plazo de 45 días a partir de la recepción de este correo electrónico. De lo contrario, se desactivará tu cuenta y se restringirán las transferencias de fondos.
 ¿A qué se debe esto?
 Tomamos esta medida porque tienes que presentar más datos de verificación para continuar con la verificación de tu cuenta. Esta verificación ayuda a garantizar la integridad del sitio web y proteger a los clientes. También la revisamos periódicamente para asegurarnos de que la información de la cuenta siga actualizada.
 Para más información, consulta Amazon Payments – Contrato de Usuario para el servicio Vender en Amazon .
 Hemos empleado una combinación de medios automatizados para tomar esta decisión.
 ¿Cómo proporciono mi información?
 Completa la verificación en la página Estado de la cuenta . Para ello, haz clic en ""Enviar verificación"" en la sección ""Acciones prioritarias"" o en la página Información de identidad y, a continuación:
- Completa todas las secciones resa",2026-08-17 13:37:00,RETR,xtbBpQCOdGpjTCAsTwAA3Z
付款/资金类,older,account_4,weihaizhongxin2024@126.com,"Fri, 24 Jul 2026 10:34:58 +0000",Amazon Services <donotreply@amazon.com>,"W ciągu 45 dni prześlij informacje na potrzeby weryfikacji w ramach procedury „Poznaj swojego klienta”, aby uniknąć ograniczeń",,"96
 W ciągu 45 dni prześlij informacje na potrzeby weryfikacji w ramach procedury „Poznaj swojego klienta”, aby uniknąć ograniczeń
 Dzień dobry Weihai EU,
 Twoje konto na Amazon.pl wymaga podania informacji na potrzeby weryfikacji. Masz na to 45 dni od otrzymania niniejszej wiadomości e-mail. Jeśli nie spełnisz tego wymogu, Twoje konto zostanie zdezaktywowane, a przelewy środków będą podlegać ograniczeniom.
 Dlaczego tak się stało?
 Podejmujemy to działanie, ponieważ do przeprowadzenia weryfikacji konta wymagane są dodatkowe informacje. Weryfikacja ta pomaga zapewnić wiarygodność serwisu i chronić klientów. Przeprowadzamy też okresowe kontrole, aby mieć pewność, że informacje o koncie pozostają aktualne.
 Więcej informacji znajdziesz na stronie Amazon Payments – Umowa Użytkownika Usług Sprzedaży na Amazon .
 Do podjęcia tej decyzji wykorzystaliśmy połączenie zautomatyzowanych środków.
 W jaki sposób mogę podać te informacje?
 Ukończ weryfikację za pośrednictwem panelu Kondycja konta (kliknij „Prześlij do weryfikacji” w sekcji „Działania priorytetowe”) lub strony Informacje o tożsamości . Następnie:
- Wypełnij wszystkie sekcje oznaczone czerwonym kolorem i postępuj zgodnie z instruk",2026-08-17 13:37:00,RETR,xtbBpBl5X2pjP9nmwQAA3T
付款/资金类,older,account_4,weihaizhongxin2024@126.com,"Fri, 24 Jul 2026 10:18:19 +0000",Amazon Services <donotreply@amazon.com>,Tillhandahåll kundkännedomsverifiering inom 45 dagar för att undvika begränsningar,,"96
 Tillhandahåll kundkännedomsverifiering inom 45 dagar för att undvika begränsningar
 Hej Weihai EU!
 Ditt konto på Amazon.se kräver verifieringsinformation inom 45 dagar från mottagandet av detta e-postmeddelande. Om det inte slutförs kommer ditt konto att inaktiveras och överföringar av medel begränsas.
 Varför händer det här?
 Vi vidtar den här åtgärden eftersom ytterligare verifieringsuppgifter krävs för att fortsätta med verifieringen av ditt konto. Denna verifiering bidrar till att säkerställa marknadsplatsens integritet och skydda kunderna. Vi utför också regelbundna granskningar för att säkerställa att kontoinformationen förblir aktuell.
 Mer information finns i ” Användaravtal för Amazon Payments – Försäljning på Amazon ”.
 Vi har använt oss av olika automatiserade metoder för att fatta det här beslutet.
 Hur tillhandahåller jag mina uppgifter?
 Slutför verifieringen via sidan Kontostatus genom att klicka på ”Skicka verifiering” i avsnittet Prioritetsåtgärder eller via sidan Identitetsinformation och sedan:
- Fyll i alla avsnitt markerade med rött och följ anvisningarna på skärmen
- Klicka på ”Spara”
- Klicka på ”Skicka in för verifiering”
 Obs! Endast användare med behö",2026-08-17 13:36:59,RETR,xtbBsw99Y2pjO+-S6wAA3G
付款/资金类,older,account_4,weihaizhongxin2024@126.com,"Fri, 24 Jul 2026 10:01:15 +0000",Amazon Services <donotreply@amazon.com>,Completa la verifica entro 45 giorni per evitare restrizioni,,"96
 Completa la verifica entro 45 giorni per evitare restrizioni
 Gentile Weihai EU,
 la procedura di verifica relativa al tuo account Amazon.it deve essere completata entro 45 giorni dalla ricezione di questa e-mail. Se la verifica non viene completata, il tuo account verrà disattivato e i trasferimenti di fondi saranno soggetti a restrizioni.
 Ciò a cosa è dovuto?
 Ti abbiamo inviato questa e-mail perché abbiamo bisogno di ulteriori informazioni per poter completare la verifica del tuo account. Questa verifica ci consente di garantire l'integrità del nostro negozio e di tutelare i clienti. Effettuiamo inoltre verifiche periodiche per garantire che le informazioni sull'account siano aggiornate.
 Per maggiori informazioni sul contratto di utilizzo del servizio Amazon Payments, Vendita su Amazon, consulta questa pagina di aiuto .
 Abbiamo utilizzato una combinazione di mezzi automatizzati per prendere questa decisione.
 Come faccio a fornire le informazioni richieste?
 Completa la verifica tramite la pagina Stato dell'account cliccando su ""Invia per verifica"" nella sezione Azioni prioritarie o tramite la pagina Informazioni di identità , quindi:
- Completa tutte le sezioni evidenzia",2026-08-17 13:36:59,RETR,xtbBshF9Y2pjN-G9rwAA3g
付款/资金类,older,account_4,weihaizhongxin2024@126.com,"Fri, 24 Jul 2026 09:07:51 +0000",亚马逊开店服务 <donotreply@amazon.com>,请在 45 天内提供“了解您的客户”验证，以避免受到限制,,"96
 请在 45 天内提供“了解您的客户”验证，以避免受到限制
 尊敬的 Weihai EU：
您好！
 您的 Amazon.com 账户要求您在收到此电子邮件后的 45 天内提供验证详情。如果未完成，您的账户将被停用，转账也将受到限制。
 为什么会发生这种情况？
 我们采取此措施是因为，要继续验证您的账户，您需要提供其他验证详情。此验证有助于确保商城诚信并保护买家。我们还会定期审核账户信息，以确保相关信息始终为最新信息。
 要了解更多信息，请参阅“ Amazon Payments -‘我要开店’用户协议 ”。
 我们综合利用多种自动化方式做出这一决定。
 如何提供我的信息？
 在“优先操作”部分中或通过 身份信息 页面点击“提交验证”，通过 账户状况页面 完成验证，然后：
- 完成所有红色突出显示部分，然后按照屏幕上的说明操作
- 点击“保存”
- 点击“提交以进行验证”
 注意： 只有具有“确认/更改账户信息”权限的用户可以提交验证。仅使用拉丁字符输入所有地址。
 如果未提交要求的信息，会怎么样？
 如果您未在 45 天内完成验证，我们将：
- 停售您在 Amazon com 上的所有现有商品
- 阻止创建新商品
- 限制从您的账户转账
 在您完成验证之前，这些限制一直有效。删除商品并不能从您的“账户状况”页面删除此违规行为。
 如果发送有误，该怎么办？
 如果已完成账户验证并收到确认信息，请通过卖家平台的 获取支持 页面提交证据。
 请提供显示以下内容的文档：
- 确认已完成验证
- 完成验证的日期
- 用于确认验证的先前的任何信件
 我们愿意随时为您提供帮助。
 有关常见问题解答，请访问我们的 帮助页面 。
 如果您对此流程有任何疑问或需要帮助，请点击 账户状况页面 上的“联系我们”按钮，联系账户状况专员。
 Amazon Payments
 报告此电子邮件的问题
 如果您有任何问题，请访问: Seller Central
 要更改您的电子邮件首选项，请访问： 通知首选项
 2026 Amazon.com 旗下公司 保留所有权利
 Amazon EU S.à r.l.
38 avenue John F. Kennedy,
L-1855 Luxembourg,
注册于卢森堡，
注册编号 B-101818，
股本 165.833 欧元，
营业执照编号： 134248，
卢森堡增值税注册编号 LU 20260743。
 SPC-EUAmazon-1565706233847234",2026-08-17 13:36:59,RETR,xtbBswlYPmpjK2lYuwAA30
付款/资金类,older,account_4,weihaizhongxin2024@126.com,"Thu, 23 Jul 2026 14:51:16 +0000",Amazon Services <donotreply@amazon.com>,Twoja płatność jest już w drodze,,"96
Ten tytuł będzie wyświetlany na urządzeniach mobilnych
 Gratulujemy! Twoja płatność jest już w drodze, a środki powinny wkrótce do Ciebie dotrzeć.
 Próba wypłaty środków
Gratulacje, Weihai EU! Twoja płatność jest już w drodze, a środki powinny do Ciebie dotrzeć w terminie od trzech do pięciu dni.
Dnia 07/23/26 14:51 CEST zainicjowaliśmy przelew na kwotę PLN
 82.69 na konto powiązane z Twoją metodą płatności (rachunek bankowy o ostatnich cyfrach 229).
 Jeśli kwota jest mniejsza niż oczekiwana, oto kilka kwestii do wzięcia pod uwagę:
 Czy Twoje saldo jest niedostępne? Amazon może zatrzymać środki na pokrycie ewentualnych kosztów zwrotów towarów, roszczeń i obciążeń zwrotnych od kupujących. W takim przypadku saldo zamknięcia w raporcie płatności pokaże niedostępne saldo na zarezerwowaną w tym celu kwotę.
 Czy Twoja sprzedaż wystarczyła na pokrycie wszystkich opłat i zwrotów w tym okresie rozliczeniowym? Kwota płatności uwzględnia koszt działań sprzedażowych, opłaty za sprzedaż oraz opłaty za promocje i usługi. Aby lepiej zrozumieć wysokość salda zamknięcia, warto przeanalizować raport płatności, który znajdziesz w Seller Central w karcie „Raporty”.
Więcej o raportach płatności w Se",2026-08-17 13:36:56,RETR,xtbBpQnXvWpiKmmbCgAA3c
付款/资金类,older,account_4,weihaizhongxin2024@126.com,"Thu, 23 Jul 2026 14:00:14 +0000",Amazon Services <donotreply@amazon.com>,Your payment is on the way,,"96
This title will display on mobile devices
 Congratulations! Your payment is on the way and will arrive soon.
 Disbursement attempted
Congratulations Weihai CA! Your payment is on the way and will arrive within three to five days.
On 07/23/26 14:00 EDT, we initiated a transfer to your payment method (bank account ending in 151) in the amount of CAD
 235.13.
 If the amount is less than expected, here are a few questions to consider:
 Do you have an unavailable balance? Amazon might be reserving money to cover potential returns, claims or chargebacks from buyers. If this is the case, the closing balance in your Payment Report will display the unavailable balance that is reserved.
 Did your sales cover all fees and returns for this statement period? The payment amount reflects sales activities, selling fees and fees for promotions or services. We recommend reviewing your Payment Report under the Reports tab in Seller Central to understand your closing balance.
To learn more about Payment Reports in Seller Central, please visit our official course.
We wish you continued success!
Thank you for selling in the Amazon Store,
Amazon Services
Help us improve your payment experience on Amaz",2026-08-17 13:36:55,RETR,xtbBshLWvGpiHnJNRQAA3m
付款/资金类,older,account_4,weihaizhongxin2024@126.com,"Thu, 23 Jul 2026 12:14:46 +0000",Amazon Accelerate <no-reply@sell.amazon.com>,Getting to Accelerate just got more affordable,,"[Amazon logo](https://go.amazonsellerservices.com/e/229492/2026-07-20/7z4sm1d/6783180395/h/9SAIODqFYxt9XXAbJGvHdl3Qa8teVnFPPUtWgSPQ3R8)
[Partner Connect at Accelerate 2026](https://go.amazonsellerservices.com/e/229492/-medium-email-utm-source-email/7z4sm1h/6783180395/h/9SAIODqFYxt9XXAbJGvHdl3Qa8teVnFPPUtWgSPQ3R8)
We’re making it easier to get here
We know travel can be a big part of the decision to attend a conference. That's why we've secured exclusive discounts to help make your trip to Seattle more affordable.
Register now to lock in the early-bird rate of $499 (standard price: $599) and join us in Seattle from September 22 to 24. Seats are limited, so don’t wait.
[Register now](https://go.amazonsellerservices.com/e/229492/-medium-email-utm-source-email/7z4sm1h/6783180395/h/9SAIODqFYxt9XXAbJGvHdl3Qa8teVnFPPUtWgSPQ3R8)
""Attending Amazon Accelerate for the first time has been an amazing experience! I feel inspired and more confident in my ability to grow my business with Amazon.""
2025 attendee
Save on your flight to Seattle
We’ve partnered with major airlines to offer exclusive discounts on flights to and from Seattle-Tacoma International Airport (SEA).
[A checkmark icon]
Alaska A",2026-08-17 13:36:54,RETR,xtbBpRqiiGpiBbrExAAA3i
付款/资金类,older,account_4,weihaizhongxin2024@126.com,"Wed, 22 Jul 2026 14:43:36 +0000",Amazon Services <donotreply@amazon.com>,Your payment is on the way,,"96
This title will display on mobile devices
 Congratulations! Your payment is on the way and will arrive soon.
 Disbursement Attempted
Congratulations Weihai EU! Your payment is on the way and will arrive within three to five days.
On 07/22/26 14:43 CEST, we initiated a transfer to your payment method (bank account ending in 229) in the amount of €
 291.50.
 If the amount is less than expected, here are a few questions to consider:
 Do you have an unavailable balance? Amazon might be reserving money to cover potential returns, claims, or chargebacks from buyers. If this is the case, the closing balance in your Payment Report will display the unavailable balance that is reserved.
 Did your sales cover all fees and returns for this statement period? The payment amount reflects sales activities, selling fees, and fees for promotions or services. We recommend reviewing your Payment Report under the Reports tab in Seller Central to understand your closing balance.
To learn more about Payment Reports in Seller Central, please visit our official course.
We wish you continued success!
Thank you for selling in the Amazon store,
Amazon Services
Help us improve your payment experience on Ama",2026-08-17 13:36:49,RETR,xtbBpRqulGpg1xov6AAA3F
付款/资金类,older,account_4,weihaizhongxin2024@126.com,"Wed, 22 Jul 2026 14:42:48 +0000",Amazon Services <donotreply@amazon.com>,Tu pago está en camino,,"96
This title will display on mobile devices
 ¡Enhorabuena! El pago está de camino y llegará pronto.
 El pago está en camino
Enhorabuena, Weihai EU. Tu pago está en camino y te llegará en un plazo de tres a cinco días.
El 07/22/26 14:42 WEST, iniciamos una transferencia a tu método de pago (cuenta bancaria terminado en 229) por un importe de €
 1.058,86.
 Si el importe es inferior a lo esperado, ten en cuenta las siguientes preguntas:
 ¿Tienes saldo no disponible en tu cuenta de vendedor? Puede que hayamos reservado algo de dinero para posibles devoluciones, reclamaciones o reversiones de cargo de clientes. En este caso, el saldo de cierre de tu informe de pagos te mostrará el saldo no disponible en reserva.
 ¿Cubren tus ventas las tarifas de Amazon y las devoluciones del periodo de liquidación? El importe del pago refleja las ventas que has hecho y las tarifas de venta aplicadas tanto a dichas ventas como a cualquier promoción o servicio que hayas utilizado. Te recomendamos que revises tu informe de pagos en ""Informes"" de Seller Central para conocer el saldo de cierre.
Para más información sobre los informes de pagos en Seller Central, visita nuestro curso oficial.
Te deseamos un ",2026-08-17 13:36:49,RETR,xtbBpAyjiWpg1uwsEwAA3N
付款/资金类,older,account_4,weihaizhongxin2024@126.com,"Tue, 21 Jul 2026 13:57:14 +0000",Amazon Services <donotreply@amazon.com>,Your payment is on the way,,"96
This title will display on mobile devices
 Congratulations! Your payment is on the way and will arrive soon.
 Disbursement attempted
Congratulations Weihai CA! Your payment is on the way and will arrive within three to five days.
On 07/21/26 13:57 EDT, we initiated a transfer to your payment method (bank account ending in 151) in the amount of CAD
 467.73.
 If the amount is less than expected, here are a few questions to consider:
 Do you have an unavailable balance? Amazon might be reserving money to cover potential returns, claims or chargebacks from buyers. If this is the case, the closing balance in your Payment Report will display the unavailable balance that is reserved.
 Did your sales cover all fees and returns for this statement period? The payment amount reflects sales activities, selling fees and fees for promotions or services. We recommend reviewing your Payment Report under the Reports tab in Seller Central to understand your closing balance.
To learn more about Payment Reports in Seller Central, please visit our official course.
We wish you continued success!
Thank you for selling in the Amazon Store,
Amazon Services
Help us improve your payment experience on Amaz",2026-08-17 13:36:46,RETR,xtbBpRxAJmpferxpsgAA33
产品链接/合规类,older,account_4,weihaizhongxin2024@126.com,"Mon, 10 Aug 2026 11:54:13 +0000",Amazon Services <donotreply@amazon.com>,Submit product compliance documents to avoid listing removal,,"96
 Submit product compliance documents to avoid listing removal
 Hello Weihai EU,
 Your listings are at risk of removal due to missing Safety Data Sheets. Submit the required documentation by 2026-11-08 to continue selling these products. You can find examples of your at-risk listings at the bottom of this email.
 Why is this happening?
 We are taking this action because we identified hazardous products in your catalog that require Safety Data Sheets (SDS). These documents are required by law and provide critical safety information about chemical products, including proper handling, storage, and emergency procedures. This helps ensure the safety of our customers, employees, and anyone who handles these products.
 We leveraged a combination of automated means and expert human review to identify this issue and make this decision.
 To learn more, visit our Requirements and FAQ for the sale of chemicals .
 How do I continue to sell the affected products?
 To avoid listing removal and continue selling these products, upload the Safety Data Sheets (SDS) for each of the impacted products. Click the “View Compliance Requirements” button below to see all affected listings.
 View Compliance",2026-08-17 13:38:41,RETR,xtbBpQkiCGp5u+ns4QAA3K
产品链接/合规类,older,account_4,weihaizhongxin2024@126.com,"Thu, 6 Aug 2026 18:48:57 +0000",Amazon Services <donotreply@amazon.com>,Submit product safety documentation to avoid listing deactivation,,"96
 Hello Weihai EU,
 Some of your listings are at risk of deactivation due to missing mandatory compliance requirements for your products. Review the details and next steps below. The affected listings are shown at the end of this email.
 Why is this happening?
 We are taking this action because these products are missing mandatory compliance information. Review our Product safety and compliance help page for information on applicable laws, regulations, and Amazon policies.
 The table at the end of this email provides product-specific compliance requirements.
 How do I reactivate my listings?
 To provide the required compliance information, go to your Account Health page and locate the product compliance requests:
-
 If you have the required documentation, follow the instructions to submit your compliance documents.
-
 If you believe your products are exempt from these requirements, submit documentation demonstrating why they are not subject to these compliance requirements.
 For step-by-step instructions, see our Submit compliance documents or appeal a documentation request help page.
 To avoid further impact to your account, close or delete any non-compliant listings that you do",2026-08-17 13:38:08,RETR,xtbBshuzmWp01xteqQAA3m
产品链接/合规类,older,account_4,weihaizhongxin2024@126.com,"Thu, 6 Aug 2026 17:04:28 +0000",Amazon Seller Central <donotreply@amazon.com>,Your VAT invoice for EPR Pay on Behalf charges for Amazon.fr sales,,"Votre facture pour les frais de paiement au titre de la REP pour les ventes sur Amazon.fr |
Your VAT invoice for EPR Pay on Behalf charges for Amazon.fr sales
 96
 Bonjour,
Votre facture pour couvrant les frais de paiement au titre de la Responsabilité élargie du producteur (REP) pour les ventes sur Amazon.fr est désormais disponible.
La facture comprend (1) les frais d’éco-contribution qu’Amazon a payé en votre nom pour les ventes de produits soumis à des obligations REP sur Amazon.fr au cours de la période de référence applicable et (2) les frais de service REP Nous payons en votre nom, pour les catégories de REP spécifiées dans le résumé au niveau de la catégorie et dans le résumé au niveau de l’ASIN.
Pour accéder à votre facture REP Nous Payons en votre nom , ouvrez la pièce jointe de cet e-mail ou accédez à la section Factures des frais du vendeur et recherchez « REP Nous payons en votre nom » dans la colonne « Type de facture ».
Pour afficher un résumé au niveau de la catégorie des frais facturés, des périodes de déclaration applicables et des catégories REP, accédez à la section Affichage des transactions avec les frais de service comme type de transaction, et recherchez « R",2026-08-17 13:38:05,RETR,xtbBsgCPdWp0vqCsCgAA3u
产品链接/合规类,older,account_4,weihaizhongxin2024@126.com,"Thu, 6 Aug 2026 13:27:26 +0000",Amazon Services <donotreply@amazon.com>,Submit product safety documentation to avoid listing deactivation,,"96
 Hello Weihai EU,
 Some of your listings are at risk of deactivation due to missing mandatory compliance requirements for your products. Review the details and next steps below. The affected listings are shown at the end of this email.
 Why is this happening?
 We are taking this action because these products are missing mandatory compliance information. Review our Product safety and compliance help page for information on applicable laws, regulations and Amazon policies.
 The table at the end of this email provides product-specific compliance requirements.
 How do I reactivate my listing?
 To provide the required compliance information, go to your Account Health page and locate the product compliance requests:
-
 If you have the required documentation, follow the instructions to submit your compliance documents.
-
 If you believe that your products are exempt from these requirements, submit documentation demonstrating why they are not subject to these compliance requirements.
 For step-by-step instructions, see our Submit compliance documents or appeal a documentation request help page.
 To avoid further impact on your account, close or delete any non-compliant listings that you",2026-08-17 13:38:02,RETR,xtbBpQLKsGp0i8JRPQAA3m
产品链接/合规类,older,account_4,weihaizhongxin2024@126.com,"Wed, 5 Aug 2026 19:14:34 +0000",Amazon Services <donotreply@amazon.com>,Zwrot kosztów zgodności z wymogami w zakresie opakowań w ramach ROP,,"96
 Rozpocznij rejestrację w ramach ROP przed 12 sierpnia, aby uzyskać częściowy zwrot kosztów w Szwecji i Polsce
 Dzień dobry,
 niedawno przypominaliśmy o nowym unijnym rozporządzeniu w sprawie opakowań i odpadów opakowaniowych (PPWR), które wchodzi w życie 12 sierpnia 2026 r., a także o wynikającym z niego wymogu jednorazowej rejestracji producenta.
 Jeśli sprzedajesz w Szwecji lub Polsce, przysługuje Ci częściowy zwrot kosztów zapewnienia zgodności z wymogami w ramach rozszerzonej odpowiedzialności producenta (ROP) na mocy rozporządzenia PPWR.
 Aby skorzystać z tej promocji:
- Przejdź na stronę Seller Rewards .
- Zaznacz pole wyboru „Promocja dotycząca opakowań w ramach ROP”, a następnie kliknij przycisk Weź udział teraz .
- Uzyskaj numer rejestracyjny ROP (ERN) na potrzeby rozporządzenia PPWR w Szwecji i Polsce. Aby uzyskać pomoc w rejestracji, przejdź na stronę Compliance Services Store i wybierz dostawcę usług.
- Przejdź na stronę Zgodność z przepisami i kliknij opcję Przesyłanie informacji o zgodności z wymogami .
- Zaznacz pole wyboru „Rozszerzona odpowiedzialność producenta”, a następnie z menu rozwijanego wybierz opcję „Opakowania”.
- Wprowadź ERN i kliknij przycisk Zapis",2026-08-17 13:38:00,RETR,xtbBsxyBZ2pzi5x2tgAA3H
产品链接/合规类,older,account_4,weihaizhongxin2024@126.com,"Wed, 5 Aug 2026 18:39:18 +0000",Amazon Services <donotreply@amazon.com>,Submit product safety documentation to avoid listing deactivation,,"96
 Hello Weihai EU,
 Some of your listings are at risk of deactivation due to missing mandatory compliance requirements for your products. Review the details and next steps below. The affected listings are shown at the end of this email.
 Why is this happening?
 We are taking this action because these products are missing mandatory compliance information. Review our Product safety and compliance help page for information on applicable laws, regulations, and Amazon policies.
 The table at the end of this email provides product-specific compliance requirements.
 How do I reactivate my listings?
 To provide the required compliance information, go to your Account Health page and locate the product compliance requests:
-
 If you have the required documentation, follow the instructions to submit your compliance documents.
-
 If you believe your products are exempt from these requirements, submit documentation demonstrating why they are not subject to these compliance requirements.
 For step-by-step instructions, see our Submit compliance documents or appeal a documentation request help page.
 To avoid further impact to your account, close or delete any non-compliant listings that you do",2026-08-17 13:38:00,RETR,xtbBshluVGpzg1mPPwAA3i
产品链接/合规类,older,account_4,weihaizhongxin2024@126.com,"Wed, 5 Aug 2026 12:58:13 +0000",Amazon Europe <donotreply@amazon.com>,EPR Pay on Behalf charges for 2025 Amazon.fr sales,,"Amazon Europe
 96
 You’ll be charged for EPR eco-contribution fees paid on your behalf for sales on Amazon.fr in 2025 and EPR Pay on Behalf service fees
 You’ll be charged for EPR eco-contribution fees paid on your behalf for sales on Amazon.fr in 2025 and EPR Pay on Behalf service fees
 Reading Time: 1 minute 30 seconds
 Hello,
Between August and September 2026, you’ll be charged eco-contribution fees for your sales of products subject to Extended Producer Responsibility (EPR) obligations on Amazon.fr in 2025, along with EPR Pay on Behalf service fees, for the following categories:
 - Sports
 - Do-it-yourself (DIY)
 Why will I be charged?
 In line with EPR regulation, producers must pay eco-contribution fees to Producer Responsibility Organizations (PROs) for sales of affected products on Amazon.fr. As previously communicated, you were automatically enrolled in Amazon’s EPR Pay on Behalf service, and Amazon paid eco-contribution fees for your sales, because you met all of the following criteria:
 You were considered a producer under Environmental Code.
 You sold products subject to EPR obligations on Amazon.fr in the above categories.
 You didn’t submit a valid EPR Registration Nu",2026-08-17 13:37:58,RETR,xtbBswleRGpzM2lECgAA3t
产品链接/合规类,older,account_4,weihaizhongxin2024@126.com,"Tue, 4 Aug 2026 18:16:42 +0000",Amazon Services <donotreply@amazon.com>,Submit product safety documentation to avoid listing deactivation,,"96
 Hello Weihai EU,
 Some of your listings are at risk of deactivation due to missing mandatory compliance requirements for your products. Review the details and next steps below. The affected listings are shown at the end of this email.
 Why is this happening?
 We are taking this action because these products are missing mandatory compliance information. Review our Product safety and compliance help page for information on applicable laws, regulations, and Amazon policies.
 The table at the end of this email provides product-specific compliance requirements.
 How do I reactivate my listings?
 To provide the required compliance information, go to your Account Health page and locate the product compliance requests:
-
 If you have the required documentation, follow the instructions to submit your compliance documents.
-
 If you believe your products are exempt from these requirements, submit documentation demonstrating why they are not subject to these compliance requirements.
 For step-by-step instructions, see our Submit compliance documents or appeal a documentation request help page.
 To avoid further impact to your account, close or delete any non-compliant listings that you do",2026-08-17 13:37:53,RETR,xtbBswxlS2pyLIy9xgAA3S
产品链接/合规类,older,account_4,weihaizhongxin2024@126.com,"Tue, 4 Aug 2026 17:58:25 +0000",Amazon Services <donotreply@amazon.com>,Submit product safety documentation to avoid listing deactivation,,"96
 Hello Weihai EU,
 Some of your listings are at risk of deactivation due to missing mandatory compliance requirements for your products. Review the details and next steps below. The affected listings are shown at the end of this email.
 Why is this happening?
 We are taking this action because these products are missing mandatory compliance information. Review our Product safety and compliance help page for information on applicable laws, regulations and Amazon policies.
 The table at the end of this email provides product-specific compliance requirements.
 How do I reactivate my listing?
 To provide the required compliance information, go to your Account Health page and locate the product compliance requests:
-
 If you have the required documentation, follow the instructions to submit your compliance documents.
-
 If you believe that your products are exempt from these requirements, submit documentation demonstrating why they are not subject to these compliance requirements.
 For step-by-step instructions, see our Submit compliance documents or appeal a documentation request help page.
 To avoid further impact on your account, close or delete any non-compliant listings that you",2026-08-17 13:37:53,RETR,xtbBsgVSOGpyKEXKeQAA3b
产品链接/合规类,older,account_4,weihaizhongxin2024@126.com,"Mon, 3 Aug 2026 17:55:58 +0000",Amazon Services <donotreply@amazon.com>,Submit product safety documentation to avoid listing deactivation,,"96
 Hello Weihai EU,
 Some of your listings are at risk of deactivation due to missing mandatory compliance requirements for your products. Review the details and next steps below. The affected listings are shown at the end of this email.
 Why is this happening?
 We are taking this action because these products are missing mandatory compliance information. Review our Product safety and compliance help page for information on applicable laws, regulations, and Amazon policies.
 The table at the end of this email provides product-specific compliance requirements.
 How do I reactivate my listings?
 To provide the required compliance information, go to your Account Health page and locate the product compliance requests:
-
 If you have the required documentation, follow the instructions to submit your compliance documents.
-
 If you believe your products are exempt from these requirements, submit documentation demonstrating why they are not subject to these compliance requirements.
 For step-by-step instructions, see our Submit compliance documents or appeal a documentation request help page.
 To avoid further impact to your account, close or delete any non-compliant listings that you do",2026-08-17 13:37:48,RETR,xtbBshJ4Xmpw1jL-KQAA3u
产品链接/合规类,older,account_4,weihaizhongxin2024@126.com,"Mon, 3 Aug 2026 17:41:59 +0000",Amazon Services <donotreply@amazon.com>,Submit product safety documentation to avoid listing deactivation,,"96
 Hello Weihai EU,
 Some of your listings are at risk of deactivation due to missing mandatory compliance requirements for your products. Review the details and next steps below. The affected listings are shown at the end of this email.
 Why is this happening?
 We are taking this action because these products are missing mandatory compliance information. Review our Product safety and compliance help page for information on applicable laws, regulations and Amazon policies.
 The table at the end of this email provides product-specific compliance requirements.
 How do I reactivate my listing?
 To provide the required compliance information, go to your Account Health page and locate the product compliance requests:
-
 If you have the required documentation, follow the instructions to submit your compliance documents.
-
 If you believe that your products are exempt from these requirements, submit documentation demonstrating why they are not subject to these compliance requirements.
 For step-by-step instructions, see our Submit compliance documents or appeal a documentation request help page.
 To avoid further impact on your account, close or delete any non-compliant listings that you",2026-08-17 13:37:47,RETR,xtbBpAmli2pw0unW0wAA3n
产品链接/合规类,older,account_4,weihaizhongxin2024@126.com,"Mon, 3 Aug 2026 15:45:25 +0000","""ppwr-cn-seller-compliance@amazon.com"" <ppwr-cn-seller-compliance@amazon.com>",RE:[CASE 12309992722] 需要采取行动：请向亚马逊提交您的EPR包装法注册号,,"96
RE:[CASE 12309992722] 需要采取行动：请向亚马逊提交您的EPR包装法注册号
尊敬的销售伙伴： 您好！
我们近期已提醒过您，PPWR将于 2026 年 8 月 12 日 正式生效。请注意：如果您还没有 ERN（EPR 注册号），您必须在 2026 年 8 月 12 日 之前启动注册流程，否则我们将下架您的商品listing。如您现在已启动注册流程，请立刻回复此日志告知您各个国家的注册进度，以便为您记录。
您尚未合规需要立刻关注的站点: 【西班牙、波兰、瑞典、爱尔兰】
有关更多信息，请参阅 EPR 要求:新的欧盟包装废弃物法规帮助页面：
 https://sellercentral-europe.amazon.com/help/hub/reference/external/G22AA5MS5P7TLNYM?mons_sel_locale=zh_CN
另外，在比利时、意大利和荷兰，由于注册流程或注册系统延迟，我们会根据当地注册系统的可用情况调整执行时间表，并致力于推出生产者责任延伸代付，以帮助您履行义务并继续销售。一旦流程开放，我们就会分享注册详情。
如有疑问，请扫码加入亚马逊卖家合规群：
 https://m.media-amazon.com/images/G/01/CN_Compliance_Team/mass_wecom_yt.jpg
To contact us again about this issue, please use the Contact Us form in Seller Central using the following link:
 https://sellercentral-europe.amazon.com/cu/case-dashboard/view-case?caseID=12309992722
Please note: this e-mail was sent from a notification-only address that cannot accept incoming e-mail. Please do not reply to this message.
 Copyright 2026 Amazon, Inc, or its affiliates. All rights reserved.
 Amazon EU S.à r.l.
38 avenue John F. Kennedy
L-1855 Luxembourg
Registered in Luxembourg No. B-101818
Share Capital 165.833 EUR
Business License Number: 134248
Luxembourg VAT Reg. No. LU 20260743.
 SP",2026-08-17 13:37:45,RETR,xtbBpBnKsGpwt5kc3gAA3x
产品链接/合规类,older,account_4,weihaizhongxin2024@126.com,"Sun, 2 Aug 2026 09:15:08 +0000",Amazon Services <donotreply@amazon.com>,Submit product safety documentation to reactivate listings,,"96
 Submit product safety documentation to reactivate listings
 Hello Weihai EU,
 Some of your listings have been deactivated due to missing mandatory compliance requirements for your products. Review the details and next steps below. The affected listings are shown at the end of this email.
 Why is this happening?
 We are taking this action because these products are missing mandatory compliance information. Review our Product safety and compliance help page for information on applicable laws, regulations, and Amazon policies. We leveraged a combination of automated means and expert human review to identify this issue and make this decision.
 The table at the end of this email provides product-specific compliance requirements.
 How do I reactivate my listings?
 To provide the required compliance information, go to your Account Health page and locate the product compliance requests:
-
 If you have the required documentation, follow the instructions to submit your compliance documents. We will only reinstate products that fulfill the compliance requirements.
-
 If you believe your products are exempt from these requirements, submit documentation demonstrating why they are not subjec",2026-08-17 13:37:41,RETR,xtbBswAhB2pvCqDbPwAA3e
产品链接/合规类,older,account_4,weihaizhongxin2024@126.com,"Sun, 2 Aug 2026 03:48:43 +0000","""ppwr-cn-seller-compliance@amazon.com"" <ppwr-cn-seller-compliance@amazon.com>",RE:[CASE 12309992722] 需要采取行动：请向亚马逊提交您的EPR包装法注册号,,"96
RE:[CASE 12309992722] 需要采取行动：请向亚马逊提交您的EPR包装法注册号
尊敬的销售伙伴： 您好！
我们近期已提醒过您，PPWR将于 2026 年 8 月 12 日 正式生效。请注意：如果您还没有 ERN（EPR 注册号），您必须在 2026 年 8 月 12 日 之前启动注册流程，否则我们将下架您的商品listing。如您现在已启动注册流程，请立刻回复此日志告知您各个国家的注册进度，以便为您记录。
您尚未合规需要立刻关注的站点: 【西班牙、波兰、瑞典、爱尔兰】
如果您在 9 月 30 日前提交注册号 (ERN)，确认您符合欧盟新的包装和包装废弃物法规 (PPWR) 要求，我们将向您返还【波兰/瑞典】的生产者责任延伸 (EPR) 合规费用，详细情况以卖家平台提示为准。
【补贴金额】：
波兰：475欧元（约3690元人民币）
瑞典：800欧元（约6215元人民币）
如需获得费用返还，请在 9 月 30 日前向我们提交您的信息：
1. 分别前往波兰/瑞典卖家平台中的卖家奖励：
 https://sellercentral.amazon.pl/rewards/home/ref=xx_rewards_dnav_xx
 https://sellercentral.amazon.se/rewards/home/ref=xx_rewards_dnav_xx
2. 选择生产者责任延伸包装促销框，然后点击【立即参与】。
3. 请在您销售商品的每个欧盟国家/地区，获取符合 PPWR 法规要求的有效生产者责任延伸注册号。
要寻找服务提供商，请前往- 服务商网络PPWR专属页面： https://spn.globalsellingcommunity.cn/dynamicMarketingLanding?id=16&launchPositionCode=5PCR95 或合规服务商城: https://sellercentral-europe.amazon.com/service-hub?ref=CNPPWR
4. 请通过账户状况中的""""政策合规性""""页面提供您的有效 ERN。
5. 点击提交合规性信息，选择""""生产者责任延伸""""框，然后点击下一步。
6. 从下拉菜单中选择 PPWR，输入您的注册号，然后点击保存。
系统会显示一个弹出窗口，用于确认您已成功提交注册号。 您的 ERN 必须在 9 月 30 日前完成验证，才能获得补偿（验证最多可能需要 7 个工作日）。
您完成所有步骤后，补偿款项将在 90 天内存入您的账户。 有关资格条件和条款，请参阅卖家奖励页面。
有关更多信息，请参阅 EPR 要求:新的欧盟包装废弃物法规帮助页面：
 https://sellercentral-europe.amazon.com/help/hub/reference/ext",2026-08-17 13:37:40,RETR,xtbBsh-s0mpuvh9g5wAA3x
产品链接/合规类,older,account_4,weihaizhongxin2024@126.com,"Sun, 2 Aug 2026 00:32:40 +0000",Amazon Services <donotreply@amazon.com>,Submit product safety documentation to reactivate listings,,"96
 Submit product safety documentation to reactivate listings
 Hello Weihai EU,
 Some of your listings have been deactivated due to missing mandatory compliance requirements for your products. Review the details and next steps below. The affected listings are shown at the end of this email.
 Why is this happening?
 We are taking this action because these products are missing mandatory compliance information. Review our Product safety and compliance help page for information on applicable laws, regulations, and Amazon policies. We leveraged a combination of automated means and expert human review to identify this issue and make this decision.
 The table at the end of this email provides product-specific compliance requirements.
 How do I reactivate my listings?
 To provide the required compliance information, go to your Account Health page and locate the product compliance requests:
-
 If you have the required documentation, follow the instructions to submit your compliance documents. We will only reinstate products that fulfill the compliance requirements.
-
 If you believe your products are exempt from these requirements, submit documentation demonstrating why they are not subjec",2026-08-17 13:37:40,RETR,xtbBswpkSmpukCozmAAA3C
产品链接/合规类,older,account_4,weihaizhongxin2024@126.com,"Sun, 2 Aug 2026 00:25:49 +0000",Amazon Services <donotreply@amazon.com>,Submit product safety documentation to reactivate listings,,"96
 Submit product safety documentation to reactivate listings
 Hello Weihai EU,
 Some of your listings have been deactivated due to missing mandatory compliance requirements for your products. Review the details and next steps below. The affected listings are shown at the end of this email.
 Why is this happening?
 We are taking this action because these products are missing mandatory compliance information. Review our Product safety and compliance help page for information on applicable laws, regulations and Amazon policies. We leveraged a combination of automated means and expert human review to identify this issue and make this decision.
 The table at the end of this email provides product-specific compliance requirements.
 How do I reactivate my listing?
 To provide the required compliance information, go to your Account Health page and locate the product compliance requests:
-
 If you have the required documentation, follow the instructions to submit your compliance documents. We will only reinstate products that fulfil the compliance requirements.
-
 If you believe that your products are exempt from these requirements, submit documentation demonstrating why they are not subj",2026-08-17 13:37:40,RETR,xtbBsw-84mpujo8rnQAA3R
产品链接/合规类,older,account_4,weihaizhongxin2024@126.com,"Sat, 1 Aug 2026 16:15:51 +0000",Amazon Services <donotreply@amazon.com>,Submit product safety documentation to reactivate listings,,"96
 Submit product safety documentation to reactivate listings
 Hello xiao jianming,
 Some of your listings have been deactivated due to missing mandatory compliance requirements for your products. Review the details and next steps below. The affected listings are shown at the end of this email.
 Why is this happening?
 We are taking this action because these products are missing mandatory compliance information. Review our Product safety and compliance help page for information on applicable laws, regulations and Amazon policies. We leveraged a combination of automated means and expert human review to identify this issue and make this decision.
 The table at the end of this email provides product-specific compliance requirements.
 How do I reactivate my listing?
 To provide the required compliance information, go to your Account Health page and locate the product compliance requests:
-
 If you have the required documentation, follow the instructions to submit your compliance documents. We will only reinstate products that fulfil the compliance requirements.
-
 If you believe that your products are exempt from these requirements, submit documentation demonstrating why they are not ",2026-08-17 13:37:37,RETR,xtbBshorEWpuG7qPZQAA3d
产品链接/合规类,older,account_4,weihaizhongxin2024@126.com,"Sat, 1 Aug 2026 15:08:44 +0000",Amazon Services <donotreply@amazon.com>,Submit product safety documentation to avoid listing deactivation,,"96
 Hello xiao jianming,
 Some of your listings are at risk of deactivation due to missing mandatory compliance requirements for your products. Review the details and next steps below. The affected listings are shown at the end of this email.
 Why is this happening?
 We are taking this action because these products are missing mandatory compliance information. Review our Product safety and compliance help page for information on applicable laws, regulations and Amazon policies.
 The table at the end of this email provides product-specific compliance requirements.
 How do I reactivate my listing?
 To provide the required compliance information, go to your Account Health page and locate the product compliance requests:
-
 If you have the required documentation, follow the instructions to submit your compliance documents.
-
 If you believe that your products are exempt from these requirements, submit documentation demonstrating why they are not subject to these compliance requirements.
 For step-by-step instructions, see our Submit compliance documents or appeal a documentation request help page.
 To avoid further impact on your account, close or delete any non-compliant listings that",2026-08-17 13:37:37,RETR,xtbBsh84HmpuC-8+cwAA32
产品链接/合规类,older,account_4,weihaizhongxin2024@126.com,"Sat, 1 Aug 2026 15:08:23 +0000",Amazon Services <donotreply@amazon.com>,Action required: Notification of ASIN removal,,"96
 Hello xiao jianming,
 We have removed some of your products from sale on our Amazon stores.
 We leveraged a combination of automated means and expert human review to identify this issue and make this decision.
 Why is this happening?
 We took this action because your product has been identified as missing mandatory compliance information. For certain products, we require you to provide safety and compliance information to confirm that your products are authentic, safe, reliably sourced and compliant with applicable laws. For a list of ‘Product Safety’ policies, go here .
 We previously emailed you to provide the required compliance information, but we did not receive the valid information by the provided due date.
 How do I reactivate my listing?
 To see the list of impacted ASINs in each store and reactivate your products, submit the required compliance documents by clicking ‘Add or appeal compliance’ next to the impacted ASIN on your ‘Manage your Compliance’ dashboard .
 We can only reinstate products that fulfil all relevant legal requirements for sale. Close, delete, or archive any non-compliant listings that you do not intend to sell or appeal in the future.
 What happens ",2026-08-17 13:37:37,RETR,xtbBswozGWpuC+pcPgAA3U
产品链接/合规类,older,account_4,weihaizhongxin2024@126.com,"Sat, 1 Aug 2026 00:23:21 +0000",Amazon Services <donotreply@amazon.com>,Submit product safety documentation to reactivate listings,,"96
 Submit product safety documentation to reactivate listings
 Hello Weihai EU,
 Some of your listings have been deactivated due to missing mandatory compliance requirements for your products. Review the details and next steps below. The affected listings are shown at the end of this email.
 Why is this happening?
 We are taking this action because these products are missing mandatory compliance information. Review our Product safety and compliance help page for information on applicable laws, regulations, and Amazon policies. We leveraged a combination of automated means and expert human review to identify this issue and make this decision.
 The table at the end of this email provides product-specific compliance requirements.
 How do I reactivate my listings?
 To provide the required compliance information, go to your Account Health page and locate the product compliance requests:
-
 If you have the required documentation, follow the instructions to submit your compliance documents. We will only reinstate products that fulfill the compliance requirements.
-
 If you believe your products are exempt from these requirements, submit documentation demonstrating why they are not subjec",2026-08-17 13:37:33,RETR,xtbBpRwkCmptPHxj2gAA3p
产品链接/合规类,older,account_4,weihaizhongxin2024@126.com,"Sat, 1 Aug 2026 00:17:26 +0000",Amazon Services <donotreply@amazon.com>,Submit product safety documentation to reactivate listings,,"96
 Submit product safety documentation to reactivate listings
 Hello Weihai EU,
 Some of your listings have been deactivated due to missing mandatory compliance requirements for your products. Review the details and next steps below. The affected listings are shown at the end of this email.
 Why is this happening?
 We are taking this action because these products are missing mandatory compliance information. Review our Product safety and compliance help page for information on applicable laws, regulations and Amazon policies. We leveraged a combination of automated means and expert human review to identify this issue and make this decision.
 The table at the end of this email provides product-specific compliance requirements.
 How do I reactivate my listing?
 To provide the required compliance information, go to your Account Health page and locate the product compliance requests:
-
 If you have the required documentation, follow the instructions to submit your compliance documents. We will only reinstate products that fulfil the compliance requirements.
-
 If you believe that your products are exempt from these requirements, submit documentation demonstrating why they are not subj",2026-08-17 13:37:32,RETR,xtbBpRrKsGptOxpbIQAA3Z
产品链接/合规类,older,account_4,weihaizhongxin2024@126.com,"Sat, 1 Aug 2026 00:16:37 +0000",Amazon Services <donotreply@amazon.com>,Action required: Notification of ASIN removal,,"96
 Hello Weihai EU,
 We have removed some of your products from sale on our Amazon Stores.
 We leveraged a combination of automated means and expert human review to identify this issue and make this decision.
 Why is this happening?
 We took this action because your product has been identified as missing mandatory compliance information. For certain products, we require you to provide safety and compliance information to confirm that your products are authentic, safe, reliably sourced, and compliant with applicable laws. For a list of 'Product Safety' policies, go here .
 We previously emailed you to provide the required compliance information, but we did not receive the valid information by the provided due date.
 How do I reactivate my listings?
 To see the list of impacted ASINs in each store and reactivate your products, submit the required compliance documents by clicking ""Add or appeal compliance"" next to the impacted ASIN on your ""Manage your Compliance"" dashboard .
 We can only reinstate products that fulfill all relevant legal requirements for sale. Close, delete, or archive any non-compliant listings that you do not intend to sell or appeal in the future.
 What happens i",2026-08-17 13:37:31,RETR,xtbBswm+pGptOunthQAA3c
产品链接/合规类,older,account_4,weihaizhongxin2024@126.com,"Sat, 1 Aug 2026 00:10:39 +0000",Amazon Services <donotreply@amazon.com>,Action required: Notification of ASIN removal,,"96
 Hello Weihai EU,
 We have removed some of your products from sale on our Amazon stores.
 We leveraged a combination of automated means and expert human review to identify this issue and make this decision.
 Why is this happening?
 We took this action because your product has been identified as missing mandatory compliance information. For certain products, we require you to provide safety and compliance information to confirm that your products are authentic, safe, reliably sourced and compliant with applicable laws. For a list of ‘Product Safety’ policies, go here .
 We previously emailed you to provide the required compliance information, but we did not receive the valid information by the provided due date.
 How do I reactivate my listing?
 To see the list of impacted ASINs in each store and reactivate your products, submit the required compliance documents by clicking ‘Add or appeal compliance’ next to the impacted ASIN on your ‘Manage your Compliance’ dashboard .
 We can only reinstate products that fulfil all relevant legal requirements for sale. Close, delete, or archive any non-compliant listings that you do not intend to sell or appeal in the future.
 What happens if I",2026-08-17 13:37:30,RETR,xtbBswBkSmptOYDjxAAA3E
产品链接/合规类,older,account_4,weihaizhongxin2024@126.com,"Wed, 29 Jul 2026 09:26:45 +0000","""toys-safety-mv@amazon.de"" <toys-safety-mv@amazon.de>","RE:[CASE 13104358872] SELLER: A1UYGOR4ZW45MU, ASIN: B0F13M1H6F,
 MARKETPLACE: 4 - PS - APPEAL",,"96
RE:[CASE 13104358872] SELLER: A1UYGOR4ZW45MU, ASIN: B0F13M1H6F, MARKETPLACE: 4 - PS - APPEAL
Dear Selling Partner,
Thank you for your interest in selling on Amazon.
Based on currently available information, the product you want to sell does not raise concerns for the applied product category.
Therefore, your ASIN has been approved for this product category. However, your product may fall under other Product Category Policies which require compliance documentation. You will be notified of any further compliance requirements.
Please allow up to 48 hours for the ASIN to appear on the website.
We appreciate your cooperation on this important matter.
To help us continually improve, we ask that you take a moment to complete our survey below. This would help us understand your overall compliance experience.
Were you satisfied with the support provided?
If yes, please click here:
 http://www.amazon.de/gp/help/survey?p=A2V21SVDLWRRYT&k=hy
If no, please click here:
 http://www.amazon.de/gp/help/survey?p=A2V21SVDLWRRYT&k=hn
Freundliche Grüße
Narcis T.
Amazon Verkäuferservice
=======================================
BENÖTIGEN SIE WEITERE HILFE?
In den Verkäuferforen erhalten Sie Tipps und Hi",2026-08-17 13:37:19,RETR,xtbBpRn84mppx1lBqAAA3W
产品链接/合规类,older,account_4,weihaizhongxin2024@126.com,"Fri, 24 Jul 2026 14:11:48 +0000",Amazon Accelerate <no-reply@sell.amazon.com>,You asked for smarter AI tools. We're delivering at Accelerate 2026,,"[Amazon logo](https://go.amazonsellerservices.com/e/229492/2026-07-22/7z4t8v9/6787753082/h/IGusOwCMHYF897jTLiEldN8I_908U5ToWDqeOf0umps)
[Partner Connect at Accelerate 2026](https://go.amazonsellerservices.com/e/229492/-medium-email-utm-source-email/7z4t8vd/6787753082/h/IGusOwCMHYF897jTLiEldN8I_908U5ToWDqeOf0umps)
The AI edge your next growth phase needs
You've told us what you want: AI tools that are smarter, faster, and built around the way you actually work. Tools that help you grow without getting in the way. We've been listening, and we've been building.
We're putting the teams behind these tools on stage so you can see what's changing, ask questions directly, and walk away with practical ways to use AI in your business today.
Join us at Amazon Accelerate 2026 from September 22 to 24 in Seattle. Save $100 with early-bird pricing.
[Register now](https://go.amazonsellerservices.com/e/229492/-medium-email-utm-source-email/7z4t8vd/6787753082/h/IGusOwCMHYF897jTLiEldN8I_908U5ToWDqeOf0umps)
Recommended sessions:
[A checkmark icon]
Decoding Account Deactivation: Respond, Appeal, & Get Reinstated
Most sellers don't fully understand the account deactivation process until they're in the m",2026-08-17 13:37:02,RETR,xtbBsgk6IGpjcqn+fQAA3w
产品链接/合规类,older,account_4,weihaizhongxin2024@126.com,"Thu, 23 Jul 2026 23:12:37 +0000",Amazon Services <donotreply@amazon.com>,Submit product safety documentation to avoid listing deactivation,,"96
 Hello Weihai EU,
 Some of your listings are at risk of deactivation due to missing mandatory compliance requirements for your products. Review the details and next steps below. The affected listings are shown at the end of this email.
 Why is this happening?
 We are taking this action because these products are missing mandatory compliance information. Review our Product safety and compliance help page for information on applicable laws, regulations and Amazon policies.
 The table at the end of this email provides product-specific compliance requirements.
 How do I reactivate my listing?
 To provide the required compliance information, go to your Account Health page and locate the product compliance requests:
-
 If you have the required documentation, follow the instructions to submit your compliance documents.
-
 If you believe that your products are exempt from these requirements, submit documentation demonstrating why they are not subject to these compliance requirements.
 For step-by-step instructions, see our Submit compliance documents or appeal a documentation request help page.
 To avoid further impact on your account, close or delete any non-compliant listings that you",2026-08-17 13:36:58,RETR,xtbBpQhVO2pin+gTZQAA3K
产品链接/合规类,older,account_4,weihaizhongxin2024@126.com,"Thu, 23 Jul 2026 12:38:11 +0000",Fulfilment by Amazon Operations <fba-noreply@amazon.lu>,Your Amazon-Fulfilled Inventory - Action Required,,"Dear Seller,
You recently received a notice concerning the removal of your listing(s) for the product(s) below due to a safety recall.
Please create a removal request for the ASIN(s) listed below to have your inventory sent to a location of your choice. If this inventory is not removed within 30 days of this notification (by 21/08/2026), we shall dispose of it in accordance with our FBA policies.
For more information regarding the removal of this product, see the notification e-mail you received from our Seller Performance Team.
Thank you for your prompt attention to this matter.
Yours faithfully,
Fulfilment by Amazon Team
Please note: this e-mail was sent from a notification-only address that cannot accept incoming e-mail. Please do not reply to this message.
Affected Product(s):
B0F13M1H6F
 SPC-EUAmazon-598136002676202",2026-08-17 13:36:55,RETR,xtbBshYD6GpiCzbfwgAA3n
产品链接/合规类,older,account_4,weihaizhongxin2024@126.com,"Thu, 23 Jul 2026 09:21:24 +0000",Amazon Seller Support <merch.service05@amazon.co.uk>,RE:[CASE 13075958512] 【需立即行动】请通过亚马逊认可的TIC服务商完成儿童玩具合规,,"96
RE:[CASE 13075958512] 【需立即行动】请通过亚马逊认可的TIC服务商完成儿童玩具合规
尊敬的卖家，您好
：_x000D_
_x000D_
如果您要在亚马逊商城发布商品，则必须遵守与这些商品和商品信息相关的所有适用法律、法规、标准以及亚马逊的政策（包括本政策）。亚马逊要求您在【英国，德国，法国，意大利，西班牙，瑞典，波兰，荷兰，比利时】销售的所有【儿童玩具】需经过【亚马逊认可的第三方检测、检验和认证 (TIC) 服务提供商】完成检测验证并符合下列法规、标准和要求： _x000D_
_x000D_
【法规标准是什么？】_x000D_
儿童玩具：EN 71 (玩具安全 )_x000D_
电动儿童玩具：EN 71(玩具安全 ) 以及EN 62115（电动玩具安全）_x000D_
_x000D_
【商品详情页面要求】_x000D_
1.商品信息：型号、部件编号或商品编号、制造商或品牌名称、强制性警告声明、制造商建议的最低使用年龄（以月为单位）或制造商最低年龄（以月为单位）。_x000D_
2.图片要求：型号、部件编号或商品编号、制造商、进口商或私有品牌商、分销商或授权代表的名称和地址 、商品标签、合规标志、商品说明书与手册、CE标志。 _x000D_
_x000D_
【如何完成合规?】
1.您必须与第三方检测、检验和认证服务提供商合作，对收到通知的所有 ASIN 进行商品检测或验证现有的检测文件。请按照以下步骤操作：
1) 前往【绩效】-【账户状况】-【政策合规性】，点击【食品和商品安全问题】。
2) 在【后续步骤】列下，针对需操作的商品点击【提交】-【验证您的商品】。
3) 从清单中选择第三方检测提供商（如需比价，可先查看【从多个提供商获取报价的说明】后再返回选择），点击继续。
4) 确认详细联系信息，点击【确认并继续】。
5) 复制生成的检测申请表编号，提供给所选提供商完成检测。
如果验证现有文件，您必须将由 ISO 17025 认证实验室在过去 12 个月内出具的检测报告提交至检测、检验和认证服务提供商。
【重要提醒】_x000D_
为确保及时完成合规验证，请在截止日期之前完成TRF的创建，并确保TRF状态更新为【正在验证】或【已通过】_x000D_
如何查看TRF状态：在绩效 > 账户状况 > 食品和商品安全问题找到ASIN，点击右方“提交，查看或更新” > “验证您的商品”_x000D_
• 受影响的ASIN将陆续显示在【食品和商品安全问题】页面中，请保持密切关注。建议您提前通过“第三方检测、检验和认证服务”帮助页面联系亚马逊认可的TIC服务提供商，以便及时推进合规流程。_x000D_
_x000D_
【了解更多】_x000D_
儿童玩具帮助页面: https://sellercentral.amazon.de/help/hub/r",2026-08-17 13:36:54,RETR,xtbBpBhwVmph3RjCaAAA3+
产品链接/合规类,older,account_4,weihaizhongxin2024@126.com,"Wed, 22 Jul 2026 23:10:13 +0000",Amazon Services <donotreply@amazon.com>,Submit product safety documentation to avoid listing deactivation,,"96
 Hello Weihai EU,
 Some of your listings are at risk of deactivation due to missing mandatory compliance requirements for your products. Review the details and next steps below. The affected listings are shown at the end of this email.
 Why is this happening?
 We are taking this action because these products are missing mandatory compliance information. Review our Product safety and compliance help page for information on applicable laws, regulations and Amazon policies.
 The table at the end of this email provides product-specific compliance requirements.
 How do I reactivate my listing?
 To provide the required compliance information, go to your Account Health page and locate the product compliance requests:
-
 If you have the required documentation, follow the instructions to submit your compliance documents.
-
 If you believe that your products are exempt from these requirements, submit documentation demonstrating why they are not subject to these compliance requirements.
 For step-by-step instructions, see our Submit compliance documents or appeal a documentation request help page.
 To avoid further impact on your account, close or delete any non-compliant listings that you",2026-08-17 13:36:52,RETR,xtbBshZ7YWphTdYY-AAA3K
产品链接/合规类,older,account_4,weihaizhongxin2024@126.com,"Wed, 22 Jul 2026 19:11:54 +0000",Amazon Services <donotreply@amazon.com>,Submit product safety documentation to reactivate listings,,"96
 Submit product safety documentation to reactivate listings
 Hello Weihai EU,
 Some of your listings have been deactivated due to missing mandatory compliance requirements for your products. Review the details and next steps below. The affected listings are shown at the end of this email.
 Why is this happening?
 We are taking this action because these products are missing mandatory compliance information. Review our Product safety and compliance help page for information on applicable laws, regulations, and Amazon policies. We leveraged a combination of automated means and expert human review to identify this issue and make this decision.
 The table at the end of this email provides product-specific compliance requirements.
 How do I reactivate my listings?
 To provide the required compliance information, go to your Account Health page and locate the product compliance requests:
-
 If you have the required documentation, follow the instructions to submit your compliance documents. We will only reinstate products that fulfill the compliance requirements.
-
 If you believe your products are exempt from these requirements, submit documentation demonstrating why they are not subjec",2026-08-17 13:36:51,RETR,xtbBpR13XWphFf1KYgAA3Z
产品链接/合规类,older,account_4,weihaizhongxin2024@126.com,"Wed, 22 Jul 2026 19:09:21 +0000",Amazon Services <donotreply@amazon.com>,Submit product safety documentation to reactivate listings,,"96
 Submit product safety documentation to reactivate listings
 Hello Weihai EU,
 Some of your listings have been deactivated due to missing mandatory compliance requirements for your products. Review the details and next steps below. The affected listings are shown at the end of this email.
 Why is this happening?
 We are taking this action because these products are missing mandatory compliance information. Review our Product safety and compliance help page for information on applicable laws, regulations and Amazon policies. We leveraged a combination of automated means and expert human review to identify this issue and make this decision.
 The table at the end of this email provides product-specific compliance requirements.
 How do I reactivate my listing?
 To provide the required compliance information, go to your Account Health page and locate the product compliance requests:
-
 If you have the required documentation, follow the instructions to submit your compliance documents. We will only reinstate products that fulfil the compliance requirements.
-
 If you believe that your products are exempt from these requirements, submit documentation demonstrating why they are not subj",2026-08-17 13:36:50,RETR,xtbBswRRN2phFWROFgAA3z
产品链接/合规类,older,account_4,weihaizhongxin2024@126.com,"Tue, 21 Jul 2026 12:36:12 +0000",Fulfilment by Amazon Operations <fba-noreply@amazon.lu>,Your Amazon-Fulfilled Inventory - Action Required,,"Dear Seller,
You recently received a notice concerning the removal of your listing(s) for the product(s) below due to a safety recall.
Please create a removal request for the ASIN(s) listed below to have your inventory sent to a location of your choice. If this inventory is not removed within 30 days of this notification (by 19/08/2026), we shall dispose of it in accordance with our FBA policies.
For more information regarding the removal of this product, see the notification e-mail you received from our Seller Performance Team.
Thank you for your prompt attention to this matter.
Yours faithfully,
Fulfilment by Amazon Team
Please note: this e-mail was sent from a notification-only address that cannot accept incoming e-mail. Please do not reply to this message.
Affected Product(s):
B0F23SWF2P
 SPC-EUAmazon-1073125022066229",2026-08-17 13:36:46,RETR,xtbBsx97YWpfZ78FrwAA3x
法务/侵权类,older,account_4,weihaizhongxin2024@126.com,"Mon, 10 Aug 2026 11:57:27 +0000",Amazon Services <donotreply@amazon.com>,"Presenta documentos de cumplimiento normativo del producto para
 evitar que se retiren los listings",,"96
 Presenta documentos de cumplimiento normativo del producto para evitar que se retiren los listings
 Hola, Weihai EU:
 Tus listings están en riesgo de retirada porque faltan fichas de datos de seguridad (FDS). Presenta la documentación necesaria a más tardar el 2026-11-08 para seguir vendiendo estos productos. Encontrarás ejemplos de los listings en riesgo al final de este correo electrónico.
 ¿A qué se debe esto?
 Hemos tomado esta medida porque hemos identificado que hay productos peligrosos en tu catálogo que requieren fichas de datos de seguridad (FDS). Estos documentos son obligatorios por ley y proporcionan información importante sobre la seguridad de los productos químicos, como los procedimientos adecuados de manipulación, almacenamiento y emergencia. Así podemos garantizar la seguridad de nuestros clientes, empleados y cualquier persona que se encargue de estos productos.
 Hemos usado una combinación de medios automatizados y revisión humana experta para identificar la incidencia y tomar esta decisión.
 Para más información, consulta Requisitos y preguntas frecuentes para la venta de productos químicos .
 ¿Cómo puedo seguir vendiendo los productos afectados?
 Para evita",2026-08-17 13:38:42,RETR,xtbBpAlSOGp5vKnwWQAA3o
法务/侵权类,older,account_4,weihaizhongxin2024@126.com,"Mon, 10 Aug 2026 11:56:09 +0000",Amazon Services <donotreply@amazon.com>,"Documenten over productconformiteit indienen om verwijdering van
 productvermeldingen te voorkomen",,"96
 Documenten over productconformiteit indienen om verwijdering van productvermeldingen te voorkomen
 Hallo Weihai EU,
 Je productvermeldingen lopen het risico te worden verwijderd vanwege ontbrekende veiligheidsinformatiebladen. Dien de vereiste documentatie uiterlijk 2026-11-08 in om door te gaan met het verkopen van deze producten. Onderaan deze e-mail vind je voorbeelden van je productvermeldingen met een verhoogd risico.
 Waarom gebeurt dit?
 We ondernemen deze actie omdat we gevaarlijke producten in je catalogus hebben geïdentificeerd waarvoor veiligheidsinformatiebladen (SDS) nodig zijn. Deze documenten zijn wettelijk vereist en bieden kritieke veiligheidsinformatie over chemische producten, inclusief correcte verwerking, opslag en noodprocedures. Dit helpt de veiligheid te waarborgen van onze klanten, medewerkers en iedereen die met deze producten omgaat.
 We hebben gebruikgemaakt van een combinatie van geautomatiseerde middelen en deskundige menselijke beoordeling om dit probleem te identificeren en deze beslissing te nemen.
 Ga voor meer informatie naar onze Vereisten en veelgestelde vragen voor de verkoop van chemische stoffen .
 Hoe kan ik de getroffen producten blijve",2026-08-17 13:38:41,RETR,xtbBshw-JWp5vFzxLwAA3Z
法务/侵权类,older,account_4,weihaizhongxin2024@126.com,"Mon, 10 Aug 2026 11:52:18 +0000",Amazon Services <donotreply@amazon.com>,"Prześlij dokumenty zgodności dotyczące produktu, aby zapobiec usunięciu oferty",,"96
 Prześlij dokumenty zgodności dotyczące produktu, aby zapobiec usunięciu oferty
 Dzień dobry Weihai EU,
 Twoje oferty mogą zostać usunięte z powodu braku kart charakterystyki. Aby móc dalej sprzedawać te produkty, prześlij wymaganą dokumentację do 2026-11-08. Przykłady zagrożonych ofert znajdziesz na dole tej wiadomości e-mail.
 Dlaczego tak się stało?
 Podejmujemy te działania, ponieważ stwierdziliśmy, że w Twoim katalogu znajdują się produkty niebezpieczne, dla których wymagane są karty charakterystyki. Dokumenty te są wymagane przepisami prawa i zawierają istotne informacje związane z bezpieczeństwem produktów chemicznych, w tym dotyczące prawidłowego obchodzenia się z nimi, przechowywania ich oraz postępowania w nagłych wypadkach. Pomaga to zapewnić bezpieczeństwo naszym klientom, pracownikom i każdej osobie mającej styczność z tymi produktami.
 Do identyfikacji problemu i podjęcia decyzji wykorzystaliśmy zautomatyzowane narzędzia, a otrzymane za ich pomocą wyniki poddaliśmy weryfikacji przez eksperta.
 Więcej informacji znajdziesz na stronie Wymagania i często zadawane pytania dotyczące sprzedaży chemikaliów .
 Co mogę zrobić, aby dalej sprzedawać produkty, których dotyczy ",2026-08-17 13:38:41,RETR,xtbBpBQF6mp5u3TmgAAA3l
法务/侵权类,older,account_4,weihaizhongxin2024@126.com,"Mon, 10 Aug 2026 11:51:22 +0000",Amazon Services <donotreply@amazon.com>,Skicka in dokument om produktöverensstämmelse för att undvika att produktposter tas bort,,"96
 Skicka in dokument om produktöverensstämmelse för att undvika att produktposter tas bort
 Hej Weihai EU!
 Dina annonser riskerar att tas bort på grund av att säkerhetsdatablad saknas. Skicka in den dokumentation som krävs senast 2026-11-08 för att fortsätta sälja dessa produkter. Vid slutet av det här e-postmeddelandet kan du se exempel på dina produktposter i riskzonen.
 Varför händer det här?
 Vi vidtar denna åtgärd eftersom vi identifierade farliga produkter som kräver säkerhetsdatablad (SDS) i din katalog. Dessa dokument är obligatoriska enligt lag och tillhandahåller viktig säkerhetsinformation om kemiska produkter, inklusive korrekt hantering, lagring och nödrutiner. Detta bidrar till att säkerställa säkerheten för våra kunder, anställda och alla som hanterar dessa produkter.
 Vi har använt oss av både automatiserade metoder och mänskliga expertgranskare för att identifiera problemet och fatta det här beslutet.
 Du hittar mer information i Krav och Vanliga frågor för försäljning av kemikalier .
 Hur fortsätter jag att sälja de berörda produkterna?
 För att fortsätta sälja dessa produkter och undvika att produktposterna tas bort ska du ladda upp säkerhetsdatablad för var o",2026-08-17 13:38:41,RETR,xtbBsxz23Gp5uzzoVAAA3t
法务/侵权类,older,account_4,weihaizhongxin2024@126.com,"Mon, 10 Aug 2026 11:50:10 +0000",Amazon Services <donotreply@amazon.com>,Invia la documentazione di conformità dei prodotti per evitare la rimozione delle offerte,,"96
 Invia la documentazione di conformità dei prodotti per evitare la rimozione delle offerte
 Gentile Weihai EU,
 Le tue offerte sono a rischio di rimozione a causa della mancanza delle schede di dati di sicurezza. Invia la documentazione richiesta entro il 2026-11-08 per continuare a vendere questi prodotti. In fondo a questa e-mail, puoi trovare alcuni esempi di offerte a rischio.
 Ciò a cosa è dovuto?
 Stiamo intraprendendo questa azione perché abbiamo identificato nel tuo catalogo dei prodotti pericolosi che richiedono schede di dati di sicurezza (SDS). Questi documenti sono obbligatori per legge e forniscono informazioni essenziali sulla sicurezza dei prodotti chimici, incluse indicazioni per la manipolazione, lo stoccaggio e le procedure di emergenza appropriate. Ciò contribuisce a garantire la sicurezza dei nostri clienti, dipendenti e di chiunque manipoli questi prodotti.
 Questa decisione è stata presa sulla base dei risultati di un'analisi effettuata in parte tramite revisione umana e in parte per mezzo di sistemi automatizzati.
 Per maggiori informazioni, consulta la pagina Requisiti e domande frequenti per la vendita di sostanze chimiche .
 Come faccio a continuare a v",2026-08-17 13:38:40,RETR,xtbBpBTkymp5uvTiVQAA30
法务/侵权类,older,account_4,weihaizhongxin2024@126.com,"Mon, 10 Aug 2026 11:46:34 +0000",Amazon Services <donotreply@amazon.com>,Soumettez les documents de conformité des produits pour éviter le retrait de la mise en vente,,"96
 Soumettez les documents de conformité des produits pour éviter le retrait de la mise en vente
 Bonjour Weihai EU,
 Vos mises en vente risquent d’être supprimées en raison de l’absence de fiches de sécurité. Soumettez les documents requis avant le 2026-11-08 pour continuer à vendre ces produits. Vous trouverez des exemples de vos mises en vente à risque en bas de cet e-mail.
 Pourquoi cela se produit-il ?
 Nous prenons cette mesure car nous avons identifié des produits dangereux dans votre catalogue qui nécessitent des fiches de sécurité. Ces documents sont requis par la loi et fournissent des informations essentielles de sécurité sur les produits chimiques, y compris les procédures de manipulation, de stockage et d’urgence appropriées. Cela permet d’assurer la sécurité de nos clients, de nos employés et de toute personne manipulant ces produits.
 Nous avons utilisé une combinaison de moyens automatisés et de contrôles par des experts humains pour identifier ce problème et prendre cette décision.
 Pour en savoir plus, consultez nos Exigences et FAQ pour la mise en vente de produits chimiques .
 Comment continuer à vendre les produits concernés ?
 Pour éviter le retrait d’une mis",2026-08-17 13:38:40,RETR,xtbBpR2ulGp5uh3fRgAA3v
法务/侵权类,older,account_4,weihaizhongxin2024@126.com,"Sun, 9 Aug 2026 14:58:41 +0000",Amazon Seller Central <donotreply@amazon.com>,Your Amazon.ca Fulfillment by Amazon Merchant Invoice for 7/2026,,"Your Amazon.ca Fulfillment by Amazon Merchant Invoice for 7/2026
 96
Hello,
We are writing to inform you that your electronic Fulfillment by Amazon Merchant Invoice for the month of 7/2026 is now available in your Seller Central Account.
To access your invoice, go to your Tax Document Library . In your Tax Document Library, you will be able to view, download or print your invoice.
The Amazon Services Team
 Monsieur/Madame Shen zhen shi wei hai zhong xin ke ji you xian,
Nous vous écrivons pour vous informer que votre Facture Expédié Par Amazon pour le mois de 7/2026 est maintenant disponible dans votre compte Seller Central.
Pour accéder à votre facture, rendez-vous sur votre compte Seller Central et veuillez accéder à la page Rapports > Bibliothèque d'informations fiscales > Factures des frais du vendeur.
Dans votre compte Seller Central, vous pourrez afficher, télécharger ou imprimer votre facture.
Pour toute question, contactez le Support Vendeur.
Cordialement,
Amazon.ca
 Report an issue with this email
 If you have any questions visit: Seller Central
 To change your email preferences visit: Notification Preferences
 We hope you found this message to be useful. However, if you'd ",2026-08-17 13:38:38,RETR,xtbBpAVHLWp4laUsvAAA35
法务/侵权类,older,account_4,weihaizhongxin2024@126.com,"Fri, 7 Aug 2026 06:04:52 +0000",Amazon Seller Central <donotreply@amazon.com>,Your Amazon.de Rechnungskorrektur Verkäufer for 7/2026,,"Your Amazon.de Rechnungskorrektur Verkäufer for 7/2026
 96
Guten Tag Shenzhen shi weihaizhongxin ke ji you xian gong si!
Wir möchten Sie darüber informieren, dass Ihr elektronisches Dokument Rechnungskorrektur Verkäufer für 7.2026 ab sofort in Ihrem Seller Central-Konto verfügbar ist.
Navigieren Sie in Ihrem Seller Central-Konto zu Berichte > Steuerdokumente > Rechnungen über Verkaufsgebühren, um auf Ihr Dokument (Rechnungskorrektur) zuzugreifen.
In Ihrem Seller Central-Konto können Sie Ihr Dokument (Rechnungskorrektur) anzeigen, herunterladen oder ausdrucken.
Wenden Sie sich bei weiteren Fragen bitte an die Verkäuferhilfe.
Freundliche Grüße,
Amazon.de
 Ein Problem mit dieser E-Mail melden
 Bei Fragen besuchen Sie: Seller Central
 Zum Ändern Ihrer E-Mail-Einstellungen, gehen Sie zu: Benachrichtigungseinstellungen
 Wir hoffen, diese Nachricht ist hilfreich für Sie. Falls Sie allerdings in Zukunft keine E-Mails dieser Art von Amazon.de erhalten möchten, melden Sie sich bitte ab.
 Copyright 2026 Amazon Inc. oder Tochtergesellschaften. Alle Rechte vorbehalten.
 Amazon EU S.à r.l.
38 avenue John F. Kennedy,
L-1855 Luxemburg,
Handelsregisternummer Luxemburg: B-101818,
 Gesellschaftskapit",2026-08-17 13:38:32,RETR,xtbBswZ2XGp1dYZlwwAA3V
法务/侵权类,older,account_4,weihaizhongxin2024@126.com,"Fri, 7 Aug 2026 05:28:31 +0000",Amazon Seller Central <donotreply@amazon.com>,Your Amazon.co.uk Merchant Credit Note for 7/2026,,"Your Amazon.co.uk Merchant Credit Note for 7/2026
 96
Hello,
We are writing to inform you that your electronic Merchant Credit Note for the month of 7/2026 is now available in your Seller Central Account.
To access your invoice, go to your Tax Document Library . In your Tax Document Library, you will be able to view, download or print your invoice.
The Amazon Services Team
 Report an issue with this email
 If you have any questions visit: Seller Central
 To change your email preferences visit: Notification Preferences
 We hope you found this message to be useful. However, if you'd rather not receive future e-mails of this sort from Amazon.com, please opt-out here.
 Copyright 2026 Amazon, Inc, or its affiliates. All rights reserved.
 Amazon.com, 410 Terry Avenue North, Seattle, WA 98109-5210
 SPC-EUAmazon-2058287448221880",2026-08-17 13:38:32,RETR,xtbBpAFTOWp1bQFPmQAA3q
法务/侵权类,older,account_4,weihaizhongxin2024@126.com,"Fri, 7 Aug 2026 05:05:23 +0000",Amazon Seller Central <donotreply@amazon.com>,Your Amazon.es Nota de Crédito Vendedor for 7/2026,,"Your Amazon.es Nota de Crédito Vendedor for 7/2026
 96
Hola, Shenzhen shi weihaizhongxin ke ji you xian gong si:
Te escribimos para comunicarte que tu Nota de Crédito Vendedor del mes de 7/2026 ya está disponible en tu cuenta de Seller Central.
Para acceder a la nota de crédito, ve a Seller Central > Informes > Biblioteca de documentos fiscales > Facturas de tarifas aplicables al vendedor.
Allí podrás ver, descargar o imprimir tu nota de crédito.
Para consultas, contacta con atención al vendedor.
Atentamente,
Amazon.es
 Informar de un problema con este correo electrónico
 Si tienes alguna pregunta, visita: Seller Central
 Para cambiar sus preferencias de correo electrónico visitan: Preferencias de Notificación
 Esperamos que este mensaje te haya parecido útil. Sin embargo, si prefieres no recibir correos electrónicos de Amazon.es de este tipo en el futuro, haz clic aquí.
 Copyright 2026 Amazon.com.mx, Inc. o sus afiliados. Todos los derechos reservados.
 Amazon EU S.à r.l.
38 avenue John F. Kennedy,
L-1855 Luxemburgo,
Número de Registro en Luxemburgo: No. B-101818,
Capital Social 165.833 EUR,
Número de licencia de actividad: 134248,
Nº de Registro IVA en Luxemburgo: LU 20260743.
 S",2026-08-17 13:38:32,RETR,xtbBpRb23Gp1Z5YekQAA34
法务/侵权类,older,account_4,weihaizhongxin2024@126.com,"Fri, 7 Aug 2026 04:33:49 +0000",Amazon Seller Central <donotreply@amazon.com>,Your Amazon.es Factura Logística de Amazon for 7/2026,,"Your Amazon.es Factura Logística de Amazon for 7/2026
 96
Hola, Shenzhen shi weihaizhongxin ke ji you xian gong si:
Te escribimos para comunicarte que tu Factura Logística de Amazon del mes de 7/2026 ya está disponible en tu cuenta de Seller Central.
Para acceder a la nota de crédito, ve a Seller Central > Informes > Biblioteca de documentos fiscales > Facturas de tarifas aplicables al vendedor.
Allí podrás ver, descargar o imprimir tu nota de crédito.
Para consultas, contacta con atención al vendedor.
Atentamente,
Amazon.es
 Informar de un problema con este correo electrónico
 Si tienes alguna pregunta, visita: Seller Central
 Para cambiar sus preferencias de correo electrónico visitan: Preferencias de Notificación
 Esperamos que este mensaje te haya parecido útil. Sin embargo, si prefieres no recibir correos electrónicos de Amazon.es de este tipo en el futuro, haz clic aquí.
 Copyright 2026 Amazon.com.mx, Inc. o sus afiliados. Todos los derechos reservados.
 Amazon EU S.à r.l.
38 avenue John F. Kennedy,
L-1855 Luxemburgo,
Número de Registro en Luxemburgo: No. B-101818,
Capital Social 165.833 EUR,
Número de licencia de actividad: 134248,
Nº de Registro IVA en Luxemburgo: LU 202607",2026-08-17 13:38:31,RETR,xtbBsxAcAmp1YDC8ngAA3Q
法务/侵权类,older,account_4,weihaizhongxin2024@126.com,"Fri, 7 Aug 2026 04:22:03 +0000",Amazon Seller Central <donotreply@amazon.com>,Your Amazon.se Kreditnota Säljare for 7/2026,,"Your Amazon.se Kreditnota Säljare for 7/2026
 96
Hej Shenzhen shi weihaizhongxin ke ji you xian gong si!
Vi skriver för att informera dig om att din elektroniska Kreditnota Säljare för månaden 7/2026 nu finns tillgänglig på ditt Seller Central-konto.
För att komma åt ditt kreditnotagår du till ditt Seller Central-konto > Rapporter > Bibliotek för skattedokument > Skattefakturor för säljaravgifter.
På ditt Seller Central-konto kan du se, ladda ner eller skriva ut ditt kreditnota.
Om du har några frågor, kontakta säljarsupport.
Vänliga hälsningar,
Amazon.se
 Rapportera ett problem med detta e-post
 Om du har några frågor besök: Seller Central
 För att ändra dina e-postinställningar, besök: Inställningar för meddelanden
 Vi hoppas att du tyckte att det här meddelandet var användbart. Om du föredrar att inte få framtida e-postmeddelanden av detta slag från Amazon.com, välj bort det här.
 Upphovsrätt 2026 Amazon, Inc, eller dess dotterbolag. Alla rättigheter förbehållna.
 Amazon EU S.à r.l.
38 avenue John F. Kennedy
L-1855 Luxemburg
Registrerat i Luxemburg No. B-101818
Aktiekapital 165 833 EUR
Företagets registreringsnummer: 134248
Momsregistrering för Luxemburg LU 20260743.
 SPC-EUAmaz",2026-08-17 13:38:31,RETR,xtbBsw1qUGp1XW2nXgAA3S
法务/侵权类,older,account_4,weihaizhongxin2024@126.com,"Fri, 7 Aug 2026 04:12:06 +0000",Amazon Seller Central <donotreply@amazon.com>,Your Amazon.co.uk Merchant Credit Note for 7/2026,,"Your Amazon.co.uk Merchant Credit Note for 7/2026
 96
Hello,
We are writing to inform you that your electronic Merchant Credit Note for the month of 7/2026 is now available in your Seller Central Account.
To access your invoice, go to your Tax Document Library . In your Tax Document Library, you will be able to view, download or print your invoice.
The Amazon Services Team
 Report an issue with this email
 If you have any questions visit: Seller Central
 To change your email preferences visit: Notification Preferences
 We hope you found this message to be useful. However, if you'd rather not receive future e-mails of this sort from Amazon.com, please opt-out here.
 Copyright 2026 Amazon, Inc, or its affiliates. All rights reserved.
 Amazon.com, 410 Terry Avenue North, Seattle, WA 98109-5210
 SPC-EUAmazon-598136007549850",2026-08-17 13:38:30,RETR,xtbBshrUump1WxrXHAAA3T
法务/侵权类,older,account_4,weihaizhongxin2024@126.com,"Fri, 7 Aug 2026 03:37:06 +0000",Amazon Seller Central <donotreply@amazon.com>,Your Amazon.co.uk Merchant Credit Note for 7/2026,,"Your Amazon.co.uk Merchant Credit Note for 7/2026
 96
Hello,
We are writing to inform you that your electronic Merchant Credit Note for the month of 7/2026 is now available in your Seller Central Account.
To access your invoice, go to your Tax Document Library . In your Tax Document Library, you will be able to view, download or print your invoice.
The Amazon Services Team
 Report an issue with this email
 If you have any questions visit: Seller Central
 To change your email preferences visit: Notification Preferences
 We hope you found this message to be useful. However, if you'd rather not receive future e-mails of this sort from Amazon.com, please opt-out here.
 Copyright 2026 Amazon, Inc, or its affiliates. All rights reserved.
 Amazon.com, 410 Terry Avenue North, Seattle, WA 98109-5210
 SPC-EUAmazon-1970326516008518",2026-08-17 13:38:29,RETR,xtbBsgTFq2p1UuSCTQAA3+
法务/侵权类,older,account_4,weihaizhongxin2024@126.com,"Fri, 7 Aug 2026 03:21:09 +0000",Amazon Seller Central <donotreply@amazon.com>,Your Amazon.se Kreditnota Fraktas Av Amazon for 7/2026,,"Your Amazon.se Kreditnota Fraktas Av Amazon for 7/2026
 96
Hej Shenzhen shi weihaizhongxin ke ji you xian gong si!
Vi skriver för att informera dig om att din elektroniska Kreditnota Fraktas Av Amazon för månaden 7/2026 nu finns tillgänglig på ditt Seller Central-konto.
För att komma åt ditt kreditnotagår du till ditt Seller Central-konto > Rapporter > Bibliotek för skattedokument > Skattefakturor för säljaravgifter.
På ditt Seller Central-konto kan du se, ladda ner eller skriva ut ditt kreditnota.
Om du har några frågor, kontakta säljarsupport.
Vänliga hälsningar,
Amazon.se
 Rapportera ett problem med detta e-post
 Om du har några frågor besök: Seller Central
 För att ändra dina e-postinställningar, besök: Inställningar för meddelanden
 Vi hoppas att du tyckte att det här meddelandet var användbart. Om du föredrar att inte få framtida e-postmeddelanden av detta slag från Amazon.com, välj bort det här.
 Upphovsrätt 2026 Amazon, Inc, eller dess dotterbolag. Alla rättigheter förbehållna.
 Amazon EU S.à r.l.
38 avenue John F. Kennedy
L-1855 Luxemburg
Registrerat i Luxemburg No. B-101818
Aktiekapital 165 833 EUR
Företagets registreringsnummer: 134248
Momsregistrering för Luxemburg LU 2",2026-08-17 13:38:29,RETR,xtbBpAnVu2p1TylIHQAA3v
法务/侵权类,older,account_4,weihaizhongxin2024@126.com,"Fri, 7 Aug 2026 03:13:42 +0000",Amazon Seller Central <donotreply@amazon.com>,Your Amazon.nl Creditnota Verkoper for 7/2026,,"Your Amazon.nl Creditnota Verkoper for 7/2026
 96
Beste Shenzhen shi weihaizhongxin ke ji you xian gong si,
We sturen je dit bericht om je te laten weten dat je elektronische Creditnota Verkoper voor de maand 7 2026 nu beschikbaar is in je Seller Central-account.
Als je toegang wilt krijgen tot je creditnota, ga je naar je Seller Central-account > Overzichten > Bibliotheek met belastingdocumenten > Belastingfacturen voor kosten verkoper.
In je Seller Central-account kun je je creditnota bekijken, downloaden of afdrukken.
Als je nog vragen hebt, kun je contact opnemen met de Ondersteuning voor verkopers.
Met vriendelijke groeten,
Amazon.nl
 Rapporteer een probleem met deze e-mail
 Als je vragen hebt, ga je naar: Seller Central
 Om je e-mailvoorkeuren te wijzigen, ga je naar: Voorkeuren voor meldingen
 We hopen dat je iets aan dit bericht hebt gehad. Als je in de toekomst echter liever niet meer van dit soort e-mails van Amazon.com wilt ontvangen, kun je je afmelden hier.
 Auteursrecht (copyright) 2026 Amazon, Inc. of haar dochterondernemingen. Alle rechten voorbehouden.
 Amazon Services Europe S.à r.l.
38 avenue John F. Kennedy
L-1855 Luxemburg
Geregistreerd in Luxemburg
RCS Luxembu",2026-08-17 13:38:29,RETR,xtbBpQhlS2p1TWgxMgAA36
法务/侵权类,older,account_4,weihaizhongxin2024@126.com,"Fri, 7 Aug 2026 02:53:15 +0000",Amazon Seller Central <donotreply@amazon.com>,Your Amazon.com.be Creditnota Verkoper for 7/2026,,"Your Amazon.com.be Creditnota Verkoper for 7/2026
 96
Beste Shenzhen shi weihaizhongxin ke ji you xian gong si,
We sturen je dit bericht om je te laten weten dat je elektronische Creditnota Verkoper voor de maand 7 2026 nu beschikbaar is in je Seller Central-account.
Als je toegang wilt krijgen tot je creditnota, ga je naar je Seller Central-account > Overzichten > Bibliotheek met belastingdocumenten > Belastingfacturen voor kosten verkoper.
In je Seller Central-account kun je je creditnota bekijken, downloaden of afdrukken.
Als je nog vragen hebt, kun je contact opnemen met de Ondersteuning voor verkopers.
Met vriendelijke groeten,
Amazon.com.be
 Monsieur/Madame Shenzhen shi weihaizhongxin ke ji you xian gong si,
Nous vous écrivons pour vous informer que votre Avoir Vendeur pour le mois de 7/2026 est maintenant disponible dans votre compte Seller Central.
Pour accéder à votre avoir, rendez-vous sur votre compte Seller Central et veuillez accéder à la page Rapports > Bibliothèque d'informations fiscales > Factures des frais du vendeur.
Dans votre compte Seller Central, vous pourrez afficher, télécharger ou imprimer votre avoir.
Pour toute question, contactez le Support Vendeur.
Cor",2026-08-17 13:38:28,RETR,xtbBshwxF2p1SJwN3gAA3Q
法务/侵权类,older,account_4,weihaizhongxin2024@126.com,"Fri, 7 Aug 2026 02:32:43 +0000",Amazon Seller Central <donotreply@amazon.com>,Your Amazon.es Nota de Crédito Vendedor for 7/2026,,"Your Amazon.es Nota de Crédito Vendedor for 7/2026
 96
Hola, Shenzhen shi weihaizhongxin ke ji you xian gong si:
Te escribimos para comunicarte que tu Nota de Crédito Vendedor del mes de 7/2026 ya está disponible en tu cuenta de Seller Central.
Para acceder a la nota de crédito, ve a Seller Central > Informes > Biblioteca de documentos fiscales > Facturas de tarifas aplicables al vendedor.
Allí podrás ver, descargar o imprimir tu nota de crédito.
Para consultas, contacta con atención al vendedor.
Atentamente,
Amazon.es
 Informar de un problema con este correo electrónico
 Si tienes alguna pregunta, visita: Seller Central
 Para cambiar sus preferencias de correo electrónico visitan: Preferencias de Notificación
 Esperamos que este mensaje te haya parecido útil. Sin embargo, si prefieres no recibir correos electrónicos de Amazon.es de este tipo en el futuro, haz clic aquí.
 Copyright 2026 Amazon.com.mx, Inc. o sus afiliados. Todos los derechos reservados.
 Amazon EU S.à r.l.
38 avenue John F. Kennedy,
L-1855 Luxemburgo,
Número de Registro en Luxemburgo: No. B-101818,
Capital Social 165.833 EUR,
Número de licencia de actividad: 134248,
Nº de Registro IVA en Luxemburgo: LU 20260743.
 S",2026-08-17 13:38:28,RETR,xtbBsg774Wp1Q87XwQAA3i
法务/侵权类,older,account_4,weihaizhongxin2024@126.com,"Fri, 7 Aug 2026 02:10:53 +0000",Amazon Seller Central <donotreply@amazon.com>,Your Amazon.de Rechnung Versand durch Amazon for 7/2026,,"Your Amazon.de Rechnung Versand durch Amazon for 7/2026
 96
Guten Tag Shenzhen shi weihaizhongxin ke ji you xian gong si!
Wir möchten Sie darüber informieren, dass Ihr elektronisches Dokument Rechnung Versand durch Amazon für 7.2026 ab sofort in Ihrem Seller Central-Konto verfügbar ist.
Navigieren Sie in Ihrem Seller Central-Konto zu Berichte > Steuerdokumente > Rechnungen über Verkaufsgebühren, um auf Ihr Dokument (Rechnung) zuzugreifen.
In Ihrem Seller Central-Konto können Sie Ihr Dokument (Rechnung) anzeigen, herunterladen oder ausdrucken.
Wenden Sie sich bei weiteren Fragen bitte an die Verkäuferhilfe.
Freundliche Grüße,
Amazon.de
 Ein Problem mit dieser E-Mail melden
 Bei Fragen besuchen Sie: Seller Central
 Zum Ändern Ihrer E-Mail-Einstellungen, gehen Sie zu: Benachrichtigungseinstellungen
 Wir hoffen, diese Nachricht ist hilfreich für Sie. Falls Sie allerdings in Zukunft keine E-Mails dieser Art von Amazon.de erhalten möchten, melden Sie sich bitte ab.
 Copyright 2026 Amazon Inc. oder Tochtergesellschaften. Alle Rechte vorbehalten.
 Amazon EU S.à r.l.
38 avenue John F. Kennedy,
L-1855 Luxemburg,
Handelsregisternummer Luxemburg: B-101818,
 Gesellschaftskapital: 165.833 EUR,
G",2026-08-17 13:38:28,RETR,xtbBpBGzmWp1PrGGZwAA3u
法务/侵权类,older,account_4,weihaizhongxin2024@126.com,"Fri, 7 Aug 2026 01:58:13 +0000",Amazon Seller Central <donotreply@amazon.com>,Your Amazon.es Factura Logística de Amazon for 7/2026,,"Your Amazon.es Factura Logística de Amazon for 7/2026
 96
Hola, Shenzhen shi weihaizhongxin ke ji you xian gong si:
Te escribimos para comunicarte que tu Factura Logística de Amazon del mes de 7/2026 ya está disponible en tu cuenta de Seller Central.
Para acceder a la factura, ve a Seller Central > Informes > Biblioteca de documentos fiscales > Facturas de tarifas aplicables al vendedor.
Allí podrás ver, descargar o imprimir tu factura.
Para consultas, contacta con atención al vendedor.
Atentamente,
Amazon.es
 Informar de un problema con este correo electrónico
 Si tienes alguna pregunta, visita: Seller Central
 Para cambiar sus preferencias de correo electrónico visitan: Preferencias de Notificación
 Esperamos que este mensaje te haya parecido útil. Sin embargo, si prefieres no recibir correos electrónicos de Amazon.es de este tipo en el futuro, haz clic aquí.
 Copyright 2026 Amazon.com.mx, Inc. o sus afiliados. Todos los derechos reservados.
 Amazon EU S.à r.l.
38 avenue John F. Kennedy,
L-1855 Luxemburgo,
Número de Registro en Luxemburgo: No. B-101818,
Capital Social 165.833 EUR,
Número de licencia de actividad: 134248,
Nº de Registro IVA en Luxemburgo: LU 20260743.
 SPC-EUAmazo",2026-08-17 13:38:28,RETR,xtbBpRn02mp1O7ldcQAA3j
法务/侵权类,older,account_4,weihaizhongxin2024@126.com,"Fri, 7 Aug 2026 01:55:47 +0000",Amazon Seller Central <donotreply@amazon.com>,Your Amazon.es Factura Logística de Amazon for 7/2026,,"Your Amazon.es Factura Logística de Amazon for 7/2026
 96
Hola, Shenzhen shi weihaizhongxin ke ji you xian gong si:
Te escribimos para comunicarte que tu Factura Logística de Amazon del mes de 7/2026 ya está disponible en tu cuenta de Seller Central.
Para acceder a la factura, ve a Seller Central > Informes > Biblioteca de documentos fiscales > Facturas de tarifas aplicables al vendedor.
Allí podrás ver, descargar o imprimir tu factura.
Para consultas, contacta con atención al vendedor.
Atentamente,
Amazon.es
 Informar de un problema con este correo electrónico
 Si tienes alguna pregunta, visita: Seller Central
 Para cambiar sus preferencias de correo electrónico visitan: Preferencias de Notificación
 Esperamos que este mensaje te haya parecido útil. Sin embargo, si prefieres no recibir correos electrónicos de Amazon.es de este tipo en el futuro, haz clic aquí.
 Copyright 2026 Amazon.com.mx, Inc. o sus afiliados. Todos los derechos reservados.
 Amazon EU S.à r.l.
38 avenue John F. Kennedy,
L-1855 Luxemburgo,
Número de Registro en Luxemburgo: No. B-101818,
Capital Social 165.833 EUR,
Número de licencia de actividad: 134248,
Nº de Registro IVA en Luxemburgo: LU 20260743.
 SPC-EUAmazo",2026-08-17 13:38:27,RETR,xtbBpQbPtWp1OyZXxwAA3L
法务/侵权类,older,account_4,weihaizhongxin2024@126.com,"Fri, 7 Aug 2026 01:53:41 +0000",Amazon Seller Central <donotreply@amazon.com>,Your Amazon.de Rechnung Versand durch Amazon for 7/2026,,"Your Amazon.de Rechnung Versand durch Amazon for 7/2026
 96
Guten Tag Shenzhen shi weihaizhongxin ke ji you xian gong si!
Wir möchten Sie darüber informieren, dass Ihr elektronisches Dokument Rechnung Versand durch Amazon für 7.2026 ab sofort in Ihrem Seller Central-Konto verfügbar ist.
Navigieren Sie in Ihrem Seller Central-Konto zu Berichte > Steuerdokumente > Rechnungen über Verkaufsgebühren, um auf Ihr Dokument (Rechnung) zuzugreifen.
In Ihrem Seller Central-Konto können Sie Ihr Dokument (Rechnung) anzeigen, herunterladen oder ausdrucken.
Wenden Sie sich bei weiteren Fragen bitte an die Verkäuferhilfe.
Freundliche Grüße,
Amazon.de
 Ein Problem mit dieser E-Mail melden
 Bei Fragen besuchen Sie: Seller Central
 Zum Ändern Ihrer E-Mail-Einstellungen, gehen Sie zu: Benachrichtigungseinstellungen
 Wir hoffen, diese Nachricht ist hilfreich für Sie. Falls Sie allerdings in Zukunft keine E-Mails dieser Art von Amazon.de erhalten möchten, melden Sie sich bitte ab.
 Copyright 2026 Amazon Inc. oder Tochtergesellschaften. Alle Rechte vorbehalten.
 Amazon EU S.à r.l.
38 avenue John F. Kennedy,
L-1855 Luxemburg,
Handelsregisternummer Luxemburg: B-101818,
 Gesellschaftskapital: 165.833 EUR,
G",2026-08-17 13:38:27,RETR,xtbBpQevlWp1OqdTIwAA3q
法务/侵权类,older,account_4,weihaizhongxin2024@126.com,"Fri, 7 Aug 2026 01:48:43 +0000",Amazon Seller Central <donotreply@amazon.com>,Your Amazon.co.uk Fulfillment by Amazon Merchant Invoice for 7/2026,,"Your Amazon.co.uk Fulfillment by Amazon Merchant Invoice for 7/2026
 96
Hello,
We are writing to inform you that your electronic Fulfillment by Amazon Merchant Invoice for the month of 7/2026 is now available in your Seller Central Account.
To access your invoice, go to your Tax Document Library . In your Tax Document Library, you will be able to view, download or print your invoice.
The Amazon Services Team
 Report an issue with this email
 If you have any questions visit: Seller Central
 To change your email preferences visit: Notification Preferences
 We hope you found this message to be useful. However, if you'd rather not receive future e-mails of this sort from Amazon.com, please opt-out here.
 Copyright 2026 Amazon, Inc, or its affiliates. All rights reserved.
 Amazon.com, 410 Terry Avenue North, Seattle, WA 98109-5210
 SPC-EUAmazon-1090717215980375",2026-08-17 13:38:27,RETR,xtbBsxxlS2p1OXwXPAAA3w
法务/侵权类,older,account_4,weihaizhongxin2024@126.com,"Fri, 7 Aug 2026 01:41:37 +0000",Notificaciones de Seller Central (sin buzón electrónico) <donotreply@amazon.com>,Actualización de estado de mercancías peligrosas,,"96
 Actualización de estado de mercancías peligrosas
 Actualización de estado de mercancías peligrosas
 Estimado vendedor:
 Estamos llevando a cabo una revisión de mercancías peligrosas sobre uno o varios de tus productos:
 FALTA DOCUMENTACIÓN DE MERCANCÍAS PELIGROSAS O ES CONTRADICTORIA
 ASIN
 SKU del vendedor
 FNSKU
 Título
 B0H11DGDRL
 WH-DE-0508-HCGD-02
 B0H11DGDRL
 Circuito de Tren eléctrico de Cubos de 145 Piezas, Set de Tren 3D antigravedad, Juguete de vías DIY para Construir, Juguete Educativo Stem y Regalo Creativo para niños de 3 a 8 años
 ¿A qué se debe esto?
 No podemos clasificar correctamente los productos mencionados debido a que no tenemos suficiente información sobre las mercancías peligrosas. Ten en cuenta que, hasta que proporciones toda la información necesaria, los productos no estarán disponibles para la venta y no podrás continuar enviando unidades a los centros logísticos de Amazon. Tienes que proporcionar la ficha de datos de seguridad (FDS) de cada producto mencionado. Sólo puedes enviar una ficha de exención si el producto no tiene una FDS y no contiene productos químicos nocivos como alcohol, ácido, sodio, etc., o si el producto es una batería o las cont",2026-08-17 13:38:27,RETR,xtbBpRP532p1N9M3JAAA34
法务/侵权类,older,account_4,weihaizhongxin2024@126.com,"Fri, 7 Aug 2026 01:37:48 +0000","""Powiadomienia z Amazon Seller Central (nie odpowiadaj)"" <donotreply@amazon.com>",Status materiałów niebezpiecznych (hazmat),,"96
 Status materiałów niebezpiecznych (hazmat)
 Status materiałów niebezpiecznych (hazmat)
 Witamy w Fulfillment by Amazon
 Obecnie przeprowadzamy przegląd materiałów niebezpiecznych (hazmat) jednego produktu lub większej liczby produktów:
 SPRZECZNA LUB BRAKUJĄCA DOKUMENTACJA DG
 ASIN
 SKU sprzedawcy
 SKU sieci logistycznej
 Tytuł
 B0H11DGDRL
 WH-DE-0508-HCGD-02
 B0H11DGDRL
 145-elementowy elektryczny tor kolejowy z kostek, zestaw pociągu 3D przeciw grawitacji, tor DIY do samodzielnego budowania, zabawka edukacyjna STEM i kreatywny prezent dla dzieci 3–8 lat
 Jaka jest tego przyczyna
 Nie mamy wystarczającej ilości informacji o materiałach niebezpiecznych, aby prawidłowo sklasyfikować ww. produkty; dopóki nie dostarczysz niezbędnych informacji, produkty nie będą dostępne do sprzedaży i nie będziesz mógł wysłać więcej jednostek do centrów logistycznych Amazon. Musisz dostarczyć odpowiednią kartę charakterystyki dla każdego ww. produktu. Arkusz zwolnienia z obowiązku dostarczenia karty charakterystyki można złożyć tylko wtedy, kiedy produkt nie posiada szkodliwych substancji chemicznych, takich jak alkohol, kwas, sód itp., lub jeśli produkt jest bateriami, zawiera je lub jest sprzed",2026-08-17 13:38:26,RETR,xtbBpBDBp2p1NvAwXwAA3k
法务/侵权类,older,account_4,weihaizhongxin2024@126.com,"Fri, 7 Aug 2026 01:36:25 +0000",亚马逊卖家平台通知（请勿回复） <donotreply@amazon.com>,危险品状态更新,,"96
 危险品状态更新
 危险品状态更新
 尊敬的亚马逊物流卖家：
您好！
 我们目前正在对您的一件或多件商品进行危险品审查：
 危险品文件中的信息相互冲突或缺失
 ASIN
 卖家 SKU
 FNSKU
 商品名称
 B0H11DGDRL
 WH-DE-0508-HCGD-02
 B0H11DGDRL
 145 PCS Eisenbahn Elektrisch Cube Track, 3D Schwerkrafttrotzendes Zug Set, DIY Zugstrecken Spielzeug, STEM Lernspielzeug & Geschenkidee für Kinder 3–8 Jahre, Kreatives Bauen Spielzeug
 为什么会发生这种情况
 我们获得的危险品信息不足，无法对以上商品进行正确分类，除非您提供必要的信息，否则您将无法销售商品，也将无法再向亚马逊运营中心发送更多商品。我们需要您为上述每件商品提供正确的安全数据表 (SDS)。仅当商品没有安全数据表且不含酒精、酸、钠等任何有害化学物质，或者商品是电池、包含电池或随电池一同销售时，您才需要提交豁免表。
 如何继续销售这些商品
 请确保安全数据表符合以下要求：
- 在过去五年内创建或有过更新
- 包含新的 GHS/CLP 危险品识别信息
- 包含标准安全数据表的所有 16 个部分
- 与商品详情页面上显示的商品名称匹配
- 与商品详情页面上显示的制造商或品牌名称匹配
 请确保 豁免表 符合以下要求：
- 与商品详情页面上显示的商品名称一致
- 包含您的全名（名字和姓氏）
- 包含当前日期
- 适用于您的商品（豁免表仅适用于不含有害化学物质的商品、电池、含电池或与电池一同销售的商品）
- 包含所有必填信息（确保填写所有红色单元格，并将黑色单元格留空）
 重要须知 ： 模板的 说明 选项卡中提供了有关如何填写豁免表的完整说明。
 文件（安全数据表或豁免表）准备就绪后，请通过卖家平台中的 上传页面 提交。
 提供了正确的信息之后，审核流程通常需要四个工作日才能完成。审核完成后，您将收到结果通知。温馨提醒，请确保商品名称、商品描述和要点充分且完整地描述了审核中的商品，并明确列出与该商品一同销售的所有商品（例如，电视机及其遥控器）。
 有关安全数据表和豁免表的更多信息，请参阅 所需的危险品信息和文件 。
 所有卖家应负责确保发送到亚马逊运营中心的所有商品均符合亚马逊物流政策以及关于危险品的所有法律要求，即使亚马逊物流目前并未对此进行限制。
 实用信息
 有关更多信息，请参阅 危险品识别指南 。
 谢谢！
 亚马逊物流团队
 此电子邮件地址仅用于发送通知，无法接收电子邮件。请勿回复此邮件。
 报告此电子邮件的问题
 如果您有任何问题，请访问: Seller Cent",2026-08-17 13:38:25,RETR,xtbBshurkWp1Nps9pAAA34
法务/侵权类,older,account_4,weihaizhongxin2024@126.com,"Fri, 7 Aug 2026 01:30:51 +0000",Aviseringar från Amazon Seller Central (svara inte) <donotreply@amazon.com>,Statusuppdatering för farligt gods,,"96
 Statusuppdatering för farligt gods
 Statusuppdatering för farligt gods
 Hej från Fraktas från Amazon,
 Vi genomför för närvarande en granskning av farligt gods för en eller flera av dina produkter:
 DG-DOKUMENTATION SOM ÄR MOTSTRIDIG ELLER SAKNAS
 ASIN
 Säljar-SKU
 Leveransnätverks-SKU
 Titel
 B0H11DGDRL
 WH-DE-0508-HCGD-02
 B0H11DGDRL
 145-delad elektrisk tågbana med kuber, 3D antigravitations-tågset, DIY tågbana att bygga själv, pedagogisk STEM-leksak och kreativ present för barn 3–8 år
 Därför händer detta
 Vi har inte tillräckligt med information för att korrekt kunna klassificera ovanstående produkter beträffande farligt gods, och innan du tillhandahåller den nödvändiga informationen är produkterna inte tillgängliga för försäljning och du kan inte skicka fler enheter till Amazons distributionscentra. Vi ber dig tillhandahålla ett korrekt säkerhetsdatablad för varje produkt som listas ovan. Du får endast lämna in ett Undantag / Exemption sheet om produkten inte har ett säkerhetsdatablad och inte innehåller några skadliga kemikalier, t.ex. alkohol, syra, natrium etc., eller om produkten är, innehåller eller säljs med batterier.
 Gör så här för att fortsätta sälja de här prod",2026-08-17 13:38:25,RETR,xtbBsg1YPmp1NU0v6AAA35
法务/侵权类,older,account_4,weihaizhongxin2024@126.com,"Fri, 7 Aug 2026 01:27:00 +0000",Amazon Seller Central <donotreply@amazon.com>,Your Amazon.com.be Factuur Fulfilled by Amazon for 7/2026,,"Your Amazon.com.be Factuur Fulfilled by Amazon for 7/2026
 96
Beste Shenzhen shi weihaizhongxin ke ji you xian gong si,
We sturen je dit bericht om je te laten weten dat je elektronische Factuur Fulfilled by Amazon voor de maand 7 2026 nu beschikbaar is in je Seller Central-account.
Als je toegang wilt krijgen tot je factuur, ga je naar je Seller Central-account > Overzichten > Bibliotheek met belastingdocumenten > Belastingfacturen voor kosten verkoper.
In je Seller Central-account kun je je factuur bekijken, downloaden of afdrukken.
Als je nog vragen hebt, kun je contact opnemen met de Ondersteuning voor verkopers.
Met vriendelijke groeten,
Amazon.com.be
 Monsieur/Madame Shenzhen shi weihaizhongxin ke ji you xian gong si,
Nous vous écrivons pour vous informer que votre Facture Expédié Par Amazon pour le mois de 7/2026 est maintenant disponible dans votre compte Seller Central.
Pour accéder à votre facture, rendez-vous sur votre compte Seller Central et veuillez accéder à la page Rapports > Bibliothèque d'informations fiscales > Factures des frais du vendeur.
Dans votre compte Seller Central, vous pourrez afficher, télécharger ou imprimer votre facture.
Pour toute question, contac",2026-08-17 13:38:24,RETR,xtbBpQgfBWp1NGgTKQAA3O
法务/侵权类,older,account_4,weihaizhongxin2024@126.com,"Fri, 7 Aug 2026 01:22:36 +0000",亚马逊卖家平台通知（请勿回复） <donotreply@amazon.com>,危险物品（危险品）状态更新,,"96
 危险物品（危险品）状态更新
 危险物品（危险品）状态更新
 尊敬的亚马逊物流卖家：
您好！
 我们目前正在对以下商品进行危险物品（危险品）审核：
 危险品文件中的信息相冲突或缺少危险品文件
 ASIN
 卖家 SKU
 FNSKU
 商品名称
 B0H11DGDRL
 WH-DE-0508-HCGD-02
 B0H11DGDRL
 Roaxkois 145 PCS Eisenbahn Elektrisch Cube Track, 3D Schwerkrafttrotzendes Zug Set, DIY Zugstrecken Spielzeug, STEM Lernspielzeug & Geschenkidee f ür Kinder 3–8 Jahre, Kreatives Bauen Spielzeug
 为什么会发生这种情况
 我们获得的危险品信息不足，无法对以上商品进行正确分类，除非您提供必要的信息，否则商品将无法销售，您也将无法再向亚马逊运营中心发送此类商品。我们需要您为随商品一起销售的每件商品提供正确的安全数据表 (SDS) 或豁免表（适用于不包含任何有害化学物质（如酒精、酸、钠）的商品，或者包含电池或随电池一同销售的商品）。
 如何继续销售这些商品
 请确保安全数据表符合以下要求：
- 在过去五 (5) 年内创建或进行过更新。
- 包含新的 GHS/CLP 危险品识别信息。
- 与您的商品信息相符：
- 商品名称（即详情页面上显示的商品名称）必须与安全数据表上显示的商品名称相同。
- 安全数据表上的商品制造商/品牌名称必须与详情页面上显示的制造商/品牌名称相同。
- 包含标准安全数据表的所有 16 个部分。
 请确保豁免表符合以下要求：
- 与您的商品信息相符： 商品名称（即详情页面上显示的商品名称）必须与豁免表上显示的商品名称相同。
- 包含您的全名（名字和姓氏）。
- 已标注日期。
- 适用于您的商品（豁免表仅适用于不含有害化学物质的商品、电池、含电池或与电池一同销售的商品）
- 所有“红色”单元格均提供信息。
- 所有“黑色”单元格均留空。
 重要须知： 模板的说明选项卡中提供了有关如何填写豁免表的完整说明。
 文件（安全数据表 (SDS) 或豁免表）准备就绪后，请通过以下页面上传 ：https://sellercentral.amazon.com/gp/fba/material-safety-data-sheet/index.html
 在您提供相应信息后，审核流程通常需要四个工作日。审核完成后，您将收到结果通知。谨在此提醒您，请确保商品描述充分描述了审核中的商品。
 有关安全数据表和豁免表的更多信息，请参阅 所需的危险品信息和文件 。
 所有卖家应负责确保运送到亚马逊运营中心的所有商品均符合亚马逊物流政策以及关于危险品的所",2026-08-17 13:38:24,RETR,xtbBpQDcwmp1M2AEIAAA3T
法务/侵权类,older,account_4,weihaizhongxin2024@126.com,"Fri, 7 Aug 2026 01:11:17 +0000",Amazon Seller Central <donotreply@amazon.com>,Your Amazon.co.uk Merchant Invoice for 7/2026,,"Your Amazon.co.uk Merchant Invoice for 7/2026
 96
Hello,
We are writing to inform you that your electronic Merchant Invoice for the month of 7/2026 is now available in your Seller Central Account.
To access your invoice, go to your Tax Document Library . In your Tax Document Library, you will be able to view, download or print your invoice.
The Amazon Services Team
 Report an issue with this email
 If you have any questions visit: Seller Central
 To change your email preferences visit: Notification Preferences
 We hope you found this message to be useful. However, if you'd rather not receive future e-mails of this sort from Amazon.com, please opt-out here.
 Copyright 2026 Amazon, Inc, or its affiliates. All rights reserved.
 Amazon.com, 410 Terry Avenue North, Seattle, WA 98109-5210
 SPC-EUAmazon-1354600006269038",2026-08-17 13:38:23,RETR,xtbBpBgyGGp1MLja6gAA3x
法务/侵权类,older,account_4,weihaizhongxin2024@126.com,"Fri, 7 Aug 2026 01:09:24 +0000",Amazon Seller Central <donotreply@amazon.com>,Your Amazon.com.be Factuur Fulfilled by Amazon for 7/2026,,"Your Amazon.com.be Factuur Fulfilled by Amazon for 7/2026
 96
Beste Shenzhen shi weihaizhongxin ke ji you xian gong si,
We sturen je dit bericht om je te laten weten dat je elektronische Factuur Fulfilled by Amazon voor de maand 7 2026 nu beschikbaar is in je Seller Central-account.
Als je toegang wilt krijgen tot je factuur, ga je naar je Seller Central-account > Overzichten > Bibliotheek met belastingdocumenten > Belastingfacturen voor kosten verkoper.
In je Seller Central-account kun je je factuur bekijken, downloaden of afdrukken.
Als je nog vragen hebt, kun je contact opnemen met de Ondersteuning voor verkopers.
Met vriendelijke groeten,
Amazon.com.be
 Monsieur/Madame Shenzhen shi weihaizhongxin ke ji you xian gong si,
Nous vous écrivons pour vous informer que votre Facture Expédié Par Amazon pour le mois de 7/2026 est maintenant disponible dans votre compte Seller Central.
Pour accéder à votre facture, rendez-vous sur votre compte Seller Central et veuillez accéder à la page Rapports > Bibliothèque d'informations fiscales > Factures des frais du vendeur.
Dans votre compte Seller Central, vous pourrez afficher, télécharger ou imprimer votre facture.
Pour toute question, contac",2026-08-17 13:38:23,RETR,xtbBsggW+2p1MEjmQgAA3U
法务/侵权类,older,account_4,weihaizhongxin2024@126.com,"Fri, 7 Aug 2026 01:05:23 +0000",Amazon Seller Central <donotreply@amazon.com>,Your Amazon.nl Factuur Fulfilled by Amazon for 7/2026,,"Your Amazon.nl Factuur Fulfilled by Amazon for 7/2026
 96
Beste Shenzhen shi weihaizhongxin ke ji you xian gong si,
We sturen je dit bericht om je te laten weten dat je elektronische Factuur Fulfilled by Amazon voor de maand 7 2026 nu beschikbaar is in je Seller Central-account.
Als je toegang wilt krijgen tot je factuur, ga je naar je Seller Central-account > Overzichten > Bibliotheek met belastingdocumenten > Belastingfacturen voor kosten verkoper.
In je Seller Central-account kun je je factuur bekijken, downloaden of afdrukken.
Als je nog vragen hebt, kun je contact opnemen met de Ondersteuning voor verkopers.
Met vriendelijke groeten,
Amazon.nl
 Rapporteer een probleem met deze e-mail
 Als je vragen hebt, ga je naar: Seller Central
 Om je e-mailvoorkeuren te wijzigen, ga je naar: Voorkeuren voor meldingen
 We hopen dat je iets aan dit bericht hebt gehad. Als je in de toekomst echter liever niet meer van dit soort e-mails van Amazon.com wilt ontvangen, kun je je afmelden hier.
 Auteursrecht (copyright) 2026 Amazon, Inc. of haar dochterondernemingen. Alle rechten voorbehouden.
 Amazon Services Europe S.à r.l.
38 avenue John F. Kennedy
L-1855 Luxemburg
Geregistreerd in Luxemburg
R",2026-08-17 13:38:23,RETR,xtbBpRXYvmp1L1XJvwAA3F
法务/侵权类,older,account_4,weihaizhongxin2024@126.com,"Fri, 7 Aug 2026 01:03:13 +0000","""Notifiche di Amazon Seller Central (non rispondere)"" <donotreply@amazon.com>",Aggiornamento dello stato delle merci pericolose,,"96
 Aggiornamento dello stato delle merci pericolose
 Aggiornamento dello stato delle merci pericolose
 Buongiorno da Logistica di Amazon.
 Al momento stiamo effettuando una revisione delle merci pericolose di uno o più dei suoi prodotti:
 DOCUMENTAZIONE MERCI PERICOLOSE DISCORDANTE O MANCANTE
 ASIN
 SKU venditore
 FNSKU
 Titolo
 B0H11DGDRL
 WH-DE-0508-HCGD-02
 B0H11DGDRL
 Pista ferroviaria elettrica a cubi da 145 pezzi, set trenino 3D antigravità, gioco fai da te per costruire percorsi, giocattolo educativo STEM e idea regalo creativa per bambini da 3 a 8 anni
 Qual è il problema?
 Non disponiamo di informazioni sufficienti sulle merci pericolose per classificare correttamente i prodotti di cui sopra. Inoltre, finché non fornisci le informazioni necessarie, i prodotti non saranno disponibili per la vendita e non potrai inviare più unità ai centri logistici Amazon. Dovrai fornire una corretta scheda di sicurezza (SDS) per ogni prodotto sopra elencato. È possibile presentare una scheda di esenzione solo se il prodotto non dispone di una scheda di sicurezza e non contiene sostanze chimiche nocive, come alcol, acido, sodio e così via, o se il prodotto è, contiene o viene venduto con b",2026-08-17 13:38:23,RETR,xtbBpBO3nWp1LtPFcQAA3L
法务/侵权类,older,account_4,weihaizhongxin2024@126.com,"Fri, 7 Aug 2026 01:03:04 +0000","""Amazon Seller Central-meldingen (niet beantwoorden)"" <donotreply@amazon.com>",Update van status gevaarlijke goederen,,"96
 Update van status gevaarlijke goederen
 Update van status gevaarlijke goederen
 Hallo van het Fulfillment by Amazon-team,
 Momenteel beoordelen we een of meer van jouw producten op eigenschappen van gevaarlijke goederen:
 CONFLICTERENDE OF ONTBREKENDE DOCUMENTATIE VAN GEVAARLIJKE GOEDEREN
 ASIN
 Verkoper-SKU
 FNSKU
 Titel
 B0H11DGDRL
 WH-DE-0508-HCGD-02
 B0H11DGDRL
 145-delige elektrische trein kubusbaan, 3D anti-zwaartekracht treinset, DIY treinbaan bouwspeelgoed, educatief STEM-speelgoed en creatief cadeau voor kinderen van 3–8 jaar
 Waarom dit gebeurt
 We hebben niet genoeg informatie over gevaarlijke goederen om bovenstaande producten correct te classificeren. Totdat je de nodige informatie verstrekt zijn de producten niet beschikbaar voor verkoop en kun je geen eenheden meer naar Amazon Fulfillment Centers sturen. Je moet voor elk hierboven vermeld product een correct veiligheidsinformatieblad (VIB) verstrekken. Je kunt alleen een vrijstellingsformulier indienen als het product geen SDS heeft en geen schadelijke chemische stoffen bevat, zoals alcohol, zuur, natrium enzovoort, of als het gaat om batterijen, of producten die een batterij bevatten of ermee worden verkocht.
 D",2026-08-17 13:38:23,RETR,xtbBpQu1m2p1LsvDiAAA3x
法务/侵权类,older,account_4,weihaizhongxin2024@126.com,"Fri, 7 Aug 2026 01:00:34 +0000",Amazon Seller Central <donotreply@amazon.com>,Your Amazon.com.be Factuur Fulfilled by Amazon for 7/2026,,"Your Amazon.com.be Factuur Fulfilled by Amazon for 7/2026
 96
Beste Shenzhen shi weihaizhongxin ke ji you xian gong si,
We sturen je dit bericht om je te laten weten dat je elektronische Factuur Fulfilled by Amazon voor de maand 7 2026 nu beschikbaar is in je Seller Central-account.
Als je toegang wilt krijgen tot je factuur, ga je naar je Seller Central-account > Overzichten > Bibliotheek met belastingdocumenten > Belastingfacturen voor kosten verkoper.
In je Seller Central-account kun je je factuur bekijken, downloaden of afdrukken.
Als je nog vragen hebt, kun je contact opnemen met de Ondersteuning voor verkopers.
Met vriendelijke groeten,
Amazon.com.be
 Monsieur/Madame Shenzhen shi weihaizhongxin ke ji you xian gong si,
Nous vous écrivons pour vous informer que votre Facture Expédié Par Amazon pour le mois de 7/2026 est maintenant disponible dans votre compte Seller Central.
Pour accéder à votre facture, rendez-vous sur votre compte Seller Central et veuillez accéder à la page Rapports > Bibliothèque d'informations fiscales > Factures des frais du vendeur.
Dans votre compte Seller Central, vous pourrez afficher, télécharger ou imprimer votre facture.
Pour toute question, contac",2026-08-17 13:38:22,RETR,xtbBsxWQdmp1LjWKqQAA3n
法务/侵权类,older,account_4,weihaizhongxin2024@126.com,"Fri, 7 Aug 2026 00:47:35 +0000",Amazon Seller Central <donotreply@amazon.com>,Your Amazon.de Rechnung Verkäufer for 7/2026,,"Your Amazon.de Rechnung Verkäufer for 7/2026
 96
Guten Tag Shenzhen shi weihaizhongxin ke ji you xian gong si!
Wir möchten Sie darüber informieren, dass Ihr elektronisches Dokument Rechnung Verkäufer für 7.2026 ab sofort in Ihrem Seller Central-Konto verfügbar ist.
Navigieren Sie in Ihrem Seller Central-Konto zu Berichte > Steuerdokumente > Rechnungen über Verkaufsgebühren, um auf Ihr Dokument (Rechnung) zuzugreifen.
In Ihrem Seller Central-Konto können Sie Ihr Dokument (Rechnung) anzeigen, herunterladen oder ausdrucken.
Wenden Sie sich bei weiteren Fragen bitte an die Verkäuferhilfe.
Freundliche Grüße,
Amazon.de
 Ein Problem mit dieser E-Mail melden
 Bei Fragen besuchen Sie: Seller Central
 Zum Ändern Ihrer E-Mail-Einstellungen, gehen Sie zu: Benachrichtigungseinstellungen
 Wir hoffen, diese Nachricht ist hilfreich für Sie. Falls Sie allerdings in Zukunft keine E-Mails dieser Art von Amazon.de erhalten möchten, melden Sie sich bitte ab.
 Copyright 2026 Amazon Inc. oder Tochtergesellschaften. Alle Rechte vorbehalten.
 Amazon EU S.à r.l.
38 avenue John F. Kennedy,
L-1855 Luxemburg,
Handelsregisternummer Luxemburg: B-101818,
 Gesellschaftskapital: 165.833 EUR,
Gewerbelizenznummer: 13",2026-08-17 13:38:22,RETR,xtbBswrMsmp1KypvoAAA3W
法务/侵权类,older,account_4,weihaizhongxin2024@126.com,"Fri, 7 Aug 2026 00:44:09 +0000",Amazon Seller Central <donotreply@amazon.com>,Your Amazon.es Factura Logística de Amazon for 7/2026,,"Your Amazon.es Factura Logística de Amazon for 7/2026
 96
Hola, Shenzhen shi weihaizhongxin ke ji you xian gong si:
Te escribimos para comunicarte que tu Factura Logística de Amazon del mes de 7/2026 ya está disponible en tu cuenta de Seller Central.
Para acceder a la factura, ve a Seller Central > Informes > Biblioteca de documentos fiscales > Facturas de tarifas aplicables al vendedor.
Allí podrás ver, descargar o imprimir tu factura.
Para consultas, contacta con atención al vendedor.
Atentamente,
Amazon.es
 Informar de un problema con este correo electrónico
 Si tienes alguna pregunta, visita: Seller Central
 Para cambiar sus preferencias de correo electrónico visitan: Preferencias de Notificación
 Esperamos que este mensaje te haya parecido útil. Sin embargo, si prefieres no recibir correos electrónicos de Amazon.es de este tipo en el futuro, haz clic aquí.
 Copyright 2026 Amazon.com.mx, Inc. o sus afiliados. Todos los derechos reservados.
 Amazon EU S.à r.l.
38 avenue John F. Kennedy,
L-1855 Luxemburgo,
Número de Registro en Luxemburgo: No. B-101818,
Capital Social 165.833 EUR,
Número de licencia de actividad: 134248,
Nº de Registro IVA en Luxemburgo: LU 20260743.
 SPC-EUAmazo",2026-08-17 13:38:22,RETR,xtbBsxyZf2p1KlxqFgAA3c
法务/侵权类,older,account_4,weihaizhongxin2024@126.com,"Fri, 7 Aug 2026 00:41:25 +0000",Amazon Seller Central <donotreply@amazon.com>,Your Amazon.de Rechnung Verkäufer for 7/2026,,"Your Amazon.de Rechnung Verkäufer for 7/2026
 96
Guten Tag Shenzhen shi weihaizhongxin ke ji you xian gong si!
Wir möchten Sie darüber informieren, dass Ihr elektronisches Dokument Rechnung Verkäufer für 7.2026 ab sofort in Ihrem Seller Central-Konto verfügbar ist.
Navigieren Sie in Ihrem Seller Central-Konto zu Berichte > Steuerdokumente > Rechnungen über Verkaufsgebühren, um auf Ihr Dokument (Rechnung) zuzugreifen.
In Ihrem Seller Central-Konto können Sie Ihr Dokument (Rechnung) anzeigen, herunterladen oder ausdrucken.
Wenden Sie sich bei weiteren Fragen bitte an die Verkäuferhilfe.
Freundliche Grüße,
Amazon.de
 Ein Problem mit dieser E-Mail melden
 Bei Fragen besuchen Sie: Seller Central
 Zum Ändern Ihrer E-Mail-Einstellungen, gehen Sie zu: Benachrichtigungseinstellungen
 Wir hoffen, diese Nachricht ist hilfreich für Sie. Falls Sie allerdings in Zukunft keine E-Mails dieser Art von Amazon.de erhalten möchten, melden Sie sich bitte ab.
 Copyright 2026 Amazon Inc. oder Tochtergesellschaften. Alle Rechte vorbehalten.
 Amazon EU S.à r.l.
38 avenue John F. Kennedy,
L-1855 Luxemburg,
Handelsregisternummer Luxemburg: B-101818,
 Gesellschaftskapital: 165.833 EUR,
Gewerbelizenznummer: 13",2026-08-17 13:38:21,RETR,xtbBsxdvVWp1KbdloAAA3a
法务/侵权类,older,account_4,weihaizhongxin2024@126.com,"Fri, 7 Aug 2026 00:29:05 +0000",Amazon Seller Central <donotreply@amazon.com>,Your Amazon.nl Factuur Fulfilled by Amazon for 7/2026,,"Your Amazon.nl Factuur Fulfilled by Amazon for 7/2026
 96
Beste Shenzhen shi weihaizhongxin ke ji you xian gong si,
We sturen je dit bericht om je te laten weten dat je elektronische Factuur Fulfilled by Amazon voor de maand 7 2026 nu beschikbaar is in je Seller Central-account.
Als je toegang wilt krijgen tot je factuur, ga je naar je Seller Central-account > Overzichten > Bibliotheek met belastingdocumenten > Belastingfacturen voor kosten verkoper.
In je Seller Central-account kun je je factuur bekijken, downloaden of afdrukken.
Als je nog vragen hebt, kun je contact opnemen met de Ondersteuning voor verkopers.
Met vriendelijke groeten,
Amazon.nl
 Rapporteer een probleem met deze e-mail
 Als je vragen hebt, ga je naar: Seller Central
 Om je e-mailvoorkeuren te wijzigen, ga je naar: Voorkeuren voor meldingen
 We hopen dat je iets aan dit bericht hebt gehad. Als je in de toekomst echter liever niet meer van dit soort e-mails van Amazon.com wilt ontvangen, kun je je afmelden hier.
 Auteursrecht (copyright) 2026 Amazon, Inc. of haar dochterondernemingen. Alle rechten voorbehouden.
 Amazon Services Europe S.à r.l.
38 avenue John F. Kennedy
L-1855 Luxemburg
Geregistreerd in Luxemburg
R",2026-08-17 13:38:21,RETR,xtbBpRO1m2p1JtN-fgAA3z
法务/侵权类,older,account_4,weihaizhongxin2024@126.com,"Fri, 7 Aug 2026 00:23:09 +0000",Amazon Seller Central <donotreply@amazon.com>,Your Amazon.co.uk Merchant Invoice for 7/2026,,"Your Amazon.co.uk Merchant Invoice for 7/2026
 96
Hello,
We are writing to inform you that your electronic Merchant Invoice for the month of 7/2026 is now available in your Seller Central Account.
To access your invoice, go to your Tax Document Library . In your Tax Document Library, you will be able to view, download or print your invoice.
The Amazon Services Team
 Report an issue with this email
 If you have any questions visit: Seller Central
 To change your email preferences visit: Notification Preferences
 We hope you found this message to be useful. However, if you'd rather not receive future e-mails of this sort from Amazon.com, please opt-out here.
 Copyright 2026 Amazon, Inc, or its affiliates. All rights reserved.
 Amazon.com, 410 Terry Avenue North, Seattle, WA 98109-5210
 SPC-EUAmazon-1653667170414074",2026-08-17 13:38:20,RETR,xtbBsg9cQmp1JW+IDgAA3w
法务/侵权类,older,account_4,weihaizhongxin2024@126.com,"Fri, 7 Aug 2026 00:20:16 +0000",Amazon Seller Central <donotreply@amazon.com>,Your Amazon.se Faktura Fraktas Av Amazon for 7/2026,,"Your Amazon.se Faktura Fraktas Av Amazon for 7/2026
 96
Hej Shenzhen shi weihaizhongxin ke ji you xian gong si!
Vi skriver för att informera dig om att din elektroniska Faktura Fraktas Av Amazon för månaden 7/2026 nu finns tillgänglig på ditt Seller Central-konto.
För att komma åt ditt fakturagår du till ditt Seller Central-konto > Rapporter > Bibliotek för skattedokument > Skattefakturor för säljaravgifter.
På ditt Seller Central-konto kan du se, ladda ner eller skriva ut ditt faktura.
Om du har några frågor, kontakta säljarsupport.
Vänliga hälsningar,
Amazon.se
 Rapportera ett problem med detta e-post
 Om du har några frågor besök: Seller Central
 För att ändra dina e-postinställningar, besök: Inställningar för meddelanden
 Vi hoppas att du tyckte att det här meddelandet var användbart. Om du föredrar att inte få framtida e-postmeddelanden av detta slag från Amazon.com, välj bort det här.
 Upphovsrätt 2026 Amazon, Inc, eller dess dotterbolag. Alla rättigheter förbehållna.
 Amazon EU S.à r.l.
38 avenue John F. Kennedy
L-1855 Luxemburg
Registrerat i Luxemburg No. B-101818
Aktiekapital 165 833 EUR
Företagets registreringsnummer: 134248
Momsregistrering för Luxemburg LU 20260743.
 SP",2026-08-17 13:38:20,RETR,xtbBpQQyGGp1JMRyCAAA3O
法务/侵权类,older,account_4,weihaizhongxin2024@126.com,"Fri, 7 Aug 2026 00:14:31 +0000",Amazon Seller Central <donotreply@amazon.com>,Your Amazon.ie Fulfillment by Amazon Merchant Invoice for 7/2026,,"Your Amazon.ie Fulfillment by Amazon Merchant Invoice for 7/2026
 96
Hello,
We are writing to inform you that your electronic Fulfillment by Amazon Merchant Invoice for the month of 7/2026 is now available in your Seller Central Account.
To access your invoice, go to your Tax Document Library . In your Tax Document Library, you will be able to view, download or print your invoice.
The Amazon Services Team
 Report an issue with this email
 If you have any questions visit: Seller Central
 To change your email preferences visit: Notification Preferences
 We hope you found this message to be useful. However, if you'd rather not receive future e-mails of this sort from Amazon.com, please opt-out here.
 Copyright 2026 Amazon, Inc, or its affiliates. All rights reserved.
 Amazon.com, 410 Terry Avenue North, Seattle, WA 98109-5210
 SPC-EUAmazon-2111064004448438",2026-08-17 13:38:20,RETR,xtbBswvawGp1I2s4SwAA3G
法务/侵权类,older,account_4,weihaizhongxin2024@126.com,"Fri, 7 Aug 2026 00:05:41 +0000",Amazon Seller Central <donotreply@amazon.com>,Your Amazon.de Rechnung Verkäufer for 7/2026,,"Your Amazon.de Rechnung Verkäufer for 7/2026
 96
Guten Tag Shenzhen shi weihaizhongxin ke ji you xian gong si!
Wir möchten Sie darüber informieren, dass Ihr elektronisches Dokument Rechnung Verkäufer für 7.2026 ab sofort in Ihrem Seller Central-Konto verfügbar ist.
Navigieren Sie in Ihrem Seller Central-Konto zu Berichte > Steuerdokumente > Rechnungen über Verkaufsgebühren, um auf Ihr Dokument (Rechnung) zuzugreifen.
In Ihrem Seller Central-Konto können Sie Ihr Dokument (Rechnung) anzeigen, herunterladen oder ausdrucken.
Wenden Sie sich bei weiteren Fragen bitte an die Verkäuferhilfe.
Freundliche Grüße,
Amazon.de
 Ein Problem mit dieser E-Mail melden
 Bei Fragen besuchen Sie: Seller Central
 Zum Ändern Ihrer E-Mail-Einstellungen, gehen Sie zu: Benachrichtigungseinstellungen
 Wir hoffen, diese Nachricht ist hilfreich für Sie. Falls Sie allerdings in Zukunft keine E-Mails dieser Art von Amazon.de erhalten möchten, melden Sie sich bitte ab.
 Copyright 2026 Amazon Inc. oder Tochtergesellschaften. Alle Rechte vorbehalten.
 Amazon EU S.à r.l.
38 avenue John F. Kennedy,
L-1855 Luxemburg,
Handelsregisternummer Luxemburg: B-101818,
 Gesellschaftskapital: 165.833 EUR,
Gewerbelizenznummer: 13",2026-08-17 13:38:19,RETR,xtbBsxhWPGp1IVgoYAAA3v
法务/侵权类,older,account_4,weihaizhongxin2024@126.com,"Thu, 6 Aug 2026 23:55:50 +0000",Amazon Seller Central <donotreply@amazon.com>,Your Amazon.se Faktura Fraktas Av Amazon for 7/2026,,"Your Amazon.se Faktura Fraktas Av Amazon for 7/2026
 96
Hej Shenzhen shi weihaizhongxin ke ji you xian gong si!
Vi skriver för att informera dig om att din elektroniska Faktura Fraktas Av Amazon för månaden 7/2026 nu finns tillgänglig på ditt Seller Central-konto.
För att komma åt ditt fakturagår du till ditt Seller Central-konto > Rapporter > Bibliotek för skattedokument > Skattefakturor för säljaravgifter.
På ditt Seller Central-konto kan du se, ladda ner eller skriva ut ditt faktura.
Om du har några frågor, kontakta säljarsupport.
Vänliga hälsningar,
Amazon.se
 Rapportera ett problem med detta e-post
 Om du har några frågor besök: Seller Central
 För att ändra dina e-postinställningar, besök: Inställningar för meddelanden
 Vi hoppas att du tyckte att det här meddelandet var användbart. Om du föredrar att inte få framtida e-postmeddelanden av detta slag från Amazon.com, välj bort det här.
 Upphovsrätt 2026 Amazon, Inc, eller dess dotterbolag. Alla rättigheter förbehållna.
 Amazon EU S.à r.l.
38 avenue John F. Kennedy
L-1855 Luxemburg
Registrerat i Luxemburg No. B-101818
Aktiekapital 165 833 EUR
Företagets registreringsnummer: 134248
Momsregistrering för Luxemburg LU 20260743.
 SP",2026-08-17 13:38:19,RETR,xtbBsgrBp2p1HwpWaAAA3q
法务/侵权类,older,account_4,weihaizhongxin2024@126.com,"Thu, 6 Aug 2026 23:48:52 +0000",Amazon Seller Central <donotreply@amazon.com>,Your Amazon.es Factura Vendedor for 7/2026,,"Your Amazon.es Factura Vendedor for 7/2026
 96
Hola, Shenzhen shi weihaizhongxin ke ji you xian gong si:
Te escribimos para comunicarte que tu Factura Vendedor del mes de 7/2026 ya está disponible en tu cuenta de Seller Central.
Para acceder a la factura, ve a Seller Central > Informes > Biblioteca de documentos fiscales > Facturas de tarifas aplicables al vendedor.
Allí podrás ver, descargar o imprimir tu factura.
Para consultas, contacta con atención al vendedor.
Atentamente,
Amazon.es
 Informar de un problema con este correo electrónico
 Si tienes alguna pregunta, visita: Seller Central
 Para cambiar sus preferencias de correo electrónico visitan: Preferencias de Notificación
 Esperamos que este mensaje te haya parecido útil. Sin embargo, si prefieres no recibir correos electrónicos de Amazon.es de este tipo en el futuro, haz clic aquí.
 Copyright 2026 Amazon.com.mx, Inc. o sus afiliados. Todos los derechos reservados.
 Amazon EU S.à r.l.
38 avenue John F. Kennedy,
L-1855 Luxemburgo,
Número de Registro en Luxemburgo: No. B-101818,
Capital Social 165.833 EUR,
Número de licencia de actividad: 134248,
Nº de Registro IVA en Luxemburgo: LU 20260743.
 SPC-EUAmazon-1090717215949583",2026-08-17 13:38:18,RETR,xtbBsgdYPmp1HWdOYgAA3a
法务/侵权类,older,account_4,weihaizhongxin2024@126.com,"Thu, 6 Aug 2026 23:42:14 +0000",Amazon Seller Central <donotreply@amazon.com>,Your Amazon.de Rechnung Versand durch Amazon for 7/2026,,"Your Amazon.de Rechnung Versand durch Amazon for 7/2026
 96
Guten Tag Shenzhen shi weihaizhongxin ke ji you xian gong si!
Wir möchten Sie darüber informieren, dass Ihr elektronisches Dokument Rechnung Versand durch Amazon für 7.2026 ab sofort in Ihrem Seller Central-Konto verfügbar ist.
Navigieren Sie in Ihrem Seller Central-Konto zu Berichte > Steuerdokumente > Rechnungen über Verkaufsgebühren, um auf Ihr Dokument (Rechnung) zuzugreifen.
In Ihrem Seller Central-Konto können Sie Ihr Dokument (Rechnung) anzeigen, herunterladen oder ausdrucken.
Wenden Sie sich bei weiteren Fragen bitte an die Verkäuferhilfe.
Freundliche Grüße,
Amazon.de
 Ein Problem mit dieser E-Mail melden
 Bei Fragen besuchen Sie: Seller Central
 Zum Ändern Ihrer E-Mail-Einstellungen, gehen Sie zu: Benachrichtigungseinstellungen
 Wir hoffen, diese Nachricht ist hilfreich für Sie. Falls Sie allerdings in Zukunft keine E-Mails dieser Art von Amazon.de erhalten möchten, melden Sie sich bitte ab.
 Copyright 2026 Amazon Inc. oder Tochtergesellschaften. Alle Rechte vorbehalten.
 Amazon EU S.à r.l.
38 avenue John F. Kennedy,
L-1855 Luxemburg,
Handelsregisternummer Luxemburg: B-101818,
 Gesellschaftskapital: 165.833 EUR,
G",2026-08-17 13:38:18,RETR,xtbBshfz2Wp1G9dHrgAA31
法务/侵权类,older,account_4,weihaizhongxin2024@126.com,"Thu, 6 Aug 2026 23:29:48 +0000",Amazon Seller Central <donotreply@amazon.com>,Your Amazon.de Rechnung Versand durch Amazon for 7/2026,,"Your Amazon.de Rechnung Versand durch Amazon for 7/2026
 96
Guten Tag Shenzhen shi weihaizhongxin ke ji you xian gong si!
Wir möchten Sie darüber informieren, dass Ihr elektronisches Dokument Rechnung Versand durch Amazon für 7.2026 ab sofort in Ihrem Seller Central-Konto verfügbar ist.
Navigieren Sie in Ihrem Seller Central-Konto zu Berichte > Steuerdokumente > Rechnungen über Verkaufsgebühren, um auf Ihr Dokument (Rechnung) zuzugreifen.
In Ihrem Seller Central-Konto können Sie Ihr Dokument (Rechnung) anzeigen, herunterladen oder ausdrucken.
Wenden Sie sich bei weiteren Fragen bitte an die Verkäuferhilfe.
Freundliche Grüße,
Amazon.de
 Ein Problem mit dieser E-Mail melden
 Bei Fragen besuchen Sie: Seller Central
 Zum Ändern Ihrer E-Mail-Einstellungen, gehen Sie zu: Benachrichtigungseinstellungen
 Wir hoffen, diese Nachricht ist hilfreich für Sie. Falls Sie allerdings in Zukunft keine E-Mails dieser Art von Amazon.de erhalten möchten, melden Sie sich bitte ab.
 Copyright 2026 Amazon Inc. oder Tochtergesellschaften. Alle Rechte vorbehalten.
 Amazon EU S.à r.l.
38 avenue John F. Kennedy,
L-1855 Luxemburg,
Handelsregisternummer Luxemburg: B-101818,
 Gesellschaftskapital: 165.833 EUR,
G",2026-08-17 13:38:18,RETR,xtbBsg45H2p1GO45JwAA3t
法务/侵权类,older,account_4,weihaizhongxin2024@126.com,"Thu, 6 Aug 2026 23:26:38 +0000",Amazon Seller Central <donotreply@amazon.com>,Your Amazon.de Rechnung Versand durch Amazon for 7/2026,,"Your Amazon.de Rechnung Versand durch Amazon for 7/2026
 96
Guten Tag Shenzhen shi weihaizhongxin ke ji you xian gong si!
Wir möchten Sie darüber informieren, dass Ihr elektronisches Dokument Rechnung Versand durch Amazon für 7.2026 ab sofort in Ihrem Seller Central-Konto verfügbar ist.
Navigieren Sie in Ihrem Seller Central-Konto zu Berichte > Steuerdokumente > Rechnungen über Verkaufsgebühren, um auf Ihr Dokument (Rechnung) zuzugreifen.
In Ihrem Seller Central-Konto können Sie Ihr Dokument (Rechnung) anzeigen, herunterladen oder ausdrucken.
Wenden Sie sich bei weiteren Fragen bitte an die Verkäuferhilfe.
Freundliche Grüße,
Amazon.de
 Ein Problem mit dieser E-Mail melden
 Bei Fragen besuchen Sie: Seller Central
 Zum Ändern Ihrer E-Mail-Einstellungen, gehen Sie zu: Benachrichtigungseinstellungen
 Wir hoffen, diese Nachricht ist hilfreich für Sie. Falls Sie allerdings in Zukunft keine E-Mails dieser Art von Amazon.de erhalten möchten, melden Sie sich bitte ab.
 Copyright 2026 Amazon Inc. oder Tochtergesellschaften. Alle Rechte vorbehalten.
 Amazon EU S.à r.l.
38 avenue John F. Kennedy,
L-1855 Luxemburg,
Handelsregisternummer Luxemburg: B-101818,
 Gesellschaftskapital: 165.833 EUR,
G",2026-08-17 13:38:17,RETR,xtbBshEK72p1GDE1eQAA38
法务/侵权类,older,account_4,weihaizhongxin2024@126.com,"Thu, 6 Aug 2026 23:22:55 +0000",Amazon Seller Central <donotreply@amazon.com>,Your Amazon.es Factura Logística de Amazon for 7/2026,,"Your Amazon.es Factura Logística de Amazon for 7/2026
 96
Hola, Shenzhen shi weihaizhongxin ke ji you xian gong si:
Te escribimos para comunicarte que tu Factura Logística de Amazon del mes de 7/2026 ya está disponible en tu cuenta de Seller Central.
Para acceder a la factura, ve a Seller Central > Informes > Biblioteca de documentos fiscales > Facturas de tarifas aplicables al vendedor.
Allí podrás ver, descargar o imprimir tu factura.
Para consultas, contacta con atención al vendedor.
Atentamente,
Amazon.es
 Informar de un problema con este correo electrónico
 Si tienes alguna pregunta, visita: Seller Central
 Para cambiar sus preferencias de correo electrónico visitan: Preferencias de Notificación
 Esperamos que este mensaje te haya parecido útil. Sin embargo, si prefieres no recibir correos electrónicos de Amazon.es de este tipo en el futuro, haz clic aquí.
 Copyright 2026 Amazon.com.mx, Inc. o sus afiliados. Todos los derechos reservados.
 Amazon EU S.à r.l.
38 avenue John F. Kennedy,
L-1855 Luxemburgo,
Número de Registro en Luxemburgo: No. B-101818,
Capital Social 165.833 EUR,
Número de licencia de actividad: 134248,
Nº de Registro IVA en Luxemburgo: LU 20260743.
 SPC-EUAmazo",2026-08-17 13:38:17,RETR,xtbBpBLRt2p1F1IhlgAA39
法务/侵权类,older,account_4,weihaizhongxin2024@126.com,"Thu, 6 Aug 2026 23:03:51 +0000",Amazon Seller Central <donotreply@amazon.com>,Your Amazon.pl Faktura Realizacja przez Amazon for 7/2026,,"Your Amazon.pl Faktura Realizacja przez Amazon for 7/2026
 96
Cześć Shenzhen shi weihaizhongxin ke ji you xian gong si,
Pragniemy poinformować, że ten elektroniczny dokument jest już dostępny na Twoim koncie Seller Central: Faktura Realizacja przez Amazon za miesiąc 7 i rok 2026.
Aby uzyskać dostęp do tego dokumentu typu faktura, przejdź na konto Seller Central > Raporty > Dokumenty podatkowe > Faktury podatkowe z tytułu opłat od sprzedawcy.
Na koncie Seller Central możesz wyświetlić, pobrać i wydrukować taki dokument (faktura).
Jeśli masz jakieś pytania, skontaktuj się z działem pomocy dla sprzedawców.
Pozdrawiamy,
Amazon.pl
 Zgłoś problem z tym e-mailem
 Jeśli masz pytania, odwiedź stronę: Seller Central
 Aby zmienić preferencje poczty e-mail, odwiedź: Preferencje powiadomień
 Mamy nadzieję, że ta wiadomość jest pomocna. Jeśli jednak wolisz nie otrzymywać przyszłych wiadomości e-mail tego typu z witryny Amazon.com, zrezygnuj z tej opcji tutaj.
 Prawa autorskie 2026 Amazon, Inc. lub jej podmioty stowarzyszone. Wszelkie prawa zastrzeżone.
 Amazon EU S.a.r.l.
38 avenue John F. Kennedy
L-1855 Luksemburg,
spółka zarejestrowana w Luksemburgu pod nr. B-101818,
kapitał zakładowy: 165,833",2026-08-17 13:38:17,RETR,xtbBsxuymGp1EtvdHAAA3V
法务/侵权类,older,account_4,weihaizhongxin2024@126.com,"Thu, 6 Aug 2026 22:59:34 +0000",Amazon Seller Central <donotreply@amazon.com>,Your Amazon.com.be Factuur Fulfilled by Amazon for 7/2026,,"Your Amazon.com.be Factuur Fulfilled by Amazon for 7/2026
 96
Beste Shenzhen shi weihaizhongxin ke ji you xian gong si,
We sturen je dit bericht om je te laten weten dat je elektronische Factuur Fulfilled by Amazon voor de maand 7 2026 nu beschikbaar is in je Seller Central-account.
Als je toegang wilt krijgen tot je factuur, ga je naar je Seller Central-account > Overzichten > Bibliotheek met belastingdocumenten > Belastingfacturen voor kosten verkoper.
In je Seller Central-account kun je je factuur bekijken, downloaden of afdrukken.
Als je nog vragen hebt, kun je contact opnemen met de Ondersteuning voor verkopers.
Met vriendelijke groeten,
Amazon.com.be
 Monsieur/Madame Shenzhen shi weihaizhongxin ke ji you xian gong si,
Nous vous écrivons pour vous informer que votre Facture Expédié Par Amazon pour le mois de 7/2026 est maintenant disponible dans votre compte Seller Central.
Pour accéder à votre facture, rendez-vous sur votre compte Seller Central et veuillez accéder à la page Rapports > Bibliothèque d'informations fiscales > Factures des frais du vendeur.
Dans votre compte Seller Central, vous pourrez afficher, télécharger ou imprimer votre facture.
Pour toute question, contac",2026-08-17 13:38:16,RETR,xtbBshlyWGp1EdkYnQAA3T
法务/侵权类,older,account_4,weihaizhongxin2024@126.com,"Thu, 6 Aug 2026 22:55:50 +0000",Amazon Seller Central <donotreply@amazon.com>,Your Amazon.nl Factuur Fulfilled by Amazon for 7/2026,,"Your Amazon.nl Factuur Fulfilled by Amazon for 7/2026
 96
Beste Shenzhen shi weihaizhongxin ke ji you xian gong si,
We sturen je dit bericht om je te laten weten dat je elektronische Factuur Fulfilled by Amazon voor de maand 7 2026 nu beschikbaar is in je Seller Central-account.
Als je toegang wilt krijgen tot je factuur, ga je naar je Seller Central-account > Overzichten > Bibliotheek met belastingdocumenten > Belastingfacturen voor kosten verkoper.
In je Seller Central-account kun je je factuur bekijken, downloaden of afdrukken.
Als je nog vragen hebt, kun je contact opnemen met de Ondersteuning voor verkopers.
Met vriendelijke groeten,
Amazon.nl
 Rapporteer een probleem met deze e-mail
 Als je vragen hebt, ga je naar: Seller Central
 Om je e-mailvoorkeuren te wijzigen, ga je naar: Voorkeuren voor meldingen
 We hopen dat je iets aan dit bericht hebt gehad. Als je in de toekomst echter liever niet meer van dit soort e-mails van Amazon.com wilt ontvangen, kun je je afmelden hier.
 Auteursrecht (copyright) 2026 Amazon, Inc. of haar dochterondernemingen. Alle rechten voorbehouden.
 Amazon Services Europe S.à r.l.
38 avenue John F. Kennedy
L-1855 Luxemburg
Geregistreerd in Luxemburg
R",2026-08-17 13:38:16,RETR,xtbBpRg6IGp1EPgD0wAA3A
法务/侵权类,older,account_4,weihaizhongxin2024@126.com,"Thu, 6 Aug 2026 22:41:34 +0000",Amazon Seller Central <donotreply@amazon.com>,Your Amazon.de Rechnung Versand durch Amazon for 7/2026,,"Your Amazon.de Rechnung Versand durch Amazon for 7/2026
 96
Guten Tag Shenzhen shi weihaizhongxin ke ji you xian gong si!
Wir möchten Sie darüber informieren, dass Ihr elektronisches Dokument Rechnung Versand durch Amazon für 7.2026 ab sofort in Ihrem Seller Central-Konto verfügbar ist.
Navigieren Sie in Ihrem Seller Central-Konto zu Berichte > Steuerdokumente > Rechnungen über Verkaufsgebühren, um auf Ihr Dokument (Rechnung) zuzugreifen.
In Ihrem Seller Central-Konto können Sie Ihr Dokument (Rechnung) anzeigen, herunterladen oder ausdrucken.
Wenden Sie sich bei weiteren Fragen bitte an die Verkäuferhilfe.
Freundliche Grüße,
Amazon.de
 Ein Problem mit dieser E-Mail melden
 Bei Fragen besuchen Sie: Seller Central
 Zum Ändern Ihrer E-Mail-Einstellungen, gehen Sie zu: Benachrichtigungseinstellungen
 Wir hoffen, diese Nachricht ist hilfreich für Sie. Falls Sie allerdings in Zukunft keine E-Mails dieser Art von Amazon.de erhalten möchten, melden Sie sich bitte ab.
 Copyright 2026 Amazon Inc. oder Tochtergesellschaften. Alle Rechte vorbehalten.
 Amazon EU S.à r.l.
38 avenue John F. Kennedy,
L-1855 Luxemburg,
Handelsregisternummer Luxemburg: B-101818,
 Gesellschaftskapital: 165.833 EUR,
G",2026-08-17 13:38:15,RETR,xtbBsgFjSWp1DaHUHAAA3i
法务/侵权类,older,account_4,weihaizhongxin2024@126.com,"Thu, 6 Aug 2026 22:37:53 +0000",Amazon Seller Central <donotreply@amazon.com>,Your Amazon.nl Factuur Fulfilled by Amazon for 7/2026,,"Your Amazon.nl Factuur Fulfilled by Amazon for 7/2026
 96
Beste Shenzhen shi weihaizhongxin ke ji you xian gong si,
We sturen je dit bericht om je te laten weten dat je elektronische Factuur Fulfilled by Amazon voor de maand 7 2026 nu beschikbaar is in je Seller Central-account.
Als je toegang wilt krijgen tot je factuur, ga je naar je Seller Central-account > Overzichten > Bibliotheek met belastingdocumenten > Belastingfacturen voor kosten verkoper.
In je Seller Central-account kun je je factuur bekijken, downloaden of afdrukken.
Als je nog vragen hebt, kun je contact opnemen met de Ondersteuning voor verkopers.
Met vriendelijke groeten,
Amazon.nl
 Rapporteer een probleem met deze e-mail
 Als je vragen hebt, ga je naar: Seller Central
 Om je e-mailvoorkeuren te wijzigen, ga je naar: Voorkeuren voor meldingen
 We hopen dat je iets aan dit bericht hebt gehad. Als je in de toekomst echter liever niet meer van dit soort e-mails van Amazon.com wilt ontvangen, kun je je afmelden hier.
 Auteursrecht (copyright) 2026 Amazon, Inc. of haar dochterondernemingen. Alle rechten voorbehouden.
 Amazon Services Europe S.à r.l.
38 avenue John F. Kennedy
L-1855 Luxemburg
Geregistreerd in Luxemburg
R",2026-08-17 13:38:14,RETR,xtbBsgUsEmp1DMXPVwAA3H
法务/侵权类,older,account_4,weihaizhongxin2024@126.com,"Thu, 6 Aug 2026 22:22:58 +0000",Amazon Seller Central <donotreply@amazon.com>,Your Amazon.co.uk Fulfillment by Amazon Merchant Invoice for 7/2026,,"Your Amazon.co.uk Fulfillment by Amazon Merchant Invoice for 7/2026
 96
Hello,
We are writing to inform you that your electronic Fulfillment by Amazon Merchant Invoice for the month of 7/2026 is now available in your Seller Central Account.
To access your invoice, go to your Tax Document Library . In your Tax Document Library, you will be able to view, download or print your invoice.
The Amazon Services Team
 Report an issue with this email
 If you have any questions visit: Seller Central
 To change your email preferences visit: Notification Preferences
 We hope you found this message to be useful. However, if you'd rather not receive future e-mails of this sort from Amazon.com, please opt-out here.
 Copyright 2026 Amazon, Inc, or its affiliates. All rights reserved.
 Amazon.com, 410 Terry Avenue North, Seattle, WA 98109-5210
 SPC-EUAmazon-1583298424764621",2026-08-17 13:38:14,RETR,xtbBpQVLMWp1CUWz7wAA3V
法务/侵权类,older,account_4,weihaizhongxin2024@126.com,"Thu, 6 Aug 2026 22:21:25 +0000",Amazon Seller Central <donotreply@amazon.com>,Your Amazon.de Rechnung Versand durch Amazon for 7/2026,,"Your Amazon.de Rechnung Versand durch Amazon for 7/2026
 96
Guten Tag Shenzhen shi weihaizhongxin ke ji you xian gong si!
Wir möchten Sie darüber informieren, dass Ihr elektronisches Dokument Rechnung Versand durch Amazon für 7.2026 ab sofort in Ihrem Seller Central-Konto verfügbar ist.
Navigieren Sie in Ihrem Seller Central-Konto zu Berichte > Steuerdokumente > Rechnungen über Verkaufsgebühren, um auf Ihr Dokument (Rechnung) zuzugreifen.
In Ihrem Seller Central-Konto können Sie Ihr Dokument (Rechnung) anzeigen, herunterladen oder ausdrucken.
Wenden Sie sich bei weiteren Fragen bitte an die Verkäuferhilfe.
Freundliche Grüße,
Amazon.de
 Ein Problem mit dieser E-Mail melden
 Bei Fragen besuchen Sie: Seller Central
 Zum Ändern Ihrer E-Mail-Einstellungen, gehen Sie zu: Benachrichtigungseinstellungen
 Wir hoffen, diese Nachricht ist hilfreich für Sie. Falls Sie allerdings in Zukunft keine E-Mails dieser Art von Amazon.de erhalten möchten, melden Sie sich bitte ab.
 Copyright 2026 Amazon Inc. oder Tochtergesellschaften. Alle Rechte vorbehalten.
 Amazon EU S.à r.l.
38 avenue John F. Kennedy,
L-1855 Luxemburg,
Handelsregisternummer Luxemburg: B-101818,
 Gesellschaftskapital: 165.833 EUR,
G",2026-08-17 13:38:14,RETR,xtbBpAg0Gmp1COgxbQAA3h
法务/侵权类,older,account_4,weihaizhongxin2024@126.com,"Thu, 6 Aug 2026 22:11:14 +0000",Amazon Seller Central <donotreply@amazon.com>,Your Amazon.se Faktura Säljare for 7/2026,,"Your Amazon.se Faktura Säljare for 7/2026
 96
Hej Shenzhen shi weihaizhongxin ke ji you xian gong si!
Vi skriver för att informera dig om att din elektroniska Faktura Säljare för månaden 7/2026 nu finns tillgänglig på ditt Seller Central-konto.
För att komma åt ditt fakturagår du till ditt Seller Central-konto > Rapporter > Bibliotek för skattedokument > Skattefakturor för säljaravgifter.
På ditt Seller Central-konto kan du se, ladda ner eller skriva ut ditt faktura.
Om du har några frågor, kontakta säljarsupport.
Vänliga hälsningar,
Amazon.se
 Rapportera ett problem med detta e-post
 Om du har några frågor besök: Seller Central
 För att ändra dina e-postinställningar, besök: Inställningar för meddelanden
 Vi hoppas att du tyckte att det här meddelandet var användbart. Om du föredrar att inte få framtida e-postmeddelanden av detta slag från Amazon.com, välj bort det här.
 Upphovsrätt 2026 Amazon, Inc, eller dess dotterbolag. Alla rättigheter förbehållna.
 Amazon EU S.à r.l.
38 avenue John F. Kennedy
L-1855 Luxemburg
Registrerat i Luxemburg No. B-101818
Aktiekapital 165 833 EUR
Företagets registreringsnummer: 134248
Momsregistrering för Luxemburg LU 20260743.
 SPC-EUAmazon-123145470",2026-08-17 13:38:13,RETR,xtbBswOZf2p1BoOORQAA3H
法务/侵权类,older,account_4,weihaizhongxin2024@126.com,"Thu, 6 Aug 2026 22:06:58 +0000",Amazon Seller Central <donotreply@amazon.com>,Your Amazon.de Rechnung Versand durch Amazon for 7/2026,,"Your Amazon.de Rechnung Versand durch Amazon for 7/2026
 96
Guten Tag Shenzhen shi weihaizhongxin ke ji you xian gong si!
Wir möchten Sie darüber informieren, dass Ihr elektronisches Dokument Rechnung Versand durch Amazon für 7.2026 ab sofort in Ihrem Seller Central-Konto verfügbar ist.
Navigieren Sie in Ihrem Seller Central-Konto zu Berichte > Steuerdokumente > Rechnungen über Verkaufsgebühren, um auf Ihr Dokument (Rechnung) zuzugreifen.
In Ihrem Seller Central-Konto können Sie Ihr Dokument (Rechnung) anzeigen, herunterladen oder ausdrucken.
Wenden Sie sich bei weiteren Fragen bitte an die Verkäuferhilfe.
Freundliche Grüße,
Amazon.de
 Ein Problem mit dieser E-Mail melden
 Bei Fragen besuchen Sie: Seller Central
 Zum Ändern Ihrer E-Mail-Einstellungen, gehen Sie zu: Benachrichtigungseinstellungen
 Wir hoffen, diese Nachricht ist hilfreich für Sie. Falls Sie allerdings in Zukunft keine E-Mails dieser Art von Amazon.de erhalten möchten, melden Sie sich bitte ab.
 Copyright 2026 Amazon Inc. oder Tochtergesellschaften. Alle Rechte vorbehalten.
 Amazon EU S.à r.l.
38 avenue John F. Kennedy,
L-1855 Luxemburg,
Handelsregisternummer Luxemburg: B-101818,
 Gesellschaftskapital: 165.833 EUR,
G",2026-08-17 13:38:13,RETR,xtbBsgZaQGp1BYacoQAA3P
法务/侵权类,older,account_4,weihaizhongxin2024@126.com,"Thu, 6 Aug 2026 22:04:25 +0000",Amazon Seller Central <donotreply@amazon.com>,Your Amazon.de Rechnung Versand durch Amazon for 7/2026,,"Your Amazon.de Rechnung Versand durch Amazon for 7/2026
 96
Guten Tag Shenzhen shi weihaizhongxin ke ji you xian gong si!
Wir möchten Sie darüber informieren, dass Ihr elektronisches Dokument Rechnung Versand durch Amazon für 7.2026 ab sofort in Ihrem Seller Central-Konto verfügbar ist.
Navigieren Sie in Ihrem Seller Central-Konto zu Berichte > Steuerdokumente > Rechnungen über Verkaufsgebühren, um auf Ihr Dokument (Rechnung) zuzugreifen.
In Ihrem Seller Central-Konto können Sie Ihr Dokument (Rechnung) anzeigen, herunterladen oder ausdrucken.
Wenden Sie sich bei weiteren Fragen bitte an die Verkäuferhilfe.
Freundliche Grüße,
Amazon.de
 Ein Problem mit dieser E-Mail melden
 Bei Fragen besuchen Sie: Seller Central
 Zum Ändern Ihrer E-Mail-Einstellungen, gehen Sie zu: Benachrichtigungseinstellungen
 Wir hoffen, diese Nachricht ist hilfreich für Sie. Falls Sie allerdings in Zukunft keine E-Mails dieser Art von Amazon.de erhalten möchten, melden Sie sich bitte ab.
 Copyright 2026 Amazon Inc. oder Tochtergesellschaften. Alle Rechte vorbehalten.
 Amazon EU S.à r.l.
38 avenue John F. Kennedy,
L-1855 Luxemburg,
Handelsregisternummer Luxemburg: B-101818,
 Gesellschaftskapital: 165.833 EUR,
G",2026-08-17 13:38:13,RETR,xtbBpQ00Gmp1BO2R8wAA3S
法务/侵权类,older,account_4,weihaizhongxin2024@126.com,"Thu, 6 Aug 2026 22:03:54 +0000",Amazon Seller Central <donotreply@amazon.com>,Your Amazon.es Factura Logística de Amazon for 7/2026,,"Your Amazon.es Factura Logística de Amazon for 7/2026
 96
Hola, Shenzhen shi weihaizhongxin ke ji you xian gong si:
Te escribimos para comunicarte que tu Factura Logística de Amazon del mes de 7/2026 ya está disponible en tu cuenta de Seller Central.
Para acceder a la factura, ve a Seller Central > Informes > Biblioteca de documentos fiscales > Facturas de tarifas aplicables al vendedor.
Allí podrás ver, descargar o imprimir tu factura.
Para consultas, contacta con atención al vendedor.
Atentamente,
Amazon.es
 Informar de un problema con este correo electrónico
 Si tienes alguna pregunta, visita: Seller Central
 Para cambiar sus preferencias de correo electrónico visitan: Preferencias de Notificación
 Esperamos que este mensaje te haya parecido útil. Sin embargo, si prefieres no recibir correos electrónicos de Amazon.es de este tipo en el futuro, haz clic aquí.
 Copyright 2026 Amazon.com.mx, Inc. o sus afiliados. Todos los derechos reservados.
 Amazon EU S.à r.l.
38 avenue John F. Kennedy,
L-1855 Luxemburgo,
Número de Registro en Luxemburgo: No. B-101818,
Capital Social 165.833 EUR,
Número de licencia de actividad: 134248,
Nº de Registro IVA en Luxemburgo: LU 20260743.
 SPC-EUAmazo",2026-08-17 13:38:12,RETR,xtbBpQ4sEmp1BM6QogAA3y
法务/侵权类,older,account_4,weihaizhongxin2024@126.com,"Thu, 6 Aug 2026 21:54:25 +0000",Amazon Seller Central <donotreply@amazon.com>,Your Amazon.se Faktura Säljare for 7/2026,,"Your Amazon.se Faktura Säljare for 7/2026
 96
Hej Shenzhen shi weihaizhongxin ke ji you xian gong si!
Vi skriver för att informera dig om att din elektroniska Faktura Säljare för månaden 7/2026 nu finns tillgänglig på ditt Seller Central-konto.
För att komma åt ditt fakturagår du till ditt Seller Central-konto > Rapporter > Bibliotek för skattedokument > Skattefakturor för säljaravgifter.
På ditt Seller Central-konto kan du se, ladda ner eller skriva ut ditt faktura.
Om du har några frågor, kontakta säljarsupport.
Vänliga hälsningar,
Amazon.se
 Rapportera ett problem med detta e-post
 Om du har några frågor besök: Seller Central
 För att ändra dina e-postinställningar, besök: Inställningar för meddelanden
 Vi hoppas att du tyckte att det här meddelandet var användbart. Om du föredrar att inte få framtida e-postmeddelanden av detta slag från Amazon.com, välj bort det här.
 Upphovsrätt 2026 Amazon, Inc, eller dess dotterbolag. Alla rättigheter förbehållna.
 Amazon EU S.à r.l.
38 avenue John F. Kennedy
L-1855 Luxemburg
Registrerat i Luxemburg No. B-101818
Aktiekapital 165 833 EUR
Företagets registreringsnummer: 134248
Momsregistrering för Luxemburg LU 20260743.
 SPC-EUAmazon-791650053",2026-08-17 13:38:12,RETR,xtbBpROcgmp1ApN-1AAA3N
法务/侵权类,older,account_4,weihaizhongxin2024@126.com,"Thu, 6 Aug 2026 21:47:37 +0000",Amazon Seller Central <donotreply@amazon.com>,Your Amazon.nl Factuur Fulfilled by Amazon for 7/2026,,"Your Amazon.nl Factuur Fulfilled by Amazon for 7/2026
 96
Beste Shenzhen shi weihaizhongxin ke ji you xian gong si,
We sturen je dit bericht om je te laten weten dat je elektronische Factuur Fulfilled by Amazon voor de maand 7 2026 nu beschikbaar is in je Seller Central-account.
Als je toegang wilt krijgen tot je factuur, ga je naar je Seller Central-account > Overzichten > Bibliotheek met belastingdocumenten > Belastingfacturen voor kosten verkoper.
In je Seller Central-account kun je je factuur bekijken, downloaden of afdrukken.
Als je nog vragen hebt, kun je contact opnemen met de Ondersteuning voor verkopers.
Met vriendelijke groeten,
Amazon.nl
 Rapporteer een probleem met deze e-mail
 Als je vragen hebt, ga je naar: Seller Central
 Om je e-mailvoorkeuren te wijzigen, ga je naar: Voorkeuren voor meldingen
 We hopen dat je iets aan dit bericht hebt gehad. Als je in de toekomst echter liever niet meer van dit soort e-mails van Amazon.com wilt ontvangen, kun je je afmelden hier.
 Auteursrecht (copyright) 2026 Amazon, Inc. of haar dochterondernemingen. Alle rechten voorbehouden.
 Amazon Services Europe S.à r.l.
38 avenue John F. Kennedy
L-1855 Luxemburg
Geregistreerd in Luxemburg
R",2026-08-17 13:38:12,RETR,xtbBpRs2HGp1APt2MAAA32
法务/侵权类,older,account_4,weihaizhongxin2024@126.com,"Thu, 6 Aug 2026 21:38:59 +0000",Amazon Seller Central <donotreply@amazon.com>,Your Amazon.co.uk Merchant Invoice for 7/2026,,"Your Amazon.co.uk Merchant Invoice for 7/2026
 96
Hello,
We are writing to inform you that your electronic Merchant Invoice for the month of 7/2026 is now available in your Seller Central Account.
To access your invoice, go to your Tax Document Library . In your Tax Document Library, you will be able to view, download or print your invoice.
The Amazon Services Team
 Report an issue with this email
 If you have any questions visit: Seller Central
 To change your email preferences visit: Notification Preferences
 We hope you found this message to be useful. However, if you'd rather not receive future e-mails of this sort from Amazon.com, please opt-out here.
 Copyright 2026 Amazon, Inc, or its affiliates. All rights reserved.
 Amazon.com, 410 Terry Avenue North, Seattle, WA 98109-5210
 SPC-EUAmazon-1249046889259836",2026-08-17 13:38:12,RETR,xtbBpBW0mmp0-vXo1wAA31
法务/侵权类,older,account_4,weihaizhongxin2024@126.com,"Thu, 6 Aug 2026 21:29:22 +0000",Amazon Seller Central <donotreply@amazon.com>,Your Amazon.nl Factuur Verkoper for 7/2026,,"Your Amazon.nl Factuur Verkoper for 7/2026
 96
Beste Shenzhen shi weihaizhongxin ke ji you xian gong si,
We sturen je dit bericht om je te laten weten dat je elektronische Factuur Verkoper voor de maand 7 2026 nu beschikbaar is in je Seller Central-account.
Als je toegang wilt krijgen tot je factuur, ga je naar je Seller Central-account > Overzichten > Bibliotheek met belastingdocumenten > Belastingfacturen voor kosten verkoper.
In je Seller Central-account kun je je factuur bekijken, downloaden of afdrukken.
Als je nog vragen hebt, kun je contact opnemen met de Ondersteuning voor verkopers.
Met vriendelijke groeten,
Amazon.nl
 Rapporteer een probleem met deze e-mail
 Als je vragen hebt, ga je naar: Seller Central
 Om je e-mailvoorkeuren te wijzigen, ga je naar: Voorkeuren voor meldingen
 We hopen dat je iets aan dit bericht hebt gehad. Als je in de toekomst echter liever niet meer van dit soort e-mails van Amazon.com wilt ontvangen, kun je je afmelden hier.
 Auteursrecht (copyright) 2026 Amazon, Inc. of haar dochterondernemingen. Alle rechten voorbehouden.
 Amazon Services Europe S.à r.l.
38 avenue John F. Kennedy
L-1855 Luxemburg
Geregistreerd in Luxemburg
RCS Luxemburg Nr: B-938",2026-08-17 13:38:11,RETR,xtbBsxUkCmp0-LVHFQAA3N
法务/侵权类,older,account_4,weihaizhongxin2024@126.com,"Thu, 6 Aug 2026 21:12:05 +0000",Amazon Seller Central <donotreply@amazon.com>,Your Amazon.com.be Factuur Fulfilled by Amazon for 7/2026,,"Your Amazon.com.be Factuur Fulfilled by Amazon for 7/2026
 96
Beste Shenzhen shi weihaizhongxin ke ji you xian gong si,
We sturen je dit bericht om je te laten weten dat je elektronische Factuur Fulfilled by Amazon voor de maand 7 2026 nu beschikbaar is in je Seller Central-account.
Als je toegang wilt krijgen tot je factuur, ga je naar je Seller Central-account > Overzichten > Bibliotheek met belastingdocumenten > Belastingfacturen voor kosten verkoper.
In je Seller Central-account kun je je factuur bekijken, downloaden of afdrukken.
Als je nog vragen hebt, kun je contact opnemen met de Ondersteuning voor verkopers.
Met vriendelijke groeten,
Amazon.com.be
 Monsieur/Madame Shenzhen shi weihaizhongxin ke ji you xian gong si,
Nous vous écrivons pour vous informer que votre Facture Expédié Par Amazon pour le mois de 7/2026 est maintenant disponible dans votre compte Seller Central.
Pour accéder à votre facture, rendez-vous sur votre compte Seller Central et veuillez accéder à la page Rapports > Bibliothèque d'informations fiscales > Factures des frais du vendeur.
Dans votre compte Seller Central, vous pourrez afficher, télécharger ou imprimer votre facture.
Pour toute question, contac",2026-08-17 13:38:11,RETR,xtbBswggBmp0+KgpwgAA34
法务/侵权类,older,account_4,weihaizhongxin2024@126.com,"Thu, 6 Aug 2026 20:48:48 +0000",Amazon Seller Central <donotreply@amazon.com>,Your Amazon.pl Faktura Sprzedawcy for 7/2026,,"Your Amazon.pl Faktura Sprzedawcy for 7/2026
 96
Cześć Shenzhen shi weihaizhongxin ke ji you xian gong si,
Pragniemy poinformować, że ten elektroniczny dokument jest już dostępny na Twoim koncie Seller Central: Faktura Sprzedawcy za miesiąc 7 i rok 2026.
Aby uzyskać dostęp do tego dokumentu typu faktura, przejdź na konto Seller Central > Raporty > Dokumenty podatkowe > Faktury podatkowe z tytułu opłat od sprzedawcy.
Na koncie Seller Central możesz wyświetlić, pobrać i wydrukować taki dokument (faktura).
Jeśli masz jakieś pytania, skontaktuj się z działem pomocy dla sprzedawców.
Pozdrawiamy,
Amazon.pl
 Zgłoś problem z tym e-mailem
 Jeśli masz pytania, odwiedź stronę: Seller Central
 Aby zmienić preferencje poczty e-mail, odwiedź: Preferencje powiadomień
 Mamy nadzieję, że ta wiadomość jest pomocna. Jeśli jednak wolisz nie otrzymywać przyszłych wiadomości e-mail tego typu z witryny Amazon.com, zrezygnuj z tej opcji tutaj.
 Prawa autorskie 2026 Amazon, Inc. lub jej podmioty stowarzyszone. Wszelkie prawa zastrzeżone.
 Amazon EU S.a.r.l.
38 avenue John F. Kennedy
L-1855 Luksemburg,
spółka zarejestrowana w Luksemburgu pod nr. B-101818,
kapitał zakładowy: 165,833 EUR,
numer zezwolenia na ",2026-08-17 13:38:11,RETR,xtbBshPApmp08zMb8gAA3w
法务/侵权类,older,account_4,weihaizhongxin2024@126.com,"Thu, 6 Aug 2026 20:17:41 +0000",Amazon Seller Central <donotreply@amazon.com>,Your Amazon.se Faktura Fraktas Av Amazon for 7/2026,,"Your Amazon.se Faktura Fraktas Av Amazon for 7/2026
 96
Hej Shenzhen shi weihaizhongxin ke ji you xian gong si!
Vi skriver för att informera dig om att din elektroniska Faktura Fraktas Av Amazon för månaden 7/2026 nu finns tillgänglig på ditt Seller Central-konto.
För att komma åt ditt fakturagår du till ditt Seller Central-konto > Rapporter > Bibliotek för skattedokument > Skattefakturor för säljaravgifter.
På ditt Seller Central-konto kan du se, ladda ner eller skriva ut ditt faktura.
Om du har några frågor, kontakta säljarsupport.
Vänliga hälsningar,
Amazon.se
 Rapportera ett problem med detta e-post
 Om du har några frågor besök: Seller Central
 För att ändra dina e-postinställningar, besök: Inställningar för meddelanden
 Vi hoppas att du tyckte att det här meddelandet var användbart. Om du föredrar att inte få framtida e-postmeddelanden av detta slag från Amazon.com, välj bort det här.
 Upphovsrätt 2026 Amazon, Inc, eller dess dotterbolag. Alla rättigheter förbehållna.
 Amazon EU S.à r.l.
38 avenue John F. Kennedy
L-1855 Luxemburg
Registrerat i Luxemburg No. B-101818
Aktiekapital 165 833 EUR
Företagets registreringsnummer: 134248
Momsregistrering för Luxemburg LU 20260743.
 SP",2026-08-17 13:38:11,RETR,xtbBpQjs0mp06+jlIQAA3K
法务/侵权类,older,account_4,weihaizhongxin2024@126.com,"Thu, 6 Aug 2026 20:06:31 +0000",Amazon Seller Central <donotreply@amazon.com>,Your Amazon.de Rechnung Versand durch Amazon for 7/2026,,"Your Amazon.de Rechnung Versand durch Amazon for 7/2026
 96
Guten Tag Shenzhen shi weihaizhongxin ke ji you xian gong si!
Wir möchten Sie darüber informieren, dass Ihr elektronisches Dokument Rechnung Versand durch Amazon für 7.2026 ab sofort in Ihrem Seller Central-Konto verfügbar ist.
Navigieren Sie in Ihrem Seller Central-Konto zu Berichte > Steuerdokumente > Rechnungen über Verkaufsgebühren, um auf Ihr Dokument (Rechnung) zuzugreifen.
In Ihrem Seller Central-Konto können Sie Ihr Dokument (Rechnung) anzeigen, herunterladen oder ausdrucken.
Wenden Sie sich bei weiteren Fragen bitte an die Verkäuferhilfe.
Freundliche Grüße,
Amazon.de
 Ein Problem mit dieser E-Mail melden
 Bei Fragen besuchen Sie: Seller Central
 Zum Ändern Ihrer E-Mail-Einstellungen, gehen Sie zu: Benachrichtigungseinstellungen
 Wir hoffen, diese Nachricht ist hilfreich für Sie. Falls Sie allerdings in Zukunft keine E-Mails dieser Art von Amazon.de erhalten möchten, melden Sie sich bitte ab.
 Copyright 2026 Amazon Inc. oder Tochtergesellschaften. Alle Rechte vorbehalten.
 Amazon EU S.à r.l.
38 avenue John F. Kennedy,
L-1855 Luxemburg,
Handelsregisternummer Luxemburg: B-101818,
 Gesellschaftskapital: 165.833 EUR,
G",2026-08-17 13:38:10,RETR,xtbBpQlEKmp06UnOwgAA3w
法务/侵权类,older,account_4,weihaizhongxin2024@126.com,"Thu, 6 Aug 2026 19:28:35 +0000",Amazon Seller Central <donotreply@amazon.com>,Your Amazon.ie Merchant Invoice for 7/2026,,"Your Amazon.ie Merchant Invoice for 7/2026
 96
Hello,
We are writing to inform you that your electronic Merchant Invoice for the month of 7/2026 is now available in your Seller Central Account.
To access your invoice, go to your Tax Document Library . In your Tax Document Library, you will be able to view, download or print your invoice.
The Amazon Services Team
 Report an issue with this email
 If you have any questions visit: Seller Central
 To change your email preferences visit: Notification Preferences
 We hope you found this message to be useful. However, if you'd rather not receive future e-mails of this sort from Amazon.com, please opt-out here.
 Copyright 2026 Amazon, Inc, or its affiliates. All rights reserved.
 Amazon.com, 410 Terry Avenue North, Seattle, WA 98109-5210
 SPC-EUAmazon-668504748077771",2026-08-17 13:38:10,RETR,xtbBpAYJ7mp04GYQZQAA3o
法务/侵权类,older,account_4,weihaizhongxin2024@126.com,"Thu, 6 Aug 2026 19:23:33 +0000",Amazon Seller Central <donotreply@amazon.com>,Your Amazon.de Rechnung Versand durch Amazon for 7/2026,,"Your Amazon.de Rechnung Versand durch Amazon for 7/2026
 96
Guten Tag Shenzhen shi weihaizhongxin ke ji you xian gong si!
Wir möchten Sie darüber informieren, dass Ihr elektronisches Dokument Rechnung Versand durch Amazon für 7.2026 ab sofort in Ihrem Seller Central-Konto verfügbar ist.
Navigieren Sie in Ihrem Seller Central-Konto zu Berichte > Steuerdokumente > Rechnungen über Verkaufsgebühren, um auf Ihr Dokument (Rechnung) zuzugreifen.
In Ihrem Seller Central-Konto können Sie Ihr Dokument (Rechnung) anzeigen, herunterladen oder ausdrucken.
Wenden Sie sich bei weiteren Fragen bitte an die Verkäuferhilfe.
Freundliche Grüße,
Amazon.de
 Ein Problem mit dieser E-Mail melden
 Bei Fragen besuchen Sie: Seller Central
 Zum Ändern Ihrer E-Mail-Einstellungen, gehen Sie zu: Benachrichtigungseinstellungen
 Wir hoffen, diese Nachricht ist hilfreich für Sie. Falls Sie allerdings in Zukunft keine E-Mails dieser Art von Amazon.de erhalten möchten, melden Sie sich bitte ab.
 Copyright 2026 Amazon Inc. oder Tochtergesellschaften. Alle Rechte vorbehalten.
 Amazon EU S.à r.l.
38 avenue John F. Kennedy,
L-1855 Luxemburg,
Handelsregisternummer Luxemburg: B-101818,
 Gesellschaftskapital: 165.833 EUR,
G",2026-08-17 13:38:09,RETR,xtbBsxi9o2p03zh8AwAA3z
法务/侵权类,older,account_4,weihaizhongxin2024@126.com,"Thu, 6 Aug 2026 19:12:53 +0000",Amazon Seller Central <donotreply@amazon.com>,Your Amazon.es Factura Logística de Amazon for 7/2026,,"Your Amazon.es Factura Logística de Amazon for 7/2026
 96
Hola, Shenzhen shi weihaizhongxin ke ji you xian gong si:
Te escribimos para comunicarte que tu Factura Logística de Amazon del mes de 7/2026 ya está disponible en tu cuenta de Seller Central.
Para acceder a la factura, ve a Seller Central > Informes > Biblioteca de documentos fiscales > Facturas de tarifas aplicables al vendedor.
Allí podrás ver, descargar o imprimir tu factura.
Para consultas, contacta con atención al vendedor.
Atentamente,
Amazon.es
 Informar de un problema con este correo electrónico
 Si tienes alguna pregunta, visita: Seller Central
 Para cambiar sus preferencias de correo electrónico visitan: Preferencias de Notificación
 Esperamos que este mensaje te haya parecido útil. Sin embargo, si prefieres no recibir correos electrónicos de Amazon.es de este tipo en el futuro, haz clic aquí.
 Copyright 2026 Amazon.com.mx, Inc. o sus afiliados. Todos los derechos reservados.
 Amazon EU S.à r.l.
38 avenue John F. Kennedy,
L-1855 Luxemburgo,
Número de Registro en Luxemburgo: No. B-101818,
Capital Social 165.833 EUR,
Número de licencia de actividad: 134248,
Nº de Registro IVA en Luxemburgo: LU 20260743.
 SPC-EUAmazo",2026-08-17 13:38:09,RETR,xtbBpRgdA2p03Lh7SgAA3o
法务/侵权类,older,account_4,weihaizhongxin2024@126.com,"Thu, 6 Aug 2026 18:53:35 +0000",Amazon Seller Central <donotreply@amazon.com>,Your Amazon.nl Factuur Verkoper for 7/2026,,"Your Amazon.nl Factuur Verkoper for 7/2026
 96
Beste Shenzhen shi weihaizhongxin ke ji you xian gong si,
We sturen je dit bericht om je te laten weten dat je elektronische Factuur Verkoper voor de maand 7 2026 nu beschikbaar is in je Seller Central-account.
Als je toegang wilt krijgen tot je factuur, ga je naar je Seller Central-account > Overzichten > Bibliotheek met belastingdocumenten > Belastingfacturen voor kosten verkoper.
In je Seller Central-account kun je je factuur bekijken, downloaden of afdrukken.
Als je nog vragen hebt, kun je contact opnemen met de Ondersteuning voor verkopers.
Met vriendelijke groeten,
Amazon.nl
 Rapporteer een probleem met deze e-mail
 Als je vragen hebt, ga je naar: Seller Central
 Om je e-mailvoorkeuren te wijzigen, ga je naar: Voorkeuren voor meldingen
 We hopen dat je iets aan dit bericht hebt gehad. Als je in de toekomst echter liever niet meer van dit soort e-mails van Amazon.com wilt ontvangen, kun je je afmelden hier.
 Auteursrecht (copyright) 2026 Amazon, Inc. of haar dochterondernemingen. Alle rechten voorbehouden.
 Amazon Services Europe S.à r.l.
38 avenue John F. Kennedy
L-1855 Luxemburg
Geregistreerd in Luxemburg
RCS Luxemburg Nr: B-938",2026-08-17 13:38:08,RETR,xtbBpBP532p02DPdkQAA3o
法务/侵权类,older,account_4,weihaizhongxin2024@126.com,"Thu, 6 Aug 2026 18:41:30 +0000",Amazon Seller Central <donotreply@amazon.com>,Your Amazon.co.uk Fulfillment by Amazon Merchant Invoice for 7/2026,,"Your Amazon.co.uk Fulfillment by Amazon Merchant Invoice for 7/2026
 96
Hello,
We are writing to inform you that your electronic Fulfillment by Amazon Merchant Invoice for the month of 7/2026 is now available in your Seller Central Account.
To access your invoice, go to your Tax Document Library . In your Tax Document Library, you will be able to view, download or print your invoice.
The Amazon Services Team
 Report an issue with this email
 If you have any questions visit: Seller Central
 To change your email preferences visit: Notification Preferences
 We hope you found this message to be useful. However, if you'd rather not receive future e-mails of this sort from Amazon.com, please opt-out here.
 Copyright 2026 Amazon, Inc, or its affiliates. All rights reserved.
 Amazon.com, 410 Terry Avenue North, Seattle, WA 98109-5210
 SPC-EUAmazon-1495337494867443",2026-08-17 13:38:08,RETR,xtbBsxxEKmp01Vw+xAAA3s
法务/侵权类,older,account_4,weihaizhongxin2024@126.com,"Thu, 6 Aug 2026 18:32:51 +0000",Amazon Seller Central <donotreply@amazon.com>,Your Amazon.com.be Factuur Fulfilled by Amazon for 7/2026,,"Your Amazon.com.be Factuur Fulfilled by Amazon for 7/2026
 96
Beste Shenzhen shi weihaizhongxin ke ji you xian gong si,
We sturen je dit bericht om je te laten weten dat je elektronische Factuur Fulfilled by Amazon voor de maand 7 2026 nu beschikbaar is in je Seller Central-account.
Als je toegang wilt krijgen tot je factuur, ga je naar je Seller Central-account > Overzichten > Bibliotheek met belastingdocumenten > Belastingfacturen voor kosten verkoper.
In je Seller Central-account kun je je factuur bekijken, downloaden of afdrukken.
Als je nog vragen hebt, kun je contact opnemen met de Ondersteuning voor verkopers.
Met vriendelijke groeten,
Amazon.com.be
 Monsieur/Madame Shenzhen shi weihaizhongxin ke ji you xian gong si,
Nous vous écrivons pour vous informer que votre Facture Expédié Par Amazon pour le mois de 7/2026 est maintenant disponible dans votre compte Seller Central.
Pour accéder à votre facture, rendez-vous sur votre compte Seller Central et veuillez accéder à la page Rapports > Bibliothèque d'informations fiscales > Factures des frais du vendeur.
Dans votre compte Seller Central, vous pourrez afficher, télécharger ou imprimer votre facture.
Pour toute question, contac",2026-08-17 13:38:08,RETR,xtbBshbBp2p001ZGwAAA3f
法务/侵权类,older,account_4,weihaizhongxin2024@126.com,"Thu, 6 Aug 2026 18:19:52 +0000",Amazon Services <donotreply@amazon.com>,"Invia la documentazione sulla sicurezza del prodotto per evitare la
 disattivazione dell'offerta",,"96
 Gentile Weihai EU,
 Alcune delle tue offerte sono a rischio di disattivazione perché i relativi prodotti non soddisfano i requisiti obbligatori sulla conformità. Rivedi i dettagli e i passi successivi riportati di seguito. Puoi visualizzare le offerte interessate in fondo a questa e-mail.
 Ciò a cosa è dovuto?
 Abbiamo intrapreso questo provvedimento in quanto i tuoi prodotti non dispongono delle informazioni obbligatorie sulla conformità. Consulta la pagina di aiuto Sicurezza e conformità dei prodotti per informazioni sulle leggi, le normative e le politiche di Amazon applicabili.
 La tabella alla fine di questa e-mail contiene i requisiti di conformità specifici per i prodotti.
 Come faccio a riattivare le mie offerte?
 Per fornire le informazioni di conformità richieste, vai alla pagina Stato dell'account per individuare le richieste di conformità dei prodotti:
-
 Se disponi della documentazione richiesta, segui le istruzioni per inviare i documenti di conformità.
-
 Se ritieni che i tuoi prodotti siano esenti da questi requisiti, invia la documentazione che dimostra il motivo per cui non sono soggetti a questi requisiti di conformità.
 Per istruzioni dettagliate, consulta l",2026-08-17 13:38:07,RETR,xtbBswr942p00EoccAAA3P
法务/侵权类,older,account_4,weihaizhongxin2024@126.com,"Thu, 6 Aug 2026 18:19:26 +0000",Amazon Services <donotreply@amazon.com>,Przesyłanie dokumentacji dotyczącej bezpieczeństwa produktu w celu niedopuszczenia do dezaktywacji oferty,,"96
 Dzień dobry Weihai EU,
 niektóre z Twoich ofert są zagrożone dezaktywacją z powodu niespełnienia obowiązków dotyczących zgodności wystawianych przez Ciebie produktów z wymogami. Poniżej znajdziesz szczegółowe informacje oraz dalsze instrukcje. Oferty produktów, których dotyczy problem, wskazano na końcu niniejszej wiadomości e-mail.
 Dlaczego tak się stało?
 Podjęliśmy to działanie, ponieważ w przypadku tych produktów nie dostarczono obowiązkowych informacji dotyczących zgodności z wymogami. Więcej informacji na temat mających zastosowanie przepisów ustawowych i wykonawczych oraz zasad Amazon znajdziesz na stronie Bezpieczeństwo i zgodność produktu z wymogami .
 Informacje na temat wymogów dotyczących zgodności dla poszczególnych produktów znajdziesz w tabeli na końcu tej wiadomości e-mail.
 Jak mogę ponownie aktywować oferty?
 Aby dostarczyć niezbędne informacje dotyczące zgodności z wymogami, przejdź do panelu Kondycja konta i znajdź żądania dotyczące zgodności produktu z wymogami:
-
 Jeśli dysponujesz wymaganymi dokumentami zgodności, postępuj zgodnie z instrukcjami, aby je przesłać.
-
 Jeśli uważasz, że Twoje produkty są zwolnione z wymogów dotyczących zgodności, prześlij d",2026-08-17 13:38:07,RETR,xtbBpRL33Wp00DIqDAAA3H
法务/侵权类,older,account_4,weihaizhongxin2024@126.com,"Thu, 6 Aug 2026 18:19:11 +0000",Amazon Services <donotreply@amazon.com>,Skicka in produktsäkerhetsdokumentation för att undvika att produktposterna inaktiveras,,"96
 Hej Weihai EU!
 Vissa av dina produktposter riskerar att inaktiveras på grund av att det saknas obligatorisk information om överensstämmelse för produkterna. Granska informationen och följande steg nedan. De berörda produktposterna visas i slutet av det här e-postmeddelandet.
 Varför händer det här?
 Vi vidtar den här åtgärden eftersom det saknas obligatorisk information om överensstämmelse för de här produkterna. Läs vår hjälpsida för Produktsäkerhet och -överensstämmelse för information om tillämpliga lagar, förordningar och Amazons policyer.
 Tabellen i slutet av detta e-postmeddelande innehåller produktspecifika krav för överensstämmelse.
 Hur återaktiverar jag mina produktposter?
 Om du vill tillhandahålla den begärda överensstämmelseinformationen går du till sidan Kontostatus och letar upp begäranden om produktöverensstämmelse:
-
 Om du har den obligatoriska dokumentationen ska du skicka in dina överensstämmelsedokument enligt instruktionerna.
-
 Om du tror att dina produkter är undantagna från dessa krav skickar du in dokumentation som visar varför de inte omfattas av dessa överensstämmelsekrav.
 Du hittar stegvisa instruktioner på vår hjälpsida om Skicka in intyg om öve",2026-08-17 13:38:07,RETR,xtbBswDz2Wp00CAbbAAA3A
法务/侵权类,older,account_4,weihaizhongxin2024@126.com,"Thu, 6 Aug 2026 18:11:19 +0000",Amazon Services <donotreply@amazon.com>,"Dien productveiligheidsdocumentatie in om de deactivering van de
 productvermelding te voorkomen",,"96
 Hallo Weihai EU,
 Enkele van je productvermeldingen lopen het risico op deactivering omdat er verplichte nalevingsvereisten voor je producten ontbreken. Bekijk de gegevens en de stappen hieronder. De betreffende productvermeldingen worden aan het einde van deze e-mail weergegeven.
 Waarom gebeurt dit?
 We hebben deze actie ondernomen omdat voor deze producten verplichte nalevingsinformatie ontbreekt. Raadpleeg onze hulp-pagina Productveiligheid en -conformiteit voor informatie over de toepasselijke wet- en regelgeving en het Amazon-beleid.
 De tabel aan het einde van deze e-mail bevat productspecifieke nalevingsvereisten.
 Hoe activeer ik mijn productvermeldingen opnieuw?
 Als je de vereiste nalevingsgegevens wilt verstrekken, ga je naar de pagina Accountstatus en zoek je de aanvragen voor productconformiteit:
-
 Als je over de vereiste documentatie beschikt, volg je de instructies om je nalevingsdocumenten in te dienen.
-
 Als je van mening bent dat je producten zijn vrijgesteld van deze vereisten, dien dan documentatie in waaruit blijkt wat de reden is dat ze niet aan deze nalevingsvereisten zijn onderworpen.
 Raadpleeg voor stapsgewijze instructies onze hulp-pagina Documente",2026-08-17 13:38:06,RETR,xtbBsgl9Y2p0zkkiawAA31
法务/侵权类,older,account_4,weihaizhongxin2024@126.com,"Thu, 6 Aug 2026 18:05:50 +0000",Amazon Seller Central <donotreply@amazon.com>,Your Amazon.nl Factuur Fulfilled by Amazon for 7/2026,,"Your Amazon.nl Factuur Fulfilled by Amazon for 7/2026
 96
Beste Shenzhen shi weihaizhongxin ke ji you xian gong si,
We sturen je dit bericht om je te laten weten dat je elektronische Factuur Fulfilled by Amazon voor de maand 7 2026 nu beschikbaar is in je Seller Central-account.
Als je toegang wilt krijgen tot je factuur, ga je naar je Seller Central-account > Overzichten > Bibliotheek met belastingdocumenten > Belastingfacturen voor kosten verkoper.
In je Seller Central-account kun je je factuur bekijken, downloaden of afdrukken.
Als je nog vragen hebt, kun je contact opnemen met de Ondersteuning voor verkopers.
Met vriendelijke groeten,
Amazon.nl
 Rapporteer een probleem met deze e-mail
 Als je vragen hebt, ga je naar: Seller Central
 Om je e-mailvoorkeuren te wijzigen, ga je naar: Voorkeuren voor meldingen
 We hopen dat je iets aan dit bericht hebt gehad. Als je in de toekomst echter liever niet meer van dit soort e-mails van Amazon.com wilt ontvangen, kun je je afmelden hier.
 Auteursrecht (copyright) 2026 Amazon, Inc. of haar dochterondernemingen. Alle rechten voorbehouden.
 Amazon Services Europe S.à r.l.
38 avenue John F. Kennedy
L-1855 Luxemburg
Geregistreerd in Luxemburg
R",2026-08-17 13:38:06,RETR,xtbBsgArEWp0zQAY3gAA3d
法务/侵权类,older,account_4,weihaizhongxin2024@126.com,"Thu, 6 Aug 2026 18:01:58 +0000",Amazon Services <donotreply@amazon.com>,Presenta la documentación sobre seguridad del producto para evitar la desactivación de los listings,,"96
 Hola, Weihai EU:
 Algunos de tus listings están en riesgo de desactivación debido a que tus productos no cumplen los requisitos obligatorios. Revisa a continuación los detalles y siguientes pasos. Los listings afectados aparecen al final de este correo electrónico.
 ¿A qué se debe esto?
 Tomamos esta medida porque a estos productos les falta información de cumplimiento normativo obligatoria. Para más información sobre las leyes, normativas y políticas de Amazon aplicables, consulta Cumplimiento y seguridad de los productos .
 En la tabla que aparece al final de este correo electrónico se proporcionan los requisitos de cumplimiento normativo específicos del producto.
 ¿Cómo puedo reactivar mis listings?
 Para proporcionar la información de cumplimiento normativo obligatoria, ve a la página Estado de la cuenta y localiza las solicitudes de cumplimiento normativo del producto:
-
 Si dispones de la documentación obligatoria, sigue las instrucciones para presentar los documentos de cumplimiento normativo.
-
 Si crees que tus productos están exentos de estos requisitos, presenta documentación que demuestre por qué no están sujetos a estos requisitos de cumplimiento normativo.
 Para v",2026-08-17 13:38:06,RETR,xtbBpRrw1mp0zBoKtgAA3t
法务/侵权类,older,account_4,weihaizhongxin2024@126.com,"Thu, 6 Aug 2026 17:51:18 +0000",Amazon Services <donotreply@amazon.com>,Soumettre la documentation de sécurité des produits pour éviter la désactivation des mises en vente,,"96
 Bonjour Weihai EU,
 Certaines de vos mises en vente risquent d’être désactivées, car vos produits ne respectent pas les exigences de conformité obligatoires. Consultez les détails et les étapes suivantes ci-dessous. Les produits mis en vente concernés figurent à la fin de cet e-mail.
 Pourquoi cela se produit-il ?
 Nous prenons cette mesure, car ces produits ne présentent pas les informations de conformité obligatoires. Consultez notre page d’aide Sécurité et conformité des produits pour obtenir des informations sur les lois, réglementations et politiques Amazon applicables.
 Le tableau situé à la fin de cet e-mail présente les exigences de conformité spécifiques aux produits.
 Comment réactiver mes produits mis en vente ?
 Pour fournir les informations de conformité requises, accédez à la page État du compte et localisez les demandes de conformité des produits :
-
 Si vous disposez des documents requis, suivez les instructions pour soumettre vos documents de conformité.
-
 Si vous pensez que vos produits sont exemptés de ces exigences, soumettez des pièces justificatives prouvant les raisons pour lesquelles ils ne sont pas soumis à ces exigences de conformité.
 Pour des instru",2026-08-17 13:38:06,RETR,xtbBshhQNmp0yZgDEgAA3S
法务/侵权类,older,account_4,weihaizhongxin2024@126.com,"Thu, 6 Aug 2026 17:34:44 +0000",Amazon Seller Central <donotreply@amazon.com>,Your Amazon.co.uk AGL Merchant Self-Billing Invoice for 7/2026,,"Your Amazon.co.uk AGL Merchant Self-Billing Invoice for 7/2026
 96
Hello,
We are writing to inform you that your electronic AGL Merchant Self-Billing Invoice for the month of 7/2026 is now available in your Seller Central Account.
To access your invoice, go to your Tax Document Library . In your Tax Document Library, you will be able to view, download or print your invoice.
The Amazon Services Team
 Report an issue with this email
 If you have any questions visit: Seller Central
 To change your email preferences visit: Notification Preferences
 We hope you found this message to be useful. However, if you'd rather not receive future e-mails of this sort from Amazon.com, please opt-out here.
 Copyright 2026 Amazon, Inc, or its affiliates. All rights reserved.
 Amazon.com, 410 Terry Avenue North, Seattle, WA 98109-5210
 SPC-EUAmazon-1759220283268036",2026-08-17 13:38:05,RETR,xtbBpBZWPGp0xbZcygAA3j
法务/侵权类,older,account_4,weihaizhongxin2024@126.com,"Thu, 6 Aug 2026 17:18:21 +0000",Amazon Seller Central <donotreply@amazon.com>,Your Amazon.de Selbstfakturierung AGL for 7/2026,,"Your Amazon.de Selbstfakturierung AGL for 7/2026
 96
Guten Tag Shenzhen shi weihaizhongxin ke ji you xian gong si!
Wir möchten Sie darüber informieren, dass Ihr elektronisches Dokument Selbstfakturierung AGL für 7.2026 ab sofort in Ihrem Seller Central-Konto verfügbar ist.
Navigieren Sie in Ihrem Seller Central-Konto zu Berichte > Steuerdokumente > Rechnungen über Verkaufsgebühren, um auf Ihr Dokument (Rechnung) zuzugreifen.
In Ihrem Seller Central-Konto können Sie Ihr Dokument (Rechnung) anzeigen, herunterladen oder ausdrucken.
Wenden Sie sich bei weiteren Fragen bitte an die Verkäuferhilfe.
Freundliche Grüße,
Amazon.de
 Ein Problem mit dieser E-Mail melden
 Bei Fragen besuchen Sie: Seller Central
 Zum Ändern Ihrer E-Mail-Einstellungen, gehen Sie zu: Benachrichtigungseinstellungen
 Wir hoffen, diese Nachricht ist hilfreich für Sie. Falls Sie allerdings in Zukunft keine E-Mails dieser Art von Amazon.de erhalten möchten, melden Sie sich bitte ab.
 Copyright 2026 Amazon Inc. oder Tochtergesellschaften. Alle Rechte vorbehalten.
 Amazon EU S.à r.l.
38 avenue John F. Kennedy,
L-1855 Luxemburg,
Handelsregisternummer Luxemburg: B-101818,
 Gesellschaftskapital: 165.833 EUR,
Gewerbelizenznu",2026-08-17 13:38:05,RETR,xtbBsx9fRWp0wd+w3AAA3a
法务/侵权类,older,account_4,weihaizhongxin2024@126.com,"Thu, 6 Aug 2026 16:03:24 +0000",Amazon Seller Central <donotreply@amazon.com>,Your Amazon.es Factura Vendedor for 7/2026,,"Your Amazon.es Factura Vendedor for 7/2026
 96
Hola, Shenzhen shi weihaizhongxin ke ji you xian gong si:
Te escribimos para comunicarte que tu Factura Vendedor del mes de 7/2026 ya está disponible en tu cuenta de Seller Central.
Para acceder a la factura, ve a Seller Central > Informes > Biblioteca de documentos fiscales > Facturas de tarifas aplicables al vendedor.
Allí podrás ver, descargar o imprimir tu factura.
Para consultas, contacta con atención al vendedor.
Atentamente,
Amazon.es
 Informar de un problema con este correo electrónico
 Si tienes alguna pregunta, visita: Seller Central
 Para cambiar sus preferencias de correo electrónico visitan: Preferencias de Notificación
 Esperamos que este mensaje te haya parecido útil. Sin embargo, si prefieres no recibir correos electrónicos de Amazon.es de este tipo en el futuro, haz clic aquí.
 Copyright 2026 Amazon.com.mx, Inc. o sus afiliados. Todos los derechos reservados.
 Amazon EU S.à r.l.
38 avenue John F. Kennedy,
L-1855 Luxemburgo,
Número de Registro en Luxemburgo: No. B-101818,
Capital Social 165.833 EUR,
Número de licencia de actividad: 134248,
Nº de Registro IVA en Luxemburgo: LU 20260743.
 SPC-EUAmazon-1002756283678822",2026-08-17 13:38:04,RETR,xtbBsw-23Gp0sE8WNwAA3W
法务/侵权类,older,account_4,weihaizhongxin2024@126.com,"Thu, 6 Aug 2026 15:58:38 +0000",Amazon Seller Central <donotreply@amazon.com>,Your Amazon.com.be Factuur Verkoper for 7/2026,,"Your Amazon.com.be Factuur Verkoper for 7/2026
 96
Beste Shenzhen shi weihaizhongxin ke ji you xian gong si,
We sturen je dit bericht om je te laten weten dat je elektronische Factuur Verkoper voor de maand 7 2026 nu beschikbaar is in je Seller Central-account.
Als je toegang wilt krijgen tot je factuur, ga je naar je Seller Central-account > Overzichten > Bibliotheek met belastingdocumenten > Belastingfacturen voor kosten verkoper.
In je Seller Central-account kun je je factuur bekijken, downloaden of afdrukken.
Als je nog vragen hebt, kun je contact opnemen met de Ondersteuning voor verkopers.
Met vriendelijke groeten,
Amazon.com.be
 Monsieur/Madame Shenzhen shi weihaizhongxin ke ji you xian gong si,
Nous vous écrivons pour vous informer que votre Facture Vendeur pour le mois de 7/2026 est maintenant disponible dans votre compte Seller Central.
Pour accéder à votre facture, rendez-vous sur votre compte Seller Central et veuillez accéder à la page Rapports > Bibliothèque d'informations fiscales > Factures des frais du vendeur.
Dans votre compte Seller Central, vous pourrez afficher, télécharger ou imprimer votre facture.
Pour toute question, contactez le Support Vendeur.
Cordialem",2026-08-17 13:38:04,RETR,xtbBshKvlWp0rzId5gAA3i
法务/侵权类,older,account_4,weihaizhongxin2024@126.com,"Thu, 6 Aug 2026 15:41:31 +0000",Amazon Seller Central <donotreply@amazon.com>,Your Amazon.ae Merchant Invoice for 7/2026,,"Your Amazon.ae Merchant Invoice for 7/2026
 96
Hello,
We are writing to inform you that your electronic Merchant Invoice for the month of 7/2026 is now available in your Seller Central Account.
To access your invoice, go to your Tax Document Library . In your Tax Document Library, you will be able to view, download or print your invoice.
The Amazon Services Team
 عزيزي Shenzhen shi weihaizhongxin ke ji you xian gong si،
نراسلك لإبلاغك بأن فاتورة ضريبة القيمة المضافة (VAT) الخاصة بالتاجر الخاص بك لشهر 7/2026 متاح الآن في حساب Seller Central الخاص بك.
للوصول إلى فاتورة الخاص بك، انتقل إلى حساب Seller Central الخاص بك > التقارير > مكتبة المستندات الضريبية > فواتير ضريبة رسم البائع.
في حساب Seller Central الخاص بك، ستتمكن من عرض {documentType}$ الخاص بك أو تنزيله أو طباعته.
إذا كانت لديك أي أسئلة، فالمرجو التواصل مع دعم البائع.
 مع أطيب التحيات،
Amazon.ae
 Report an issue with this email
 If you have any questions visit: Seller Central
 To change your email preferences visit: Notification Preferences
 We hope you found this message to be useful. However, if you'd rather not receive future e-mails of this sort from Amazon.com, please opt-out here.
 Copyright 2026 Amazon, Inc, or its aff",2026-08-17 13:38:03,RETR,xtbBpRCulGp0qzD+dwAA3D
法务/侵权类,older,account_4,weihaizhongxin2024@126.com,"Thu, 6 Aug 2026 15:39:36 +0000",Amazon Seller Central <donotreply@amazon.com>,Your Amazon.ae Fulfillment by Amazon Merchant Invoice for 7/2026,,"Your Amazon.ae Fulfillment by Amazon Merchant Invoice for 7/2026
 96
Hello,
We are writing to inform you that your electronic Fulfillment by Amazon Merchant Invoice for the month of 7/2026 is now available in your Seller Central Account.
To access your invoice, go to your Tax Document Library . In your Tax Document Library, you will be able to view, download or print your invoice.
The Amazon Services Team
 Report an issue with this email
 If you have any questions visit: Seller Central
 To change your email preferences visit: Notification Preferences
 We hope you found this message to be useful. However, if you'd rather not receive future e-mails of this sort from Amazon.com, please opt-out here.
 Copyright 2026 Amazon, Inc, or its affiliates. All rights reserved.
 Amazon.com, 410 Terry Avenue North, Seattle, WA 98109-5210
 SPC-EUAmazon-1424968751824033",2026-08-17 13:38:03,RETR,xtbBpBqQdmp0qrpRVgAA3R
法务/侵权类,older,account_4,weihaizhongxin2024@126.com,"Thu, 6 Aug 2026 15:34:14 +0000",Amazon Seller Central <donotreply@amazon.com>,Your Amazon.se Faktura Fraktas Av Amazon for 7/2026,,"Your Amazon.se Faktura Fraktas Av Amazon for 7/2026
 96
Hej Shenzhen shi weihaizhongxin ke ji you xian gong si!
Vi skriver för att informera dig om att din elektroniska Faktura Fraktas Av Amazon för månaden 7/2026 nu finns tillgänglig på ditt Seller Central-konto.
För att komma åt ditt fakturagår du till ditt Seller Central-konto > Rapporter > Bibliotek för skattedokument > Skattefakturor för säljaravgifter.
På ditt Seller Central-konto kan du se, ladda ner eller skriva ut ditt faktura.
Om du har några frågor, kontakta säljarsupport.
Vänliga hälsningar,
Amazon.se
 Rapportera ett problem med detta e-post
 Om du har några frågor besök: Seller Central
 För att ändra dina e-postinställningar, besök: Inställningar för meddelanden
 Vi hoppas att du tyckte att det här meddelandet var användbart. Om du föredrar att inte få framtida e-postmeddelanden av detta slag från Amazon.com, välj bort det här.
 Upphovsrätt 2026 Amazon, Inc, eller dess dotterbolag. Alla rättigheter förbehållna.
 Amazon EU S.à r.l.
38 avenue John F. Kennedy
L-1855 Luxemburg
Registrerat i Luxemburg No. B-101818
Aktiekapital 165 833 EUR
Företagets registreringsnummer: 134248
Momsregistrering för Luxemburg LU 20260743.
 SP",2026-08-17 13:38:03,RETR,xtbBsxlAJmp0qXnmxAAA3g
法务/侵权类,older,account_4,weihaizhongxin2024@126.com,"Thu, 6 Aug 2026 14:46:27 +0000",Amazon Seller Central <donotreply@amazon.com>,Your Amazon.com.be Factuur Verkoper for 7/2026,,"Your Amazon.com.be Factuur Verkoper for 7/2026
 96
Beste Shenzhen shi weihaizhongxin ke ji you xian gong si,
We sturen je dit bericht om je te laten weten dat je elektronische Factuur Verkoper voor de maand 7 2026 nu beschikbaar is in je Seller Central-account.
Als je toegang wilt krijgen tot je factuur, ga je naar je Seller Central-account > Overzichten > Bibliotheek met belastingdocumenten > Belastingfacturen voor kosten verkoper.
In je Seller Central-account kun je je factuur bekijken, downloaden of afdrukken.
Als je nog vragen hebt, kun je contact opnemen met de Ondersteuning voor verkopers.
Met vriendelijke groeten,
Amazon.com.be
 Monsieur/Madame Shenzhen shi weihaizhongxin ke ji you xian gong si,
Nous vous écrivons pour vous informer que votre Facture Vendeur pour le mois de 7/2026 est maintenant disponible dans votre compte Seller Central.
Pour accéder à votre facture, rendez-vous sur votre compte Seller Central et veuillez accéder à la page Rapports > Bibliothèque d'informations fiscales > Factures des frais du vendeur.
Dans votre compte Seller Central, vous pourrez afficher, télécharger ou imprimer votre facture.
Pour toute question, contactez le Support Vendeur.
Cordialem",2026-08-17 13:38:02,RETR,xtbBsgZwVmp0nka80QAA35
法务/侵权类,older,account_4,weihaizhongxin2024@126.com,"Thu, 6 Aug 2026 09:55:44 +0000",Amazon Europe <donotreply@amazon.com>,Ottieni la tua garanzia IVA in Italia €2.350 rimborso fino a 31 dicembre,,"Amazon Services
 96
 Invia i documenti di garanzia individuale IVA per l'Italia per ottenere il rimborso di € 2.350.
 Buongiorno,
 Le autorità fiscali italiane potrebbero richiedere ai contribuenti residenti al di fuori dell'Unione europea o dello Spazio economico europeo di fornire due garanzie finanziarie separate per assicurare che il loro numero di partita IVA italiano rimanga valido nel sistema elettronico di scambio di dati sull'IVA (VIES). Queste garanzie sono:
- Una garanzia del rappresentante fiscale: predisposta dal tuo rappresentante fiscale.
- una garanzia individuale: dovrai fornire una garanzia di almeno € 50.000 per un periodo minimo di 36 mesi che può essere fornita mediante fideiussione bancaria o tramite una soluzione assicurativa che non richieda il blocco o il versamento di € 50.000.
 Per aiutarti a rispettare questo requisito, ti offriamo una promozione di rimborso di 2.350 EUR per coprire i costi della tua garanzia individuale.
 Come posso ottenere il rimborso?
Una volta ottenuta la tua garanzia individuale, ti invitiamo a fornire tramite e-mail il documento di prova emesso da un fornitore autorizzato all'indirizzo
it-vat-guarantee-doc-validation@amazon.it dal",2026-08-17 13:38:02,RETR,xtbBsgJWPGp0WiIhLAAA3x
法务/侵权类,older,account_4,weihaizhongxin2024@126.com,"Thu, 6 Aug 2026 05:32:38 +0000","""Amazon.de"" <store-news@amazon.de>",Dein Einkaufswagen wartet,,"https://www.amazon.de/gp/cart/view.html?ref_=cor
Schwimmgurt für Pool, Schwimmhilfe Erwachsene Pool, Schwimmgurt Pool Erwachsene, Schwimmwiderstand Gürtel mit 2.5-7.5M Einstellbare Schwimmseil für Jedes Schwimmbad Ohne Gegenstromanlage
 33,95 €
https://www.amazon.de/gp/product/B0DRCF83VZ/?ref_=
Einkaufswagen anzeigen
https://www.amazon.de/gp/cart/view.html?ref_=cor
Aktualisiere deine Einstellungen https://www.amazon.de/gp/cpc/homepage?ref_=pe_ob_ftr_comm_prfs
Abmelden https://www.amazon.de/gp/gss/o/1Jhe9ltryLATlIXnRocwbyH16dcTFANGU4-X40-jUET2AzSBJB.D2l6BmGyrhR2QU
Amazon.de ist ein Handelsname für Amazon EU Sarl, für Amazon Europe Core Sarl und für Amazon Media EU Sarl, die alle ihren eingetragenen Sitz unter 38 avenue John F. Kennedy, L-1855 Luxemburg haben und für die Amazon Digital Germany GmbH, mit eingetragenem Sitz in der Domagkstr. 28, 80807 München, Deutschland. ©2026 Amazon.com, Inc. oder verbundene Unternehmen. Amazon sowie alle zugehörigen Marken sind Marken der Amazon.com, Inc. oder deren verbundenen Unternehmen. Es können Versandkosten anfallen. Für Ihren Kauf gilt der Preis und die Verfügbarkeit, die zum Zeitpunkt des Kaufs auf amazon.de angezeigt werden.
Datenschutzer",2026-08-17 13:38:01,RETR,xtbBshzdw2p0HHwb+wAA3u
法务/侵权类,older,account_4,weihaizhongxin2024@126.com,"Thu, 6 Aug 2026 00:18:19 +0000",Amazon Europe <noreply@sell.amazon.com>,借助 Climate Pledge Friendly 推动业务增长,,"借助 Climate Pledge Friendly 推动业务增长
尊敬的卖家，
参与亚马逊 Climate Pledge Friendly 计划的商品，在获得资格后的第一年内，平均可实现超过 12% 的销售增长和 10% 的商品页面浏览量提升*。
我们诚邀您加入 Climate Pledge Friendly（CPF），提升您更具可持续性的商品曝光度，同时助力业务增长。
拥有认可的[可持续发展认证](https://go.amazonsellerservices.com/e/229492/99742422-Wk32-node-21221608011/7z53xk7/6812856345/h/JP3gK5RgZqaC0fVIjMJ7qs24o2MYr2sbP3DVpt9AmrU)的商品，有机会获得 Climate Pledge Friendly 标识，从而在消费者中脱颖而出。
[立即开始](https://go.amazonsellerservices.com/e/229492/422-Wk32-mons-sel-locale-zh-CN/7z53xkb/6812856345/h/JP3gK5RgZqaC0fVIjMJ7qs24o2MYr2sbP3DVpt9AmrU)
[CPF banner](https://go.amazonsellerservices.com/e/229492/422-Wk32-mons-sel-locale-zh-CN/7z53xkb/6812856345/h/JP3gK5RgZqaC0fVIjMJ7qs24o2MYr2sbP3DVpt9AmrU)
优先审核的 ASIN
这些商品选自您的商品目录，可能是获得 Climate Pledge Friendly 认证的潜在候选。
<div style=""padding: 0 20px; ""><table style=""width:100%; border-collapse:collapse; text-align:center; font-family:Amazon Ember Display, Arial, sans-serif; border:2px solid #868D95; border-radius:10px 10px 0 0; overflow:hidden; ""><thead><tr style=""background-color:#dfdad5;""><th style=""padding:10px; border-right:2px solid #868D95; font-size:14px; letter-spacing:none; line-height:1.2; text-align:center; mso-line-height-alt:1.063em; color:",2026-08-17 13:38:01,RETR,xtbBpA9fRWpz0s9tUwAA3L
法务/侵权类,older,account_4,weihaizhongxin2024@126.com,"Wed, 5 Aug 2026 18:12:47 +0000",Amazon Services <donotreply@amazon.com>,"Invia la documentazione sulla sicurezza del prodotto per evitare la
 disattivazione dell'offerta",,"96
 Gentile Weihai EU,
 Alcune delle tue offerte sono a rischio di disattivazione perché i relativi prodotti non soddisfano i requisiti obbligatori sulla conformità. Rivedi i dettagli e i passi successivi riportati di seguito. Puoi visualizzare le offerte interessate in fondo a questa e-mail.
 Ciò a cosa è dovuto?
 Abbiamo intrapreso questo provvedimento in quanto i tuoi prodotti non dispongono delle informazioni obbligatorie sulla conformità. Consulta la pagina di aiuto Sicurezza e conformità dei prodotti per informazioni sulle leggi, le normative e le politiche di Amazon applicabili.
 La tabella alla fine di questa e-mail contiene i requisiti di conformità specifici per i prodotti.
 Come faccio a riattivare le mie offerte?
 Per fornire le informazioni di conformità richieste, vai alla pagina Stato dell'account per individuare le richieste di conformità dei prodotti:
-
 Se disponi della documentazione richiesta, segui le istruzioni per inviare i documenti di conformità.
-
 Se ritieni che i tuoi prodotti siano esenti da questi requisiti, invia la documentazione che dimostra il motivo per cui non sono soggetti a questi requisiti di conformità.
 Per istruzioni dettagliate, consulta l",2026-08-17 13:38:00,RETR,xtbBsgPexGpzfSN1pgAA3-
法务/侵权类,older,account_4,weihaizhongxin2024@126.com,"Wed, 5 Aug 2026 18:12:23 +0000",Amazon Services <donotreply@amazon.com>,Skicka in produktsäkerhetsdokumentation för att undvika att produktposterna inaktiveras,,"96
 Hej Weihai EU!
 Vissa av dina produktposter riskerar att inaktiveras på grund av att det saknas obligatorisk information om överensstämmelse för produkterna. Granska informationen och följande steg nedan. De berörda produktposterna visas i slutet av det här e-postmeddelandet.
 Varför händer det här?
 Vi vidtar den här åtgärden eftersom det saknas obligatorisk information om överensstämmelse för de här produkterna. Läs vår hjälpsida för Produktsäkerhet och -överensstämmelse för information om tillämpliga lagar, förordningar och Amazons policyer.
 Tabellen i slutet av detta e-postmeddelande innehåller produktspecifika krav för överensstämmelse.
 Hur återaktiverar jag mina produktposter?
 Om du vill tillhandahålla den begärda överensstämmelseinformationen går du till sidan Kontostatus och letar upp begäranden om produktöverensstämmelse:
-
 Om du har den obligatoriska dokumentationen ska du skicka in dina överensstämmelsedokument enligt instruktionerna.
-
 Om du tror att dina produkter är undantagna från dessa krav skickar du in dokumentation som visar varför de inte omfattas av dessa överensstämmelsekrav.
 Du hittar stegvisa instruktioner på vår hjälpsida om Skicka in intyg om öve",2026-08-17 13:38:00,RETR,xtbBpAnYvmpzfQll7wAA3s
法务/侵权类,older,account_4,weihaizhongxin2024@126.com,"Wed, 5 Aug 2026 18:12:15 +0000",Amazon Services <donotreply@amazon.com>,Przesyłanie dokumentacji dotyczącej bezpieczeństwa produktu w celu niedopuszczenia do dezaktywacji oferty,,"96
 Dzień dobry Weihai EU,
 niektóre z Twoich ofert są zagrożone dezaktywacją z powodu niespełnienia obowiązków dotyczących zgodności wystawianych przez Ciebie produktów z wymogami. Poniżej znajdziesz szczegółowe informacje oraz dalsze instrukcje. Oferty produktów, których dotyczy problem, wskazano na końcu niniejszej wiadomości e-mail.
 Dlaczego tak się stało?
 Podjęliśmy to działanie, ponieważ w przypadku tych produktów nie dostarczono obowiązkowych informacji dotyczących zgodności z wymogami. Więcej informacji na temat mających zastosowanie przepisów ustawowych i wykonawczych oraz zasad Amazon znajdziesz na stronie Bezpieczeństwo i zgodność produktu z wymogami .
 Informacje na temat wymogów dotyczących zgodności dla poszczególnych produktów znajdziesz w tabeli na końcu tej wiadomości e-mail.
 Jak mogę ponownie aktywować oferty?
 Aby dostarczyć niezbędne informacje dotyczące zgodności z wymogami, przejdź do panelu Kondycja konta i znajdź żądania dotyczące zgodności produktu z wymogami:
-
 Jeśli dysponujesz wymaganymi dokumentami zgodności, postępuj zgodnie z instrukcjami, aby je przesłać.
-
 Jeśli uważasz, że Twoje produkty są zwolnione z wymogów dotyczących zgodności, prześlij d",2026-08-17 13:37:59,RETR,xtbBsgLWvGpzfQJ1GQAA3Q
法务/侵权类,older,account_4,weihaizhongxin2024@126.com,"Wed, 5 Aug 2026 17:58:30 +0000",Amazon Services <donotreply@amazon.com>,Presenta la documentación sobre seguridad del producto para evitar la desactivación de los listings,,"96
 Hola, Weihai EU:
 Algunos de tus listings están en riesgo de desactivación debido a que tus productos no cumplen los requisitos obligatorios. Revisa a continuación los detalles y siguientes pasos. Los listings afectados aparecen al final de este correo electrónico.
 ¿A qué se debe esto?
 Tomamos esta medida porque a estos productos les falta información de cumplimiento normativo obligatoria. Para más información sobre las leyes, normativas y políticas de Amazon aplicables, consulta Cumplimiento y seguridad de los productos .
 En la tabla que aparece al final de este correo electrónico se proporcionan los requisitos de cumplimiento normativo específicos del producto.
 ¿Cómo puedo reactivar mis listings?
 Para proporcionar la información de cumplimiento normativo obligatoria, ve a la página Estado de la cuenta y localiza las solicitudes de cumplimiento normativo del producto:
-
 Si dispones de la documentación obligatoria, sigue las instrucciones para presentar los documentos de cumplimiento normativo.
-
 Si crees que tus productos están exentos de estos requisitos, presenta documentación que demuestre por qué no están sujetos a estos requisitos de cumplimiento normativo.
 Para v",2026-08-17 13:37:59,RETR,xtbBpAkI7WpzeclT9AAA3G
法务/侵权类,older,account_4,weihaizhongxin2024@126.com,"Wed, 5 Aug 2026 17:57:58 +0000",Amazon Services <donotreply@amazon.com>,"Dien productveiligheidsdocumentatie in om de deactivering van de
 productvermelding te voorkomen",,"96
 Hallo Weihai EU,
 Enkele van je productvermeldingen lopen het risico op deactivering omdat er verplichte nalevingsvereisten voor je producten ontbreken. Bekijk de gegevens en de stappen hieronder. De betreffende productvermeldingen worden aan het einde van deze e-mail weergegeven.
 Waarom gebeurt dit?
 We hebben deze actie ondernomen omdat voor deze producten verplichte nalevingsinformatie ontbreekt. Raadpleeg onze hulp-pagina Productveiligheid en -conformiteit voor informatie over de toepasselijke wet- en regelgeving en het Amazon-beleid.
 De tabel aan het einde van deze e-mail bevat productspecifieke nalevingsvereisten.
 Hoe activeer ik mijn productvermeldingen opnieuw?
 Als je de vereiste nalevingsgegevens wilt verstrekken, ga je naar de pagina Accountstatus en zoek je de aanvragen voor productconformiteit:
-
 Als je over de vereiste documentatie beschikt, volg je de instructies om je nalevingsdocumenten in te dienen.
-
 Als je van mening bent dat je producten zijn vrijgesteld van deze vereisten, dien dan documentatie in waaruit blijkt wat de reden is dat ze niet aan deze nalevingsvereisten zijn onderworpen.
 Raadpleeg voor stapsgewijze instructies onze hulp-pagina Documente",2026-08-17 13:37:59,RETR,xtbBpQsA5WpzeatRZQAA30
法务/侵权类,older,account_4,weihaizhongxin2024@126.com,"Wed, 5 Aug 2026 17:41:34 +0000",Amazon Services <donotreply@amazon.com>,Soumettre la documentation de sécurité des produits pour éviter la désactivation des mises en vente,,"96
 Bonjour Weihai EU,
 Certaines de vos mises en vente risquent d’être désactivées, car vos produits ne respectent pas les exigences de conformité obligatoires. Consultez les détails et les étapes suivantes ci-dessous. Les produits mis en vente concernés figurent à la fin de cet e-mail.
 Pourquoi cela se produit-il ?
 Nous prenons cette mesure, car ces produits ne présentent pas les informations de conformité obligatoires. Consultez notre page d’aide Sécurité et conformité des produits pour obtenir des informations sur les lois, réglementations et politiques Amazon applicables.
 Le tableau situé à la fin de cet e-mail présente les exigences de conformité spécifiques aux produits.
 Comment réactiver mes produits mis en vente ?
 Pour fournir les informations de conformité requises, accédez à la page État du compte et localisez les demandes de conformité des produits :
-
 Si vous disposez des documents requis, suivez les instructions pour soumettre vos documents de conformité.
-
 Si vous pensez que vos produits sont exemptés de ces exigences, soumettez des pièces justificatives prouvant les raisons pour lesquelles ils ne sont pas soumis à ces exigences de conformité.
 Pour des instru",2026-08-17 13:37:58,RETR,xtbBsxEJ7mpzddER7gAA3H
法务/侵权类,older,account_4,weihaizhongxin2024@126.com,"Wed, 5 Aug 2026 12:33:41 +0000",Amazon Services <donotreply@amazon.com>,Umożliw ponowną aktywację ofert w UE – wymagana zgodność z rozporządzeniem w sprawie ogólnego bezpieczeństwa produktów,,"96
 Umożliw ponowną aktywację ofert w UE – wymagana zgodność z rozporządzeniem w sprawie ogólnego bezpieczeństwa produktów
 Dzień dobry Weihai EU,
 Niektóre z Twoich ofert zostały zdezaktywowane w naszych sklepach w Unii Europejskiej (UE) z powodu braku informacji o zgodności z wymogami. Działania te nie mają wpływu na kondycję Twojego konta.
 Przykłady zdezaktywowanych ofert znajdziesz na dole tej wiadomości e-mail. Aby wyświetlić ich pełną listę, przejdź na stronę „Kondycja konta”. Aby spełnić wymogi rozporządzenia w sprawie ogólnego bezpieczeństwa produktów, zapoznaj się z poniższymi ofertami i dalszymi działaniami do wykonania.
 Prześlij informacje dotyczące zgodności z wymogami
 Prześlij informacje dotyczące zgodności z wymogami
 Jak mogę ponownie aktywować oferty produktów?
 Aby ponownie aktywować oferty, dostarcz obowiązkowe informacje dotyczące zgodności z rozporządzeniem w sprawie ogólnego bezpieczeństwa produktów, postępując zgodnie z poniższymi instrukcjami:
-
 Przejdź na stronę Kondycja konta .
- Wybierz „Dodaj filtry” i w kolumnie „Filtruj według podjętego działania” zaznacz pole „Usunięto ofertę”.
- Obok zdezaktywowanej oferty produktu kliknij „Prześlij” i postępuj zg",2026-08-17 13:37:58,RETR,xtbBpAns0mpzLalOywAA3L
法务/侵权类,older,account_4,weihaizhongxin2024@126.com,"Wed, 5 Aug 2026 05:00:39 +0000","""Amazon Seller Central Notifications(Do Not Reply)"" <donotreply@amazon.com>",Dangerous goods (hazmat) status update,,"96
 Dangerous goods (hazmat) status update
 Dangerous goods (hazmat) status update
 Hello from Fulfillment by Amazon,
 We are currently conducting a dangerous goods (hazmat) review of one or more of your products:
 BATTERY INFORMATION NEEDED
 ASIN
 Merchant SKU
 FNSKU
 Title
 B0H11DGDRL
 WH-DE-0607-HCGD-01
 B0H11DGDRL
 145 PCS Electric Train Cube Track, 3D Anti-Gravity Train Set, DIY Railway Track Building Toy, STEM Educational Toy and Creative Gift for Kids Aged 3–8
 Why this is happening
 We require detailed battery information to correctly classify the above products, and until you provide the necessary information, the products will not be available for sale and you will not be able to send more units to Amazon fulfillment centers.
 How to continue selling these products
 Please upload an exemption sheet for battery and battery-powered products using the steps below:
- Download an exemption sheet for battery and battery-powered products. Exemption sheets are available in multiple languages, so you can select the language that works best for you.
- Fill in all cells highlighted in red. Depending on your answers, other cells may turn red, and those should be filled in as well. If",2026-08-17 13:37:57,RETR,xtbBshtGLGpyw3sQJAAA3X
法务/侵权类,older,account_4,weihaizhongxin2024@126.com,"Wed, 5 Aug 2026 01:53:21 +0000",Notificaciones de Seller Central (sin buzón electrónico) <donotreply@amazon.com>,Actualización de estado de mercancías peligrosas,,"96
 Actualización de estado de mercancías peligrosas
 Actualización de estado de mercancías peligrosas
 Estimado vendedor:
 Estamos llevando a cabo una revisión de mercancías peligrosas sobre uno o varios de tus productos:
 INFORMACIÓN NECESARIA DE LA PILA O BATERÍA
 ASIN
 SKU del vendedor
 FNSKU
 Título
 B0H11DGDRL
 WH-DE-0508-HCGD-02
 B0H11DGDRL
 Circuito de Tren eléctrico de Cubos de 145 Piezas, Set de Tren 3D antigravedad, Juguete de vías DIY para Construir, Juguete Educativo Stem y Regalo Creativo para niños de 3 a 8 años
 ¿A qué se debe esto?
 Necesitamos información detallada sobre la pila o batería para clasificar correctamente los productos mencionados, debido a que no contamos con información suficiente. Hasta que proporciones toda la información necesaria, los productos no estarán disponibles para la venta y no podrás continuar enviándolos a los centros logísticos de Amazon.
 Cómo seguir vendiendo estos productos
 Carga una ficha de exención para baterías y productos alimentados por baterías siguiendo los pasos que se indican a continuación:
- Descarga una ficha de exención para baterías y productos alimentados por baterías. Las fichas de exención están disponibles en va",2026-08-17 13:37:57,RETR,xtbBpRRCKGpyl5RVtAAA3h
法务/侵权类,older,account_4,weihaizhongxin2024@126.com,"Wed, 5 Aug 2026 01:47:30 +0000",Aviseringar från Amazon Seller Central (svara inte) <donotreply@amazon.com>,Statusuppdatering för farligt gods,,"96
 Statusuppdatering för farligt gods
 Statusuppdatering för farligt gods
 Hej från Fraktas från Amazon,
 Vi genomför för närvarande en granskning av farligt gods för en eller flera av dina produkter:
 BATTERIINFORMATION BEHÖVS
 ASIN
 Säljar-SKU
 Leveransnätverks-SKU
 Titel
 B0H11DGDRL
 WH-DE-0508-HCGD-02
 B0H11DGDRL
 145-delad elektrisk tågbana med kuber, 3D antigravitations-tågset, DIY tågbana att bygga själv, pedagogisk STEM-leksak och kreativ present för barn 3–8 år
 Därför händer detta
 Vi kräver detaljerad batteriinformation för att korrekt klassificera ovanstående produkter, och innan du tillhandahåller den nödvändiga informationen är produkterna inte tillgängliga för försäljning och du kan inte skicka fler enheter till Amazons distributionscentra.
 Gör så här för att fortsätta sälja de här produkterna
 Ladda upp ett Undantag / Exemption sheet för batteri och batteridrivna produkter med hjälp av stegen nedan:
- Ladda ned ett Undantag / Exemption sheet för batteri och batteridrivna produkter. Undantag / Exemption sheets finns på flera språk, så du kan välja det språk som fungerar bäst för dig.
- Fyll i alla celler markerade med rött. Beroende på dina svar kan andra celler bl",2026-08-17 13:37:57,RETR,xtbBpRXpz2pyljVFawAA3D
法务/侵权类,older,account_4,weihaizhongxin2024@126.com,"Wed, 5 Aug 2026 01:43:13 +0000",亚马逊卖家平台通知（请勿回复） <donotreply@amazon.com>,危险物品（危险品）状态更新,,"96
 危险物品（危险品）状态更新
 危险物品（危险品）状态更新
 尊敬的亚马逊物流卖家：
您好！
 我们目前正在对以下商品进行危险物品（危险品）审核：
 需要电池信息
 ASIN
 卖家 SKU
 FNSKU
 商品名称
 B0H11DGDRL
 WH-DE-0508-HCGD-02
 B0H11DGDRL
 Roaxkois 145 PCS Eisenbahn Elektrisch Cube Track, 3D Schwerkrafttrotzendes Zug Set, DIY Zugstrecken Spielzeug, STEM Lernspielzeug & Geschenkidee f ür Kinder 3–8 Jahre, Kreatives Bauen Spielzeug
 为什么会发生这种情况
 我们未获得详细的电池信息，无法对以上商品进行正确分类，除非您提供必要的信息，否则您将无法销售商品，也将无法向亚马逊运营中心运送更多商品。
 如何继续销售这些商品
 我们需要您为电池和电池驱动商品提供豁免表：请参阅以下指南：
- 下载豁免表。
- 前往 卖家平台中的“上传”页面。
- 模板提供多种语言版本： 选择最适合您的模板。
- 填写以红色突出显示的所有单元格。根据您的回答，更多单元格可能会变为红色。也请填写这些单元格。其他单元格可能会变成黑色。请将这些单元格留空。
- 将该文件保存到您的电脑上。
- 上传豁免表：
- 前往 卖家平台中的“上传”页面。
- 输入商品的 ASIN。
- 选择您要在其中销售商品的商城（例如 Amazon.com）。
- 选择豁免表的语言。
- 点击“浏览”以检索您保存在电脑上的文件。
- 点击“上传文件”。
 重要须知： 模板本身的 Excel 选项卡“说明”中提供了有关如何填写电池和电池驱动商品豁免表的完整说明。
 在您上传文件后，审核流程通常需要四个工作日。审核完成后，您将收到结果通知。
 有关豁免表的更多信息，请参阅“ 所需的危险品信息和文件 ”（需要登录）。
 所有卖家应负责确保运送到亚马逊运营中心的所有商品均符合亚马逊物流政策以及关于危险品的所有法律要求（即使亚马逊物流目前并未对此进行限制）。
 实用信息
 有关更多信息，请参阅“ 危险品识别指南 ”。
 顺祝商祺！
 亚马逊物流团队
 报告此电子邮件的问题
 如果您有任何问题，请访问: Seller Central
 要更改您的电子邮件首选项，请访问： 通知首选项
 2026 Amazon.com 旗下公司 保留所有权利
 Amazon EU S.à r.l.
38 avenue John F. Kennedy,
L-1855 Luxembourg,
注册于卢森堡，
注册编号 B-101818，
股本 165.833 欧元，
营业执照编号： 13424",2026-08-17 13:37:56,RETR,xtbBpRapj2pylTY6NQAA3h
法务/侵权类,older,account_4,weihaizhongxin2024@126.com,"Wed, 5 Aug 2026 01:20:28 +0000","""Powiadomienia z Amazon Seller Central (nie odpowiadaj)"" <donotreply@amazon.com>",Status materiałów niebezpiecznych (hazmat),,"96
 Status materiałów niebezpiecznych (hazmat)
 Status materiałów niebezpiecznych (hazmat)
 Witamy w Fulfillment by Amazon
 Obecnie przeprowadzamy przegląd materiałów niebezpiecznych (hazmat) jednego produktu lub większej liczby produktów:
 POTRZEBNE INFORMACJE O BATERIACH
 ASIN
 SKU sprzedawcy
 SKU sieci logistycznej
 Tytuł
 B0H11DGDRL
 WH-DE-0508-HCGD-02
 B0H11DGDRL
 145-elementowy elektryczny tor kolejowy z kostek, zestaw pociągu 3D przeciw grawitacji, tor DIY do samodzielnego budowania, zabawka edukacyjna STEM i kreatywny prezent dla dzieci 3–8 lat
 Jaka jest tego przyczyna
 Wymagamy szczegółowych informacji o bateriach, aby poprawnie sklasyfikować ww. produkty; dopóki nie dostarczysz niezbędnych informacji, produkty nie będą dostępne do sprzedaży i nie będziesz mógł wysłać więcej jednostek do centrów logistycznych Amazon.
 Jak możesz kontynuować sprzedaż tych produktów
 Prześlij arkusz zwolnienia z obowiązku dostarczenia karty charakterystyki dotyczący baterii i produktów zasilanych bateriami za pomocą niżej podanych kroków:
- Pobierz arkusz zwolnienia z obowiązku dostarczenia karty charakterystyki dotyczący baterii i produktów zasilanych bateriami. Arkusze zwolnienia są dostę",2026-08-17 13:37:56,RETR,xtbBpR9SOGpyj98ANQAA3t
法务/侵权类,older,account_4,weihaizhongxin2024@126.com,"Wed, 5 Aug 2026 01:19:40 +0000","""Amazon Seller Central Notifications (Do Not Reply)"" <donotreply@amazon.com>",Dangerous goods (hazmat) status update,,"96
 Dangerous goods (hazmat) status update
 Dangerous goods (hazmat) status update
 Hello from Fulfillment by Amazon,
 We are currently conducting a dangerous goods (hazmat) review of one or more of your products:
 BATTERY INFORMATION NEEDED
 ASIN
 Merchant SKU
 FNSKU
 Title
 B0H11DGDRL
 WH-DE-0508-HCGD-02
 B0H11DGDRL
 Circuit de Train électrique à Cubes de 145 pièces, Circuit de Train à gravité 3D à Construire soi-même, Jouet éducatif STEM, idée de Cadeau créative pour Les Enfants de 3 à 8 Ans
 Why this is happening
 We require detailed battery information to correctly classify the above products, and until you provide the necessary information, the products will not be available for sale and you will not be able to send more units to Amazon fulfillment centers.
 How to continue selling these products
 Please upload an exemption sheet for battery and battery-powered products using the steps below:
- Download an exemption sheet for battery and battery-powered products. Exemption sheets are available in multiple languages, so you can select the language that works best for you.
- Fill in all cells highlighted in red. Depending on your answers, other cells may turn red, and those sho",2026-08-17 13:37:56,RETR,xtbBsw9GLGpyj689+gAA3p
法务/侵权类,older,account_4,weihaizhongxin2024@126.com,"Wed, 5 Aug 2026 01:19:38 +0000","""Amazon Seller Central Notifications (Do Not Reply)"" <donotreply@amazon.com>",Dangerous goods (hazmat) status update,,"96
 Dangerous goods (hazmat) status update
 Dangerous goods (hazmat) status update
 Hello from Fulfillment by Amazon,
 We are currently conducting a dangerous goods (hazmat) review of one or more of your products:
 BATTERY INFORMATION NEEDED
 ASIN
 Merchant SKU
 FNSKU
 Title
 B0H11DGDRL
 WH-DE-0508-HCGD-02
 B0H11DGDRL
 145 PCS Electric Train Cube Track, 3D Anti-Gravity Train Set, DIY Railway Track Building Toy, STEM Educational Toy and Creative Gift for Kids Aged 3–8
 Why this is happening
 We require detailed battery information to correctly classify the above products, and until you provide the necessary information, the products will not be available for sale and you will not be able to send more units to Amazon fulfillment centers.
 How to continue selling these products
 Please upload an exemption sheet for battery and battery-powered products using the steps below:
- Download an exemption sheet for battery and battery-powered products. Exemption sheets are available in multiple languages, so you can select the language that works best for you.
- Fill in all cells highlighted in red. Depending on your answers, other cells may turn red, and those should be filled in as well. If",2026-08-17 13:37:56,RETR,xtbBpQ5GLGpyj67+AgAA3E
法务/侵权类,older,account_4,weihaizhongxin2024@126.com,"Wed, 5 Aug 2026 01:19:35 +0000",亚马逊卖家平台通知（请勿回复） <donotreply@amazon.com>,危险品状态更新,,"96
 危险品状态更新
 危险品状态更新
 尊敬的亚马逊物流卖家：
您好！
 我们目前正在对您的一件或多件商品进行危险品审查：
 需要电池信息
 ASIN
 卖家 SKU
 FNSKU
 商品名称
 B0H11DGDRL
 WH-DE-0508-HCGD-02
 B0H11DGDRL
 145 PCS Eisenbahn Elektrisch Cube Track, 3D Schwerkrafttrotzendes Zug Set, DIY Zugstrecken Spielzeug, STEM Lernspielzeug & Geschenkidee für Kinder 3–8 Jahre, Kreatives Bauen Spielzeug
 为什么会发生这种情况
 我们需要详细的电池信息来对以上商品进行正确分类，除非您提供必要的信息，否则商品将无法销售，您也将无法再向亚马逊运营中心发送更多商品。
 如何继续销售这些商品
 请按照以下步骤上传电池和电池驱动商品豁免表：
- 下载电池和电池驱动商品 豁免表 。豁免表有多种语言版本，因此您可以选择最适合您的语言。
- 填写以红色突出显示的所有单元格。根据您填写的内容，其他单元格可能会变为红色，这些单元格也需要填写。如果单元格变成黑色，您可以将其留空。
- 将该文件保存到您的电脑上。
- 前往 上传页面 ，并在 如何上传安全数据表或豁免表 部分输入商品的 ASIN。
- 选择您想要在其中销售商品的商城（例如 Amazon.com）以及豁免表的语言。
- 点击 浏览 并导航至您保存的文件，然后点击 上传文件 。
 重要须知 ： 模板的 说明 选项卡中提供了有关如何填写电池和电池驱动商品豁免表的完整说明。如果您的商品与多个电池驱动商品（例如，无线键盘和鼠标套装）一同销售，请务必按照 说明 选项卡中的说明在豁免表中列出包含的所有商品。
 在您上传文件后，审核流程通常需要四个工作日才能完成。审核完成后，您将收到结果通知。温馨提醒，请确保商品名称、商品描述和要点充分且完整地描述了审核中的商品，并明确列出与该商品一同销售的所有商品（例如，电视机及其遥控器）。
 有关豁免表的更多信息，请参阅 所需的危险品信息和文件 。
 所有卖家应负责确保发送到亚马逊运营中心的所有商品均符合亚马逊物流政策以及关于危险品的所有法律要求，即使亚马逊物流目前并未对此进行限制。
 实用信息
 有关更多信息，请参阅 危险品识别指南 。
 谢谢！
 亚马逊物流团队
 此电子邮件地址仅用于发送通知，无法接收电子邮件。请勿回复此邮件。
 报告此电子邮件的问题
 如果您有任何问题，请访问: Seller Central
 要更改您的电子邮件首选项，请访问： 通知首选项
 2026 Amazon.com 旗下公司 保留所有权利
 Amazon EU S.à ",2026-08-17 13:37:55,RETR,xtbBpQtFK2pyj6v95gAA3n
法务/侵权类,older,account_4,weihaizhongxin2024@126.com,"Wed, 5 Aug 2026 01:04:56 +0000","""Amazon Seller Central Notifications(Do Not Reply)"" <donotreply@amazon.com>",Dangerous goods (hazmat) status update,,"96
 Dangerous goods (hazmat) status update
 Dangerous goods (hazmat) status update
 Hello from Fulfillment by Amazon,
 We are currently conducting a dangerous goods (hazmat) review of one or more of your products:
 BATTERY INFORMATION NEEDED
 ASIN
 Merchant SKU
 FNSKU
 Title
 B0H11DGDRL
 WH-DE-0508-HCGD-02
 B0H11DGDRL
 145 Pieces Electric Cube Train Circuit, 3D Anti-Gravity Train Set, DIY Tracks Toy for Building, Stem Educational Toy and Creative Gift for Kids Ages 3-8
 Why this is happening
 We require detailed battery information to correctly classify the above products, and until you provide the necessary information, the products will not be available for sale and you will not be able to send more units to Amazon fulfillment centers.
 How to continue selling these products
 Please upload an exemption sheet for battery and battery-powered products using the steps below:
- Download an exemption sheet for battery and battery-powered products. Exemption sheets are available in multiple languages, so you can select the language that works best for you.
- Fill in all cells highlighted in red. Depending on your answers, other cells may turn red, and those should be filled in as well. ",2026-08-17 13:37:55,RETR,xtbBpRpoTmpyjDrU-wAA3c
法务/侵权类,older,account_4,weihaizhongxin2024@126.com,"Wed, 5 Aug 2026 01:04:53 +0000","""Amazon Seller Central Notifications(Do Not Reply)"" <donotreply@amazon.com>",Dangerous goods (hazmat) status update,,"96
 Dangerous goods (hazmat) status update
 Dangerous goods (hazmat) status update
 Hello from Fulfillment by Amazon,
 We are currently conducting a dangerous goods (hazmat) review of one or more of your products:
 BATTERY INFORMATION NEEDED
 ASIN
 Merchant SKU
 FNSKU
 Title
 B0H11DGDRL
 WH-DE-0508-HCGD-02
 B0H11DGDRL
 145 Pieces Electric Cube Train Circuit, 3D Anti-Gravity Train Set, DIY Tracks Toy for Building, Stem Educational Toy and Creative Gift for Kids Ages 3-8
 Why this is happening
 We require detailed battery information to correctly classify the above products, and until you provide the necessary information, the products will not be available for sale and you will not be able to send more units to Amazon fulfillment centers.
 How to continue selling these products
 Please upload an exemption sheet for battery and battery-powered products using the steps below:
- Download an exemption sheet for battery and battery-powered products. Exemption sheets are available in multiple languages, so you can select the language that works best for you.
- Fill in all cells highlighted in red. Depending on your answers, other cells may turn red, and those should be filled in as well. ",2026-08-17 13:37:54,RETR,xtbBpRhoTmpyjDjU5QAA3G
法务/侵权类,older,account_4,weihaizhongxin2024@126.com,"Wed, 5 Aug 2026 01:02:01 +0000","""Notifiche di Amazon Seller Central (non rispondere)"" <donotreply@amazon.com>",Aggiornamento dello stato delle merci pericolose,,"96
 Aggiornamento dello stato delle merci pericolose
 Aggiornamento dello stato delle merci pericolose
 Buongiorno da Logistica di Amazon.
 Al momento stiamo effettuando una revisione delle merci pericolose di uno o più dei suoi prodotti:
 SONO NECESSARIE INFORMAZIONI SULLA BATTERIA
 ASIN
 SKU venditore
 FNSKU
 Titolo
 B0H11DGDRL
 WH-DE-0508-HCGD-02
 B0H11DGDRL
 Pista ferroviaria elettrica a cubi da 145 pezzi, set trenino 3D antigravità, gioco fai da te per costruire percorsi, giocattolo educativo STEM e idea regalo creativa per bambini da 3 a 8 anni
 Qual è il problema?
 Richiediamo informazioni dettagliate sulla batteria per classificare correttamente i prodotti di cui sopra. Inoltre, finché non fornisce le informazioni necessarie, i prodotti non saranno disponibili per la vendita e non potrà inviare più unità ai centri logistici Amazon.
 Cosa fare per continuare a vendere questi prodotti
 Carica una scheda di esenzione per le batterie o i prodotti alimentati a batteria seguendo la procedura riportata di seguito:
- Scarica una scheda di esenzione per batterie e prodotti alimentati a batteria. Le schede di esenzione sono disponibili in più lingue, in modo da poter selezionare la l",2026-08-17 13:37:54,RETR,xtbBpQ09I2pyi43LEgAA3x
法务/侵权类,older,account_4,weihaizhongxin2024@126.com,"Wed, 5 Aug 2026 01:01:52 +0000","""Amazon Seller Central-meldingen (niet beantwoorden)"" <donotreply@amazon.com>",Update van status gevaarlijke goederen,,"96
 Update van status gevaarlijke goederen
 Update van status gevaarlijke goederen
 Hallo van het Fulfillment by Amazon-team,
 Momenteel beoordelen we een of meer van jouw producten op eigenschappen van gevaarlijke goederen:
 INFORMATIE OVER DE BATTERIJ NODIG
 ASIN
 Verkoper-SKU
 FNSKU
 Titel
 B0H11DGDRL
 WH-DE-0508-HCGD-02
 B0H11DGDRL
 145-delige elektrische trein kubusbaan, 3D anti-zwaartekracht treinset, DIY treinbaan bouwspeelgoed, educatief STEM-speelgoed en creatief cadeau voor kinderen van 3–8 jaar
 Waarom dit gebeurt
 We hebben gedetailleerde informatie over batterijen nodig om bovenstaande producten correct te classificeren. Totdat je de benodigde informatie verstrekt, zijn de producten niet beschikbaar voor verkoop en kun je geen eenheden meer naar Amazon Fulfillment Centers versturen.
 Doorgaan met het verkopen van deze producten
 Voer de volgende stappen uit om een vrijstellingsformulier te uploaden voor batterijen en producten die op batterijen werken:
- Download een vrijstellingsformulier voor batterijen en producten die op batterijen werken. Vrijstellingsformulieren zijn beschikbaar in meerdere talen. Kies de meest geschikte taal.
- Vul alle in rood gemarkeerde celle",2026-08-17 13:37:54,RETR,xtbBsgU7IWpyi4XbMQAA3R
法务/侵权类,older,account_4,weihaizhongxin2024@126.com,"Tue, 4 Aug 2026 17:59:07 +0000",Amazon Services <donotreply@amazon.com>,Skicka in produktsäkerhetsdokumentation för att undvika att produktposterna inaktiveras,,"96
 Hej Weihai EU!
 Vissa av dina produktposter riskerar att inaktiveras på grund av att det saknas obligatorisk information om överensstämmelse för produkterna. Granska informationen och följande steg nedan. De berörda produktposterna visas i slutet av det här e-postmeddelandet.
 Varför händer det här?
 Vi vidtar den här åtgärden eftersom det saknas obligatorisk information om överensstämmelse för de här produkterna. Läs vår hjälpsida för Produktsäkerhet och -överensstämmelse för information om tillämpliga lagar, förordningar och Amazons policyer.
 Tabellen i slutet av detta e-postmeddelande innehåller produktspecifika krav för överensstämmelse.
 Hur återaktiverar jag mina produktposter?
 Om du vill tillhandahålla den begärda överensstämmelseinformationen går du till sidan Kontostatus och letar upp begäranden om produktöverensstämmelse:
-
 Om du har den obligatoriska dokumentationen ska du skicka in dina överensstämmelsedokument enligt instruktionerna.
-
 Om du tror att dina produkter är undantagna från dessa krav skickar du in dokumentation som visar varför de inte omfattas av dessa överensstämmelsekrav.
 Du hittar stegvisa instruktioner på vår hjälpsida om Skicka in intyg om öve",2026-08-17 13:37:53,RETR,xtbBpQxcQmpyKGzA8AAA3b
法务/侵权类,older,account_4,weihaizhongxin2024@126.com,"Tue, 4 Aug 2026 17:59:05 +0000",Amazon Services <donotreply@amazon.com>,"Invia la documentazione sulla sicurezza del prodotto per evitare la
 disattivazione dell'offerta",,"96
 Gentile Weihai EU,
 Alcune delle tue offerte sono a rischio di disattivazione perché i relativi prodotti non soddisfano i requisiti obbligatori sulla conformità. Rivedi i dettagli e i passi successivi riportati di seguito. Puoi visualizzare le offerte interessate in fondo a questa e-mail.
 Ciò a cosa è dovuto?
 Abbiamo intrapreso questo provvedimento in quanto i tuoi prodotti non dispongono delle informazioni obbligatorie sulla conformità. Consulta la pagina di aiuto Sicurezza e conformità dei prodotti per informazioni sulle leggi, le normative e le politiche di Amazon applicabili.
 La tabella alla fine di questa e-mail contiene i requisiti di conformità specifici per i prodotti.
 Come faccio a riattivare le mie offerte?
 Per fornire le informazioni di conformità richieste, vai alla pagina Stato dell'account per individuare le richieste di conformità dei prodotti:
-
 Se disponi della documentazione richiesta, segui le istruzioni per inviare i documenti di conformità.
-
 Se ritieni che i tuoi prodotti siano esenti da questi requisiti, invia la documentazione che dimostra il motivo per cui non sono soggetti a questi requisiti di conformità.
 Per istruzioni dettagliate, consulta l",2026-08-17 13:37:53,RETR,xtbBsgtbQWpyKGvLEQAA3i
法务/侵权类,older,account_4,weihaizhongxin2024@126.com,"Tue, 4 Aug 2026 17:58:26 +0000",Amazon Services <donotreply@amazon.com>,Przesyłanie dokumentacji dotyczącej bezpieczeństwa produktu w celu niedopuszczenia do dezaktywacji oferty,,"96
 Dzień dobry Weihai EU,
 niektóre z Twoich ofert są zagrożone dezaktywacją z powodu niespełnienia obowiązków dotyczących zgodności wystawianych przez Ciebie produktów z wymogami. Poniżej znajdziesz szczegółowe informacje oraz dalsze instrukcje. Oferty produktów, których dotyczy problem, wskazano na końcu niniejszej wiadomości e-mail.
 Dlaczego tak się stało?
 Podjęliśmy to działanie, ponieważ w przypadku tych produktów nie dostarczono obowiązkowych informacji dotyczących zgodności z wymogami. Więcej informacji na temat mających zastosowanie przepisów ustawowych i wykonawczych oraz zasad Amazon znajdziesz na stronie Bezpieczeństwo i zgodność produktu z wymogami .
 Informacje na temat wymogów dotyczących zgodności dla poszczególnych produktów znajdziesz w tabeli na końcu tej wiadomości e-mail.
 Jak mogę ponownie aktywować oferty?
 Aby dostarczyć niezbędne informacje dotyczące zgodności z wymogami, przejdź do panelu Kondycja konta i znajdź żądania dotyczące zgodności produktu z wymogami:
-
 Jeśli dysponujesz wymaganymi dokumentami zgodności, postępuj zgodnie z instrukcjami, aby je przesłać.
-
 Jeśli uważasz, że Twoje produkty są zwolnione z wymogów dotyczących zgodności, prześlij d",2026-08-17 13:37:52,RETR,xtbBpQRSOGpyKETAOQAA3G
法务/侵权类,older,account_4,weihaizhongxin2024@126.com,"Tue, 4 Aug 2026 17:39:23 +0000",Amazon Services <donotreply@amazon.com>,Presenta la documentación sobre seguridad del producto para evitar la desactivación de los listings,,"96
 Hola, Weihai EU:
 Algunos de tus listings están en riesgo de desactivación debido a que tus productos no cumplen los requisitos obligatorios. Revisa a continuación los detalles y siguientes pasos. Los listings afectados aparecen al final de este correo electrónico.
 ¿A qué se debe esto?
 Tomamos esta medida porque a estos productos les falta información de cumplimiento normativo obligatoria. Para más información sobre las leyes, normativas y políticas de Amazon aplicables, consulta Cumplimiento y seguridad de los productos .
 En la tabla que aparece al final de este correo electrónico se proporcionan los requisitos de cumplimiento normativo específicos del producto.
 ¿Cómo puedo reactivar mis listings?
 Para proporcionar la información de cumplimiento normativo obligatoria, ve a la página Estado de la cuenta y localiza las solicitudes de cumplimiento normativo del producto:
-
 Si dispones de la documentación obligatoria, sigue las instrucciones para presentar los documentos de cumplimiento normativo.
-
 Si crees que tus productos están exentos de estos requisitos, presenta documentación que demuestre por qué no están sujetos a estos requisitos de cumplimiento normativo.
 Para v",2026-08-17 13:37:52,RETR,xtbBsg0zGWpyI8232wAA3P
法务/侵权类,older,account_4,weihaizhongxin2024@126.com,"Tue, 4 Aug 2026 17:38:54 +0000",Amazon Services <donotreply@amazon.com>,Soumettre la documentation de sécurité des produits pour éviter la désactivation des mises en vente,,"96
 Bonjour Weihai EU,
 Certaines de vos mises en vente risquent d’être désactivées, car vos produits ne respectent pas les exigences de conformité obligatoires. Consultez les détails et les étapes suivantes ci-dessous. Les produits mis en vente concernés figurent à la fin de cet e-mail.
 Pourquoi cela se produit-il ?
 Nous prenons cette mesure, car ces produits ne présentent pas les informations de conformité obligatoires. Consultez notre page d’aide Sécurité et conformité des produits pour obtenir des informations sur les lois, réglementations et politiques Amazon applicables.
 Le tableau situé à la fin de cet e-mail présente les exigences de conformité spécifiques aux produits.
 Comment réactiver mes produits mis en vente ?
 Pour fournir les informations de conformité requises, accédez à la page État du compte et localisez les demandes de conformité des produits :
-
 Si vous disposez des documents requis, suivez les instructions pour soumettre vos documents de conformité.
-
 Si vous pensez que vos produits sont exemptés de ces exigences, soumettez des pièces justificatives prouvant les raisons pour lesquelles ils ne sont pas soumis à ces exigences de conformité.
 Pour des instru",2026-08-17 13:37:52,RETR,xtbBshIsEmpyI7K3bwAA3P
法务/侵权类,older,account_4,weihaizhongxin2024@126.com,"Tue, 4 Aug 2026 17:37:54 +0000",亚马逊开店服务 <donotreply@amazon.com>,提交商品安全文件以避免商品被停售,,"96
 尊敬的 Weihai EU：
您好！
 您的部分商品因缺少必要的商品合规信息而面临被停售的风险。查看下面的详细信息和后续步骤。受影响的商品显示在此电子邮件的末尾。
 为什么会发生这种情况？
 我们之所以采取此措施，是因为这些商品缺少必要的合规信息。请查看我们的 商品安全与合规 帮助页面，了解有关适用法律法规和亚马逊政策的信息。
 此电子邮件末尾的表格提供了特定于商品的合规性要求。
 如何重新启售商品？
 要提供所需的合规信息，请前往 账户状况 页面并找到商品合规性请求：
-
 如果您有所需的文件，请按照相关说明提交您的合规文件。
-
 如果您认为您的商品无需遵守这些要求，请提交相关文件，说明它们为何不受这些合规要求的约束。
 有关分步操作说明，请参阅 提交合规文件或对文件请求提出申诉 帮助页面。
 为避免进一步影响您的账户，请停售或删除您不打算销售或申诉的任何不合规商品。
 如果我未执行上述操作，会怎么样？
 如果您未在“账户状况”页面显示的截止日期之前提供所需的合规信息，我们可能会停售受影响的商品。
 我们愿意随时为您提供帮助。
 有关更多信息，请观看卖家大学中的 安全与合规简介 视频
 如果您有其他问题，请在您的 账户状况 控制面板上提交请求。
 亚马逊商品安全与合规性
 受影响的商品
 详情
 15 PCS Eisenbahn Cube Track, 3D Schwerkrafttrotzendes Zug Set, DIY Zugstrecken Spielzeug, STEM Lernspielzeug & Geschenkidee für Kinder 3–8 Jahre, Kreatives Bauen Spielzeug
 ASIN： B0H11D2KV8
 亚马逊要求您证明自己在亚马逊德国站上架的儿童玩具符合适用的法律、法规、标准和亚马逊政策。
要销售儿童玩具，您必须满足 儿童玩具帮助页面 上列出的要求，并与我们的合作伙伴第三方测试、检验和认证 (TIC) 服务提供商合作，验证您的商品符合这些要求。
儿童玩具是指供14岁或以下儿童在学习或玩耍时使用的商品。
亚马逊根据以下标准来确定商品是否为“儿童玩具”：
商品包装上的年龄分级标明该玩具专供 14 岁或以下儿童使用。
产品的包装、展示、促销或广告显示该产品适合 14 岁或以下儿童使用。
消费者通常认为该商品供 14 岁或以下儿童使用。
有关合规要求、如何与 TIC 服务提供商合作的更多信息，或者要观看有关本政策涵盖的儿童玩具的视频，请访问 儿童玩具帮助页面 。
 15 PCS Eisenbahn Cube Track, 3D Schwerkrafttrotzendes Zug Set, DIY Zugstrecken Spielzeug, STEM Lernspielzeug & G",2026-08-17 13:37:52,RETR,xtbBshQdA2pyI3S2WwAA3a
法务/侵权类,older,account_4,weihaizhongxin2024@126.com,"Tue, 4 Aug 2026 17:37:16 +0000",Amazon Services <donotreply@amazon.com>,"Dien productveiligheidsdocumentatie in om de deactivering van de
 productvermelding te voorkomen",,"96
 Hallo Weihai EU,
 Enkele van je productvermeldingen lopen het risico op deactivering omdat er verplichte nalevingsvereisten voor je producten ontbreken. Bekijk de gegevens en de stappen hieronder. De betreffende productvermeldingen worden aan het einde van deze e-mail weergegeven.
 Waarom gebeurt dit?
 We hebben deze actie ondernomen omdat voor deze producten verplichte nalevingsinformatie ontbreekt. Raadpleeg onze hulp-pagina Productveiligheid en -conformiteit voor informatie over de toepasselijke wet- en regelgeving en het Amazon-beleid.
 De tabel aan het einde van deze e-mail bevat productspecifieke nalevingsvereisten.
 Hoe activeer ik mijn productvermeldingen opnieuw?
 Als je de vereiste nalevingsgegevens wilt verstrekken, ga je naar de pagina Accountstatus en zoek je de aanvragen voor productconformiteit:
-
 Als je over de vereiste documentatie beschikt, volg je de instructies om je nalevingsdocumenten in te dienen.
-
 Als je van mening bent dat je producten zijn vrijgesteld van deze vereisten, dien dan documentatie in waaruit blijkt wat de reden is dat ze niet aan deze nalevingsvereisten zijn onderworpen.
 Raadpleeg voor stapsgewijze instructies onze hulp-pagina Documente",2026-08-17 13:37:51,RETR,xtbBpBAU+WpyI1CkXQAA3L
法务/侵权类,older,account_4,weihaizhongxin2024@126.com,"Tue, 4 Aug 2026 05:41:28 +0000","""Amazon.de"" <store-news@amazon.de>",Dein Einkaufswagen wartet,,"https://www.amazon.de/gp/cart/view.html?ref_=cor
145 PCS Eisenbahn Elektrisch Cube Track, 3D Schwerkrafttrotzendes Zug Set, DIY Zugstrecken Spielzeug, STEM Lernspielzeug &amp; Geschenkidee für Kinder 3–8 Jahre, Kreatives Bauen Spielzeug
 41,97 €
https://www.amazon.de/gp/product/B0H11DGDRL/?ref_=
Einkaufswagen anzeigen
https://www.amazon.de/gp/cart/view.html?ref_=cor
Aktualisiere deine Einstellungen https://www.amazon.de/gp/cpc/homepage?ref_=pe_ob_ftr_comm_prfs
Abmelden https://www.amazon.de/gp/gss/o/1Jhe9ltryLATlIXnRocwbyH16dcTFANGU4-X40-jUET2AzSBJB.D2l6BmGyrhR2QU
Amazon.de ist ein Handelsname für Amazon EU Sarl, für Amazon Europe Core Sarl und für Amazon Media EU Sarl, die alle ihren eingetragenen Sitz unter 38 avenue John F. Kennedy, L-1855 Luxemburg haben und für die Amazon Digital Germany GmbH, mit eingetragenem Sitz in der Domagkstr. 28, 80807 München, Deutschland. ©2026 Amazon.com, Inc. oder verbundene Unternehmen. Amazon sowie alle zugehörigen Marken sind Marken der Amazon.com, Inc. oder deren verbundenen Unternehmen. Es können Versandkosten anfallen. Für Ihren Kauf gilt der Preis und die Verfügbarkeit, die zum Zeitpunkt des Kaufs auf amazon.de angezeigt werden.
Datenschutze",2026-08-17 13:37:49,RETR,xtbBsgz43mpxe4wu8gAA3o
法务/侵权类,older,account_4,weihaizhongxin2024@126.com,"Mon, 3 Aug 2026 17:42:30 +0000",Amazon Services <donotreply@amazon.com>,Skicka in produktsäkerhetsdokumentation för att undvika att produktposterna inaktiveras,,"96
 Hej Weihai EU!
 Vissa av dina produktposter riskerar att inaktiveras på grund av att det saknas obligatorisk information om överensstämmelse för produkterna. Granska informationen och följande steg nedan. De berörda produktposterna visas i slutet av det här e-postmeddelandet.
 Varför händer det här?
 Vi vidtar den här åtgärden eftersom det saknas obligatorisk information om överensstämmelse för de här produkterna. Läs vår hjälpsida för Produktsäkerhet och -överensstämmelse för information om tillämpliga lagar, förordningar och Amazons policyer.
 Tabellen i slutet av detta e-postmeddelande innehåller produktspecifika krav för överensstämmelse.
 Hur återaktiverar jag mina produktposter?
 Om du vill tillhandahålla den begärda överensstämmelseinformationen går du till sidan Kontostatus och letar upp begäranden om produktöverensstämmelse:
-
 Om du har den obligatoriska dokumentationen ska du skicka in dina överensstämmelsedokument enligt instruktionerna.
-
 Om du tror att dina produkter är undantagna från dessa krav skickar du in dokumentation som visar varför de inte omfattas av dessa överensstämmelsekrav.
 Du hittar stegvisa instruktioner på vår hjälpsida om Skicka in intyg om öve",2026-08-17 13:37:48,RETR,xtbBsgmtk2pw0wntBAAA3s
法务/侵权类,older,account_4,weihaizhongxin2024@126.com,"Mon, 3 Aug 2026 17:41:59 +0000",Amazon Services <donotreply@amazon.com>,"Invia la documentazione sulla sicurezza del prodotto per evitare la
 disattivazione dell'offerta",,"96
 Gentile Weihai EU,
 Alcune delle tue offerte sono a rischio di disattivazione perché i relativi prodotti non soddisfano i requisiti obbligatori sulla conformità. Rivedi i dettagli e i passi successivi riportati di seguito. Puoi visualizzare le offerte interessate in fondo a questa e-mail.
 Ciò a cosa è dovuto?
 Abbiamo intrapreso questo provvedimento in quanto i tuoi prodotti non dispongono delle informazioni obbligatorie sulla conformità. Consulta la pagina di aiuto Sicurezza e conformità dei prodotti per informazioni sulle leggi, le normative e le politiche di Amazon applicabili.
 La tabella alla fine di questa e-mail contiene i requisiti di conformità specifici per i prodotti.
 Come faccio a riattivare le mie offerte?
 Per fornire le informazioni di conformità richieste, vai alla pagina Stato dell'account per individuare le richieste di conformità dei prodotti:
-
 Se disponi della documentazione richiesta, segui le istruzioni per inviare i documenti di conformità.
-
 Se ritieni che i tuoi prodotti siano esenti da questi requisiti, invia la documentazione che dimostra il motivo per cui non sono soggetti a questi requisiti di conformità.
 Per istruzioni dettagliate, consulta l",2026-08-17 13:37:47,RETR,xtbBpQmli2pw0unf7AAA3Q
法务/侵权类,older,account_4,weihaizhongxin2024@126.com,"Mon, 3 Aug 2026 17:41:27 +0000",Amazon Services <donotreply@amazon.com>,Przesyłanie dokumentacji dotyczącej bezpieczeństwa produktu w celu niedopuszczenia do dezaktywacji oferty,,"96
 Dzień dobry Weihai EU,
 niektóre z Twoich ofert są zagrożone dezaktywacją z powodu niespełnienia obowiązków dotyczących zgodności wystawianych przez Ciebie produktów z wymogami. Poniżej znajdziesz szczegółowe informacje oraz dalsze instrukcje. Oferty produktów, których dotyczy problem, wskazano na końcu niniejszej wiadomości e-mail.
 Dlaczego tak się stało?
 Podjęliśmy to działanie, ponieważ w przypadku tych produktów nie dostarczono obowiązkowych informacji dotyczących zgodności z wymogami. Więcej informacji na temat mających zastosowanie przepisów ustawowych i wykonawczych oraz zasad Amazon znajdziesz na stronie Bezpieczeństwo i zgodność produktu z wymogami .
 Informacje na temat wymogów dotyczących zgodności dla poszczególnych produktów znajdziesz w tabeli na końcu tej wiadomości e-mail.
 Jak mogę ponownie aktywować oferty?
 Aby dostarczyć niezbędne informacje dotyczące zgodności z wymogami, przejdź do panelu Kondycja konta i znajdź żądania dotyczące zgodności produktu z wymogami:
-
 Jeśli dysponujesz wymaganymi dokumentami zgodności, postępuj zgodnie z instrukcjami, aby je przesłać.
-
 Jeśli uważasz, że Twoje produkty są zwolnione z wymogów dotyczących zgodności, prześlij d",2026-08-17 13:37:47,RETR,xtbBsgmdg2pw0snroQAA3u
法务/侵权类,older,account_4,weihaizhongxin2024@126.com,"Mon, 3 Aug 2026 17:28:39 +0000",Amazon Services <donotreply@amazon.com>,Soumettre la documentation de sécurité des produits pour éviter la désactivation des mises en vente,,"96
 Bonjour Weihai EU,
 Certaines de vos mises en vente risquent d’être désactivées, car vos produits ne respectent pas les exigences de conformité obligatoires. Consultez les détails et les étapes suivantes ci-dessous. Les produits mis en vente concernés figurent à la fin de cet e-mail.
 Pourquoi cela se produit-il ?
 Nous prenons cette mesure, car ces produits ne présentent pas les informations de conformité obligatoires. Consultez notre page d’aide Sécurité et conformité des produits pour obtenir des informations sur les lois, réglementations et politiques Amazon applicables.
 Le tableau situé à la fin de cet e-mail présente les exigences de conformité spécifiques aux produits.
 Comment réactiver mes produits mis en vente ?
 Pour fournir les informations de conformité requises, accédez à la page État du compte et localisez les demandes de conformité des produits :
-
 Si vous disposez des documents requis, suivez les instructions pour soumettre vos documents de conformité.
-
 Si vous pensez que vos produits sont exemptés de ces exigences, soumettez des pièces justificatives prouvant les raisons pour lesquelles ils ne sont pas soumis à ces exigences de conformité.
 Pour des instru",2026-08-17 13:37:47,RETR,xtbBswncwmpwz8kCcwAA3J
法务/侵权类,older,account_4,weihaizhongxin2024@126.com,"Mon, 3 Aug 2026 17:16:39 +0000",亚马逊开店服务 <donotreply@amazon.com>,提交商品安全文件以避免商品被停售,,"96
 尊敬的 Weihai EU：
您好！
 您的部分商品因缺少必要的商品合规信息而面临被停售的风险。查看下面的详细信息和后续步骤。受影响的商品显示在此电子邮件的末尾。
 为什么会发生这种情况？
 我们之所以采取此措施，是因为这些商品缺少必要的合规信息。请查看我们的 商品安全与合规 帮助页面，了解有关适用法律法规和亚马逊政策的信息。
 此电子邮件末尾的表格提供了特定于商品的合规性要求。
 如何重新启售商品？
 要提供所需的合规信息，请前往 账户状况 页面并找到商品合规性请求：
-
 如果您有所需的文件，请按照相关说明提交您的合规文件。
-
 如果您认为您的商品无需遵守这些要求，请提交相关文件，说明它们为何不受这些合规要求的约束。
 有关分步操作说明，请参阅 提交合规文件或对文件请求提出申诉 帮助页面。
 为避免进一步影响您的账户，请停售或删除您不打算销售或申诉的任何不合规商品。
 如果我未执行上述操作，会怎么样？
 如果您未在“账户状况”页面显示的截止日期之前提供所需的合规信息，我们可能会停售受影响的商品。
 我们愿意随时为您提供帮助。
 有关更多信息，请观看卖家大学中的 安全与合规简介 视频
 如果您有其他问题，请在您的 账户状况 控制面板上提交请求。
 亚马逊商品安全与合规性
 受影响的商品
 详情
 145 PCS Eisenbahn Elektrisch Cube Track, 3D Schwerkrafttrotzendes Zug Set, DIY Zugstrecken Spielzeug, STEM Lernspielzeug & Geschenkidee für Kinder 3–8 Jahre, Kreatives Bauen Spielzeug
 ASIN： B0H11DGDRL
 亚马逊要求您证明自己在亚马逊德国站上架的儿童玩具符合适用的法律、法规、标准和亚马逊政策。
要销售儿童玩具，您必须满足 儿童玩具帮助页面 上列出的要求，并与我们的合作伙伴第三方测试、检验和认证 (TIC) 服务提供商合作，验证您的商品符合这些要求。
儿童玩具是指供14岁或以下儿童在学习或玩耍时使用的商品。
亚马逊根据以下标准来确定商品是否为“儿童玩具”：
商品包装上的年龄分级标明该玩具专供 14 岁或以下儿童使用。
产品的包装、展示、促销或广告显示该产品适合 14 岁或以下儿童使用。
消费者通常认为该商品供 14 岁或以下儿童使用。
有关合规要求、如何与 TIC 服务提供商合作的更多信息，或者要观看有关本政策涵盖的儿童玩具的视频，请访问 儿童玩具帮助页面 。
 145 PCS Eisenbahn Elektrisch Cube Track, 3D Schwerkrafttrotzendes Zug Set, DIY Zugstrecken Spielzeug",2026-08-17 13:37:46,RETR,xtbBpBsoDmpwzPuz+gAA39
法务/侵权类,older,account_4,weihaizhongxin2024@126.com,"Mon, 3 Aug 2026 17:06:40 +0000",Amazon Services <donotreply@amazon.com>,"Dien productveiligheidsdocumentatie in om de deactivering van de
 productvermelding te voorkomen",,"96
 Hallo Weihai EU,
 Enkele van je productvermeldingen lopen het risico op deactivering omdat er verplichte nalevingsvereisten voor je producten ontbreken. Bekijk de gegevens en de stappen hieronder. De betreffende productvermeldingen worden aan het einde van deze e-mail weergegeven.
 Waarom gebeurt dit?
 We hebben deze actie ondernomen omdat voor deze producten verplichte nalevingsinformatie ontbreekt. Raadpleeg onze hulp-pagina Productveiligheid en -conformiteit voor informatie over de toepasselijke wet- en regelgeving en het Amazon-beleid.
 De tabel aan het einde van deze e-mail bevat productspecifieke nalevingsvereisten.
 Hoe activeer ik mijn productvermeldingen opnieuw?
 Als je de vereiste nalevingsgegevens wilt verstrekken, ga je naar de pagina Accountstatus en zoek je de aanvragen voor productconformiteit:
-
 Als je over de vereiste documentatie beschikt, volg je de instructies om je nalevingsdocumenten in te dienen.
-
 Als je van mening bent dat je producten zijn vrijgesteld van deze vereisten, dien dan documentatie in waaruit blijkt wat de reden is dat ze niet aan deze nalevingsvereisten zijn onderworpen.
 Raadpleeg voor stapsgewijze instructies onze hulp-pagina Documente",2026-08-17 13:37:46,RETR,xtbBsgKRd2pwyqK6DwAA3R
法务/侵权类,older,account_4,weihaizhongxin2024@126.com,"Mon, 3 Aug 2026 17:06:20 +0000",Amazon Services <donotreply@amazon.com>,Presenta la documentación sobre seguridad del producto para evitar la desactivación de los listings,,"96
 Hola, Weihai EU:
 Algunos de tus listings están en riesgo de desactivación debido a que tus productos no cumplen los requisitos obligatorios. Revisa a continuación los detalles y siguientes pasos. Los listings afectados aparecen al final de este correo electrónico.
 ¿A qué se debe esto?
 Tomamos esta medida porque a estos productos les falta información de cumplimiento normativo obligatoria. Para más información sobre las leyes, normativas y políticas de Amazon aplicables, consulta Cumplimiento y seguridad de los productos .
 En la tabla que aparece al final de este correo electrónico se proporcionan los requisitos de cumplimiento normativo específicos del producto.
 ¿Cómo puedo reactivar mis listings?
 Para proporcionar la información de cumplimiento normativo obligatoria, ve a la página Estado de la cuenta y localiza las solicitudes de cumplimiento normativo del producto:
-
 Si dispones de la documentación obligatoria, sigue las instrucciones para presentar los documentos de cumplimiento normativo.
-
 Si crees que tus productos están exentos de estos requisitos, presenta documentación que demuestre por qué no están sujetos a estos requisitos de cumplimiento normativo.
 Para v",2026-08-17 13:37:45,RETR,xtbBpRGNc2pwypGt0AAA32
法务/侵权类,older,account_4,weihaizhongxin2024@126.com,"Mon, 3 Aug 2026 10:36:14 +0000",Amazon Europe <no-reply@sell.amazon.com>,通过 Q4 活动拓展您的业务 — 尽早提报，节省费用,,"最大化您的 Q4 业绩
尊敬的卖家，
为 Q4 活动做好准备 — 为数百万消费者打造不容错过的优惠！今年，Prime 会员大促（PBDD）将与去年同期回归，随后是黑色星期五活动周（BFW）。通过尽早提交促销并确保充足库存，助力您的业务增长。
早鸟折扣：如果您在截止日期前提报促销 — Prime 会员大促截止 8 月 5 日，黑色星期五活动周截止 9 月 5 日 — 您将获得每笔固定预付费的折扣：UK: £4, DE: €5, FR/IT/ES: €3。
关键日期
Prime 会员大促
活动日期： 与去年同期
提报截止日期 ：促销 – 2026 年 9 月 23 日，价格折扣 – 活动结束前 12 小时
入库截止日期：EU – 9 月 9 日，UK – 2026 年 9 月 18 日
黑色星期五活动周
活动日期：2026 年 11 月 19–30 日
提报截止日期 ：促销 – 2026 年 11 月 18 日，价格折扣 – 活动结束前 12 小时
入库截止日期：EU – 10 月 21 日，UK – 2026 年 10 月 30 日
提报您的促销 > https://go.amazonsellerservices.com/e/229492/reate-ld-DC-EM-D480293951-Wk31/7z52844/6805640895/h/bbvLR79Zsnl3kOmPKwC5qVa6bGSAA9F0UVoT_kooemI
<table align=""center"" border=""0"" cellpadding=""0"" cellspacing=""0"" class=""section"" role=""presentation"" style=""width:100%;"">
	<tbody>
		<tr>
			<td align=""center"">
			<div role=""none"">
<!--[if(mso)|(IE)]>
<table align=""center"" border=""0"" cellpadding=""0"" cellspacing=""0"" class=""block-grid-outlook"" style=""width:600px;"" width=""600"" >
<tr>
<td style=""line-height:0px;font-size:0px;mso-line-height-rule:exactly;""><![endif]-->
			<div style=""margin:0 auto;border-radius:0px;max-width:600px;"">
			<table align=""center"" border=""0"" cellpadding=""0"" cellspacing=""0"" role=""presentation"" styl",2026-08-17 13:37:43,RETR,xtbBsgKagGpwbyJ3AQAA3L
法务/侵权类,older,account_4,weihaizhongxin2024@126.com,"Sun, 2 Aug 2026 13:53:08 +0000",Amazon Services <donotreply@amazon.com>,Votre paiement est en cours,,"96
This title will display on mobile devices
 Félicitations ! Votre paiement est en cours et arrivera sous peu.
 Tentative de versement
Félicitations, Weihai EU ! Votre paiement est en cours et arrivera sous trois à cinq jours.
Le 08/02/26 13:52 CEST, nous avons effectué un virement d’un montant de €
 179.03 sur le compte lié à votre méthode de paiement (compte bancaire se terminant par 229).
 Si le montant est inférieur au montant auquel vous vous attendiez, voici quelques questions à vous poser :
 Disposez-vous d’un solde de fonds non disponibles ? Amazon peut réserver des fonds afin de couvrir des retours, des réclamations ou des rétrofacturations potentiels des acheteurs. Si tel est le cas, le solde de fin de période de votre rapport sur les paiements affichera le solde des fonds non disponibles réservé.
 Vos ventes couvraient-elles l’ensemble des frais et des retours pour cette période de règlements ? Le montant du paiement reflète votre activité commerciale, les frais de vente et les frais relatifs aux promotions et aux services. Nous vous recommandons de consulter votre rapport sur les paiements sous l’onglet Rapports de Seller Central pour comprendre votre solde de fin de p",2026-08-17 13:37:42,RETR,xtbBsgh7YWpvS8ij1QAA3Q
法务/侵权类,older,account_4,weihaizhongxin2024@126.com,"Sun, 2 Aug 2026 10:56:43 +0200","""poststelle@fa15.berlin.de"" <poststelle@fa15.berlin.de>",automatische Eingangsbestätigung - bitte nicht antworten,,"Guten Tag,
vielen Dank für Ihre Nachricht. Dies ist eine automatisch erzeugte Eingangsbestätigung.
Bitte beachten Sie, dass wir Mitteilungen per E-Mail nicht in allen Fällen bearbeiten können. Das gilt insbesondere, wenn wir die Nachricht aus technischen Gründen nicht bearbeiten oder Sie bzw. die Person, in deren Angelegenheit Sie gegebenenfalls die E-Mail versandt haben, nicht eindeutig identifizieren können.
Wenn Sie Ihrer Nachricht Anhänge beigefügt haben, kann es bei der Bearbeitung aktuell zu Verzögerungen kommen.
Grundsätzlich empfehlen wir Ihnen, mit dem Finanzamt per ELSTER zu kommunizieren. Damit steht Ihnen eine einfache und sichere Möglichkeit zur Verfügung, uns Mitteilungen zu schicken, Fragen zu stellen und Anlagen zu übermitteln. Nähere Informationen finden Sie unter www.elster.de<http://www.elster.de>.
Soweit Sie um eine Antwort per E-Mail bitten, beachten Sie die Hinweise zur elektronischen Kommunikation mit dem Finanzamt – „Wie kann ich mittels E-Mail mit dem Finanzamt kommunizieren?<https://www.berlin.de/sen/finanzen/steuern/informationen-fuer-steuerzahler-/faq-steuern/artikel.32338.php>“.
Mit freundlichen Grüßen
Ihr Finanzamt
P.S. Kennen Sie bereits unsere Werbek",2026-08-17 13:37:41,RETR,xtbBshEM8WpvBlGOtwAA31
法务/侵权类,older,account_4,weihaizhongxin2024@126.com,"Sun, 2 Aug 2026 00:19:33 +0000",Amazon Services <donotreply@amazon.com>,Soumettre la documentation de sécurité des produits pour réactiver les mises en vente,,"96
 Soumettre la documentation de sécurité des produits pour réactiver les mises en vente
 Bonjour Weihai EU,
 Certaines de vos mises en vente ont été désactivées, car vos produits ne respectaient pas des exigences de conformité obligatoires. Consultez les détails et les étapes suivantes ci-dessous. Les produits mis en vente concernés figurent à la fin de cet e-mail.
 Pourquoi cela se produit-il ?
 Nous prenons cette mesure, car ces produits ne présentent pas les informations de conformité obligatoires. Consultez notre page d’aide Sécurité et conformité des produits pour obtenir des informations sur les lois, réglementations et politiques Amazon applicables. Nous nous sommes appuyés sur une combinaison de moyens automatisés et de contrôles menés par des personnes expérimentées pour identifier ce problème et prendre cette décision.
 Le tableau situé à la fin de cet e-mail présente les exigences de conformité spécifiques aux produits.
 Comment réactiver mes produits mis en vente ?
 Pour fournir les informations de conformité requises, accédez à la page État du compte et localisez les demandes de conformité des produits :
-
 Si vous disposez des documents requis, suivez les instructio",2026-08-17 13:37:39,RETR,xtbBpRqfhWpujRpKnAAA3g
法务/侵权类,older,account_4,weihaizhongxin2024@126.com,"Sun, 2 Aug 2026 00:19:03 +0000",Amazon Services <donotreply@amazon.com>,"Invia la documentazione sulla sicurezza del prodotto per riattivare
 le offerte",,"96
 Invia la documentazione sulla sicurezza del prodotto per riattivare le offerte
 Gentile Weihai EU,
 Alcune delle tue offerte sono state disattivate a causa della mancanza di alcuni requisiti di conformità obbligatori per i tuoi prodotti. Rivedi i dettagli e i passi successivi riportati di seguito. Puoi visualizzare le offerte interessate in fondo a questa e-mail.
 Ciò a cosa è dovuto?
 Abbiamo intrapreso questo provvedimento in quanto i tuoi prodotti non dispongono delle informazioni obbligatorie sulla conformità. Consulta la pagina di aiuto Sicurezza e conformità dei prodotti per informazioni sulle leggi, le normative e le politiche di Amazon applicabili. Questa decisione è stata presa sulla base dei risultati di un'analisi effettuata in parte tramite revisione umana e in parte per mezzo di sistemi automatizzati.
 La tabella alla fine di questa e-mail contiene i requisiti di conformità specifici per i prodotti.
 Come faccio a riattivare le mie offerte?
 Per fornire le informazioni di conformità richieste, vai alla pagina Stato dell'account per individuare le richieste di conformità dei prodotti:
-
 Se disponi della documentazione richiesta, segui le istruzioni per inviare i do",2026-08-17 13:37:39,RETR,xtbBpRqXfWpujPpKHgAA3z
法务/侵权类,older,account_4,weihaizhongxin2024@126.com,"Sat, 1 Aug 2026 23:42:26 +0000",Amazon Services <donotreply@amazon.com>,Presenta la documentación sobre seguridad del producto para reactivar los listings,,"96
 Presenta la documentación sobre seguridad del producto para reactivar los listings
 Hola, Weihai EU:
 Algunos de tus listings se han desactivado debido a que tus productos no cumplen los requisitos obligatorios. Revisa a continuación los detalles y siguientes pasos. Los listings afectados aparecen al final de este correo electrónico.
 ¿A qué se debe esto?
 Tomamos esta medida porque a estos productos les falta información de cumplimiento normativo obligatoria. Para más información sobre las leyes, normativas y políticas de Amazon aplicables, consulta Cumplimiento y seguridad de los productos . Hemos usado una combinación de medios automatizados y revisión humana experta para identificar la incidencia y tomar una decisión.
 En la tabla que aparece al final de este correo electrónico se proporcionan los requisitos de cumplimiento normativo específicos del producto.
 ¿Cómo puedo reactivar mis listings?
 Para proporcionar la información de cumplimiento normativo obligatoria, ve a la página Estado de la cuenta y localiza las solicitudes de cumplimiento normativo del producto:
-
 Si dispones de la documentación obligatoria, sigue las instrucciones para presentar los documentos de cum",2026-08-17 13:37:38,RETR,xtbBpQZwVmpuhGYjSgAA3K
法务/侵权类,older,account_4,weihaizhongxin2024@126.com,"Sat, 1 Aug 2026 23:41:49 +0000",亚马逊开店服务 <donotreply@amazon.com>,提交商品安全文件以重新启售商品,,"96
 提交商品安全文件以重新启售商品
 尊敬的 Weihai EU：
您好！
 您的部分商品因缺少必要的商品合规信息而被停售。查看下面的详细信息和后续步骤。受影响的商品显示在此电子邮件的末尾。
 为什么会发生这种情况？
 我们之所以采取此措施，是因为这些商品缺少必要的合规信息。请查看我们的 商品安全与合规 帮助页面，了解有关适用法律法规和亚马逊政策的信息。为了确定此问题，我们综合运用了自动化技术和专家人工评审，最终做出这一决定。
 此电子邮件末尾的表格提供了特定于商品的合规性要求。
 如何重新启售商品？
 要提供所需的合规信息，请前往 账户状况 页面并找到商品合规性请求：
-
 如果您有所需的文件，请按照相关说明提交您的合规文件。我们仅会重新启售满足合规要求的商品。
-
 如果您认为您的商品无需遵守这些要求，请提交相关文件，说明它们为何不受这些合规要求的约束。
 有关分步操作说明，请参阅 提交合规文件或对文件请求提出申诉 帮助页面。
 为避免进一步影响您的账户，请停售或删除您不打算销售或申诉的任何不合规商品。
 如果我未执行上述操作，会怎么样？
 如果您未提供所需的合规信息，则受影响的 ASIN 将一直处于停售状态，直到您或其他发布此商品的销售伙伴满足合规要求。
 这些商品的亚马逊物流库存会怎样？
 您必须在收到本通知后的 30 天内从我们的运营中心移除这些商品。如果未移除，我们将按照《亚马逊服务商业解决方案协议》中的规定弃置此库存，并且费用由您承担。要了解如何移除库存，请参阅 移除库存 帮助页面。
 我们愿意随时为您提供帮助。
 有关更多信息，请观看卖家大学中的 安全与合规简介 视频
 如果您有其他问题，请在您的 账户状况 控制面板上提交请求。
 亚马逊商品安全与合规性
 受影响的商品
 详情
 Roaxkois Töpferset für Kinder, Töpferset für Zuhause mit ton lufttrocknend, Töpferscheibe Elektrisch, Diamant Aufkleber, Kreativ Set für Kinder, Geschenk-Ideen, Geschenk für Mädchen Jungen
 ASIN： B0DL3PC2WS
 亚马逊要求您证明自己在亚马逊德国站上架的儿童玩具符合适用的法律、法规、标准和亚马逊政策。
要销售儿童玩具，您必须满足 儿童玩具帮助页面 上列出的要求，并与我们的合作伙伴第三方测试、检验和认证 (TIC) 服务提供商合作，验证您的商品符合这些要求。
儿童玩具是指供14岁或以下儿童在学习或玩耍时使用的商品。
亚马逊根据以下标准来确定商品是否为“儿童玩具”：
商品包装上的年龄分级标明该玩具专供 14 岁或以下儿童使用。
产品的包装、展示、促销或广告显示该产品适",2026-08-17 13:37:38,RETR,xtbBsgBnTWpuhEAphAAA31
法务/侵权类,older,account_4,weihaizhongxin2024@126.com,"Sat, 1 Aug 2026 23:41:18 +0000",Amazon Services <donotreply@amazon.com>,"Dien productveiligheidsdocumentatie in om productvermeldingen
 opnieuw te activeren",,"96
 Dien productveiligheidsdocumentatie in om productvermeldingen opnieuw te activeren
 Hallo Weihai EU,
 Sommige van je productvermeldingen zijn gedeactiveerd omdat er verplichte nalevingsvereisten voor je producten ontbreken. Bekijk de gegevens en de stappen hieronder. De betreffende productvermeldingen worden aan het einde van deze e-mail weergegeven.
 Waarom gebeurt dit?
 We hebben deze actie ondernomen omdat voor deze producten verplichte nalevingsinformatie ontbreekt. Raadpleeg onze hulp-pagina Productveiligheid en -conformiteit voor informatie over de toepasselijke wet- en regelgeving en het Amazon-beleid. We hebben gebruikgemaakt van een combinatie van geautomatiseerde middelen en deskundige menselijke beoordeling om dit probleem te identificeren en deze beslissing te nemen.
 De tabel aan het einde van deze e-mail bevat productspecifieke nalevingsvereisten.
 Hoe activeer ik mijn productvermeldingen opnieuw?
 Als je de vereiste nalevingsgegevens wilt verstrekken, ga je naar de pagina Accountstatus en zoek je de aanvragen voor productconformiteit:
-
 Als je over de vereiste documentatie beschikt, volg je de instructies om je nalevingsdocumenten in te dienen. We zullen alleen ",2026-08-17 13:37:38,RETR,xtbBpANfRWpuhCMh-gAA3B
法务/侵权类,older,account_4,weihaizhongxin2024@126.com,"Sat, 1 Aug 2026 02:59:47 +0000","""donotreply@amazon.com"" <donotreply@amazon.com>",Transparency Invoice/Credit note for 07/2026,,"96
 Dear Customer,
 Please click on the link below to access your Transparency electronic invoice/credit note in the Transparency Portal. If you see an '...
 Dear Customer,
 Please click on the link below to access your Transparency electronic invoice/credit note in the Transparency Portal. If you see an 'Access Denied' error message when you use the link below and are not able to access the invoice/credit note, then please email transparency-support@amazon.com with your profile link (see instructions below).
 [Link to invoice Dashboard]
 Frequently Asked Questions (FAQ)
- I see 'Access Denied' message after logging into the Transparency Portal, what should I do?
- Please log into your Amazon.com account associated with this email address. If you don't have an account, please create one with this email address.
- Go to http://www.amazon.com/profile .
- Copy the URL that was generated in the search bar. The profile link you need to provide will look similar to this: https://www.amazon.com/gp/profile/amzn1.account.XXXXXXXXXXXXXXXXXXXXXXXX
- Create an email to transparency-support@amazon.com , paste the URL that you copied into the body of the email, and click 'Send'.
 We will provide",2026-08-17 13:37:34,RETR,xtbBswdXPWptYSd5gQAA3n
法务/侵权类,older,account_4,weihaizhongxin2024@126.com,"Sat, 1 Aug 2026 00:19:56 +0000",Amazon Services <donotreply@amazon.com>,Toma medidas: notificación de retirada de ASIN,,"96
 Hola, Weihai EU:
 Hemos retirado algunos de tus productos de la venta en nuestras tiendas.
 Hemos empleado una combinación de medios automatizados y revisión humana por un experto para identificar esta incidencia y tomar una decisión.
 ¿A qué se debe esto?
 Hemos tomado esta medida porque hemos detectado que falta información de cumplimiento normativo obligatoria en tu producto. En el caso de determinados productos, necesitamos que nos proporciones información sobre seguridad y cumplimiento normativo para confirmar que son auténticos, seguros, con un origen fiable y que cumplen las leyes vigentes. Para ver una lista de las políticas de seguridad de los productos, consulta esta página .
 Te enviamos un correo electrónico para que nos facilitaras la información de cumplimiento normativo necesaria, pero no recibimos información válida antes de la fecha prevista.
 ¿Cómo puedo reactivar mis listings?
 Para ver la lista de ASIN afectados en cada tienda y reactivar tus productos, envía los documentos de cumplimiento normativo obligatorios haciendo clic en ""Añadir documentos de cumplimiento o recurrir"" junto al ASIN afectado en el panel de control ""Gestionar tu cumplimiento normativo"" ",2026-08-17 13:37:33,RETR,xtbBsg-v1WptO69nrAAA3f
法务/侵权类,older,account_4,weihaizhongxin2024@126.com,"Sat, 1 Aug 2026 00:18:06 +0000",Amazon Services <donotreply@amazon.com>,"Invia la documentazione sulla sicurezza del prodotto per riattivare
 le offerte",,"96
 Invia la documentazione sulla sicurezza del prodotto per riattivare le offerte
 Gentile Weihai EU,
 Alcune delle tue offerte sono state disattivate a causa della mancanza di alcuni requisiti di conformità obbligatori per i tuoi prodotti. Rivedi i dettagli e i passi successivi riportati di seguito. Puoi visualizzare le offerte interessate in fondo a questa e-mail.
 Ciò a cosa è dovuto?
 Abbiamo intrapreso questo provvedimento in quanto i tuoi prodotti non dispongono delle informazioni obbligatorie sulla conformità. Consulta la pagina di aiuto Sicurezza e conformità dei prodotti per informazioni sulle leggi, le normative e le politiche di Amazon applicabili. Questa decisione è stata presa sulla base dei risultati di un'analisi effettuata in parte tramite revisione umana e in parte per mezzo di sistemi automatizzati.
 La tabella alla fine di questa e-mail contiene i requisiti di conformità specifici per i prodotti.
 Come faccio a riattivare le mie offerte?
 Per fornire le informazioni di conformità richieste, vai alla pagina Stato dell'account per individuare le richieste di conformità dei prodotti:
-
 Se disponi della documentazione richiesta, segui le istruzioni per inviare i do",2026-08-17 13:37:32,RETR,xtbBswDUumptO0Dv+QAA33
法务/侵权类,older,account_4,weihaizhongxin2024@126.com,"Sat, 1 Aug 2026 00:18:01 +0000",Amazon Services <donotreply@amazon.com>,Przesyłanie dokumentacji dotyczącej bezpieczeństwa produktu w celu ponownego aktywowania ofert,,"96
 Przesyłanie dokumentacji dotyczącej bezpieczeństwa produktu w celu ponownego aktywowania ofert
 Dzień dobry Weihai EU,
 niektóre z Twoich ofert zostały zdezaktywowane z powodu niespełnienia obowiązków dotyczących zgodności wystawianych przez Ciebie produktów z wymogami. Poniżej znajdziesz szczegółowe informacje oraz dalsze instrukcje. Oferty produktów, których dotyczy problem, wskazano na końcu niniejszej wiadomości e-mail.
 Dlaczego tak się stało?
 Podjęliśmy to działanie, ponieważ w przypadku tych produktów nie dostarczono obowiązkowych informacji dotyczących zgodności z wymogami. Więcej informacji na temat mających zastosowanie przepisów ustawowych i wykonawczych oraz zasad Amazon znajdziesz na stronie Bezpieczeństwo i zgodność produktu z wymogami . Do identyfikacji problemu i podjęcia decyzji wykorzystaliśmy zautomatyzowane narzędzia, a otrzymane za ich pomocą wyniki poddaliśmy weryfikacji przez eksperta.
 Informacje na temat wymogów dotyczących zgodności dla poszczególnych produktów znajdziesz w tabeli na końcu tej wiadomości e-mail.
 Jak mogę ponownie aktywować oferty?
 Aby dostarczyć niezbędne informacje dotyczące zgodności z wymogami, przejdź do panelu Kondycja konta i ",2026-08-17 13:37:32,RETR,xtbBpB3TuWptOz1atgAA3+
法务/侵权类,older,account_4,weihaizhongxin2024@126.com,"Sat, 1 Aug 2026 00:17:18 +0000",Amazon Services <donotreply@amazon.com>,Skicka in produktsäkerhetsdokumentation för att återaktivera produktposter,,"96
 Skicka in produktsäkerhetsdokumentation för att återaktivera produktposter
 Hej Weihai EU!
 Vissa av dina produktposter har inaktiverats på grund av att det saknas obligatorisk överensstämmelse för dina produkter. Granska informationen och följande steg nedan. De berörda produktposterna visas i slutet av det här e-postmeddelandet.
 Varför händer det här?
 Vi vidtar den här åtgärden eftersom det saknas obligatorisk information om överensstämmelse för de här produkterna. Läs vår hjälpsida för Produktsäkerhet och -överensstämmelse för information om tillämpliga lagar, förordningar och Amazons policyer. Vi har använt oss av både automatiserade metoder och mänskliga expertgranskare för att identifiera problemet och fatta det här beslutet.
 Tabellen i slutet av detta e-postmeddelande innehåller produktspecifika krav för överensstämmelse.
 Hur återaktiverar jag mina produktposter?
 Om du vill tillhandahålla den begärda överensstämmelseinformationen går du till sidan Kontostatus och letar upp begäranden om produktöverensstämmelse:
-
 Om du har den obligatoriska dokumentationen ska du skicka in dina överensstämmelsedokument enligt instruktionerna. Vi återaktiverar endast produkter som u",2026-08-17 13:37:31,RETR,xtbBshDIrmptOxBjtQAA3+
法务/侵权类,older,account_4,weihaizhongxin2024@126.com,"Sat, 1 Aug 2026 00:13:36 +0000",Amazon Services <donotreply@amazon.com>,Åtgärd krävs: Meddelande om borttagning av ASIN,,"96
 Hej Weihai EU!
 Vi har tagit bort några av dina produkter på Amazon.
 Vi har använt oss av en kombination av automatiserade metoder och mänskliga expertgranskare för att identifiera problemet och fatta det här beslutet.
 Varför händer det här?
 Vi har vidtagit denna åtgärd eftersom vi har upptäckt att obligatoriska uppgifter om överensstämmelse saknas för den här produkten. För vissa produkter måste du tillhandahålla information om säkerhet och överensstämmelse för att bekräfta att de är äkta, säkra, tillförlitligt anskaffade och uppfyller gällande lagar. Här hittar du en lista över alla riktlinjer för produktsäkerhet.
 Vi har inte fått de nödvändiga uppgifter som styrker överensstämmelse på det förfallodatum som vi tidigare har bett dig om.
 Hur återaktiverar jag mina produktposter?
 Om du vill se listan över påverkade ASIN-nummer i varje butik och återaktivera dina produkter, måste du skicka in det begärda intyget om överensstämmelse genom att klicka på Lägg till eller överklaga överensstämmelse bredvid det berörda ASIN-numret på översikten Hantera efterlevnad .
 Vi kan endast återaktivera produktposter som uppfyller alla relevanta lagstadgade krav för försäljning. Stäng, ta ",2026-08-17 13:37:31,RETR,xtbBpBSRd2ptOjRTQgAA3O
法务/侵权类,older,account_4,weihaizhongxin2024@126.com,"Sat, 1 Aug 2026 00:12:04 +0000",Amazon Services <donotreply@amazon.com>,Azione richiesta: notifica di rimozione ASIN,,"96
 Gentile Weihai EU,
 abbiamo rimosso alcuni dei tuoi prodotti dai nostri negozi Amazon.
 Abbiamo sfruttato una combinazione di mezzi automatizzati e revisione umana da parte di esperti per identificare questo problema e prendere questa decisione.
 Ciò a cosa è dovuto?
 Abbiamo intrapreso questo provvedimento in quanto il tuo prodotto non dispone delle informazioni obbligatorie sulla conformità. Per alcuni prodotti, chiediamo di fornire le informazioni necessarie a confermarne l'autenticità, la sicurezza, l'attendibilità della provenienza e la conformità alle normative vigenti. Per un elenco delle politiche sulla sicurezza dei prodotti, consulta questa pagina .
 In un'e-mail precedente, le abbiamo richiesto di fornirci le informazioni obbligatorie sulla conformità, ma non abbiamo ricevuto alcun riscontro entro la data prevista.
 Come faccio a riattivare le mie offerte?
 Per visualizzare gli ASIN interessati in ogni negozio e ripristinare le tue offerte, invia i documenti di conformità richiesti cliccando su ""Aggiungi/Contesta conformità"" accanto all'ASIN interessato nella dashboard Gestisci conformità .
 Possiamo ripristinare solo le offerte di prodotti che soddisfano i requisiti",2026-08-17 13:37:31,RETR,xtbBpRl6YGptOdlSTQAA3e
法务/侵权类,older,account_4,weihaizhongxin2024@126.com,"Sat, 1 Aug 2026 00:11:55 +0000",Amazon Services <donotreply@amazon.com>,Soumettre la documentation de sécurité des produits pour réactiver les mises en vente,,"96
 Soumettre la documentation de sécurité des produits pour réactiver les mises en vente
 Bonjour Weihai EU,
 Certaines de vos mises en vente ont été désactivées, car vos produits ne respectaient pas des exigences de conformité obligatoires. Consultez les détails et les étapes suivantes ci-dessous. Les produits mis en vente concernés figurent à la fin de cet e-mail.
 Pourquoi cela se produit-il ?
 Nous prenons cette mesure, car ces produits ne présentent pas les informations de conformité obligatoires. Consultez notre page d’aide Sécurité et conformité des produits pour obtenir des informations sur les lois, réglementations et politiques Amazon applicables. Nous nous sommes appuyés sur une combinaison de moyens automatisés et de contrôles menés par des personnes expérimentées pour identifier ce problème et prendre cette décision.
 Le tableau situé à la fin de cet e-mail présente les exigences de conformité spécifiques aux produits.
 Comment réactiver mes produits mis en vente ?
 Pour fournir les informations de conformité requises, accédez à la page État du compte et localisez les demandes de conformité des produits :
-
 Si vous disposez des documents requis, suivez les instructio",2026-08-17 13:37:30,RETR,xtbBpBB4XmptOdBQ2gAA32
法务/侵权类,older,account_4,weihaizhongxin2024@126.com,"Fri, 31 Jul 2026 23:32:42 +0000",Amazon Services <donotreply@amazon.com>,Presenta la documentación sobre seguridad del producto para reactivar los listings,,"96
 Presenta la documentación sobre seguridad del producto para reactivar los listings
 Hola, Weihai EU:
 Algunos de tus listings se han desactivado debido a que tus productos no cumplen los requisitos obligatorios. Revisa a continuación los detalles y siguientes pasos. Los listings afectados aparecen al final de este correo electrónico.
 ¿A qué se debe esto?
 Tomamos esta medida porque a estos productos les falta información de cumplimiento normativo obligatoria. Para más información sobre las leyes, normativas y políticas de Amazon aplicables, consulta Cumplimiento y seguridad de los productos . Hemos usado una combinación de medios automatizados y revisión humana experta para identificar la incidencia y tomar una decisión.
 En la tabla que aparece al final de este correo electrónico se proporcionan los requisitos de cumplimiento normativo específicos del producto.
 ¿Cómo puedo reactivar mis listings?
 Para proporcionar la información de cumplimiento normativo obligatoria, ve a la página Estado de la cuenta y localiza las solicitudes de cumplimiento normativo del producto:
-
 Si dispones de la documentación obligatoria, sigue las instrucciones para presentar los documentos de cum",2026-08-17 13:37:29,RETR,xtbBpR0pD2ptMJ0l5wAA32
法务/侵权类,older,account_4,weihaizhongxin2024@126.com,"Fri, 31 Jul 2026 23:27:07 +0000",Amazon Services <donotreply@amazon.com>,"Dien productveiligheidsdocumentatie in om productvermeldingen
 opnieuw te activeren",,"96
 Dien productveiligheidsdocumentatie in om productvermeldingen opnieuw te activeren
 Hallo Weihai EU,
 Sommige van je productvermeldingen zijn gedeactiveerd omdat er verplichte nalevingsvereisten voor je producten ontbreken. Bekijk de gegevens en de stappen hieronder. De betreffende productvermeldingen worden aan het einde van deze e-mail weergegeven.
 Waarom gebeurt dit?
 We hebben deze actie ondernomen omdat voor deze producten verplichte nalevingsinformatie ontbreekt. Raadpleeg onze hulp-pagina Productveiligheid en -conformiteit voor informatie over de toepasselijke wet- en regelgeving en het Amazon-beleid. We hebben gebruikgemaakt van een combinatie van geautomatiseerde middelen en deskundige menselijke beoordeling om dit probleem te identificeren en deze beslissing te nemen.
 De tabel aan het einde van deze e-mail bevat productspecifieke nalevingsvereisten.
 Hoe activeer ik mijn productvermeldingen opnieuw?
 Als je de vereiste nalevingsgegevens wilt verstrekken, ga je naar de pagina Accountstatus en zoek je de aanvragen voor productconformiteit:
-
 Als je over de vereiste documentatie beschikt, volg je de instructies om je nalevingsdocumenten in te dienen. We zullen alleen ",2026-08-17 13:37:29,RETR,xtbBsg-UumptL08pfwAA3i
法务/侵权类,older,account_4,weihaizhongxin2024@126.com,"Fri, 31 Jul 2026 07:22:18 +0000",The Fulfillment by Amazon team <donotreply@amazon.com>,Act today & improve Sales on Excess Inventory,,"96
This title will display on mobile devices
 Optional preview text
 Hello,
We noticed you have a number of ASIN(s) that have excess levels of inventory. We are reaching out to inform you about multiple options to improve your Unit Sales on your aged and/or excess inventory in Amazon Fulfillment Centers. Our goal is to help you increase the sales on this excess inventory:
B0FD8RGZX3, B0FD8PWPNK
We encourage you to take Amazon recommended actions such as Create Outlet deals, Sponsor Products Ad, to improve sell through of this excess inventory and potentially reduce your chances of incurring aged inventory fee.
 Outlet deals
 Amazon Outlet is a great place for customers to shop for overstock deals, which offers a selection of items, such as electronics, toys, beauty, and kitchen.
 Create Outlet Deal Today!
 Sponsored Product Ads
 Sponsored Products is a cost-per-click advertising solution that provides advertisers with a foundation of controls and visibility to help get their individual products discovered, and help generate sales from traffic sources in the Amazon store and on select premium apps and websites.
 Create Sponsored Products Ad Today!
We encourage you to view and execut",2026-08-17 13:37:28,RETR,xtbBsw0U+WpsTS2ikAAA3H
法务/侵权类,older,account_4,weihaizhongxin2024@126.com,"Fri, 31 Jul 2026 07:18:49 +0000","""Amazon.de"" <store-news@amazon.de>",Dein Einkaufswagen wartet,,"https://www.amazon.de/gp/cart/view.html?ref_=cor
145 PCS Eisenbahn Elektrisch Cube Track, 3D Schwerkrafttrotzendes Zug Set, DIY Zugstrecken Spielzeug, STEM Lernspielzeug &amp; Geschenkidee für Kinder 3–8 Jahre, Kreatives Bauen Spielzeug
 41,97 €
https://www.amazon.de/gp/product/B0H11DGDRL/?ref_=
Einkaufswagen anzeigen
https://www.amazon.de/gp/cart/view.html?ref_=cor
Schaue dir weitere Optionen an
Eisenbahn Elektrisch Set Kinder 3 4 5 6 7 8, 225 Teile, 80 Schienen 2 Zügen | USB-aufladbare DIY Zugstrecken-Set für umbaubare 3D-Strecken mit Kurven Steigungen Überkopfpassagen, STEM Geschenk Kinder 3–8
 53,99 €
https://www.amazon.de/gp/product/B0GJSC6831/?ref_=ci_mcx_mr_2p_0_lm
KlickRail 88PCS Elektrisches Zug Gleis Set | Mit flexiblem 3D Gleis, Motorisiertem Auto, schwerkraftdefiend, ABS Kunststoff, für 3-8 Jahre, Bau und Renn Spielzeug
 -19 % 57,13 € UVP: 70,16 €
https://www.amazon.de/gp/product/B0FZ9Z5JL1/?ref_=ci_mcx_mr_2p_1_lm
15 PCS Eisenbahn Cube Track, 3D Schwerkrafttrotzendes Zug Set, DIY Zugstrecken Spielzeug, STEM Lernspielzeug &amp; Geschenkidee für Kinder 3–8 Jahre, Kreatives Bauen Spielzeug
 13,40 €
https://www.amazon.de/gp/product/B0H11D2KV8/?ref_=ci_mcx_mr_2p_2_lm
hahalan",2026-08-17 13:37:28,RETR,xtbBpB3fxWpsTF2cZQAA3N
法务/侵权类,older,account_4,weihaizhongxin2024@126.com,"Thu, 30 Jul 2026 04:16:04 +0000",Notificaciones de Seller Central <donotreply@amazon.com>,"Soluciona los errores de precio para restablecer los listings
 desactivados.",,"96
 Eliminar errores de precio
 Te informamos de que hemos detectado posibles errores de precio en algunos de tus listados de productos de amazon.es.
 Listings desactivados debido a posibles errores de precio
 Hola:
 Hemos desactivado los listings que se indican en este correo electrónico o bien debido a errores de precio detectados o bien porque no cumplen con la Política de precios justos del sitio web de Amazon . Para obtener más información y tomar las medidas necesarias para restablecer estos listings, consulta la página Estado de los precios de Seller Central.
 Restablecer listings desactivados
 ASIN
 SKU
 Título
 Precio
 B0GYPZ58JY
 V4-KM0O-MXDQ
 Roaxkois Rueda de alfarería eléctrica para niños – Juego de cerámica DIY con arcilla, colores, herramientas, delantal y pegatinas, mini rueda de alfarero a partir de 6 años, 2 niveles, diseño de gato
 €100
 Algunos ejemplos de errores de precio son ofertas con un precio inferior al precio mínimo especificado, por encima de tu precio máximo especificado, o con un precio considerablemente superior al de los precios ofrecidos recientemente en Amazon o en otros sitios web. Los vendedores son responsables de fijar sus propios precios en ",2026-08-17 13:37:24,RETR,xtbBpQdqUGpq0AehdAAA3a
法务/侵权类,older,account_4,weihaizhongxin2024@126.com,"Thu, 30 Jul 2026 04:16:02 +0000",Powiadomienia Seller Central <donotreply@amazon.com>,"Rozwiąż błędy w obrębie cen, aby umożliwić ponowną aktywację ofert",,"96
 Zatrzymanie spowodowane błędem ceny
 Wykryliśmy potencjalne błędy cen w Twoich ofertach produktów na amazon.pl.
 Oferty zdezaktywowane z powodu podejrzenia błędów cenowych
 Dzień dobry,
 zdezaktywowaliśmy oferty wymienione w tej wiadomości z powodu wykrytych błędów cen lub z racji wymogów zasad Amazon Marketplace dotyczących uczciwego ustalania cen . Aby wyświetlić więcej informacji i podjąć kroki w celu przywrócenia tych ofert, odwiedź stronę Kondycja cen w Seller Central.
 Przywróć nieaktywne oferty
 ASIN
 SKU
 Tytuł
 Cena
 B0GYPZ58JY
 V4-KM0O-MXDQ
 Roaxkois Elektryczne koło garncarskie dla dzieci – zestaw garncarski DIY z gliną, farbami, narzędziami, fartuchem i naklejkami – mini koło garncarskie od 6 lat, 2 stopnie, wzór kota – prezent dla
 zł400
 Przykładami błędów cen są oferty wycenione poniżej określonej przez Ciebie ceny minimalnej lub powyżej określonej przez Ciebie ceny maksymalnej albo oferty wycenione znacznie wyżej niż ostatnie takie oferty zamieszczane na lub poza Amazon. Sprzedawcy są odpowiedzialni za ustalanie własnych cen w naszym sklepie. W miarę możliwości udostępniamy ceny referencyjne produktów, aby pomóc w określeniu typowych zakresów cenowych oczekiwany",2026-08-17 13:37:24,RETR,xtbBpAZqUGpq0AafoAAA3x
法务/侵权类,older,account_4,weihaizhongxin2024@126.com,"Wed, 29 Jul 2026 16:57:33 +0000","""Amazon.pl"" <donotreply@amazon.com>",Informacje o Twoim koncie bankowym Amazon zostały pomyślnie zaktualizowane,,"96
 Informacje o Twoim koncie bankowym Amazon zostały pomyślnie zaktualizowane
 Witaj! Z tej strony Amazon.
Pomyślnie zmieniono informacje dotyczące konta bankowego powiązanego z Twoim kontem sprzedawcy. Zmiana ta nie wpłynie na jakiekolwiek przelewy środków zainicjowane przed jej wprowadzeniem.
Jeśli ta zmiana obejmowała dodanie nowego konta bankowego, przyszłe przelewy będą realizowane na to nowe konto bankowe. Pamiętaj, że przed wprowadzeniem jakichkolwiek zmian w danych konta bankowego obowiązuje trzydniowy okres weryfikacyjny. Przelewy środków mogą zostać zainicjowane dopiero po upływie tego okresu, który rozpoczyna się w dniu dodania nowych informacji o koncie bankowym na koncie sprzedawcy.
Jeśli ta zmiana obejmowała usunięcie konta bankowego, usunięcie powiodło się, a przyszłe przelewy będą realizowane na konto bankowe powiązane już z kontem sprzedawcy.
Informacje o koncie bankowym można też zaktualizować w dowolnym momencie, przechodząc do sekcji Ustawienia konta sprzedawcy. Aby uzyskać dodatkowe informacje, zapoznaj się z informacjami dostępnymi online na naszych stronach pomocy.
Jeśli nie zmieniono informacji dotyczących konta bankowego, skontaktuj się z działem obsługi s",2026-08-17 13:37:23,RETR,xtbBpACBZ2pqMQA71wAA3f
法务/侵权类,older,account_4,weihaizhongxin2024@126.com,"Wed, 29 Jul 2026 16:47:43 +0000","""Amazon.es"" <donotreply@amazon.com>",La información de tu cuenta bancaria de Amazon se ha actualizado correctamente,,"96
 La información de tu cuenta bancaria de Amazon se ha actualizado correctamente
 Te saludamos desde Amazon:
Has modificado correctamente la información de la cuenta bancaria asociada a tu cuenta de vendedor. Este cambio no afectará a ninguna transferencia de fondos iniciada antes del cambio.
Si este cambio implicó añadir una nueva cuenta bancaria, tus futuras transferencias se enviarán a esta nueva cuenta bancaria. Ten en cuenta que hay una retención de seguridad obligatoria de tres días antes de que cualquier cambio en la información de la cuenta bancaria entre en vigor. No podrán iniciarse transferencias de fondos hasta que transcurra dicho periodo de tiempo, que comenzará a partir del momento en que confirmes los nuevos datos bancarios en tu cuenta de vendedor.
Si este cambio implicó la eliminación de una cuenta bancaria, la eliminación se ha realizado correctamente y las transferencias futuras se enviarán a la cuenta bancaria ya asociada a tu cuenta de vendedor.
Puedes actualizar tus datos bancarios cuando quieras en la sección Configuración de tu cuenta de vendedor. Para obtener información adicional, visita nuestras páginas de ayuda en línea.
Si no has modificado la inform",2026-08-17 13:37:21,RETR,xtbBpBHs0mpqLrEu9QAA3P
法务/侵权类,older,account_4,weihaizhongxin2024@126.com,"Wed, 29 Jul 2026 16:45:55 +0000","""Amazon.es"" <donotreply@amazon.com>",La información de tu cuenta bancaria de Amazon se ha actualizado correctamente,,"96
 La información de tu cuenta bancaria de Amazon se ha actualizado correctamente
 Te saludamos desde Amazon:
Has modificado correctamente la información de la cuenta bancaria asociada a tu cuenta de vendedor. Este cambio no afectará a ninguna transferencia de fondos iniciada antes del cambio.
Si este cambio implicó añadir una nueva cuenta bancaria, tus futuras transferencias se enviarán a esta nueva cuenta bancaria. Ten en cuenta que hay una retención de seguridad obligatoria de tres días antes de que cualquier cambio en la información de la cuenta bancaria entre en vigor. No podrán iniciarse transferencias de fondos hasta que transcurra dicho periodo de tiempo, que comenzará a partir del momento en que confirmes los nuevos datos bancarios en tu cuenta de vendedor.
Si este cambio implicó la eliminación de una cuenta bancaria, la eliminación se ha realizado correctamente y las transferencias futuras se enviarán a la cuenta bancaria ya asociada a tu cuenta de vendedor.
Puedes actualizar tus datos bancarios cuando quieras en la sección Configuración de tu cuenta de vendedor. Para obtener información adicional, visita nuestras páginas de ayuda en línea.
Si no has modificado la inform",2026-08-17 13:37:21,RETR,xtbBpQfRt2pqLkc13QAA3F
法务/侵权类,older,account_4,weihaizhongxin2024@126.com,"Wed, 29 Jul 2026 11:26:20 +0000",Amazon Europe <donotreply@amazon.com>,Ukończ rejestrację opakowań UE według kraju,,"Ukończ rejestrację opakowań UE według kraju
 96
 Kroki dla poszczególnych krajów, aby uzyskać numer rejestracyjny EPR do 12 sierpnia 2026 r.
                                                     ‍͏  ͏  ‍͏  ͏  ‍͏  ͏  ‍͏  ͏  ‍͏  ͏  ‍͏  ͏  ‍͏  ͏  ‍͏  ͏  ‍͏  ͏  ‍͏  ͏  ‍͏  ͏  ‍͏  ͏  ‍͏  ͏  ‍͏  ͏  ‍͏  ͏  ‍͏  ͏  ‍͏  ͏  ‍͏  ͏  ‍͏  ͏  ‍͏  ͏  ‍͏  ͏  ‍͏  ͏  ‍͏  ͏  ‍͏  ͏  ‍͏  ͏  ‍͏  ͏  ‍͏  ͏  ‍͏  ͏  ‍͏  ͏  ‍͏  ͏  ‍͏  ͏  ‍͏  ͏  ‍͏  ͏  ‍͏  ͏  ‍͏  ͏  ‍͏  ͏  ‍͏  ͏  ‍͏  ͏  ‍͏  ͏ ͏‌ ­ ­ ­ ­ ͏‌ ­ ­ ­ ­ ͏‌ ­ ­ ­ ­ ͏‌ ­ ­ ­ ­ ͏‌ ­ ­ ­ ­ ͏‌ ­ ­ ­ ­ ͏‌ ­ ­ ­ ­ ͏‌ ­ ­ ­ ­ ͏‌ ­ ­ ­ ­ ͏‌ ­ ­ ­ ­ ͏‌ ­ ­ ­ ­ ͏‌ ­ ­ ­ ­ ͏‌ ­ ­ ­ ­ ͏‌ ­ ­ ­ ­ ͏‌ ­ ­ ­ ­ ͏‌ ­ ­ ­ ­ ͏‌ ­ ­ ­ ­ ͏‌ ­ ­ ­ ­ ͏‌ ­ ­ ­ ­ ͏‌ ­ ­ ­ ­ ͏‌ ­ ­ ­ ­ ͏‌ ­ ­ ­ ­ ͏‌ ­ ­ ­ ­ ͏‌ ­ ­ ­ ­ ͏‌ ­ ­ ­ ­ ͏‌ ­ ­ ­ ­ ͏‌ ­ ­ ­ ­ ͏‌ ­ ­ ­ ­ ͏‌ ­ ­ ­ ­ ͏‌ ­ ­ ­ ­ ͏‌ ­ ­ ­ ­ ͏‌ ­ ­ ­ ­ ͏‌ ­ ­ ­ ­ ͏‌ ­ ­ ­ ­ ͏‌ ­ ­ ­ ­ ͏‌ ­ ­ ­ ­ ͏‌ ­ ­ ­ ­ ͏‌ ­ ­ ­ ­ ͏‌ ­ ­ ­ ­ ͏‌ ­ ­ ­ ­ ͏‌ ­ ­ ­ ­ ͏‌ ­ ­ ­ ­ ͏‌ ­ ­ ­ ­ ͏‌ ­ ­ ­ ­ ͏‌ ­ ­ ­ ­ ͏‌ ­ ­ ­ ­ ͏‌ ­ ­ ­ ­ ͏‌ ­ ­ ­ ­ ͏‌ ­ ­ ­ ­ ͏‌ ­ ­ ­ ­ ͏‌ ­ ­ ­ ­ ͏‌ ­ ­ ­ ­ ͏‌ ­ ­ ­ ­ ͏‌ ­ ­ ­ ­ ͏‌ ­ ­ ­ ­ ͏‌ ­ ­ ­ ­ ͏‌ ­ ­ ­ ­ ͏‌ ­ ­ ­ ­ ͏‌ ­ ­ ­ ­ ͏‌ ­ ­ ­ ­ ͏‌ ­ ­ ­ ­ ͏‌ ­ ­ ­ ­ ͏‌ ­ ­ ­ ­ ͏‌ ­ ­ ­ ­ ͏‌ ­ ­ ­ ­
 Kroki dla poszczeg",2026-08-17 13:37:20,RETR,xtbBswAG62pp42CvWwAA3q
法务/侵权类,older,account_4,weihaizhongxin2024@126.com,"Tue, 28 Jul 2026 17:52:28 +0000",Amazon Services <donotreply@amazon.com>,Presentar información de cumplimiento normativo de la RAP en Portugal,,"96
 La normativa portuguesa sobre la RAP se aplica a los productos vendidos a clientes de Portugal.
 Hola,
Para cumplir la legislación portuguesa sobre la responsabilidad ampliada del productor (RAP) , tienes que obtener números de registro de responsabilidad ampliada del productor para los productos que vendas a clientes de Portugal.
La RAP es un principio de política medioambiental que hace que el productor sea responsable de los productos a lo largo de todo su ciclo de vida. Esto incluye todo, desde el diseño del producto hasta la gestión al final de su vida útil, como la recogida, clasificación y reciclaje de residuos.
Por lo general, se entiende por ""productor"" a la parte que comercializa por primera vez en un país un producto sujeto a la normativa RAP.
Tienes que presentarnos los números de registro de la RAP para las siguientes categorías de productos reguladas:
- Embalaje
- Pilas y baterías Para presentarnos tu número de registro de la normativa y demostrar su cumplimiento normativo, sigue los pasos que se indican a continuación:
- En tu cuenta de Seller Central de España, ve a  Estado de la cuenta .
- Selecciona  Cumplimiento normativo .
- Selecciona  Enviar información so",2026-08-17 13:37:16,RETR,xtbBpB8H7Gpo7F+AewAA3a
法务/侵权类,older,account_4,weihaizhongxin2024@126.com,"Thu, 23 Jul 2026 14:31:45 +0000",Amazon Services <donotreply@amazon.com>,Pagamento elaborato con successo,,"96
This title will display on mobile devices
 Congratulazioni. Il pagamento è stato elaborato con successo e ti sarà accreditato a breve.
 Tentativo di pagamento
Congratulazioni Weihai EU! Il pagamento è stato elaborato con successo e ti sarà accreditato nel giro di da tre a cinque giorni.
In data 07/23/26 14:31 CEST, abbiamo avviato un trasferimento sul tuo metodo di pagamento (conto bancario che termina con 229) dell’importo di €
 5,84.
 Se l’importo è inferiore a quanto atteso, tieni in considerazione le seguenti domande:
 Hai un saldo non disponibile? Amazon potrebbe trattenere una certa somma per coprire i costi di eventuali resi, reclami o contestazioni di una transazione (chargeback) da parte degli acquirenti. In questo caso, il saldo finale nel tuo report sui pagamenti mostrerà il saldo non disponibile corrispondente alla cifra trattenuta.
 Le tue vendite coprono tutte le commissioni e i resi per questo ciclo di fatturazione? L’importo del pagamento rispecchia le attività di vendita, le commissioni di vendita e le tariffe per promozioni o servizi. Ti consigliamo di rivedere il report sui pagamenti nella scheda Report di Seller Central per comprendere le diverse spese che po",2026-08-17 13:36:56,RETR,xtbBpBWxl2piJdV98gAA3g
法务/侵权类,older,account_4,weihaizhongxin2024@126.com,"Thu, 23 Jul 2026 14:28:11 +0000",Amazon Seller Newsletter <donotreply@amazon.com>,Seller News: July 2026,,"Seller News: July 2026
 96
 Updates to Holiday 2026 and Prime Big Deal Days, Seller Central Passkeys, Featured Offer eligibility, and more.
                                                     ‍͏  ͏  ‍͏  ͏  ‍͏  ͏  ‍͏  ͏  ‍͏  ͏  ‍͏  ͏  ‍͏  ͏  ‍͏  ͏  ‍͏  ͏  ‍͏  ͏  ‍͏  ͏  ‍͏  ͏  ‍͏  ͏  ‍͏  ͏  ‍͏  ͏  ‍͏  ͏  ‍͏  ͏  ‍͏  ͏  ‍͏  ͏  ‍͏  ͏  ‍͏  ͏  ‍͏  ͏  ‍͏  ͏  ‍͏  ͏  ‍͏  ͏  ‍͏  ͏  ‍͏  ͏  ‍͏  ͏  ‍͏  ͏  ‍͏  ͏  ‍͏  ͏  ‍͏  ͏  ‍͏  ͏  ‍͏  ͏  ‍͏  ͏  ‍͏  ͏  ‍͏  ͏  ‍͏  ͏  ‍͏  ͏ ͏‌ ­ ­ ­ ­ ͏‌ ­ ­ ­ ­ ͏‌ ­ ­ ­ ­ ͏‌ ­ ­ ­ ­ ͏‌ ­ ­ ­ ­ ͏‌ ­ ­ ­ ­ ͏‌ ­ ­ ­ ­ ͏‌ ­ ­ ­ ­ ͏‌ ­ ­ ­ ­ ͏‌ ­ ­ ­ ­ ͏‌ ­ ­ ­ ­ ͏‌ ­ ­ ­ ­ ͏‌ ­ ­ ­ ­ ͏‌ ­ ­ ­ ­ ͏‌ ­ ­ ­ ­ ͏‌ ­ ­ ­ ­ ͏‌ ­ ­ ­ ­ ͏‌ ­ ­ ­ ­ ͏‌ ­ ­ ­ ­ ͏‌ ­ ­ ­ ­ ͏‌ ­ ­ ­ ­ ͏‌ ­ ­ ­ ­ ͏‌ ­ ­ ­ ­ ͏‌ ­ ­ ­ ­ ͏‌ ­ ­ ­ ­ ͏‌ ­ ­ ­ ­ ͏‌ ­ ­ ­ ­ ͏‌ ­ ­ ­ ­ ͏‌ ­ ­ ­ ­ ͏‌ ­ ­ ­ ­ ͏‌ ­ ­ ­ ­ ͏‌ ­ ­ ­ ­ ͏‌ ­ ­ ­ ­ ͏‌ ­ ­ ­ ­ ͏‌ ­ ­ ­ ­ ͏‌ ­ ­ ­ ­ ͏‌ ­ ­ ­ ­ ͏‌ ­ ­ ­ ­ ͏‌ ­ ­ ­ ­ ͏‌ ­ ­ ­ ­ ͏‌ ­ ­ ­ ­ ͏‌ ­ ­ ­ ­ ͏‌ ­ ­ ­ ­ ͏‌ ­ ­ ­ ­ ͏‌ ­ ­ ­ ­ ͏‌ ­ ­ ­ ­ ͏‌ ­ ­ ­ ­ ͏‌ ­ ­ ­ ­ ͏‌ ­ ­ ­ ­ ͏‌ ­ ­ ­ ­ ͏‌ ­ ­ ­ ­ ͏‌ ­ ­ ­ ­ ͏‌ ­ ­ ­ ­ ͏‌ ­ ­ ­ ­ ͏‌ ­ ­ ­ ­ ͏‌ ­ ­ ­ ­ ͏‌ ­ ­ ­ ­ ͏‌ ­ ­ ­ ­ ͏‌ ­ ­ ­ ­ ͏‌ ­ ­ ­ ­ ͏‌ ­ ­ ­ ­ ͏‌ ­ ­ ­ ­ ͏‌ ­ ­ ­ ­ ͏‌ ­ ­ ­ ­ ͏‌ ­ ­ ­ ­
 Our Seller Newslett",2026-08-17 13:36:56,RETR,xtbBpB97YWpiJP94yAAA3C
法务/侵权类,older,account_4,weihaizhongxin2024@126.com,"Thu, 23 Jul 2026 08:09:30 +0000",Amazon Europe <donotreply@amazon.com>,Seller News: July 2026,,"Seller News: July 2026
 96
 Learn more about new customs requirements for EU imports, Featured Offer eligibility updates, expanding promotions to multiple EU stores and more.
                                                     ‍͏  ͏  ‍͏  ͏  ‍͏  ͏  ‍͏  ͏  ‍͏  ͏  ‍͏  ͏  ‍͏  ͏  ‍͏  ͏  ‍͏  ͏  ‍͏  ͏  ‍͏  ͏  ‍͏  ͏  ‍͏  ͏  ‍͏  ͏  ‍͏  ͏  ‍͏  ͏  ‍͏  ͏  ‍͏  ͏  ‍͏  ͏  ‍͏  ͏  ‍͏  ͏  ‍͏  ͏  ‍͏  ͏  ‍͏  ͏  ‍͏  ͏  ‍͏  ͏  ‍͏  ͏  ‍͏  ͏  ‍͏  ͏  ‍͏  ͏  ‍͏  ͏  ‍͏  ͏  ‍͏  ͏  ‍͏  ͏  ‍͏  ͏  ‍͏  ͏  ‍͏  ͏  ‍͏  ͏  ‍͏  ͏ ͏‌ ­ ­ ­ ­ ͏‌ ­ ­ ­ ­ ͏‌ ­ ­ ­ ­ ͏‌ ­ ­ ­ ­ ͏‌ ­ ­ ­ ­ ͏‌ ­ ­ ­ ­ ͏‌ ­ ­ ­ ­ ͏‌ ­ ­ ­ ­ ͏‌ ­ ­ ­ ­ ͏‌ ­ ­ ­ ­ ͏‌ ­ ­ ­ ­ ͏‌ ­ ­ ­ ­ ͏‌ ­ ­ ­ ­ ͏‌ ­ ­ ­ ­ ͏‌ ­ ­ ­ ­ ͏‌ ­ ­ ­ ­ ͏‌ ­ ­ ­ ­ ͏‌ ­ ­ ­ ­ ͏‌ ­ ­ ­ ­ ͏‌ ­ ­ ­ ­ ͏‌ ­ ­ ­ ­ ͏‌ ­ ­ ­ ­ ͏‌ ­ ­ ­ ­ ͏‌ ­ ­ ­ ­ ͏‌ ­ ­ ­ ­ ͏‌ ­ ­ ­ ­ ͏‌ ­ ­ ­ ­ ͏‌ ­ ­ ­ ­ ͏‌ ­ ­ ­ ­ ͏‌ ­ ­ ­ ­ ͏‌ ­ ­ ­ ­ ͏‌ ­ ­ ­ ­ ͏‌ ­ ­ ­ ­ ͏‌ ­ ­ ­ ­ ͏‌ ­ ­ ­ ­ ͏‌ ­ ­ ­ ­ ͏‌ ­ ­ ­ ­ ͏‌ ­ ­ ­ ­ ͏‌ ­ ­ ­ ­ ͏‌ ­ ­ ­ ­ ͏‌ ­ ­ ­ ­ ͏‌ ­ ­ ­ ­ ͏‌ ­ ­ ­ ­ ͏‌ ­ ­ ­ ­ ͏‌ ­ ­ ­ ­ ͏‌ ­ ­ ­ ­ ͏‌ ­ ­ ­ ­ ͏‌ ­ ­ ­ ­ ͏‌ ­ ­ ­ ­ ͏‌ ­ ­ ­ ­ ͏‌ ­ ­ ­ ­ ͏‌ ­ ­ ­ ­ ͏‌ ­ ­ ­ ­ ͏‌ ­ ­ ­ ­ ͏‌ ­ ­ ­ ­ ͏‌ ­ ­ ­ ­ ͏‌ ­ ­ ­ ­ ͏‌ ­ ­ ­ ­ ͏‌ ­ ­ ­ ­ ͏‌ ­ ­ ­ ­ ͏‌ ­ ­ ­ ­ ͏‌ ­ ­ ­ ­ ͏‌ ­ ­ ­ ­ ͏‌ ­ ­ ",2026-08-17 13:36:53,RETR,xtbBpR01G2phzD0xkQAA3M
法务/侵权类,older,account_4,weihaizhongxin2024@126.com,"Wed, 22 Jul 2026 19:14:46 +0000",Amazon Services <donotreply@amazon.com>,Presenta la documentación sobre seguridad del producto para reactivar los listings,,"96
 Presenta la documentación sobre seguridad del producto para reactivar los listings
 Hola, Weihai EU:
 Algunos de tus listings se han desactivado debido a que tus productos no cumplen los requisitos obligatorios. Revisa a continuación los detalles y siguientes pasos. Los listings afectados aparecen al final de este correo electrónico.
 ¿A qué se debe esto?
 Tomamos esta medida porque a estos productos les falta información de cumplimiento normativo obligatoria. Para más información sobre las leyes, normativas y políticas de Amazon aplicables, consulta Cumplimiento y seguridad de los productos . Hemos usado una combinación de medios automatizados y revisión humana experta para identificar la incidencia y tomar una decisión.
 En la tabla que aparece al final de este correo electrónico se proporcionan los requisitos de cumplimiento normativo específicos del producto.
 ¿Cómo puedo reactivar mis listings?
 Para proporcionar la información de cumplimiento normativo obligatoria, ve a la página Estado de la cuenta y localiza las solicitudes de cumplimiento normativo del producto:
-
 Si dispones de la documentación obligatoria, sigue las instrucciones para presentar los documentos de cum",2026-08-17 13:36:52,RETR,xtbBsgmiiGphFqlV7QAA3d
法务/侵权类,older,account_4,weihaizhongxin2024@126.com,"Wed, 22 Jul 2026 19:13:33 +0000",Amazon Services <donotreply@amazon.com>,"Dien productveiligheidsdocumentatie in om productvermeldingen
 opnieuw te activeren",,"96
 Dien productveiligheidsdocumentatie in om productvermeldingen opnieuw te activeren
 Hallo Weihai EU,
 Sommige van je productvermeldingen zijn gedeactiveerd omdat er verplichte nalevingsvereisten voor je producten ontbreken. Bekijk de gegevens en de stappen hieronder. De betreffende productvermeldingen worden aan het einde van deze e-mail weergegeven.
 Waarom gebeurt dit?
 We hebben deze actie ondernomen omdat voor deze producten verplichte nalevingsinformatie ontbreekt. Raadpleeg onze hulp-pagina Productveiligheid en -conformiteit voor informatie over de toepasselijke wet- en regelgeving en het Amazon-beleid. We hebben gebruikgemaakt van een combinatie van geautomatiseerde middelen en deskundige menselijke beoordeling om dit probleem te identificeren en deze beslissing te nemen.
 De tabel aan het einde van deze e-mail bevat productspecifieke nalevingsvereisten.
 Hoe activeer ik mijn productvermeldingen opnieuw?
 Als je de vereiste nalevingsgegevens wilt verstrekken, ga je naar de pagina Accountstatus en zoek je de aanvragen voor productconformiteit:
-
 Als je over de vereiste documentatie beschikt, volg je de instructies om je nalevingsdocumenten in te dienen. We zullen alleen ",2026-08-17 13:36:51,RETR,xtbBpACQdmphFmBG4AAA3Z
法务/侵权类,older,account_4,weihaizhongxin2024@126.com,"Wed, 22 Jul 2026 19:11:38 +0000",Amazon Services <donotreply@amazon.com>,Przesyłanie dokumentacji dotyczącej bezpieczeństwa produktu w celu ponownego aktywowania ofert,,"96
 Przesyłanie dokumentacji dotyczącej bezpieczeństwa produktu w celu ponownego aktywowania ofert
 Dzień dobry Weihai EU,
 niektóre z Twoich ofert zostały zdezaktywowane z powodu niespełnienia obowiązków dotyczących zgodności wystawianych przez Ciebie produktów z wymogami. Poniżej znajdziesz szczegółowe informacje oraz dalsze instrukcje. Oferty produktów, których dotyczy problem, wskazano na końcu niniejszej wiadomości e-mail.
 Dlaczego tak się stało?
 Podjęliśmy to działanie, ponieważ w przypadku tych produktów nie dostarczono obowiązkowych informacji dotyczących zgodności z wymogami. Więcej informacji na temat mających zastosowanie przepisów ustawowych i wykonawczych oraz zasad Amazon znajdziesz na stronie Bezpieczeństwo i zgodność produktu z wymogami . Do identyfikacji problemu i podjęcia decyzji wykorzystaliśmy zautomatyzowane narzędzia, a otrzymane za ich pomocą wyniki poddaliśmy weryfikacji przez eksperta.
 Informacje na temat wymogów dotyczących zgodności dla poszczególnych produktów znajdziesz w tabeli na końcu tej wiadomości e-mail.
 Jak mogę ponownie aktywować oferty?
 Aby dostarczyć niezbędne informacje dotyczące zgodności z wymogami, przejdź do panelu Kondycja konta i ",2026-08-17 13:36:50,RETR,xtbBsg5zWWphFe5TWQAA3s
法务/侵权类,older,account_4,weihaizhongxin2024@126.com,"Wed, 22 Jul 2026 19:11:18 +0000",Amazon Services <donotreply@amazon.com>,Skicka in produktsäkerhetsdokumentation för att återaktivera produktposter,,"96
 Skicka in produktsäkerhetsdokumentation för att återaktivera produktposter
 Hej Weihai EU!
 Vissa av dina produktposter har inaktiverats på grund av att det saknas obligatorisk överensstämmelse för dina produkter. Granska informationen och följande steg nedan. De berörda produktposterna visas i slutet av det här e-postmeddelandet.
 Varför händer det här?
 Vi vidtar den här åtgärden eftersom det saknas obligatorisk information om överensstämmelse för de här produkterna. Läs vår hjälpsida för Produktsäkerhet och -överensstämmelse för information om tillämpliga lagar, förordningar och Amazons policyer. Vi har använt oss av både automatiserade metoder och mänskliga expertgranskare för att identifiera problemet och fatta det här beslutet.
 Tabellen i slutet av detta e-postmeddelande innehåller produktspecifika krav för överensstämmelse.
 Hur återaktiverar jag mina produktposter?
 Om du vill tillhandahålla den begärda överensstämmelseinformationen går du till sidan Kontostatus och letar upp begäranden om produktöverensstämmelse:
-
 Om du har den obligatoriska dokumentationen ska du skicka in dina överensstämmelsedokument enligt instruktionerna. Vi återaktiverar endast produkter som u",2026-08-17 13:36:50,RETR,xtbBsxhuVGphFdhP2gAA3C
法务/侵权类,older,account_4,weihaizhongxin2024@126.com,"Wed, 22 Jul 2026 19:09:21 +0000",Amazon Services <donotreply@amazon.com>,"Invia la documentazione sulla sicurezza del prodotto per riattivare
 le offerte",,"96
 Invia la documentazione sulla sicurezza del prodotto per riattivare le offerte
 Gentile Weihai EU,
 Alcune delle tue offerte sono state disattivate a causa della mancanza di alcuni requisiti di conformità obbligatori per i tuoi prodotti. Rivedi i dettagli e i passi successivi riportati di seguito. Puoi visualizzare le offerte interessate in fondo a questa e-mail.
 Ciò a cosa è dovuto?
 Abbiamo intrapreso questo provvedimento in quanto i tuoi prodotti non dispongono delle informazioni obbligatorie sulla conformità. Consulta la pagina di aiuto Sicurezza e conformità dei prodotti per informazioni sulle leggi, le normative e le politiche di Amazon applicabili. Questa decisione è stata presa sulla base dei risultati di un'analisi effettuata in parte tramite revisione umana e in parte per mezzo di sistemi automatizzati.
 La tabella alla fine di questa e-mail contiene i requisiti di conformità specifici per i prodotti.
 Come faccio a riattivare le mie offerte?
 Per fornire le informazioni di conformità richieste, vai alla pagina Stato dell'account per individuare le richieste di conformità dei prodotti:
-
 Se disponi della documentazione richiesta, segui le istruzioni per inviare i do",2026-08-17 13:36:50,RETR,xtbBpANQNmphFWNDLwAA3Q
法务/侵权类,older,account_4,weihaizhongxin2024@126.com,"Wed, 22 Jul 2026 19:08:32 +0000",Amazon Services <donotreply@amazon.com>,Soumettre la documentation de sécurité des produits pour réactiver les mises en vente,,"96
 Soumettre la documentation de sécurité des produits pour réactiver les mises en vente
 Bonjour Weihai EU,
 Certaines de vos mises en vente ont été désactivées, car vos produits ne respectaient pas des exigences de conformité obligatoires. Consultez les détails et les étapes suivantes ci-dessous. Les produits mis en vente concernés figurent à la fin de cet e-mail.
 Pourquoi cela se produit-il ?
 Nous prenons cette mesure, car ces produits ne présentent pas les informations de conformité obligatoires. Consultez notre page d’aide Sécurité et conformité des produits pour obtenir des informations sur les lois, réglementations et politiques Amazon applicables. Nous nous sommes appuyés sur une combinaison de moyens automatisés et de contrôles menés par des personnes expérimentées pour identifier ce problème et prendre cette décision.
 Le tableau situé à la fin de cet e-mail présente les exigences de conformité spécifiques aux produits.
 Comment réactiver mes produits mis en vente ?
 Pour fournir les informations de conformité requises, accédez à la page État du compte et localisez les demandes de conformité des produits :
-
 Si vous disposez des documents requis, suivez les instructio",2026-08-17 13:36:49,RETR,xtbBsxRFK2phFTRNewAA3V
法务/侵权类,older,account_4,weihaizhongxin2024@126.com,"Sun, 19 Jul 2026 13:53:00 +0000",Amazon Services <donotreply@amazon.com>,Votre paiement est en cours,,"96
This title will display on mobile devices
 Félicitations ! Votre paiement est en cours et arrivera sous peu.
 Tentative de versement
Félicitations, Weihai EU ! Votre paiement est en cours et arrivera sous trois à cinq jours.
Le 07/19/26 13:52 CEST, nous avons effectué un virement d’un montant de €
 136.38 sur le compte lié à votre méthode de paiement (compte bancaire se terminant par 229).
 Si le montant est inférieur au montant auquel vous vous attendiez, voici quelques questions à vous poser :
 Disposez-vous d’un solde de fonds non disponibles ? Amazon peut réserver des fonds afin de couvrir des retours, des réclamations ou des rétrofacturations potentiels des acheteurs. Si tel est le cas, le solde de fin de période de votre rapport sur les paiements affichera le solde des fonds non disponibles réservé.
 Vos ventes couvraient-elles l’ensemble des frais et des retours pour cette période de règlements ? Le montant du paiement reflète votre activité commerciale, les frais de vente et les frais relatifs aux promotions et aux services. Nous vous recommandons de consulter votre rapport sur les paiements sous l’onglet Rapports de Seller Central pour comprendre votre solde de fin de p",2026-08-17 13:36:41,RETR,xtbBpQCXfWpc1sCn5gAA3u
货件/库存类,older,account_4,weihaizhongxin2024@126.com,"Sat, 8 Aug 2026 04:47:38 +0000",Fulfilment by Amazon <donotreply@amazon.com>,Disposal order created for unsellable FBA inventory,,"96
Automated Removals of Unfulfillable Inventory
 Final notice: Disposal order for your unfulfillable FBA inventory
 Final notice: Disposal order for your unfulfillable FBA inventory
 Hello,
You have unfulfillable inventory that has been in a fulfilment centre for more than 14 days. We have created a disposal order for these items.
 Why is this happening?
This action is required because these unfulfillable items have remained in our fulfilment centres for more than 14 days after notification. According to our FBA Required Removals policy, cancelling a required removal order is not permitted. To learn more, visit our FBA Required Removals policy .
 Removal order ID:
- tynmf1KRa8
 Unsellable Products:
- FNSKU: X002A02JJ1 Quantity: 1
 For more information about the disposal order process, see Remove inventory from a fulfilment centre .
 To monitor your unfulfillable inventory, see the Manage FBA Inventory for total unsellable quantities or the Recommended Removal report for unsellable and aged inventory details.
 The Fulfilment by Amazon Team
 Report an issue with this email
 If you have any questions visit: Seller Central
 To change your email preferences visit: Notification Preferen",2026-08-17 13:38:36,RETR,xtbBsw2ghmp2tO0NugAA3q
货件/库存类,older,account_4,weihaizhongxin2024@126.com,"Sat, 8 Aug 2026 03:55:44 +0000",Fulfilment by Amazon <donotreply@amazon.com>,Create FBA removal order by 2026-08-20,,"96
Automated removals of unfulfillable inventory
 Required removals: First notification
 Required removals: First notification
 Hello,
Your FBA inventory listed below became unsellable in the past seven days. You must create a removal order by 2026-08-20 or these items will be disposed of. Removal fees will apply. Review the affected items and next steps below.
Unsellable products:
- FNSKU: B0DRCB74YN Quantity: 1
- FNSKU: B0DRCF83VZ Quantity: 1
 Why is this happening?
This action is required because these items are no longer in sellable condition in our fulfilment centres. According to our FBA Required Removals policy, all unsuitable units must be removed within 14 days of notification. To learn more, go to our FBA Required Removals policy .
We leveraged a combination of automated means to identify this issue and make this decision.
 How do I address this?
Follow these steps to manage your unsellable inventory:
- Check your complete list and quantity of unsellable items in the Manage FBA inventory .
- Create a removal order (removal fees apply) by following the instructions in Remove inventory overview .
 To avoid future manual inventory removal orders, set up Automated Unfulfillab",2026-08-17 13:38:36,RETR,xtbBpAOSeGp2qMOZWwAA34
货件/库存类,older,account_4,weihaizhongxin2024@126.com,"Sat, 8 Aug 2026 03:47:02 +0000",Fulfilment by Amazon <donotreply@amazon.com>,Create FBA removal order by 2026-08-20,,"96
Automated removals of unfulfillable inventory
 Required removals: First notification
 Required removals: First notification
 Hello,
Your FBA inventory listed below became unsellable in the past seven days. You must create a removal order by 2026-08-20 or these items will be disposed of. Removal fees will apply. Review the affected items and next steps below.
Unsellable products:
- FNSKU: B0DRCB74YN Quantity: 1
- FNSKU: B0DRCC2H56 Quantity: 1
- FNSKU: B0DRCF83VZ Quantity: 4
- FNSKU: B0H11DGDRL Quantity: 1
- FNSKU: X0027HYVT3 Quantity: 1
 Why is this happening?
This action is required because these items are no longer in sellable condition in our fulfilment centres. According to our FBA Required Removals policy, all unsuitable units must be removed within 14 days of notification. To learn more, go to our FBA Required Removals policy .
We leveraged a combination of automated means to identify this issue and make this decision.
 How do I address this?
Follow these steps to manage your unsellable inventory:
- Check your complete list and quantity of unsellable items in the Manage FBA inventory .
- Create a removal order (removal fees apply) by following the instructions in Remove inv",2026-08-17 13:38:35,RETR,xtbBpRkQ9Wp2prmKNwAA3n
货件/库存类,older,account_4,weihaizhongxin2024@126.com,"Sat, 8 Aug 2026 03:09:44 +0000",Fulfilment by Amazon <donotreply@amazon.com>,Disposal order created for unsellable FBA inventory,,"96
Automated Removals of Unfulfillable Inventory
 Final notice: Disposal order for your unfulfillable FBA inventory
 Final notice: Disposal order for your unfulfillable FBA inventory
 Hello,
You have unfulfillable inventory that has been in a fulfilment centre for more than 14 days. We have created a disposal order for these items.
 Why is this happening?
This action is required because these unfulfillable items have remained in our fulfilment centres for more than 14 days after notification. According to our FBA Required Removals policy, cancelling a required removal order is not permitted. To learn more, visit our FBA Required Removals policy .
 Removal order ID:
- jMekAFT184
 Unsellable Products:
- FNSKU: B0DRC8LPGS Quantity: 2
- FNSKU: B0DRCB74YN Quantity: 5
- FNSKU: B0DRCF83VZ Quantity: 9
- FNSKU: B0DRCHK71H Quantity: 1
- FNSKU: X0023C0TBV Quantity: 1
- FNSKU: X002A05YW5 Quantity: 1
 For more information about the disposal order process, see Remove inventory from a fulfilment centre .
 To monitor your unfulfillable inventory, see the Manage FBA Inventory for total unsellable quantities or the Recommended Removal report for unsellable and aged inventory details.
 The Fulfilment",2026-08-17 13:38:35,RETR,xtbBshzexGp2nfxllwAA37
货件/库存类,older,account_4,weihaizhongxin2024@126.com,"Sat, 1 Aug 2026 04:26:40 +0000",Fulfilment by Amazon <donotreply@amazon.com>,Create FBA removal order by 2026-08-13,,"96
Automated removals of unfulfillable inventory
 Required removals: First notification
 Required removals: First notification
 Hello,
Your FBA inventory listed below became unsellable in the past seven days. You must create a removal order by 2026-08-13 or these items will be disposed of. Removal fees will apply. Review the affected items and next steps below.
Unsellable products:
- FNSKU: B0DRC8LPGS Quantity: 2
- FNSKU: B0DRCB74YN Quantity: 1
- FNSKU: B0DRCC2H56 Quantity: 1
- FNSKU: B0DRCF83VZ Quantity: 9
 Why is this happening?
This action is required because these items are no longer in sellable condition in our fulfilment centres. According to our FBA Required Removals policy, all unsuitable units must be removed within 14 days of notification. To learn more, go to our FBA Required Removals policy .
We leveraged a combination of automated means to identify this issue and make this decision.
 How do I address this?
Follow these steps to manage your unsellable inventory:
- Check your complete list and quantity of unsellable items in the Manage FBA inventory .
- Create a removal order (removal fees apply) by following the instructions in Remove inventory overview .
 To avoid futu",2026-08-17 13:37:35,RETR,xtbBsgR0WmptdYTLXwAA36
货件/库存类,older,account_4,weihaizhongxin2024@126.com,"Sat, 1 Aug 2026 03:08:11 +0000",Fulfilment by Amazon <donotreply@amazon.com>,Disposal order created for unsellable FBA inventory,,"96
Automated Removals of Unfulfillable Inventory
 Final notice: Disposal order for your unfulfillable FBA inventory
 Final notice: Disposal order for your unfulfillable FBA inventory
 Hello,
You have unfulfillable inventory that has been in a fulfilment centre for more than 14 days. We have created a disposal order for these items.
 Why is this happening?
This action is required because these unfulfillable items have remained in our fulfilment centres for more than 14 days after notification. According to our FBA Required Removals policy, cancelling a required removal order is not permitted. To learn more, visit our FBA Required Removals policy .
 Removal order ID:
- PLBovnqz6i
 Unsellable Products:
- FNSKU: B0DRC8LPGS Quantity: 2
- FNSKU: X002A05YW5 Quantity: 1
 For more information about the disposal order process, see Remove inventory from a fulfilment centre .
 To monitor your unfulfillable inventory, see the Manage FBA Inventory for total unsellable quantities or the Recommended Removal report for unsellable and aged inventory details.
 The Fulfilment by Amazon Team
 Report an issue with this email
 If you have any questions visit: Seller Central
 To change your email preferen",2026-08-17 13:37:35,RETR,xtbBpQDWvGptYyBidQAA3c
货件/库存类,older,account_4,weihaizhongxin2024@126.com,"Sat, 25 Jul 2026 04:55:01 +0000",Fulfilment by Amazon <donotreply@amazon.com>,Disposal order created for unsellable FBA inventory,,"96
Automated Removals of Unfulfillable Inventory
 Final notice: Disposal order for your unfulfillable FBA inventory
 Final notice: Disposal order for your unfulfillable FBA inventory
 Hello,
You have unfulfillable inventory that has been in a fulfilment centre for more than 14 days. We have created a disposal order for these items.
 Why is this happening?
This action is required because these unfulfillable items have remained in our fulfilment centres for more than 14 days after notification. According to our FBA Required Removals policy, cancelling a required removal order is not permitted. To learn more, visit our FBA Required Removals policy .
 Removal order ID:
- ckaicj9NPD
 Unsellable Products:
- FNSKU: B0DRC8LPGS Quantity: 1
 For more information about the disposal order process, see Remove inventory from a fulfilment centre .
 To monitor your unfulfillable inventory, see the Manage FBA Inventory for total unsellable quantities or the Recommended Removal report for unsellable and aged inventory details.
 The Fulfilment by Amazon Team
 Report an issue with this email
 If you have any questions visit: Seller Central
 To change your email preferences visit: Notification Preferen",2026-08-17 13:37:05,RETR,xtbBsgguFGpkQai4RgAA3Z
货件/库存类,older,account_4,weihaizhongxin2024@126.com,"Sat, 25 Jul 2026 04:23:46 +0000",Fulfilment by Amazon <donotreply@amazon.com>,Disposal order created for unsellable FBA inventory,,"96
Automated Removals of Unfulfillable Inventory
 Final notice: Disposal order for your unfulfillable FBA inventory
 Final notice: Disposal order for your unfulfillable FBA inventory
 Hello,
You have unfulfillable inventory that has been in a fulfilment centre for more than 14 days. We have created a disposal order for these items.
 Why is this happening?
This action is required because these unfulfillable items have remained in our fulfilment centres for more than 14 days after notification. According to our FBA Required Removals policy, cancelling a required removal order is not permitted. To learn more, visit our FBA Required Removals policy .
 Removal order ID:
- 3rwPw0NlBZ
 Unsellable Products:
- FNSKU: B0DRCB74YN Quantity: 5
- FNSKU: B0DRCF83VZ Quantity: 4
- FNSKU: X002A05YW5 Quantity: 1
 For more information about the disposal order process, see Remove inventory from a fulfilment centre .
 To monitor your unfulfillable inventory, see the Manage FBA Inventory for total unsellable quantities or the Recommended Removal report for unsellable and aged inventory details.
 The Fulfilment by Amazon Team
 Report an issue with this email
 If you have any questions visit: Seller Centra",2026-08-17 13:37:04,RETR,xtbBshZXPWpkOlaamgAA3s
货件/库存类,older,account_4,weihaizhongxin2024@126.com,"Sat, 25 Jul 2026 04:07:00 +0000",Fulfilment by Amazon <donotreply@amazon.com>,Create FBA removal order by 2026-08-06,,"96
Automated removals of unfulfillable inventory
 Required removals: First notification
 Required removals: First notification
 Hello,
Your FBA inventory listed below became unsellable in the past seven days. You must create a removal order by 2026-08-06 or these items will be disposed of. Removal fees will apply. Review the affected items and next steps below.
Unsellable products:
- FNSKU: B0DRCF83VZ Quantity: 1
- FNSKU: X002A02JJ1 Quantity: 1
 Why is this happening?
This action is required because these items are no longer in sellable condition in our fulfilment centres. According to our FBA Required Removals policy, all unsuitable units must be removed within 14 days of notification. To learn more, go to our FBA Required Removals policy .
We leveraged a combination of automated means to identify this issue and make this decision.
 How do I address this?
Follow these steps to manage your unsellable inventory:
- Check your complete list and quantity of unsellable items in the Manage FBA inventory .
- Create a removal order (removal fees apply) by following the instructions in Remove inventory overview .
 To avoid future manual inventory removal orders, set up Automated Unfulfillab",2026-08-17 13:37:04,RETR,xtbBpQhbQWpkNmiBxwAA3h
货件/库存类,older,account_4,weihaizhongxin2024@126.com,"Sat, 25 Jul 2026 03:44:53 +0000",Fulfilment by Amazon <donotreply@amazon.com>,Create FBA removal order by 2026-08-06,,"96
Automated removals of unfulfillable inventory
 Required removals: First notification
 Required removals: First notification
 Hello,
Your FBA inventory listed below became unsellable in the past seven days. You must create a removal order by 2026-08-06 or these items will be disposed of. Removal fees will apply. Review the affected items and next steps below.
Unsellable products:
- FNSKU: B0DRC8LPGS Quantity: 1
- FNSKU: B0DRCB74YN Quantity: 1
- FNSKU: B0DRCF83VZ Quantity: 10
- FNSKU: B0DRCHK71H Quantity: 1
- FNSKU: X0023C0TBV Quantity: 1
 Why is this happening?
This action is required because these items are no longer in sellable condition in our fulfilment centres. According to our FBA Required Removals policy, all unsuitable units must be removed within 14 days of notification. To learn more, go to our FBA Required Removals policy .
We leveraged a combination of automated means to identify this issue and make this decision.
 How do I address this?
Follow these steps to manage your unsellable inventory:
- Check your complete list and quantity of unsellable items in the Manage FBA inventory .
- Create a removal order (removal fees apply) by following the instructions in Remove in",2026-08-17 13:37:04,RETR,xtbBshsO82pkMTtvvgAA3B
货件/库存类,older,account_4,weihaizhongxin2024@126.com,"Sat, 18 Jul 2026 04:29:33 +0000",Fulfilment by Amazon <donotreply@amazon.com>,Create FBA removal order by 2026-07-30,,"96
Automated removals of unfulfillable inventory
 Required removals: First notification
 Required removals: First notification
 Hello,
Your FBA inventory listed below became unsellable in the past seven days. You must create a removal order by 2026-07-30 or these items will be disposed of. Removal fees will apply. Review the affected items and next steps below.
Unsellable products:
- FNSKU: B0DRC8LPGS Quantity: 4
- FNSKU: B0DRCB74YN Quantity: 3
- FNSKU: B0DRCF83VZ Quantity: 5
 Why is this happening?
This action is required because these items are no longer in sellable condition in our fulfilment centres. According to our FBA Required Removals policy, all unsuitable units must be removed within 14 days of notification. To learn more, go to our FBA Required Removals policy .
We leveraged a combination of automated means to identify this issue and make this decision.
 How do I address this?
Follow these steps to manage your unsellable inventory:
- Check your complete list and quantity of unsellable items in the Manage FBA inventory .
- Create a removal order (removal fees apply) by following the instructions in Remove inventory overview .
 To avoid future manual inventory removal orde",2026-08-17 13:36:40,RETR,xtbBsxG9o2pbATEYZQAA3A
货件/库存类,older,account_4,weihaizhongxin2024@126.com,"Sat, 18 Jul 2026 04:12:27 +0000",Fulfilment by Amazon <donotreply@amazon.com>,Disposal order created for unsellable FBA inventory,,"96
Automated Removals of Unfulfillable Inventory
 Final notice: Disposal order for your unfulfillable FBA inventory
 Final notice: Disposal order for your unfulfillable FBA inventory
 Hello,
You have unfulfillable inventory that has been in a fulfilment centre for more than 14 days. We have created a disposal order for these items.
 Why is this happening?
This action is required because these unfulfillable items have remained in our fulfilment centres for more than 14 days after notification. According to our FBA Required Removals policy, cancelling a required removal order is not permitted. To learn more, visit our FBA Required Removals policy .
 Removal order ID:
- 8AOhKJjKS4
 Unsellable Products:
- FNSKU: B0DRCB74YN Quantity: 3
- FNSKU: B0DRCC2H56 Quantity: 1
- FNSKU: B0DRCF83VZ Quantity: 2
- FNSKU: X002A05YW5 Quantity: 1
 For more information about the disposal order process, see Remove inventory from a fulfilment centre .
 To monitor your unfulfillable inventory, see the Manage FBA Inventory for total unsellable quantities or the Recommended Removal report for unsellable and aged inventory details.
 The Fulfilment by Amazon Team
 Report an issue with this email
 If you have an",2026-08-17 13:36:39,RETR,xtbBpA67oWpa-S7H4wAA33
货件/库存类,older,account_4,weihaizhongxin2024@126.com,"Sat, 18 Jul 2026 03:41:39 +0000",Fulfilment by Amazon <donotreply@amazon.com>,Disposal order created for unsellable FBA inventory,,"96
Automated Removals of Unfulfillable Inventory
 Final notice: Disposal order for your unfulfillable FBA inventory
 Final notice: Disposal order for your unfulfillable FBA inventory
 Hello,
You have unfulfillable inventory that has been in a fulfilment centre for more than 14 days. We have created a disposal order for these items.
 Why is this happening?
This action is required because these unfulfillable items have remained in our fulfilment centres for more than 14 days after notification. According to our FBA Required Removals policy, cancelling a required removal order is not permitted. To learn more, visit our FBA Required Removals policy .
 Removal order ID:
- Zx1U3/hDuM
 Unsellable Products:
- FNSKU: B0DRCF83VZ Quantity: 2
 For more information about the disposal order process, see Remove inventory from a fulfilment centre .
 To monitor your unfulfillable inventory, see the Manage FBA Inventory for total unsellable quantities or the Recommended Removal report for unsellable and aged inventory details.
 The Fulfilment by Amazon Team
 Report an issue with this email
 If you have any questions visit: Seller Central
 To change your email preferences visit: Notification Preferen",2026-08-17 13:36:39,RETR,xtbBshfr0Wpa9fecIgAA3T
其他风险类,older,account_4,weihaizhongxin2024@126.com,"Mon, 10 Aug 2026 12:01:10 +0000",亚马逊开店服务 <donotreply@amazon.com>,提交商品合规文件，以避免商品被移除,,"96
 提交商品合规文件，以避免商品被移除
 尊敬的 Weihai EU：
您好！
 由于缺少安全数据表，您的商品有被移除的风险。请在 2026-11-08之前提交所需文件，以继续销售这些商品。您可以在此电子邮件的底部找到您的存在风险的商品示例。
 为什么会发生这种情况？
 我们之所以采取此措施，是因为我们在您的目录中发现了需要安全数据表 (SDS) 的危险品。这些文件是法律要求的，提供有关化学品的重要安全信息，包括妥善处理、储存和应急程序。这有助于确保买家、员工及处理这些商品的每一个人的安全。
 为了确定该问题，我们同时采用了自动化技术和专家评审，最终做出了这一决定。
 要了解更多信息，请访问我们 有关化学品销售的要求和常见问题 。
 如何继续销售受影响的商品？
 为避免商品被移除并继续销售这些商品，请为每个受影响的商品上传安全数据表 (SDS)。点击下方的“查看合规要求”按钮，查看所有受影响的商品。
 查看合规性要求
 哪些商品会受到影响？
 原因
 存在风险的销售
 Roaxkois Elektrische Töpferscheibe für Kinder – DIY Töpferset ...
 ASIN: B0GYPZ58JY
 SKU: WH-TCJ-EU-0427-01
 HazardousGoods
 Unknown
 Roaxkois Elektrische Töpferscheibe für Kinder – DIY Töpferset ...
 ASIN: B0GYPZ58JY
 SKU: V4-KM0O-MXDQ
 HazardousGoods
 Unknown
 如果存在错误？
 如果您确信无需为自己的商品提交文件：
- 点击“查看合规性要求”。
- 点击商品旁边的“提交”。
- 点击“申诉要求”，然后按照提供的说明操作。
 如果未提交要求的文件，会怎么样？
 如果您未在 2026-11-08之前提交所需的安全数据表 (SDS)，则受影响的商品将从所有亚马逊商城中移除。除非您提供所需文件，否则您无法在亚马逊上销售这些商品。
 我们愿意随时为您提供帮助。
 如果您对此政策有任何疑问，请联系 销售伙伴支持 。
 谢谢！
 亚马逊开店服务
 报告此电子邮件的问题
 如果您有任何问题，请访问: Seller Central
 要更改您的电子邮件首选项，请访问： 通知首选项
 2026 Amazon.com 旗下公司 保留所有权利
 Amazon EU S.à r.l.
38 avenue John F. Kennedy,
L-1855 Luxembourg,
注册于卢森堡，
注册编号 B-101818，
股本 165.833 欧元，
营业执照编号： 134248，
卢森堡增值税注册编号 LU 20260743。
 SPC-EUAmazon-",2026-08-17 13:38:42,RETR,xtbBpAmKcGp5vYn4GQAA3R
其他风险类,older,account_4,weihaizhongxin2024@126.com,"Fri, 7 Aug 2026 05:00:35 +0000","""Amazon Seller Central Notifications(Do Not Reply)"" <donotreply@amazon.com>",Dangerous goods (hazmat) status update,,"96
 Dangerous goods (hazmat) status update
 Dangerous goods (hazmat) status update
 Hello from Fulfillment by Amazon,
 Amazon performs regular reviews on products in our fulfillment centers that may be regulated as dangerous goods (also known as hazmat). We conduct these reviews to help ensure that our shipments meet regulatory requirements and safety standards for our customers and employees. Following one such review, the dangerous goods status of one or more of your products has changed. Please read the information below to learn more about what this means for your existing inventory and new shipments.
 FULFILLABLE ITEMS
 The following products were previously unfulfillable through Fulfillment by Amazon or no longer allowed in shipments to Amazon fulfillment centers. These restrictions have been removed. The products below can continue to be fulfilled by Amazon or returned to you, and you can resume sending new units to fulfillment centers.
 ASIN
 Merchant SKU
 FNSKU
 Title
 Current Status
 Notes
 B0H11DGDRL
 WH-DE-0607-HCGD-01
 B0H11DGDRL
 145 PCS Electric Train Cube Track, 3D Anti-Gravity Train Set, DIY Railway Track Building Toy, STEM Educational Toy and Creative Gift for Kid",2026-08-17 13:38:31,RETR,xtbBpBeulGp1ZncZogAA38
其他风险类,older,account_4,weihaizhongxin2024@126.com,"Fri, 7 Aug 2026 01:36:36 +0000","""Amazon Seller Central Notifications (Do Not Reply)"" <donotreply@amazon.com>",Dangerous goods (hazmat) status update,,"96
 Dangerous goods (hazmat) status update
 Dangerous goods (hazmat) status update
 Hello from Fulfillment by Amazon,
 We are currently conducting a dangerous goods (hazmat) review of one or more of your products:
 CONFLICTING OR MISSING DG DOCUMENTATION
 ASIN
 Merchant SKU
 FNSKU
 Title
 B0H11DGDRL
 WH-DE-0508-HCGD-02
 B0H11DGDRL
 145 PCS Electric Train Cube Track, 3D Anti-Gravity Train Set, DIY Railway Track Building Toy, STEM Educational Toy and Creative Gift for Kids Aged 3–8
 Why this is happening
 We do not have enough dangerous goods information to correctly classify the above products, and until you provide the necessary information, the products will not be available for sale and you will not be able to send more units to Amazon fulfillment centers. We need you to provide a proper Safety Data Sheet (SDS) for each product listed above. You may submit an exemption sheet only if the product does not have an SDS and does not contain any harmful chemicals, such as alcohol, acid, sodium, etc., or if the product is, contains, or is sold with batteries.
 How to continue selling these products
 Please make sure the SDS complies with the following requirements:
- Created or updated ",2026-08-17 13:38:26,RETR,xtbBsweulGp1Nqf8kgAA3u
其他风险类,older,account_4,weihaizhongxin2024@126.com,"Fri, 7 Aug 2026 01:36:28 +0000","""Amazon Seller Central Notifications (Do Not Reply)"" <donotreply@amazon.com>",Dangerous goods (hazmat) status update,,"96
 Dangerous goods (hazmat) status update
 Dangerous goods (hazmat) status update
 Hello from Fulfillment by Amazon,
 We are currently conducting a dangerous goods (hazmat) review of one or more of your products:
 CONFLICTING OR MISSING DG DOCUMENTATION
 ASIN
 Merchant SKU
 FNSKU
 Title
 B0H11DGDRL
 WH-DE-0508-HCGD-02
 B0H11DGDRL
 Circuit de Train électrique à Cubes de 145 pièces, Circuit de Train à gravité 3D à Construire soi-même, Jouet éducatif STEM, idée de Cadeau créative pour Les Enfants de 3 à 8 Ans
 Why this is happening
 We do not have enough dangerous goods information to correctly classify the above products, and until you provide the necessary information, the products will not be available for sale and you will not be able to send more units to Amazon fulfillment centers. We need you to provide a proper Safety Data Sheet (SDS) for each product listed above. You may submit an exemption sheet only if the product does not have an SDS and does not contain any harmful chemicals, such as alcohol, acid, sodium, etc., or if the product is, contains, or is sold with batteries.
 How to continue selling these products
 Please make sure the SDS complies with the following require",2026-08-17 13:38:25,RETR,xtbBsx+skmp1Np-8SAAA3Q
其他风险类,older,account_4,weihaizhongxin2024@126.com,"Fri, 7 Aug 2026 01:28:27 +0000",Notifications Amazon Seller Central (ne pas répondre) <donotreply@amazon.com>,Mise à jour du statut de matières dangereuses,,"96
 Mise à jour du statut de matières dangereuses
 Mise à jour du statut de matières dangereuses
 Bonjour de la part du service Expédié par Amazon,
 Nous procédons actuellement à un examen des matières dangereuses du ou des produits suivants :
 DOCUMENTATION CONTRADICTOIRE OU MANQUANTE CONCERNANT LES MATIÈRES DANGEREUSES
 ASIN
 SKU vendeur
 FNSKU
 Titre
 B0H11DGDRL
 WH-DE-0508-HCGD-02
 B0H11DGDRL
 Circuit de train électrique à cubes de 145 pièces, circuit de train à gravité 3D à construire soi-même, jouet éducatif STEM, idée de cadeau créative pour les enfants de 3 à 8 ans
 Pourquoi cela se produit
 Nous ne disposons pas d’informations suffisantes concernant les matières dangereuses pour classer correctement le ou les produits ci-dessus. Celui-ci ou ceux-ci ne seront par conséquent pas mis en vente, et vous ne pourrez pas en expédier davantage aux centres de distribution Amazon tant que vous ne nous aurez pas communiqué les informations nécessaires. Nous vous demandons de nous fournir une fiche de sécurité (FDS) ou une fiche d’exemption (pour les produits qui ne contiennent pas de substances chimiques nocives, telles que de l’alcool, de l’acide, du sodium ou les produits qui sont, ",2026-08-17 13:38:25,RETR,xtbBsx40Gmp1NL7nlwAA3m
其他风险类,older,account_4,weihaizhongxin2024@126.com,"Wed, 5 Aug 2026 01:46:30 +0000",Notifications Amazon Seller Central (ne pas répondre) <donotreply@amazon.com>,Mise à jour du statut de matières dangereuses,,"96
 Mise à jour du statut de matières dangereuses
 Mise à jour du statut de matières dangereuses
 Bonjour de la part du service Expédié par Amazon,
 Nous procédons actuellement à un examen des matières dangereuses du ou des produits suivants :
 INFORMATIONS REQUISES SUR LES BATTERIES OU PILES
 ASIN
 SKU vendeur
 FNSKU
 Titre
 B0H11DGDRL
 WH-DE-0508-HCGD-02
 B0H11DGDRL
 Circuit de train électrique à cubes de 145 pièces, circuit de train à gravité 3D à construire soi-même, jouet éducatif STEM, idée de cadeau créative pour les enfants de 3 à 8 ans
 Pourquoi cela se produit
 Nous ne disposons pas d’informations détaillées concernant les piles ou batteries pour classer correctement le ou les produits ci-dessus. Celui-ci ou ceux-ci ne seront par conséquent pas mis en vente, et vous ne pourrez pas en expédier davantage aux centres de distribution Amazon tant que vous ne nous aurez pas communiqué les informations nécessaires.
 Comment continuer à vendre ces produits
 Vous devez fournir une fiche d’exemption pour batterie et produits alimentés par batterie. Consultez la documentation ci-dessous :
- Téléchargez la fiche d’exemption.
- Accédez à la page de chargement Seller Central.
- Le fich",2026-08-17 13:37:57,RETR,xtbBsxrawGpylfoQlAAA3A
其他风险类,older,account_4,weihaizhongxin2024@126.com,"Sat, 1 Aug 2026 00:17:46 +0000","""Amazon.com"" <donotreply@amazon.com>",View your US Q3-2026 CSBA fee rate,,"96
 (Important) CSBA US Fee rate for Q3-2026
 Review your updated Customer Service by Amazon fee rate and metrics
 Hello,
 This is your quarterly update regarding Customer Service by Amazon (CSBA) fees.
 Your CSBA fee rate for Q3-2026 (Jul 1, 2026 through Sep 30, 2026) will be based on your performance metrics from Q2-2026 (Apr 1, 2026 through Jun 25, 2026). To learn more about program fees, go to Customer Service by Amazon fees .
 Fee tier & rate
 Q2-2026 contacts
 0
 Q2-2026 self-fulfilled shipped units
 0
 Q2-2026 contacts per unit (CPU¹)
 N/A%
 Q3-2026 fee rate² ($ per self-fulfilled shipped unit)
 $0.00
 ¹ Contacts per unit (CPU) = CSBA contacts / self-fulfilled shipped units
 ² Your fee rate for the previous quarter was $0.00.
 CSBA Insights Dashboard
 Get the most out of Customer Service by Amazon
 Use the CSBA Insights dashboard in Seller Central to:
- Review customer service contacts handled by Amazon
- Find ways to improve customer experience
- Reduce contact and return rates
 Follow these practices to prevent customer confusion and minimize your workload:
- Monitor the Response Needed inbox within the Buyer-Seller Messaging Service . In the rare case that we need your he",2026-08-17 13:37:32,RETR,xtbBsw7PtWptOy7vgwAA35
其他风险类,older,account_4,weihaizhongxin2024@126.com,"Tue, 28 Jul 2026 14:32:02 +0000",Amazon Services <donotreply@amazon.com>,Add WhatsApp to your notification preferences,,"96
 Stay connected with account updates on WhatsApp—opt in today to get started
 Hello,
 We're excited to share a new communication channel for your Amazon US selling account. You can now choose to receive important updates, notifications, and support via WhatsApp , giving you more flexibility in how you stay informed.
 What this means for you
 WhatsApp is now available as an additional channel for receiving alerts about your Amazon US selling account. This is entirely optional — you won't receive any WhatsApp messages unless you choose to opt in. You'll continue to use Seller Central as the primary way to manage your orders and account.
 Update preferences
 How to opt in If you'd like to receive notifications via WhatsApp, follow these steps:
- Visit the Notification Preferences page in Seller Central
- Navigate to the WhatsApp tab
- Add your mobile phone number and complete the verification process Once verified, you'll begin receiving notifications to that number. You can update your preferences at any time, and enabling WhatsApp will not affect your other communication channels with Amazon Seller Services.
 If you opt in and later change your mind, you can opt out at any time b",2026-08-17 13:37:13,RETR,xtbBpQU9I2povWUswwAA3L
其他风险类,older,account_4,weihaizhongxin2024@126.com,"Thu, 23 Jul 2026 17:52:32 +0000",Amazon Services <donotreply@amazon.com>,"Get faster, personalized support with Seller Assistant",,"96
 When you click Get help and resources, you’ll be directed to Seller Assistant, our AI-powered assistant.
 Hello,
Today, I want to share an important update on how we support you in Seller Central that’s designed to help you resolve issues faster. The Get help and resources page is becoming Seller Assistant , our AI-powered assistant for sellers.
 Here's what you can expect:
- We fix issues on the spot. Seller Assistant uses your account details and the information you provide to resolve common issues right away. In beta, many of these issues were resolved in seconds instead of requiring a support case.
- When you need a person, you get a person. Seller Assistant collects the details up front, assembles your case, and hands it off to an associate who already knows what's going on, so you don’t have to start over. We're rolling this out over the next two months, starting with US sellers who have English as their preferred language. Although early results are promising, we know it won't be perfect at the start, and we want to get it right. As we roll this out, my team and I will be listening closely to your feedback and making improvements along the way. If something isn't working",2026-08-17 13:36:58,RETR,xtbBpAOAZmpiVOOXyQAA3g
其他风险类,older,account_4,weihaizhongxin2024@126.com,"Tue, 21 Jul 2026 05:44:42 +0000",亚马逊全球开店 <info@globalselling.amazon.cn>,【重要】西班牙VAT通知期延期指南。税号激活用时最长达37周，请立即行动以免影响销售 ,,"西班牙延期政策更新：已过通知期也可发起申请
			尊敬的 深圳市微海众信科技有限公司,
			您收到这封邮件，是因为您是西班牙VAT增值税注册要求的潜在受影响卖家。
			为帮助您顺利推进合规，亚马逊整理了《西班牙增值税合规要求、延期规则介绍及卖家行动指南》，内容涵盖：
			● 西班牙增值税合规要求及不合规影响
			● 完整西班牙增值税号流程及材料清单
			● 亚马逊通知期延期规则及申请指导（政策更新）
			● 常见问题（如库存影响、滞留库存处理等）
			扫描下方二维码下载完整行动指南
			下载二维码
			本邮件重点提示其中热点内容：通知期延期申请规则、操作流程、关键提醒。
			一、什么情况可以申请延期？
			当您的亚马逊账户健康页面显示西班牙的'欧洲增值税注册要求'通知，但您正在办理西班牙VIES增值税注册或恢复VIES增值税号有效性，且需要更多时间完成合规流程时，您可能有资格申请最长150天的延期。
			关键更新：根据亚马逊最新的政策，如果您目前还没有上传西班牙VIES欧盟税号（包括只上传了西班牙本地税号），即使您的西班牙通知期已经过期，您仍然有机会申请延期，审核通过后可重新启用FBA并获得西班牙本地配送费率福利。
			二、如何申请通知期延期？两种操作路径
			情况一：账户健康页面显示'我了解政策要求，希望申请更多时间以满足要求'选项
			第一步：前往卖家平台，账户健康页面
			第二步：在'优先操作'部分点击'欧洲增值税注册要求'
			第三步：点击'提交所需文件'选项
			第四步：选择'我了解政策要求，希望请求更多时间以满足相关要求或提供证据证明我不需要满足此要求'
			第五步：上传附件'036表单'
			第六步：点击'提交'
			【如需查看图文指导，可通过邮件上方二维码下载查看完整行动手册】
			情况二：账户健康页面未显示'我了解政策要求，希望申请更多时间以满足要求'选项
			卖家需自行发送邮件申请，邮件标题为：'申请西班牙税号通知期延期'，正文须包含以下信息：
			● 您的卖家记号（Merchant Token）
			● 036表单附件
			发送邮箱地址：vas-seller-extension-appeals@amazon.co.uk
			亚马逊将在5个工作日内审核您的提交并通知您后续步骤。
			关于036表单，请注意：036表单可在您的VIES激活申请提交后，向您的西班牙税务服务商索取。提交延期申请时，请确保036表单文件有效，且文件中的公司名称、增值税号与您卖家平台账户中的信息一致。
			*本内容基于亚马逊服务商网络（SPN）增值税服务商提供的数据整理，仅供参考。不代表对亚马逊任何相关法律、法规、政策或要求的解读，亦不构成税务或法律建议。具体流程因西班牙增值税服务商及您的个人情况而异。请咨询",2026-08-17 13:36:44,RETR,xtbBsgxHLWpfB0wD5wAA3O
