category,time_bucket,account,account_user,date,from,subject,hit_keywords,body_preview,detected_at,fetch_mode,uid
店铺绩效类,today,account_4,weihaizhongxin2024@126.com,"Sun, 5 Jul 2026 05:28:59 +0000","""Amazon.com"" <fba-noreply@amazon.com>",Your FBA request is complete (0uWEj59btv),,"Greetings from Amazon.com
We thought you'd like to know that we have completed your destroy request.
You can track the status of this request by visiting your Seller Account at:
https://sellercentral-europe.amazon.com/
For a complete list of inventory being destroyed, go to:
https://sellercentral-europe.amazon.com/gp/orders/fba-order-details.html?orderID=S02-6202602-3593025
Please note: this email was sent from a notification-only address that
cannot accept incoming e-mail. Please do not reply to this message.
Thank you for using Fulfillment by Amazon.
------------------------------------------------------------------------------
Fulfilment by Amazon – let Amazon pick, pack and ship your orders domestically
and EU wide.
------------------------------------------------------------------------------
Was this e-mail helpful? https://sellercentral.amazon.co.uk/gp/satisfaction/survey-form.html?ie=UTF8&HMDName=NotificationBusEmailHMD&customAttribute1Value=PRODUCT_REMOVAL_ORDER_SHIPPED_NOW
SPC-EUAmazon-1583298414144679",2026-07-05 22:55:13,RETR,xtbBsh8P9GpJ65+UmgAA3P
店铺绩效类,today,account_4,weihaizhongxin2024@126.com,"Sun, 5 Jul 2026 04:32:11 +0000","""Fulfillment by Amazon (Do not reply)"" <donotreply@amazon.com>",FBA reimbursement notification,,"96
FBA reimbursement notification
 You have a reimbursement activity
 Hello from Fulfilment by Amazon,
We have initiated a reimbursement, a reimbursement reversal, or both due to recent activity on your selling account. No action is required from you.
Reimbursements can be initiated for an issue that you notified us about or one that we identified at a fulfilment centre. A reimbursement reversal occurs when a reimbursement decision has been reviewed and changed. Reimbursement amounts are determined in accordance with the FBA inventory reimbursement policy ( https://sellercentral.amazon.co.uk/gp/help/external/200213130 ).
Please note that it may take up to five business days for reimbursement transactions to appear in your seller account.
You can find details on your reimbursement or reversal transaction in the Reimbursements report ( https://sellercentral.amazon.co.uk/reportcentral/REIMBURSEMENTS/0 ) in Seller Central:
- In the Event Date drop-down menu, select a date range and click Generate report . You can use the date in the subject line of this email as a point of reference.
- To identify inventory reimbursements and reversals, see the Quantity reimbursed [inventory] column.
-",2026-07-05 22:55:12,RETR,xtbBsg+3nWpJ3k9h2wAA3f
付款/资金类,today,account_4,weihaizhongxin2024@126.com,"Sun, 5 Jul 2026 13:51:10 +0000",Amazon Services <donotreply@amazon.com>,Tu pago está en camino,,"96
This title will display on mobile devices
 ¡Enhorabuena! El pago está de camino y llegará pronto.
 El pago está en camino
Enhorabuena, Weihai EU. Tu pago está en camino y te llegará en un plazo de tres a cinco días.
El 07/05/26 13:50 WEST, iniciamos una transferencia a tu método de pago (cuenta bancaria terminado en 229) por un importe de €
 499,26.
 Si el importe es inferior a lo esperado, ten en cuenta las siguientes preguntas:
 ¿Tienes saldo no disponible en tu cuenta de vendedor? Puede que hayamos reservado algo de dinero para posibles devoluciones, reclamaciones o reversiones de cargo de clientes. En este caso, el saldo de cierre de tu informe de pagos te mostrará el saldo no disponible en reserva.
 ¿Cubren tus ventas las tarifas de Amazon y las devoluciones del periodo de liquidación? El importe del pago refleja las ventas que has hecho y las tarifas de venta aplicadas tanto a dichas ventas como a cualquier promoción o servicio que hayas utilizado. Te recomendamos que revises tu informe de pagos en ""Informes"" de Seller Central para conocer el saldo de cierre.
Para más información sobre los informes de pagos en Seller Central, visita nuestro curso oficial.
Te deseamos un éx",2026-07-05 22:55:13,RETR,xtbBshKZf2pKYVKM8QAA3o
法务/侵权类,today,account_4,weihaizhongxin2024@126.com,"Sun, 5 Jul 2026 13:53:08 +0000",Amazon Services <donotreply@amazon.com>,Votre paiement est en cours,,"96
This title will display on mobile devices
 Félicitations ! Votre paiement est en cours et arrivera sous peu.
 Tentative de versement
Félicitations, Weihai EU ! Votre paiement est en cours et arrivera sous trois à cinq jours.
Le 07/05/26 13:52 CEST, nous avons effectué un virement d’un montant de €
 204.83 sur le compte lié à votre méthode de paiement (compte bancaire se terminant par 229).
 Si le montant est inférieur au montant auquel vous vous attendiez, voici quelques questions à vous poser :
 Disposez-vous d’un solde de fonds non disponibles ? Amazon peut réserver des fonds afin de couvrir des retours, des réclamations ou des rétrofacturations potentiels des acheteurs. Si tel est le cas, le solde de fin de période de votre rapport sur les paiements affichera le solde des fonds non disponibles réservé.
 Vos ventes couvraient-elles l’ensemble des frais et des retours pour cette période de règlements ? Le montant du paiement reflète votre activité commerciale, les frais de vente et les frais relatifs aux promotions et aux services. Nous vous recommandons de consulter votre rapport sur les paiements sous l’onglet Rapports de Seller Central pour comprendre votre solde de fin de p",2026-07-05 22:55:14,RETR,xtbBsgi3nWpKYciPDAAA3a
法务/侵权类,today,account_4,weihaizhongxin2024@126.com,"Sun, 5 Jul 2026 12:49:39 +0000",Amazon Services <donotreply@amazon.com>,Pagamento elaborato con successo,,"96
This title will display on mobile devices
 Congratulazioni. Il pagamento è stato elaborato con successo e ti sarà accreditato a breve.
 Tentativo di pagamento
Congratulazioni Weihai EU! Il pagamento è stato elaborato con successo e ti sarà accreditato nel giro di da tre a cinque giorni.
In data 07/05/26 12:49 CEST, abbiamo avviato un trasferimento sul tuo metodo di pagamento (conto bancario che termina con 229) dell’importo di €
 157,02.
 Se l’importo è inferiore a quanto atteso, tieni in considerazione le seguenti domande:
 Hai un saldo non disponibile? Amazon potrebbe trattenere una certa somma per coprire i costi di eventuali resi, reclami o contestazioni di una transazione (chargeback) da parte degli acquirenti. In questo caso, il saldo finale nel tuo report sui pagamenti mostrerà il saldo non disponibile corrispondente alla cifra trattenuta.
 Le tue vendite coprono tutte le commissioni e i resi per questo ciclo di fatturazione? L’importo del pagamento rispecchia le attività di vendita, le commissioni di vendita e le tariffe per promozioni o servizi. Ti consigliamo di rivedere il report sui pagamenti nella scheda Report di Seller Central per comprendere le diverse spese che ",2026-07-05 22:55:13,RETR,xtbBpQb64GpKUuZFyAAA3g
店铺绩效类,last7,account_4,weihaizhongxin2024@126.com,"Fri, 3 Jul 2026 09:21:14 +0000","""Fulfillment by Amazon (Do not reply)"" <donotreply@amazon.com>",FBA reimbursement notification,,"96
FBA reimbursement notification
 You have a reimbursement activity
 Hello from Fulfillment by Amazon,
We have initiated a reimbursement, a reimbursement reversal, or both due to recent activity on your selling account. No action is required from you.
Reimbursements can be initiated for an issue that you notified us about or one that we identified at a fulfillment center. A reimbursement reversal occurs when a reimbursement decision has been reviewed and changed. Reimbursement amounts are determined in accordance with the FBA inventory reimbursement policy ( https://sellercentral.amazon.com/gp/help/external/200213130 ).
Please note that it may take up to five business days for reimbursement transactions to appear in your seller account.
You can find details on your reimbursement or reversal transaction in the Reimbursements report ( https://sellercentral.amazon.com/reportcentral/REIMBURSEMENTS/0 ) in Seller Central:
- In the Event Date drop-down menu, select a date range and click Generate report . You can use the date in the subject line of this email as a point of reference.
- To identify inventory reimbursements and reversals, see the Quantity reimbursed [inventory] column.
- T",2026-07-05 22:55:09,RETR,xtbBsw5PNWpHfw5UVgAA3Z
店铺绩效类,last7,account_4,weihaizhongxin2024@126.com,"Thu, 2 Jul 2026 09:24:36 +0000","""Fulfillment by Amazon (Do not reply)"" <donotreply@amazon.com>",FBA reimbursement notification,,"96
FBA reimbursement notification
 You have a reimbursement activity
 Hello from Fulfillment by Amazon,
We have initiated a reimbursement, a reimbursement reversal, or both due to recent activity on your selling account. No action is required from you.
Reimbursements can be initiated for an issue that you notified us about or one that we identified at a fulfillment center. A reimbursement reversal occurs when a reimbursement decision has been reviewed and changed. Reimbursement amounts are determined in accordance with the FBA inventory reimbursement policy ( https://sellercentral.amazon.com/gp/help/external/200213130 ).
Please note that it may take up to five business days for reimbursement transactions to appear in your seller account.
You can find details on your reimbursement or reversal transaction in the Reimbursements report ( https://sellercentral.amazon.com/reportcentral/REIMBURSEMENTS/0 ) in Seller Central:
- In the Event Date drop-down menu, select a date range and click Generate report . You can use the date in the subject line of this email as a point of reference.
- To identify inventory reimbursements and reversals, see the Quantity reimbursed [inventory] column.
- T",2026-07-05 22:55:06,RETR,xtbBshnNs2pGLlmuEwAA3z
店铺绩效类,last7,account_4,weihaizhongxin2024@126.com,"Thu, 2 Jul 2026 04:17:03 +0000","""Amazon.com"" <fba-noreply@amazon.com>",Your FBA request is complete (go0BbIMUoR),,"Greetings from Amazon.com
We thought you'd like to know that we have completed your destroy request.
You can track the status of this request by visiting your Seller Account at:
https://sellercentral-europe.amazon.com/
For a complete list of inventory being destroyed, go to:
https://sellercentral-europe.amazon.com/gp/orders/fba-order-details.html?orderID=S02-6026936-3810853
Please note: this email was sent from a notification-only address that
cannot accept incoming e-mail. Please do not reply to this message.
Thank you for using Fulfillment by Amazon.
------------------------------------------------------------------------------
Fulfilment by Amazon – let Amazon pick, pack and ship your orders domestically
and EU wide.
------------------------------------------------------------------------------
Was this e-mail helpful? https://sellercentral.amazon.co.uk/gp/satisfaction/survey-form.html?ie=UTF8&HMDName=NotificationBusEmailHMD&customAttribute1Value=PRODUCT_REMOVAL_ORDER_SHIPPED_NOW
SPC-EUAmazon-193515716027065",2026-07-05 22:55:05,RETR,xtbBsgK1m2pF5kL-ZwAA3N
店铺绩效类,last7,account_4,weihaizhongxin2024@126.com,"Wed, 1 Jul 2026 16:27:45 +0000","""Amazon.com"" <fba-noreply@amazon.com>",Your FBA request is complete (hbXn1jQJTV),,"Greetings from Amazon.com
We thought you'd like to know that we have completed your destroy request.
Disposal Summary:
Quantity Requested: 1
Quantity Successfully Destroyed: 1
Quantity Cancelled: 0
You can track the status of this request by visiting your Seller Account at:
https://sellercentral.amazon.com/
For a complete list of inventory being destroyed, go to:
https://sellercentral.amazon.com/gp/orders/fba-order-details.html?orderID=S01-0881392-7844068
Please note: this email was sent from a notification-only address that
cannot accept incoming e-mail. Please do not reply to this message.
Thank you for using Fulfillment by Amazon.
--------------------------------------------------------------------------
Fulfillment by Amazon, professional packing, shipping and servicing of
online orders.
--------------------------------------------------------------------------
Was this email helpful?
 https://sellercentral.amazon.com/gp/satisfaction/survey-form.html?ie=UTF8&HMDName=NotificationBusEmailHMD&customAttribute1Value=PRODUCT_REMOVAL_ORDER_SHIPPED_NOW
SPC-USAmazon-1565706782398233",2026-07-05 22:55:05,RETR,xtbBpAX84mpFQAWDkwAA3F
店铺绩效类,last7,account_4,weihaizhongxin2024@126.com,"Wed, 1 Jul 2026 05:07:37 +0000","""Fulfillment by Amazon (Do not reply)"" <donotreply@amazon.com>",FBA reimbursement notification,,"96
FBA reimbursement notification
 You have a reimbursement activity
 Hello from Fulfilment by Amazon,
We have initiated a reimbursement, a reimbursement reversal, or both due to recent activity on your selling account. No action is required from you.
Reimbursements can be initiated for an issue that you notified us about or one that we identified at a fulfilment centre. A reimbursement reversal occurs when a reimbursement decision has been reviewed and changed. Reimbursement amounts are determined in accordance with the FBA inventory reimbursement policy ( https://sellercentral.amazon.co.uk/gp/help/external/200213130 ).
Please note that it may take up to five business days for reimbursement transactions to appear in your seller account.
You can find details on your reimbursement or reversal transaction in the Reimbursements report ( https://sellercentral.amazon.co.uk/reportcentral/REIMBURSEMENTS/0 ) in Seller Central:
- In the Event Date drop-down menu, select a date range and click Generate report . You can use the date in the subject line of this email as a point of reference.
- To identify inventory reimbursements and reversals, see the Quantity reimbursed [inventory] column.
-",2026-07-05 22:55:02,RETR,xtbBpR364GpEoJ1qxAAA3f
店铺绩效类,last7,account_4,weihaizhongxin2024@126.com,"Tue, 30 Jun 2026 08:53:34 +0000","""Amazon.com"" <fba-noreply@amazon.com>",Your FBA request is complete (j2cKowrwuw),,"Greetings from Amazon.com
We thought you'd like to know that we have completed your destroy request.
You can track the status of this request by visiting your Seller Account at:
https://sellercentral-europe.amazon.com/
For a complete list of inventory being destroyed, go to:
https://sellercentral-europe.amazon.com/gp/orders/fba-order-details.html?orderID=S02-6586757-6351206
Please note: this email was sent from a notification-only address that
cannot accept incoming e-mail. Please do not reply to this message.
Thank you for using Fulfillment by Amazon.
------------------------------------------------------------------------------
Fulfilment by Amazon – let Amazon pick, pack and ship your orders domestically
and EU wide.
------------------------------------------------------------------------------
Was this e-mail helpful? https://sellercentral.amazon.co.uk/gp/satisfaction/survey-form.html?ie=UTF8&HMDName=NotificationBusEmailHMD&customAttribute1Value=PRODUCT_REMOVAL_ORDER_SHIPPED_NOW
SPC-EUAmazon-510175063560598",2026-07-05 22:55:00,RETR,xtbBsxCQdmpDhBAa-wAA3d
店铺绩效类,last7,account_4,weihaizhongxin2024@126.com,"Tue, 30 Jun 2026 04:56:23 +0000","""Fulfillment by Amazon (Do not reply)"" <donotreply@amazon.com>",FBA reimbursement notification,,"96
FBA reimbursement notification
 You have a reimbursement activity
 Hello from Fulfilment by Amazon,
We have initiated a reimbursement, a reimbursement reversal, or both due to recent activity on your selling account. No action is required from you.
Reimbursements can be initiated for an issue that you notified us about or one that we identified at a fulfilment centre. A reimbursement reversal occurs when a reimbursement decision has been reviewed and changed. Reimbursement amounts are determined in accordance with the FBA inventory reimbursement policy ( https://sellercentral.amazon.co.uk/gp/help/external/200213130 ).
Please note that it may take up to five business days for reimbursement transactions to appear in your seller account.
You can find details on your reimbursement or reversal transaction in the Reimbursements report ( https://sellercentral.amazon.co.uk/reportcentral/REIMBURSEMENTS/0 ) in Seller Central:
- In the Event Date drop-down menu, select a date range and click Generate report . You can use the date in the subject line of this email as a point of reference.
- To identify inventory reimbursements and reversals, see the Quantity reimbursed [inventory] column.
-",2026-07-05 22:55:00,RETR,xtbBpRucgmpDTHsTOAAA3V
店铺绩效类,last7,account_4,weihaizhongxin2024@126.com,"Mon, 29 Jun 2026 23:44:37 +0000","""Amazon.com"" <fba-noreply@amazon.com>",Your FBA request is complete (H7OQM8penQ),,"Greetings from Amazon.com
We thought you'd like to know that we have completed your destroy request.
Disposal Summary:
Quantity Requested: 1
Quantity Successfully Destroyed: 1
Quantity Cancelled: 0
You can track the status of this request by visiting your Seller Account at:
https://sellercentral.amazon.com/
For a complete list of inventory being destroyed, go to:
https://sellercentral.amazon.com/gp/orders/fba-order-details.html?orderID=S01-1191815-3214046
Please note: this email was sent from a notification-only address that
cannot accept incoming e-mail. Please do not reply to this message.
Thank you for using Fulfillment by Amazon.
--------------------------------------------------------------------------
Fulfillment by Amazon, professional packing, shipping and servicing of
online orders.
--------------------------------------------------------------------------
Was this email helpful?
 https://sellercentral.amazon.com/gp/satisfaction/survey-form.html?ie=UTF8&HMDName=NotificationBusEmailHMD&customAttribute1Value=PRODUCT_REMOVAL_ORDER_SHIPPED_NOW
SPC-USAmazon-1161086507307943",2026-07-05 22:54:58,RETR,xtbBpQlGLGpDA2k23QAA3u
店铺绩效类,last7,account_4,weihaizhongxin2024@126.com,"Mon, 29 Jun 2026 04:56:45 +0000","""Fulfillment by Amazon (Do not reply)"" <donotreply@amazon.com>",FBA reimbursement notification,,"96
FBA reimbursement notification
 You have a reimbursement activity
 Hello from Fulfilment by Amazon,
We have initiated a reimbursement, a reimbursement reversal, or both due to recent activity on your selling account. No action is required from you.
Reimbursements can be initiated for an issue that you notified us about or one that we identified at a fulfilment centre. A reimbursement reversal occurs when a reimbursement decision has been reviewed and changed. Reimbursement amounts are determined in accordance with the FBA inventory reimbursement policy ( https://sellercentral.amazon.co.uk/gp/help/external/200213130 ).
Please note that it may take up to five business days for reimbursement transactions to appear in your seller account.
You can find details on your reimbursement or reversal transaction in the Reimbursements report ( https://sellercentral.amazon.co.uk/reportcentral/REIMBURSEMENTS/0 ) in Seller Central:
- In the Event Date drop-down menu, select a date range and click Generate report . You can use the date in the subject line of this email as a point of reference.
- To identify inventory reimbursements and reversals, see the Quantity reimbursed [inventory] column.
-",2026-07-05 22:54:55,RETR,xtbBsg-s0mpB+w81YQAA3I
付款/资金类,last7,account_4,weihaizhongxin2024@126.com,"Fri, 3 Jul 2026 14:39:15 +0000",Amazon Services <donotreply@amazon.com>,Tu pago está en camino,,"96
This title will display on mobile devices
 ¡Enhorabuena! El pago está de camino y llegará pronto.
 El pago está en camino
Enhorabuena, Weihai EU. Tu pago está en camino y te llegará en un plazo de tres a cinco días.
El 07/03/26 14:39 WEST, iniciamos una transferencia a tu método de pago (cuenta bancaria terminado en 229) por un importe de €
 518,61.
 Si el importe es inferior a lo esperado, ten en cuenta las siguientes preguntas:
 ¿Tienes saldo no disponible en tu cuenta de vendedor? Puede que hayamos reservado algo de dinero para posibles devoluciones, reclamaciones o reversiones de cargo de clientes. En este caso, el saldo de cierre de tu informe de pagos te mostrará el saldo no disponible en reserva.
 ¿Cubren tus ventas las tarifas de Amazon y las devoluciones del periodo de liquidación? El importe del pago refleja las ventas que has hecho y las tarifas de venta aplicadas tanto a dichas ventas como a cualquier promoción o servicio que hayas utilizado. Te recomendamos que revises tu informe de pagos en ""Informes"" de Seller Central para conocer el saldo de cierre.
Para más información sobre los informes de pagos en Seller Central, visita nuestro curso oficial.
Te deseamos un éx",2026-07-05 22:55:10,RETR,xtbBpBYE6WpHyZbtGgAA3a
付款/资金类,last7,account_4,weihaizhongxin2024@126.com,"Fri, 3 Jul 2026 10:10:03 +0000","""donotreply@amazon.com"" <donotreply@amazon.com>",✅ Transparency Payment Confirmed!,,"96
 Hello,
Thank you for your purchase! Your payment has been successfully processed. Here is your payment summary:
Invoice Number: 1QDP-M6N7-PPHG...
Hello,
Thank you for your purchase! Your payment has been successfully processed. Here is your payment summary:
Invoice Number: 1QDP-M6N7-PPHG
Date: July 3, 2026
Amount Paid: 740.35 USD
Remaining Balance: 0.00 USD
Payment Method: Cash Transfer
You can access all your billing and payments related information by going to your Transactions Dashboard.
 [Link to invoice Dashboard]
 If you see an 'Access Denied' error message when you use the link below and are not able to access the invoice/credit note, then please email transparency-support@amazon.com with your profile link (see instructions below).
 Frequently Asked Questions (FAQ)
 I see 'Access Denied' message after logging into the Transparency Portal, what should I do?
- Please log into your Amazon.com account associated with this email address. If you don't have an account, please create one with this email address.
- Go to https://www.amazon.com/profile.
- Copy the URL that was generated in the search bar. The profile link you need to provide will look similar to this: https://www.",2026-07-05 22:55:09,RETR,xtbBsh4uFGpHin4j-QAA3R
付款/资金类,last7,account_4,weihaizhongxin2024@126.com,"Thu, 2 Jul 2026 17:09:13 +0000",The Amazon Services team <donotreply@amazon.com>,Access your January–March 2026 China tax report,,"96
 You can now download your quarterly tax report, which includes data such as identity information, number of transactions, revenue, and commission and service fees.
 Hello,
 According to rules for online stores issued by the State Council of China (Decree No. 810), we are required to provide information on China-based sellers to the Chinese tax authority on a quarterly basis.
 Some sellers identified potential data discrepancies with the first quarterly tax report covering January to March 2026. Our team has carefully reviewed all reporting to ensure it accurately reflects your activity in our store and resubmitted Q1 2026 reports to the Chinese tax authority where necessary.
 We’re re-sending your quarterly China tax report in case you didn’t download it. The links below are active for seven days.
 Download your quarterly report
 This report is provided for your reference only; no action is required.
 We’ve also provided a more granular order-level report that displays your quarterly information by transaction.
 Download your order-level report
 Variation between the data in these reports and your payment and Amazon VAT transactions report is expected. Each report uses distinct",2026-07-05 22:55:08,RETR,xtbBshshB2pGmzs1BwAA3x
付款/资金类,last7,account_4,weihaizhongxin2024@126.com,"Thu, 2 Jul 2026 16:54:53 +0000",The Amazon Services team <donotreply@amazon.com>,Access your January - March 2026 China tax report,,"96
 You can now download your quarterly tax report which includes data such as identity information, number of transactions, revenue, and commission and service fees.
 Hello,
 According to rules for online stores issued by the State Council of China (Decree No. 810), we are required to provide information on China-based sellers to the Chinese tax authority on a quarterly basis.
 Some sellers identified potential data discrepancies with the first quarterly tax report covering January to March 2026. Our team has carefully reviewed all reporting to ensure it accurately reflects your activity in our store, and resubmitted Q1 2026 reports to the Chinese tax authority where necessary.
 We’re re-sending your quarterly China tax report in case you didn’t download it. The links below are active for seven days.
 Download your quarterly report
 This report is provided for your reference only, no action is required.
 We’ve also provided a more granular order-level report that displays your quarterly information by transaction.
 Download your order-level report
 Variation between the data in these reports and your payment and Amazon VAT transactions report is expected. Each report uses distinct",2026-07-05 22:55:08,RETR,xtbBsgFKMGpGl+EPyAAA3U
付款/资金类,last7,account_4,weihaizhongxin2024@126.com,"Wed, 1 Jul 2026 14:45:45 +0000",Amazon Services <donotreply@amazon.com>,Your payment is on the way,,"96
This title will display on mobile devices
 Congratulations! Your payment is on the way and will arrive soon.
 Disbursement attempted
Congratulations Weihai CA! Your payment is on the way and will arrive within three to five days.
On 07/01/26 14:45 EDT, we initiated a transfer to your payment method (bank account ending in 151) in the amount of CAD
 422.18.
 If the amount is less than expected, here are a few questions to consider:
 Do you have an unavailable balance? Amazon might be reserving money to cover potential returns, claims or chargebacks from buyers. If this is the case, the closing balance in your Payment Report will display the unavailable balance that is reserved.
 Did your sales cover all fees and returns for this statement period? The payment amount reflects sales activities, selling fees and fees for promotions or services. We recommend reviewing your Payment Report under the Reports tab in Seller Central to understand your closing balance.
To learn more about Payment Reports in Seller Central, please visit our official course.
We wish you continued success!
Thank you for selling in the Amazon Store,
Amazon Services
Help us improve your payment experience on Amaz",2026-07-05 22:55:04,RETR,xtbBshz84mpFKBzE3gAA3x
付款/资金类,last7,account_4,weihaizhongxin2024@126.com,"Wed, 1 Jul 2026 14:43:29 +0000",Amazon Services <donotreply@amazon.com>,Tu pago está en camino,,"96
This title will display on mobile devices
 ¡Enhorabuena! El pago está de camino y llegará pronto.
 El pago está en camino
Enhorabuena, Weihai EU. Tu pago está en camino y te llegará en un plazo de tres a cinco días.
El 07/01/26 14:42 WEST, iniciamos una transferencia a tu método de pago (cuenta bancaria terminado en 229) por un importe de €
 873,07.
 Si el importe es inferior a lo esperado, ten en cuenta las siguientes preguntas:
 ¿Tienes saldo no disponible en tu cuenta de vendedor? Puede que hayamos reservado algo de dinero para posibles devoluciones, reclamaciones o reversiones de cargo de clientes. En este caso, el saldo de cierre de tu informe de pagos te mostrará el saldo no disponible en reserva.
 ¿Cubren tus ventas las tarifas de Amazon y las devoluciones del periodo de liquidación? El importe del pago refleja las ventas que has hecho y las tarifas de venta aplicadas tanto a dichas ventas como a cualquier promoción o servicio que hayas utilizado. Te recomendamos que revises tu informe de pagos en ""Informes"" de Seller Central para conocer el saldo de cierre.
Para más información sobre los informes de pagos en Seller Central, visita nuestro curso oficial.
Te deseamos un éx",2026-07-05 22:55:03,RETR,xtbBpBXawGpFJ5WurwAA33
付款/资金类,last7,account_4,weihaizhongxin2024@126.com,"Wed, 1 Jul 2026 14:42:06 +0000",Amazon Services <donotreply@amazon.com>,Your payment is on the way,,"96
This title will display on mobile devices
 Congratulations! Your payment is on the way and will arrive soon.
 Disbursement Attempted
Congratulations Weihai EU! Your payment is on the way and will arrive within three to five days.
On 07/01/26 14:41 CEST, we initiated a transfer to your payment method (bank account ending in 229) in the amount of €
 660.39.
 If the amount is less than expected, here are a few questions to consider:
 Do you have an unavailable balance? Amazon might be reserving money to cover potential returns, claims, or chargebacks from buyers. If this is the case, the closing balance in your Payment Report will display the unavailable balance that is reserved.
 Did your sales cover all fees and returns for this statement period? The payment amount reflects sales activities, selling fees, and fees for promotions or services. We recommend reviewing your Payment Report under the Reports tab in Seller Central to understand your closing balance.
To learn more about Payment Reports in Seller Central, please visit our official course.
We wish you continued success!
Thank you for selling in the Amazon store,
Amazon Services
Help us improve your payment experience on Ama",2026-07-05 22:55:03,RETR,xtbBswHFq2pFJ0FviQAA3z
付款/资金类,last7,account_4,weihaizhongxin2024@126.com,"Mon, 29 Jun 2026 14:21:30 +0000",Amazon Services <donotreply@amazon.com>,Your payment is on the way,,"96
This title will display on mobile devices
 Congratulations! Your payment is on the way and will arrive soon.
 Disbursement Attempted
Congratulations Weihai EU! Your payment is on the way and will arrive within three to five days.
On 06/29/26 14:21 BST, we initiated a transfer to your payment method (bank account ending in 191) in the amount of £
 325.36.
 If the amount is less than expected, here are a few questions to consider:
 Do you have an unavailable balance? Amazon might be reserving money to cover potential returns, claims or chargebacks from buyers. If this is the case, the closing balance in your Payment Report will display the unavailable balance that is reserved.
 Did your sales cover all fees and returns for this statement period? The payment amount reflects sales activities, selling fees and fees for promotions or services. We recommend reviewing your Payment Report under the Reports tab in Seller Central to understand your closing balance.
To find out more about Payment Reports in Seller Central, please visit our official course.
We wish you continued success!
Thank you for selling in the Amazon store,
Amazon Services
Help us improve your payment experience on Ama",2026-07-05 22:54:57,RETR,xtbBpQ4mDGpCf24WyAAA3m
付款/资金类,last7,account_4,weihaizhongxin2024@126.com,"Mon, 29 Jun 2026 14:17:27 +0000",Amazon Services <donotreply@amazon.com>,Tu pago está en camino,,"96
This title will display on mobile devices
 ¡Enhorabuena! El pago está de camino y llegará pronto.
 El pago está en camino
Enhorabuena, Weihai EU. Tu pago está en camino y te llegará en un plazo de tres a cinco días.
El 06/29/26 14:17 WEST, iniciamos una transferencia a tu método de pago (cuenta bancaria terminado en 229) por un importe de €
 240,13.
 Si el importe es inferior a lo esperado, ten en cuenta las siguientes preguntas:
 ¿Tienes saldo no disponible en tu cuenta de vendedor? Puede que hayamos reservado algo de dinero para posibles devoluciones, reclamaciones o reversiones de cargo de clientes. En este caso, el saldo de cierre de tu informe de pagos te mostrará el saldo no disponible en reserva.
 ¿Cubren tus ventas las tarifas de Amazon y las devoluciones del periodo de liquidación? El importe del pago refleja las ventas que has hecho y las tarifas de venta aplicadas tanto a dichas ventas como a cualquier promoción o servicio que hayas utilizado. Te recomendamos que revises tu informe de pagos en ""Informes"" de Seller Central para conocer el saldo de cierre.
Para más información sobre los informes de pagos en Seller Central, visita nuestro curso oficial.
Te deseamos un éx",2026-07-05 22:54:57,RETR,xtbBshnozmpCfnkewwAA3-
产品链接/合规类,last7,account_4,weihaizhongxin2024@126.com,"Fri, 3 Jul 2026 06:41:28 +0000",Amazon Seller Support <merch.service05@amazon.com>,"RE:[CASE 20858098381] US - Food and Product Safety - ASIN:
 B0DD7R3PPG",,"96
RE:[CASE 20858098381] US - Food and Product Safety - ASIN: B0DD7R3PPG
Hello from Amazon Selling Partner Support,
We are writing regarding your dispute for ASIN B0DD7R3PPG (SKU: aadw) — Children Painting Set, which was suppressed due to the non-submission of required details to the Testing Inspection Certification (TIC) team for a non-compliant product with a ""New"" TRF status.
We have received the supporting documents you provided, including the product PDF and Safety Data Sheet, and have escalated this matter to the appropriate internal team for further investigation. The case is currently pending their review, and we will follow up with you as soon as we have an update.
In the meantime, to support reinstatement, please review the details in your Account Health Dashboard under Performance Notifications and work with the Testing Inspection Certification (TIC) team as outlined in the following help page:
https://sellercentral.amazon.com/help/hub/reference/external/GKJRA3FRPRKVBJJS?locale=en-US
You may also refer to the TIC help page:
https://sellercentral.amazon.com/help/hub/reference/external/GUTZ2R2DD6P2UMVB?locale=en-US
To help us continually improve, we ask that you take a mom",2026-07-05 22:55:09,RETR,xtbBshzpz2pHWZxSnQAA3v
产品链接/合规类,last7,account_4,weihaizhongxin2024@126.com,"Thu, 2 Jul 2026 14:09:44 +0000",Amazon Europe <donotreply@amazon.com>,"Seller Assistant is now live in France, Italy & Spain",,"96
 AI-powered assistance is now available in Seller Central to help you manage your business more efficiently.
 Hello,
 Managing your business on Amazon just got easier.
 Seller Assistant is now available in FRITES within Seller Central. This AI-powered assistant helps you find relevant information, access insights, and manage your business more efficiently, directly where you already work.
 Seller Assistant provides guidance on our tools, policies, and processes using information available across Seller Central, along with personalized responses based on your account data. This allows you to quickly surface insights related to your business performance, inventory planning, listing, compliance, and account health without navigating multiple pages.
 Seller Assistant is designed to reduce effort in day-to-day business management and support faster, more informed decision-making.
 Try Seller Assistant
 Start using Seller Assistant to get quick answers to business questions, such as:
- How is my business performing?
- Which products should I restock to avoid going out of stock?
- Are there any compliance issues with my current listings?
- What actions can I take to improve my account ",2026-07-05 22:55:07,RETR,xtbBsgqSeGpGcSqS-QAA3K
产品链接/合规类,last7,account_4,weihaizhongxin2024@126.com,"Wed, 1 Jul 2026 13:15:52 +0000",Sell with Amazon <no-reply@sell.amazon.com>,"The Amazon Accelerate 2026 speaker lineup is here! Register now to
 save $100",,"[Amazon logo](https://go.amazonsellerservices.com/e/229492/-ld-EM/7z49sbm/6744236849/h/wes7VJdAGIYNS4DfvXPWWwdvIH7_mIadF_Oxp_jSZW8)
[Speakers at Accelerate](https://go.amazonsellerservices.com/e/229492/-medium-email-utm-source-email/7z49sbq/6744236849/h/wes7VJdAGIYNS4DfvXPWWwdvIH7_mIadF_Oxp_jSZW8)
Meet the leaders building for seller success
At Accelerate, you won't just hear about what's coming. You'll ask questions, share feedback, and have real conversations with the people building the tools and programs that power your business. This is face-to-face time you can't get anywhere else.
Join us from September 22 to 24 in Seattle to connect with them directly.
[Register now](https://go.amazonsellerservices.com/e/229492/-medium-email-utm-source-email/7z49sbq/6744236849/h/wes7VJdAGIYNS4DfvXPWWwdvIH7_mIadF_Oxp_jSZW8)
""We've attended Amazon Accelerate since the beginning, and every year it gets more focused and valuable. We leave with clear action items, and each time we've seen a direct impact on revenue as a result.""
2025 attendee
Introducing some of the speakers you'll hear from:
[A checkmark icon]
Mary Beth Westmoreland, Vice President, Selling Partner Experience
Mary Beth's teams ",2026-07-05 22:55:03,RETR,xtbBpQyzmWpFEww+xgAA3L
产品链接/合规类,last7,account_4,weihaizhongxin2024@126.com,"Tue, 30 Jun 2026 04:09:19 +0000","""seller.service05@amazon.com"" <seller.service05@amazon.com>","[Case ID 20858098381] *UPDATE* US - Food and Product Safety - ASIN:
 B0DD7R3PPG",,"96
[Case ID 20858098381] *UPDATE* US - Food and Product Safety - ASIN: B0DD7R3PPG
 Hello,
Thanks for your continued patience. We are currently researching your issue in partnership with the responsible team. We'll provide an update as soon as any additional information is available.
 Copyright 2026 Amazon, Inc, or its affiliates. All rights reserved.
 Amazon.com, 410 Terry Avenue North, Seattle, WA 98109-5210
 SPC-USAmazon-1759220830316787",2026-07-05 22:54:59,RETR,xtbBpRPXvWpDQXO9RAAA3+
法务/侵权类,last7,account_4,weihaizhongxin2024@126.com,"Thu, 2 Jul 2026 14:26:45 +0000",Amazon Services Europe <donotreply@amazon.com>,"El Asistente de vendedores ya está activo en Francia, Italia y España",,"96
 La asistencia con tecnología de IA ya está disponible en Seller Central para ayudarte a gestionar tu negocio de forma más eficiente.
 Hola:
 Gestionar tu negocio en Amazon acaba de hacerse más fácil.
 El Asistente de vendedores ya está disponible en FRITES dentro de Seller Central. Este asistente con tecnología de IA te ayuda a encontrar información relevante, acceder a información detallada y gestionar tu negocio de forma más eficiente, directamente donde ya trabajas.
 El Asistente de vendedores proporciona orientación sobre nuestras herramientas, políticas y procesos utilizando información disponible en Seller Central, junto con respuestas personalizadas basadas en los datos de tu cuenta. Esto te permite obtener rápidamente información relacionada con el rendimiento de tu negocio, planificación de inventario, listing, cumplimiento normativo y estado de la cuenta sin navegar por múltiples páginas.
 El Asistente de vendedores está diseñado para reducir el esfuerzo en la gestión empresarial diaria y facilitar una toma de decisiones más rápida e informada.
 Probar el Asistente de vendedores
 Empieza a usar el Asistente de vendedores para obtener respuestas rápidas a preguntas emp",2026-07-05 22:55:07,RETR,xtbBsgaSeGpGdSa7CwAA3R
法务/侵权类,last7,account_4,weihaizhongxin2024@126.com,"Thu, 2 Jul 2026 14:11:01 +0000",Luana Camargo <notifications@insgly.net>,Worten Marketplace - Portugal y España,,"Hola Weihai EU,
Soy Luana Camargo, Business Developer en Worten worten.pt / worten.es , el mayor marketplace de Portugal.
Nuestro equipo de análisis ha señalado que una asociación con usted sería una gran oportunidad para ambos.
¿Estaría disponible para una reunión online esta semana?
Acerca de Worten - Somos el líder del mercado portugués:
- Nº 1 del comercio electrónico portugués
- Sitio web con mayor tráfico de Portugal (más de 10 millones de visitas al mes) - Ranking de mercado
- Más de 200 tiendas físicas en Portugal y España, proporcionando una oportunidad omnicanal
- Plataforma de gestión: Mirakl (se puede integrar manualmente o vía API)
- Sin costes iniciales - 6 meses
Estaré encantado de ayudarle si tiene alguna pregunta.
Muchas gracias,
Saludos Cordiales",2026-07-05 22:55:07,RETR,xtbBpRimjGpGcXiCyAAA34
法务/侵权类,last7,account_4,weihaizhongxin2024@126.com,"Thu, 2 Jul 2026 13:49:18 +0000",Amazon Europe <donotreply@amazon.com>,"L'assistente venditori è ora attivo in Francia, Italia e Spagna",,"96
 L'assistenza basata su AI è ora disponibile in Seller Central per aiutarti a gestire la tua attività in modo più efficiente.
 Buongiorno,
 Gestire la tua attività su Amazon è diventato ancora più semplice.
 L''assistente venditori è ora disponibile in FRITES all''interno di Seller Central. Questo assistente basato su AI ti aiuta a trovare informazioni pertinenti, accedere a insight e gestire la tua attività in modo più efficiente, direttamente dove lavori già.
 L''assistente venditori fornisce indicazioni sui nostri strumenti, politiche e processi utilizzando informazioni disponibili in tutto Seller Central, insieme a risposte personalizzate basate sui dati del tuo account. Ciò ti consente di ottenere rapidamente insight relativi alle prestazioni della tua attività, pianificazione dell''inventario, offerta, conformità e stato dell''account senza dover navigare tra più pagine.
 L''assistente venditori è progettato per ridurre lo sforzo nella gestione quotidiana dell''attività e supportare un processo decisionale più rapido e informato.
 Prova assistente venditori
 Inizia a utilizzare l'assistente venditori per ottenere risposte rapide a domande relative alla tua attività, come:
",2026-07-05 22:55:07,RETR,xtbBpAJfRWpGbGJUbwAA3l
法务/侵权类,last7,account_4,weihaizhongxin2024@126.com,"Wed, 1 Jul 2026 16:04:35 +0000",Amazon Services <donotreply@amazon.com>,Presentar información de cumplimiento normativo de la RAP en Portugal,,"96
 La normativa portuguesa sobre la RAP se aplica a los productos vendidos a clientes de Portugal.
 Hola,
Para cumplir la legislación portuguesa sobre la responsabilidad ampliada del productor (RAP) , tienes que obtener números de registro de responsabilidad ampliada del productor para los productos que vendas a clientes de Portugal.
La RAP es un principio de política medioambiental que hace que el productor sea responsable de los productos a lo largo de todo su ciclo de vida. Esto incluye todo, desde el diseño del producto hasta la gestión al final de su vida útil, como la recogida, clasificación y reciclaje de residuos.
Por lo general, se entiende por ""productor"" a la parte que comercializa por primera vez en un país un producto sujeto a la normativa RAP.
Tienes que presentarnos los números de registro de la RAP para las siguientes categorías de productos reguladas:
- Embalaje
- Pilas y baterías Para presentarnos tu número de registro de la normativa y demostrar su cumplimiento normativo, sigue los pasos que se indican a continuación:
- En tu cuenta de Seller Central de España, ve a  Estado de la cuenta .
- Selecciona  Cumplimiento normativo .
- Selecciona  Enviar información so",2026-07-05 22:55:04,RETR,xtbBpRSfhWpFOpRbowAA3S
法务/侵权类,last7,account_4,weihaizhongxin2024@126.com,"Wed, 1 Jul 2026 02:53:05 +0000","""donotreply@amazon.com"" <donotreply@amazon.com>",Transparency Invoice/Credit note for 06/2026,,"96
 Dear Customer,
 Please click on the link below to access your Transparency electronic invoice/credit note in the Transparency Portal. If you see an '...
 Dear Customer,
 Please click on the link below to access your Transparency electronic invoice/credit note in the Transparency Portal. If you see an 'Access Denied' error message when you use the link below and are not able to access the invoice/credit note, then please email transparency-support@amazon.com with your profile link (see instructions below).
 [Link to invoice Dashboard]
 Frequently Asked Questions (FAQ)
- I see 'Access Denied' message after logging into the Transparency Portal, what should I do?
- Please log into your Amazon.com account associated with this email address. If you don't have an account, please create one with this email address.
- Go to http://www.amazon.com/profile .
- Copy the URL that was generated in the search bar. The profile link you need to provide will look similar to this: https://www.amazon.com/gp/profile/amzn1.account.XXXXXXXXXXXXXXXXXXXXXXXX
- Create an email to transparency-support@amazon.com , paste the URL that you copied into the body of the email, and click 'Send'.
 We will provide",2026-07-05 22:55:02,RETR,xtbBsxMQ9WpEgRPaDQAA3u
法务/侵权类,last7,account_4,weihaizhongxin2024@126.com,"Tue, 30 Jun 2026 00:26:34 +0000",Assistenza venditori Amazon <merch.service05@amazon.it>,<p>Grazie per aver creato un nuovo caso: -- 12929127032</p>,,"96
<p>Grazie per aver creato un nuovo caso: -- 12929127032</p>
 La ringraziamo per aver contattato il Supporto al venditore di Amazon.
Abbiamo aperto un caso riguardo al suo problema. Un membro del nostro team la contatterà appena possibile. Rispondiamo alla maggior parte delle e-mail entro 12 ore.
Per vedere i suoi ordini ed effettuare operazioni a essi relative, come per esempio l'emissione di rimborsi, visiti Seller Central al link: http://sellercentral-europe.amazon.com . Maggiori informazioni su come gestire i prodotti, gli ordini e il suo negozio online sono disponibili nelle pagine di aiuto di Seller Central.
Per contattarci nuovamente riguardo a questo problema utilizzi il modulo di contatto di Seller Central cliccando su questo link:
 https://sellercentral-europe.amazon.com/cu/case-dashboard/view-case?caseID=12929127032
Se desidera ricevere aiuto da altri venditori, può visitare il nostro Forum per i venditori a questo link: https://sellercentral.amazon.it/forums/
La preghiamo di non rispondere a questo messaggio. Questa e-mail è stata inviata da un indirizzo che non accetta posta in entrata.
 Copyright 2026 Amazon.com, Inc. o le relative società affiliate. Tutti i diritti",2026-07-05 22:54:58,RETR,xtbBsx29o2pDDT08LQAA34
法务/侵权类,last7,account_4,weihaizhongxin2024@126.com,"Mon, 29 Jun 2026 14:10:24 +0000",Luana Camargo <notifications@insgly.net>,Worten Marketplace - Portugal y España,,"¡Buenos días!
Espero que te encuentres bien.
Mi nombre es Luana Camargo y soy Business Developer en WORTEN Portugal y España, parte de Sonae, uno de los más grandes grupos empresariales en Portugal.
Te envío este mensaje porque nos gustaría hacer una colaboración entre Weihai EU y el Marketplace de Worten.
Sobre Worten.
Somos líderes en el mercado portugués, con 200 tiendas alcanzamos más de 1.2 billones de euros en ventas, de los cuales el 20% vienen del online.
En Portugal, Worten.pt es el sitio de comercio electrónico más visitado y con mejor desempeño, recibimos más visitas que los principales marketplaces del mundo, los que consideramos nuestra competencia. En compras online, el sitio web de Worten tiene el mayor tráfico de Portugal, más de 10 millones de visitas al mes.
Es en www.worten.pt y www.worten.es donde puedes mirar nuestro Marketplace.
Con más de 30 categorías, el Marketplace de Worten quiere ser la plataforma donde los clientes pueden encontrar todo lo que necesitan.
Con la gran demanda que sentimos, tenemos la oportunidad de aumentar nuestra gama de productos, ¡y trabajar con las mejores empresas es nuestra prioridad !
Worten Marketplace tiene una estrategia B2C, c",2026-07-05 22:54:57,RETR,xtbBpBR-ZWpCfNQBAgAA3p
货件/库存类,last7,account_4,weihaizhongxin2024@126.com,"Sat, 4 Jul 2026 04:34:30 +0000",Fulfilment by Amazon <donotreply@amazon.com>,Disposal order created for unsellable FBA inventory,,"96
Automated Removals of Unfulfillable Inventory
 Final notice: Disposal order for your unfulfillable FBA inventory
 Final notice: Disposal order for your unfulfillable FBA inventory
 Hello,
You have unfulfillable inventory that has been in a fulfilment centre for more than 14 days. We have created a disposal order for these items.
 Why is this happening?
This action is required because these unfulfillable items have remained in our fulfilment centres for more than 14 days after notification. According to our FBA Required Removals policy, cancelling a required removal order is not permitted. To learn more, visit our FBA Required Removals policy .
 Removal order ID:
- 0uWEj59btv
 Unsellable Products:
- FNSKU: B0DRC8LPGS Quantity: 1
- FNSKU: X002A05YW5 Quantity: 2
 For more information about the disposal order process, see Remove inventory from a fulfilment centre .
 To monitor your unfulfillable inventory, see the Manage FBA Inventory for total unsellable quantities or the Recommended Removal report for unsellable and aged inventory details.
 The Fulfilment by Amazon Team
 Report an issue with this email
 If you have any questions visit: Seller Central
 To change your email preferen",2026-07-05 22:55:11,RETR,xtbBpBomDGpIjVoVjgAA36
货件/库存类,last7,account_4,weihaizhongxin2024@126.com,"Sat, 4 Jul 2026 03:35:02 +0000",Fulfilment by Amazon <donotreply@amazon.com>,Create FBA removal order by 2026-07-16,,"96
Automated removals of unfulfillable inventory
 Required removals: First notification
 Required removals: First notification
 Hello,
Your FBA inventory listed below became unsellable in the past seven days. You must create a removal order by 2026-07-16 or these items will be disposed of. Removal fees will apply. Review the affected items and next steps below.
Unsellable products:
- FNSKU: B0DRCB74YN Quantity: 4
- FNSKU: B0DRCC2H56 Quantity: 1
- FNSKU: B0DRCF83VZ Quantity: 4
 Why is this happening?
This action is required because these items are no longer in sellable condition in our fulfilment centres. According to our FBA Required Removals policy, all unsuitable units must be removed within 14 days of notification. To learn more, go to our FBA Required Removals policy .
We leveraged a combination of automated means to identify this issue and make this decision.
 How do I address this?
Follow these steps to manage your unsellable inventory:
- Check your complete list and quantity of unsellable items in the Manage FBA inventory .
- Create a removal order (removal fees apply) by following the instructions in Remove inventory overview .
 To avoid future manual inventory removal orde",2026-07-05 22:55:11,RETR,xtbBswimjGpIf2jWMAAA3C
货件/库存类,last7,account_4,weihaizhongxin2024@126.com,"Sat, 4 Jul 2026 03:23:13 +0000",Fulfilment by Amazon <donotreply@amazon.com>,Create FBA removal order by 2026-07-16,,"96
Automated removals of unfulfillable inventory
 Required removals: First notification
 Required removals: First notification
 Hello,
Your FBA inventory listed below became unsellable in the past seven days. You must create a removal order by 2026-07-16 or these items will be disposed of. Removal fees will apply. Review the affected items and next steps below.
Unsellable products:
- FNSKU: B0DRCF83VZ Quantity: 1
 Why is this happening?
This action is required because these items are no longer in sellable condition in our fulfilment centres. According to our FBA Required Removals policy, all unsuitable units must be removed within 14 days of notification. To learn more, go to our FBA Required Removals policy .
We leveraged a combination of automated means to identify this issue and make this decision.
 How do I address this?
Follow these steps to manage your unsellable inventory:
- Check your complete list and quantity of unsellable items in the Manage FBA inventory .
- Create a removal order (removal fees apply) by following the instructions in Remove inventory overview .
 To avoid future manual inventory removal orders, set up Automated Unfulfillable Removals function in your FBA",2026-07-05 22:55:11,RETR,xtbBswT02mpIfKTBwAAA3i
其他风险类,last7,account_4,weihaizhongxin2024@126.com,"Wed, 1 Jul 2026 00:16:50 +0000","""Amazon.com"" <donotreply@amazon.com>",View your US Q3-2026 CSBA fee rate,,"96
 (Important) CSBA US Fee rate for Q3-2026
 Review your updated Customer Service by Amazon fee rate and metrics
 Hello,
 This is your quarterly update regarding Customer Service by Amazon (CSBA) fees.
 Your CSBA fee rate for Q3-2026 (Jul 1, 2026 through Sep 30, 2026) will be based on your performance metrics from Q2-2026 (Apr 1, 2026 through Jun 25, 2026). To learn more about program fees, go to Customer Service by Amazon fees .
 Fee tier & rate
 Q2-2026 contacts
 0
 Q2-2026 self-fulfilled shipped units
 0
 Q2-2026 contacts per unit (CPU¹)
 N/A%
 Q3-2026 fee rate² ($ per self-fulfilled shipped unit)
 $0.00
 ¹ Contacts per unit (CPU) = CSBA contacts / self-fulfilled shipped units
 ² Your fee rate for the previous quarter was $0.00.
 CSBA Insights Dashboard
 Get the most out of Customer Service by Amazon
 Use the CSBA Insights dashboard in Seller Central to:
- Review customer service contacts handled by Amazon
- Find ways to improve customer experience
- Reduce contact and return rates
 Follow these practices to prevent customer confusion and minimize your workload:
- Monitor the Response Needed inbox within the Buyer-Seller Messaging Service . In the rare case that we need your he",2026-07-05 22:55:01,RETR,xtbBpRbfxWpEXHZ5RgAA3S
店铺绩效类,older,account_4,weihaizhongxin2024@126.com,"Sun, 28 Jun 2026 14:57:16 +0000",Fulfillment by Amazon Operations <fba-noreply@amazon.com>,Automated unfulfillable FBA inventory removal notification,,"96
 Hello Weihai US,
The following automated unfulfillable FBA removal orders have been created based on your automated settings.
 Removal order ID H7OQM8penQ
 You can view the removals on Removal Order Details in your seller account by using the Search tool.
The next removal order will be created as scheduled on June 29, 2026 in accordance with your settings if you have unfulfillable inventory at that time.
To make changes to the shipping address, frequency of your automated unfulfillable removals, or other settings, go to Automated unfulfillable removal settings in your seller account.
 Thank you.
The Fulfillment by Amazon team
Please note: This email was sent from a notification-only address that cannot accept incoming email. Please do not reply to this email.
 Report an issue with this email
 If you have any questions visit: Seller Central
 To change your email preferences visit: Notification Preferences
 Copyright 2026 Amazon, Inc, or its affiliates. All rights reserved.
 Amazon.com, 410 Terry Avenue North, Seattle, WA 98109-5210
 SPC-USAmazon-1724036457613526",2026-07-05 22:54:54,RETR,xtbBpRCMcmpBNlBFjwAA3M
店铺绩效类,older,account_4,weihaizhongxin2024@126.com,"Sun, 28 Jun 2026 14:55:52 +0000",Amazon Services <seller-notification@amazon.com>,Balance paid on your Amazon seller account,,"Greetings from Amazon Services.
 We have charged your credit card for $81.22 in an attempt to settle your Amazon seller account balance.
 Note that the amount charged to your credit card may be less than the total amount you owe due to a credit limit imposed by your bank. If that is the case, we will continue to charge your credit card as often as every 24 hours until the remaining balance in your Amazon seller account is paid in full.
 You can also use the Make a Payment feature to repay the balance you owe. For more information, see Making a Payment .
 You can view your payment activity at any time by logging in to your seller account and going to your Payments Report .
 Thank you for selling on Amazon.
 Amazon Services
 Help us improve your experience on selling on Amazon through this brief survey:
 https://amazonexteu.qualtrics.com/jfe/form/SV_eUKdboEQhg1YpuK?cID=10038096056-202606281349
 Was this email helpful?
 SPC-USAmazon-510175622387886",2026-07-05 22:54:54,RETR,xtbBsxx3XWpBNfxhxQAA3D
店铺绩效类,older,account_4,weihaizhongxin2024@126.com,"Sun, 28 Jun 2026 04:47:15 +0000","""Fulfillment by Amazon (Do not reply)"" <donotreply@amazon.com>",FBA reimbursement notification,,"96
FBA reimbursement notification
 You have a reimbursement activity
 Hello from Fulfilment by Amazon,
We have initiated a reimbursement, a reimbursement reversal, or both due to recent activity on your selling account. No action is required from you.
Reimbursements can be initiated for an issue that you notified us about or one that we identified at a fulfilment centre. A reimbursement reversal occurs when a reimbursement decision has been reviewed and changed. Reimbursement amounts are determined in accordance with the FBA inventory reimbursement policy ( https://sellercentral.amazon.co.uk/gp/help/external/200213130 ).
Please note that it may take up to five business days for reimbursement transactions to appear in your seller account.
You can find details on your reimbursement or reversal transaction in the Reimbursements report ( https://sellercentral.amazon.co.uk/reportcentral/REIMBURSEMENTS/0 ) in Seller Central:
- In the Event Date drop-down menu, select a date range and click Generate report . You can use the date in the subject line of this email as a point of reference.
- To identify inventory reimbursements and reversals, see the Quantity reimbursed [inventory] column.
-",2026-07-05 22:54:53,RETR,xtbBpRepj2pAp1fonwAA35
店铺绩效类,older,account_4,weihaizhongxin2024@126.com,"Fri, 26 Jun 2026 04:59:26 +0000","""Fulfillment by Amazon (Do not reply)"" <donotreply@amazon.com>",FBA reimbursement notification,,"96
FBA reimbursement notification
 You have a reimbursement activity
 Hello from Fulfilment by Amazon,
We have initiated a reimbursement, a reimbursement reversal, or both due to recent activity on your selling account. No action is required from you.
Reimbursements can be initiated for an issue that you notified us about or one that we identified at a fulfilment centre. A reimbursement reversal occurs when a reimbursement decision has been reviewed and changed. Reimbursement amounts are determined in accordance with the FBA inventory reimbursement policy ( https://sellercentral.amazon.co.uk/gp/help/external/200213130 ).
Please note that it may take up to five business days for reimbursement transactions to appear in your seller account.
You can find details on your reimbursement or reversal transaction in the Reimbursements report ( https://sellercentral.amazon.co.uk/reportcentral/REIMBURSEMENTS/0 ) in Seller Central:
- In the Event Date drop-down menu, select a date range and click Generate report . You can use the date in the subject line of this email as a point of reference.
- To identify inventory reimbursements and reversals, see the Quantity reimbursed [inventory] column.
-",2026-07-05 22:54:48,RETR,xtbBpRH33Wo+BzFXCgAA3h
店铺绩效类,older,account_4,weihaizhongxin2024@126.com,"Fri, 26 Jun 2026 03:07:14 +0000","""Amazon.com"" <fba-noreply@amazon.com>",Your FBA request is complete (HI24ImSBWG),,"Greetings from Amazon.com
We thought you'd like to know that we have completed your destroy request.
Disposal Summary:
Quantity Requested: 1
Quantity Successfully Destroyed: 1
Quantity Cancelled: 0
You can track the status of this request by visiting your Seller Account at:
https://sellercentral.amazon.com/
For a complete list of inventory being destroyed, go to:
https://sellercentral.amazon.com/gp/orders/fba-order-details.html?orderID=S01-4837972-8437069
Please note: this email was sent from a notification-only address that
cannot accept incoming e-mail. Please do not reply to this message.
Thank you for using Fulfillment by Amazon.
--------------------------------------------------------------------------
Fulfillment by Amazon, professional packing, shipping and servicing of
online orders.
--------------------------------------------------------------------------
Was this email helpful?
 https://sellercentral.amazon.com/gp/satisfaction/survey-form.html?ie=UTF8&HMDName=NotificationBusEmailHMD&customAttribute1Value=PRODUCT_REMOVAL_ORDER_SHIPPED_NOW
SPC-USAmazon-1301823993910502",2026-07-05 22:54:48,RETR,xtbBswVeRGo97OUM+AAA3G
店铺绩效类,older,account_4,weihaizhongxin2024@126.com,"Thu, 25 Jun 2026 15:41:57 +0000",Fulfillment by Amazon Operations <fba-noreply@amazon.com>,Automated unfulfillable FBA inventory removal notification,,"96
 Hello Weihai US,
The following automated unfulfillable FBA removal orders have been created based on your automated settings.
 Removal order ID HI24ImSBWG
 You can view the removals on Removal Order Details in your seller account by using the Search tool.
The next removal order will be created as scheduled on June 26, 2026 in accordance with your settings if you have unfulfillable inventory at that time.
To make changes to the shipping address, frequency of your automated unfulfillable removals, or other settings, go to Automated unfulfillable removal settings in your seller account.
 Thank you.
The Fulfillment by Amazon team
Please note: This email was sent from a notification-only address that cannot accept incoming email. Please do not reply to this email.
 Report an issue with this email
 If you have any questions visit: Seller Central
 To change your email preferences visit: Notification Preferences
 Copyright 2026 Amazon, Inc, or its affiliates. All rights reserved.
 Amazon.com, 410 Terry Avenue North, Seattle, WA 98109-5210
 SPC-USAmazon-1301823993671780",2026-07-05 22:54:44,RETR,xtbBsggP9Go9TEh-IgAA3P
店铺绩效类,older,account_4,weihaizhongxin2024@126.com,"Thu, 25 Jun 2026 09:07:47 +0000",Amazon Multchannel Fulfillment Team <multichannelfulfillment@supplychain.amazon.com>,Please share your feedback on MCF,,"Please share your feedback on MCF
Dear Weihai US,
As a valued Multichannel Fulfilment (MCF) managed customer, we are interested in learning about your program feedback including new features that may benefit your business. This may help us understand how we can better meet your business needs and continue to improve the customer experience. Please complete this survey no later than July 2.
(button)  Click here to complete survey  https://amazonexteu.qualtrics.com/jfe/form/SV_cOSOOyGQjgcTF54?Q_CHL=gl&amp;Q_DL=EMD_7XHD09nVvjxfqAf_cOSOOyGQjgcTF54_CGC_i4S2zEfdL6jRC00&amp;_g_=g
This submission form is unique to your Seller account and can only be submitted once.
DISCLAIMER: Please do not include any Personally Identifiable Information within this survey such as physical addresses, phone numbers, merchant tokens, email addresses, account data, etc.
Thank you,
Your Multichannel Fulfilment Team
This survey is hosted by an external party Qualtrics.com, so the link above does not lead to our website. Your responses are subject to Amazon's Privacy Notice. If you have any concerns about the authenticity of this e-mail or to find out more about Amazon's survey program, please visit the Amazon C",2026-07-05 22:54:42,RETR,xtbBsgnv1Wo88CkW9QAA3t
店铺绩效类,older,account_4,weihaizhongxin2024@126.com,"Thu, 25 Jun 2026 04:53:58 +0000","""Fulfillment by Amazon (Do not reply)"" <donotreply@amazon.com>",FBA reimbursement notification,,"96
FBA reimbursement notification
 You have a reimbursement activity
 Hello from Fulfilment by Amazon,
We have initiated a reimbursement, a reimbursement reversal, or both due to recent activity on your selling account. No action is required from you.
Reimbursements can be initiated for an issue that you notified us about or one that we identified at a fulfilment centre. A reimbursement reversal occurs when a reimbursement decision has been reviewed and changed. Reimbursement amounts are determined in accordance with the FBA inventory reimbursement policy ( https://sellercentral.amazon.co.uk/gp/help/external/200213130 ).
Please note that it may take up to five business days for reimbursement transactions to appear in your seller account.
You can find details on your reimbursement or reversal transaction in the Reimbursements report ( https://sellercentral.amazon.co.uk/reportcentral/REIMBURSEMENTS/0 ) in Seller Central:
- In the Event Date drop-down menu, select a date range and click Generate report . You can use the date in the subject line of this email as a point of reference.
- To identify inventory reimbursements and reversals, see the Quantity reimbursed [inventory] column.
-",2026-07-05 22:54:42,RETR,xtbBswnw1mo8tGnZ8wAA39
店铺绩效类,older,account_4,weihaizhongxin2024@126.com,"Thu, 25 Jun 2026 00:27:04 +0000","""Amazon.com"" <fba-noreply@amazon.com>",Your FBA request is complete (FyqS0yVk5B),,"Greetings from Amazon.com
We thought you'd like to know that we have completed your destroy request.
Disposal Summary:
Quantity Requested: 2
Quantity Successfully Destroyed: 1
Quantity Cancelled: 1
You can track the status of this request by visiting your Seller Account at:
https://sellercentral.amazon.com/
For a complete list of inventory being destroyed, go to:
https://sellercentral.amazon.com/gp/orders/fba-order-details.html?orderID=S01-3320999-8288160
Please note: this email was sent from a notification-only address that
cannot accept incoming e-mail. Please do not reply to this message.
Thank you for using Fulfillment by Amazon.
--------------------------------------------------------------------------
Fulfillment by Amazon, professional packing, shipping and servicing of
online orders.
--------------------------------------------------------------------------
Was this email helpful?
 https://sellercentral.amazon.com/gp/satisfaction/survey-form.html?ie=UTF8&HMDName=NotificationBusEmailHMD&customAttribute1Value=PRODUCT_REMOVAL_ORDER_SHIPPED_NOW
SPC-USAmazon-1987919249117870",2026-07-05 22:54:41,RETR,xtbBpBs9I2o8ddt14AAA3M
店铺绩效类,older,account_4,weihaizhongxin2024@126.com,"Wed, 24 Jun 2026 04:45:26 +0000","""Fulfillment by Amazon (Do not reply)"" <donotreply@amazon.com>",FBA reimbursement notification,,"96
FBA reimbursement notification
 You have a reimbursement activity
 Hello from Fulfilment by Amazon,
We have initiated a reimbursement, a reimbursement reversal, or both due to recent activity on your selling account. No action is required from you.
Reimbursements can be initiated for an issue that you notified us about or one that we identified at a fulfilment centre. A reimbursement reversal occurs when a reimbursement decision has been reviewed and changed. Reimbursement amounts are determined in accordance with the FBA inventory reimbursement policy ( https://sellercentral.amazon.co.uk/gp/help/external/200213130 ).
Please note that it may take up to five business days for reimbursement transactions to appear in your seller account.
You can find details on your reimbursement or reversal transaction in the Reimbursements report ( https://sellercentral.amazon.co.uk/reportcentral/REIMBURSEMENTS/0 ) in Seller Central:
- In the Event Date drop-down menu, select a date range and click Generate report . You can use the date in the subject line of this email as a point of reference.
- To identify inventory reimbursements and reversals, see the Quantity reimbursed [inventory] column.
-",2026-07-05 22:54:40,RETR,xtbBpQq7oWo7YOq0JgAA38
店铺绩效类,older,account_4,weihaizhongxin2024@126.com,"Tue, 23 Jun 2026 15:11:41 +0000",Fulfillment by Amazon Operations <fba-noreply@amazon.com>,Automated unfulfillable FBA inventory removal notification,,"96
 Hello Weihai US,
The following automated unfulfillable FBA removal orders have been created based on your automated settings.
 Removal order ID FyqS0yVk5B
 You can view the removals on Removal Order Details in your seller account by using the Search tool.
The next removal order will be created as scheduled on June 24, 2026 in accordance with your settings if you have unfulfillable inventory at that time.
To make changes to the shipping address, frequency of your automated unfulfillable removals, or other settings, go to Automated unfulfillable removal settings in your seller account.
 Thank you.
The Fulfillment by Amazon team
Please note: This email was sent from a notification-only address that cannot accept incoming email. Please do not reply to this email.
 Report an issue with this email
 If you have any questions visit: Seller Central
 To change your email preferences visit: Notification Preferences
 Copyright 2026 Amazon, Inc, or its affiliates. All rights reserved.
 Amazon.com, 410 Terry Avenue North, Seattle, WA 98109-5210
 SPC-USAmazon-1671259898541181",2026-07-05 22:54:37,RETR,xtbBshHdw2o6ojFl1AAA3P
店铺绩效类,older,account_4,weihaizhongxin2024@126.com,"Tue, 23 Jun 2026 02:24:45 +0000","""Amazon.com"" <fba-noreply@amazon.com>",Your FBA request is complete (1M28ecQsao),,"Greetings from Amazon.com
We thought you'd like to know that we have completed your destroy request.
Disposal Summary:
Quantity Requested: 1
Quantity Successfully Destroyed: 1
Quantity Cancelled: 0
You can track the status of this request by visiting your Seller Account at:
https://sellercentral.amazon.com/
For a complete list of inventory being destroyed, go to:
https://sellercentral.amazon.com/gp/orders/fba-order-details.html?orderID=S01-1410418-0204243
Please note: this email was sent from a notification-only address that
cannot accept incoming e-mail. Please do not reply to this message.
Thank you for using Fulfillment by Amazon.
--------------------------------------------------------------------------
Fulfillment by Amazon, professional packing, shipping and servicing of
online orders.
--------------------------------------------------------------------------
Was this email helpful?
 https://sellercentral.amazon.com/gp/satisfaction/survey-form.html?ie=UTF8&HMDName=NotificationBusEmailHMD&customAttribute1Value=PRODUCT_REMOVAL_ORDER_SHIPPED_NOW
SPC-USAmazon-404622503407998",2026-07-05 22:54:31,RETR,xtbBpRHApmo57nGPkQAA3A
店铺绩效类,older,account_4,weihaizhongxin2024@126.com,"Mon, 22 Jun 2026 06:20:20 +0000","""Amazon.com"" <fba-noreply@amazon.com>",Your FBA request is complete (9U/Ti42WHq),,"Greetings from Amazon.com
We thought you'd like to know that we have completed your destroy request.
You can track the status of this request by visiting your Seller Account at:
https://sellercentral-europe.amazon.com/
For a complete list of inventory being destroyed, go to:
https://sellercentral-europe.amazon.com/gp/orders/fba-order-details.html?orderID=S02-8813600-4095116
Please note: this email was sent from a notification-only address that
cannot accept incoming e-mail. Please do not reply to this message.
Thank you for using Fulfillment by Amazon.
------------------------------------------------------------------------------
Fulfilment by Amazon – let Amazon pick, pack and ship your orders domestically
and EU wide.
------------------------------------------------------------------------------
Was this e-mail helpful? https://sellercentral.amazon.co.uk/gp/satisfaction/survey-form.html?ie=UTF8&HMDName=NotificationBusEmailHMD&customAttribute1Value=PRODUCT_REMOVAL_ORDER_SHIPPED_NOW
SPC-EUAmazon-1671259338897621",2026-07-05 22:54:28,RETR,xtbBsgfmzGo41CdKpQAA3R
店铺绩效类,older,account_4,weihaizhongxin2024@126.com,"Mon, 22 Jun 2026 04:45:03 +0000","""Fulfillment by Amazon (Do not reply)"" <donotreply@amazon.com>",FBA reimbursement notification,,"96
FBA reimbursement notification
 You have a reimbursement activity
 Hello from Fulfilment by Amazon,
We have initiated a reimbursement, a reimbursement reversal, or both due to recent activity on your selling account. No action is required from you.
Reimbursements can be initiated for an issue that you notified us about or one that we identified at a fulfilment centre. A reimbursement reversal occurs when a reimbursement decision has been reviewed and changed. Reimbursement amounts are determined in accordance with the FBA inventory reimbursement policy ( https://sellercentral.amazon.co.uk/gp/help/external/200213130 ).
Please note that it may take up to five business days for reimbursement transactions to appear in your seller account.
You can find details on your reimbursement or reversal transaction in the Reimbursements report ( https://sellercentral.amazon.co.uk/reportcentral/REIMBURSEMENTS/0 ) in Seller Central:
- In the Event Date drop-down menu, select a date range and click Generate report . You can use the date in the subject line of this email as a point of reference.
- To identify inventory reimbursements and reversals, see the Quantity reimbursed [inventory] column.
-",2026-07-05 22:54:28,RETR,xtbBshJMMmo4vdKqQQAA3I
店铺绩效类,older,account_4,weihaizhongxin2024@126.com,"Sun, 21 Jun 2026 14:27:31 +0000",Fulfillment by Amazon Operations <fba-noreply@amazon.com>,Automated unfulfillable FBA inventory removal notification,,"96
 Hello Weihai US,
The following automated unfulfillable FBA removal orders have been created based on your automated settings.
 Removal order ID 1M28ecQsao
 You can view the removals on Removal Order Details in your seller account by using the Search tool.
The next removal order will be created as scheduled on June 22, 2026 in accordance with your settings if you have unfulfillable inventory at that time.
To make changes to the shipping address, frequency of your automated unfulfillable removals, or other settings, go to Automated unfulfillable removal settings in your seller account.
 Thank you.
The Fulfillment by Amazon team
Please note: This email was sent from a notification-only address that cannot accept incoming email. Please do not reply to this email.
 Report an issue with this email
 If you have any questions visit: Seller Central
 To change your email preferences visit: Notification Preferences
 Copyright 2026 Amazon, Inc, or its affiliates. All rights reserved.
 Amazon.com, 410 Terry Avenue North, Seattle, WA 98109-5210
 SPC-USAmazon-492583430909528",2026-07-05 22:54:27,RETR,xtbBpRfawGo39NdwTwAA3p
店铺绩效类,older,account_4,weihaizhongxin2024@126.com,"Sat, 20 Jun 2026 15:35:08 +0000","""Amazon.com"" <fba-noreply@amazon.com>",Your FBA request is complete (hCxOB8pPpU),,"Greetings from Amazon.com
We thought you'd like to know that we have completed your destroy request.
Disposal Summary:
Quantity Requested: 1
Quantity Successfully Destroyed: 1
Quantity Cancelled: 0
You can track the status of this request by visiting your Seller Account at:
https://sellercentral.amazon.com/
For a complete list of inventory being destroyed, go to:
https://sellercentral.amazon.com/gp/orders/fba-order-details.html?orderID=S01-0438203-1064657
Please note: this email was sent from a notification-only address that
cannot accept incoming e-mail. Please do not reply to this message.
Thank you for using Fulfillment by Amazon.
--------------------------------------------------------------------------
Fulfillment by Amazon, professional packing, shipping and servicing of
online orders.
--------------------------------------------------------------------------
Was this email helpful?
 https://sellercentral.amazon.com/gp/satisfaction/survey-form.html?ie=UTF8&HMDName=NotificationBusEmailHMD&customAttribute1Value=PRODUCT_REMOVAL_ORDER_SHIPPED_NOW
SPC-USAmazon-439806876012022",2026-07-05 22:54:25,RETR,xtbBsw8gBmo2sy8HJAAA35
店铺绩效类,older,account_4,weihaizhongxin2024@126.com,"Sat, 20 Jun 2026 15:10:33 +0000",Fulfillment by Amazon Operations <fba-noreply@amazon.com>,Automated unfulfillable FBA inventory removal notification,,"96
 Hello Weihai US,
The following automated unfulfillable FBA removal orders have been created based on your automated settings.
 Removal order ID hbXn1jQJTV
 You can view the removals on Removal Order Details in your seller account by using the Search tool.
The next removal order will be created as scheduled on June 21, 2026 in accordance with your settings if you have unfulfillable inventory at that time.
To make changes to the shipping address, frequency of your automated unfulfillable removals, or other settings, go to Automated unfulfillable removal settings in your seller account.
 Thank you.
The Fulfillment by Amazon team
Please note: This email was sent from a notification-only address that cannot accept incoming email. Please do not reply to this email.
 Report an issue with this email
 If you have any questions visit: Seller Central
 To change your email preferences visit: Notification Preferences
 Copyright 2026 Amazon, Inc, or its affiliates. All rights reserved.
 Amazon.com, 410 Terry Avenue North, Seattle, WA 98109-5210
 SPC-USAmazon-2163841110748510",2026-07-05 22:54:25,RETR,xtbBswyulGo2rWziwAAA36
店铺绩效类,older,account_4,weihaizhongxin2024@126.com,"Sat, 20 Jun 2026 04:41:46 +0000","""Fulfillment by Amazon (Do not reply)"" <donotreply@amazon.com>",FBA reimbursement notification,,"96
FBA reimbursement notification
 You have a reimbursement activity
 Hello from Fulfilment by Amazon,
We have initiated a reimbursement, a reimbursement reversal, or both due to recent activity on your selling account. No action is required from you.
Reimbursements can be initiated for an issue that you notified us about or one that we identified at a fulfilment centre. A reimbursement reversal occurs when a reimbursement decision has been reviewed and changed. Reimbursement amounts are determined in accordance with the FBA inventory reimbursement policy ( https://sellercentral.amazon.co.uk/gp/help/external/200213130 ).
Please note that it may take up to five business days for reimbursement transactions to appear in your seller account.
You can find details on your reimbursement or reversal transaction in the Reimbursements report ( https://sellercentral.amazon.co.uk/reportcentral/REIMBURSEMENTS/0 ) in Seller Central:
- In the Event Date drop-down menu, select a date range and click Generate report . You can use the date in the subject line of this email as a point of reference.
- To identify inventory reimbursements and reversals, see the Quantity reimbursed [inventory] column.
-",2026-07-05 22:54:24,RETR,xtbBpA6xl2o2Gg6qFwAA35
店铺绩效类,older,account_4,weihaizhongxin2024@126.com,"Fri, 19 Jun 2026 14:16:06 +0000",Fulfillment by Amazon Operations <fba-noreply@amazon.com>,Automated unfulfillable FBA inventory removal notification,,"96
 Hello Weihai US,
The following automated unfulfillable FBA removal orders have been created based on your automated settings.
 Removal order ID hCxOB8pPpU
 You can view the removals on Removal Order Details in your seller account by using the Search tool.
The next removal order will be created as scheduled on June 20, 2026 in accordance with your settings if you have unfulfillable inventory at that time.
To make changes to the shipping address, frequency of your automated unfulfillable removals, or other settings, go to Automated unfulfillable removal settings in your seller account.
 Thank you.
The Fulfillment by Amazon team
Please note: This email was sent from a notification-only address that cannot accept incoming email. Please do not reply to this email.
 Report an issue with this email
 If you have any questions visit: Seller Central
 To change your email preferences visit: Notification Preferences
 Copyright 2026 Amazon, Inc, or its affiliates. All rights reserved.
 Amazon.com, 410 Terry Avenue North, Seattle, WA 98109-5210
 SPC-USAmazon-193516273769387",2026-07-05 22:54:23,RETR,xtbBpQrFq2o1Tyqx0QAA3b
店铺绩效类,older,account_4,weihaizhongxin2024@126.com,"Fri, 19 Jun 2026 08:10:33 +0000",Amazon Multchannel Fulfillment Team <multichannelfulfillment@supplychain.amazon.com>,Please share your feedback on MCF,,"Please share your feedback on MCF
Dear Weihai US,
As a valued Multichannel Fulfilment (MCF) managed customer, we are interested in learning about your program feedback including new features that may benefit your business. This may help us understand how we can better meet your business needs and continue to improve the customer experience. Please complete this survey no later than July 2.
(button)  Click here to complete survey  https://amazonexteu.qualtrics.com/jfe/form/SV_cOSOOyGQjgcTF54?Q_CHL=gl&amp;Q_DL=EMD_7XHD09nVvjxfqAf_cOSOOyGQjgcTF54_CGC_i4S2zEfdL6jRC00&amp;_g_=g
This submission form is unique to your Seller account and can only be submitted once.
DISCLAIMER: Please do not include any Personally Identifiable Information within this survey such as physical addresses, phone numbers, merchant tokens, email addresses, account data, etc.
Thank you,
Your Multichannel Fulfilment Team
This survey is hosted by an external party Qualtrics.com, so the link above does not lead to our website. Your responses are subject to Amazon's Privacy Notice. If you have any concerns about the authenticity of this e-mail or to find out more about Amazon's survey program, please visit the Amazon C",2026-07-05 22:54:20,RETR,xtbBsx5FK2o0+X4VDgAA3B
店铺绩效类,older,account_4,weihaizhongxin2024@126.com,"Thu, 18 Jun 2026 20:47:57 +0000","""Amazon.com"" <fba-noreply@amazon.com>",Your FBA request is complete (oWLDk2Qx2d),,"Greetings from Amazon.com
We thought you'd like to know that we have completed your destroy request.
Disposal Summary:
Quantity Requested: 2
Quantity Successfully Destroyed: 2
Quantity Cancelled: 0
You can track the status of this request by visiting your Seller Account at:
https://sellercentral.amazon.com/
For a complete list of inventory being destroyed, go to:
https://sellercentral.amazon.com/gp/orders/fba-order-details.html?orderID=S01-8566067-2437751
Please note: this email was sent from a notification-only address that
cannot accept incoming e-mail. Please do not reply to this message.
Thank you for using Fulfillment by Amazon.
--------------------------------------------------------------------------
Fulfillment by Amazon, professional packing, shipping and servicing of
online orders.
--------------------------------------------------------------------------
Was this email helpful?
 https://sellercentral.amazon.com/gp/satisfaction/survey-form.html?ie=UTF8&HMDName=NotificationBusEmailHMD&customAttribute1Value=PRODUCT_REMOVAL_ORDER_SHIPPED_NOW
SPC-USAmazon-1301823991515480",2026-07-05 22:54:20,RETR,xtbBsx8dA2o0WX-A1QAA3f
店铺绩效类,older,account_4,weihaizhongxin2024@126.com,"Thu, 18 Jun 2026 20:39:11 +0000","""Amazon.com"" <fba-noreply@amazon.com>",Your FBA request is complete (Emm3dPMsXA),,"Greetings from Amazon.com
We thought you'd like to know that we have completed your destroy request.
Disposal Summary:
Quantity Requested: 1
Quantity Successfully Destroyed: 1
Quantity Cancelled: 0
You can track the status of this request by visiting your Seller Account at:
https://sellercentral.amazon.com/
For a complete list of inventory being destroyed, go to:
https://sellercentral.amazon.com/gp/orders/fba-order-details.html?orderID=S01-6737416-2398463
Please note: this email was sent from a notification-only address that
cannot accept incoming e-mail. Please do not reply to this message.
Thank you for using Fulfillment by Amazon.
--------------------------------------------------------------------------
Fulfillment by Amazon, professional packing, shipping and servicing of
online orders.
--------------------------------------------------------------------------
Was this email helpful?
 https://sellercentral.amazon.com/gp/satisfaction/survey-form.html?ie=UTF8&HMDName=NotificationBusEmailHMD&customAttribute1Value=PRODUCT_REMOVAL_ORDER_SHIPPED_NOW
SPC-USAmazon-1600891154547102",2026-07-05 22:54:20,RETR,xtbBsxCZf2o0V3CvdQAA3m
店铺绩效类,older,account_4,weihaizhongxin2024@126.com,"Wed, 17 Jun 2026 17:59:35 +0000",Amazon Multichannel Fulfillment Team <multichannelfulfillment@supplychain.amazon.com>,Please share your feedback on MCF,,"Please share your feedback on MCF
Dear Weihai EU,
As a valued Multichannel Fulfillment (MCF) managed customer, we are interested in learning about your program feedback including new features that may benefit your business. This may help us understand how we can better meet your business needs and continue to improve the customer experience. Please complete this survey no later than July 2.
(button)  Click here to complete survey  https://amazonexteu.qualtrics.com/jfe/form/SV_3LaptS2dCyJQfae?Q_CHL=gl&amp;Q_DL=EMD_G3TZbOh3yA5KUhZ_3LaptS2dCyJQfae_CGC_q2ZHx06yRtKOa12&amp;_g_=g
This submission form is unique to your Seller account and can only be submitted once.
DISCLAIMER: Please do not include any Personally Identifiable Information within this survey such as physical addresses, phone numbers, merchant tokens, email addresses, account data, etc.
Thank you,
Your Multichannel Fulfillment Team
This survey is hosted by an external party Qualtrics.com, so the link above does not lead to our website. Your responses are subject to Amazon's Privacy Notice. If you have any concerns about the authenticity of this e-mail or to find out more about Amazon's survey program, please visit the Amazon",2026-07-05 22:54:15,RETR,xtbBpAyCaGoy4IxELAAA3e
店铺绩效类,older,account_4,weihaizhongxin2024@126.com,"Wed, 17 Jun 2026 15:48:24 +0000",Fulfillment by Amazon Operations <fba-noreply@amazon.com>,Automated unfulfillable FBA inventory removal notification,,"96
 Hello Weihai US,
The following automated unfulfillable FBA removal orders have been created based on your automated settings.
 Removal order ID Emm3dPMsXA
 You can view the removals on Removal Order Details in your seller account by using the Search tool.
The next removal order will be created as scheduled on June 18, 2026 in accordance with your settings if you have unfulfillable inventory at that time.
To make changes to the shipping address, frequency of your automated unfulfillable removals, or other settings, go to Automated unfulfillable removal settings in your seller account.
 Thank you.
The Fulfillment by Amazon team
Please note: This email was sent from a notification-only address that cannot accept incoming email. Please do not reply to this email.
 Report an issue with this email
 If you have any questions visit: Seller Central
 To change your email preferences visit: Notification Preferences
 Copyright 2026 Amazon, Inc, or its affiliates. All rights reserved.
 Amazon.com, 410 Terry Avenue North, Seattle, WA 98109-5210
 SPC-USAmazon-2040695807881994",2026-07-05 22:54:15,RETR,xtbBsgrJr2oywcqpuAAA3c
店铺绩效类,older,account_4,weihaizhongxin2024@126.com,"Mon, 15 Jun 2026 16:22:55 +0000",Fulfillment by Amazon Operations <fba-noreply@amazon.com>,Automated unfulfillable FBA inventory removal notification,,"96
 Hello Weihai US,
The following automated unfulfillable FBA removal orders have been created based on your automated settings.
 Removal order ID oWLDk2Qx2d
 You can view the removals on Removal Order Details in your seller account by using the Search tool.
The next removal order will be created as scheduled on June 16, 2026 in accordance with your settings if you have unfulfillable inventory at that time.
To make changes to the shipping address, frequency of your automated unfulfillable removals, or other settings, go to Automated unfulfillable removal settings in your seller account.
 Thank you.
The Fulfillment by Amazon team
Please note: This email was sent from a notification-only address that cannot accept incoming email. Please do not reply to this email.
 Report an issue with this email
 If you have any questions visit: Seller Central
 To change your email preferences visit: Notification Preferences
 Copyright 2026 Amazon, Inc, or its affiliates. All rights reserved.
 Amazon.com, 410 Terry Avenue North, Seattle, WA 98109-5210
 SPC-USAmazon-1512930220255884",2026-07-05 22:54:04,RETR,xtbBpANoTmowJuO8qQAA3L
店铺绩效类,older,account_4,weihaizhongxin2024@126.com,"Sun, 14 Jun 2026 15:05:28 +0000",Fulfillment by Amazon Operations <fba-noreply@amazon.com>,Automated unfulfillable FBA inventory removal notification,,"96
 Hello Weihai US,
The following automated unfulfillable FBA removal orders have been created based on your automated settings.
 Removal order ID wk+evdT2Xv
 You can view the removals on Removal Order Details in your seller account by using the Search tool.
The next removal order will be created as scheduled on June 15, 2026 in accordance with your settings if you have unfulfillable inventory at that time.
To make changes to the shipping address, frequency of your automated unfulfillable removals, or other settings, go to Automated unfulfillable removal settings in your seller account.
 Thank you.
The Fulfillment by Amazon team
Please note: This email was sent from a notification-only address that cannot accept incoming email. Please do not reply to this email.
 Report an issue with this email
 If you have any questions visit: Seller Central
 To change your email preferences visit: Notification Preferences
 Copyright 2026 Amazon, Inc, or its affiliates. All rights reserved.
 Amazon.com, 410 Terry Avenue North, Seattle, WA 98109-5210
 SPC-USAmazon-299069385178831",2026-07-05 22:54:01,RETR,xtbBsxwmDGouwzzoFAAA3C
店铺绩效类,older,account_4,weihaizhongxin2024@126.com,"Sun, 14 Jun 2026 14:33:45 +0000",Amazon Services <seller-notification@amazon.com>,Balance paid on your Amazon seller account,,"Greetings from Amazon Services.
 We have charged your credit card for $94.16 in an attempt to settle your Amazon seller account balance.
 Note that the amount charged to your credit card may be less than the total amount you owe due to a credit limit imposed by your bank. If that is the case, we will continue to charge your credit card as often as every 24 hours until the remaining balance in your Amazon seller account is paid in full.
 You can also use the Make a Payment feature to repay the balance you owe. For more information, see Making a Payment .
 You can view your payment activity at any time by logging in to your seller account and going to your Payments Report .
 Thank you for selling on Amazon.
 Amazon Services
 Help us improve your experience on selling on Amazon through this brief survey:
 https://amazonexteu.qualtrics.com/jfe/form/SV_eUKdboEQhg1YpuK?cID=10038096056-202606141349
 Was this email helpful?
 SPC-USAmazon-263885014606701",2026-07-05 22:54:01,RETR,xtbBpA5ILmouu854uAAA39
店铺绩效类,older,account_4,weihaizhongxin2024@126.com,"Fri, 12 Jun 2026 21:11:17 +0000",Fulfillment by Amazon Operations <fba-noreply@amazon.com>,Automated unfulfillable FBA inventory removal notification,,"96
 Hello Weihai US,
The following automated unfulfillable FBA removal orders have been created based on your automated settings.
 Removal order ID EnT/DGG41R
 You can view the removals on Removal Order Details in your seller account by using the Search tool.
The next removal order will be created as scheduled on June 13, 2026 in accordance with your settings if you have unfulfillable inventory at that time.
To make changes to the shipping address, frequency of your automated unfulfillable removals, or other settings, go to Automated unfulfillable removal settings in your seller account.
 Thank you.
The Fulfillment by Amazon team
Please note: This email was sent from a notification-only address that cannot accept incoming email. Please do not reply to this email.
 Report an issue with this email
 If you have any questions visit: Seller Central
 To change your email preferences visit: Notification Preferences
 Copyright 2026 Amazon, Inc, or its affiliates. All rights reserved.
 Amazon.com, 410 Terry Avenue North, Seattle, WA 98109-5210
 SPC-USAmazon-1284231803046004",2026-07-05 22:53:55,RETR,xtbBpRlBJ2osdfmYLgAA3m
店铺绩效类,older,account_4,weihaizhongxin2024@126.com,"Fri, 12 Jun 2026 03:06:46 +0000","""Fulfillment by Amazon (Do not reply)"" <donotreply@amazon.com>",FBA reimbursement notification,,"96
FBA reimbursement notification
 You have a reimbursement activity
 Hello from Fulfilment by Amazon,
We have initiated a reimbursement, a reimbursement reversal, or both due to recent activity on your selling account. No action is required from you.
Reimbursements can be initiated for an issue that you notified us about or one that we identified at a fulfilment centre. A reimbursement reversal occurs when a reimbursement decision has been reviewed and changed. Reimbursement amounts are determined in accordance with the FBA inventory reimbursement policy ( https://sellercentral.amazon.co.uk/gp/help/external/200213130 ).
Please note that it may take up to five business days for reimbursement transactions to appear in your seller account.
You can find details on your reimbursement or reversal transaction in the Reimbursements report ( https://sellercentral.amazon.co.uk/reportcentral/REIMBURSEMENTS/0 ) in Seller Central:
- In the Event Date drop-down menu, select a date range and click Generate report . You can use the date in the subject line of this email as a point of reference.
- To identify inventory reimbursements and reversals, see the Quantity reimbursed [inventory] column.
-",2026-07-05 22:53:52,RETR,xtbBswl1W2ord8kBxwAA3t
店铺绩效类,older,account_4,weihaizhongxin2024@126.com,"Wed, 10 Jun 2026 16:09:43 +0000","""Amazon.com"" <fba-noreply@amazon.com>",Your FBA request is complete (JKfyD/ypoS),,"Greetings from Amazon.com
We thought you'd like to know that we have completed your destroy request.
You can track the status of this request by visiting your Seller Account at:
https://sellercentral-europe.amazon.com/
For a complete list of inventory being destroyed, go to:
https://sellercentral-europe.amazon.com/gp/orders/fba-order-details.html?orderID=S02-9762392-5679813
Please note: this email was sent from a notification-only address that
cannot accept incoming e-mail. Please do not reply to this message.
Thank you for using Fulfillment by Amazon.
------------------------------------------------------------------------------
Fulfilment by Amazon – let Amazon pick, pack and ship your orders domestically
and EU wide.
------------------------------------------------------------------------------
Was this e-mail helpful? https://sellercentral.amazon.co.uk/gp/satisfaction/survey-form.html?ie=UTF8&HMDName=NotificationBusEmailHMD&customAttribute1Value=PRODUCT_REMOVAL_ORDER_SHIPPED_NOW
SPC-EUAmazon-1970326497550043",2026-07-05 22:53:38,RETR,xtbBsgoaAGopjEpsbwAA3k
店铺绩效类,older,account_4,weihaizhongxin2024@126.com,"Wed, 10 Jun 2026 04:19:55 +0000","""Amazon.com"" <fba-noreply@amazon.com>",Your FBA request is complete (wrlLFrQcT3),,"Greetings from Amazon.com
We thought you'd like to know that we have completed your destroy request.
You can track the status of this request by visiting your Seller Account at:
https://sellercentral-europe.amazon.com/
For a complete list of inventory being destroyed, go to:
https://sellercentral-europe.amazon.com/gp/orders/fba-order-details.html?orderID=S02-4911916-4537164
Please note: this email was sent from a notification-only address that
cannot accept incoming e-mail. Please do not reply to this message.
Thank you for using Fulfillment by Amazon.
------------------------------------------------------------------------------
Fulfilment by Amazon – let Amazon pick, pack and ship your orders domestically
and EU wide.
------------------------------------------------------------------------------
Was this e-mail helpful? https://sellercentral.amazon.co.uk/gp/satisfaction/survey-form.html?ie=UTF8&HMDName=NotificationBusEmailHMD&customAttribute1Value=PRODUCT_REMOVAL_ORDER_SHIPPED_NOW
SPC-EUAmazon-1460153102261163",2026-07-05 22:53:36,RETR,xtbBsw5ZP2oo5e61DwAA3o
店铺绩效类,older,account_4,weihaizhongxin2024@126.com,"Tue, 9 Jun 2026 18:59:47 +0000","""Amazon.com"" <fba-noreply@amazon.com>",Your FBA request is complete (2605311NRC),,"Greetings from Amazon.com
We thought you'd like to know that we have completed your destroy request.
You can track the status of this request by visiting your Seller Account at:
https://sellercentral-europe.amazon.com/
For a complete list of inventory being destroyed, go to:
https://sellercentral-europe.amazon.com/gp/orders/fba-order-details.html?orderID=S02-1914736-1200225
Please note: this email was sent from a notification-only address that
cannot accept incoming e-mail. Please do not reply to this message.
Thank you for using Fulfillment by Amazon.
------------------------------------------------------------------------------
Fulfilment by Amazon – let Amazon pick, pack and ship your orders domestically
and EU wide.
------------------------------------------------------------------------------
Was this e-mail helpful? https://sellercentral.amazon.co.uk/gp/satisfaction/survey-form.html?ie=UTF8&HMDName=NotificationBusEmailHMD&customAttribute1Value=PRODUCT_REMOVAL_ORDER_SHIPPED_NOW
SPC-EUAmazon-686096915804077",2026-07-05 22:53:34,RETR,xtbBpAZmTGooYqbbfgAA3r
店铺绩效类,older,account_4,weihaizhongxin2024@126.com,"Tue, 9 Jun 2026 16:46:32 +0000",Fulfillment by Amazon Operations <fba-noreply@amazon.com>,Automated unfulfillable FBA inventory removal notification,,"96
 Hello Weihai US,
The following automated unfulfillable FBA removal orders have been created based on your automated settings.
 Removal order ID Fqz6Dy+EsU
 You can view the removals on Removal Order Details in your seller account by using the Search tool.
The next removal order will be created as scheduled on June 10, 2026 in accordance with your settings if you have unfulfillable inventory at that time.
To make changes to the shipping address, frequency of your automated unfulfillable removals, or other settings, go to Automated unfulfillable removal settings in your seller account.
 Thank you.
The Fulfillment by Amazon team
Please note: This email was sent from a notification-only address that cannot accept incoming email. Please do not reply to this email.
 Report an issue with this email
 If you have any questions visit: Seller Central
 To change your email preferences visit: Notification Preferences
 Copyright 2026 Amazon, Inc, or its affiliates. All rights reserved.
 Amazon.com, 410 Terry Avenue North, Seattle, WA 98109-5210
 SPC-USAmazon-1196270873423063",2026-07-05 22:53:34,RETR,xtbBpQuPdWooQ2vrAAAA3V
店铺绩效类,older,account_4,weihaizhongxin2024@126.com,"Sat, 6 Jun 2026 03:33:45 +0000","""Fulfillment by Amazon (Do not reply)"" <donotreply@amazon.com>",FBA reimbursement notification,,"96
FBA reimbursement notification
 You have a reimbursement activity
 Hello from Fulfilment by Amazon,
We have initiated a reimbursement, a reimbursement reversal, or both due to recent activity on your selling account. No action is required from you.
Reimbursements can be initiated for an issue that you notified us about or one that we identified at a fulfilment centre. A reimbursement reversal occurs when a reimbursement decision has been reviewed and changed. Reimbursement amounts are determined in accordance with the FBA inventory reimbursement policy ( https://sellercentral.amazon.co.uk/gp/help/external/200213130 ).
Please note that it may take up to five business days for reimbursement transactions to appear in your seller account.
You can find details on your reimbursement or reversal transaction in the Reimbursements report ( https://sellercentral.amazon.co.uk/reportcentral/REIMBURSEMENTS/0 ) in Seller Central:
- In the Event Date drop-down menu, select a date range and click Generate report . You can use the date in the subject line of this email as a point of reference.
- To identify inventory reimbursements and reversals, see the Quantity reimbursed [inventory] column.
-",2026-07-05 22:53:05,RETR,xtbBshzPtWojlRyMCQAA3R
KYC审核类,older,account_4,weihaizhongxin2024@126.com,"Thu, 18 Jun 2026 14:32:29 +0000",Amazon Seller Newsletter <donotreply@amazon.com>,Seller News: June 2026,,"Amazon Services
 96
 Updates on Prime Day, handling time requirements, Seller Central, and more.
 Our Seller Newsletter provides the most important policy, tool, and program updates from the past month. Stay informed about selling on Amazon.
 Get ready for Prime Day: June 23–26
 Prime Day is back from June 23–26, giving Prime members a head start on the season with deals across top brands they love, trending products, and items exclusive to Amazon. As recently announced, key sourcing dates have been extended, giving you more time to schedule deals, confirm inventory, and plan Prime Exclusive Discounts on eligible selection.
 Read more .
 Updates to improve your product titles begin on July 27
 To ensure your product titles appeal to customers everywhere, we’re making some changes that will help you show your product name and your product highlights seamlessly.
 Read more .
 New handling time requirements for seller-fulfilled products
 Fast and accurate delivery builds customer trust and is a key factor in purchase decisions. In fact, every one day improvement in promised delivery time leads to an average 5% increase in sales. As such, we’re implementing a new handling time requirem",2026-07-05 22:54:18,RETR,xtbBsh8H7Go0AX8s0wAA3Z
付款/资金类,older,account_4,weihaizhongxin2024@126.com,"Sun, 28 Jun 2026 03:31:27 +0000",Amazon Services <donotreply@amazon.com>,Your payment is on the way,,"96
This title will display on mobile devices
 Congratulations! Your payment is on the way and will arrive soon.
 Disbursement attempted
Congratulations Weihai CA! Your payment is on the way and will arrive within three to five days.
On 06/28/26 03:31 EDT, we initiated a transfer to your payment method (bank account ending in 151) in the amount of CAD
 208.42.
 If the amount is less than expected, here are a few questions to consider:
 Do you have an unavailable balance? Amazon might be reserving money to cover potential returns, claims or chargebacks from buyers. If this is the case, the closing balance in your Payment Report will display the unavailable balance that is reserved.
 Did your sales cover all fees and returns for this statement period? The payment amount reflects sales activities, selling fees and fees for promotions or services. We recommend reviewing your Payment Report under the Reports tab in Seller Central to understand your closing balance.
To learn more about Payment Reports in Seller Central, please visit our official course.
We wish you continued success!
Thank you for selling in the Amazon Store,
Amazon Services
Help us improve your payment experience on Amaz",2026-07-05 22:54:53,RETR,xtbBpRM0GmpAlZOEdQAA3F
付款/资金类,older,account_4,weihaizhongxin2024@126.com,"Sun, 28 Jun 2026 03:28:55 +0000",Amazon Services <donotreply@amazon.com>,Your payment is on the way,,"96
This title will display on mobile devices
 Congratulations! Your payment is on the way and will arrive soon.
 Disbursement Attempted
Congratulations Weihai EU! Your payment is on the way and will arrive within three to five days.
On 06/28/26 03:28 CEST, we initiated a transfer to your payment method (bank account ending in 229) in the amount of €
 980.43.
 If the amount is less than expected, here are a few questions to consider:
 Do you have an unavailable balance? Amazon might be reserving money to cover potential returns, claims, or chargebacks from buyers. If this is the case, the closing balance in your Payment Report will display the unavailable balance that is reserved.
 Did your sales cover all fees and returns for this statement period? The payment amount reflects sales activities, selling fees, and fees for promotions or services. We recommend reviewing your Payment Report under the Reports tab in Seller Central to understand your closing balance.
To learn more about Payment Reports in Seller Central, please visit our official course.
We wish you continued success!
Thank you for selling in the Amazon store,
Amazon Services
Help us improve your payment experience on Ama",2026-07-05 22:54:53,RETR,xtbBpRoO82pAlPqAqwAA3t
付款/资金类,older,account_4,weihaizhongxin2024@126.com,"Fri, 26 Jun 2026 14:38:10 +0000",Amazon Services <donotreply@amazon.com>,Tu pago está en camino,,"96
This title will display on mobile devices
 ¡Enhorabuena! El pago está de camino y llegará pronto.
 El pago está en camino
Enhorabuena, Weihai EU. Tu pago está en camino y te llegará en un plazo de tres a cinco días.
El 06/26/26 14:37 WEST, iniciamos una transferencia a tu método de pago (cuenta bancaria terminado en 229) por un importe de €
 262,76.
 Si el importe es inferior a lo esperado, ten en cuenta las siguientes preguntas:
 ¿Tienes saldo no disponible en tu cuenta de vendedor? Puede que hayamos reservado algo de dinero para posibles devoluciones, reclamaciones o reversiones de cargo de clientes. En este caso, el saldo de cierre de tu informe de pagos te mostrará el saldo no disponible en reserva.
 ¿Cubren tus ventas las tarifas de Amazon y las devoluciones del periodo de liquidación? El importe del pago refleja las ventas que has hecho y las tarifas de venta aplicadas tanto a dichas ventas como a cualquier promoción o servicio que hayas utilizado. Te recomendamos que revises tu informe de pagos en ""Informes"" de Seller Central para conocer el saldo de cierre.
Para más información sobre los informes de pagos en Seller Central, visita nuestro curso oficial.
Te deseamos un éx",2026-07-05 22:54:50,RETR,xtbBpRYD6Go+jtZ4fwAA3T
付款/资金类,older,account_4,weihaizhongxin2024@126.com,"Fri, 26 Jun 2026 14:37:54 +0000",Amazon Services <donotreply@amazon.com>,Your payment is on the way,,"96
This title will display on mobile devices
 Congratulations! Your payment is on the way and will arrive soon.
 Disbursement Attempted
Congratulations Weihai EU! Your payment is on the way and will arrive within three to five days.
On 06/26/26 14:37 CEST, we initiated a transfer to your payment method (bank account ending in 229) in the amount of €
 621.84.
 If the amount is less than expected, here are a few questions to consider:
 Do you have an unavailable balance? Amazon might be reserving money to cover potential returns, claims, or chargebacks from buyers. If this is the case, the closing balance in your Payment Report will display the unavailable balance that is reserved.
 Did your sales cover all fees and returns for this statement period? The payment amount reflects sales activities, selling fees, and fees for promotions or services. We recommend reviewing your Payment Report under the Reports tab in Seller Central to understand your closing balance.
To learn more about Payment Reports in Seller Central, please visit our official course.
We wish you continued success!
Thank you for selling in the Amazon store,
Amazon Services
Help us improve your payment experience on Ama",2026-07-05 22:54:50,RETR,xtbBsgb+5Go+jsaWoQAA3F
付款/资金类,older,account_4,weihaizhongxin2024@126.com,"Thu, 25 Jun 2026 13:52:57 +0000",Amazon Services <donotreply@amazon.com>,Tu pago está en camino,,"96
This title will display on mobile devices
 ¡Enhorabuena! El pago está de camino y llegará pronto.
 El pago está en camino
Enhorabuena, Weihai EU. Tu pago está en camino y te llegará en un plazo de tres a cinco días.
El 06/25/26 13:52 WEST, iniciamos una transferencia a tu método de pago (cuenta bancaria terminado en 229) por un importe de €
 497,20.
 Si el importe es inferior a lo esperado, ten en cuenta las siguientes preguntas:
 ¿Tienes saldo no disponible en tu cuenta de vendedor? Puede que hayamos reservado algo de dinero para posibles devoluciones, reclamaciones o reversiones de cargo de clientes. En este caso, el saldo de cierre de tu informe de pagos te mostrará el saldo no disponible en reserva.
 ¿Cubren tus ventas las tarifas de Amazon y las devoluciones del periodo de liquidación? El importe del pago refleja las ventas que has hecho y las tarifas de venta aplicadas tanto a dichas ventas como a cualquier promoción o servicio que hayas utilizado. Te recomendamos que revises tu informe de pagos en ""Informes"" de Seller Central para conocer el saldo de cierre.
Para más información sobre los informes de pagos en Seller Central, visita nuestro curso oficial.
Te deseamos un éx",2026-07-05 22:54:43,RETR,xtbBpB2li2o9Mr2nIgAA3K
付款/资金类,older,account_4,weihaizhongxin2024@126.com,"Thu, 25 Jun 2026 13:51:45 +0000",Amazon Services <donotreply@amazon.com>,Your payment is on the way,,"96
This title will display on mobile devices
 Congratulations! Your payment is on the way and will arrive soon.
 Disbursement Attempted
Congratulations Weihai EU! Your payment is on the way and will arrive within three to five days.
On 06/25/26 13:51 CEST, we initiated a transfer to your payment method (bank account ending in 229) in the amount of €
 637.36.
 If the amount is less than expected, here are a few questions to consider:
 Do you have an unavailable balance? Amazon might be reserving money to cover potential returns, claims, or chargebacks from buyers. If this is the case, the closing balance in your Payment Report will display the unavailable balance that is reserved.
 Did your sales cover all fees and returns for this statement period? The payment amount reflects sales activities, selling fees, and fees for promotions or services. We recommend reviewing your Payment Report under the Reports tab in Seller Central to understand your closing balance.
To learn more about Payment Reports in Seller Central, please visit our official course.
We wish you continued success!
Thank you for selling in the Amazon store,
Amazon Services
Help us improve your payment experience on Ama",2026-07-05 22:54:43,RETR,xtbBshSTeWo9MnSy9wAA3Y
付款/资金类,older,account_4,weihaizhongxin2024@126.com,"Thu, 25 Jun 2026 13:45:52 +0000",Amazon Services <donotreply@amazon.com>,Your payment is on the way,,"96
This title will display on mobile devices
 Congratulations! Your payment is on the way and will arrive soon.
 Disbursement attempted
Congratulations Weihai CA! Your payment is on the way and will arrive within three to five days.
On 06/25/26 13:45 EDT, we initiated a transfer to your payment method (bank account ending in 151) in the amount of CAD
 379.47.
 If the amount is less than expected, here are a few questions to consider:
 Do you have an unavailable balance? Amazon might be reserving money to cover potential returns, claims or chargebacks from buyers. If this is the case, the closing balance in your Payment Report will display the unavailable balance that is reserved.
 Did your sales cover all fees and returns for this statement period? The payment amount reflects sales activities, selling fees and fees for promotions or services. We recommend reviewing your Payment Report under the Reports tab in Seller Central to understand your closing balance.
To learn more about Payment Reports in Seller Central, please visit our official course.
We wish you continued success!
Thank you for selling in the Amazon Store,
Amazon Services
Help us improve your payment experience on Amaz",2026-07-05 22:54:42,RETR,xtbBpBQ7IWo9MRSdkgAA3X
付款/资金类,older,account_4,weihaizhongxin2024@126.com,"Thu, 25 Jun 2026 01:48:12 +0000",The Amazon Services team <donotreply@amazon.com>,Updated China tax report link for October - December 2025,,"96
 We’re resending your quarterly tax report which includes data such as identity information, number of transactions, revenue, and commission and service fees.
 Hello,
 On June 23, 2026, we sent you an updated quarterly China tax report covering October to December 2025, following a review of potential data discrepancies.
 In case you were unable to download the report, we’re resending it again. The links below are active for five days.
 Download your quarterly report
 This report is provided for your reference only, no action is required.
 We’ve also provided a more granular order-level report that displays your quarterly information by transaction.
 Download your order-level report
 Variation between the data in these reports and your payment and Amazon VAT transactions report is expected. Each report uses distinct methodology and serves a different purpose.
 We’ll continue to provide you with quarterly updates on data shared with the Chinese tax authority.
 For more information, go to China tax information reporting requirements .
 Note : As previously communicated, some sellers identified potential data discrepancies with the first quarterly tax report covering October to Dec",2026-07-05 22:54:41,RETR,xtbBsgAE6Wo8iOA8YQAA38
付款/资金类,older,account_4,weihaizhongxin2024@126.com,"Tue, 23 Jun 2026 16:59:05 +0000",The Amazon Services team <donotreply@amazon.com>,Download your China tax report for October - December 2025,,"96
 You can now download your quarterly tax report which includes data such as identity information, number of transactions, revenue, and commission and service fees.
 Hello,
 According to rules for online stores issued by the State Council of China (Decree No. 810), we are required to provide information on China-based sellers to the Chinese tax authority on a quarterly basis.
 Some sellers identified potential data discrepancies with the first quarterly tax report covering October to December 2025. Our team has carefully reviewed all reporting to ensure it accurately reflects your activity in our store, and resubmitted Q4 2025 reports to the Chinese tax authority where necessary.
 We’re re-sending your quarterly China tax report. The links below are active for seven days.
 Download your quarterly report
 This report is provided for your reference only, no action is required.
 We’ve also provided a more granular order-level report that displays your quarterly information by transaction.
 Download your order-level report
 Variation between the data in these reports and your payment and Amazon VAT transactions report is expected. Each report uses distinct methodology and serves a di",2026-07-05 22:54:37,RETR,xtbBsx0vFWo6u13UkQAA3n
付款/资金类,older,account_4,weihaizhongxin2024@126.com,"Tue, 23 Jun 2026 14:09:38 +0000",Amazon Services <donotreply@amazon.com>,Your payment is on the way,,"96
This title will display on mobile devices
 Congratulations! Your payment is on the way and will arrive soon.
 Disbursement Attempted
Congratulations Weihai EU! Your payment is on the way and will arrive within three to five days.
On 06/23/26 14:08 CEST, we initiated a transfer to your payment method (bank account ending in 229) in the amount of €
 336.31.
 If the amount is less than expected, here are a few questions to consider:
 Do you have an unavailable balance? Amazon might be reserving money to cover potential returns, claims, or chargebacks from buyers. If this is the case, the closing balance in your Payment Report will display the unavailable balance that is reserved.
 Did your sales cover all fees and returns for this statement period? The payment amount reflects sales activities, selling fees, and fees for promotions or services. We recommend reviewing your Payment Report under the Reports tab in Seller Central to understand your closing balance.
To learn more about Payment Reports in Seller Central, please visit our official course.
We wish you continued success!
Thank you for selling in the Amazon store,
Amazon Services
Help us improve your payment experience on Ama",2026-07-05 22:54:37,RETR,xtbBsgY3HWo6k6YTawAA3D
付款/资金类,older,account_4,weihaizhongxin2024@126.com,"Tue, 23 Jun 2026 14:09:19 +0000",Amazon Services <donotreply@amazon.com>,Tu pago está en camino,,"96
This title will display on mobile devices
 ¡Enhorabuena! El pago está de camino y llegará pronto.
 El pago está en camino
Enhorabuena, Weihai EU. Tu pago está en camino y te llegará en un plazo de tres a cinco días.
El 06/23/26 14:08 WEST, iniciamos una transferencia a tu método de pago (cuenta bancaria terminado en 229) por un importe de €
 263,62.
 Si el importe es inferior a lo esperado, ten en cuenta las siguientes preguntas:
 ¿Tienes saldo no disponible en tu cuenta de vendedor? Puede que hayamos reservado algo de dinero para posibles devoluciones, reclamaciones o reversiones de cargo de clientes. En este caso, el saldo de cierre de tu informe de pagos te mostrará el saldo no disponible en reserva.
 ¿Cubren tus ventas las tarifas de Amazon y las devoluciones del periodo de liquidación? El importe del pago refleja las ventas que has hecho y las tarifas de venta aplicadas tanto a dichas ventas como a cualquier promoción o servicio que hayas utilizado. Te recomendamos que revises tu informe de pagos en ""Informes"" de Seller Central para conocer el saldo de cierre.
Para más información sobre los informes de pagos en Seller Central, visita nuestro curso oficial.
Te deseamos un éx",2026-07-05 22:54:36,RETR,xtbBsxIyGGo6k5LtWgAA3t
付款/资金类,older,account_4,weihaizhongxin2024@126.com,"Mon, 22 Jun 2026 16:37:09 +0000",Amazon Services <informacion-vendedor@amazon.mx>,Pago del saldo en tu cuenta de pagos de Vender en Amazon,,"Estimado vendedor:
 Hemos realizado un cargo en tu tarjeta de crédito (Visa) por valor de MXN 192.85 con el fin de saldar tu cuenta de vendedor de Amazon.
 El monto cobrado puede ser inferior al total que debes si tu banco ha impuesto un límite de crédito. Si se da tal caso, seguiremos intentando realizar el cargo cada 24 horas en la tarjeta de crédito hasta que se haya pagado por completo el saldo deudor que presenta tu cuenta de vendedor de Amazon.
 También puedes utilizar la funcionalidad Hacer un pago para liquidar tu cuenta. Para más información, escribe ""hacer un pago"" en la barra de búsqueda de Seller Central.
 Para consultar tu historial de pagos, inicia sesión en tu cuenta y ve a Reportes > Pagos.
 Gracias por vender en Amazon.
 SPC-USAmazon-1636075525324689",2026-07-05 22:54:29,RETR,xtbBsxcvFWo5ZLcWzgAA3G
付款/资金类,older,account_4,weihaizhongxin2024@126.com,"Mon, 22 Jun 2026 14:05:42 +0000",Amazon Services <donotreply@amazon.com>,Your payment is on the way,,"96
This title will display on mobile devices
 Congratulations! Your payment is on the way and will arrive soon.
 Disbursement Attempted
Congratulations Weihai EU! Your payment is on the way and will arrive within three to five days.
On 06/22/26 14:05 BST, we initiated a transfer to your payment method (bank account ending in 191) in the amount of £
 314.88.
 If the amount is less than expected, here are a few questions to consider:
 Do you have an unavailable balance? Amazon might be reserving money to cover potential returns, claims or chargebacks from buyers. If this is the case, the closing balance in your Payment Report will display the unavailable balance that is reserved.
 Did your sales cover all fees and returns for this statement period? The payment amount reflects sales activities, selling fees and fees for promotions or services. We recommend reviewing your Payment Report under the Reports tab in Seller Central to understand your closing balance.
To find out more about Payment Reports in Seller Central, please visit our official course.
We wish you continued success!
Thank you for selling in the Amazon store,
Amazon Services
Help us improve your payment experience on Ama",2026-07-05 22:54:29,RETR,xtbBsxlHLWo5QTlidgAA3-
付款/资金类,older,account_4,weihaizhongxin2024@126.com,"Mon, 22 Jun 2026 12:44:57 +0000",Amazon Services <donotreply@amazon.com>,Tu pago está en camino,,"96
This title will display on mobile devices
 ¡Enhorabuena! El pago está de camino y llegará pronto.
 El pago está en camino
Enhorabuena, Weihai EU. Tu pago está en camino y te llegará en un plazo de tres a cinco días.
El 06/22/26 12:44 WEST, iniciamos una transferencia a tu método de pago (cuenta bancaria terminado en 229) por un importe de €
 339,00.
 Si el importe es inferior a lo esperado, ten en cuenta las siguientes preguntas:
 ¿Tienes saldo no disponible en tu cuenta de vendedor? Puede que hayamos reservado algo de dinero para posibles devoluciones, reclamaciones o reversiones de cargo de clientes. En este caso, el saldo de cierre de tu informe de pagos te mostrará el saldo no disponible en reserva.
 ¿Cubren tus ventas las tarifas de Amazon y las devoluciones del periodo de liquidación? El importe del pago refleja las ventas que has hecho y las tarifas de venta aplicadas tanto a dichas ventas como a cualquier promoción o servicio que hayas utilizado. Te recomendamos que revises tu informe de pagos en ""Informes"" de Seller Central para conocer el saldo de cierre.
Para más información sobre los informes de pagos en Seller Central, visita nuestro curso oficial.
Te deseamos un éx",2026-07-05 22:54:29,RETR,xtbBswyHbWo5LkzvzwAA3E
付款/资金类,older,account_4,weihaizhongxin2024@126.com,"Sun, 21 Jun 2026 12:50:33 +0000",Amazon Services <donotreply@amazon.com>,Your payment is on the way,,"96
This title will display on mobile devices
 Congratulations! Your payment is on the way and will arrive soon.
 Disbursement attempted
Congratulations Weihai CA! Your payment is on the way and will arrive within three to five days.
On 06/21/26 12:50 EDT, we initiated a transfer to your payment method (bank account ending in 151) in the amount of CAD
 304.60.
 If the amount is less than expected, here are a few questions to consider:
 Do you have an unavailable balance? Amazon might be reserving money to cover potential returns, claims or chargebacks from buyers. If this is the case, the closing balance in your Payment Report will display the unavailable balance that is reserved.
 Did your sales cover all fees and returns for this statement period? The payment amount reflects sales activities, selling fees and fees for promotions or services. We recommend reviewing your Payment Report under the Reports tab in Seller Central to understand your closing balance.
To learn more about Payment Reports in Seller Central, please visit our official course.
We wish you continued success!
Thank you for selling in the Amazon Store,
Amazon Services
Help us improve your payment experience on Amaz",2026-07-05 22:54:27,RETR,xtbBshwnDWo33hzUzwAA3A
付款/资金类,older,account_4,weihaizhongxin2024@126.com,"Sat, 20 Jun 2026 13:23:55 +0000",Amazon Services <donotreply@amazon.com>,Tu pago está en camino,,"96
This title will display on mobile devices
 ¡Enhorabuena! El pago está de camino y llegará pronto.
 El pago está en camino
Enhorabuena, Weihai EU. Tu pago está en camino y te llegará en un plazo de tres a cinco días.
El 06/20/26 13:23 WEST, iniciamos una transferencia a tu método de pago (cuenta bancaria terminado en 229) por un importe de €
 216,97.
 Si el importe es inferior a lo esperado, ten en cuenta las siguientes preguntas:
 ¿Tienes saldo no disponible en tu cuenta de vendedor? Puede que hayamos reservado algo de dinero para posibles devoluciones, reclamaciones o reversiones de cargo de clientes. En este caso, el saldo de cierre de tu informe de pagos te mostrará el saldo no disponible en reserva.
 ¿Cubren tus ventas las tarifas de Amazon y las devoluciones del periodo de liquidación? El importe del pago refleja las ventas que has hecho y las tarifas de venta aplicadas tanto a dichas ventas como a cualquier promoción o servicio que hayas utilizado. Te recomendamos que revises tu informe de pagos en ""Informes"" de Seller Central para conocer el saldo de cierre.
Para más información sobre los informes de pagos en Seller Central, visita nuestro curso oficial.
Te deseamos un éx",2026-07-05 22:54:25,RETR,xtbBpA9oTmo2lG-soAAA3m
付款/资金类,older,account_4,weihaizhongxin2024@126.com,"Fri, 19 Jun 2026 13:11:15 +0000",Amazon Services <donotreply@amazon.com>,Your payment is on the way,,"96
This title will display on mobile devices
 Congratulations! Your payment is on the way and will arrive soon.
 Disbursement attempted
Congratulations Weihai CA! Your payment is on the way and will arrive within three to five days.
On 06/19/26 13:11 EDT, we initiated a transfer to your payment method (bank account ending in 151) in the amount of CAD
 521.30.
 If the amount is less than expected, here are a few questions to consider:
 Do you have an unavailable balance? Amazon might be reserving money to cover potential returns, claims or chargebacks from buyers. If this is the case, the closing balance in your Payment Report will display the unavailable balance that is reserved.
 Did your sales cover all fees and returns for this statement period? The payment amount reflects sales activities, selling fees and fees for promotions or services. We recommend reviewing your Payment Report under the Reports tab in Seller Central to understand your closing balance.
To learn more about Payment Reports in Seller Central, please visit our official course.
We wish you continued success!
Thank you for selling in the Amazon Store,
Amazon Services
Help us improve your payment experience on Amaz",2026-07-05 22:54:23,RETR,xtbBshb02mo1P-ZsFgAA3m
付款/资金类,older,account_4,weihaizhongxin2024@126.com,"Fri, 19 Jun 2026 13:09:47 +0000",Amazon Services <donotreply@amazon.com>,Tu pago está en camino,,"96
This title will display on mobile devices
 ¡Enhorabuena! El pago está de camino y llegará pronto.
 El pago está en camino
Enhorabuena, Weihai EU. Tu pago está en camino y te llegará en un plazo de tres a cinco días.
El 06/19/26 13:09 WEST, iniciamos una transferencia a tu método de pago (cuenta bancaria terminado en 229) por un importe de €
 479,95.
 Si el importe es inferior a lo esperado, ten en cuenta las siguientes preguntas:
 ¿Tienes saldo no disponible en tu cuenta de vendedor? Puede que hayamos reservado algo de dinero para posibles devoluciones, reclamaciones o reversiones de cargo de clientes. En este caso, el saldo de cierre de tu informe de pagos te mostrará el saldo no disponible en reserva.
 ¿Cubren tus ventas las tarifas de Amazon y las devoluciones del periodo de liquidación? El importe del pago refleja las ventas que has hecho y las tarifas de venta aplicadas tanto a dichas ventas como a cualquier promoción o servicio que hayas utilizado. Te recomendamos que revises tu informe de pagos en ""Informes"" de Seller Central para conocer el saldo de cierre.
Para más información sobre los informes de pagos en Seller Central, visita nuestro curso oficial.
Te deseamos un éx",2026-07-05 22:54:22,RETR,xtbBpR-exGo1P59WoAAA3p
付款/资金类,older,account_4,weihaizhongxin2024@126.com,"Thu, 18 Jun 2026 17:21:56 +0000",The Amazon Services team <donotreply@amazon.com>,Download your China tax report for January–March 2026,,"96
 You can now download your quarterly tax report, which includes data such as identity information, number of transactions, revenue, and commission and service fees.
 Hello,
 According to rules for online stores issued by the State Council of China (Decree No. 810), we are required to provide information on China-based sellers to the Chinese tax authority on a quarterly basis.
 Some sellers identified potential data discrepancies with the first quarterly tax report covering January to March 2026. Our team has carefully reviewed all reporting to ensure that it accurately reflects your activity in our store and resubmitted Q1 reports to the Chinese tax authority where necessary.
 We’re re-sending your quarterly China tax report for reference. The links below are active for seven days.
 Download your quarterly report
 This report is provided for your reference only – no action is required.
 We’ve also provided a more granular order-level report that displays your quarterly information by transaction.
 Download your order-level report
 Considering that the links are only valid for seven days, we will resend the email to you again.
 Variation between the data in these reports and your",2026-07-05 22:54:19,RETR,xtbBshb+5Go0KTZoWAAA3P
付款/资金类,older,account_4,weihaizhongxin2024@126.com,"Thu, 18 Jun 2026 16:54:51 +0000",The Amazon Services team <donotreply@amazon.com>,Download your China tax report for January - March 2026,,"96
 You can now download your quarterly tax report which includes data such as identity information, number of transactions, revenue, and commission and service fees.
 Hello,
 According to rules for online stores issued by the State Council of China (Decree No. 810), we are required to provide information on China-based sellers to the Chinese tax authority on a quarterly basis.
 Some sellers identified potential data discrepancies with the first quarterly tax report covering January to March 2026. Our team has carefully reviewed all reporting to ensure it accurately reflects your activity in our store, and resubmitted Q1 reports to the Chinese tax authority where necessary.
 We’re re-sending your quarterly China tax report for reference. The links below are active for seven days.
 Download your quarterly report
 This report is provided for your reference only, no action is required.
 We’ve also provided a more granular order-level report that displays your quarterly information by transaction.
 Download your order-level report
 Considering that the links are only valid for seven days, we will resend the email to you again.
 Variation between the data in these reports and your payme",2026-07-05 22:54:19,RETR,xtbBsx5nTWo0It5nzQAA3P
付款/资金类,older,account_4,weihaizhongxin2024@126.com,"Thu, 18 Jun 2026 08:40:50 +0000",Amazon Europe <donotreply@amazon.com>,Envía el número de registro de España para la responsabilidad ampliada del productor con respecto a los RAEE a más tardar el 30 de septiembre,,"Presenta el número de registro de la responsabilidad ampliada del productor a más tardar el 30 de septiembre o se te inscribirá automáticamente en RAP: Pago en mi nombre.
 96
 Envía el número de registro de España para la responsabilidad ampliada del productor con respecto a los RAEE a más tardar el 30 de septiembre
                                                     ‍͏  ͏  ‍͏  ͏  ‍͏  ͏  ‍͏  ͏  ‍͏  ͏  ‍͏  ͏  ‍͏  ͏  ‍͏  ͏  ‍͏  ͏  ‍͏  ͏  ‍͏  ͏  ‍͏  ͏  ‍͏  ͏  ‍͏  ͏  ‍͏  ͏  ‍͏  ͏  ‍͏  ͏  ‍͏  ͏  ‍͏  ͏  ‍͏  ͏  ‍͏  ͏  ‍͏  ͏  ‍͏  ͏  ‍͏  ͏  ‍͏  ͏  ‍͏  ͏  ‍͏  ͏  ‍͏  ͏  ‍͏  ͏  ‍͏  ͏  ‍͏  ͏  ‍͏  ͏  ‍͏  ͏  ‍͏  ͏  ‍͏  ͏  ‍͏  ͏  ‍͏  ͏  ‍͏  ͏  ‍͏  ͏ ͏‌ ­ ­ ­ ­ ͏‌ ­ ­ ­ ­ ͏‌ ­ ­ ­ ­ ͏‌ ­ ­ ­ ­ ͏‌ ­ ­ ­ ­ ͏‌ ­ ­ ­ ­ ͏‌ ­ ­ ­ ­ ͏‌ ­ ­ ­ ­ ͏‌ ­ ­ ­ ­ ͏‌ ­ ­ ­ ­ ͏‌ ­ ­ ­ ­ ͏‌ ­ ­ ­ ­ ͏‌ ­ ­ ­ ­ ͏‌ ­ ­ ­ ­ ͏‌ ­ ­ ­ ­ ͏‌ ­ ­ ­ ­ ͏‌ ­ ­ ­ ­ ͏‌ ­ ­ ­ ­ ͏‌ ­ ­ ­ ­ ͏‌ ­ ­ ­ ­ ͏‌ ­ ­ ­ ­ ͏‌ ­ ­ ­ ­ ͏‌ ­ ­ ­ ­ ͏‌ ­ ­ ­ ­ ͏‌ ­ ­ ­ ­ ͏‌ ­ ­ ­ ­ ͏‌ ­ ­ ­ ­ ͏‌ ­ ­ ­ ­ ͏‌ ­ ­ ­ ­ ͏‌ ­ ­ ­ ­ ͏‌ ­ ­ ­ ­ ͏‌ ­ ­ ­ ­ ͏‌ ­ ­ ­ ­ ͏‌ ­ ­ ­ ­ ͏‌ ­ ­ ­ ­ ͏‌ ­ ­ ­ ­ ͏‌ ­ ­ ­ ­ ͏‌ ­ ­ ­ ­ ͏‌ ­ ­ ­ ­ ͏‌ ­ ­ ­ ­ ͏‌ ­ ­ ­ ­ ͏‌ ­ ­ ­ ­ ͏‌ ­ ­ ­ ­ ͏‌ ­ ­ ­ ­ ͏‌ ­ ­ ­ ­ ͏‌ ­ ­ ­ ­ ͏‌ ­ ­ ­ ­ ͏‌ ­ ­ ­ ­ ͏‌ ­ ­ ­ ­ ͏‌ ­ ­ ­ ­ ͏‌ ­ ­ ",2026-07-05 22:54:16,RETR,xtbBpRZYPmozrxbx4gAA3m
付款/资金类,older,account_4,weihaizhongxin2024@126.com,"Wed, 17 Jun 2026 14:39:03 +0000",Amazon Services <donotreply@amazon.com>,Your payment is on the way,,"96
This title will display on mobile devices
 Congratulations! Your payment is on the way and will arrive soon.
 Disbursement attempted
Congratulations Weihai CA! Your payment is on the way and will arrive within three to five days.
On 06/17/26 14:39 EDT, we initiated a transfer to your payment method (bank account ending in 151) in the amount of CAD
 499.54.
 If the amount is less than expected, here are a few questions to consider:
 Do you have an unavailable balance? Amazon might be reserving money to cover potential returns, claims or chargebacks from buyers. If this is the case, the closing balance in your Payment Report will display the unavailable balance that is reserved.
 Did your sales cover all fees and returns for this statement period? The payment amount reflects sales activities, selling fees and fees for promotions or services. We recommend reviewing your Payment Report under the Reports tab in Seller Central to understand your closing balance.
To learn more about Payment Reports in Seller Central, please visit our official course.
We wish you continued success!
Thank you for selling in the Amazon Store,
Amazon Services
Help us improve your payment experience on Amaz",2026-07-05 22:54:14,RETR,xtbBsgq1m2oysYo+GgAA3R
付款/资金类,older,account_4,weihaizhongxin2024@126.com,"Tue, 16 Jun 2026 14:27:04 +0000",Amazon Services <donotreply@amazon.com>,Your payment is on the way,,"96
This title will display on mobile devices
 Congratulations! Your payment is on the way and will arrive soon.
 Disbursement attempted
Congratulations Weihai CA! Your payment is on the way and will arrive within three to five days.
On 06/16/26 14:26 EDT, we initiated a transfer to your payment method (bank account ending in 151) in the amount of CAD
 418.67.
 If the amount is less than expected, here are a few questions to consider:
 Do you have an unavailable balance? Amazon might be reserving money to cover potential returns, claims or chargebacks from buyers. If this is the case, the closing balance in your Payment Report will display the unavailable balance that is reserved.
 Did your sales cover all fees and returns for this statement period? The payment amount reflects sales activities, selling fees and fees for promotions or services. We recommend reviewing your Payment Report under the Reports tab in Seller Central to understand your closing balance.
To learn more about Payment Reports in Seller Central, please visit our official course.
We wish you continued success!
Thank you for selling in the Amazon Store,
Amazon Services
Help us improve your payment experience on Amaz",2026-07-05 22:54:11,RETR,xtbBsxtMMmoxXTt3VwAA3L
付款/资金类,older,account_4,weihaizhongxin2024@126.com,"Tue, 16 Jun 2026 14:25:49 +0000",Amazon Services <donotreply@amazon.com>,Tu pago está en camino,,"96
This title will display on mobile devices
 ¡Enhorabuena! El pago está de camino y llegará pronto.
 El pago está en camino
Enhorabuena, Weihai EU. Tu pago está en camino y te llegará en un plazo de tres a cinco días.
El 06/16/26 14:25 WEST, iniciamos una transferencia a tu método de pago (cuenta bancaria terminado en 229) por un importe de €
 223,70.
 Si el importe es inferior a lo esperado, ten en cuenta las siguientes preguntas:
 ¿Tienes saldo no disponible en tu cuenta de vendedor? Puede que hayamos reservado algo de dinero para posibles devoluciones, reclamaciones o reversiones de cargo de clientes. En este caso, el saldo de cierre de tu informe de pagos te mostrará el saldo no disponible en reserva.
 ¿Cubren tus ventas las tarifas de Amazon y las devoluciones del periodo de liquidación? El importe del pago refleja las ventas que has hecho y las tarifas de venta aplicadas tanto a dichas ventas como a cualquier promoción o servicio que hayas utilizado. Te recomendamos que revises tu informe de pagos en ""Informes"" de Seller Central para conocer el saldo de cierre.
Para más información sobre los informes de pagos en Seller Central, visita nuestro curso oficial.
Te deseamos un éx",2026-07-05 22:54:10,RETR,xtbBpQ85H2oxXO-BjAAA3p
付款/资金类,older,account_4,weihaizhongxin2024@126.com,"Tue, 16 Jun 2026 14:24:48 +0000",Amazon Services <donotreply@amazon.com>,Your payment is on the way,,"96
This title will display on mobile devices
 Congratulations! Your payment is on the way and will arrive soon.
 Disbursement Attempted
Congratulations Weihai EU! Your payment is on the way and will arrive within three to five days.
On 06/16/26 14:24 CEST, we initiated a transfer to your payment method (bank account ending in 229) in the amount of €
 220.75.
 If the amount is less than expected, here are a few questions to consider:
 Do you have an unavailable balance? Amazon might be reserving money to cover potential returns, claims, or chargebacks from buyers. If this is the case, the closing balance in your Payment Report will display the unavailable balance that is reserved.
 Did your sales cover all fees and returns for this statement period? The payment amount reflects sales activities, selling fees, and fees for promotions or services. We recommend reviewing your Payment Report under the Reports tab in Seller Central to understand your closing balance.
To learn more about Payment Reports in Seller Central, please visit our official course.
We wish you continued success!
Thank you for selling in the Amazon store,
Amazon Services
Help us improve your payment experience on Ama",2026-07-05 22:54:09,RETR,xtbBpBMqEGoxXLO8YAAA3l
付款/资金类,older,account_4,weihaizhongxin2024@126.com,"Tue, 16 Jun 2026 06:40:46 +0000",Seller Central <no-reply@amazon.com>,重要信息：即刻重新验证您的所有 付款账户或存款方式,,"96
 亲爱的卖家，
 Amazon Payments UK (APUK) Limited 为持有牌照的支付服务提供商，为开设和维护“我要开店”账户，受特定的义务约束。
 从现在开始，您将无法使用未经验证的银行账户收款。 但是，您仍可以使用您卖家账户关联的已验证的银行账户收款，并继续在亚马逊上发布和销售。
如果您已验证您的卖家账户关联的所有银行账户，您无需采取任何行动。
 如果您有任何收款账户未经验证，为了继续接收付款，请按照以下步骤进行操作：
 1. 前往卖家平台的“银行账户信息” (列在支付信息)页面找到您的银行账户信息。https://sellercentral-europe.amazon.com/sw/AccountInfo/DepositMethodView/step/DepositMethodView
 2. 单击每个银行账户对应的“更换存款方式”。
 3. 输入您的银行账户信息。如果您注册的是企业卖家，所输入的银行账户必须是企业账户。
 4. 单击“设置存款方式”。
 5. 上传新账户的银行对账单或银行资信证明的扫描件。
 6. 上传文件后，检查您的公司信息部分，然后单击“提交”按钮以完成提交信息。
 文件必须满足以下标准：
 1. 文件必须是在最近180 天内开具的。
 2. 文件必须显示银行账号、银行徽标和账户持有者姓名。
 3. 如果您以企业形式开展业务，则您的银行账户必须为企业账户。
 4. 请务必确保文件清晰易读。
 5. 文件不能是屏幕截图。
文件必须使用我们支持的语言。我们支持的语言为英语、中文、荷兰语、德语、意大利语、西班牙语、瑞典语、法语、土耳其语、波兰语、葡萄牙语、阿拉伯语、印地语、泰米尔语、越南语、泰语和日语。如果原始文件不是我们支持的语言，请提供原始文件和认证翻译的副本。
 我们愿意随时为您提供帮助。如果您对此验证过程存有疑问，请联系我们的卖家支持团队。
 我们收集任何关于“我要开店” 的信息均依据亚马逊支付隐私声明。
 顺颂商祺亚马逊支付团队
 Amazon Payments UK Limited 是一家在英格兰和威尔士注册的私人股份有限公司（注册编码：11049457；增值税税号： GB295 7604 60），注册地址为 1 Principal Place, Worship St, London, EC2A 2FA, United Kingdom。Amazon Payments UK Limited 经英国金融行为监管局根据《2017 年支付服务条例》（参考编号：799814）授权，可提供支付服务。
 此电子邮件是否有用？
 如果您有任何问题，请访问: 卖家平台
要更改您的电子邮件首选项，请访问：
通知首选项
 1999-2026 Amazon.com 旗下公司 保留所有权利
 亚马逊中国",2026-07-05 22:54:05,RETR,xtbBsxLexGow7-K8tAAA30
付款/资金类,older,account_4,weihaizhongxin2024@126.com,"Mon, 15 Jun 2026 14:24:03 +0000",Amazon Services <donotreply@amazon.com>,Your payment is on the way,,"96
This title will display on mobile devices
 Congratulations! Your payment is on the way and will arrive soon.
 Disbursement attempted
Congratulations Weihai CA! Your payment is on the way and will arrive within three to five days.
On 06/15/26 14:23 EDT, we initiated a transfer to your payment method (bank account ending in 151) in the amount of CAD
 528.66.
 If the amount is less than expected, here are a few questions to consider:
 Do you have an unavailable balance? Amazon might be reserving money to cover potential returns, claims or chargebacks from buyers. If this is the case, the closing balance in your Payment Report will display the unavailable balance that is reserved.
 Did your sales cover all fees and returns for this statement period? The payment amount reflects sales activities, selling fees and fees for promotions or services. We recommend reviewing your Payment Report under the Reports tab in Seller Central to understand your closing balance.
To learn more about Payment Reports in Seller Central, please visit our official course.
We wish you continued success!
Thank you for selling in the Amazon Store,
Amazon Services
Help us improve your payment experience on Amaz",2026-07-05 22:54:04,RETR,xtbBpQdqUGowCwfh7wAA3A
付款/资金类,older,account_4,weihaizhongxin2024@126.com,"Mon, 15 Jun 2026 14:23:28 +0000",Amazon Services <donotreply@amazon.com>,Tu pago está en camino,,"96
This title will display on mobile devices
 ¡Enhorabuena! El pago está de camino y llegará pronto.
 El pago está en camino
Enhorabuena, Weihai EU. Tu pago está en camino y te llegará en un plazo de tres a cinco días.
El 06/15/26 14:23 WEST, iniciamos una transferencia a tu método de pago (cuenta bancaria terminado en 229) por un importe de €
 248,14.
 Si el importe es inferior a lo esperado, ten en cuenta las siguientes preguntas:
 ¿Tienes saldo no disponible en tu cuenta de vendedor? Puede que hayamos reservado algo de dinero para posibles devoluciones, reclamaciones o reversiones de cargo de clientes. En este caso, el saldo de cierre de tu informe de pagos te mostrará el saldo no disponible en reserva.
 ¿Cubren tus ventas las tarifas de Amazon y las devoluciones del periodo de liquidación? El importe del pago refleja las ventas que has hecho y las tarifas de venta aplicadas tanto a dichas ventas como a cualquier promoción o servicio que hayas utilizado. Te recomendamos que revises tu informe de pagos en ""Informes"" de Seller Central para conocer el saldo de cierre.
Para más información sobre los informes de pagos en Seller Central, visita nuestro curso oficial.
Te deseamos un éx",2026-07-05 22:54:03,RETR,xtbBpARiSGowCuTjGgAA3H
付款/资金类,older,account_4,weihaizhongxin2024@126.com,"Sun, 14 Jun 2026 13:35:44 +0000",Amazon Services <donotreply@amazon.com>,Your payment is on the way,,"96
This title will display on mobile devices
 Congratulations! Your payment is on the way and will arrive soon.
 Disbursement attempted
Congratulations Weihai CA! Your payment is on the way and will arrive within three to five days.
On 06/14/26 13:35 EDT, we initiated a transfer to your payment method (bank account ending in 151) in the amount of CAD
 514.26.
 If the amount is less than expected, here are a few questions to consider:
 Do you have an unavailable balance? Amazon might be reserving money to cover potential returns, claims or chargebacks from buyers. If this is the case, the closing balance in your Payment Report will display the unavailable balance that is reserved.
 Did your sales cover all fees and returns for this statement period? The payment amount reflects sales activities, selling fees and fees for promotions or services. We recommend reviewing your Payment Report under the Reports tab in Seller Central to understand your closing balance.
To learn more about Payment Reports in Seller Central, please visit our official course.
We wish you continued success!
Thank you for selling in the Amazon Store,
Amazon Services
Help us improve your payment experience on Amaz",2026-07-05 22:54:00,RETR,xtbBpBTexGourjQrQwAA3c
付款/资金类,older,account_4,weihaizhongxin2024@126.com,"Sat, 13 Jun 2026 13:28:40 +0000",Amazon Services <donotreply@amazon.com>,Your payment is on the way,,"96
This title will display on mobile devices
 Congratulations! Your payment is on the way and will arrive soon.
 Disbursement attempted
Congratulations Weihai CA! Your payment is on the way and will arrive within three to five days.
On 06/13/26 13:28 EDT, we initiated a transfer to your payment method (bank account ending in 151) in the amount of CAD
 609.94.
 If the amount is less than expected, here are a few questions to consider:
 Do you have an unavailable balance? Amazon might be reserving money to cover potential returns, claims or chargebacks from buyers. If this is the case, the closing balance in your Payment Report will display the unavailable balance that is reserved.
 Did your sales cover all fees and returns for this statement period? The payment amount reflects sales activities, selling fees and fees for promotions or services. We recommend reviewing your Payment Report under the Reports tab in Seller Central to understand your closing balance.
To learn more about Payment Reports in Seller Central, please visit our official course.
We wish you continued success!
Thank you for selling in the Amazon Store,
Amazon Services
Help us improve your payment experience on Amaz",2026-07-05 22:53:59,RETR,xtbBpA2-pWotWw2wXwAA3N
付款/资金类,older,account_4,weihaizhongxin2024@126.com,"Sat, 13 Jun 2026 13:24:36 +0000",Amazon Services <donotreply@amazon.com>,Tu pago está en camino,,"96
This title will display on mobile devices
 ¡Enhorabuena! El pago está de camino y llegará pronto.
 El pago está en camino
Enhorabuena, Weihai EU. Tu pago está en camino y te llegará en un plazo de tres a cinco días.
El 06/13/26 13:24 WEST, iniciamos una transferencia a tu método de pago (cuenta bancaria terminado en 229) por un importe de €
 310,51.
 Si el importe es inferior a lo esperado, ten en cuenta las siguientes preguntas:
 ¿Tienes saldo no disponible en tu cuenta de vendedor? Puede que hayamos reservado algo de dinero para posibles devoluciones, reclamaciones o reversiones de cargo de clientes. En este caso, el saldo de cierre de tu informe de pagos te mostrará el saldo no disponible en reserva.
 ¿Cubren tus ventas las tarifas de Amazon y las devoluciones del periodo de liquidación? El importe del pago refleja las ventas que has hecho y las tarifas de venta aplicadas tanto a dichas ventas como a cualquier promoción o servicio que hayas utilizado. Te recomendamos que revises tu informe de pagos en ""Informes"" de Seller Central para conocer el saldo de cierre.
Para más información sobre los informes de pagos en Seller Central, visita nuestro curso oficial.
Te deseamos un éx",2026-07-05 22:53:58,RETR,xtbBsxeBZ2otWhfq9gAA3U
付款/资金类,older,account_4,weihaizhongxin2024@126.com,"Sat, 13 Jun 2026 13:24:04 +0000",Amazon Services <donotreply@amazon.com>,Your payment is on the way,,"96
This title will display on mobile devices
 Congratulations! Your payment is on the way and will arrive soon.
 Disbursement Attempted
Congratulations Weihai EU! Your payment is on the way and will arrive within three to five days.
On 06/13/26 13:24 CEST, we initiated a transfer to your payment method (bank account ending in 229) in the amount of €
 217.55.
 If the amount is less than expected, here are a few questions to consider:
 Do you have an unavailable balance? Amazon might be reserving money to cover potential returns, claims, or chargebacks from buyers. If this is the case, the closing balance in your Payment Report will display the unavailable balance that is reserved.
 Did your sales cover all fees and returns for this statement period? The payment amount reflects sales activities, selling fees, and fees for promotions or services. We recommend reviewing your Payment Report under the Reports tab in Seller Central to understand your closing balance.
To learn more about Payment Reports in Seller Central, please visit our official course.
We wish you continued success!
Thank you for selling in the Amazon store,
Amazon Services
Help us improve your payment experience on Ama",2026-07-05 22:53:58,RETR,xtbBshh6YGotWfixbAAA3L
付款/资金类,older,account_4,weihaizhongxin2024@126.com,"Fri, 12 Jun 2026 23:31:42 +0000",Amazon Services <donotreply@amazon.com>,Your payment is on the way,,"96
This title will display on mobile devices
 Congratulations! Your payment is on the way and will arrive soon.
 Disbursement Attempted
Congratulations Weihai EU! Your payment is on the way and will arrive within three to five days.
On 06/12/26 23:31 GST, we initiated a transfer to your payment method (bank account ending in 229) in the amount of AED
 68.35.
 If the amount is less than expected, here are a few questions to consider:
 Do you have an unavailable balance? Amazon might be reserving money to cover potential returns, claims, or chargebacks from buyers. If this is the case, the closing balance in your Payment Report will display the unavailable balance that is reserved.
 Did your sales cover all fees and returns for this statement period? The payment amount reflects sales activities, selling fees, and fees for promotions or services. We recommend reviewing your Payment Report under the Reports tab in Seller Central to understand your closing balance.
To learn more about Payment Reports in Seller Central, please visit our official course.
We wish you continued success!
Thank you for selling in the Amazon store,
Amazon Services
Help us improve your payment experience on Ama",2026-07-05 22:53:56,RETR,xtbBswGDaWosluGICQAA3o
付款/资金类,older,account_4,weihaizhongxin2024@126.com,"Fri, 12 Jun 2026 12:54:19 +0000",Amazon Services <donotreply@amazon.com>,Your payment is on the way,,"96
This title will display on mobile devices
 Congratulations! Your payment is on the way and will arrive soon.
 Disbursement attempted
Congratulations Weihai CA! Your payment is on the way and will arrive within three to five days.
On 06/12/26 12:54 EDT, we initiated a transfer to your payment method (bank account ending in 151) in the amount of CAD
 603.03.
 If the amount is less than expected, here are a few questions to consider:
 Do you have an unavailable balance? Amazon might be reserving money to cover potential returns, claims or chargebacks from buyers. If this is the case, the closing balance in your Payment Report will display the unavailable balance that is reserved.
 Did your sales cover all fees and returns for this statement period? The payment amount reflects sales activities, selling fees and fees for promotions or services. We recommend reviewing your Payment Report under the Reports tab in Seller Central to understand your closing balance.
To learn more about Payment Reports in Seller Central, please visit our official course.
We wish you continued success!
Thank you for selling in the Amazon Store,
Amazon Services
Help us improve your payment experience on Amaz",2026-07-05 22:53:55,RETR,xtbBsh0F6mosAX3-UQAA3U
付款/资金类,older,account_4,weihaizhongxin2024@126.com,"Thu, 11 Jun 2026 15:13:12 +0000",Amazon Services <seller-notification@amazon.pl>,Nieuregulowane saldo na koncie Amazon,,"Witamy!
 Masz na swoim koncie nieuregulowane saldo w wysokośc PLN 42.71. Obciążymy tą kwotą kartę kredytową zarejestrowaną jako metoda płatności dla Twojego konta
 Jeśli ta karta ma limit kredytowy, możemy ją obciążać do momentu pełnej spłaty nieuregulowanego salda.
 Aby uzyskać więcej informacji, wyszukaj Dokonaj płatności w Pomocy Seller Central.
 Aby dowiedzieć się więcej na temat raportów płatności i Twoich działań, wyszukaj Wyświetl moje raporty o płatnościach w Pomocy Seller Central.
 Z poważaniem,
 Amazon Payments Europe SCA (société en commandite par actions) to spółka komandytowo-akcyjna zarejestrowana w Luksemburgu, numer rejestracyjny (RCS Luxembourg) B 153 265, z siedzibą pod adresem 38 avenue J.F. Kennedy, L-1855 Luxembourg. Numer VAT: LU 24448288. Amazon Payments Europe SCA posiada upoważnienie Komisji Nadzoru Sektora Finansowego w Luksemburgu do emisji pieniądza elektronicznego (numer licencji 36/10)
 Czy ten e-mail był pomocny?
 SPC-EUAmazon-1653667152334476",2026-07-05 22:53:48,RETR,xtbBpQ58Ymoq0I4erQAA3Y
付款/资金类,older,account_4,weihaizhongxin2024@126.com,"Thu, 11 Jun 2026 11:53:43 +0000",Amazon Services <donotreply@amazon.com>,Your payment is on the way,,"96
This title will display on mobile devices
 Congratulations! Your payment is on the way and will arrive soon.
 Disbursement attempted
Congratulations Weihai CA! Your payment is on the way and will arrive within three to five days.
On 06/11/26 11:53 EDT, we initiated a transfer to your payment method (bank account ending in 151) in the amount of CAD
 518.07.
 If the amount is less than expected, here are a few questions to consider:
 Do you have an unavailable balance? Amazon might be reserving money to cover potential returns, claims or chargebacks from buyers. If this is the case, the closing balance in your Payment Report will display the unavailable balance that is reserved.
 Did your sales cover all fees and returns for this statement period? The payment amount reflects sales activities, selling fees and fees for promotions or services. We recommend reviewing your Payment Report under the Reports tab in Seller Central to understand your closing balance.
To learn more about Payment Reports in Seller Central, please visit our official course.
We wish you continued success!
Thank you for selling in the Amazon Store,
Amazon Services
Help us improve your payment experience on Amaz",2026-07-05 22:53:48,RETR,xtbBswu-pWoqocs46wAA3b
付款/资金类,older,account_4,weihaizhongxin2024@126.com,"Thu, 11 Jun 2026 11:51:09 +0000",Amazon Services <donotreply@amazon.com>,Tu pago está en camino,,"96
This title will display on mobile devices
 ¡Enhorabuena! El pago está de camino y llegará pronto.
 El pago está en camino
Enhorabuena, Weihai EU. Tu pago está en camino y te llegará en un plazo de tres a cinco días.
El 06/11/26 11:50 WEST, iniciamos una transferencia a tu método de pago (cuenta bancaria terminado en 229) por un importe de €
 245,82.
 Si el importe es inferior a lo esperado, ten en cuenta las siguientes preguntas:
 ¿Tienes saldo no disponible en tu cuenta de vendedor? Puede que hayamos reservado algo de dinero para posibles devoluciones, reclamaciones o reversiones de cargo de clientes. En este caso, el saldo de cierre de tu informe de pagos te mostrará el saldo no disponible en reserva.
 ¿Cubren tus ventas las tarifas de Amazon y las devoluciones del periodo de liquidación? El importe del pago refleja las ventas que has hecho y las tarifas de venta aplicadas tanto a dichas ventas como a cualquier promoción o servicio que hayas utilizado. Te recomendamos que revises tu informe de pagos en ""Informes"" de Seller Central para conocer el saldo de cierre.
Para más información sobre los informes de pagos en Seller Central, visita nuestro curso oficial.
Te deseamos un éx",2026-07-05 22:53:47,RETR,xtbBsxGZf2oqoTE0HAAA38
付款/资金类,older,account_4,weihaizhongxin2024@126.com,"Wed, 10 Jun 2026 16:29:28 +0000",Amazon Services <informacion-vendedor@amazon.mx>,Pago del saldo en tu cuenta de pagos de Vender en Amazon,,"Estimado vendedor:
 Hemos realizado un cargo en tu tarjeta de crédito (Visa) por valor de MXN 90.75 con el fin de saldar tu cuenta de vendedor de Amazon.
 El monto cobrado puede ser inferior al total que debes si tu banco ha impuesto un límite de crédito. Si se da tal caso, seguiremos intentando realizar el cargo cada 24 horas en la tarjeta de crédito hasta que se haya pagado por completo el saldo deudor que presenta tu cuenta de vendedor de Amazon.
 También puedes utilizar la funcionalidad Hacer un pago para liquidar tu cuenta. Para más información, escribe ""hacer un pago"" en la barra de búsqueda de Seller Central.
 Para consultar tu historial de pagos, inicia sesión en tu cuenta y ve a Reportes > Pagos.
 Gracias por vender en Amazon.
 SPC-USAmazon-1794405199581451",2026-07-05 22:53:39,RETR,xtbBpApDKWopkOqGagAA3R
付款/资金类,older,account_4,weihaizhongxin2024@126.com,"Wed, 10 Jun 2026 02:57:49 +0000",Amazon Services <donotreply@amazon.com>,Your payment is on the way,,"96
This title will display on mobile devices
 Congratulations! Your payment is on the way and will arrive soon.
 Disbursement attempted
Congratulations Weihai CA! Your payment is on the way and will arrive within three to five days.
On 06/10/26 02:57 EDT, we initiated a transfer to your payment method (bank account ending in 151) in the amount of CAD
 734.55.
 If the amount is less than expected, here are a few questions to consider:
 Do you have an unavailable balance? Amazon might be reserving money to cover potential returns, claims or chargebacks from buyers. If this is the case, the closing balance in your Payment Report will display the unavailable balance that is reserved.
 Did your sales cover all fees and returns for this statement period? The payment amount reflects sales activities, selling fees and fees for promotions or services. We recommend reviewing your Payment Report under the Reports tab in Seller Central to understand your closing balance.
To learn more about Payment Reports in Seller Central, please visit our official course.
We wish you continued success!
Thank you for selling in the Amazon Store,
Amazon Services
Help us improve your payment experience on Amaz",2026-07-05 22:53:36,RETR,xtbBsxGFa2oo0rHwVwAA3K
付款/资金类,older,account_4,weihaizhongxin2024@126.com,"Wed, 10 Jun 2026 02:56:47 +0000",Amazon Services <donotreply@amazon.com>,Tu pago está en camino,,"96
This title will display on mobile devices
 ¡Enhorabuena! El pago está de camino y llegará pronto.
 El pago está en camino
Enhorabuena, Weihai EU. Tu pago está en camino y te llegará en un plazo de tres a cinco días.
El 06/10/26 02:56 WEST, iniciamos una transferencia a tu método de pago (cuenta bancaria terminado en 229) por un importe de €
 480,87.
 Si el importe es inferior a lo esperado, ten en cuenta las siguientes preguntas:
 ¿Tienes saldo no disponible en tu cuenta de vendedor? Puede que hayamos reservado algo de dinero para posibles devoluciones, reclamaciones o reversiones de cargo de clientes. En este caso, el saldo de cierre de tu informe de pagos te mostrará el saldo no disponible en reserva.
 ¿Cubren tus ventas las tarifas de Amazon y las devoluciones del periodo de liquidación? El importe del pago refleja las ventas que has hecho y las tarifas de venta aplicadas tanto a dichas ventas como a cualquier promoción o servicio que hayas utilizado. Te recomendamos que revises tu informe de pagos en ""Informes"" de Seller Central para conocer el saldo de cierre.
Para más información sobre los informes de pagos en Seller Central, visita nuestro curso oficial.
Te deseamos un éx",2026-07-05 22:53:35,RETR,xtbBsxN1W2oo0nPtyAAA3I
付款/资金类,older,account_4,weihaizhongxin2024@126.com,"Wed, 10 Jun 2026 02:56:35 +0000",Amazon Services <donotreply@amazon.com>,Your payment is on the way,,"96
This title will display on mobile devices
 Congratulations! Your payment is on the way and will arrive soon.
 Disbursement Attempted
Congratulations Weihai EU! Your payment is on the way and will arrive within three to five days.
On 06/10/26 02:56 CEST, we initiated a transfer to your payment method (bank account ending in 229) in the amount of €
 239.53.
 If the amount is less than expected, here are a few questions to consider:
 Do you have an unavailable balance? Amazon might be reserving money to cover potential returns, claims, or chargebacks from buyers. If this is the case, the closing balance in your Payment Report will display the unavailable balance that is reserved.
 Did your sales cover all fees and returns for this statement period? The payment amount reflects sales activities, selling fees, and fees for promotions or services. We recommend reviewing your Payment Report under the Reports tab in Seller Central to understand your closing balance.
To learn more about Payment Reports in Seller Central, please visit our official course.
We wish you continued success!
Thank you for selling in the Amazon store,
Amazon Services
Help us improve your payment experience on Ama",2026-07-05 22:53:35,RETR,xtbBpQZyWGoo0mZ+ugAA37
付款/资金类,older,account_4,weihaizhongxin2024@126.com,"Mon, 8 Jun 2026 14:05:53 +0000",Amazon Services <donotreply@amazon.com>,Your payment is on the way,,"96
This title will display on mobile devices
 Congratulations! Your payment is on the way and will arrive soon.
 Disbursement Attempted
Congratulations Weihai EU! Your payment is on the way and will arrive within three to five days.
On 06/08/26 14:05 BST, we initiated a transfer to your payment method (bank account ending in 191) in the amount of £
 435.79.
 If the amount is less than expected, here are a few questions to consider:
 Do you have an unavailable balance? Amazon might be reserving money to cover potential returns, claims or chargebacks from buyers. If this is the case, the closing balance in your Payment Report will display the unavailable balance that is reserved.
 Did your sales cover all fees and returns for this statement period? The payment amount reflects sales activities, selling fees and fees for promotions or services. We recommend reviewing your Payment Report under the Reports tab in Seller Central to understand your closing balance.
To find out more about Payment Reports in Seller Central, please visit our official course.
We wish you continued success!
Thank you for selling in the Amazon store,
Amazon Services
Help us improve your payment experience on Ama",2026-07-05 22:53:25,RETR,xtbBpAVoTmomzEUWuAAA3s
付款/资金类,older,account_4,weihaizhongxin2024@126.com,"Sun, 7 Jun 2026 13:51:46 +0000",Amazon Services <donotreply@amazon.com>,Your payment is on the way,,"96
This title will display on mobile devices
 Congratulations! Your payment is on the way and will arrive soon.
 Disbursement attempted
Congratulations Weihai CA! Your payment is on the way and will arrive within three to five days.
On 06/07/26 13:51 EDT, we initiated a transfer to your payment method (bank account ending in 151) in the amount of CAD
 336.33.
 If the amount is less than expected, here are a few questions to consider:
 Do you have an unavailable balance? Amazon might be reserving money to cover potential returns, claims or chargebacks from buyers. If this is the case, the closing balance in your Payment Report will display the unavailable balance that is reserved.
 Did your sales cover all fees and returns for this statement period? The payment amount reflects sales activities, selling fees and fees for promotions or services. We recommend reviewing your Payment Report under the Reports tab in Seller Central to understand your closing balance.
To learn more about Payment Reports in Seller Central, please visit our official course.
We wish you continued success!
Thank you for selling in the Amazon Store,
Amazon Services
Help us improve your payment experience on Amaz",2026-07-05 22:53:21,RETR,xtbBshbexGold3ZnlgAA3B
付款/资金类,older,account_4,weihaizhongxin2024@126.com,"Sat, 6 Jun 2026 13:21:50 +0000",Amazon Services <donotreply@amazon.com>,Your payment is on the way,,"96
This title will display on mobile devices
 Congratulations! Your payment is on the way and will arrive soon.
 Disbursement Attempted
Congratulations Weihai EU! Your payment is on the way and will arrive within three to five days.
On 06/06/26 13:21 CEST, we initiated a transfer to your payment method (bank account ending in 229) in the amount of €
 317.53.
 If the amount is less than expected, here are a few questions to consider:
 Do you have an unavailable balance? Amazon might be reserving money to cover potential returns, claims, or chargebacks from buyers. If this is the case, the closing balance in your Payment Report will display the unavailable balance that is reserved.
 Did your sales cover all fees and returns for this statement period? The payment amount reflects sales activities, selling fees, and fees for promotions or services. We recommend reviewing your Payment Report under the Reports tab in Seller Central to understand your closing balance.
To learn more about Payment Reports in Seller Central, please visit our official course.
We wish you continued success!
Thank you for selling in the Amazon store,
Amazon Services
Help us improve your payment experience on Ama",2026-07-05 22:53:14,RETR,xtbBpRFnTWokHvFVtAAA3e
付款/资金类,older,account_4,weihaizhongxin2024@126.com,"Sat, 6 Jun 2026 13:21:46 +0000",Amazon Services <donotreply@amazon.com>,Tu pago está en camino,,"96
This title will display on mobile devices
 ¡Enhorabuena! El pago está de camino y llegará pronto.
 El pago está en camino
Enhorabuena, Weihai EU. Tu pago está en camino y te llegará en un plazo de tres a cinco días.
El 06/06/26 13:21 WEST, iniciamos una transferencia a tu método de pago (cuenta bancaria terminado en 229) por un importe de €
 351,24.
 Si el importe es inferior a lo esperado, ten en cuenta las siguientes preguntas:
 ¿Tienes saldo no disponible en tu cuenta de vendedor? Puede que hayamos reservado algo de dinero para posibles devoluciones, reclamaciones o reversiones de cargo de clientes. En este caso, el saldo de cierre de tu informe de pagos te mostrará el saldo no disponible en reserva.
 ¿Cubren tus ventas las tarifas de Amazon y las devoluciones del periodo de liquidación? El importe del pago refleja las ventas que has hecho y las tarifas de venta aplicadas tanto a dichas ventas como a cualquier promoción o servicio que hayas utilizado. Te recomendamos que revises tu informe de pagos en ""Informes"" de Seller Central para conocer el saldo de cierre.
Para más información sobre los informes de pagos en Seller Central, visita nuestro curso oficial.
Te deseamos un éx",2026-07-05 22:53:14,RETR,xtbBpQ1mTGokHu1VgQAA3r
产品链接/合规类,older,account_4,weihaizhongxin2024@126.com,"Wed, 24 Jun 2026 04:08:32 +0000","""seller.service05@amazon.com"" <seller.service05@amazon.com>","[Case ID 20858098381] *UPDATE* US - Food and Product Safety - ASIN:
 B0DD7R3PPG",,"96
[Case ID 20858098381] *UPDATE* US - Food and Product Safety - ASIN: B0DD7R3PPG
 Hello,
Thanks for your continued patience. We are currently researching your issue in partnership with the responsible team. We'll provide an update as soon as any additional information is available.
 Copyright 2026 Amazon, Inc, or its affiliates. All rights reserved.
 Amazon.com, 410 Terry Avenue North, Seattle, WA 98109-5210
 SPC-USAmazon-967572456476444",2026-07-05 22:54:39,RETR,xtbBswSQdmo7WER5igAA3v
产品链接/合规类,older,account_4,weihaizhongxin2024@126.com,"Tue, 23 Jun 2026 02:52:15 +0000","""cscompliance-docreview-seller@amazon.com"" <cscompliance-docreview-seller@amazon.com>","SELLER: A192R36HNXVJ38, ASIN: B0FCDRNTT8, MARKETPLACE: 1 - CSC -
 DOC REVIEW",,"96
SELLER: A192R36HNXVJ38, ASIN: B0FCDRNTT8, MARKETPLACE: 1 - CSC - DOC REVIEW
 Do not reply back to this e-mail!
Hello,
Thank you for submitting a document to the Chemical Safety Compliance Team.
The ASIN has been marked as compliant in our systems and will be reclassified in the shortest time possible.
No further action is required on your part in this matter.
We appreciate your prompt cooperation.
Thank you,
dheerann
Amazon
 Copyright 2026 Amazon, Inc, or its affiliates. All rights reserved.
 Amazon.com, 410 Terry Avenue North, Seattle, WA 98109-5210
 SPC-USAmazon-351845946590513",2026-07-05 22:54:31,RETR,xtbBsgJeRGo59OLh1gAA3Y
产品链接/合规类,older,account_4,weihaizhongxin2024@126.com,"Fri, 19 Jun 2026 12:40:58 +0000",Fulfilment by Amazon Operations <fba-noreply@amazon.lu>,Your Amazon-Fulfilled Inventory - Action Required,,"Dear Seller,
You recently received a notice concerning the removal of your listing(s) for the product(s) below due to a safety recall.
Please create a removal request for the ASIN(s) listed below to have your inventory sent to a location of your choice. If this inventory is not removed within 30 days of this notification (by 18/07/2026), we shall dispose of it in accordance with our FBA policies.
For more information regarding the removal of this product, see the notification e-mail you received from our Seller Performance Team.
Thank you for your prompt attention to this matter.
Yours faithfully,
Fulfilment by Amazon Team
Please note: this e-mail was sent from a notification-only address that cannot accept incoming e-mail. Please do not reply to this message.
Affected Product(s):
B0F23SWF2P
 SPC-EUAmazon-2163840548177725",2026-07-05 22:54:21,RETR,xtbBsx0tE2o1ON1lPQAA3y
产品链接/合规类,older,account_4,weihaizhongxin2024@126.com,"Fri, 19 Jun 2026 08:56:40 +0000",Amazon Europe <donotreply@amazon.com>,Submit missing VAT Registration Information,,"Amazon Services
 96
 Submit missing VAT Registration Information
 Hello,
 We are reaching out as we have identified that the following VAT registration information is missing in your Seller Central account:
 Country
 Details
 Czech Republic
 Ship from Place of Establishment
 Spain
 Ship from Place of Establishment
 Italy
 Ship from Place of Establishment
 Amazon requires Selling Partners to submit valid VAT Registration Numbers, to ensure compliance with tax requirements.
 What actions do I need to take?
 To avoid any impact to your account, we encourage you to submit this information at your earliest convenience. In your “Tax Settings” page , in Seller Central:
 1. Add a valid VAT registration number for the countries listed above , with an address linked to those VRNs and with address nature assigned.
 2. Verify that all your Tax Information in Seller Central matches the information provided to the Tax Authorities .
 Provide my VAT information
 We recommend that you contact your tax advisor to understand your obligations in each country that you sell in.
Make sure you always keep your Tax Information up-to-date in Seller Central, for all the countries in which you have an obligat",2026-07-05 22:54:21,RETR,xtbBsgz74Wo1BEwuCwAA3W
产品链接/合规类,older,account_4,weihaizhongxin2024@126.com,"Fri, 19 Jun 2026 08:39:22 +0000",Amazon Europe <donotreply@amazon.com>,Submit missing VAT Registration Information,,"Amazon Services
 96
 Submit missing VAT Registration Information
 Hello,
 We are reaching out as we have identified that the following VAT registration information is missing in your Seller Central account:
 Country
 Details
 Czech Republic
 Ship from Place of Establishment
 Spain
 Ship from Place of Establishment
 Italy
 Ship from Place of Establishment
 Amazon requires Selling Partners to submit valid VAT Registration Numbers, to ensure compliance with tax requirements.
 What actions do I need to take?
 To avoid any impact to your account, we encourage you to submit this information at your earliest convenience. In your “Tax Settings” page , in Seller Central:
 1. Add a valid VAT registration number for the countries listed above , with an address linked to those VRNs and with address nature assigned.
 2. Verify that all your Tax Information in Seller Central matches the information provided to the Tax Authorities .
 Provide my VAT information
 We recommend that you contact your tax advisor to understand your obligations in each country that you sell in.
Make sure you always keep your Tax Information up-to-date in Seller Central, for all the countries in which you have an obligat",2026-07-05 22:54:20,RETR,xtbBpBz23Go1ADwCfQAA3O
产品链接/合规类,older,account_4,weihaizhongxin2024@126.com,"Thu, 18 Jun 2026 10:15:17 +0000",Amazon Europe <donotreply@amazon.com>,Submit EPR registration numbers by June 30,,"96
 You’ll be enrolled in EPR Pay on Behalf unless you provide valid Extended Producer Responsibility registration numbers by June 30
                                                     ‍͏  ͏  ‍͏  ͏  ‍͏  ͏  ‍͏  ͏  ‍͏  ͏  ‍͏  ͏  ‍͏  ͏  ‍͏  ͏  ‍͏  ͏  ‍͏  ͏  ‍͏  ͏  ‍͏  ͏  ‍͏  ͏  ‍͏  ͏  ‍͏  ͏  ‍͏  ͏  ‍͏  ͏  ‍͏  ͏  ‍͏  ͏  ‍͏  ͏  ‍͏  ͏  ‍͏  ͏  ‍͏  ͏  ‍͏  ͏  ‍͏  ͏  ‍͏  ͏  ‍͏  ͏  ‍͏  ͏  ‍͏  ͏  ‍͏  ͏  ‍͏  ͏  ‍͏  ͏  ‍͏  ͏  ‍͏  ͏  ‍͏  ͏  ‍͏  ͏  ‍͏  ͏  ‍͏  ͏  ‍͏  ͏ ͏‌ ­ ­ ­ ­ ͏‌ ­ ­ ­ ­ ͏‌ ­ ­ ­ ­ ͏‌ ­ ­ ­ ­ ͏‌ ­ ­ ­ ­ ͏‌ ­ ­ ­ ­ ͏‌ ­ ­ ­ ­ ͏‌ ­ ­ ­ ­ ͏‌ ­ ­ ­ ­ ͏‌ ­ ­ ­ ­ ͏‌ ­ ­ ­ ­ ͏‌ ­ ­ ­ ­ ͏‌ ­ ­ ­ ­ ͏‌ ­ ­ ­ ­ ͏‌ ­ ­ ­ ­ ͏‌ ­ ­ ­ ­ ͏‌ ­ ­ ­ ­ ͏‌ ­ ­ ­ ­ ͏‌ ­ ­ ­ ­ ͏‌ ­ ­ ­ ­ ͏‌ ­ ­ ­ ­ ͏‌ ­ ­ ­ ­ ͏‌ ­ ­ ­ ­ ͏‌ ­ ­ ­ ­ ͏‌ ­ ­ ­ ­ ͏‌ ­ ­ ­ ­ ͏‌ ­ ­ ­ ­ ͏‌ ­ ­ ­ ­ ͏‌ ­ ­ ­ ­ ͏‌ ­ ­ ­ ­ ͏‌ ­ ­ ­ ­ ͏‌ ­ ­ ­ ­ ͏‌ ­ ­ ­ ­ ͏‌ ­ ­ ­ ­ ͏‌ ­ ­ ­ ­ ͏‌ ­ ­ ­ ­ ͏‌ ­ ­ ­ ­ ͏‌ ­ ­ ­ ­ ͏‌ ­ ­ ­ ­ ͏‌ ­ ­ ­ ­ ͏‌ ­ ­ ­ ­ ͏‌ ­ ­ ­ ­ ͏‌ ­ ­ ­ ­ ͏‌ ­ ­ ­ ­ ͏‌ ­ ­ ­ ­ ͏‌ ­ ­ ­ ­ ͏‌ ­ ­ ­ ­ ͏‌ ­ ­ ­ ­ ͏‌ ­ ­ ­ ­ ͏‌ ­ ­ ­ ­ ͏‌ ­ ­ ­ ­ ͏‌ ­ ­ ­ ­ ͏‌ ­ ­ ­ ­ ͏‌ ­ ­ ­ ­ ͏‌ ­ ­ ­ ­ ͏‌ ­ ­ ­ ­ ͏‌ ­ ­ ­ ­ ͏‌ ­ ­ ­ ­ ͏‌ ­ ­ ­ ­ ͏‌ ­ ­ ­ ­ ͏‌ ­ ­ ­ ­ ͏‌ ­ ­ ­ ­ ͏‌ ­ ­ ­ ­ ͏‌ ­ ­ ­ ­ ͏‌ ­ ­ ­ ­
 You’ll be enrolled in EPR",2026-07-05 22:54:17,RETR,xtbBpRfly2ozxTe3HAAA3c
产品链接/合规类,older,account_4,weihaizhongxin2024@126.com,"Thu, 18 Jun 2026 04:34:37 +0000","""ppwr-cn-seller-compliance@amazon.com"" <ppwr-cn-seller-compliance@amazon.com>",RE:[CASE 12309992722] 需要采取行动：请向亚马逊提交您的EPR包装法注册号,,"96
RE:[CASE 12309992722] 需要采取行动：请向亚马逊提交您的EPR包装法注册号
【PPWR法规8月12日生效倒计时两个月合规提醒】
卖家您好，系统数据显示您可能尚未完成PPWR合规。提醒您务必尽快开始行动。如果您被认定为不合规，根据国家/地区不同，亚马逊可能需要停售您的不合规商品。
【您需要完成的事项】
1. 优先完成ES、IE、PL、SE站点的包装法号码注册和上传。上传路径：绩效 → 账户状况 → 监管合规性 → 点击右上角【提交合规信息】→ 选择""EPR合规-包装"" → 上传号码。
2. 西班牙包装法注册需要西班牙本地税号，您目前可能尚未持有。请立刻开始注册流程，以确保尽快完成合规。
【资源链接】
- 服务商网络PPWR专属页面： https://spn.globalsellingcommunity.cn/dynamicMarketingLanding?id=16&launchPositionCode=5PCR95
- 通过合规服务商城寻找服务提供商为您完成 ERN 号码注册以及后续申报缴费: https://sellercentral-europe.amazon.com/service-hub?ref=CNPPWR
- PPWR合规操作手册： https://m.media-amazon.com/images/G/01/CN_Compliance_Team/PPWR_Compliance_Guidebook.pdf
如有疑问，请扫码加入亚马逊卖家合规群：
 https://m.media-amazon.com/images/G/01/CN_Compliance_Team/mass_wecom_yt.jpg
To contact us again about this issue, please use the Contact Us form in Seller Central using the following link:
 https://sellercentral-europe.amazon.com/cu/case-dashboard/view-case?caseID=12309992722
Please note: this e-mail was sent from a notification-only address that cannot accept incoming e-mail. Please do not reply to this message.
 Copyright 2026 Amazon, Inc, or its affiliates. All rights reserved.
 Amazon EU S.à r.l.
38 avenue John F. Kennedy
L-1855 Luxembou",2026-07-05 22:54:16,RETR,xtbBswDcwmozdWAk6QAA3s
产品链接/合规类,older,account_4,weihaizhongxin2024@126.com,"Wed, 17 Jun 2026 06:03:25 +0000","""cscompliance-docreview-seller@amazon.com"" <cscompliance-docreview-seller@amazon.com>","SELLER: A192R36HNXVJ38, ASIN: B0FCDRNTT8, MARKETPLACE: 1 - CSC -
 DOC REVIEW",,"96
SELLER: A192R36HNXVJ38, ASIN: B0FCDRNTT8, MARKETPLACE: 1 - CSC - DOC REVIEW
 Do not reply to this email.
Hello,
Thank you for your continued engagement with the Chemical Safety Compliance Team.
We've now received the same Safety Data Sheet for ASIN : ""B0FCDRNTT8"" multiple times.
As we've shared in our previous communications, this document has specific invalidation issues that prevent us from using it for classification.
We're here to help you move forward, but we need you to take action: Please provide new or corrected documentation that resolves the specific problems we've already outlined in our earlier messages.
We understand this process can be challenging, but submitting the same document will add delays in clearing the compliance issues related to your product.
We encourage you to carefully review our previous communications for the detailed error codes, and ensure your next submission addresses those specific issues.
Ready to submit corrected documentation?
For guidance on Safety Data Sheet requirements, please refer to https://sellercentral.amazon.com/help/hub/reference/G5G6BBSA6FZQP9CP
Once you have corrected the problems listed above, please re-upload a valid document",2026-07-05 22:54:13,RETR,xtbBpBFhR2oyOLFhzQAA3u
产品链接/合规类,older,account_4,weihaizhongxin2024@126.com,"Tue, 16 Jun 2026 19:23:07 +0000",Amazon Seller Support <seller.service05@amazon.com>,"RE:[CASE 20858098381] US - Food and Product Safety - ASIN:
 B0DD7R3PPG",,"96
RE:[CASE 20858098381] US - Food and Product Safety - ASIN: B0DD7R3PPG
Hello from Amazon Selling Partner Support,
We have received your dispute submission for ASIN B0DD7R3PPG (SKU: aadw), along with the supporting documents you provided.
We have contacted our internal team for information regarding your issue.
We will contact you as soon as we have an update or if we require further information.
To help us continually improve, we ask that you take a moment to complete our survey below to tell us about your experience with this specific interaction.
Were you satisfied with the support provided?
 Yes
 No
Thank you for selling with Amazon,
Kaviya Dharshini R.
Amazon.com Seller Support
=======================================
MORE WAYS TO GET HELP:
Visit our Seller Forums for help from other sellers: http://sellercentral.amazon.com/forums
Browse all Seller Help topics: http://sellercentral.amazon.com/gp/help
To contact us again about this issue, please use the Contact Us form in Seller Central using the following link:
https://sellercentral.amazon.com/cu/case-dashboard/view-case?caseID=20858098381
Please note: this e-mail was sent from a notification-only address that cannot accept in",2026-07-05 22:54:11,RETR,xtbBpB+2nGoxop8ClAAA3h
产品链接/合规类,older,account_4,weihaizhongxin2024@126.com,"Tue, 16 Jun 2026 11:11:59 +0000",Amazon Services <donotreply@amazon.com>,Submit product safety documentation to avoid listing deactivation,,"96
 Hello xiao jianming,
 Some of your listings are at risk of deactivation due to missing mandatory compliance requirements for your products. Review the details and next steps below. The affected listings are shown at the end of this email.
 Why is this happening?
 We are taking this action because these products are missing mandatory compliance information. Review our Product safety and compliance help page for information on applicable laws, regulations, and Amazon policies.
 The table at the end of this email provides product-specific compliance requirements.
 How do I reactivate my listings?
 To provide the required compliance information, go to your Account Health page and locate the product compliance requests:
-
 If you have the required documentation, follow the instructions to submit your compliance documents.
-
 If you believe your products are exempt from these requirements, submit documentation demonstrating why they are not subject to these compliance requirements.
 For step-by-step instructions, see our Submit compliance documents or appeal a documentation request help page.
 To avoid further impact to your account, close or delete any non-compliant listings that yo",2026-07-05 22:54:08,RETR,xtbBpQPSuGoxL4OuQQAA3U
产品链接/合规类,older,account_4,weihaizhongxin2024@126.com,"Tue, 16 Jun 2026 11:09:32 +0000",Amazon Services <donotreply@amazon.com>,Submit product safety documentation to avoid listing deactivation,,"96
 Hello Weihai EU,
 Some of your listings are at risk of deactivation due to missing mandatory compliance requirements for your products. Review the details and next steps below. The affected listings are shown at the end of this email.
 Why is this happening?
 We are taking this action because these products are missing mandatory compliance information. Review our Product safety and compliance help page for information on applicable laws, regulations and Amazon policies.
 The table at the end of this email provides product-specific compliance requirements.
 How do I reactivate my listing?
 To provide the required compliance information, go to your Account Health page and locate the product compliance requests:
-
 If you have the required documentation, follow the instructions to submit your compliance documents.
-
 If you believe that your products are exempt from these requirements, submit documentation demonstrating why they are not subject to these compliance requirements.
 For step-by-step instructions, see our Submit compliance documents or appeal a documentation request help page.
 To avoid further impact on your account, close or delete any non-compliant listings that you",2026-07-05 22:54:08,RETR,xtbBsw+tk2oxLu9eGAAA3e
产品链接/合规类,older,account_4,weihaizhongxin2024@126.com,"Tue, 16 Jun 2026 11:09:28 +0000",Amazon Services <donotreply@amazon.com>,Submit product safety documentation to avoid listing deactivation,,"96
 Hello xiao jianming,
 Some of your listings are at risk of deactivation due to missing mandatory compliance requirements for your products. Review the details and next steps below. The affected listings are shown at the end of this email.
 Why is this happening?
 We are taking this action because these products are missing mandatory compliance information. Review our Product safety and compliance help page for information on applicable laws, regulations and Amazon policies.
 The table at the end of this email provides product-specific compliance requirements.
 How do I reactivate my listing?
 To provide the required compliance information, go to your Account Health page and locate the product compliance requests:
-
 If you have the required documentation, follow the instructions to submit your compliance documents.
-
 If you believe that your products are exempt from these requirements, submit documentation demonstrating why they are not subject to these compliance requirements.
 For step-by-step instructions, see our Submit compliance documents or appeal a documentation request help page.
 To avoid further impact on your account, close or delete any non-compliant listings that",2026-07-05 22:54:08,RETR,xtbBpQuskmoxLuupIgAA3F
产品链接/合规类,older,account_4,weihaizhongxin2024@126.com,"Tue, 16 Jun 2026 10:32:14 +0000","""pars-rp-core-sellerappeals-transfer@amazon.com"" <pars-rp-core-sellerappeals-transfer@amazon.com>",RE:[CASE 20516062511] 危险物品（危险品）,,"96
RE:[CASE 20516062511] 危险物品（危险品）
Hello ,
We received your submission for the following ASINs and we have determined that there are currently no restrictions on the listings. The following listings are active on the Amazon.com store:
ASIN: B0DRTR7GYJ
We’re here to help
-- For more information on restricted products, go to ""Restricted products"":
 https://sellercentral.amazon.com/gp/help/200164330?referral=A1B36WFX3CHY40_A334S6JFQYB14O
-- For any further assistance, you can contact our Selling Partner Support team via the contact us form in Seller Central:
 https://sellercentral.amazon.com/cu/contact-us
Amazon Services
To help us continually improve, we ask that you take a moment to complete our survey below. This would help us understand your overall compliance experience.
Were you satisfied with the support provided?
If yes, please click here:
 http://www.amazon.com/gp/help/survey?p=A300I6YE2BOJX4&k=hy
If no, please click here:
 http://www.amazon.com/gp/help/survey?p=A300I6YE2BOJX4&k=hn
Thank you for selling with Amazon,
Manuela P.
Amazon.com
=======================================
MORE WAYS TO GET HELP:
Visit our Seller Forums for help from other sellers: http://sellercentral.ama",2026-07-05 22:54:07,RETR,xtbBpBJ8YmoxJjJsHAAA3X
产品链接/合规类,older,account_4,weihaizhongxin2024@126.com,"Tue, 16 Jun 2026 10:13:22 +0000",Amazon Services <donotreply@amazon.com>,Submit product safety documentation to avoid listing deactivation,,"96
 Hello Weihai EU,
 Some of your listings are at risk of deactivation due to missing mandatory compliance requirements for your products. Review the details and next steps below. The affected listings are shown at the end of this email.
 Why is this happening?
 We are taking this action because these products are missing mandatory compliance information. Review our Product safety and compliance help page for information on applicable laws, regulations, and Amazon policies.
 The table at the end of this email provides product-specific compliance requirements.
 How do I reactivate my listings?
 To provide the required compliance information, go to your Account Health page and locate the product compliance requests:
-
 If you have the required documentation, follow the instructions to submit your compliance documents.
-
 If you believe your products are exempt from these requirements, submit documentation demonstrating why they are not subject to these compliance requirements.
 For step-by-step instructions, see our Submit compliance documents or appeal a documentation request help page.
 To avoid further impact to your account, close or delete any non-compliant listings that you do",2026-07-05 22:54:05,RETR,xtbBsgVgRmoxIcVcWQAA3r
产品链接/合规类,older,account_4,weihaizhongxin2024@126.com,"Mon, 15 Jun 2026 20:37:03 +0000","""Amazon Seller Central Notifications (Do Not Reply)"" <donotreply@amazon.com>",Important message: your account is at risk of deactivation,,"96
 96
 Hello,
 Based on your Account Health Rating, your account is at risk of being deactivated. The Account Health Rating takes into account factors such as:
-
 The number of unresolved policy violations on your account at any given time
-
 The degree to which the violation negatively impacts the customer experience
-
 Whether the violation contravenes applicable laws and regulations
 We encourage you to address the violations on your Account Health page as soon as possible in order to prevent unnecessary disruption to your selling account.
 Why is this happening?
 There are unaddressed policy violations related to your selling account. It is your obligation to make sure that you adhere to Amazon’s policies. To learn more about the Account Health Rating and the policies within it, please visit the following: https://sellercentral.amazon.com/performance/dashboard?ref=ah_em_composite .
 What can I do to avoid account deactivation?
 Addressing policy violations on your Account Health page in a timely manner will prevent unnecessary disruption to your selling account. You can view the violations in the Policy Compliance section of the Account Health page https://sellercentral.amazon",2026-07-05 22:54:04,RETR,xtbBpBJbQWowYnIaGAAA3k
产品链接/合规类,older,account_4,weihaizhongxin2024@126.com,"Mon, 15 Jun 2026 06:46:26 +0000","""cscompliance-docreview-seller@amazon.com"" <cscompliance-docreview-seller@amazon.com>","SELLER: A192R36HNXVJ38, ASIN: B0FCDRNTT8, MARKETPLACE: 1 - CSC -
 DOC REVIEW",,"96
SELLER: A192R36HNXVJ38, ASIN: B0FCDRNTT8, MARKETPLACE: 1 - CSC - DOC REVIEW
Do not reply back to this e-mail!
Hello,
Thank you for submitting a document to the Chemical Safety Compliance Team.
Upon review, we determined that the Safety Data Sheet ( SDS ) you uploaded for your ASIN is invalid due to it being incomplete, inaccurate, or otherwise conflicting, and thus, cannot be used for classification. Even though you've provided a written statement asserting that this SDS is the correct one, unfortunately, it doesn't validate its applicability for your product due to the following issues with the SDS:
→ The SDS must be composed in accordance with a valid regulation/legislation for Chemical Safety Compliance( for which your product is listed and stored ).
The SDS does not include the legislation/regulation in accordance with the document was created
Legislation/regulation should be also mentioned in section 2 “Hazard Identification”.
→ The SDS must be composed in accordance with a valid regulation/legislation for Chemical Safety Compliance( for which your product is listed and stored ).
The SDS does not include the legislation/regulation in accordance with the document was created",2026-07-05 22:54:01,RETR,xtbBpAV-ZWovn8VcqwAA3T
产品链接/合规类,older,account_4,weihaizhongxin2024@126.com,"Sat, 13 Jun 2026 10:18:49 +0000","""toys-safety-mv@amazon.com"" <toys-safety-mv@amazon.com>","RE:[CASE 20326051091] SELLER: A192R36HNXVJ38, ASIN: B0DRTR7GYJ,
 MARKETPLACE: 1 - PS - APPEAL",,"96
RE:[CASE 20326051091] SELLER: A192R36HNXVJ38, ASIN: B0DRTR7GYJ, MARKETPLACE: 1 - PS - APPEAL
Hello,
Thank you for your interest in listing your products on Amazon.
Currently the product you want to sell does not have safety and compliance requirements for Toys.
Please be informed that this queue only monitors safety and compliance requirements.
For any other inquiries, please get in touch with Seller Support assistance.
 https://sellercentral.amazon.com/help/hub/support
We appreciate your cooperation on this important matter.
To help us continually improve, we ask that you take a moment to complete our survey below. This would help us understand your overall compliance experience.
Were you satisfied with the support provided?
If yes, please click here:
 http://www.amazon.com/gp/help/survey?p=ACC9R9THEDUTC&k=hy
If no, please click here:
 http://www.amazon.com/gp/help/survey?p=ACC9R9THEDUTC&k=hn
Thank you for selling with Amazon,
Karthik J.
Amazon.com Seller Support
=======================================
MORE WAYS TO GET HELP:
Visit our Seller Forums for help from other sellers: http://sellercentral.amazon.com/forums
Browse all Seller Help topics: http://sellercentral.amazon.com/",2026-07-05 22:53:57,RETR,xtbBsg2UemotLo2OLQAA3W
产品链接/合规类,older,account_4,weihaizhongxin2024@126.com,"Sat, 13 Jun 2026 03:03:53 +0000","""Amazon Seller Central Notifications (Do Not Reply)"" <donotreply@amazon.com>",Review issue on FBA Shipment (FBA1234567),,"96
 Review shipment defects to avoid reoccurrence
 Hello Weihai US,
 On 2026-06-13, we identified one or more inbound defects while receiving your shipment named ""FBA STA (04/14/2026 04:24)-YOW3"". The identified defect is ""Additional quantities encountered"", which doesn't comply with the FBA shipment requirements.
 We have taken the necessary steps to remedy the situation and receive your inventory this time. When we accept inventory that does not meet our shipment requirements or that differs from your shipping plan, you may be charged with inbound defect fees or unplanned service fee for the additional cost required to re-direct, receive, and process your shipment.
 Review shipment summary
 Review shipment summary
 Inbound compliance will enable us to receive your shipment more quickly and make your inventory available for sale sooner.
 To view your Inbound Performance over the past 120 days, go to the Inbound Performance Dashboard .
 Thank you,
 The Fulfillment by Amazon team
 Report an issue with this email
 If you have any questions visit: Seller Central
 To change your email preferences visit: Notification Preferences
 Copyright 2026 Amazon, Inc, or its affiliates. All rights",2026-07-05 22:53:56,RETR,xtbBpR3+5GosyJ086QAA3k
产品链接/合规类,older,account_4,weihaizhongxin2024@126.com,"Fri, 12 Jun 2026 13:54:53 +0000","""toys-safety-mv@amazon.com"" <toys-safety-mv@amazon.com>","RE:[CASE 20326051091] SELLER: A192R36HNXVJ38, ASIN: B0DRTR7GYJ,
 MARKETPLACE: 1 - PS - APPEAL",,"96
RE:[CASE 20326051091] SELLER: A192R36HNXVJ38, ASIN: B0DRTR7GYJ, MARKETPLACE: 1 - PS - APPEAL
Hello,
Your appeal is not approved because the product has characteristics of Toys for children. This issue must be resolved because compliance requirements are critical to ensuring the products sold are safe and compliant.
To continue listing the product, please take the following action:
To ensure that your product is not removed from Amazon's US store, you require a test result that confirms your product's compliance with Amazon's Policy. Please initiate a test request for each product to one of the third-party Testing, Inspection, and Certification organizations through Account Health dashboard. See our third-party TIC services help page to learn more: https://sellercentral.amazon.com/help/hub/reference/external/GUTZ2R2DD6P2UMVB . You may reopen the appeal with your comments or questions so we can work with you to resolve the issue.
For more information on compliance requirements for Toys, please visit: https://sellercentral.amazon.com/help/hub/reference/external/GKJRA3FRPRKVBJJS
Once testing or verification is requested, please work with the chosen source to provide all requested in",2026-07-05 22:53:55,RETR,xtbBsxGVe2osD7HJbQAA3Q
产品链接/合规类,older,account_4,weihaizhongxin2024@126.com,"Fri, 12 Jun 2026 10:51:40 +0000","""cscompliance-docreview-seller@amazon.com"" <cscompliance-docreview-seller@amazon.com>","SELLER: A192R36HNXVJ38, ASIN: B0FCDRNTT8, MARKETPLACE: 1 - CSC -
 DOC REVIEW",,"96
SELLER: A192R36HNXVJ38, ASIN: B0FCDRNTT8, MARKETPLACE: 1 - CSC - DOC REVIEW
 Do not reply back to this e-mail!
Hello,
Thank you for submitting a document to the Chemical Safety Compliance Team.
→ The name/title of the product on the SDS is ""See item 3 for details "" while the listing name/title of the product is ""12 color acrylic paint"".
→ The SDS must be composed in accordance with a valid regulation/legislation for Chemical Safety Compliance( for which your product is listed and stored ).
The SDS does not include the legislation/regulation in accordance with the document was created
Legislation/regulation should be also mentioned in section 2 “Hazard Identification”.
→ The SDS must be composed in accordance with a valid regulation/legislation for Chemical Safety Compliance( for which your product is listed and stored ).
The SDS does not include the legislation/regulation in accordance with the document was created
Legislation/regulation should be also mentioned in section 2 “Hazard Identification”.
For guidance on Safety Data Sheet requirements, please refer to https://sellercentral.amazon.com/help/hub/reference/G5G6BBSA6FZQP9CP
Once you have corrected the problems listed above",2026-07-05 22:53:54,RETR,xtbBswDOtGor5MBxOQAA3k
产品链接/合规类,older,account_4,weihaizhongxin2024@126.com,"Thu, 11 Jun 2026 13:08:16 +0000",Amazon Services <donotreply@amazon.com>,Submit product safety documentation to avoid listing deactivation,,"96
 Hello Weihai CA,
 Some of your listings are at risk of deactivation due to missing mandatory compliance requirements for your products. Review the details and next steps below. The affected listings are shown at the end of this email.
 Why is this happening?
 We are taking this action because these products are missing mandatory compliance information. Review our Product safety and compliance help page for information on applicable laws, regulations and Amazon policies.
 The table at the end of this email provides product-specific compliance requirements.
 How do I reactivate my listings?
 To provide the required compliance information, go to your Account Health page and locate the product compliance requests:
-
 If you have the required documentation, follow the instructions to submit your compliance documents.
-
 If you believe your products are exempt from these requirements, submit documentation demonstrating why they are not subject to these compliance requirements.
 For step-by-step instructions, see our Submit compliance documents or appeal a documentation request help page.
 To avoid further impact to your account, close or delete any non-compliant listings that you do ",2026-07-05 22:53:48,RETR,xtbBpAQjCWoqs0Qc-QAA3c
产品链接/合规类,older,account_4,weihaizhongxin2024@126.com,"Thu, 11 Jun 2026 04:06:26 +0000","""cscompliance-docreview-vendor@amazon.ca"" <cscompliance-docreview-vendor@amazon.ca>","SELLER: A192R36HNXVJ38, ASIN: B0FCDRNTT8, MARKETPLACE: 7 - CSC -
 DOC REVIEW",,"96
SELLER: A192R36HNXVJ38, ASIN: B0FCDRNTT8, MARKETPLACE: 7 - CSC - DOC REVIEW
 Do not reply back to this e-mail!
Hello,
Thank you for submitting a document to the Chemical Safety Compliance Team.
Upon review, we determined that the Safety Data Sheet ( SDS ) you uploaded for your ASIN is invalid due to it being incomplete, inaccurate, or otherwise conflicting, and thus, cannot be used for classification. Even though you've provided a written statement asserting that this SDS is the correct one, unfortunately, it doesn't validate its applicability for your product due to the following issues with the SDS:
→ The SDS must be composed in accordance with a valid regulation/legislation for Chemical Safety Compliance( for which your product is listed and stored ).
The SDS does not include the legislation/regulation in accordance with the document was created
Legislation/regulation should be also mentioned in section 2 “Hazard Identification”.
→ The SDS must be composed in accordance with a valid regulation/legislation for Chemical Safety Compliance( for which your product is listed and stored ).
The SDS does not include the legislation/regulation in accordance with the document was create",2026-07-05 22:53:46,RETR,xtbBpQZDKWoqNEYXiwAA3n
产品链接/合规类,older,account_4,weihaizhongxin2024@126.com,"Wed, 10 Jun 2026 19:04:36 +0000",Amazon Europe <donotreply@amazon.com>,New EU restriction on textile and footwear disposal,,"96
 By July 19, update your removal settings for apparel, clothing and footwear in EU fulfillment centers
 Hello,
Starting July 19, 2026 , new EU requirements under the Ecodesign for Sustainable Products Regulation (ESPR) will restrict the destruction of certain unsold products, including apparel, clothing accessories, and footwear.
 With this change, you may incur a fine for the disposal of these products in line with local country requirements, based on your business size and disposal volume.
If you sell textiles or footwear in the EU, we recommend that you update your FBA removal settings to Return, Liquidate, or Donate (where eligible) before July 19, 2026.
To review removal options and eligibility, go to Remove Inventory from a Fulfillment Center .
 Note: Products that aren’t eligible for donation or liquidation may require disposal in line with relevant regulations and safety guidelines. This may impact your ESPR compliance status.
Also, on June 25, we’ll update the Fulfillment by Amazon (FBA) Donations terms and conditions in accordance with the above new requirement, our increased cross-border donation capabilities for inventory in Europe, and for program consistency.
To le",2026-07-05 22:53:41,RETR,xtbBpQdjSWoptUfsBgAA3T
产品链接/合规类,older,account_4,weihaizhongxin2024@126.com,"Wed, 10 Jun 2026 18:11:21 +0000",Amazon Services <donotreply@amazon.com>,Submit product safety documentation to reactivate listings,,"96
 Submit product safety documentation to reactivate listings
 Hello Weihai US,
 Some of your listings have been deactivated due to missing mandatory compliance requirements for your products. Review the details and next steps below. The affected listings are shown at the end of this email.
 Why is this happening?
 We are taking this action because these products are missing mandatory compliance information. Review our Product safety and compliance help page for information on applicable laws, regulations, and Amazon policies. We leveraged a combination of automated means and expert human review to identify this issue and make this decision.
 The table at the end of this email provides product-specific compliance requirements.
 How do I reactivate my listings?
 To provide the required compliance information, go to your Account Health page and locate the product compliance requests:
-
 If you have the required documentation, follow the instructions to submit your compliance documents. We will only reinstate products that fulfill the compliance requirements.
-
 If you believe your products are exempt from these requirements, submit documentation demonstrating why they are not subjec",2026-07-05 22:53:40,RETR,xtbBsw1CKGopqM3jYgAA3z
产品链接/合规类,older,account_4,weihaizhongxin2024@126.com,"Wed, 10 Jun 2026 02:29:01 +0000","""toys-safety-mv@amazon.com"" <toys-safety-mv@amazon.com>","RE:[CASE 20326051091] SELLER: A192R36HNXVJ38, ASIN: B0DRTR7GYJ,
 MARKETPLACE: 1 - PS - APPEAL",,"96
RE:[CASE 20326051091] SELLER: A192R36HNXVJ38, ASIN: B0DRTR7GYJ, MARKETPLACE: 1 - PS - APPEAL
Hello,
We received your appeal. We recognize compliance may be confusing or frustrating. However, as before, the product has characteristics of Arts & Crafts for children. Fulfilling compliance obligations is required for selling your products on our store. As a next step, you must take the following action:
To ensure that your product is not removed from Amazon's US store, you require a test result that confirms your product's compliance with Amazon's Policy. Please initiate a test request for each product to one of the third-party Testing, Inspection, and Certification organizations through Account Health dashboard. See our third-party TIC services help page to learn more: https://sellercentral.amazon.com/help/hub/reference/external/GUTZ2R2DD6P2UMVB . If you are still unclear and have questions, please include comments when submitting your appeal so that we can provide help.
For more information on compliance requirements for Arts & Crafts, please visit: https://sellercentral.amazon.com/help/hub/reference/external/GKJRA3FRPRKVBJJS
Once testing or verification is requested, please work ",2026-07-05 22:53:35,RETR,xtbBpBLTuWooy-IjNAAA3w
产品链接/合规类,older,account_4,weihaizhongxin2024@126.com,"Tue, 9 Jun 2026 18:10:54 +0000",Amazon Services <donotreply@amazon.com>,Submit product safety documentation to reactivate listings,,"96
 Submit product safety documentation to reactivate listings
 Hello Weihai US,
 Some of your listings have been deactivated due to missing mandatory compliance requirements for your products. Review the details and next steps below. The affected listings are shown at the end of this email.
 Why is this happening?
 We are taking this action because these products are missing mandatory compliance information. Review our Product safety and compliance help page for information on applicable laws, regulations, and Amazon policies. We leveraged a combination of automated means and expert human review to identify this issue and make this decision.
 The table at the end of this email provides product-specific compliance requirements.
 How do I reactivate my listings?
 To provide the required compliance information, go to your Account Health page and locate the product compliance requests:
-
 If you have the required documentation, follow the instructions to submit your compliance documents. We will only reinstate products that fulfill the compliance requirements.
-
 If you believe your products are exempt from these requirements, submit documentation demonstrating why they are not subjec",2026-07-05 22:53:34,RETR,xtbBsxKGbGooVzLgtwAA37
产品链接/合规类,older,account_4,weihaizhongxin2024@126.com,"Tue, 9 Jun 2026 15:30:18 +0000",Amazon Seller Central <donotreply@amazon.com>,Your VAT invoice for EPR Pay on Behalf charges for Amazon.es sales,,"Tu factura con IVA de los cargos del servicio RAP - Pagamos en tu nombre para las ventas de Amazon.es |
Your VAT invoice for EPR Pay on Behalf charges for Amazon.es sales
 96
 Estimado colaborador comercial:
Ya está disponible tu factura de los cargos del servicio RAP - Pagamos en tu nombre para las ventas de Amazon.es.
La factura incluye (1) las tarifas de contribución ecológica que Amazon pagó en tu nombre por las ventas de productos sujetos a las obligaciones de la responsabilidad ampliada del productor (RAP) en Amazon.es durante el periodo de declaración aplicable, y (2) las tarifas del servicio RAP - Pagamos en tu nombre para las categorías de RAP especificadas en el resumen a nivel de ASIN y a nivel de categoría.
Para acceder a tu factura del servicio RAP - Pagamos en tu nombre , abre el archivo adjunto en este correo electrónico o ve a Facturas de tarifas del vendedor y busca ""RAP - Pagamos en tu nombre"" en la columna ""Tipo de factura"".
Para ver un resumen a nivel de categoría de las tarifas cobradas, los periodos de notificación aplicables y las categorías de RAP, ve a la vista de transacciones, selecciona Tarifas de servicio como tipo de transacción y busca ""RAP - Pagamos ",2026-07-05 22:53:33,RETR,xtbBpQobAWooMapmIgAA3o
产品链接/合规类,older,account_4,weihaizhongxin2024@126.com,"Mon, 8 Jun 2026 08:56:37 +0000","""cscompliance-docreview-seller@amazon.com"" <cscompliance-docreview-seller@amazon.com>","SELLER: A192R36HNXVJ38, ASIN: B0FCDRNTT8, MARKETPLACE: 1 - CSC -
 DOC REVIEW",,"96
SELLER: A192R36HNXVJ38, ASIN: B0FCDRNTT8, MARKETPLACE: 1 - CSC - DOC REVIEW
 Do not reply back to this e-mail!
Hello,
Thank you for submitting a document to the Chemical Safety Compliance Team.
Upon review, we determined that the Safety Data Sheet ( SDS ) you uploaded for your ASIN is invalid due to it being incomplete, inaccurate, or otherwise conflicting, and thus, cannot be used for classification. Even though you've provided a written statement asserting that this SDS is the correct one, unfortunately, it doesn't validate its applicability for your product due to the following issues with the SDS:
→ The SDS must be composed in accordance with a valid regulation/legislation for Chemical Safety Compliance( for which your product is listed and stored ).
The SDS does not include the legislation/regulation in accordance with the document was created
Legislation/regulation should be also mentioned in section 2 “Hazard Identification”.
→ The SDS must be composed in accordance with a valid regulation/legislation for Chemical Safety Compliance( for which your product is listed and stored ).
The SDS does not include the legislation/regulation in accordance with the document was create",2026-07-05 22:53:24,RETR,xtbBpAo3HWomg8rdOAAA3k
产品链接/合规类,older,account_4,weihaizhongxin2024@126.com,"Mon, 8 Jun 2026 08:52:27 +0000","""cscompliance-docreview-seller@amazon.de"" <cscompliance-docreview-seller@amazon.de>","SELLER: A1UYGOR4ZW45MU, ASIN: B0GKPTF1T7, MARKETPLACE:
 A1PA6795UKMFR9 - SPO - Seller Partner Outreach - Document Review",,"96
SELLER: A1UYGOR4ZW45MU, ASIN: B0GKPTF1T7, MARKETPLACE: A1PA6795UKMFR9 - SPO - Seller Partner Outreach - Document Review
 Do not reply back to this e-mail!
Hello,
Thank you for submitting a document to the Chemical Safety Compliance Team.
The ASIN has been marked as compliant in our systems and will be reclassified in the shortest time possible.
No further action is required on your part in this matter.
We appreciate your prompt cooperation.
Thank you,
wierzchn
Amazon
 Ein Problem mit dieser E-Mail melden
 Bei Fragen besuchen Sie: Seller Central
 Zum Ändern Ihrer E-Mail-Einstellungen, gehen Sie zu: Benachrichtigungseinstellungen
 Copyright 2026 Amazon Inc. oder Tochtergesellschaften. Alle Rechte vorbehalten.
 Amazon EU S.à r.l.
38 avenue John F. Kennedy,
L-1855 Luxemburg,
Handelsregisternummer Luxemburg: B-101818,
 Gesellschaftskapital: 165.833 EUR,
Gewerbelizenznummer: 134248,
USt.-Identifikationsnummer Luxemburg: LU 20260743.
 SPC-EUAmazon-703689101271179",2026-07-05 22:53:24,RETR,xtbBsw733Womgs5CSgAA3f
产品链接/合规类,older,account_4,weihaizhongxin2024@126.com,"Sun, 7 Jun 2026 17:51:49 +0000",Fulfillment by Amazon Operations <fba-noreply@amazon.com>,Your Amazon.com Inventory - Action Required,,"Dear Weihai US,
We have recently restricted listings for the product(s) listed below on Amazon.com.
Please initiate a removal request for the ASIN(s) referenced below to have your inventory sent to a location of your choosing. If this inventory is not removed within 30 days of this notification (by 07/06/2026), we may dispose of it in accordance with FBA policies.
Thank you for your attention to this matter.
Regards,
Product Safety Team
Amazon.com
www.amazon.com
Please note: this e-mail was sent from a notification-only address that cannot accept incoming e-mail. Please do not reply to this message.
Affected Product(s):
B0DRTR7GYJ
Was this email helpful?
 https://sellercentral.amazon.com/gp/satisfaction/survey-form.html?ie=UTF8&HMDName=NotificationBusEmailHMD&customAttribute1Value=RESTRICTED_LISTING_PRODUCTS_REMOVAL_REQUEST
SPC-USAmazon-844427151517655",2026-07-05 22:53:22,RETR,xtbBshn942olr7m0jAAA3U
产品链接/合规类,older,account_4,weihaizhongxin2024@126.com,"Fri, 5 Jun 2026 19:25:12 +0000",Amazon Services <donotreply@amazon.com>,Submit product safety documentation to reactivate listings,,"96
 Submit product safety documentation to reactivate listings
 Hello Weihai EU,
 Some of your listings have been deactivated due to missing mandatory compliance requirements for your products. Review the details and next steps below. The affected listings are shown at the end of this email.
 Why is this happening?
 We are taking this action because these products are missing mandatory compliance information. Review our Product safety and compliance help page for information on applicable laws, regulations, and Amazon policies. We leveraged a combination of automated means and expert human review to identify this issue and make this decision.
 The table at the end of this email provides product-specific compliance requirements.
 How do I reactivate my listings?
 To provide the required compliance information, go to your Account Health page and locate the product compliance requests:
-
 If you have the required documentation, follow the instructions to submit your compliance documents. We will only reinstate products that fulfill the compliance requirements.
-
 If you believe your products are exempt from these requirements, submit documentation demonstrating why they are not subjec",2026-07-05 22:53:04,RETR,xtbBsxwT+GojIpwZKQAA3D
法务/侵权类,older,account_4,weihaizhongxin2024@126.com,"Fri, 26 Jun 2026 14:40:10 +0000",Amazon Services <donotreply@amazon.com>,Votre paiement est en cours,,"96
This title will display on mobile devices
 Félicitations ! Votre paiement est en cours et arrivera sous peu.
 Tentative de versement
Félicitations, Weihai EU ! Votre paiement est en cours et arrivera sous trois à cinq jours.
Le 06/26/26 14:40 CEST, nous avons effectué un virement d’un montant de €
 207.53 sur le compte lié à votre méthode de paiement (compte bancaire se terminant par 229).
 Si le montant est inférieur au montant auquel vous vous attendiez, voici quelques questions à vous poser :
 Disposez-vous d’un solde de fonds non disponibles ? Amazon peut réserver des fonds afin de couvrir des retours, des réclamations ou des rétrofacturations potentiels des acheteurs. Si tel est le cas, le solde de fin de période de votre rapport sur les paiements affichera le solde des fonds non disponibles réservé.
 Vos ventes couvraient-elles l’ensemble des frais et des retours pour cette période de règlements ? Le montant du paiement reflète votre activité commerciale, les frais de vente et les frais relatifs aux promotions et aux services. Nous vous recommandons de consulter votre rapport sur les paiements sous l’onglet Rapports de Seller Central pour comprendre votre solde de fin de p",2026-07-05 22:54:50,RETR,xtbBpA0hB2o+j019pgAA3C
法务/侵权类,older,account_4,weihaizhongxin2024@126.com,"Fri, 26 Jun 2026 14:07:09 +0000",Luana Camargo <notifications@insgly.net>,Worten Marketplace - Portugal y España,,"Hola Weihai EU,
Soy Luana Camargo, Business Developer en Worten worten.pt / worten.es , el mayor marketplace de Portugal.
Nuestro equipo de
análisis ha señalado que una asociación con usted sería una gran oportunidad
para ambos.
¿Estaría
disponible para una reunión online esta semana?
Acerca de Worten
- Somos el líder del mercado portugués:
- Nº 1 del
comercio electrónico portugués
- Sitio web con
mayor tráfico de Portugal (más de 10 millones de visitas al mes) - Ranking de mercado
- Más de 200
tiendas físicas en Portugal y España, proporcionando una oportunidad omnicanal
- Plataforma de
gestión: Mirakl (se puede integrar manualmente o vía API)
- Sin costes los 6 meses iniciales
Estaré encantado
de ayudarle si tiene alguna pregunta.
Muchas gracias,
Saludos
Cordiales",2026-07-05 22:54:49,RETR,xtbBpBAwFmo+h5BS2gAA3Z
法务/侵权类,older,account_4,weihaizhongxin2024@126.com,"Thu, 25 Jun 2026 22:31:41 +0000",Fulfillment by Amazon <no-reply@amazon.com>,Tus límites de capacidad de Logística de Amazon para julio,,"96
 Tus límites de capacidad de Logística de Amazon para julio
 Hola:
 Se confirmaron tus límites de capacidad para el próximo periodo.
 Pronóstico de capacidad para el periodo del jul. 1 al 31, a partir del jun. 24:
 Tipo de almacenamiento
 Límite de capacidad total (metros cúbicos)
 Tamaño estándar
 16.42
 Tamaño grande
 21.66
 Para ver tus límites más actualizados, así como los límites de capacidad estimados para los dos meses siguientes, ve a los envíos de Logística de Amazon .
 En la siguiente tabla, se muestra el uso de la capacidad de Logística de Amazon a partir del jun. 23.
 Tipo de almacenamiento
 Uso sin los envíos abiertos incluidos (metros cúbicos)
 Uso con los envíos abiertos incluidos (metros cúbicos)
 Tamaño estándar
 0.00
 0.00
 Tamaño grande
 0.00
 0.00
 Cómo se establecen los límites de capacidad de Logística de Amazon
 Tus límites de capacidad dependen de tu puntuación del índice de desempeño de inventario y otros factores, como las proyecciones de ventas para tus ASIN, la capacidad del centro de distribución y el plazo de entrega de los envíos. Las estimaciones variarán en función de los cambios en tu puntuación del índice de desempeño de inventario y pueden au",2026-07-05 22:54:46,RETR,xtbBshEpD2o9rFEEwAAA3r
法务/侵权类,older,account_4,weihaizhongxin2024@126.com,"Thu, 25 Jun 2026 01:48:42 +0000",Zespół Amazon Services <donotreply@amazon.com>,Łącze do zaktualizowanego raportu podatkowego dotyczącego Chin za okres od października do grudnia 2025 r.,,"96
 Ponownie przesyłamy kwartalny raport podatkowy, który obejmuje dane takie jak informacje o tożsamości, liczba transakcji, przychody oraz prowizje i opłaty za usługi.
 Dzień dobry,
 23 czerwca 2026 r. po weryfikacji ewentualnych rozbieżności w danych wysłaliśmy zaktualizowany kwartalny raport podatkowy dotyczący Chin za okres od października do grudnia 2025 r.
 Jeśli pobranie raportu nie było możliwe, przesyłamy go ponownie. Poniższe łącza są aktywne przez pięć dni.
 Pobierz kwartalny raport
 Raport udostępniamy wyłącznie w celach informacyjnych. Nie są wymagane żadne działania.
 Udostępniliśmy również bardziej szczegółowy raport na poziomie zamówień, który przedstawia informacje kwartalne z podziałem na transakcje.
 Pobierz raport na poziomie zamówień
 Mogą wystąpić rozbieżności między danymi w tych raportach a raportem o płatnościach oraz raportem Amazon o transakcjach podlegających VAT. Każdy raport wykorzystuje odrębną metodologię i służy do innego celu.
 Będziemy nadal przekazywać kwartalne aktualizacje dotyczące danych udostępnianych chińskim organom podatkowym.
 Więcej informacji znajdziesz na stronie Wymogi dotyczące zgłaszania informacji podatkowych w Chinach .
 Uwaga :",2026-07-05 22:54:41,RETR,xtbBsxwL8Go8iPwYqAAA3G
法务/侵权类,older,account_4,weihaizhongxin2024@126.com,"Wed, 24 Jun 2026 10:01:00 +0000",The Fulfillment by Amazon team <donotreply@amazon.com>,Act today & improve Sales on Excess Inventory,,"96
This title will display on mobile devices
 Optional preview text
 Hello,
We noticed you have a number of ASIN(s) that have excess levels of inventory. We are reaching out to inform you about multiple options to improve your Unit Sales on your aged and/or excess inventory in Amazon Fulfillment Centers. Our goal is to help you increase the sales on this excess inventory:
B0FD8RGZX3, B0FD8PWPNK
We encourage you to take Amazon recommended actions such as Create Outlet deals, Sponsor Products Ad, to improve sell through of this excess inventory and potentially reduce your chances of incurring aged inventory fee.
 Outlet deals
 Amazon Outlet is a great place for customers to shop for overstock deals, which offers a selection of items, such as electronics, toys, beauty, and kitchen.
 Create Outlet Deal Today!
 Sponsored Product Ads
 Sponsored Products is a cost-per-click advertising solution that provides advertisers with a foundation of controls and visibility to help get their individual products discovered, and help generate sales from traffic sources in the Amazon store and on select premium apps and websites.
 Create Sponsored Products Ad Today!
We encourage you to view and execut",2026-07-05 22:54:41,RETR,xtbBpQBMMmo7quAZYAAA35
法务/侵权类,older,account_4,weihaizhongxin2024@126.com,"Tue, 23 Jun 2026 16:59:26 +0000",Zespół Amazon Services <donotreply@amazon.com>,Pobierz raport podatkowy dla Chin za okres od października do grudnia 2025 r.,,"96
 Możesz teraz pobrać kwartalny raport podatkowy, który zawiera dane, takie jak informacje identyfikacyjne, liczba transakcji, przychody oraz prowizje i opłaty za usługi.
 Dzień dobry,
 zgodnie z zasadami dotyczącymi sklepów internetowych wydanymi przez Radę Państwa Chin (dekret nr 810) jesteśmy zobowiązani do przekazywania informacji o sprzedawcach z siedzibą w Chinach tamtejszemu organowi podatkowemu w cyklach kwartalnych.
 Niektórzy sprzedawcy znaleźli potencjalne rozbieżności w danych zawartych w pierwszym kwartalnym raporcie podatkowym za okres od października do grudnia 2025 r. Nasz zespół dokładnie sprawdził wszystkie raporty, aby upewnić się, że prawidłowo odzwierciedlają Twoją aktywność w sklepie Amazon i w stosownych przypadkach ponownie przesłał zaktualizowane raporty za czwarty kwartał 2025 r. chińskiemu organowi podatkowemu.
 Ponownie wysyłamy Twój kwartalny raport podatkowy dla Chin. Poniższe linki będą aktywne przez siedem dni.
 Pobierz raport kwartalny
 Raport ten jest przeznaczony wyłącznie do wglądu. Nie jest wymagane żadne działanie.
 Udostępniliśmy również bardziej szczegółowy raport na poziomie zamówień, który przedstawia informacje kwartalne z podziałem na t",2026-07-05 22:54:38,RETR,xtbBshI0Gmo6u3L4aQAA3G
法务/侵权类,older,account_4,weihaizhongxin2024@126.com,"Tue, 23 Jun 2026 00:26:49 +0000",Assistenza venditori Amazon <merch.service05@amazon.it>,<p>Grazie per aver creato un nuovo caso: -- 12908112692</p>,,"96
<p>Grazie per aver creato un nuovo caso: -- 12908112692</p>
 La ringraziamo per aver contattato il Supporto al venditore di Amazon.
Abbiamo aperto un caso riguardo al suo problema. Un membro del nostro team la contatterà appena possibile. Rispondiamo alla maggior parte delle e-mail entro 12 ore.
Per vedere i suoi ordini ed effettuare operazioni a essi relative, come per esempio l'emissione di rimborsi, visiti Seller Central al link: http://sellercentral-europe.amazon.com . Maggiori informazioni su come gestire i prodotti, gli ordini e il suo negozio online sono disponibili nelle pagine di aiuto di Seller Central.
Per contattarci nuovamente riguardo a questo problema utilizzi il modulo di contatto di Seller Central cliccando su questo link:
 https://sellercentral-europe.amazon.com/cu/case-dashboard/view-case?caseID=12908112692
Se desidera ricevere aiuto da altri venditori, può visitare il nostro Forum per i venditori a questo link: https://sellercentral.amazon.it/forums/
La preghiamo di non rispondere a questo messaggio. Questa e-mail è stata inviata da un indirizzo che non accetta posta in entrata.
 Copyright 2026 Amazon.com, Inc. o le relative società affiliate. Tutti i diritti",2026-07-05 22:54:30,RETR,xtbBsgvPtWo50st0LwAA3S
法务/侵权类,older,account_4,weihaizhongxin2024@126.com,"Mon, 22 Jun 2026 09:29:52 +0000",Amazon Europe <no-reply@sell.amazon.com>,Prime会员日明天开始：最后提报促销活动的机会,,"最大化您的 Prime Day 业绩
尊敬的卖家，
为 2026 年 Prime Day做好准备 - 为数百万 Prime 会员打造不容错过的优惠！加入我们今年6月为期4天活动。通过提交促销，确保充足库存，提升曝光度以助力您冲刺最佳业绩！
请在 Prime Day 开始前查看您已获批准促销 https://go.amazonsellerservices.com/e/229492/nding-ld-DC-EM-D475912359-Wk26/7z46cdp/6726384350/h/6JaHWsuwlGBNO8uRtm6MhzYmCn1HiKY7DoeDdLxvcVI 的状态，并处理任何显示“需要操作（Needs Attention）” https://go.amazonsellerservices.com/e/229492/up-cn-ld-DC-EM-D475912359-Wk26/7z46cds/6726384350/h/6JaHWsuwlGBNO8uRtm6MhzYmCn1HiKY7DoeDdLxvcVI 的促销。请注意，收到此邮件并不一定代表您的促销存在问题。
关键日期
活动日期： 2026年6月 (具体日期待公布)
提报截止日期： 价格折扣 – 活动结束前 12 小时
价格折扣 > https://go.amazonsellerservices.com/e/229492/reate-ld-DC-EM-D475912359-Wk26/7z46cdw/6726384350/h/6JaHWsuwlGBNO8uRtm6MhzYmCn1HiKY7DoeDdLxvcVI
<table align=""center"" border=""0"" cellpadding=""0"" cellspacing=""0"" class=""section"" role=""presentation"" style=""width:100%;"">
	<tbody>
		<tr>
			<td align=""center"">
			<div role=""none"">
<!--[if(mso)|(IE)]>
<table align=""center"" border=""0"" cellpadding=""0"" cellspacing=""0"" class=""block-grid-outlook"" style=""width:600px;"" width=""600"" >
<tr>
<td style=""line-height:0px;font-size:0px;mso-line-height-rule:exactly;""><![endif]-->
			<div style=""margin:0 auto;border-radius:0px;max-width:600px;"">
			<table align=""ce",2026-07-05 22:54:28,RETR,xtbBsxYO82o5AJbVKgAA3i
法务/侵权类,older,account_4,weihaizhongxin2024@126.com,"Sun, 21 Jun 2026 12:49:43 +0000",Amazon Services <donotreply@amazon.com>,Pagamento elaborato con successo,,"96
This title will display on mobile devices
 Congratulazioni. Il pagamento è stato elaborato con successo e ti sarà accreditato a breve.
 Tentativo di pagamento
Congratulazioni Weihai EU! Il pagamento è stato elaborato con successo e ti sarà accreditato nel giro di da tre a cinque giorni.
In data 06/21/26 12:49 CEST, abbiamo avviato un trasferimento sul tuo metodo di pagamento (conto bancario che termina con 229) dell’importo di €
 204,78.
 Se l’importo è inferiore a quanto atteso, tieni in considerazione le seguenti domande:
 Hai un saldo non disponibile? Amazon potrebbe trattenere una certa somma per coprire i costi di eventuali resi, reclami o contestazioni di una transazione (chargeback) da parte degli acquirenti. In questo caso, il saldo finale nel tuo report sui pagamenti mostrerà il saldo non disponibile corrispondente alla cifra trattenuta.
 Le tue vendite coprono tutte le commissioni e i resi per questo ciclo di fatturazione? L’importo del pagamento rispecchia le attività di vendita, le commissioni di vendita e le tariffe per promozioni o servizi. Ti consigliamo di rivedere il report sui pagamenti nella scheda Report di Seller Central per comprendere le diverse spese che ",2026-07-05 22:54:27,RETR,xtbBsgsaAGo33evTHwAA3E
法务/侵权类,older,account_4,weihaizhongxin2024@126.com,"Sat, 20 Jun 2026 10:18:43 +0000","""Amazon.de"" <store-news@amazon.de>",Dein Einkaufswagen wartet,,"https://www.amazon.de/gp/cart/view.html?ref_=cor
Schwimmgurt für Pool, Schwimmhilfe Erwachsene Pool, Schwimmgurt Pool Erwachsene, Schwimmwiderstand Gürtel mit 2.5-7.5M Einstellbare Schwimmseil für Jedes Schwimmbad Ohne Gegenstromanlage
 -3 % 27,95 € UVP: 28,95 €
https://www.amazon.de/gp/product/B0DRCF83VZ/?ref_=
Einkaufswagen anzeigen
https://www.amazon.de/gp/cart/view.html?ref_=cor
Schaue dir weitere Optionen an
75x120 cm Feuerfeste Unterlage, Hitzeschutzmatte, Antihaft-Material Bodenschutzmatte, Grill Matten, Bodenmatte Feuerstellenmatte Outdoor BBQ Matte für Gasgrill Holzkohlegrill
 19,99 €
https://www.amazon.de/gp/product/B0DBLM41YS/?ref_=ci_mcx_mr_2p_0_lm
Feuerfeste Unterlage, 130 × 80cm Hitzebeständig bis 982 ℃ Hitzeschutzmatte, Grillmatte, Feuerschutzmatte, Fallschutzmatten Outdoor, Bodenschutzmatte, BBQ Grill Matte für Gasgrill Holzkohlegrill
 -8 % 23,95 € UVP: 25,95 €
https://www.amazon.de/gp/product/B0DRC8LPGS/?ref_=ci_mcx_mr_2p_1_lm
Alckijy Feuerfeste Unterlage | 100 * 150cm Faltbare Hitzeschutzmatte | Bodenschutzmatte | Grillmatten | Bodenmatte | Grillteppich | Funkenschutzplatte | für BBQ Grills Kaminöfen Boden Rasen usw
Befristetes Angebot -18 % 20,38 € UVP: 24,95 €
h",2026-07-05 22:54:24,RETR,xtbBsgeDaWo2aQfssgAA3z
法务/侵权类,older,account_4,weihaizhongxin2024@126.com,"Fri, 19 Jun 2026 10:02:13 +0000",Amazon Europe <no-reply@sell.amazon.com>,最后机会：请于6月19日前提报 Prime Day 促销,,"最大化您的 Prime Day 业绩
尊敬的卖家，
为 2026 年 Prime Day做好准备 - 为数百万 Prime 会员打造不容错过的优惠！加入我们今年6月为期4天活动。通过提交促销，确保充足库存，提升曝光度以助力您冲刺最佳业绩！
请在 Prime Day 开始前查看您已获批准促销 https://go.amazonsellerservices.com/e/229492/nding-ld-DC-EM-D470953677-Wk25/7z45671/6722985456/h/5AnilXP2yESJTKAxzKDWgMpQYpr4YCtcQBKeDTlOjAk 的状态，并处理任何显示“需要操作（Needs Attention）” https://go.amazonsellerservices.com/e/229492/up-cn-ld-DC-EM-D470953677-Wk25/7z45674/6722985456/h/5AnilXP2yESJTKAxzKDWgMpQYpr4YCtcQBKeDTlOjAk 的促销。请注意，收到此邮件并不一定代表您的促销存在问题。
关键日期
活动日期： 2026年6月 (具体日期待公布)
提报截止日期： 促销 – 2026 年 6 月 19 日，价格折扣 – 活动结束前 12 小时
提报您的促销 > https://go.amazonsellerservices.com/e/229492/reate-ld-DC-EM-D470953677-Wk25/7z45677/6722985456/h/5AnilXP2yESJTKAxzKDWgMpQYpr4YCtcQBKeDTlOjAk
<table align=""center"" border=""0"" cellpadding=""0"" cellspacing=""0"" class=""section"" role=""presentation"" style=""width:100%;"">
	<tbody>
		<tr>
			<td align=""center"">
			<div role=""none"">
<!--[if(mso)|(IE)]>
<table align=""center"" border=""0"" cellpadding=""0"" cellspacing=""0"" class=""block-grid-outlook"" style=""width:600px;"" width=""600"" >
<tr>
<td style=""line-height:0px;font-size:0px;mso-line-height-rule:exactly;""><![endif]-->
			<div style=""margin:0 auto;border-radius:0px;max-width:600px",2026-07-05 22:54:21,RETR,xtbBswrWvGo1E6qV2wAA37
法务/侵权类,older,account_4,weihaizhongxin2024@126.com,"Thu, 18 Jun 2026 14:18:31 +0000","""Amazon.de"" <store-news@amazon.de>",Dein Einkaufswagen wartet,,"https://www.amazon.de/gp/cart/view.html?ref_=cor
Alckijy Feuerfeste Unterlage | 100 * 150cm Faltbare Hitzeschutzmatte | Bodenschutzmatte | Grillmatten | Bodenmatte | Grillteppich | Funkenschutzplatte | für BBQ Grills Kaminöfen Boden Rasen usw
Befristetes Angebot -18 % 20,38 € UVP: 24,95 €
https://www.amazon.de/gp/product/B0CSGBZG8W/?ref_=
Einkaufswagen anzeigen
https://www.amazon.de/gp/cart/view.html?ref_=cor
Schaue dir weitere Optionen an
75x120 cm Feuerfeste Unterlage, Hitzeschutzmatte, Antihaft-Material Bodenschutzmatte, Grill Matten, Bodenmatte Feuerstellenmatte Outdoor BBQ Matte für Gasgrill Holzkohlegrill
 19,99 €
https://www.amazon.de/gp/product/B0DBLM41YS/?ref_=ci_mcx_mr_2p_0_lm
Feuerfeste Unterlage, 130 × 80cm Hitzebeständig bis 982 ℃ Hitzeschutzmatte, Grillmatte, Feuerschutzmatte, Fallschutzmatten Outdoor, Bodenschutzmatte, BBQ Grill Matte für Gasgrill Holzkohlegrill
 -8 % 23,95 € UVP: 25,95 €
https://www.amazon.de/gp/product/B0DRC8LPGS/?ref_=ci_mcx_mr_2p_1_lm
100 * 150cm Feuerfeste Unterlage - Hitzebeständig bis 1800°F Hitzeschutzmatte - Grillteppich Bodenschutzmatte Grillmatten Bodenmatte Feuerstellenmatte Outdoor BBQ Matte für Gasgrill Holzkohlegrill
Befristetes Angebo",2026-07-05 22:54:18,RETR,xtbBpRw2HGoz-jwM6QAA3t
法务/侵权类,older,account_4,weihaizhongxin2024@126.com,"Thu, 18 Jun 2026 10:14:39 +0000",Amazon Europe <donotreply@amazon.com>,Soumettre les numéros d'enregistrement REP avant le 30 juin,,"96
 You’ll be enrolled in EPR Pay on Behalf unless you provide valid Extended Producer Responsibility registration numbers by June 30
                                                     ‍͏  ͏  ‍͏  ͏  ‍͏  ͏  ‍͏  ͏  ‍͏  ͏  ‍͏  ͏  ‍͏  ͏  ‍͏  ͏  ‍͏  ͏  ‍͏  ͏  ‍͏  ͏  ‍͏  ͏  ‍͏  ͏  ‍͏  ͏  ‍͏  ͏  ‍͏  ͏  ‍͏  ͏  ‍͏  ͏  ‍͏  ͏  ‍͏  ͏  ‍͏  ͏  ‍͏  ͏  ‍͏  ͏  ‍͏  ͏  ‍͏  ͏  ‍͏  ͏  ‍͏  ͏  ‍͏  ͏  ‍͏  ͏  ‍͏  ͏  ‍͏  ͏  ‍͏  ͏  ‍͏  ͏  ‍͏  ͏  ‍͏  ͏  ‍͏  ͏  ‍͏  ͏  ‍͏  ͏  ‍͏  ͏ ͏‌ ­ ­ ­ ­ ͏‌ ­ ­ ­ ­ ͏‌ ­ ­ ­ ­ ͏‌ ­ ­ ­ ­ ͏‌ ­ ­ ­ ­ ͏‌ ­ ­ ­ ­ ͏‌ ­ ­ ­ ­ ͏‌ ­ ­ ­ ­ ͏‌ ­ ­ ­ ­ ͏‌ ­ ­ ­ ­ ͏‌ ­ ­ ­ ­ ͏‌ ­ ­ ­ ­ ͏‌ ­ ­ ­ ­ ͏‌ ­ ­ ­ ­ ͏‌ ­ ­ ­ ­ ͏‌ ­ ­ ­ ­ ͏‌ ­ ­ ­ ­ ͏‌ ­ ­ ­ ­ ͏‌ ­ ­ ­ ­ ͏‌ ­ ­ ­ ­ ͏‌ ­ ­ ­ ­ ͏‌ ­ ­ ­ ­ ͏‌ ­ ­ ­ ­ ͏‌ ­ ­ ­ ­ ͏‌ ­ ­ ­ ­ ͏‌ ­ ­ ­ ­ ͏‌ ­ ­ ­ ­ ͏‌ ­ ­ ­ ­ ͏‌ ­ ­ ­ ­ ͏‌ ­ ­ ­ ­ ͏‌ ­ ­ ­ ­ ͏‌ ­ ­ ­ ­ ͏‌ ­ ­ ­ ­ ͏‌ ­ ­ ­ ­ ͏‌ ­ ­ ­ ­ ͏‌ ­ ­ ­ ­ ͏‌ ­ ­ ­ ­ ͏‌ ­ ­ ­ ­ ͏‌ ­ ­ ­ ­ ͏‌ ­ ­ ­ ­ ͏‌ ­ ­ ­ ­ ͏‌ ­ ­ ­ ­ ͏‌ ­ ­ ­ ­ ͏‌ ­ ­ ­ ­ ͏‌ ­ ­ ­ ­ ͏‌ ­ ­ ­ ­ ͏‌ ­ ­ ­ ­ ͏‌ ­ ­ ­ ­ ͏‌ ­ ­ ­ ­ ͏‌ ­ ­ ­ ­ ͏‌ ­ ­ ­ ­ ͏‌ ­ ­ ­ ­ ͏‌ ­ ­ ­ ­ ͏‌ ­ ­ ­ ­ ͏‌ ­ ­ ­ ­ ͏‌ ­ ­ ­ ­ ͏‌ ­ ­ ­ ­ ͏‌ ­ ­ ­ ­ ͏‌ ­ ­ ­ ­ ͏‌ ­ ­ ­ ­ ͏‌ ­ ­ ­ ­ ͏‌ ­ ­ ­ ­ ͏‌ ­ ­ ­ ­ ͏‌ ­ ­ ­ ­ ͏‌ ­ ­ ­ ­
 Vous serez inscrit au REP",2026-07-05 22:54:17,RETR,xtbBpBHcwmozxRGsmQAA3T
法务/侵权类,older,account_4,weihaizhongxin2024@126.com,"Thu, 18 Jun 2026 09:11:12 +0000",Amazon Europe <donotreply@amazon.com>,Seller News: June 2026,,"Amazon Services
 96
 Learn about the latest updates to Seller Central and more.
 Our Seller Newsletter provides the most important policy, tool, and program updates from the past month. Stay informed about selling on Amazon.
 Updates to improve your product titles begin on July 27
 To ensure that your product titles appeal to customers everywhere, we’re making some changes that will help you show your product name and your product highlights seamlessly.
 Read more .
 Changes to the Amazon Services Europe Business Solutions Agreement
 Effective from August 1, 2026, we’re updating the Amazon Services Europe Business Solutions Agreement to standardise the way referral fees are calculated on all Amazon orders.
 Read more .
 Introducing the new Seller Central experience
 We've redesigned Seller Central to help you spend less time searching for information and more time growing your business. The new experience consolidates your tools, metrics and tasks into purpose-built workspaces.
 Read more .
 Select specific regions for your heavy and bulky items
 You can now select specific regions for dispatching your heavy and bulky items with our updated shipping templates. These updated templat",2026-07-05 22:54:16,RETR,xtbBpRMhB2oztjM3qgAA3R
法务/侵权类,older,account_4,weihaizhongxin2024@126.com,"Wed, 17 Jun 2026 17:13:19 +0000",Amazon Services <donotreply@amazon.com>,"Get increased New Selection Program (2026) benefits starting July
 30",,"96
 Effective July 30, 2026, the New Selection Program (2026) launches with increased benefits to help you launch new branded products with reduced costs and complexity while boosting early sales.
 Hello,
 If you’re currently enrolled in our existing New Selection Program , you’ll automatically receive New Selection Program (2026) benefits for new branded FBA ASINs that launch starting July 30, through October 31, 2026, as an introductory offer.
 To continue to receive New Selection Program (2026) benefits after October 31, you must confirm your enrollment on Enroll in New Selection Program (2026) . From July 30, the existing New Selection Program will end.
New benefits for an eligible new-to-FBA product include (applicable from first inventory received date):
- Instant fee credits equivalent to capping referral fees to 10% (or your existing rate, whichever is lower) on your first 100 units and 5% (or your existing rate, whichever is lower) on the next 100 units. Credits apply to major fees, like referral and fulfillment fees.
- $50 in coupon variable fee credits and $75 in Vine enrollment fee credits (applied to middle tier), usable within the first 60 days.
- Free storage, free c",2026-07-05 22:54:15,RETR,xtbBsxPIrmoy1bNq+gAA3o
法务/侵权类,older,account_4,weihaizhongxin2024@126.com,"Wed, 17 Jun 2026 00:29:05 +0000",Assistenza venditori Amazon <merch.service05@amazon.it>,<p>Grazie per aver creato un nuovo caso: -- 12891299002</p>,,"96
<p>Grazie per aver creato un nuovo caso: -- 12891299002</p>
 La ringraziamo per aver contattato il Supporto al venditore di Amazon.
Abbiamo aperto un caso riguardo al suo problema. Un membro del nostro team la contatterà appena possibile. Rispondiamo alla maggior parte delle e-mail entro 12 ore.
Per vedere i suoi ordini ed effettuare operazioni a essi relative, come per esempio l'emissione di rimborsi, visiti Seller Central al link: http://sellercentral-europe.amazon.com . Maggiori informazioni su come gestire i prodotti, gli ordini e il suo negozio online sono disponibili nelle pagine di aiuto di Seller Central.
Per contattarci nuovamente riguardo a questo problema utilizzi il modulo di contatto di Seller Central cliccando su questo link:
 https://sellercentral-europe.amazon.com/cu/case-dashboard/view-case?caseID=12891299002
Se desidera ricevere aiuto da altri venditori, può visitare il nostro Forum per i venditori a questo link: https://sellercentral.amazon.it/forums/
La preghiamo di non rispondere a questo messaggio. Questa e-mail è stata inviata da un indirizzo che non accetta posta in entrata.
 Segnala un problema con questa e-mail
 In caso di domande, si prega di visitare:",2026-07-05 22:54:12,RETR,xtbBsxS2nGox6lSgcgAA36
法务/侵权类,older,account_4,weihaizhongxin2024@126.com,"Tue, 16 Jun 2026 14:26:46 +0000",Amazon Services <donotreply@amazon.com>,Votre paiement est en cours,,"96
This title will display on mobile devices
 Félicitations ! Votre paiement est en cours et arrivera sous peu.
 Tentative de versement
Félicitations, Weihai EU ! Votre paiement est en cours et arrivera sous trois à cinq jours.
Le 06/16/26 14:26 CEST, nous avons effectué un virement d’un montant de €
 211.68 sur le compte lié à votre méthode de paiement (compte bancaire se terminant par 229).
 Si le montant est inférieur au montant auquel vous vous attendiez, voici quelques questions à vous poser :
 Disposez-vous d’un solde de fonds non disponibles ? Amazon peut réserver des fonds afin de couvrir des retours, des réclamations ou des rétrofacturations potentiels des acheteurs. Si tel est le cas, le solde de fin de période de votre rapport sur les paiements affichera le solde des fonds non disponibles réservé.
 Vos ventes couvraient-elles l’ensemble des frais et des retours pour cette période de règlements ? Le montant du paiement reflète votre activité commerciale, les frais de vente et les frais relatifs aux promotions et aux services. Nous vous recommandons de consulter votre rapport sur les paiements sous l’onglet Rapports de Seller Central pour comprendre votre solde de fin de p",2026-07-05 22:54:10,RETR,xtbBswlILmoxXSl3BwAA3D
法务/侵权类,older,account_4,weihaizhongxin2024@126.com,"Tue, 16 Jun 2026 11:13:30 +0000",Amazon Services <donotreply@amazon.com>,Przesyłanie dokumentacji dotyczącej bezpieczeństwa produktu w celu niedopuszczenia do dezaktywacji oferty,,"96
 Dzień dobry Weihai EU,
 niektóre z Twoich ofert są zagrożone dezaktywacją z powodu niespełnienia obowiązków dotyczących zgodności wystawianych przez Ciebie produktów z wymogami. Poniżej znajdziesz szczegółowe informacje oraz dalsze instrukcje. Oferty produktów, których dotyczy problem, wskazano na końcu niniejszej wiadomości e-mail.
 Dlaczego tak się stało?
 Podjęliśmy to działanie, ponieważ w przypadku tych produktów nie dostarczono obowiązkowych informacji dotyczących zgodności z wymogami. Więcej informacji na temat mających zastosowanie przepisów ustawowych i wykonawczych oraz zasad Amazon znajdziesz na stronie Bezpieczeństwo i zgodność produktu z wymogami .
 Informacje na temat wymogów dotyczących zgodności dla poszczególnych produktów znajdziesz w tabeli na końcu tej wiadomości e-mail.
 Jak mogę ponownie aktywować oferty?
 Aby dostarczyć niezbędne informacje dotyczące zgodności z wymogami, przejdź do panelu Kondycja konta i znajdź żądania dotyczące zgodności produktu z wymogami:
-
 Jeśli dysponujesz wymaganymi dokumentami zgodności, postępuj zgodnie z instrukcjami, aby je przesłać.
-
 Jeśli uważasz, że Twoje produkty są zwolnione z wymogów dotyczących zgodności, prześlij d",2026-07-05 22:54:09,RETR,xtbBsh7pz2oxL967yQAA3S
法务/侵权类,older,account_4,weihaizhongxin2024@126.com,"Tue, 16 Jun 2026 11:12:43 +0000",Amazon Services <donotreply@amazon.com>,Skicka in produktsäkerhetsdokumentation för att undvika att produktposterna inaktiveras,,"96
 Hej Weihai EU!
 Vissa av dina produktposter riskerar att inaktiveras på grund av att det saknas obligatorisk information om överensstämmelse för produkterna. Granska informationen och följande steg nedan. De berörda produktposterna visas i slutet av det här e-postmeddelandet.
 Varför händer det här?
 Vi vidtar den här åtgärden eftersom det saknas obligatorisk information om överensstämmelse för de här produkterna. Läs vår hjälpsida för Produktsäkerhet och -överensstämmelse för information om tillämpliga lagar, förordningar och Amazons policyer.
 Tabellen i slutet av detta e-postmeddelande innehåller produktspecifika krav för överensstämmelse.
 Hur återaktiverar jag mina produktposter?
 Om du vill tillhandahålla den begärda överensstämmelseinformationen går du till sidan Kontostatus och letar upp begäranden om produktöverensstämmelse:
-
 Om du har den obligatoriska dokumentationen ska du skicka in dina överensstämmelsedokument enligt instruktionerna.
-
 Om du tror att dina produkter är undantagna från dessa krav skickar du in dokumentation som visar varför de inte omfattas av dessa överensstämmelsekrav.
 Du hittar stegvisa instruktioner på vår hjälpsida om Skicka in intyg om öve",2026-07-05 22:54:09,RETR,xtbBpAzdw2oxL6yr8AAA31
法务/侵权类,older,account_4,weihaizhongxin2024@126.com,"Tue, 16 Jun 2026 11:12:12 +0000",Amazon Services <donotreply@amazon.com>,"Invia la documentazione sulla sicurezza del prodotto per evitare la
 disattivazione dell'offerta",,"96
 Gentile Weihai EU,
 Alcune delle tue offerte sono a rischio di disattivazione perché i relativi prodotti non soddisfano i requisiti obbligatori sulla conformità. Rivedi i dettagli e i passi successivi riportati di seguito. Puoi visualizzare le offerte interessate in fondo a questa e-mail.
 Ciò a cosa è dovuto?
 Abbiamo intrapreso questo provvedimento in quanto i tuoi prodotti non dispongono delle informazioni obbligatorie sulla conformità. Consulta la pagina di aiuto Sicurezza e conformità dei prodotti per informazioni sulle leggi, le normative e le politiche di Amazon applicabili.
 La tabella alla fine di questa e-mail contiene i requisiti di conformità specifici per i prodotti.
 Come faccio a riattivare le mie offerte?
 Per fornire le informazioni di conformità richieste, vai alla pagina Stato dell'account per individuare le richieste di conformità dei prodotti:
-
 Se disponi della documentazione richiesta, segui le istruzioni per inviare i documenti di conformità.
-
 Se ritieni che i tuoi prodotti siano esenti da questi requisiti, invia la documentazione che dimostra il motivo per cui non sono soggetti a questi requisiti di conformità.
 Per istruzioni dettagliate, consulta l",2026-07-05 22:54:08,RETR,xtbBsg7Vu2oxL464xgAA3W
法务/侵权类,older,account_4,weihaizhongxin2024@126.com,"Tue, 16 Jun 2026 11:08:19 +0000",Amazon Services <donotreply@amazon.com>,Soumettre la documentation de sécurité des produits pour éviter la désactivation des mises en vente,,"96
 Bonjour Weihai EU,
 Certaines de vos mises en vente risquent d’être désactivées, car vos produits ne respectent pas les exigences de conformité obligatoires. Consultez les détails et les étapes suivantes ci-dessous. Les produits mis en vente concernés figurent à la fin de cet e-mail.
 Pourquoi cela se produit-il ?
 Nous prenons cette mesure, car ces produits ne présentent pas les informations de conformité obligatoires. Consultez notre page d’aide Sécurité et conformité des produits pour obtenir des informations sur les lois, réglementations et politiques Amazon applicables.
 Le tableau situé à la fin de cet e-mail présente les exigences de conformité spécifiques aux produits.
 Comment réactiver mes produits mis en vente ?
 Pour fournir les informations de conformité requises, accédez à la page État du compte et localisez les demandes de conformité des produits :
-
 Si vous disposez des documents requis, suivez les instructions pour soumettre vos documents de conformité.
-
 Si vous pensez que vos produits sont exemptés de ces exigences, soumettez des pièces justificatives prouvant les raisons pour lesquelles ils ne sont pas soumis à ces exigences de conformité.
 Pour des instru",2026-07-05 22:54:07,RETR,xtbBpQabgWoxLqanoAAA3t
法务/侵权类,older,account_4,weihaizhongxin2024@126.com,"Tue, 16 Jun 2026 10:17:27 +0000",亚马逊开店服务 <donotreply@amazon.com>,提交商品安全文件以避免商品被停售,,"96
 尊敬的 Weihai EU：
您好！
 您的部分商品因缺少必要的商品合规信息而面临被停售的风险。查看下面的详细信息和后续步骤。受影响的商品显示在此电子邮件的末尾。
 为什么会发生这种情况？
 我们之所以采取此措施，是因为这些商品缺少必要的合规信息。请查看我们的 商品安全与合规 帮助页面，了解有关适用法律法规和亚马逊政策的信息。
 此电子邮件末尾的表格提供了特定于商品的合规性要求。
 如何重新启售商品？
 要提供所需的合规信息，请前往 账户状况 页面并找到商品合规性请求：
-
 如果您有所需的文件，请按照相关说明提交您的合规文件。
-
 如果您认为您的商品无需遵守这些要求，请提交相关文件，说明它们为何不受这些合规要求的约束。
 有关分步操作说明，请参阅 提交合规文件或对文件请求提出申诉 帮助页面。
 为避免进一步影响您的账户，请停售或删除您不打算销售或申诉的任何不合规商品。
 如果我未执行上述操作，会怎么样？
 如果您未在“账户状况”页面显示的截止日期之前提供所需的合规信息，我们可能会停售受影响的商品。
 我们愿意随时为您提供帮助。
 有关更多信息，请观看卖家大学中的 安全与合规简介 视频
 如果您有其他问题，请在您的 账户状况 控制面板上提交请求。
 亚马逊商品安全与合规性
 受影响的商品
 详情
 Roaxkois Töpferset für Kinder, Töpferscheibe, Töpferset für Zuhause mit ton lufttrocknend, Diamant Aufkleber, Kreativ Set für Kinder, Geschenk-Ideen, Geschenk für Mädchen Jungen
 ASIN： B0DKBX9WK8
 亚马逊要求您证明自己在亚马逊德国站上架的儿童玩具符合适用的法律、法规、标准和亚马逊政策。
要销售儿童玩具，您必须满足 儿童玩具帮助页面 上列出的要求，并与我们的合作伙伴第三方测试、检验和认证 (TIC) 服务提供商合作，验证您的商品符合这些要求。
儿童玩具是指供14岁或以下儿童在学习或玩耍时使用的商品。
亚马逊根据以下标准来确定商品是否为“儿童玩具”：
商品包装上的年龄分级标明该玩具专供 14 岁或以下儿童使用。
产品的包装、展示、促销或广告显示该产品适合 14 岁或以下儿童使用。
消费者通常认为该商品供 14 岁或以下儿童使用。
有关合规要求、如何与 TIC 服务提供商合作的更多信息，或者要观看有关本政策涵盖的儿童玩具的视频，请访问 儿童玩具帮助页面 。
 Roaxkois Töpferset für Kinder, Töpferscheibe, Töpferset für Zuhause mit ton lufttrocknend, Diamant Aufkleb",2026-07-05 22:54:07,RETR,xtbBpBqdg2oxIrpURQAA3y
法务/侵权类,older,account_4,weihaizhongxin2024@126.com,"Tue, 16 Jun 2026 10:16:32 +0000",Amazon Services <donotreply@amazon.com>,Presenta la documentación sobre seguridad del producto para evitar la desactivación de los listings,,"96
 Hola, Weihai EU:
 Algunos de tus listings están en riesgo de desactivación debido a que tus productos no cumplen los requisitos obligatorios. Revisa a continuación los detalles y siguientes pasos. Los listings afectados aparecen al final de este correo electrónico.
 ¿A qué se debe esto?
 Tomamos esta medida porque a estos productos les falta información de cumplimiento normativo obligatoria. Para más información sobre las leyes, normativas y políticas de Amazon aplicables, consulta Cumplimiento y seguridad de los productos .
 En la tabla que aparece al final de este correo electrónico se proporcionan los requisitos de cumplimiento normativo específicos del producto.
 ¿Cómo puedo reactivar mis listings?
 Para proporcionar la información de cumplimiento normativo obligatoria, ve a la página Estado de la cuenta y localiza las solicitudes de cumplimiento normativo del producto:
-
 Si dispones de la documentación obligatoria, sigue las instrucciones para presentar los documentos de cumplimiento normativo.
-
 Si crees que tus productos están exentos de estos requisitos, presenta documentación que demuestre por qué no están sujetos a estos requisitos de cumplimiento normativo.
 Para v",2026-07-05 22:54:07,RETR,xtbBsgOPdWoxIoNhxgAA3W
法务/侵权类,older,account_4,weihaizhongxin2024@126.com,"Tue, 16 Jun 2026 10:16:13 +0000",Amazon Services <donotreply@amazon.com>,Presenta la documentación sobre seguridad del producto para evitar la desactivación de los listings,,"96
 Hola, xiao jianming:
 Algunos de tus listings están en riesgo de desactivación debido a que tus productos no cumplen los requisitos obligatorios. Revisa a continuación los detalles y siguientes pasos. Los listings afectados aparecen al final de este correo electrónico.
 ¿A qué se debe esto?
 Tomamos esta medida porque a estos productos les falta información de cumplimiento normativo obligatoria. Para más información sobre las leyes, normativas y políticas de Amazon aplicables, consulta Cumplimiento y seguridad de los productos .
 En la tabla que aparece al final de este correo electrónico se proporcionan los requisitos de cumplimiento normativo específicos del producto.
 ¿Cómo puedo reactivar mis listings?
 Para proporcionar la información de cumplimiento normativo obligatoria, ve a la página Estado de la cuenta y localiza las solicitudes de cumplimiento normativo del producto:
-
 Si dispones de la documentación obligatoria, sigue las instrucciones para presentar los documentos de cumplimiento normativo.
-
 Si crees que tus productos están exentos de estos requisitos, presenta documentación que demuestre por qué no están sujetos a estos requisitos de cumplimiento normativo.
 Pa",2026-07-05 22:54:06,RETR,xtbBsxGLcWoxInELTgAA3V
法务/侵权类,older,account_4,weihaizhongxin2024@126.com,"Tue, 16 Jun 2026 10:15:21 +0000",Amazon Services <donotreply@amazon.com>,"Dien productveiligheidsdocumentatie in om de deactivering van de
 productvermelding te voorkomen",,"96
 Hallo Weihai EU,
 Enkele van je productvermeldingen lopen het risico op deactivering omdat er verplichte nalevingsvereisten voor je producten ontbreken. Bekijk de gegevens en de stappen hieronder. De betreffende productvermeldingen worden aan het einde van deze e-mail weergegeven.
 Waarom gebeurt dit?
 We hebben deze actie ondernomen omdat voor deze producten verplichte nalevingsinformatie ontbreekt. Raadpleeg onze hulp-pagina Productveiligheid en -conformiteit voor informatie over de toepasselijke wet- en regelgeving en het Amazon-beleid.
 De tabel aan het einde van deze e-mail bevat productspecifieke nalevingsvereisten.
 Hoe activeer ik mijn productvermeldingen opnieuw?
 Als je de vereiste nalevingsgegevens wilt verstrekken, ga je naar de pagina Accountstatus en zoek je de aanvragen voor productconformiteit:
-
 Als je over de vereiste documentatie beschikt, volg je de instructies om je nalevingsdocumenten in te dienen.
-
 Als je van mening bent dat je producten zijn vrijgesteld van deze vereisten, dien dan documentatie in waaruit blijkt wat de reden is dat ze niet aan deze nalevingsvereisten zijn onderworpen.
 Raadpleeg voor stapsgewijze instructies onze hulp-pagina Documente",2026-07-05 22:54:06,RETR,xtbBpB1+ZGoxIj1QiQAA3+
法务/侵权类,older,account_4,weihaizhongxin2024@126.com,"Tue, 16 Jun 2026 10:13:24 +0000",Amazon Services <donotreply@amazon.com>,Documents de sécurité des produits requis pour les garder actifs,,"96
 Bonjour xiao jianming,
 Certains de vos produits mis en vente risquent d’être désactivés en raison de l’absence d’exigences de conformité obligatoires pour vos produits. Consultez les détails et les étapes suivantes ci-dessous. Les produits mis en vente concernés figurent à la fin de cet e-mail.
 Pourquoi cela se produit-il ?
 Nous prenons cette mesure, car ces produits n’incluent pas toutes les informations de conformité obligatoires. Consultez notre page d’aide Sécurité et conformité des produits pour obtenir des informations sur les lois, les réglementations et les politiques Amazon applicables.
 Le tableau situé à la fin de cet e-mail présente les exigences de conformité spécifiques aux produits.
 Comment réactiver mes mises en vente ?
 Pour fournir les informations de conformité requises, accédez à la page État du compte et recherchez les demandes relatives à la conformité des produits :
-
 Si vous disposez des documents requis, suivez les instructions pour soumettre vos documents de conformité.
-
 Si vous pensez que vos produits sont exemptés de ces exigences, soumettez des documents démontrant pourquoi ils ne sont pas soumis à ces exigences de conformité.
 Pour obtenir d",2026-07-05 22:54:06,RETR,xtbBpQdgRmoxIcdRfAAA3U
法务/侵权类,older,account_4,weihaizhongxin2024@126.com,"Sun, 14 Jun 2026 13:34:40 +0000",Amazon Services <donotreply@amazon.com>,Pagamento elaborato con successo,,"96
This title will display on mobile devices
 Congratulazioni. Il pagamento è stato elaborato con successo e ti sarà accreditato a breve.
 Tentativo di pagamento
Congratulazioni Weihai EU! Il pagamento è stato elaborato con successo e ti sarà accreditato nel giro di da tre a cinque giorni.
In data 06/14/26 13:34 CEST, abbiamo avviato un trasferimento sul tuo metodo di pagamento (conto bancario che termina con 229) dell’importo di €
 221,30.
 Se l’importo è inferiore a quanto atteso, tieni in considerazione le seguenti domande:
 Hai un saldo non disponibile? Amazon potrebbe trattenere una certa somma per coprire i costi di eventuali resi, reclami o contestazioni di una transazione (chargeback) da parte degli acquirenti. In questo caso, il saldo finale nel tuo report sui pagamenti mostrerà il saldo non disponibile corrispondente alla cifra trattenuta.
 Le tue vendite coprono tutte le commissioni e i resi per questo ciclo di fatturazione? L’importo del pagamento rispecchia le attività di vendita, le commissioni di vendita e le tariffe per promozioni o servizi. Ti consigliamo di rivedere il report sui pagamenti nella scheda Report di Seller Central per comprendere le diverse spese che ",2026-07-05 22:54:00,RETR,xtbBpBPNs2ourfMqAQAA34
法务/侵权类,older,account_4,weihaizhongxin2024@126.com,"Fri, 12 Jun 2026 17:10:30 +0000",Luana Camargo <notifications@insgly.net>,Worten Marketplace - Portugal y España,,"Hola Weihai EU,
Soy Luana Camargo, Business Developer en Worten worten.pt / worten.es , el mayor marketplace de Portugal.
Nuestro equipo de análisis ha señalado que una asociación con usted sería una gran oportunidad para ambos.
¿Estaría disponible para una reunión online esta semana?
Acerca de Worten - Somos el líder del mercado portugués:
- Nº 1 del comercio electrónico portugués
- Sitio web con mayor tráfico de Portugal (más de 10 millones de visitas al mes) - Ranking de mercado
- Más de 200 tiendas físicas en Portugal y España, proporcionando una oportunidad omnicanal
- Plataforma de gestión: Mirakl (se puede integrar manualmente o vía API)
- Sin costes iniciales - 6 meses
Estaré encantado de ayudarle si tiene alguna pregunta.
Muchas gracias,
Saludos Cordiales",2026-07-05 22:53:55,RETR,xtbBpAoX-GosPYrcDwAA3n
法务/侵权类,older,account_4,weihaizhongxin2024@126.com,"Fri, 12 Jun 2026 04:55:50 +0000",Amazon Services <donotreply@amazon.com>,"Hemos actualizado los requisitos del distintivo de Prime para Prime
 Day",,"96
 Para ayudarte a mantener el distintivo de Prime durante Prime Day, hemos actualizado nuestros requisitos del distintivo en España.
 Hola:
 Durante Prime Day, actualizaremos temporalmente nuestros requisitos del distintivo en España para ayudarte a mantener el distintivo de Prime.
 Del 14 de junio al 4 de julio de 2026, el 85 % de las ofertas aptas para Prime con las velocidades de entrega más rápidas recibirán el distintivo de Prime, siempre que tengan una velocidad de entrega de 7 días o menos . Este cambio se aplica a todas las ofertas de Logística de Amazon, gestionadas por el vendedor y de venta minorista de Amazon.
 Los requisitos habituales del distintivo de Prime volverán a aplicarse el 5 de julio de 2026.
 Agradecemos tu esfuerzo por ofrecer un gran servicio de compra a los clientes Prime durante este Prime Day.
Amazon Europe
 Informar de un problema con este correo electrónico
 Si tienes alguna pregunta, visita: Seller Central
 Para cambiar sus preferencias de correo electrónico visitan: Preferencias de Notificación
 Copyright 2026 Amazon.com.mx, Inc. o sus afiliados. Todos los derechos reservados.
 Amazon EU S.à r.l.
38 avenue John F. Kennedy,
L-1855 Luxemburgo,
Númer",2026-07-05 22:53:53,RETR,xtbBshnfxWorkVmC5QAA3f
法务/侵权类,older,account_4,weihaizhongxin2024@126.com,"Fri, 12 Jun 2026 01:49:02 +0000",Notificaciones de Seller Central (sin buzón electrónico) <donotreply@amazon.com>,Actualización de estado de mercancías peligrosas,,"96
 Actualización de estado de mercancías peligrosas
 Actualización de estado de mercancías peligrosas
 Estimado vendedor:
 Amazon lleva a cabo regularmente revisiones de productos que pueden estar regulados como mercancía peligrosa (también conocidos como material peligroso) en sus centros logísticos. Realizamos estas revisiones para garantizar que nuestros envíos cumplen las normativas y estándares de seguridad, asegurando así el bienestar tanto de nuestros clientes como de nuestros empleados. Como resultado de una de estas revisiones, el estado de mercancías peligrosas de uno o más de tus productos ha cambiado. Consulta la información disponible a continuación para saber cómo afecta este cambio a tu inventario y a tus nuevos envíos.
 ARTÍCULOS APTOS PARA ENVÍO
 Los siguientes productos no eran aptos para el envío a través de Logística de Amazon o no se permitían en envíos a los centros logísticos de Amazon. Hemos eliminado estas restricciones. Ya podemos gestionar los siguientes productos o devolvértelos, de forma que puedes reanudar el envío de unidades nuevas a centros logísticos.
 ASIN
 SKU del vendedor
 FNSKU
 Título
 Estado actual
 Notas
 B0GKPTF1T7
 WHMKB0615
 X002C14QJT
 ",2026-07-05 22:53:51,RETR,xtbBpBLiyGorZZK4zwAA3d
法务/侵权类,older,account_4,weihaizhongxin2024@126.com,"Fri, 12 Jun 2026 01:44:43 +0000","""Powiadomienia z Amazon Seller Central (nie odpowiadaj)"" <donotreply@amazon.com>",Status materiałów niebezpiecznych (hazmat),,"96
 Status materiałów niebezpiecznych (hazmat)
 Status materiałów niebezpiecznych (hazmat)
 Witamy w Fulfillment by Amazon
 Amazon dokonuje regularnych przeglądów produktów w naszych centrach logistycznych, które mogą być regulowane jako materiały niebezpieczne (znane również jako hazmat). Przeprowadzamy te przeglądy, aby zapewnić zgodność naszych przesyłek z wymogami regulacyjnymi i normami bezpieczeństwa dla naszych klientów i pracowników. Po jednym takim przeglądzie stan materiałów niebezpiecznych jednego produktu lub większej liczby produktów uległ zmianie. Przeczytaj poniższe informacje, aby dowiedzieć się więcej o tym, co to oznacza dla istniejących zapasów i nowych przesyłek.
 PRODUKTY NADAJĄCE SIĘ DO REALIZACJI
 Następujące produkty wcześniej nie nadawały się do realizacji za pośrednictwem usługi Fulfillment by Amazon lub nie były już dozwolone w przesyłkach do centrów logistycznych Amazon. Ograniczenia te zostały cofnięte. Poniższe produkty mogą być nadal realizowane przez firmę Amazon lub zwracane do Ciebie; możesz wznowić wysyłanie nowych jednostek do centrów logistycznych.
 ASIN
 SKU sprzedawcy
 SKU sieci logistycznej
 Tytuł
 Bieżący status:
 Uwagi
 B0GKPTF1T7
 WHMKB061",2026-07-05 22:53:51,RETR,xtbBsg6hh2orZI69XwAA3T
法务/侵权类,older,account_4,weihaizhongxin2024@126.com,"Fri, 12 Jun 2026 01:35:25 +0000",Notifications Amazon Seller Central (ne pas répondre) <donotreply@amazon.com>,Mise à jour du statut des matières dangereuses (Hazmat),,"96
 Mise à jour du statut des matières dangereuses (Hazmat)
 Mise à jour du statut des matières dangereuses (Hazmat)
 Bonjour de la part du service Expédié par Amazon,
 Amazon effectue des examens réguliers des produits se trouvant dans nos centres de distribution qui pourraient être considérés comme des matières dangereuses . Nous procédons à ces examens afin de nous assurer que nos expéditions répondent aux exigences réglementaires ainsi qu’aux normes de sécurité vis-à-vis de nos clients et de nos employés. Suite à l’un de ces examens, le statut de matières dangereuses d’un ou de plusieurs de vos produits a changé. Lisez les informations ci-dessous pour en savoir plus sur les conséquences que cela pourrait avoir sur vos produits en stock et vos prochaines expéditions.
 ARTICLES EXPÉDIABLES
 Le ou les produits suivants ne pouvaient auparavant pas être distribués par le service Expédié par Amazon et/ou n’étaient plus autorisés dans les expéditions vers les centres de distribution d’Amazon. Ces restrictions ont été supprimées. Les produits ci-dessous peuvent continuer à être distribués par le service Expédié par Amazon ou vous être renvoyés, et vous pouvez reprendre l’envoi de nouve",2026-07-05 22:53:50,RETR,xtbBpQEW+2orYmGVBgAA3Y
法务/侵权类,older,account_4,weihaizhongxin2024@126.com,"Fri, 12 Jun 2026 01:03:25 +0000","""Notifiche di Amazon Seller Central (non rispondere)"" <donotreply@amazon.com>",Aggiornamento dello stato delle merci pericolose,,"96
 Aggiornamento dello stato delle merci pericolose
 Aggiornamento dello stato delle merci pericolose
 Buongiorno da Logistica di Amazon.
 Amazon conduce regolari verifiche sui prodotti dei nostri centri logistici che rientrano nella classificazione di merci pericolose (sostanze o materiali pericolosi). Effettuiamo queste verifiche allo scopo di accertare che le nostre spedizioni rispettino i requisiti di legge e gli standard di sicurezza richiesti per gli acquirenti e per il personale. A seguito di uno di questi controlli, lo stato relativo alla sicurezza di uno o più dei suoi prodotti è cambiato. La invitiamo a leggere le informazioni riportate di seguito per capire meglio cosa comporta questa modifica per le unità del suo inventario in deposito nei nostri centri logistici e per quelle che ci invierà in futuro.
 ARTICOLI GESTIBILI
 In passato, i prodotti elencati di seguito erano stati dichiarati non elaborabili con Logistica di Amazon o non erano stati considerati idonei a essere spediti ai centri logistici Amazon. Abbiamo rimosso queste restrizioni, pertanto potrà continuare a gestire con Amazon i prodotti elencati di seguito oppure richiedere la restituzione delle unità in ma",2026-07-05 22:53:49,RETR,xtbBswE0GmorWuEYNQAA3L
法务/侵权类,older,account_4,weihaizhongxin2024@126.com,"Fri, 12 Jun 2026 01:03:17 +0000","""Amazon Seller Central-meldingen (niet beantwoorden)"" <donotreply@amazon.com>",Update van status gevaarlijke goederen,,"96
 Update van status gevaarlijke goederen
 Update van status gevaarlijke goederen
 Hallo van het Fulfillment by Amazon-team,
 Amazon voert regelmatig controles uit bij producten in onze fulfillment centers die onder regelgeving van gevaarlijke goederen zouden kunnen vallen (ook bekend als hazmat of gevaarlijke stoffen). We voeren deze controles uit om ervoor te zorgen dat onze zendingen voldoen aan de wettelijke vereisten en veiligheidsnormen voor onze klanten en werknemers. Na een dergelijke controle is de status van gevaarlijke goederen van een of meer van je producten veranderd. Lees onderstaande informatie voor meer informatie over wat dit betekent voor je bestaande voorraad en nieuwe zendingen.
 LEVERBARE ITEMS
 De volgende producten waren voorheen niet leverbaar via Fulfillment by Amazon of waren niet langer toegestaan in zendingen naar Amazon Fulfillment Centers. Deze beperkingen zijn opgeheven. Onderstaande producten kunnen door Amazon worden geleverd of aan jou worden geretourneerd en je kunt weer nieuwe eenheden naar fulfillment centers versturen.
 ASIN
 Verkoper-SKU
 FNSKU
 Titel
 Huidige status
 Opmerkingen
 B0GKPTF1T7
 WHMKB0615
 X002C14QJT
 Roaxkois Keramische beschi",2026-07-05 22:53:49,RETR,xtbBpBgyGGorWtgo1gAA3r
法务/侵权类,older,account_4,weihaizhongxin2024@126.com,"Thu, 11 Jun 2026 11:41:38 +0000","""Pereira, Sheryl"" <persher@amazon.com>",Amazon India your next growth market,,"Hi Team,
Sheryl this side from Amazon India Out of Country team, we work with high-potential global brands to successfully launch and scale their presence in India. Given the current selection gaps and growing customer demand, I believe Amazon.in could be a great opportunity for Roaxkois
I'd love to connect for a brief discussion to walk you through the business potential and launch process. Let me know if you'd be open to a quick connect, you can also block my calendar with https://amazon.zoom.us/zbook/sheryl-pereira/sheryl-international-business-introductory-connect
Looking forward to hearing from you!
Regards,
Sheryl Pereira
Business Development Associate,
Amazon Global Sales-India
[cid:image002.png@01DCF9C5.1AD67C90]LinkedIn<https://www.linkedin.com/in/sheryl-p/>| International Brands Storefront<https://www.amazon.in/gp/browse.html?node=21469514031&ref_=nav_em_nav_ibrand_desktop_0_1_1_33>",2026-07-05 22:53:47,RETR,xtbBpRcK72oqnvdzJwAA3q
法务/侵权类,older,account_4,weihaizhongxin2024@126.com,"Thu, 11 Jun 2026 08:25:43 +0000",Amazon Europe <no-reply@sell.amazon.com>,最大化您的 Prime Day 业绩,,"最大化您的 Prime Day 业绩
尊敬的卖家，
为 2026 年 Prime Day做好准备 - 为数百万 Prime 会员打造不容错过的优惠！加入我们今年6月为期4天活动。通过提交促销，确保充足库存，提升曝光度以助力您冲刺最佳业绩！
关键日期
活动日期： 2026年6月 (具体日期待公布)
提报截止日期： 促销 – 2026 年 6 月 19 日，价格折扣 – 活动结束前 12 小时
提报您的促销 > https://go.amazonsellerservices.com/e/229492/reate-ld-DC-EM-D466345311-Wk24/7z3z1q7/6709636974/h/uq3xXX59LyOSLanIApIcx-STiI62BQPtDoy9SBDVxwA
<table align=""center"" border=""0"" cellpadding=""0"" cellspacing=""0"" class=""section"" role=""presentation"" style=""width:100%;"">
	<tbody>
		<tr>
			<td align=""center"">
			<div role=""none"">
<!--[if(mso)|(IE)]>
<table align=""center"" border=""0"" cellpadding=""0"" cellspacing=""0"" class=""block-grid-outlook"" style=""width:600px;"" width=""600"" >
<tr>
<td style=""line-height:0px;font-size:0px;mso-line-height-rule:exactly;""><![endif]-->
			<div style=""margin:0 auto;border-radius:0px;max-width:600px;"">
			<table align=""center"" border=""0"" cellpadding=""0"" cellspacing=""0"" role=""presentation"" style=""width:100%;border-radius:0px;"">
				<tbody>
					<tr>
						<td class=""block-grid"" style=""border-radius:0px;font-size:0px;padding:12px 0px 12px 0px;text-align:center;vertical-align:top;"">
<!--[if(mso)|(IE)]>
<table role=""presentation"" border=""0"" cellpadding=""0"" cellspacing",2026-07-05 22:53:46,RETR,xtbBsgqDaWoqcQo9cQAA3l
法务/侵权类,older,account_4,weihaizhongxin2024@126.com,"Wed, 10 Jun 2026 20:16:28 +0000",Amazon Services <donotreply@amazon.com>,27 lipca rozpocznie się ulepszanie tytułów stron produktów,,"96
 Tytuły we wszystkich kategoriach (z wyjątkiem kategorii „Media”) będą musiały zawierać 75 znaków lub mniej, łącznie ze spacjami. Nowa funkcja „Najważniejsze informacje” zapewnia dodatkowe 125 znaków, umożliwiając udostępnianie materiałów.
 Dzień dobry,
 tytuły stron produktów są jedną z pierwszych rzeczy, które widzą klienci, a dla klientów kupujących przy użyciu urządzeń mobilnych liczy się każdy znak. Aby zagwarantować, że tytuły stron produktów są atrakcyjne dla klientów na całym świecie, wprowadzamy pewne zmiany, które pomogą Ci z łatwością przedstawić nazwę produktu i najważniejsze informacje o nim.
 Począwszy od 27 lipca 2026 r. tytuły we wszystkich kategoriach (z wyjątkiem kategorii „Media”) będą musiały zawierać 75 znaków lub mniej, łącznie ze spacjami. Zagwarantuje to, że tytuł będzie wyświetlany w całości na urządzeniach mobilnych i będzie zgodny z długością tytułów w innych sklepach internetowych.
 Najważniejsze informacje zawierają dodatkowe 125 znaków, aby umożliwić udostępnianie materiałów lub zalecanych zastosowań, które pomogą klientom porównać dostępne opcje. Treść ta jest możliwa do wyszukania oraz widoczna pod tytułami w wynikach wyszukiwania i na stronach pr",2026-07-05 22:53:44,RETR,xtbBpR+dg2opxh+GCAAA3w
法务/侵权类,older,account_4,weihaizhongxin2024@126.com,"Wed, 10 Jun 2026 20:08:24 +0000",Amazon Services <donotreply@amazon.com>,"Aggiornamenti per migliorare i titoli dei prodotti a partire dal 27
 luglio",,"96
 I titoli in tutte le categorie eccetto i prodotti multimediali dovranno contenere un massimo di 75 caratteri, spazi inclusi. Nelle caratteristiche principali dei prodotti, saranno ora disponibili altri 125 caratteri per descrivere i materiali.
 Buongiorno,
 i titoli dei prodotti sono una delle prime cose che i clienti vedono e, per i clienti che effettuano acquisti su dispositivi mobili, ogni carattere è importante. Per fare in modo che i titoli dei prodotti attirino clienti di tutto il mondo, abbiamo apportato delle modifiche che ti aiuteranno a mostrare il nome e le caratteristiche principali dei prodotti in modo uniforme.
 A partire dal 27 luglio 2026 , i titoli in tutte le categorie eccetto i prodotti multimediali dovranno contenere un massimo di 75 caratteri, spazi inclusi. Questo assicurerà che il titolo venga visualizzato completamente sul dispositivo mobile e sia coerente con la lunghezza usata da altri negozi online.
 Per le caratteristiche principali dell'articolo, saranno disponibili altri 125 caratteri per descrivere i materiali o i casi d'uso consigliati, in modo da consentire ai clienti di confrontare le opzioni. Questi contenuti saranno ricercabili e visibili sot",2026-07-05 22:53:44,RETR,xtbBshskCmopxDuFmwAA3l
法务/侵权类,older,account_4,weihaizhongxin2024@126.com,"Wed, 10 Jun 2026 20:05:34 +0000",Amazon Services <donotreply@amazon.com>,Updates om je producttitels te verbeteren beginnen op 27 juli,,"96
 Titels in alle categorieën, behalve in de categorie ‘media’ mogen maximaal 75 tekens lang zijn, inclusief spaties. Met de nieuwe functie Itemhoogtepunten kun je nu 125 extra tekens gebruiken om materiaal te delen.
 Hallo,
 Je producttitels zijn een van de eerste dingen die klanten zien, en voor klanten die mobiel winkelen, telt elk teken. Om ervoor te zorgen dat je producttitels overal klanten aanspreken, voeren we een aantal wijzigingen door waarmee je je productnaam en de belangrijkste kenmerken van je product naadloos kunt weergeven.
 Vanaf 27 juli 2026 mogen titels in alle categorieën, behalve in de categorie ‘media’, maximaal 75 tekens lang zijn, inclusief spaties. Dit zorgt ervoor dat je titel volledig wordt weergegeven op mobiel en overeenkomt met de titellengte die door andere online winkels wordt gebruikt.
 Itemhoogtepunten bevatten 125 extra tekens voor het delen van materiaal of aanbevolen gebruikscases waarmee klanten opties kunnen vergelijken. Deze inhoud is zoekbaar en zichtbaar onder titels in zoekresultaten en op productpagina's.
 We bieden je tools die door AI worden aangedreven om ervoor te zorgen dat je nieuwe titels en itemhoogtepunten optimaal zijn. Je kunt",2026-07-05 22:53:43,RETR,xtbBshD532opw5B-OwAA3Q
法务/侵权类,older,account_4,weihaizhongxin2024@126.com,"Wed, 10 Jun 2026 20:05:16 +0000",Amazon Services <donotreply@amazon.com>,Las actualizaciones para mejorar los títulos de los productos entrarán en vigor el 27 de julio,,"96
 Los títulos de todas las categorías, excepto multimedia, tendrán que tener 75 caracteres o menos, contando espacios. La nueva herramienta de aspectos destacados del producto ahora ofrece 125 caracteres más para compartir materiales.
 Hola:
 Los títulos de los productos son uno de los primeros aspectos que ven los clientes y, para aquellos que compran en dispositivos móviles, cada carácter cuenta. Para garantizar que los títulos atraigan a clientes de todo el mundo, hemos hecho algunos cambios que te ayudarán a mostrar el nombre del producto y sus aspectos más destacados a la perfección.
 A partir del 27 de julio de 2026 , los títulos de todas las categorías, excepto multimedia, tendrán que tener 75 caracteres o menos, contando espacios. Así nos aseguramos de que el título se mostrará completamente en dispositivos móviles y que coincida con la longitud que utilizan otras tiendas en Internet.
 Los aspectos destacados del producto proporcionan 125 caracteres adicionales para dar información sobre materiales o casos de uso recomendados, lo que ayuda a los clientes a comparar opciones. Este contenido se puede buscar y aparece debajo de los títulos en los resultados de búsqueda, así ",2026-07-05 22:53:42,RETR,xtbBpAD122opw4BaawAA37
法务/侵权类,older,account_4,weihaizhongxin2024@126.com,"Wed, 10 Jun 2026 19:10:59 +0000",Amazon Europe <donotreply@amazon.com>,Nueva restricción de la UE sobre la puesta de inventario de productos textiles y calzado a disposición de Amazon,,"96
 A más tardar el 19 de julio, actualiza la configuración de retiradas de prendas de vestir y calzado en los centros logísticos de la UE
 Hola:
A partir del 19 de julio de 2026 , los nuevos requisitos de la UE establecidos en el Reglamento sobre diseño ecológico de productos sostenibles restringirán la destrucción de determinados productos no vendidos, entre los que se incluyen prendas de vestir, complementos de moda y calzado.
 Con este cambio, podrías incurrir en una multa por la puesta de estos productos a nuestra disposición de acuerdo con los requisitos nacionales del país, en función del tamaño de tu empresa y del volumen de productos afectados.
Si vendes productos textiles o calzado en la UE, te recomendamos que actualices la configuración de las retiradas de inventario de Logística de Amazon a ""Devolver"", ""Liquidar"" o ""Donar"" (cuando sea posible) antes del 19 de julio de 2026.
Para consultar las opciones y requisitos de las retiradas, ve a Retirada de inventario de un centro logístico .
 Nota: Los productos que no puedan destinarse a donación o liquidación pueden requerir su puesta de inventario a disposición de Amazon de acuerdo con las normativas y directrices de seguri",2026-07-05 22:53:41,RETR,xtbBpAbDqWoptsbpLgAA38
法务/侵权类,older,account_4,weihaizhongxin2024@126.com,"Wed, 10 Jun 2026 19:03:48 +0000",Amazon Europe <donotreply@amazon.com>,"Nuove limitazioni dell'Unione europea sul reimpiego di prodotti
 tessili e calzature",,"96
 Aggiorna le impostazioni di rimozione per capi di abbigliamento, accessori e calzature nei centri logistici dell'Unione europea entro il 19 luglio
 Buongiorno,
a partire dal 19 luglio 2026 , i nuovi requisiti dell'Unione europea previsti dalle normative di progettazione ecocompatibile per prodotti sostenibili (ESPR) stabiliranno dei limiti alla distruzione di alcuni prodotti invenduti, tra cui abbigliamento, accessori e calzature.
 Di conseguenza, la distruzione di tali prodotti potrebbe esporti al rischio di multe, in base ai requisiti locali, alle dimensioni della tua attività e al volume di articoli distrutti.
Se vendi prodotti tessili o calzature nell'Unione europea, ti consigliamo di aggiornare le impostazioni di rimozione di Logistica di Amazon su Restituzione, Liquidazione o Donazione (ove disponibili) entro il 19 luglio 2026.
Per verificare le opzioni di rimozione e l'idoneità, consulta Rimuovere l'inventario da un centro logistico .
 Nota: I prodotti non idonei alla donazione o alla liquidazione potrebbero richiedere il reimpiego da parte di Amazon in conformità alle normative pertinenti e alle linee guida sulla sicurezza. Ciò potrebbe influire sullo stato di conformit",2026-07-05 22:53:41,RETR,xtbBshZXPWoptRb+XAAA3M
法务/侵权类,older,account_4,weihaizhongxin2024@126.com,"Wed, 10 Jun 2026 18:26:32 +0000",Amazon Europe <donotreply@amazon.com>,Nowe ograniczenia UE dotyczące usuwania tekstyliów i obuwia,,"96
 Do 19 lipca zmień ustawienia wycofywania zapasów odzieży i obuwia magazynowanych w centrach logistycznych w UE
 Dzień dobry,
od 19 lipca 2026 r. możliwość niszczenia niektórych niesprzedanych produktów, w tym odzieży, akcesoriów odzieżowych i obuwia, zostanie ograniczona. Wynika to z nowych wymogów UE ustanowionych w rozporządzeniu w sprawie ekoprojektu dla zrównoważonych produktów (ESPR) .
 W związku z tą zmianą możesz otrzymać karę za usunięcie takich produktów zgodnie z wymogami danego kraju. Będzie ona zależeć od wielkości Twojego biznesu i usuwanych ilości.
Jeśli prowadzisz sprzedaż tekstyliów lub obuwia w UE, przed 19 lipca 2026 r. zmień ustawienia wycofywania zapasów FBA na „Zwrot”, „Likwidacja” lub „Darowizna” (o ile opcja ta jest dostępna).
Aby poznać opcje wycofywania i warunki kwalifikacji, przejdź na stronę Wycofywanie zapasów z centrum logistycznego .
 Uwaga: Produkty, które nie kwalifikują się do likwidacji ani do przekazania jako darowizna, mogą wymagać usunięcia zgodnie z odpowiednimi przepisami i wytycznymi dotyczącymi bezpieczeństwa. Może to wpłynąć na Twoją zgodność z rozporządzeniem ESPR.
Ponadto 25 czerwca aktualizujemy warunki programu „Darowizny w ramach ",2026-07-05 22:53:40,RETR,xtbBpRsmDGoprFuaJgAA3c
法务/侵权类,older,account_4,weihaizhongxin2024@126.com,"Wed, 10 Jun 2026 18:08:34 +0000",Amazon Europe <donotreply@amazon.com>,Nouvelle restriction de l’UE sur la mise au rebut des textiles et des chaussures,,"96
 D’ici le 19 juillet, mettez à jour vos paramètres de demande de prélèvement pour les vêtements, les accessoires vestimentaires et les chaussures dans les centres de distribution de l’UE
 Bonjour,
À partir du 19 juillet 2026 , de nouvelles exigences de l’UE prévues par le Règlement sur l’écoconception des produits durables (ESPR) limiteront la destruction de certains produits invendus, notamment les vêtements, les accessoires vestimentaires et les chaussures.
 Avec ce changement, vous risquez une amende pour la mise au rebut de ces produits conformément aux exigences locales, selon la taille de votre entreprise et le volume de mise au rebut.
Si vous vendez des textiles ou des chaussures dans l’UE, nous vous recommandons de mettre à jour vos paramètres de prélèvement Expédié par Amazon sur Retour, Liquider ou Faire un don (si applicable) avant le 19 juillet 2026.
Pour consulter les options de prélèvement et l’éligibilité, accédez à Prélever le stock d’un centre de distribution .
 Remarque : Les produits qui ne sont pas éligibles à un don ou à la liquidation peuvent nécessiter une mise au rebut conformément à la réglementation et aux instructions de sécurité applicables. Cela peut",2026-07-05 22:53:39,RETR,xtbBsgUY-WopqCWCmwAA3F
法务/侵权类,older,account_4,weihaizhongxin2024@126.com,"Tue, 9 Jun 2026 15:18:50 +0000",Amazon Seller Central <donotreply@amazon.com>,Your Amazon.ca Fulfillment by Amazon Merchant Invoice for 5/2026,,"Your Amazon.ca Fulfillment by Amazon Merchant Invoice for 5/2026
 96
Hello,
We are writing to inform you that your electronic Fulfillment by Amazon Merchant Invoice for the month of 5/2026 is now available in your Seller Central Account.
To access your invoice, go to your Tax Document Library . In your Tax Document Library, you will be able to view, download or print your invoice.
The Amazon Services Team
 Monsieur/Madame Shen zhen shi wei hai zhong xin ke ji you xian,
Nous vous écrivons pour vous informer que votre Facture Expédié Par Amazon pour le mois de 5/2026 est maintenant disponible dans votre compte Seller Central.
Pour accéder à votre facture, rendez-vous sur votre compte Seller Central et veuillez accéder à la page Rapports > Bibliothèque d'informations fiscales > Factures des frais du vendeur.
Dans votre compte Seller Central, vous pourrez afficher, télécharger ou imprimer votre facture.
Pour toute question, contactez le Support Vendeur.
Cordialement,
Amazon.ca
 Report an issue with this email
 If you have any questions visit: Seller Central
 To change your email preferences visit: Notification Preferences
 We hope you found this message to be useful. However, if you'd ",2026-07-05 22:53:33,RETR,xtbBpB5nTWooLt5LugAA3T
法务/侵权类,older,account_4,weihaizhongxin2024@126.com,"Tue, 9 Jun 2026 01:50:24 +0000",Aviseringar från Amazon Seller Central (svara inte) <donotreply@amazon.com>,Statusuppdatering för farligt gods,,"96
 Statusuppdatering för farligt gods
 Statusuppdatering för farligt gods
 Hej från Fraktas från Amazon,
 Vi genomför för närvarande en granskning av farligt gods för en eller flera av dina produkter:
 DG-DOKUMENTATION SOM ÄR MOTSTRIDIG ELLER SAKNAS
 ASIN
 Säljar-SKU
 Leveransnätverks-SKU
 Titel
 B0GKPTF1T7
 WHMKB0615
 X002C14QJT
 Roaxkois Keramiskt målningsset | Koppmålningsset innehåller koppar, borstar, färger och instruktioner för målning | keramik-set för hemmet | pysselset för vuxna
 Därför händer detta
 Vi har inte tillräckligt med information för att korrekt kunna klassificera ovanstående produkter beträffande farligt gods, och innan du tillhandahåller den nödvändiga informationen är produkterna inte tillgängliga för försäljning och du kan inte skicka fler enheter till Amazons distributionscentra. Vi ber dig tillhandahålla ett korrekt säkerhetsdatablad för varje produkt som listas ovan. Du får endast lämna in ett Undantag / Exemption sheet om produkten inte har ett säkerhetsdatablad och inte innehåller några skadliga kemikalier, t.ex. alkohol, syra, natrium etc., eller om produkten är, innehåller eller säljs med batterier.
 Gör så här för att fortsätta sälja de här produkt",2026-07-05 22:53:31,RETR,xtbBpATZv2oncWTQWgAA3U
法务/侵权类,older,account_4,weihaizhongxin2024@126.com,"Tue, 9 Jun 2026 01:16:55 +0000",Notificaciones de Seller Central (sin buzón electrónico) <donotreply@amazon.com>,Actualización de estado de mercancías peligrosas,,"96
 Actualización de estado de mercancías peligrosas
 Actualización de estado de mercancías peligrosas
 Estimado vendedor:
 Estamos llevando a cabo una revisión de mercancías peligrosas sobre uno o varios de tus productos:
 FALTA DOCUMENTACIÓN DE MERCANCÍAS PELIGROSAS O ES CONTRADICTORIA
 ASIN
 SKU del vendedor
 FNSKU
 Título
 B0GKPTF1T7
 WHMKB0615
 X002C14QJT
 Juego de pintura de cerámica, juego de tazas para pintar, incluye tazas, pinceles, pinturas e instrucciones para pintar, juego de alfarería para el hogar, kit de manualidades para adultos (Ondulado)
 ¿A qué se debe esto?
 No podemos clasificar correctamente los productos mencionados debido a que no tenemos suficiente información sobre las mercancías peligrosas. Ten en cuenta que, hasta que proporciones toda la información necesaria, los productos no estarán disponibles para la venta y no podrás continuar enviando unidades a los centros logísticos de Amazon. Tienes que proporcionar la ficha de datos de seguridad (FDS) de cada producto mencionado. Sólo puedes enviar una ficha de exención si el producto no tiene una FDS y no contiene productos químicos nocivos como alcohol, ácido, sodio, etc., o si el producto es una batería o ",2026-07-05 22:53:30,RETR,xtbBpAvgxmonaYtm5QAA3l
法务/侵权类,older,account_4,weihaizhongxin2024@126.com,"Tue, 9 Jun 2026 01:10:30 +0000","""Powiadomienia z Amazon Seller Central (nie odpowiadaj)"" <donotreply@amazon.com>",Status materiałów niebezpiecznych (hazmat),,"96
 Status materiałów niebezpiecznych (hazmat)
 Status materiałów niebezpiecznych (hazmat)
 Witamy w Fulfillment by Amazon
 Obecnie przeprowadzamy przegląd materiałów niebezpiecznych (hazmat) jednego produktu lub większej liczby produktów:
 SPRZECZNA LUB BRAKUJĄCA DOKUMENTACJA DG
 ASIN
 SKU sprzedawcy
 SKU sieci logistycznej
 Tytuł
 B0GKPTF1T7
 WHMKB0615
 X002C14QJT
 Roaxkois Zestaw do malowania na ceramice | Zestaw do malowania filiżanek zawiera filiżanki, pędzle, farby i instrukcję malowania | Zestaw do rzemiosła dla domu | Zestaw do rękodzieła dla dorosłych
 Jaka jest tego przyczyna
 Nie mamy wystarczającej ilości informacji o materiałach niebezpiecznych, aby prawidłowo sklasyfikować ww. produkty; dopóki nie dostarczysz niezbędnych informacji, produkty nie będą dostępne do sprzedaży i nie będziesz mógł wysłać więcej jednostek do centrów logistycznych Amazon. Musisz dostarczyć odpowiednią kartę charakterystyki dla każdego ww. produktu. Arkusz zwolnienia z obowiązku dostarczenia karty charakterystyki można złożyć tylko wtedy, kiedy produkt nie posiada szkodliwych substancji chemicznych, takich jak alkohol, kwas, sód itp., lub jeśli produkt jest bateriami, zawiera je lub jest sprze",2026-07-05 22:53:30,RETR,xtbBpAqAZmonaApTUQAA3l
法务/侵权类,older,account_4,weihaizhongxin2024@126.com,"Tue, 9 Jun 2026 01:05:17 +0000","""Notifiche di Amazon Seller Central (non rispondere)"" <donotreply@amazon.com>",Aggiornamento dello stato delle merci pericolose,,"96
 Aggiornamento dello stato delle merci pericolose
 Aggiornamento dello stato delle merci pericolose
 Buongiorno da Logistica di Amazon.
 Al momento stiamo effettuando una revisione delle merci pericolose di uno o più dei suoi prodotti:
 DOCUMENTAZIONE MERCI PERICOLOSE DISCORDANTE O MANCANTE
 ASIN
 SKU venditore
 FNSKU
 Titolo
 B0GKPTF1T7
 WHMKB0615
 X002C14QJT
 Roaxkois Set di pittura in ceramica | Set di tazze da pittura include tazze, pennelli, colori e istruzioni per dipingere, set di ceramiche per la casa, set fai da te per adulti (Ondulato)
 Qual è il problema?
 Non disponiamo di informazioni sufficienti sulle merci pericolose per classificare correttamente i prodotti di cui sopra. Inoltre, finché non fornisci le informazioni necessarie, i prodotti non saranno disponibili per la vendita e non potrai inviare più unità ai centri logistici Amazon. Dovrai fornire una corretta scheda di sicurezza (SDS) per ogni prodotto sopra elencato. È possibile presentare una scheda di esenzione solo se il prodotto non dispone di una scheda di sicurezza e non contiene sostanze chimiche nocive, come alcol, acido, sodio e così via, o se il prodotto è, contiene o viene venduto con batterie.
 Cos",2026-07-05 22:53:29,RETR,xtbBsxAyGGonZtCyVgAA3W
法务/侵权类,older,account_4,weihaizhongxin2024@126.com,"Tue, 9 Jun 2026 01:05:00 +0000","""Amazon Seller Central-meldingen (niet beantwoorden)"" <donotreply@amazon.com>",Update van status gevaarlijke goederen,,"96
 Update van status gevaarlijke goederen
 Update van status gevaarlijke goederen
 Hallo van het Fulfillment by Amazon-team,
 Momenteel beoordelen we een of meer van jouw producten op eigenschappen van gevaarlijke goederen:
 CONFLICTERENDE OF ONTBREKENDE DOCUMENTATIE VAN GEVAARLIJKE GOEDEREN
 ASIN
 Verkoper-SKU
 FNSKU
 Titel
 B0GKPTF1T7
 WHMKB0615
 X002C14QJT
 Roaxkois Keramische beschilderset, mokken, bevat kopjes, penselen, kleuren en handleiding voor het schilderen, pottenbakkersset voor thuis, knutselset voor volwassenen
 Waarom dit gebeurt
 We hebben niet genoeg informatie over gevaarlijke goederen om bovenstaande producten correct te classificeren. Totdat je de nodige informatie verstrekt zijn de producten niet beschikbaar voor verkoop en kun je geen eenheden meer naar Amazon Fulfillment Centers sturen. Je moet voor elk hierboven vermeld product een correct veiligheidsinformatieblad (VIB) verstrekken. Je kunt alleen een vrijstellingsformulier indienen als het product geen SDS heeft en geen schadelijke chemische stoffen bevat, zoals alcohol, zuur, natrium enzovoort, of als het gaat om batterijen, of producten die een batterij bevatten of ermee worden verkocht.
 Doorgaan met h",2026-07-05 22:53:28,RETR,xtbBpAAuFGonZsBBOgAA3O
法务/侵权类,older,account_4,weihaizhongxin2024@126.com,"Sun, 7 Jun 2026 19:32:37 +0000",Amazon Seller Central <donotreply@amazon.com>,Your Amazon.ae Merchant Invoice for 5/2026,,"Your Amazon.ae Merchant Invoice for 5/2026
 96
Hello,
We are writing to inform you that your electronic Merchant Invoice for the month of 5/2026 is now available in your Seller Central Account.
To access your invoice, go to your Tax Document Library . In your Tax Document Library, you will be able to view, download or print your invoice.
The Amazon Services Team
 عزيزي Shen zhen shi wei hai zhong xin ke ji you xian،
نراسلك لإبلاغك بأن فاتورة ضريبة القيمة المضافة (VAT) الخاصة بالتاجر الخاص بك لشهر 5/2026 متاح الآن في حساب Seller Central الخاص بك.
للوصول إلى فاتورة الخاص بك، انتقل إلى حساب Seller Central الخاص بك > التقارير > مكتبة المستندات الضريبية > فواتير ضريبة رسم البائع.
في حساب Seller Central الخاص بك، ستتمكن من عرض {documentType}$ الخاص بك أو تنزيله أو طباعته.
إذا كانت لديك أي أسئلة، فالمرجو التواصل مع دعم البائع.
 مع أطيب التحيات،
Amazon.ae
 Report an issue with this email
 If you have any questions visit: Seller Central
 To change your email preferences visit: Notification Preferences
 We hope you found this message to be useful. However, if you'd rather not receive future e-mails of this sort from Amazon.com, please opt-out here.
 Copyright 2026 Amazon, Inc, or its affilia",2026-07-05 22:53:22,RETR,xtbBshnr0Wolx1kqAgAA3o
法务/侵权类,older,account_4,weihaizhongxin2024@126.com,"Sun, 7 Jun 2026 08:39:32 +0000",Amazon Seller Central <donotreply@amazon.com>,Your Amazon.de Rechnungskorrektur Versand durch Amazon for 5/2026,,"Your Amazon.de Rechnungskorrektur Versand durch Amazon for 5/2026
 96
Guten Tag Shen zhen shi wei hai zhong xin ke ji you xian!
Wir möchten Sie darüber informieren, dass Ihr elektronisches Dokument Rechnungskorrektur Versand durch Amazon für 5.2026 ab sofort in Ihrem Seller Central-Konto verfügbar ist.
Navigieren Sie in Ihrem Seller Central-Konto zu Berichte > Steuerdokumente > Rechnungen über Verkaufsgebühren, um auf Ihr Dokument (Rechnungskorrektur) zuzugreifen.
In Ihrem Seller Central-Konto können Sie Ihr Dokument (Rechnungskorrektur) anzeigen, herunterladen oder ausdrucken.
Wenden Sie sich bei weiteren Fragen bitte an die Verkäuferhilfe.
Freundliche Grüße,
Amazon.de
 Ein Problem mit dieser E-Mail melden
 Bei Fragen besuchen Sie: Seller Central
 Zum Ändern Ihrer E-Mail-Einstellungen, gehen Sie zu: Benachrichtigungseinstellungen
 Wir hoffen, diese Nachricht ist hilfreich für Sie. Falls Sie allerdings in Zukunft keine E-Mails dieser Art von Amazon.de erhalten möchten, melden Sie sich bitte ab.
 Copyright 2026 Amazon Inc. oder Tochtergesellschaften. Alle Rechte vorbehalten.
 Amazon EU S.à r.l.
38 avenue John F. Kennedy,
L-1855 Luxemburg,
Handelsregisternummer Luxemburg: B-101818,
 ",2026-07-05 22:53:20,RETR,xtbBsgeAZmolLkeppQAA35
法务/侵权类,older,account_4,weihaizhongxin2024@126.com,"Sun, 7 Jun 2026 07:48:24 +0000",Amazon Seller Central <donotreply@amazon.com>,Your Amazon.es Factura Logística de Amazon for 5/2026,,"Your Amazon.es Factura Logística de Amazon for 5/2026
 96
Hola, Shen zhen shi wei hai zhong xin ke ji you xian:
Te escribimos para comunicarte que tu Factura Logística de Amazon del mes de 5/2026 ya está disponible en tu cuenta de Seller Central.
Para acceder a la nota de crédito, ve a Seller Central > Informes > Biblioteca de documentos fiscales > Facturas de tarifas aplicables al vendedor.
Allí podrás ver, descargar o imprimir tu nota de crédito.
Para consultas, contacta con atención al vendedor.
Atentamente,
Amazon.es
 Informar de un problema con este correo electrónico
 Si tienes alguna pregunta, visita: Seller Central
 Para cambiar sus preferencias de correo electrónico visitan: Preferencias de Notificación
 Esperamos que este mensaje te haya parecido útil. Sin embargo, si prefieres no recibir correos electrónicos de Amazon.es de este tipo en el futuro, haz clic aquí.
 Copyright 2026 Amazon.com.mx, Inc. o sus afiliados. Todos los derechos reservados.
 Amazon EU S.à r.l.
38 avenue John F. Kennedy,
L-1855 Luxemburgo,
Número de Registro en Luxemburgo: No. B-101818,
Capital Social 165.833 EUR,
Número de licencia de actividad: 134248,
Nº de Registro IVA en Luxemburgo: LU 20260743.
",2026-07-05 22:53:20,RETR,xtbBpQp+ZGolIkpOXgAA3C
法务/侵权类,older,account_4,weihaizhongxin2024@126.com,"Sun, 7 Jun 2026 06:51:17 +0000",Amazon Seller Central <donotreply@amazon.com>,Your Amazon.se Kreditnota Säljare for 5/2026,,"Your Amazon.se Kreditnota Säljare for 5/2026
 96
Hej Shen zhen shi wei hai zhong xin ke ji you xian!
Vi skriver för att informera dig om att din elektroniska Kreditnota Säljare för månaden 5/2026 nu finns tillgänglig på ditt Seller Central-konto.
För att komma åt ditt kreditnotagår du till ditt Seller Central-konto > Rapporter > Bibliotek för skattedokument > Skattefakturor för säljaravgifter.
På ditt Seller Central-konto kan du se, ladda ner eller skriva ut ditt kreditnota.
Om du har några frågor, kontakta säljarsupport.
Vänliga hälsningar,
Amazon.se
 Rapportera ett problem med detta e-post
 Om du har några frågor besök: Seller Central
 För att ändra dina e-postinställningar, besök: Inställningar för meddelanden
 Vi hoppas att du tyckte att det här meddelandet var användbart. Om du föredrar att inte få framtida e-postmeddelanden av detta slag från Amazon.com, välj bort det här.
 Upphovsrätt 2026 Amazon, Inc, eller dess dotterbolag. Alla rättigheter förbehållna.
 Amazon EU S.à r.l.
38 avenue John F. Kennedy
L-1855 Luxemburg
Registrerat i Luxemburg No. B-101818
Aktiekapital 165 833 EUR
Företagets registreringsnummer: 134248
Momsregistrering för Luxemburg LU 20260743.
 SPC-EUAmazon-1",2026-07-05 22:53:19,RETR,xtbBsggjCWolFOgM3QAA3y
法务/侵权类,older,account_4,weihaizhongxin2024@126.com,"Sun, 7 Jun 2026 06:47:21 +0000",Amazon Seller Central <donotreply@amazon.com>,Your Amazon.com.be Creditnota Verkoper for 5/2026,,"Your Amazon.com.be Creditnota Verkoper for 5/2026
 96
Beste Shen zhen shi wei hai zhong xin ke ji you xian,
We sturen je dit bericht om je te laten weten dat je elektronische Creditnota Verkoper voor de maand 5 2026 nu beschikbaar is in je Seller Central-account.
Als je toegang wilt krijgen tot je creditnota, ga je naar je Seller Central-account > Overzichten > Bibliotheek met belastingdocumenten > Belastingfacturen voor kosten verkoper.
In je Seller Central-account kun je je creditnota bekijken, downloaden of afdrukken.
Als je nog vragen hebt, kun je contact opnemen met de Ondersteuning voor verkopers.
Met vriendelijke groeten,
Amazon.com.be
 Monsieur/Madame Shen zhen shi wei hai zhong xin ke ji you xian,
Nous vous écrivons pour vous informer que votre Avoir Vendeur pour le mois de 5/2026 est maintenant disponible dans votre compte Seller Central.
Pour accéder à votre avoir, rendez-vous sur votre compte Seller Central et veuillez accéder à la page Rapports > Bibliothèque d'informations fiscales > Factures des frais du vendeur.
Dans votre compte Seller Central, vous pourrez afficher, télécharger ou imprimer votre avoir.
Pour toute question, contactez le Support Vendeur.
Cordialemen",2026-07-05 22:53:19,RETR,xtbBsh3nzWolE-0HdQAA3W
法务/侵权类,older,account_4,weihaizhongxin2024@126.com,"Sun, 7 Jun 2026 06:42:19 +0000",Amazon Seller Central <donotreply@amazon.com>,Your Amazon.es Nota de Crédito Vendedor for 5/2026,,"Your Amazon.es Nota de Crédito Vendedor for 5/2026
 96
Hola, Shen zhen shi wei hai zhong xin ke ji you xian:
Te escribimos para comunicarte que tu Nota de Crédito Vendedor del mes de 5/2026 ya está disponible en tu cuenta de Seller Central.
Para acceder a la nota de crédito, ve a Seller Central > Informes > Biblioteca de documentos fiscales > Facturas de tarifas aplicables al vendedor.
Allí podrás ver, descargar o imprimir tu nota de crédito.
Para consultas, contacta con atención al vendedor.
Atentamente,
Amazon.es
 Informar de un problema con este correo electrónico
 Si tienes alguna pregunta, visita: Seller Central
 Para cambiar sus preferencias de correo electrónico visitan: Preferencias de Notificación
 Esperamos que este mensaje te haya parecido útil. Sin embargo, si prefieres no recibir correos electrónicos de Amazon.es de este tipo en el futuro, haz clic aquí.
 Copyright 2026 Amazon.com.mx, Inc. o sus afiliados. Todos los derechos reservados.
 Amazon EU S.à r.l.
38 avenue John F. Kennedy,
L-1855 Luxemburgo,
Número de Registro en Luxemburgo: No. B-101818,
Capital Social 165.833 EUR,
Número de licencia de actividad: 134248,
Nº de Registro IVA en Luxemburgo: LU 20260743.
 SPC-E",2026-07-05 22:53:18,RETR,xtbBsg+bgWolEs8ADgAA37
法务/侵权类,older,account_4,weihaizhongxin2024@126.com,"Sun, 7 Jun 2026 06:15:01 +0000",Amazon Seller Central <donotreply@amazon.com>,Your Amazon.de Rechnungskorrektur Verkäufer for 5/2026,,"Your Amazon.de Rechnungskorrektur Verkäufer for 5/2026
 96
Guten Tag Shen zhen shi wei hai zhong xin ke ji you xian!
Wir möchten Sie darüber informieren, dass Ihr elektronisches Dokument Rechnungskorrektur Verkäufer für 5.2026 ab sofort in Ihrem Seller Central-Konto verfügbar ist.
Navigieren Sie in Ihrem Seller Central-Konto zu Berichte > Steuerdokumente > Rechnungen über Verkaufsgebühren, um auf Ihr Dokument (Rechnungskorrektur) zuzugreifen.
In Ihrem Seller Central-Konto können Sie Ihr Dokument (Rechnungskorrektur) anzeigen, herunterladen oder ausdrucken.
Wenden Sie sich bei weiteren Fragen bitte an die Verkäuferhilfe.
Freundliche Grüße,
Amazon.de
 Ein Problem mit dieser E-Mail melden
 Bei Fragen besuchen Sie: Seller Central
 Zum Ändern Ihrer E-Mail-Einstellungen, gehen Sie zu: Benachrichtigungseinstellungen
 Wir hoffen, diese Nachricht ist hilfreich für Sie. Falls Sie allerdings in Zukunft keine E-Mails dieser Art von Amazon.de erhalten möchten, melden Sie sich bitte ab.
 Copyright 2026 Amazon Inc. oder Tochtergesellschaften. Alle Rechte vorbehalten.
 Amazon EU S.à r.l.
38 avenue John F. Kennedy,
L-1855 Luxemburg,
Handelsregisternummer Luxemburg: B-101818,
 Gesellschaftskapital: ",2026-07-05 22:53:17,RETR,xtbBpQgB5molDGjHZgAA3A
法务/侵权类,older,account_4,weihaizhongxin2024@126.com,"Sun, 7 Jun 2026 06:12:39 +0000",Amazon Seller Central <donotreply@amazon.com>,Your Amazon.pl Faktura Korygująca Sprzedawcy for 5/2026,,"Your Amazon.pl Faktura Korygująca Sprzedawcy for 5/2026
 96
Cześć Shen zhen shi wei hai zhong xin ke ji you xian,
Pragniemy poinformować, że ten elektroniczny dokument jest już dostępny na Twoim koncie Seller Central: Faktura Korygująca Sprzedawcy za miesiąc 5 i rok 2026.
Aby uzyskać dostęp do tego dokumentu typu faktura korygująca, przejdź na konto Seller Central > Raporty > Dokumenty podatkowe > Faktury podatkowe z tytułu opłat od sprzedawcy.
Na koncie Seller Central możesz wyświetlić, pobrać i wydrukować taki dokument (faktura korygująca).
Jeśli masz jakieś pytania, skontaktuj się z działem pomocy dla sprzedawców.
Pozdrawiamy,
Amazon.pl
 Zgłoś problem z tym e-mailem
 Jeśli masz pytania, odwiedź stronę: Seller Central
 Aby zmienić preferencje poczty e-mail, odwiedź: Preferencje powiadomień
 Mamy nadzieję, że ta wiadomość jest pomocna. Jeśli jednak wolisz nie otrzymywać przyszłych wiadomości e-mail tego typu z witryny Amazon.com, zrezygnuj z tej opcji tutaj.
 Prawa autorskie 2026 Amazon, Inc. lub jej podmioty stowarzyszone. Wszelkie prawa zastrzeżone.
 Amazon EU S.a.r.l.
38 avenue John F. Kennedy
L-1855 Luksemburg,
spółka zarejestrowana w Luksemburgu pod nr. B-101818,
kapitał zakł",2026-07-05 22:53:17,RETR,xtbBsxjcwmolC9jUIgAA3f
法务/侵权类,older,account_4,weihaizhongxin2024@126.com,"Sun, 7 Jun 2026 05:57:10 +0000",Amazon Seller Central <donotreply@amazon.com>,Your Amazon.co.uk Merchant Credit Note for 5/2026,,"Your Amazon.co.uk Merchant Credit Note for 5/2026
 96
Hello,
We are writing to inform you that your electronic Merchant Credit Note for the month of 5/2026 is now available in your Seller Central Account.
To access your invoice, go to your Tax Document Library . In your Tax Document Library, you will be able to view, download or print your invoice.
The Amazon Services Team
 Report an issue with this email
 If you have any questions visit: Seller Central
 To change your email preferences visit: Notification Preferences
 We hope you found this message to be useful. However, if you'd rather not receive future e-mails of this sort from Amazon.com, please opt-out here.
 Copyright 2026 Amazon, Inc, or its affiliates. All rights reserved.
 Amazon.com, 410 Terry Avenue North, Seattle, WA 98109-5210
 SPC-EUAmazon-316661008453204",2026-07-05 22:53:17,RETR,xtbBpRrz2WolCDqsEwAA3X
法务/侵权类,older,account_4,weihaizhongxin2024@126.com,"Sun, 7 Jun 2026 05:54:32 +0000",Amazon Seller Central <donotreply@amazon.com>,Your Amazon.nl Creditnota Verkoper for 5/2026,,"Your Amazon.nl Creditnota Verkoper for 5/2026
 96
Beste Shen zhen shi wei hai zhong xin ke ji you xian,
We sturen je dit bericht om je te laten weten dat je elektronische Creditnota Verkoper voor de maand 5 2026 nu beschikbaar is in je Seller Central-account.
Als je toegang wilt krijgen tot je creditnota, ga je naar je Seller Central-account > Overzichten > Bibliotheek met belastingdocumenten > Belastingfacturen voor kosten verkoper.
In je Seller Central-account kun je je creditnota bekijken, downloaden of afdrukken.
Als je nog vragen hebt, kun je contact opnemen met de Ondersteuning voor verkopers.
Met vriendelijke groeten,
Amazon.nl
 Rapporteer een probleem met deze e-mail
 Als je vragen hebt, ga je naar: Seller Central
 Om je e-mailvoorkeuren te wijzigen, ga je naar: Voorkeuren voor meldingen
 We hopen dat je iets aan dit bericht hebt gehad. Als je in de toekomst echter liever niet meer van dit soort e-mails van Amazon.com wilt ontvangen, kun je je afmelden hier.
 Auteursrecht (copyright) 2026 Amazon, Inc. of haar dochterondernemingen. Alle rechten voorbehouden.
 Amazon Services Europe S.à r.l.
38 avenue John F. Kennedy
L-1855 Luxemburg
Geregistreerd in Luxemburg
RCS Luxemburg N",2026-07-05 22:53:17,RETR,xtbBpBzMsmolB5ymswAA3H
法务/侵权类,older,account_4,weihaizhongxin2024@126.com,"Sun, 7 Jun 2026 05:42:06 +0000",Amazon Seller Central <donotreply@amazon.com>,Your Amazon.nl Creditnota Fulfillment by Amazon for 5/2026,,"Your Amazon.nl Creditnota Fulfillment by Amazon for 5/2026
 96
Beste Shen zhen shi wei hai zhong xin ke ji you xian,
We sturen je dit bericht om je te laten weten dat je elektronische Creditnota Fulfillment by Amazon voor de maand 5 2026 nu beschikbaar is in je Seller Central-account.
Als je toegang wilt krijgen tot je creditnota, ga je naar je Seller Central-account > Overzichten > Bibliotheek met belastingdocumenten > Belastingfacturen voor kosten verkoper.
In je Seller Central-account kun je je creditnota bekijken, downloaden of afdrukken.
Als je nog vragen hebt, kun je contact opnemen met de Ondersteuning voor verkopers.
Met vriendelijke groeten,
Amazon.nl
 Rapporteer een probleem met deze e-mail
 Als je vragen hebt, ga je naar: Seller Central
 Om je e-mailvoorkeuren te wijzigen, ga je naar: Voorkeuren voor meldingen
 We hopen dat je iets aan dit bericht hebt gehad. Als je in de toekomst echter liever niet meer van dit soort e-mails van Amazon.com wilt ontvangen, kun je je afmelden hier.
 Auteursrecht (copyright) 2026 Amazon, Inc. of haar dochterondernemingen. Alle rechten voorbehouden.
 Amazon Services Europe S.à r.l.
38 avenue John F. Kennedy
L-1855 Luxemburg
Geregistreerd in",2026-07-05 22:53:16,RETR,xtbBpRIR9molBLKV0QAA3t
法务/侵权类,older,account_4,weihaizhongxin2024@126.com,"Sat, 6 Jun 2026 13:21:59 +0000",Amazon Services <donotreply@amazon.com>,Pagamento elaborato con successo,,"96
This title will display on mobile devices
 Congratulazioni. Il pagamento è stato elaborato con successo e ti sarà accreditato a breve.
 Tentativo di pagamento
Congratulazioni Weihai EU! Il pagamento è stato elaborato con successo e ti sarà accreditato nel giro di da tre a cinque giorni.
In data 06/06/26 13:21 CEST, abbiamo avviato un trasferimento sul tuo metodo di pagamento (conto bancario che termina con 229) dell’importo di €
 283,05.
 Se l’importo è inferiore a quanto atteso, tieni in considerazione le seguenti domande:
 Hai un saldo non disponibile? Amazon potrebbe trattenere una certa somma per coprire i costi di eventuali resi, reclami o contestazioni di una transazione (chargeback) da parte degli acquirenti. In questo caso, il saldo finale nel tuo report sui pagamenti mostrerà il saldo non disponibile corrispondente alla cifra trattenuta.
 Le tue vendite coprono tutte le commissioni e i resi per questo ciclo di fatturazione? L’importo del pagamento rispecchia le attività di vendita, le commissioni di vendita e le tariffe per promozioni o servizi. Ti consigliamo di rivedere il report sui pagamenti nella scheda Report di Seller Central per comprendere le diverse spese che ",2026-07-05 22:53:15,RETR,xtbBsxppT2okHvr65wAA34
法务/侵权类,older,account_4,weihaizhongxin2024@126.com,"Sat, 6 Jun 2026 13:01:19 +0000",Amazon Seller Central <donotreply@amazon.com>,Your Amazon.co.uk Fulfillment by Amazon Merchant Invoice for 5/2026,,"Your Amazon.co.uk Fulfillment by Amazon Merchant Invoice for 5/2026
 96
Hello,
We are writing to inform you that your electronic Fulfillment by Amazon Merchant Invoice for the month of 5/2026 is now available in your Seller Central Account.
To access your invoice, go to your Tax Document Library . In your Tax Document Library, you will be able to view, download or print your invoice.
The Amazon Services Team
 Report an issue with this email
 If you have any questions visit: Seller Central
 To change your email preferences visit: Notification Preferences
 We hope you found this message to be useful. However, if you'd rather not receive future e-mails of this sort from Amazon.com, please opt-out here.
 Copyright 2026 Amazon, Inc, or its affiliates. All rights reserved.
 Amazon.com, 410 Terry Avenue North, Seattle, WA 98109-5210
 SPC-EUAmazon-844426590609525",2026-07-05 22:53:14,RETR,xtbBpQMyGGokGiMq+wAA3q
法务/侵权类,older,account_4,weihaizhongxin2024@126.com,"Sat, 6 Jun 2026 12:36:48 +0000",Amazon Seller Central <donotreply@amazon.com>,Your Amazon.se Faktura Fraktas Av Amazon for 5/2026,,"Your Amazon.se Faktura Fraktas Av Amazon for 5/2026
 96
Hej Shen zhen shi wei hai zhong xin ke ji you xian!
Vi skriver för att informera dig om att din elektroniska Faktura Fraktas Av Amazon för månaden 5/2026 nu finns tillgänglig på ditt Seller Central-konto.
För att komma åt ditt fakturagår du till ditt Seller Central-konto > Rapporter > Bibliotek för skattedokument > Skattefakturor för säljaravgifter.
På ditt Seller Central-konto kan du se, ladda ner eller skriva ut ditt faktura.
Om du har några frågor, kontakta säljarsupport.
Vänliga hälsningar,
Amazon.se
 Rapportera ett problem med detta e-post
 Om du har några frågor besök: Seller Central
 För att ändra dina e-postinställningar, besök: Inställningar för meddelanden
 Vi hoppas att du tyckte att det här meddelandet var användbart. Om du föredrar att inte få framtida e-postmeddelanden av detta slag från Amazon.com, välj bort det här.
 Upphovsrätt 2026 Amazon, Inc, eller dess dotterbolag. Alla rättigheter förbehållna.
 Amazon EU S.à r.l.
38 avenue John F. Kennedy
L-1855 Luxemburg
Registrerat i Luxemburg No. B-101818
Aktiekapital 165 833 EUR
Företagets registreringsnummer: 134248
Momsregistrering för Luxemburg LU 20260743.
 SPC-EU",2026-07-05 22:53:13,RETR,xtbBpQTBp2okFGQD0wAA3p
法务/侵权类,older,account_4,weihaizhongxin2024@126.com,"Sat, 6 Jun 2026 12:31:12 +0000",Amazon Seller Central <donotreply@amazon.com>,Your Amazon.es Factura Logística de Amazon for 5/2026,,"Your Amazon.es Factura Logística de Amazon for 5/2026
 96
Hola, Shen zhen shi wei hai zhong xin ke ji you xian:
Te escribimos para comunicarte que tu Factura Logística de Amazon del mes de 5/2026 ya está disponible en tu cuenta de Seller Central.
Para acceder a la factura, ve a Seller Central > Informes > Biblioteca de documentos fiscales > Facturas de tarifas aplicables al vendedor.
Allí podrás ver, descargar o imprimir tu factura.
Para consultas, contacta con atención al vendedor.
Atentamente,
Amazon.es
 Informar de un problema con este correo electrónico
 Si tienes alguna pregunta, visita: Seller Central
 Para cambiar sus preferencias de correo electrónico visitan: Preferencias de Notificación
 Esperamos que este mensaje te haya parecido útil. Sin embargo, si prefieres no recibir correos electrónicos de Amazon.es de este tipo en el futuro, haz clic aquí.
 Copyright 2026 Amazon.com.mx, Inc. o sus afiliados. Todos los derechos reservados.
 Amazon EU S.à r.l.
38 avenue John F. Kennedy,
L-1855 Luxemburgo,
Número de Registro en Luxemburgo: No. B-101818,
Capital Social 165.833 EUR,
Número de licencia de actividad: 134248,
Nº de Registro IVA en Luxemburgo: LU 20260743.
 SPC-EUAmazon-10",2026-07-05 22:53:13,RETR,xtbBshRtU2okExQUagAA3v
法务/侵权类,older,account_4,weihaizhongxin2024@126.com,"Sat, 6 Jun 2026 11:43:20 +0000",Amazon Seller Central <donotreply@amazon.com>,Your Amazon.de Rechnung Versand durch Amazon for 5/2026,,"Your Amazon.de Rechnung Versand durch Amazon for 5/2026
 96
Guten Tag Shen zhen shi wei hai zhong xin ke ji you xian!
Wir möchten Sie darüber informieren, dass Ihr elektronisches Dokument Rechnung Versand durch Amazon für 5.2026 ab sofort in Ihrem Seller Central-Konto verfügbar ist.
Navigieren Sie in Ihrem Seller Central-Konto zu Berichte > Steuerdokumente > Rechnungen über Verkaufsgebühren, um auf Ihr Dokument (Rechnung) zuzugreifen.
In Ihrem Seller Central-Konto können Sie Ihr Dokument (Rechnung) anzeigen, herunterladen oder ausdrucken.
Wenden Sie sich bei weiteren Fragen bitte an die Verkäuferhilfe.
Freundliche Grüße,
Amazon.de
 Ein Problem mit dieser E-Mail melden
 Bei Fragen besuchen Sie: Seller Central
 Zum Ändern Ihrer E-Mail-Einstellungen, gehen Sie zu: Benachrichtigungseinstellungen
 Wir hoffen, diese Nachricht ist hilfreich für Sie. Falls Sie allerdings in Zukunft keine E-Mails dieser Art von Amazon.de erhalten möchten, melden Sie sich bitte ab.
 Copyright 2026 Amazon Inc. oder Tochtergesellschaften. Alle Rechte vorbehalten.
 Amazon EU S.à r.l.
38 avenue John F. Kennedy,
L-1855 Luxemburg,
Handelsregisternummer Luxemburg: B-101818,
 Gesellschaftskapital: 165.833 EUR,
Gewer",2026-07-05 22:53:13,RETR,xtbBsxubgWokB9tjDAAA3P
法务/侵权类,older,account_4,weihaizhongxin2024@126.com,"Sat, 6 Jun 2026 11:38:16 +0000",Amazon Seller Central <donotreply@amazon.com>,Your Amazon.de Rechnung Versand durch Amazon for 5/2026,,"Your Amazon.de Rechnung Versand durch Amazon for 5/2026
 96
Guten Tag Shen zhen shi wei hai zhong xin ke ji you xian!
Wir möchten Sie darüber informieren, dass Ihr elektronisches Dokument Rechnung Versand durch Amazon für 5.2026 ab sofort in Ihrem Seller Central-Konto verfügbar ist.
Navigieren Sie in Ihrem Seller Central-Konto zu Berichte > Steuerdokumente > Rechnungen über Verkaufsgebühren, um auf Ihr Dokument (Rechnung) zuzugreifen.
In Ihrem Seller Central-Konto können Sie Ihr Dokument (Rechnung) anzeigen, herunterladen oder ausdrucken.
Wenden Sie sich bei weiteren Fragen bitte an die Verkäuferhilfe.
Freundliche Grüße,
Amazon.de
 Ein Problem mit dieser E-Mail melden
 Bei Fragen besuchen Sie: Seller Central
 Zum Ändern Ihrer E-Mail-Einstellungen, gehen Sie zu: Benachrichtigungseinstellungen
 Wir hoffen, diese Nachricht ist hilfreich für Sie. Falls Sie allerdings in Zukunft keine E-Mails dieser Art von Amazon.de erhalten möchten, melden Sie sich bitte ab.
 Copyright 2026 Amazon Inc. oder Tochtergesellschaften. Alle Rechte vorbehalten.
 Amazon EU S.à r.l.
38 avenue John F. Kennedy,
L-1855 Luxemburg,
Handelsregisternummer Luxemburg: B-101818,
 Gesellschaftskapital: 165.833 EUR,
Gewer",2026-07-05 22:53:12,RETR,xtbBpQtPNWokBqu6zwAA3C
法务/侵权类,older,account_4,weihaizhongxin2024@126.com,"Sat, 6 Jun 2026 11:25:17 +0000",Amazon Seller Central <donotreply@amazon.com>,Your Amazon.se Faktura Fraktas Av Amazon for 5/2026,,"Your Amazon.se Faktura Fraktas Av Amazon for 5/2026
 96
Hej Shen zhen shi wei hai zhong xin ke ji you xian!
Vi skriver för att informera dig om att din elektroniska Faktura Fraktas Av Amazon för månaden 5/2026 nu finns tillgänglig på ditt Seller Central-konto.
För att komma åt ditt fakturagår du till ditt Seller Central-konto > Rapporter > Bibliotek för skattedokument > Skattefakturor för säljaravgifter.
På ditt Seller Central-konto kan du se, ladda ner eller skriva ut ditt faktura.
Om du har några frågor, kontakta säljarsupport.
Vänliga hälsningar,
Amazon.se
 Rapportera ett problem med detta e-post
 Om du har några frågor besök: Seller Central
 För att ändra dina e-postinställningar, besök: Inställningar för meddelanden
 Vi hoppas att du tyckte att det här meddelandet var användbart. Om du föredrar att inte få framtida e-postmeddelanden av detta slag från Amazon.com, välj bort det här.
 Upphovsrätt 2026 Amazon, Inc, eller dess dotterbolag. Alla rättigheter förbehållna.
 Amazon EU S.à r.l.
38 avenue John F. Kennedy
L-1855 Luxemburg
Registrerat i Luxemburg No. B-101818
Aktiekapital 165 833 EUR
Företagets registreringsnummer: 134248
Momsregistrering för Luxemburg LU 20260743.
 SPC-EU",2026-07-05 22:53:12,RETR,xtbBpAGMcmokA6GtAAAA3a
法务/侵权类,older,account_4,weihaizhongxin2024@126.com,"Sat, 6 Jun 2026 11:21:01 +0000",Amazon Seller Central <donotreply@amazon.com>,Your Amazon.de Rechnung Versand durch Amazon for 5/2026,,"Your Amazon.de Rechnung Versand durch Amazon for 5/2026
 96
Guten Tag Shen zhen shi wei hai zhong xin ke ji you xian!
Wir möchten Sie darüber informieren, dass Ihr elektronisches Dokument Rechnung Versand durch Amazon für 5.2026 ab sofort in Ihrem Seller Central-Konto verfügbar ist.
Navigieren Sie in Ihrem Seller Central-Konto zu Berichte > Steuerdokumente > Rechnungen über Verkaufsgebühren, um auf Ihr Dokument (Rechnung) zuzugreifen.
In Ihrem Seller Central-Konto können Sie Ihr Dokument (Rechnung) anzeigen, herunterladen oder ausdrucken.
Wenden Sie sich bei weiteren Fragen bitte an die Verkäuferhilfe.
Freundliche Grüße,
Amazon.de
 Ein Problem mit dieser E-Mail melden
 Bei Fragen besuchen Sie: Seller Central
 Zum Ändern Ihrer E-Mail-Einstellungen, gehen Sie zu: Benachrichtigungseinstellungen
 Wir hoffen, diese Nachricht ist hilfreich für Sie. Falls Sie allerdings in Zukunft keine E-Mails dieser Art von Amazon.de erhalten möchten, melden Sie sich bitte ab.
 Copyright 2026 Amazon Inc. oder Tochtergesellschaften. Alle Rechte vorbehalten.
 Amazon EU S.à r.l.
38 avenue John F. Kennedy,
L-1855 Luxemburg,
Handelsregisternummer Luxemburg: B-101818,
 Gesellschaftskapital: 165.833 EUR,
Gewer",2026-07-05 22:53:11,RETR,xtbBpABMMmokAqCojwAA3R
法务/侵权类,older,account_4,weihaizhongxin2024@126.com,"Sat, 6 Jun 2026 11:10:07 +0000",Amazon Seller Central <donotreply@amazon.com>,Your Amazon.es Factura Logística de Amazon for 5/2026,,"Your Amazon.es Factura Logística de Amazon for 5/2026
 96
Hola, Shen zhen shi wei hai zhong xin ke ji you xian:
Te escribimos para comunicarte que tu Factura Logística de Amazon del mes de 5/2026 ya está disponible en tu cuenta de Seller Central.
Para acceder a la factura, ve a Seller Central > Informes > Biblioteca de documentos fiscales > Facturas de tarifas aplicables al vendedor.
Allí podrás ver, descargar o imprimir tu factura.
Para consultas, contacta con atención al vendedor.
Atentamente,
Amazon.es
 Informar de un problema con este correo electrónico
 Si tienes alguna pregunta, visita: Seller Central
 Para cambiar sus preferencias de correo electrónico visitan: Preferencias de Notificación
 Esperamos que este mensaje te haya parecido útil. Sin embargo, si prefieres no recibir correos electrónicos de Amazon.es de este tipo en el futuro, haz clic aquí.
 Copyright 2026 Amazon.com.mx, Inc. o sus afiliados. Todos los derechos reservados.
 Amazon EU S.à r.l.
38 avenue John F. Kennedy,
L-1855 Luxemburgo,
Número de Registro en Luxemburgo: No. B-101818,
Capital Social 165.833 EUR,
Número de licencia de actividad: 134248,
Nº de Registro IVA en Luxemburgo: LU 20260743.
 SPC-EUAmazon-75",2026-07-05 22:53:11,RETR,xtbBpBOnjWokABOcKQAA31
法务/侵权类,older,account_4,weihaizhongxin2024@126.com,"Sat, 6 Jun 2026 10:55:24 +0000",Amazon Seller Central <donotreply@amazon.com>,Your Amazon.com.be Factuur Fulfilled by Amazon for 5/2026,,"Your Amazon.com.be Factuur Fulfilled by Amazon for 5/2026
 96
Beste Shen zhen shi wei hai zhong xin ke ji you xian,
We sturen je dit bericht om je te laten weten dat je elektronische Factuur Fulfilled by Amazon voor de maand 5 2026 nu beschikbaar is in je Seller Central-account.
Als je toegang wilt krijgen tot je factuur, ga je naar je Seller Central-account > Overzichten > Bibliotheek met belastingdocumenten > Belastingfacturen voor kosten verkoper.
In je Seller Central-account kun je je factuur bekijken, downloaden of afdrukken.
Als je nog vragen hebt, kun je contact opnemen met de Ondersteuning voor verkopers.
Met vriendelijke groeten,
Amazon.com.be
 Monsieur/Madame Shen zhen shi wei hai zhong xin ke ji you xian,
Nous vous écrivons pour vous informer que votre Facture Expédié Par Amazon pour le mois de 5/2026 est maintenant disponible dans votre compte Seller Central.
Pour accéder à votre facture, rendez-vous sur votre compte Seller Central et veuillez accéder à la page Rapports > Bibliothèque d'informations fiscales > Factures des frais du vendeur.
Dans votre compte Seller Central, vous pourrez afficher, télécharger ou imprimer votre facture.
Pour toute question, contactez le S",2026-07-05 22:53:11,RETR,xtbBsh-Jr2oj-J+lHQAA3Z
法务/侵权类,older,account_4,weihaizhongxin2024@126.com,"Sat, 6 Jun 2026 10:25:16 +0000",Amazon Seller Central <donotreply@amazon.com>,Your Amazon.com.be Factuur Fulfilled by Amazon for 5/2026,,"Your Amazon.com.be Factuur Fulfilled by Amazon for 5/2026
 96
Beste Shen zhen shi wei hai zhong xin ke ji you xian,
We sturen je dit bericht om je te laten weten dat je elektronische Factuur Fulfilled by Amazon voor de maand 5 2026 nu beschikbaar is in je Seller Central-account.
Als je toegang wilt krijgen tot je factuur, ga je naar je Seller Central-account > Overzichten > Bibliotheek met belastingdocumenten > Belastingfacturen voor kosten verkoper.
In je Seller Central-account kun je je factuur bekijken, downloaden of afdrukken.
Als je nog vragen hebt, kun je contact opnemen met de Ondersteuning voor verkopers.
Met vriendelijke groeten,
Amazon.com.be
 Monsieur/Madame Shen zhen shi wei hai zhong xin ke ji you xian,
Nous vous écrivons pour vous informer que votre Facture Expédié Par Amazon pour le mois de 5/2026 est maintenant disponible dans votre compte Seller Central.
Pour accéder à votre facture, rendez-vous sur votre compte Seller Central et veuillez accéder à la page Rapports > Bibliothèque d'informations fiscales > Factures des frais du vendeur.
Dans votre compte Seller Central, vous pourrez afficher, télécharger ou imprimer votre facture.
Pour toute question, contactez le S",2026-07-05 22:53:10,RETR,xtbBsw4E6Woj9Y4Q7QAA3f
法务/侵权类,older,account_4,weihaizhongxin2024@126.com,"Sat, 6 Jun 2026 09:33:20 +0000",Amazon Seller Central <donotreply@amazon.com>,Your Amazon.nl Factuur Fulfilled by Amazon for 5/2026,,"Your Amazon.nl Factuur Fulfilled by Amazon for 5/2026
 96
Beste Shen zhen shi wei hai zhong xin ke ji you xian,
We sturen je dit bericht om je te laten weten dat je elektronische Factuur Fulfilled by Amazon voor de maand 5 2026 nu beschikbaar is in je Seller Central-account.
Als je toegang wilt krijgen tot je factuur, ga je naar je Seller Central-account > Overzichten > Bibliotheek met belastingdocumenten > Belastingfacturen voor kosten verkoper.
In je Seller Central-account kun je je factuur bekijken, downloaden of afdrukken.
Als je nog vragen hebt, kun je contact opnemen met de Ondersteuning voor verkopers.
Met vriendelijke groeten,
Amazon.nl
 Rapporteer een probleem met deze e-mail
 Als je vragen hebt, ga je naar: Seller Central
 Om je e-mailvoorkeuren te wijzigen, ga je naar: Voorkeuren voor meldingen
 We hopen dat je iets aan dit bericht hebt gehad. Als je in de toekomst echter liever niet meer van dit soort e-mails van Amazon.com wilt ontvangen, kun je je afmelden hier.
 Auteursrecht (copyright) 2026 Amazon, Inc. of haar dochterondernemingen. Alle rechten voorbehouden.
 Amazon Services Europe S.à r.l.
38 avenue John F. Kennedy
L-1855 Luxemburg
Geregistreerd in Luxemburg
RCS L",2026-07-05 22:53:10,RETR,xtbBpQP122oj6WM+MAAA3F
法务/侵权类,older,account_4,weihaizhongxin2024@126.com,"Sat, 6 Jun 2026 07:52:40 +0000",Amazon Seller Central <donotreply@amazon.com>,Your Amazon.pl Faktura Realizacja przez Amazon for 5/2026,,"Your Amazon.pl Faktura Realizacja przez Amazon for 5/2026
 96
Cześć Shen zhen shi wei hai zhong xin ke ji you xian,
Pragniemy poinformować, że ten elektroniczny dokument jest już dostępny na Twoim koncie Seller Central: Faktura Realizacja przez Amazon za miesiąc 5 i rok 2026.
Aby uzyskać dostęp do tego dokumentu typu faktura, przejdź na konto Seller Central > Raporty > Dokumenty podatkowe > Faktury podatkowe z tytułu opłat od sprzedawcy.
Na koncie Seller Central możesz wyświetlić, pobrać i wydrukować taki dokument (faktura).
Jeśli masz jakieś pytania, skontaktuj się z działem pomocy dla sprzedawców.
Pozdrawiamy,
Amazon.pl
 Zgłoś problem z tym e-mailem
 Jeśli masz pytania, odwiedź stronę: Seller Central
 Aby zmienić preferencje poczty e-mail, odwiedź: Preferencje powiadomień
 Mamy nadzieję, że ta wiadomość jest pomocna. Jeśli jednak wolisz nie otrzymywać przyszłych wiadomości e-mail tego typu z witryny Amazon.com, zrezygnuj z tej opcji tutaj.
 Prawa autorskie 2026 Amazon, Inc. lub jej podmioty stowarzyszone. Wszelkie prawa zastrzeżone.
 Amazon EU S.a.r.l.
38 avenue John F. Kennedy
L-1855 Luksemburg,
spółka zarejestrowana w Luksemburgu pod nr. B-101818,
kapitał zakładowy: 165,833 EUR",2026-07-05 22:53:10,RETR,xtbBsgsK72oj0cvfzgAA3e
法务/侵权类,older,account_4,weihaizhongxin2024@126.com,"Sat, 6 Jun 2026 07:36:30 +0000",Amazon Seller Central <donotreply@amazon.com>,Your Amazon.es Factura Logística de Amazon for 5/2026,,"Your Amazon.es Factura Logística de Amazon for 5/2026
 96
Hola, Shen zhen shi wei hai zhong xin ke ji you xian:
Te escribimos para comunicarte que tu Factura Logística de Amazon del mes de 5/2026 ya está disponible en tu cuenta de Seller Central.
Para acceder a la factura, ve a Seller Central > Informes > Biblioteca de documentos fiscales > Facturas de tarifas aplicables al vendedor.
Allí podrás ver, descargar o imprimir tu factura.
Para consultas, contacta con atención al vendedor.
Atentamente,
Amazon.es
 Informar de un problema con este correo electrónico
 Si tienes alguna pregunta, visita: Seller Central
 Para cambiar sus preferencias de correo electrónico visitan: Preferencias de Notificación
 Esperamos que este mensaje te haya parecido útil. Sin embargo, si prefieres no recibir correos electrónicos de Amazon.es de este tipo en el futuro, haz clic aquí.
 Copyright 2026 Amazon.com.mx, Inc. o sus afiliados. Todos los derechos reservados.
 Amazon EU S.à r.l.
38 avenue John F. Kennedy,
L-1855 Luxemburgo,
Número de Registro en Luxemburgo: No. B-101818,
Capital Social 165.833 EUR,
Número de licencia de actividad: 134248,
Nº de Registro IVA en Luxemburgo: LU 20260743.
 SPC-EUAmazon-16",2026-07-05 22:53:09,RETR,xtbBsgIX-GojzgLOtwAA3n
法务/侵权类,older,account_4,weihaizhongxin2024@126.com,"Sat, 6 Jun 2026 06:48:36 +0000",Amazon Seller Central <donotreply@amazon.com>,Your Amazon.nl Factuur Fulfilled by Amazon for 5/2026,,"Your Amazon.nl Factuur Fulfilled by Amazon for 5/2026
 96
Beste Shen zhen shi wei hai zhong xin ke ji you xian,
We sturen je dit bericht om je te laten weten dat je elektronische Factuur Fulfilled by Amazon voor de maand 5 2026 nu beschikbaar is in je Seller Central-account.
Als je toegang wilt krijgen tot je factuur, ga je naar je Seller Central-account > Overzichten > Bibliotheek met belastingdocumenten > Belastingfacturen voor kosten verkoper.
In je Seller Central-account kun je je factuur bekijken, downloaden of afdrukken.
Als je nog vragen hebt, kun je contact opnemen met de Ondersteuning voor verkopers.
Met vriendelijke groeten,
Amazon.nl
 Rapporteer een probleem met deze e-mail
 Als je vragen hebt, ga je naar: Seller Central
 Om je e-mailvoorkeuren te wijzigen, ga je naar: Voorkeuren voor meldingen
 We hopen dat je iets aan dit bericht hebt gehad. Als je in de toekomst echter liever niet meer van dit soort e-mails van Amazon.com wilt ontvangen, kun je je afmelden hier.
 Auteursrecht (copyright) 2026 Amazon, Inc. of haar dochterondernemingen. Alle rechten voorbehouden.
 Amazon Services Europe S.à r.l.
38 avenue John F. Kennedy
L-1855 Luxemburg
Geregistreerd in Luxemburg
RCS L",2026-07-05 22:53:08,RETR,xtbBpQZFK2ojwsZ+sgAA3M
法务/侵权类,older,account_4,weihaizhongxin2024@126.com,"Sat, 6 Jun 2026 06:24:07 +0000",Amazon Seller Central <donotreply@amazon.com>,Your Amazon.pl Faktura Sprzedawcy for 5/2026,,"Your Amazon.pl Faktura Sprzedawcy for 5/2026
 96
Cześć Shen zhen shi wei hai zhong xin ke ji you xian,
Pragniemy poinformować, że ten elektroniczny dokument jest już dostępny na Twoim koncie Seller Central: Faktura Sprzedawcy za miesiąc 5 i rok 2026.
Aby uzyskać dostęp do tego dokumentu typu faktura, przejdź na konto Seller Central > Raporty > Dokumenty podatkowe > Faktury podatkowe z tytułu opłat od sprzedawcy.
Na koncie Seller Central możesz wyświetlić, pobrać i wydrukować taki dokument (faktura).
Jeśli masz jakieś pytania, skontaktuj się z działem pomocy dla sprzedawców.
Pozdrawiamy,
Amazon.pl
 Zgłoś problem z tym e-mailem
 Jeśli masz pytania, odwiedź stronę: Seller Central
 Aby zmienić preferencje poczty e-mail, odwiedź: Preferencje powiadomień
 Mamy nadzieję, że ta wiadomość jest pomocna. Jeśli jednak wolisz nie otrzymywać przyszłych wiadomości e-mail tego typu z witryny Amazon.com, zrezygnuj z tej opcji tutaj.
 Prawa autorskie 2026 Amazon, Inc. lub jej podmioty stowarzyszone. Wszelkie prawa zastrzeżone.
 Amazon EU S.a.r.l.
38 avenue John F. Kennedy
L-1855 Luksemburg,
spółka zarejestrowana w Luksemburgu pod nr. B-101818,
kapitał zakładowy: 165,833 EUR,
numer zezwolenia na prow",2026-07-05 22:53:08,RETR,xtbBswvUumojvQsCfAAA3X
法务/侵权类,older,account_4,weihaizhongxin2024@126.com,"Sat, 6 Jun 2026 06:01:50 +0000",Amazon Seller Central <donotreply@amazon.com>,Your Amazon.nl Factuur Verkoper for 5/2026,,"Your Amazon.nl Factuur Verkoper for 5/2026
 96
Beste Shen zhen shi wei hai zhong xin ke ji you xian,
We sturen je dit bericht om je te laten weten dat je elektronische Factuur Verkoper voor de maand 5 2026 nu beschikbaar is in je Seller Central-account.
Als je toegang wilt krijgen tot je factuur, ga je naar je Seller Central-account > Overzichten > Bibliotheek met belastingdocumenten > Belastingfacturen voor kosten verkoper.
In je Seller Central-account kun je je factuur bekijken, downloaden of afdrukken.
Als je nog vragen hebt, kun je contact opnemen met de Ondersteuning voor verkopers.
Met vriendelijke groeten,
Amazon.nl
 Rapporteer een probleem met deze e-mail
 Als je vragen hebt, ga je naar: Seller Central
 Om je e-mailvoorkeuren te wijzigen, ga je naar: Voorkeuren voor meldingen
 We hopen dat je iets aan dit bericht hebt gehad. Als je in de toekomst echter liever niet meer van dit soort e-mails van Amazon.com wilt ontvangen, kun je je afmelden hier.
 Auteursrecht (copyright) 2026 Amazon, Inc. of haar dochterondernemingen. Alle rechten voorbehouden.
 Amazon Services Europe S.à r.l.
38 avenue John F. Kennedy
L-1855 Luxemburg
Geregistreerd in Luxemburg
RCS Luxemburg Nr: B-93815
Z",2026-07-05 22:53:07,RETR,xtbBshKFa2ojt9JZ5QAA3e
法务/侵权类,older,account_4,weihaizhongxin2024@126.com,"Sat, 6 Jun 2026 05:56:14 +0000",Amazon Seller Central <donotreply@amazon.com>,Your Amazon.co.uk AGL Merchant Self-Billing Invoice for 5/2026,,"Your Amazon.co.uk AGL Merchant Self-Billing Invoice for 5/2026
 96
Hello,
We are writing to inform you that your electronic AGL Merchant Self-Billing Invoice for the month of 5/2026 is now available in your Seller Central Account.
To access your invoice, go to your Tax Document Library . In your Tax Document Library, you will be able to view, download or print your invoice.
The Amazon Services Team
 Report an issue with this email
 If you have any questions visit: Seller Central
 To change your email preferences visit: Notification Preferences
 We hope you found this message to be useful. However, if you'd rather not receive future e-mails of this sort from Amazon.com, please opt-out here.
 Copyright 2026 Amazon, Inc, or its affiliates. All rights reserved.
 Amazon.com, 410 Terry Avenue North, Seattle, WA 98109-5210
 SPC-EUAmazon-140739145788909",2026-07-05 22:53:07,RETR,xtbBsgIxF2ojtoJRsgAA3I
法务/侵权类,older,account_4,weihaizhongxin2024@126.com,"Sat, 6 Jun 2026 05:28:55 +0000",Amazon Seller Central <donotreply@amazon.com>,Your Amazon.se Faktura Säljare for 5/2026,,"Your Amazon.se Faktura Säljare for 5/2026
 96
Hej Shen zhen shi wei hai zhong xin ke ji you xian!
Vi skriver för att informera dig om att din elektroniska Faktura Säljare för månaden 5/2026 nu finns tillgänglig på ditt Seller Central-konto.
För att komma åt ditt fakturagår du till ditt Seller Central-konto > Rapporter > Bibliotek för skattedokument > Skattefakturor för säljaravgifter.
På ditt Seller Central-konto kan du se, ladda ner eller skriva ut ditt faktura.
Om du har några frågor, kontakta säljarsupport.
Vänliga hälsningar,
Amazon.se
 Rapportera ett problem med detta e-post
 Om du har några frågor besök: Seller Central
 För att ändra dina e-postinställningar, besök: Inställningar för meddelanden
 Vi hoppas att du tyckte att det här meddelandet var användbart. Om du föredrar att inte få framtida e-postmeddelanden av detta slag från Amazon.com, välj bort det här.
 Upphovsrätt 2026 Amazon, Inc, eller dess dotterbolag. Alla rättigheter förbehållna.
 Amazon EU S.à r.l.
38 avenue John F. Kennedy
L-1855 Luxemburg
Registrerat i Luxemburg No. B-101818
Aktiekapital 165 833 EUR
Företagets registreringsnummer: 134248
Momsregistrering för Luxemburg LU 20260743.
 SPC-EUAmazon-4046219403502",2026-07-05 22:53:07,RETR,xtbBpBqVe2ojsBoY3wAA30
法务/侵权类,older,account_4,weihaizhongxin2024@126.com,"Sat, 6 Jun 2026 05:23:44 +0000",Amazon Seller Central <donotreply@amazon.com>,Your Amazon.co.uk Merchant Invoice for 5/2026,,"Your Amazon.co.uk Merchant Invoice for 5/2026
 96
Hello,
We are writing to inform you that your electronic Merchant Invoice for the month of 5/2026 is now available in your Seller Central Account.
To access your invoice, go to your Tax Document Library . In your Tax Document Library, you will be able to view, download or print your invoice.
The Amazon Services Team
 Report an issue with this email
 If you have any questions visit: Seller Central
 To change your email preferences visit: Notification Preferences
 We hope you found this message to be useful. However, if you'd rather not receive future e-mails of this sort from Amazon.com, please opt-out here.
 Copyright 2026 Amazon, Inc, or its affiliates. All rights reserved.
 Amazon.com, 410 Terry Avenue North, Seattle, WA 98109-5210
 SPC-EUAmazon-316661008123122",2026-07-05 22:53:06,RETR,xtbBpANHLWojruMTTwAA3V
法务/侵权类,older,account_4,weihaizhongxin2024@126.com,"Sat, 6 Jun 2026 05:10:53 +0000",Amazon Seller Central <donotreply@amazon.com>,Your Amazon.de Rechnung Verkäufer for 5/2026,,"Your Amazon.de Rechnung Verkäufer for 5/2026
 96
Guten Tag Shen zhen shi wei hai zhong xin ke ji you xian!
Wir möchten Sie darüber informieren, dass Ihr elektronisches Dokument Rechnung Verkäufer für 5.2026 ab sofort in Ihrem Seller Central-Konto verfügbar ist.
Navigieren Sie in Ihrem Seller Central-Konto zu Berichte > Steuerdokumente > Rechnungen über Verkaufsgebühren, um auf Ihr Dokument (Rechnung) zuzugreifen.
In Ihrem Seller Central-Konto können Sie Ihr Dokument (Rechnung) anzeigen, herunterladen oder ausdrucken.
Wenden Sie sich bei weiteren Fragen bitte an die Verkäuferhilfe.
Freundliche Grüße,
Amazon.de
 Ein Problem mit dieser E-Mail melden
 Bei Fragen besuchen Sie: Seller Central
 Zum Ändern Ihrer E-Mail-Einstellungen, gehen Sie zu: Benachrichtigungseinstellungen
 Wir hoffen, diese Nachricht ist hilfreich für Sie. Falls Sie allerdings in Zukunft keine E-Mails dieser Art von Amazon.de erhalten möchten, melden Sie sich bitte ab.
 Copyright 2026 Amazon Inc. oder Tochtergesellschaften. Alle Rechte vorbehalten.
 Amazon EU S.à r.l.
38 avenue John F. Kennedy,
L-1855 Luxemburg,
Handelsregisternummer Luxemburg: B-101818,
 Gesellschaftskapital: 165.833 EUR,
Gewerbelizenznummer: 134248",2026-07-05 22:53:06,RETR,xtbBpR+Fa2ojq98GAgAA3t
法务/侵权类,older,account_4,weihaizhongxin2024@126.com,"Sat, 6 Jun 2026 05:02:43 +0000",Amazon Seller Central <donotreply@amazon.com>,Your Amazon.es Factura Vendedor for 5/2026,,"Your Amazon.es Factura Vendedor for 5/2026
 96
Hola, Shen zhen shi wei hai zhong xin ke ji you xian:
Te escribimos para comunicarte que tu Factura Vendedor del mes de 5/2026 ya está disponible en tu cuenta de Seller Central.
Para acceder a la factura, ve a Seller Central > Informes > Biblioteca de documentos fiscales > Facturas de tarifas aplicables al vendedor.
Allí podrás ver, descargar o imprimir tu factura.
Para consultas, contacta con atención al vendedor.
Atentamente,
Amazon.es
 Informar de un problema con este correo electrónico
 Si tienes alguna pregunta, visita: Seller Central
 Para cambiar sus preferencias de correo electrónico visitan: Preferencias de Notificación
 Esperamos que este mensaje te haya parecido útil. Sin embargo, si prefieres no recibir correos electrónicos de Amazon.es de este tipo en el futuro, haz clic aquí.
 Copyright 2026 Amazon.com.mx, Inc. o sus afiliados. Todos los derechos reservados.
 Amazon EU S.à r.l.
38 avenue John F. Kennedy,
L-1855 Luxemburgo,
Número de Registro en Luxemburgo: No. B-101818,
Capital Social 165.833 EUR,
Número de licencia de actividad: 134248,
Nº de Registro IVA en Luxemburgo: LU 20260743.
 SPC-EUAmazon-580543801980895",2026-07-05 22:53:06,RETR,xtbBpBYL8Gojqfb4bgAA3J
法务/侵权类,older,account_4,weihaizhongxin2024@126.com,"Sat, 6 Jun 2026 04:45:31 +0000",Amazon Seller Central <donotreply@amazon.com>,Your Amazon.com.be Factuur Verkoper for 5/2026,,"Your Amazon.com.be Factuur Verkoper for 5/2026
 96
Beste Shen zhen shi wei hai zhong xin ke ji you xian,
We sturen je dit bericht om je te laten weten dat je elektronische Factuur Verkoper voor de maand 5 2026 nu beschikbaar is in je Seller Central-account.
Als je toegang wilt krijgen tot je factuur, ga je naar je Seller Central-account > Overzichten > Bibliotheek met belastingdocumenten > Belastingfacturen voor kosten verkoper.
In je Seller Central-account kun je je factuur bekijken, downloaden of afdrukken.
Als je nog vragen hebt, kun je contact opnemen met de Ondersteuning voor verkopers.
Met vriendelijke groeten,
Amazon.com.be
 Monsieur/Madame Shen zhen shi wei hai zhong xin ke ji you xian,
Nous vous écrivons pour vous informer que votre Facture Vendeur pour le mois de 5/2026 est maintenant disponible dans votre compte Seller Central.
Pour accéder à votre facture, rendez-vous sur votre compte Seller Central et veuillez accéder à la page Rapports > Bibliothèque d'informations fiscales > Factures des frais du vendeur.
Dans votre compte Seller Central, vous pourrez afficher, télécharger ou imprimer votre facture.
Pour toute question, contactez le Support Vendeur.
Cordialement,
Ama",2026-07-05 22:53:05,RETR,xtbBpQ8I7Wojpe-kZwAA3P
货件/库存类,older,account_4,weihaizhongxin2024@126.com,"Sat, 27 Jun 2026 04:46:44 +0000",Fulfilment by Amazon <donotreply@amazon.com>,Disposal order created for unsellable FBA inventory,,"96
Automated Removals of Unfulfillable Inventory
 Final notice: Disposal order for your unfulfillable FBA inventory
 Final notice: Disposal order for your unfulfillable FBA inventory
 Hello,
You have unfulfillable inventory that has been in a fulfilment centre for more than 14 days. We have created a disposal order for these items.
 Why is this happening?
This action is required because these unfulfillable items have remained in our fulfilment centres for more than 14 days after notification. According to our FBA Required Removals policy, cancelling a required removal order is not permitted. To learn more, visit our FBA Required Removals policy .
 Removal order ID:
- j2cKowrwuw
 Unsellable Products:
- FNSKU: X002A02JJ1 Quantity: 2
- FNSKU: X002A05YW5 Quantity: 1
 For more information about the disposal order process, see Remove inventory from a fulfilment centre .
 To monitor your unfulfillable inventory, see the Manage FBA Inventory for total unsellable quantities or the Recommended Removal report for unsellable and aged inventory details.
 The Fulfilment by Amazon Team
 Report an issue with this email
 If you have any questions visit: Seller Central
 To change your email preferen",2026-07-05 22:54:52,RETR,xtbBpRfs0mo-VbcwLQAA3m
货件/库存类,older,account_4,weihaizhongxin2024@126.com,"Sat, 27 Jun 2026 04:45:39 +0000",Fulfilment by Amazon <donotreply@amazon.com>,Disposal order created for unsellable FBA inventory,,"96
Automated Removals of Unfulfillable Inventory
 Final notice: Disposal order for your unfulfillable FBA inventory
 Final notice: Disposal order for your unfulfillable FBA inventory
 Hello,
You have unfulfillable inventory that has been in a fulfilment centre for more than 14 days. We have created a disposal order for these items.
 Why is this happening?
This action is required because these unfulfillable items have remained in our fulfilment centres for more than 14 days after notification. According to our FBA Required Removals policy, cancelling a required removal order is not permitted. To learn more, visit our FBA Required Removals policy .
 Removal order ID:
- go0BbIMUoR
 Unsellable Products:
- FNSKU: B0DRCC2H56 Quantity: 1
- FNSKU: B0DRCF83VZ Quantity: 2
- FNSKU: X002A05YW5 Quantity: 5
 For more information about the disposal order process, see Remove inventory from a fulfilment centre .
 To monitor your unfulfillable inventory, see the Manage FBA Inventory for total unsellable quantities or the Recommended Removal report for unsellable and aged inventory details.
 The Fulfilment by Amazon Team
 Report an issue with this email
 If you have any questions visit: Seller Centra",2026-07-05 22:54:52,RETR,xtbBpRbcwmo-VXYufwAA3K
货件/库存类,older,account_4,weihaizhongxin2024@126.com,"Sat, 27 Jun 2026 03:25:54 +0000",Fulfilment by Amazon <donotreply@amazon.com>,Create FBA removal order by 2026-07-09,,"96
Automated removals of unfulfillable inventory
 Required removals: First notification
 Required removals: First notification
 Hello,
Your FBA inventory listed below became unsellable in the past seven days. You must create a removal order by 2026-07-09 or these items will be disposed of. Removal fees will apply. Review the affected items and next steps below.
Unsellable products:
- FNSKU: B0DRCB74YN Quantity: 3
- FNSKU: B0DRCF83VZ Quantity: 2
 Why is this happening?
This action is required because these items are no longer in sellable condition in our fulfilment centres. According to our FBA Required Removals policy, all unsuitable units must be removed within 14 days of notification. To learn more, go to our FBA Required Removals policy .
We leveraged a combination of automated means to identify this issue and make this decision.
 How do I address this?
Follow these steps to manage your unsellable inventory:
- Check your complete list and quantity of unsellable items in the Manage FBA inventory .
- Create a removal order (removal fees apply) by following the instructions in Remove inventory overview .
 To avoid future manual inventory removal orders, set up Automated Unfulfillab",2026-07-05 22:54:52,RETR,xtbBswUsEmo-QsXGRwAA3b
货件/库存类,older,account_4,weihaizhongxin2024@126.com,"Sat, 20 Jun 2026 04:59:29 +0000",Fulfilment by Amazon <donotreply@amazon.com>,Disposal order created for unsellable FBA inventory,,"96
Automated Removals of Unfulfillable Inventory
 Final notice: Disposal order for your unfulfillable FBA inventory
 Final notice: Disposal order for your unfulfillable FBA inventory
 Hello,
You have unfulfillable inventory that has been in a fulfilment centre for more than 14 days. We have created a disposal order for these items.
 Why is this happening?
This action is required because these unfulfillable items have remained in our fulfilment centres for more than 14 days after notification. According to our FBA Required Removals policy, cancelling a required removal order is not permitted. To learn more, visit our FBA Required Removals policy .
 Removal order ID:
- 9U/Ti42WHq
 Unsellable Products:
- FNSKU: B0DRC8LPGS Quantity: 1
- FNSKU: X002A05YW5 Quantity: 1
 For more information about the disposal order process, see Remove inventory from a fulfilment centre .
 To monitor your unfulfillable inventory, see the Manage FBA Inventory for total unsellable quantities or the Recommended Removal report for unsellable and aged inventory details.
 The Fulfilment by Amazon Team
 Report an issue with this email
 If you have any questions visit: Seller Central
 To change your email preferen",2026-07-05 22:54:24,RETR,xtbBpBW8omo2HjW6cwAA3R
货件/库存类,older,account_4,weihaizhongxin2024@126.com,"Sat, 20 Jun 2026 03:24:34 +0000",Fulfilment by Amazon <donotreply@amazon.com>,Create FBA removal order by 2026-07-02,,"96
Automated removals of unfulfillable inventory
 Required removals: First notification
 Required removals: First notification
 Hello,
Your FBA inventory listed below became unsellable in the past seven days. You must create a removal order by 2026-07-02 or these items will be disposed of. Removal fees will apply. Review the affected items and next steps below.
Unsellable products:
- FNSKU: B0DRCB74YN Quantity: 3
- FNSKU: B0DRCF83VZ Quantity: 2
 Why is this happening?
This action is required because these items are no longer in sellable condition in our fulfilment centres. According to our FBA Required Removals policy, all unsuitable units must be removed within 14 days of notification. To learn more, go to our FBA Required Removals policy .
We leveraged a combination of automated means to identify this issue and make this decision.
 How do I address this?
Follow these steps to manage your unsellable inventory:
- Check your complete list and quantity of unsellable items in the Manage FBA inventory .
- Create a removal order (removal fees apply) by following the instructions in Remove inventory overview .
 To avoid future manual inventory removal orders, set up Automated Unfulfillab",2026-07-05 22:54:24,RETR,xtbBpRUnDWo2B-VSSAAA3u
货件/库存类,older,account_4,weihaizhongxin2024@126.com,"Sat, 13 Jun 2026 04:57:38 +0000",Fulfilment by Amazon <donotreply@amazon.com>,Create FBA removal order by 2026-06-25,,"96
Automated removals of unfulfillable inventory
 Required removals: First notification
 Required removals: First notification
 Hello,
Your FBA inventory listed below became unsellable in the past seven days. You must create a removal order by 2026-06-25 or these items will be disposed of. Removal fees will apply. Review the affected items and next steps below.
Unsellable products:
- FNSKU: X002A02JJ1 Quantity: 1
- FNSKU: X002A05YW5 Quantity: 1
 Why is this happening?
This action is required because these items are no longer in sellable condition in our fulfilment centres. According to our FBA Required Removals policy, all unsuitable units must be removed within 14 days of notification. To learn more, go to our FBA Required Removals policy .
We leveraged a combination of automated means to identify this issue and make this decision.
 How do I address this?
Follow these steps to manage your unsellable inventory:
- Check your complete list and quantity of unsellable items in the Manage FBA inventory .
- Create a removal order (removal fees apply) by following the instructions in Remove inventory overview .
 To avoid future manual inventory removal orders, set up Automated Unfulfillab",2026-07-05 22:53:57,RETR,xtbBsgavlWos40bkpQAA3s
货件/库存类,older,account_4,weihaizhongxin2024@126.com,"Sat, 13 Jun 2026 04:53:34 +0000",Fulfilment by Amazon <donotreply@amazon.com>,Create FBA removal order by 2026-06-25,,"96
Automated removals of unfulfillable inventory
 Required removals: First notification
 Required removals: First notification
 Hello,
Your FBA inventory listed below became unsellable in the past seven days. You must create a removal order by 2026-06-25 or these items will be disposed of. Removal fees will apply. Review the affected items and next steps below.
Unsellable products:
- FNSKU: B0DRCB74YN Quantity: 1
- FNSKU: B0DRCC2H56 Quantity: 1
- FNSKU: B0DRCF83VZ Quantity: 2
- FNSKU: X002A05YW5 Quantity: 4
 Why is this happening?
This action is required because these items are no longer in sellable condition in our fulfilment centres. According to our FBA Required Removals policy, all unsuitable units must be removed within 14 days of notification. To learn more, go to our FBA Required Removals policy .
We leveraged a combination of automated means to identify this issue and make this decision.
 How do I address this?
Follow these steps to manage your unsellable inventory:
- Check your complete list and quantity of unsellable items in the Manage FBA inventory .
- Create a removal order (removal fees apply) by following the instructions in Remove inventory overview .
 To avoid futu",2026-07-05 22:53:57,RETR,xtbBpRFyWGos4lHYQwAA3w
货件/库存类,older,account_4,weihaizhongxin2024@126.com,"Sat, 6 Jun 2026 04:38:11 +0000",Fulfilment by Amazon <donotreply@amazon.com>,Disposal order created for unsellable FBA inventory,,"96
Automated Removals of Unfulfillable Inventory
 Final notice: Disposal order for your unfulfillable FBA inventory
 Final notice: Disposal order for your unfulfillable FBA inventory
 Hello,
You have unfulfillable inventory that has been in a fulfilment centre for more than 14 days. We have created a disposal order for these items.
 Why is this happening?
This action is required because these unfulfillable items have remained in our fulfilment centres for more than 14 days after notification. According to our FBA Required Removals policy, cancelling a required removal order is not permitted. To learn more, visit our FBA Required Removals policy .
 Removal order ID:
- JKfyD/ypoS
 Unsellable Products:
- FNSKU: B0DRC8LPGS Quantity: 1
- FNSKU: X002A05YW5 Quantity: 2
 For more information about the disposal order process, see Remove inventory from a fulfilment centre .
 To monitor your unfulfillable inventory, see the Manage FBA Inventory for total unsellable quantities or the Recommended Removal report for unsellable and aged inventory details.
 The Fulfilment by Amazon Team
 Report an issue with this email
 If you have any questions visit: Seller Central
 To change your email preferen",2026-07-05 22:53:05,RETR,xtbBpBaZf2ojpDbZJwAA3x
货件/库存类,older,account_4,weihaizhongxin2024@126.com,"Sat, 6 Jun 2026 03:47:37 +0000",Fulfilment by Amazon <donotreply@amazon.com>,Create FBA removal order by 2026-06-18,,"96
Automated removals of unfulfillable inventory
 Required removals: First notification
 Required removals: First notification
 Hello,
Your FBA inventory listed below became unsellable in the past seven days. You must create a removal order by 2026-06-18 or these items will be disposed of. Removal fees will apply. Review the affected items and next steps below.
Unsellable products:
- FNSKU: B0DRC8LPGS Quantity: 1
- FNSKU: B0DRCB74YN Quantity: 3
- FNSKU: B0DRCF83VZ Quantity: 2
- FNSKU: X002A05YW5 Quantity: 2
 Why is this happening?
This action is required because these items are no longer in sellable condition in our fulfilment centres. According to our FBA Required Removals policy, all unsuitable units must be removed within 14 days of notification. To learn more, go to our FBA Required Removals policy .
We leveraged a combination of automated means to identify this issue and make this decision.
 How do I address this?
Follow these steps to manage your unsellable inventory:
- Check your complete list and quantity of unsellable items in the Manage FBA inventory .
- Create a removal order (removal fees apply) by following the instructions in Remove inventory overview .
 To avoid futu",2026-07-05 22:53:05,RETR,xtbBsxyghmojmFwvMgAA3Z
其他风险类,older,account_4,weihaizhongxin2024@126.com,"Thu, 25 Jun 2026 12:14:25 +0000",Sell with Amazon <no-reply@sell.amazon.com>,Connect with an Amazon expert at Seller Café—Save $100 with early-bird pricing,,"[Amazon logo](https://go.amazonsellerservices.com/e/229492/-ld-EM/7z46y96/6733799304/h/qLPgz01lmZlp6bu7C295K13RXyMwFkd7KKOkI6IliSc)
[Partner Connect at Accelerate 2026](https://go.amazonsellerservices.com/e/229492/4uHYwMZ-ld-EM/7z46y99/6733799304/h/qLPgz01lmZlp6bu7C295K13RXyMwFkd7KKOkI6IliSc)
Experts matched to your business needs
Some challenges don't have a one-size-fits-all answer. Seller Cafe gives you 30 minutes with an Amazon expert who can help you find yours. It's one of the most popular offerings at Amazon Accelerate, and this year, it's even better.
Join us from September 22 to 24, 2026, in Seattle, WA.
[Register now](https://go.amazonsellerservices.com/e/229492/4uHYwMZ-ld-EM/7z46y99/6733799304/h/qLPgz01lmZlp6bu7C295K13RXyMwFkd7KKOkI6IliSc)
“We brought up our questions and challenges when signing up at the Seller Cafe, the [subject matter expert] has tremendous knowledge in her field and she did deep dive into our Amazon account prior to the meeting and was totally prepared to answer our questions. The best of all, the SME and her manager helped us solved one of our biggest problems right there on spot. I am so thrilled.”
2025 attendee
How it works
[A checkmark icon]
Regi",2026-07-05 22:54:42,RETR,xtbBswTZv2o9G6QYAAAA3h
其他风险类,older,account_4,weihaizhongxin2024@126.com,"Tue, 16 Jun 2026 03:04:08 +0000",Amazon Seller Services <donotreply@amazon.com>,Action Required: Transparency Barcode Required for Your Products,,"96
 Hello from Amazon Seller Services,
 The products listed below have been enrolled in the Transparency programme by the brand owner. This means that the product is manufactured with a serial number. The serial number can be either a 2D Transparency branded barcode (these are 26 characters long and include a ‘T’ logo) or a 1D or 2D serial number barcode (these are between 7 and 20 characters long and may include the prefix ‘SN’).
 To ensure product authenticity for your customers, we will require that these products have a Transparency barcode or serial number barcode affixed to the outer packaging of each individual unit of the product in order to be accepted by Amazon.
 Below is the list of ASINs that will require a Transparency barcode or serial number barcode from the manufacturer or brand.
 ASIN
 Title
 B0H11DGDRL Roaxkois
 Amazon scans these barcode labels to verify the authenticity of the products. Your customers can also scan your Transparency barcode with the Transparency mobile app to confirm the item is not a counterfeit.
 Please contact the respective Brand or your distributor for any further information on the availability of the products with these barcodes.
 If you ",2026-07-05 22:54:05,RETR,xtbBswsgBmowvSs7wQAA3o
其他风险类,older,account_4,weihaizhongxin2024@126.com,"Fri, 12 Jun 2026 08:49:28 +0000","""Gao, Mark"" <gaomark@amazon.com>",亚马逊广告限时激励活动 - Weihai EU,,"Amazon has replaced the attachment in this email with download link.
Important: This link may contain content that is confidential. Please exercise appropriate caution when sharing.
1 Attachment [Download all] | Passcode required AimY29
https://us-east-1.secure-attach.amazon.com/all/d61a622a-beb3-4784-b47d-973e74a81bd3/4cda92d7-d756-41b1-9ee0-b677b2e973bf
[Wecom.jpg]
https://us-east-1.secure-attach.amazon.com/4cda92d7-d756-41b1-9ee0-b677b2e973bf/fb9cff42-aabc-4362-bae7-68b81106b117
 Attachments Available Until: July 12, 2026, 08:48 (UTC+00:00)
Help us improve: How was your experience? [Share Your Feedback]
https://amazonexteu.qualtrics.com/jfe/form/SV_ehuz6zGo8YnsRKK
Need assistance? [Visit Here] for FAQs and support resources.
https://docs.secure-attach.amazon.com/guide
亚马逊全球开店
欧洲新兴站点广告激励活动
尊敬的 Weihai EU 朋友，
我们诚邀您参加亚马逊广告限时激励活动，助力您在欧洲新兴站点中脱颖而出，抢占销售先机！这是您快速提升品牌曝光度、实现销量突破的绝佳机会！
您的账户在以下站点符合此次活动条件。如果您在 对应的时间 前完成 相应的任务条件，将可获得大额广告优惠券，直接用于抵扣亚马逊广告费用！
站点      广告类型    优惠金额    截止日期    任务条件
荷兰      SPONSORED BRANDS        $100    2026-06-13      创建首个品牌推广广告
具体步骤
1. 在亚马逊广告<https://advertising.amazon.com/zh-cn/sign-in>网站注册对应站点的广告账户
2. 在对应站点完成相应的任务条件（详见上表）
3. 完成后14天内，优惠券会自动发放到您的广告账户
更多优惠券说明，请参考官方网",2026-07-05 22:53:54,RETR,xtbBsxyehGoryBye0QAA3v
其他风险类,older,account_4,weihaizhongxin2024@126.com,"Fri, 12 Jun 2026 01:43:31 +0000","""Amazon Seller Central Notifications (Do Not Reply)"" <donotreply@amazon.com>",Dangerous goods (hazmat) status update,,"96
 Dangerous goods (hazmat) status update
 Dangerous goods (hazmat) status update
 Hello from Fulfillment by Amazon,
 Amazon performs regular reviews on products in our fulfillment centers that may be regulated as dangerous goods (also known as hazmat). We conduct these reviews to help ensure that our shipments meet regulatory requirements and safety standards for our customers and employees. Following one such review, the dangerous goods status of one or more of your products has changed. Please read the information below to learn more about what this means for your existing inventory and new shipments.
 FULFILLABLE ITEMS
 The following products were previously unfulfillable through Fulfillment by Amazon or no longer allowed in shipments to Amazon fulfillment centers. These restrictions have been removed. The products below can continue to be fulfilled by Amazon or returned to you, and you can resume sending new units to fulfillment centers.
 ASIN
 Merchant SKU
 FNSKU
 Title
 Current Status
 Notes
 B0GKPTF1T7
 WHMKB0615
 X002C14QJT
 Roaxkois Ceramic Painting Set | Cups Painting Set Includes Cups, Brushes, Colours and Instructions for Painting | Pottery Set for Home | Craft Set Ad",2026-07-05 22:53:51,RETR,xtbBpQaPdWorZEasyQAA3f
其他风险类,older,account_4,weihaizhongxin2024@126.com,"Fri, 12 Jun 2026 01:43:28 +0000","""Amazon Seller Central Notifications (Do Not Reply)"" <donotreply@amazon.com>",Dangerous goods (hazmat) status update,,"96
 Dangerous goods (hazmat) status update
 Dangerous goods (hazmat) status update
 Hello from Fulfillment by Amazon,
 Amazon performs regular reviews on products in our fulfillment centers that may be regulated as dangerous goods (also known as hazmat). We conduct these reviews to help ensure that our shipments meet regulatory requirements and safety standards for our customers and employees. Following one such review, the dangerous goods status of one or more of your products has changed. Please read the information below to learn more about what this means for your existing inventory and new shipments.
 FULFILLABLE ITEMS
 The following products were previously unfulfillable through Fulfillment by Amazon or no longer allowed in shipments to Amazon fulfillment centers. These restrictions have been removed. The products below can continue to be fulfilled by Amazon or returned to you, and you can resume sending new units to fulfillment centers.
 ASIN
 Merchant SKU
 FNSKU
 Title
 Current Status
 Notes
 B0GKPTF1T7
 WHMKB0615
 X002C14QJT
 Roaxkois Kit de peinture en céramique - Comprend des tasses, des pinceaux, des peintures et des instructions de peinture - Kit de poterie pour la mai",2026-07-05 22:53:50,RETR,xtbBsgSPdWorZES5uwAA3v
其他风险类,older,account_4,weihaizhongxin2024@126.com,"Thu, 11 Jun 2026 11:03:54 +0000",Amazon Europe <donotreply@amazon.com>,You have until July 17 to verify FBA dimensions for fee calculation,,"As previously communicated, we've updated the way we collect Fulfilment by Amazon (FBA) item package dimensions for products listed in our UK, Germany, France, Italy and Spain stores.
 96
 As previously communicated, we've updated the way we collect Fulfilment by Amazon (FBA) item package dimensions for products listed in our UK, Germany, France, Italy and Spain stores.
                                                     ‍͏  ͏  ‍͏  ͏  ‍͏  ͏  ‍͏  ͏  ‍͏  ͏  ‍͏  ͏  ‍͏  ͏  ‍͏  ͏  ‍͏  ͏  ‍͏  ͏  ‍͏  ͏  ‍͏  ͏  ‍͏  ͏  ‍͏  ͏  ‍͏  ͏  ‍͏  ͏  ‍͏  ͏  ‍͏  ͏  ‍͏  ͏  ‍͏  ͏  ‍͏  ͏  ‍͏  ͏  ‍͏  ͏  ‍͏  ͏  ‍͏  ͏  ‍͏  ͏  ‍͏  ͏  ‍͏  ͏  ‍͏  ͏  ‍͏  ͏  ‍͏  ͏  ‍͏  ͏  ‍͏  ͏  ‍͏  ͏  ‍͏  ͏  ‍͏  ͏  ‍͏  ͏  ‍͏  ͏  ‍͏  ͏ ͏‌ ­ ­ ­ ­ ͏‌ ­ ­ ­ ­ ͏‌ ­ ­ ­ ­ ͏‌ ­ ­ ­ ­ ͏‌ ­ ­ ­ ­ ͏‌ ­ ­ ­ ­ ͏‌ ­ ­ ­ ­ ͏‌ ­ ­ ­ ­ ͏‌ ­ ­ ­ ­ ͏‌ ­ ­ ­ ­ ͏‌ ­ ­ ­ ­ ͏‌ ­ ­ ­ ­ ͏‌ ­ ­ ­ ­ ͏‌ ­ ­ ­ ­ ͏‌ ­ ­ ­ ­ ͏‌ ­ ­ ­ ­ ͏‌ ­ ­ ­ ­ ͏‌ ­ ­ ­ ­ ͏‌ ­ ­ ­ ­ ͏‌ ­ ­ ­ ­ ͏‌ ­ ­ ­ ­ ͏‌ ­ ­ ­ ­ ͏‌ ­ ­ ­ ­ ͏‌ ­ ­ ­ ­ ͏‌ ­ ­ ­ ­ ͏‌ ­ ­ ­ ­ ͏‌ ­ ­ ­ ­ ͏‌ ­ ­ ­ ­ ͏‌ ­ ­ ­ ­ ͏‌ ­ ­ ­ ­ ͏‌ ­ ­ ­ ­ ͏‌ ­ ­ ­ ­ ͏‌ ­ ­ ­ ­ ͏‌ ­ ­ ­ ­ ͏‌ ­ ­ ­ ­ ͏‌ ­ ­ ­ ­ ͏‌ ­ ­ ­ ­ ͏‌ ­ ­ ­ ­ ͏‌ ­ ­ ­ ­ ͏‌ ­ ­ ­ ­ ͏‌ ­ ­ ­ ­ ͏‌ ­ ­ ­ ­ ͏‌ ­ ­ ­ ­ ͏‌ ­ ­ ­ ­ ͏‌ ­ ­ ­ ­ ͏‌ ­ ­ ",2026-07-05 22:53:47,RETR,xtbBpBzRt2oqlhw0ngAA3+
其他风险类,older,account_4,weihaizhongxin2024@126.com,"Wed, 10 Jun 2026 20:33:42 +0000",Amazon Services <donotreply@amazon.com>,Updates to improve your product titles begin on July 27,,"96
 Titles in all categories except for media will need to be 75 characters or less including spaces. A new Item Highlights feature now provides an additional 125 characters for sharing materials.
 Hello,
 Your product titles are one of the first things customers see, and for customers shopping on mobile, every character counts. To ensure your product titles appeal to customers everywhere, we’re making some changes that will help you show your product name and your product highlights seamlessly.
 Starting July 27, 2026 , titles in all categories except for media will need to be 75 characters or less including spaces. This ensures that your title will fully display in mobile and is consistent with the title length used by other online stores.
 Item Highlights provides an additional 125 characters for sharing materials or recommended use cases that help customers compare options. This content is searchable and visible below titles in search results and on product detail pages.
 We’re providing you with AI-powered tools to ensure that your new titles and Item Highlights are optimal. You can start reviewing, modifying, and using AI-recommended titles and Item Highlights today by taking",2026-07-05 22:53:45,RETR,xtbBswqhh2opyioZ9QAA3Q
其他风险类,older,account_4,weihaizhongxin2024@126.com,"Wed, 10 Jun 2026 20:07:52 +0000",Amazon Services Europe <donotreply@amazon.com>,Updates to improve your product titles begin on July 27,,"96
 Titles in all categories except media will need to be 75 characters or less, including spaces. A new Item Highlights feature now provides an additional 125 characters for sharing materials.
 Hello,
 Your product titles are one of the first things that customers see, and for customers shopping on mobile, every character counts. To ensure that your product titles appeal to customers everywhere, we’re making some changes that will help you show your product name and your product highlights seamlessly.
 Starting from July 27, 2026 , titles in all categories except media will need to be 75 characters or less, including spaces. This ensures that your title will fully display on mobile devices and is consistent with the title length used by other online stores.
 Item Highlights provides an additional 125 characters for sharing materials or recommended use cases that help customers compare options. This content is searchable and visible below titles in search results and on product detail pages.
 We’re providing you with AI-powered tools to ensure that your new titles and Item Highlights are optimal. You can start reviewing, modifying and using AI-recommended titles and Item Highlights",2026-07-05 22:53:44,RETR,xtbBpRocAmopxBpwzQAA3B
其他风险类,older,account_4,weihaizhongxin2024@126.com,"Wed, 10 Jun 2026 20:04:50 +0000",Amazon Services <donotreply@amazon.com>,Updates to improve your product titles begin on July 27,,"96
 Titles in all categories except for media will need to be 75 characters or less including spaces. A new Item Highlights feature now provides an additional 125 characters for sharing materials.
 Hello,
 Your product titles are one of the first things customers see, and for customers shopping on mobile, every character counts. To ensure your product titles appeal to customers everywhere, we’re making some changes that will help you show your product name and your product highlights seamlessly.
 Starting July 27, 2026 , titles in all categories except for media will need to be 75 characters or less including spaces. This ensures that your title will fully display in mobile and is consistent with the title length used by other online stores.
 Item Highlights provides an additional 125 characters for sharing materials or recommended use cases that help customers compare options. This content is searchable and visible below titles in search results and on product detail pages.
 We’re providing you with AI-powered tools to ensure that your new titles and Item Highlights are optimal. You can start reviewing, modifying, and using AI-recommended titles and Item Highlights today by taking",2026-07-05 22:53:42,RETR,xtbBpQTu1Gopw2RpjwAA3Z
其他风险类,older,account_4,weihaizhongxin2024@126.com,"Wed, 10 Jun 2026 19:18:13 +0000",Amazon Services <donotreply@amazon.com>,Updates to improve your product titles begin on July 27,,"96
 Titles in all categories except for media will need to be 75 characters or less, including spaces. A new item highlights feature now provides an additional 125 characters for sharing materials.
 Hello,
 Your product titles are one of the first things customers see and for customers shopping on mobile, every character counts. To ensure your product titles appeal to customers everywhere, we’re making some changes that will help you show your product name and your product highlights seamlessly.
 Starting July 27, 2026 , titles in all categories except for media will need to be 75 characters or less, including spaces. This ensures that your title will fully display in mobile and is consistent with the title length used by other online stores.
 Item highlights provides an additional 125 characters for sharing materials or recommended use cases that help customers compare options. This content is searchable and visible below titles in search results and on product detail pages.
 We’re providing you with AI-powered tools to ensure that your new titles and item highlights are optimal. You can start reviewing, modifying and using AI-recommended titles and item highlights today by taking",2026-07-05 22:53:42,RETR,xtbBpBkxF2opuHn6jgAA3t
其他风险类,older,account_4,weihaizhongxin2024@126.com,"Wed, 10 Jun 2026 14:50:02 +0000",Amazon Europe <noreply@sell.amazon.com>,Earn up to €240 per shipment with C2S2 PCP Pallets,,"[Amazon logo](https://go.amazonsellerservices.com/e/229492/-logo/7z3yyjt/6708104655/h/1UCuxAj2NkD65NTovD-vcIwWERBh1hVRp_O_epQxzho)
C2S2 PCP Pallet Spring Promotion: Ship More, Save More
Dear Selling Partner,
Whether you're already shipping pallets, using our SPD solution, or exploring cross-border expansion for the first time, now is the time to act. Our Customs Clearance and Shipping Service (C2S2) PCP Pallet Spring Promotion ends June 30, and every qualifying shipment earns you up to €240 in transportation fee reimbursements.
🚀 Prime Days are coming: Start inbounding now to be ready for Prime Day. Ship during the promotion and your inventory arrives at European FCs in time for peak demand, while you earn reimbursements on every shipment.
[Create your next pallet shipment now](https://go.amazonsellerservices.com/e/229492/cb-95cc-4663-98dd-0d07a85a11a0/7z3yyjx/6708104655/h/1UCuxAj2NkD65NTovD-vcIwWERBh1hVRp_O_epQxzho)
Reimbursement Tiers:
Pallets per Shipment
Your Savings
1-5 pallets
€60 reimbursement per shipment
6-10 pallets
€180 reimbursement per shipment
11-15 pallets
€240 reimbursement per shipment
- Automatic tracking: No claims process - we track your shipments automatically
",2026-07-05 22:53:38,RETR,xtbBsx5qUGopeZ43SAAA3M
其他风险类,older,account_4,weihaizhongxin2024@126.com,"Wed, 10 Jun 2026 11:06:34 +0000",Fulfillment by Amazon stranded inventory <donotreply@amazon.com>,Review stranded inventory scheduled for automatic removal,,"96
Fix stranded inventory
 Take action to prevent unnecessary removal of your stranded inventory
 Review stranded inventory scheduled for automatic removal
 You are receiving this message because you have stranded inventory in an Amazon fulfillment center that is scheduled for automatic removal. For a full view of stranded units scheduled for automatic removal, visit the stranded inventory dashboard and sort by Auto removal date.
 Review stranded inventory
 Why is this happening?
 Inventory can be scheduled for automatic removal for a variety of reasons. In this case, the reason is that the inventory is stranded. Stranded inventory is inventory without a buyable offer and requires you to either reactivate the listing or remove the inventory.
 What happens if I don't take action?
 Your stranded inventory will be returned or disposed of based on the settings you selected on ""Fix stranded inventory"". To customize your settings, go to Fix stranded inventory and select Edit automatic action settings.
 If you need more time to appeal or fix a stranded inventory issue, go to Fix stranded inventory and select Delay auto removal for 30 days from the drop-down menu for each listing.
 Report ",2026-07-05 22:53:37,RETR,xtbBpB5FK2opRT5WRwAA39
其他风险类,older,account_4,weihaizhongxin2024@126.com,"Tue, 9 Jun 2026 01:46:42 +0000",Notifications Amazon Seller Central (ne pas répondre) <donotreply@amazon.com>,Mise à jour du statut de matières dangereuses,,"96
 Mise à jour du statut de matières dangereuses
 Mise à jour du statut de matières dangereuses
 Bonjour de la part du service Expédié par Amazon,
 Nous procédons actuellement à un examen des matières dangereuses du ou des produits suivants :
 DOCUMENTATION CONTRADICTOIRE OU MANQUANTE CONCERNANT LES MATIÈRES DANGEREUSES
 ASIN
 SKU vendeur
 FNSKU
 Titre
 B0GKPTF1T7
 WHMKB0615
 X002C14QJT
 Roaxkois Kit de peinture en céramique - Comprend des tasses, des pinceaux, des peintures et des instructions de peinture - Kit de poterie pour la maison - Kit de bricolage pour adultes
 Pourquoi cela se produit
 Nous ne disposons pas d’informations suffisantes concernant les matières dangereuses pour classer correctement le ou les produits ci-dessus. Celui-ci ou ceux-ci ne seront par conséquent pas mis en vente, et vous ne pourrez pas en expédier davantage aux centres de distribution Amazon tant que vous ne nous aurez pas communiqué les informations nécessaires. Nous vous demandons de nous fournir une fiche de sécurité (FDS) ou une fiche d’exemption (pour les produits qui ne contiennent pas de substances chimiques nocives, telles que de l’alcool, de l’acide, du sodium ou les produits qui sont, con",2026-07-05 22:53:31,RETR,xtbBsgahh2oncIbZiwAA37
其他风险类,older,account_4,weihaizhongxin2024@126.com,"Tue, 9 Jun 2026 01:07:01 +0000","""Amazon Seller Central Notifications (Do Not Reply)"" <donotreply@amazon.com>",Dangerous goods (hazmat) status update,,"96
 Dangerous goods (hazmat) status update
 Dangerous goods (hazmat) status update
 Hello from Fulfillment by Amazon,
 We are currently conducting a dangerous goods (hazmat) review of one or more of your products:
 CONFLICTING OR MISSING DG DOCUMENTATION
 ASIN
 Merchant SKU
 FNSKU
 Title
 B0GKPTF1T7
 WHMKB0615
 X002C14QJT
 Roaxkois Kit de peinture en céramique - Comprend des tasses, des pinceaux, des peintures et des instructions de peinture - Kit de poterie pour la maison - Kit de bricolage pour adultes (Ondulé)
 Why this is happening
 We do not have enough dangerous goods information to correctly classify the above products, and until you provide the necessary information, the products will not be available for sale and you will not be able to send more units to Amazon fulfillment centers. We need you to provide a proper Safety Data Sheet (SDS) for each product listed above. You may submit an exemption sheet only if the product does not have an SDS and does not contain any harmful chemicals, such as alcohol, acid, sodium, etc., or if the product is, contains, or is sold with batteries.
 How to continue selling these products
 Please make sure the SDS complies with the following r",2026-07-05 22:53:29,RETR,xtbBpBhMMmonZzhH7wAA34
其他风险类,older,account_4,weihaizhongxin2024@126.com,"Tue, 9 Jun 2026 01:06:59 +0000","""Amazon Seller Central Notifications (Do Not Reply)"" <donotreply@amazon.com>",Dangerous goods (hazmat) status update,,"96
 Dangerous goods (hazmat) status update
 Dangerous goods (hazmat) status update
 Hello from Fulfillment by Amazon,
 We are currently conducting a dangerous goods (hazmat) review of one or more of your products:
 CONFLICTING OR MISSING DG DOCUMENTATION
 ASIN
 Merchant SKU
 FNSKU
 Title
 B0GKPTF1T7
 WHMKB0615
 X002C14QJT
 Roaxkois Ceramic Painting Set | Cups Painting Set Includes Cups, Brushes, Colours and Instructions for Painting | Pottery Set for Home | Craft Set Adults
 Why this is happening
 We do not have enough dangerous goods information to correctly classify the above products, and until you provide the necessary information, the products will not be available for sale and you will not be able to send more units to Amazon fulfillment centers. We need you to provide a proper Safety Data Sheet (SDS) for each product listed above. You may submit an exemption sheet only if the product does not have an SDS and does not contain any harmful chemicals, such as alcohol, acid, sodium, etc., or if the product is, contains, or is sold with batteries.
 How to continue selling these products
 Please make sure the SDS complies with the following requirements:
- Created or updated within",2026-07-05 22:53:29,RETR,xtbBshdLMWonZzdcOwAA3l
其他风险类,older,account_4,weihaizhongxin2024@126.com,"Sun, 7 Jun 2026 07:30:07 +0000",transparency-queue <transparency-queue@amazon.com>,成功进行 OPR 评估所需采取的措施,,"尊敬的Transparency(透明计划)客户：
您好！感谢您在Transparency(透明计划)中注册您的商品。
下表中列出的商品在运营表现评估(OPR)期间贴标表现较差，或在过去的90天内发货数量不足，或代码请求数量为零。我们需要了解您已采取的措施，以进行OPR评估，评估因素可能包括下一批货件的预计发送日期以及Transparency透明计划代码的使用状态，或为防止错误贴标而采取的措施等。
请在接下来的14天内联系您的Transparency(透明计划)经理或者此邮件抄送的客户管理团队，告知以上问题的具体原因和您接下来的行动计划。如果在接下来的14 天内，您并没有联系您的Transparency(透明计划)经理或者此邮件抄送的客户管理团队，或您的商品依然存在以下某项问题，我们将停止该商品的OPR评估： 1) 自该商品开启OPR后的90天内，FBA仓库未收到该商品的贴标货物。 2) 在过去90天收到的贴标货物的贴标准确率低于1%。 3) 自该商品开启OPR后的90天内，未申请任何Transparency透明计划代码或标签。
请注意，Transparency(透明计划)要求每一个独一无二的代码能被正确应用并扫描，以便买家和亚马逊能够可靠地验证每一件商品。如果我们收到未应用Transparency(透明计划)标签或错误应用标签的商品，或者未收到商品货件，这会影响我们对您的商品正品的验证，并影响您享受此项服务的权益。
**表1：在过去的90天内未收到用于OPR评估的商品：
GTIN    ASIN    Product title   # of units received     Total success % % of units with no codes        % of units with incorrect codes
00702291990335  B0FF2ZGWR6      Crifeton        0       0       0       0
00702291990328  B0FF354HSJ      Crifeton        0       0       0       0
*此电子邮件中的列表可能并未显示您的所有商品。我们仅列举出需要引起您注意的商品。
如果您发现您的商品已变成Onboarding状态，并且您希望重新打开OPR， 请您登录Transparency透明计划自助平台重新启用OPR。 请勿回复邮件至 transparency-queue@amazon.com。如果您有任何问题, 请联系您的Transparency(透明计划)经理或此邮件抄送的客户管理团队。
谢谢，
Transparency(透明计划)团队
________________________________
Dear Transp",2026-07-05 22:53:19,RETR,xtbBpQZsUmolHgY1tQAA3K
