category,time_bucket,account,account_user,date,from,subject,hit_keywords,body_preview,detected_at,fetch_mode,uid
法务/侵权类,today,account_4,weihaizhongxin2024@126.com,"Wed, 01 Apr 2026 07:28:21 +0000",Justin Bangina <justin.bangina@vergleich.org>,"🏆 German quality seal for ""Roaxkois Schwimmgurt für Pool"" ",,"Hello from Berlin,
My name is Justin and I am writing to you from Berlin on behalf of
Vergleich.org, an independent German product comparison platform.
I am pleased to inform you that your product ""Roaxkois Schwimmgurt für Pool""
has been awarded by our editorial team in the category [Schwimmgurte
Pool](https://www.vergleich.org/schwimmgurt-pool/).
Why this matters for brands selling to Germany and the EU:
  * German customers strongly rely on independent tests and quality seals
  * External trust signals reduce hesitation and support conversion
  * This is especially relevant on marketplaces such as Amazon.de
We offer a licensing option that allows you to use the official Vergleich.org
quality seal for marketing, product pages and online shops.
👉 Would it be helpful if I send you a short overview with examples and the
licensing framework?
Best regards,
Justin
\--
**Justin Bangina**
Junior Sales Manager B2B
[Hier einen Termin buchen, um mehr über Vergleich.org zu
erfahren!](https://calendly.com/justin-bangina/vgl-vorstellung)
E-Mail: [justin.bangina@vergleich.org](mailto:justin.bangina@vergleich.org)
Telefon: +49 30 83 79 07 04
![](https://closeio-
filepicker.s3.amazonaws.com/2024-0",2026-04-01 08:23:03,RETR,xtbBsxwH7GnMyRzdbQAA3E
法务/侵权类,today,account_4,weihaizhongxin2024@126.com,"Wed, 1 Apr 2026 03:11:45 +0000","""donotreply@amazon.com"" <donotreply@amazon.com>",Transparency Invoice/Credit note for 03/2026,,"96
 Dear Customer,
 Please click on the link below to access your Transparency electronic invoice/credit note in the Transparency Portal. If you see an '...
 Dear Customer,
 Please click on the link below to access your Transparency electronic invoice/credit note in the Transparency Portal. If you see an 'Access Denied' error message when you use the link below and are not able to access the invoice/credit note, then please email transparency-support@amazon.com with your profile link (see instructions below).
 [Link to invoice Dashboard]
 Frequently Asked Questions (FAQ)
- I see 'Access Denied' message after logging into the Transparency Portal, what should I do?
- Please log into your Amazon.com account associated with this email address. If you don't have an account, please create one with this email address.
- Go to http://www.amazon.com/profile .
- Copy the URL that was generated in the search bar. The profile link you need to provide will look similar to this: https://www.amazon.com/gp/profile/amzn1.account.XXXXXXXXXXXXXXXXXXXXXXXX
- Create an email to transparency-support@amazon.com , paste the URL that you copied into the body of the email, and click 'Send'.
 We will provide",2026-04-01 08:23:02,RETR,xtbBpRXt02nMjPUddwAA34
法务/侵权类,today,account_4,weihaizhongxin2024@126.com,"Wed, 1 Apr 2026 00:25:14 +0000",Amazon Europe <noreply@sell.amazon.com>,规划您的亚马逊科技周促销活动,,"立即规划您的促销
尊敬的卖家：
通过为您的科技类商品（例如电子产品、无线设备、个人电脑、家电、相机和家庭娱乐）提报Z划算和促销（价格折扣以及优惠券），来为亚马逊科技周做好准备。
请为您的产品提报活动期间的促销。
关键日期
活动日期： 2026年4月22日至28日
Z划算提报截止日期： 2026年4月21日
优惠券和价格折扣提报截止日期： 活动结束前 12 小时
即刻提报您的促销活动 > https://go.amazonsellerservices.com/e/229492/-ld-DC-EM-D406077444-Wk14/7z2jchm/6583961664/h/6uxcmFkGPgqaiTHA6d4NlIB0JroLxxyn8OF7JNqD7Bo
您的 ASIN 推荐清单
以下是为您精选的推荐 ASIN，用于提交至科技周活动。
<div style=""padding: 0 20px; ""><table style=""width:100%; border-collapse:collapse; text-align:center; font-family:Amazon Ember Display, Arial, sans-serif; border:2px solid #868D95; border-radius:10px 10px 0 0; overflow:hidden; ""><thead><tr style=""background-color:#dfdad5;""><th style=""padding:10px; border-right:2px solid #868D95; font-size:14px; letter-spacing:none; line-height:1.2; text-align:center; mso-line-height-alt:1.063em; color:#000000;"">站点</th><th style=""padding:10px; border-right:2px solid #868D95; font-size:14px; letter-spacing:none; line-height:1.2; text-align:center; mso-line-height-alt:1.063em; color:#000000;"">ASIN</th></tr></thead><tbody><tr><td style=""padding:10px; border-top:2px solid #868D95; border-right:2px solid #868D95; font-size:14px; letter-spacing:none; line-height:1.2; text-align:center; mso-",2026-04-01 08:23:02,RETR,xtbBpA8iCGnMZe+AbAAA3C
其他风险类,today,account_4,weihaizhongxin2024@126.com,"Wed, 1 Apr 2026 00:16:39 +0000","""Amazon.com"" <donotreply@amazon.com>",View your US Q2-2026 CSBA fee rate,,"96
 (Important) CSBA US Fee rate for Q2-2026
 Review your updated Customer Service by Amazon fee rate and metrics
 Hello,
 This is your quarterly update regarding Customer Service by Amazon (CSBA) fees.
 Your CSBA fee rate for Q2-2026 (Apr 1, 2026 through Jun 30, 2026) will be based on your performance metrics from Q1-2026 (Jan 1, 2026 through Mar 25, 2026). To learn more about program fees, go to Customer Service by Amazon fees .
 Fee tier & rate
 Q1-2026 contacts
 0
 Q1-2026 self-fulfilled shipped units
 0
 Q1-2026 contacts per unit (CPU¹)
 N/A%
 Q2-2026 fee rate² ($ per self-fulfilled shipped unit)
 $0.00
 ¹ Contacts per unit (CPU) = CSBA contacts / self-fulfilled shipped units
 ² Your fee rate for the previous quarter was $0.00.
 CSBA Insights Dashboard
 Get the most out of Customer Service by Amazon
 Use the CSBA Insights dashboard in Seller Central to:
- Review customer service contacts handled by Amazon
- Find ways to improve customer experience
- Reduce contact and return rates
 Follow these practices to prevent customer confusion and minimize your workload:
- Monitor the Response Needed inbox within the Buyer-Seller Messaging Service . In the rare case that we need your he",2026-04-01 08:23:01,RETR,xtbBswqghmnMY+qAmwAA3o
店铺绩效类,last7,account_4,weihaizhongxin2024@126.com,"Tue, 31 Mar 2026 06:25:09 +0000","""Amazon.com"" <fba-noreply@amazon.com>",Your FBA request is complete (CQhO1/+c38),,"Greetings from Amazon.com
We thought you'd like to know that we have completed your destroy request.
You can track the status of this request by visiting your Seller Account at:
https://sellercentral-europe.amazon.com/
For a complete list of inventory being destroyed, go to:
https://sellercentral-europe.amazon.com/gp/orders/fba-order-details.html?orderID=S02-5850124-1743211
Please note: this email was sent from a notification-only address that
cannot accept incoming e-mail. Please do not reply to this message.
Thank you for using Fulfillment by Amazon.
------------------------------------------------------------------------------
Fulfilment by Amazon – let Amazon pick, pack and ship your orders domestically
and EU wide.
------------------------------------------------------------------------------
Was this e-mail helpful? https://sellercentral.amazon.co.uk/gp/satisfaction/survey-form.html?ie=UTF8&HMDName=NotificationBusEmailHMD&customAttribute1Value=PRODUCT_REMOVAL_ORDER_SHIPPED_NOW
SPC-EUAmazon-650912521107592",2026-04-01 08:22:59,RETR,xtbBpQeYfmnLaMd2QAAA3-
店铺绩效类,last7,account_4,weihaizhongxin2024@126.com,"Thu, 26 Mar 2026 16:14:53 +0000",Amazon Services <seller-notification@amazon.ca>,"Balance Paid on your Amazon Seller Account / Paiement du solde de
 votre compte vendeur Amazon",,"Greetings from Amazon Services.
 We have charged your credit card (Visa) for CDN$ 44.65 in an attempt to settle your Amazon.ca seller account balance.
 Note that the amount charged to your credit card may be less than the total amount you owe due to a credit limit imposed by your bank. If that is the case, we will continue to charge your card as often as every 24 hours until the remaining balance in your Amazon seller account is paid in full.
 You can also use the Make a Payment feature to repay the balance you owe. For details, go to seller Help, and search for “Make a Payment.”
 You can view your payment activity at any time by logging in to your seller account and going to your Payments Report.
 Thank you for selling on Amazon.ca.
 Amazon Services
 *****
 Bonjour d’Amazon Services,
 Nous avons débité votre carte bancaire (Visa) pour CDN$ 44.65 pour le règlement du solde de votre compte vendeur.
 Le montant débité sur votre carte bancaire peut être inférieur au montant total impayé si vous disposez d'une limite de crédit imposée par votre banque. Nous continuerons d'essayer de débiter votre carte bancaire toutes les 24 heures jusqu'à ce que le solde restant de votre compte soit e",2026-04-01 08:22:48,RETR,xtbBpQDCqGnFW4BX+gAA3V
店铺绩效类,last7,account_4,weihaizhongxin2024@126.com,"Wed, 25 Mar 2026 10:55:21 +0000","""Amazon.com"" <fba-noreply@amazon.com>",Your FBA request is complete (kpCypnMqWe),,"Greetings from Amazon.com
We thought you'd like to know that we have completed your destroy request.
You can track the status of this request by visiting your Seller Account at:
https://sellercentral-europe.amazon.com/
For a complete list of inventory being destroyed, go to:
https://sellercentral-europe.amazon.com/gp/orders/fba-order-details.html?orderID=S02-1188095-0289626
Please note: this email was sent from a notification-only address that
cannot accept incoming e-mail. Please do not reply to this message.
Thank you for using Fulfillment by Amazon.
------------------------------------------------------------------------------
Fulfilment by Amazon – let Amazon pick, pack and ship your orders domestically
and EU wide.
------------------------------------------------------------------------------
Was this e-mail helpful? https://sellercentral.amazon.co.uk/gp/satisfaction/survey-form.html?ie=UTF8&HMDName=NotificationBusEmailHMD&customAttribute1Value=PRODUCT_REMOVAL_ORDER_SHIPPED_NOW
SPC-EUAmazon-1372192148348110",2026-04-01 08:22:46,RETR,xtbBsx5CKGnDvx78YAAA3Q
付款/资金类,last7,account_4,weihaizhongxin2024@126.com,"Tue, 31 Mar 2026 12:51:47 +0000",Amazon Europe <donotreply@amazon.com>,Eco-contribution and EPR Pay on Behalf service fee charges,,"Amazon Services
 96
 Review details about your EPR Pay on Behalf reserved amount
 Hello,
 Starting 01-04-2026, we'll hold €501.64 from your payments to cover the eco-contribution fees and Extended Producer Responsibility (EPR) Pay on Behalf service fees for sales of products subject to EPR obligations in our Amazon.es - Amazon.fr store in 2025.
 EPR Pay on Behalf calculates and pays eco-contribution fees for your sales, then debits those amounts from your account. Once fees are charged, any excess reserves will return to your account.
 Our records show you have products listed in the following EPR categories:
 - Do-it-yourself (DIY)
 - Electronical and electrical equipment
 - Packaging
 - Sports
 - Textile
 - Toys
 The amount held back is a combination of two fees:
 Due eco-contribution fees - €299.7
 EPR Pay on Behalf service fees - €201.94
 After 01-04-2026, to review your ASIN-level calculations, reserved amount details, and the reporting period for each EPR category, go to the EPR Pay on Behalf dashboard .
 The reserved amount will be adjusted monthly according to your sales volume. If the reserved amount isn't enough to cover the eco-contributions, we'll charge the additional ",2026-04-01 08:23:00,RETR,xtbBpAZXPWnLw2aDjQAA3B
付款/资金类,last7,account_4,weihaizhongxin2024@126.com,"Mon, 30 Mar 2026 15:13:23 +0000",Amazon Services <donotreply@amazon.com>,Your payment is on the way,,"96
This title will display on mobile devices
 Congratulations! Your payment is on the way and will arrive soon.
 Disbursement Attempted
Congratulations Weihai EU! Your payment is on the way and will arrive within three to five days.
On 03/30/26 15:13 CEST, we initiated a transfer to your payment method (bank account ending in 229) in the amount of €
 133.79.
 If the amount is less than expected, here are a few questions to consider:
 Do you have an unavailable balance? Amazon might be reserving money to cover potential returns, claims, or chargebacks from buyers. If this is the case, the closing balance in your Payment Report will display the unavailable balance that is reserved.
 Did your sales cover all fees and returns for this statement period? The payment amount reflects sales activities, selling fees, and fees for promotions or services. We recommend reviewing your Payment Report under the Reports tab in Seller Central to understand your closing balance.
To learn more about Payment Reports in Seller Central, please visit our official course.
We wish you continued success!
Thank you for selling in the Amazon store,
Amazon Services
Help us improve your payment experience on Ama",2026-04-01 08:22:56,RETR,xtbBpRb23GnKkxYVQwAA3p
付款/资金类,last7,account_4,weihaizhongxin2024@126.com,"Thu, 26 Mar 2026 17:33:22 +0000",Amazon Services <donotreply@amazon.com>,View your China tax report for October - December 2025,,"96
 We’ve submitted your quarterly tax report to the Chinese tax authority. You can now download the report for reference.
 Hello,
 According to rules for online stores issued by the State Council of China (Decree No. 810), we are required to provide information on China-based sellers to the Chinese tax authority on a quarterly basis.
 We’ve submitted your quarterly tax report covering October to December 2025, which includes your identity information, number of transactions, revenue, and commission and service fees.
 Download your quarterly report (link active for seven days)
This report is provided for your reference only, no action is required.
 Based on your feedback, we’ve also provided a more granular order-level report that displays your quarterly information by transaction.
 Download your order-level report (link active for seven days)
Note: Variation between the data in these reports and your payment and Amazon VAT transactions report is expected. Each report uses distinct methodology and serves a different purpose.
 We’ll continue to provide you with quarterly updates on data shared with the Chinese tax authority.
 For more information, go to China tax information reporti",2026-04-01 08:22:48,RETR,xtbBswZgRmnFbeatRwAA3e
产品链接/合规类,last7,account_4,weihaizhongxin2024@126.com,"Tue, 31 Mar 2026 21:25:34 +0000","""Amazon Seller Central notifications (Do not reply)"" <donotreply@amazon.com>",Address compliance requirements for your listings,,"96
Action required: Important information about your product listings
 We are contacting you because you have listed products that require you to submit compliance documents.
 Product listings are missing required compliance documents
 Hello,
 We are contacting you because you have listed products that require you to submit compliance documents. Click on Review Compliance Requirements below to see the list of affected products and submit the required compliance documents. If you do not submit the documents by the due date indicated for each product in this link, we may remove the affected listings.
 Review Compliance Requirements
 The table below contains a sample of your affected listings. Click on Review Compliance Requirements to see all of your affected listings.
 SKU ASIN Listing Status WH-PW Kit0806 B0DSM44PRS Removed
 Why is this happening?
This requirement helps to ensure that products are compliant with local laws and safe for customers.
 How do I continue to sell the affected products?
Click on Review Compliance Requirements to find out more information about the documents you need to provide for each product.
 Was there an error?
If you believe that you do not need to su",2026-04-01 08:23:01,RETR,xtbBsxGQdmnMO9GIQgAA3B
产品链接/合规类,last7,account_4,weihaizhongxin2024@126.com,"Mon, 30 Mar 2026 07:07:52 +0000",Amazon Services <donotreply@amazon.com>,Submit product safety documentation to reactivate listings,,"96
 Submit product safety documentation to reactivate listings
 Hello Weihai CA,
 Some of your listings have been deactivated due to missing mandatory compliance requirements for your products. Review the details and next steps below. The affected listings are shown at the end of this email.
 Why is this happening?
 We are taking this action because these products are missing mandatory compliance information. Review our Product safety and compliance help page for information on applicable laws, regulations and Amazon policies. We leveraged a combination of automated means and expert human review to identify this issue and make this decision.
 The table at the end of this email provides product-specific compliance requirements.
 How do I reactivate my listings?
 To provide the required compliance information, go to your Account Health page and locate the product compliance requests:
-
 If you have the required documentation, follow the instructions to submit your compliance documents. We will only reinstate products that fulfil the compliance requirements.
-
 If you believe your products are exempt from these requirements, submit documentation demonstrating why they are not subject ",2026-04-01 08:22:55,RETR,xtbBsgxoTmnKIUy8CwAA3h
产品链接/合规类,last7,account_4,weihaizhongxin2024@126.com,"Sat, 28 Mar 2026 13:21:45 +0000",Amazon Services <donotreply@amazon.com>,Submit product safety documentation to reactivate listings,,"96
 Submit product safety documentation to reactivate listings
 Hello Weihai CA,
 Some of your listings have been deactivated due to missing mandatory compliance requirements for your products. Review the details and next steps below. The affected listings are shown at the end of this email.
 Why is this happening?
 We are taking this action because these products are missing mandatory compliance information. Review our Product safety and compliance help page for information on applicable laws, regulations and Amazon policies. We leveraged a combination of automated means and expert human review to identify this issue and make this decision.
 The table at the end of this email provides product-specific compliance requirements.
 How do I reactivate my listings?
 To provide the required compliance information, go to your Account Health page and locate the product compliance requests:
-
 If you have the required documentation, follow the instructions to submit your compliance documents. We will only reinstate products that fulfil the compliance requirements.
-
 If you believe your products are exempt from these requirements, submit documentation demonstrating why they are not subject ",2026-04-01 08:22:53,RETR,xtbBsw384mnH1e3FsgAA3B
产品链接/合规类,last7,account_4,weihaizhongxin2024@126.com,"Sat, 28 Mar 2026 13:01:16 +0000",Amazon Services <donotreply@amazon.com>,Submit product safety documentation to reactivate listings,,"96
 Submit product safety documentation to reactivate listings
 Hello Weihai US,
 Some of your listings have been deactivated due to missing mandatory compliance requirements for your products. Review the details and next steps below. The affected listings are shown at the end of this email.
 Why is this happening?
 We are taking this action because these products are missing mandatory compliance information. Review our Product safety and compliance help page for information on applicable laws, regulations, and Amazon policies. We leveraged a combination of automated means and expert human review to identify this issue and make this decision.
 The table at the end of this email provides product-specific compliance requirements.
 How do I reactivate my listings?
 To provide the required compliance information, go to your Account Health page and locate the product compliance requests:
-
 If you have the required documentation, follow the instructions to submit your compliance documents. We will only reinstate products that fulfill the compliance requirements.
-
 If you believe your products are exempt from these requirements, submit documentation demonstrating why they are not subjec",2026-04-01 08:22:53,RETR,xtbBpADIrmnH0SCUAQAA3I
产品链接/合规类,last7,account_4,weihaizhongxin2024@126.com,"Fri, 27 Mar 2026 14:37:14 +0000",Sell with Amazon <no-reply@sell.amazon.com>,Live Q&A on customer feedback with experienced sellers,,"[Amazon logo](https://go.amazonsellerservices.com/e/229492/-ref--spc-em-na-frm-20260324/7z2bw3r/6577485148/h/BOm7kDreq_ieAJ8P9nkJWZ402nkYiTu_wgkPAn3aZYs)
Connect with sellers experienced in customer feedback
Join us on March 31 for a live Q&A event in the New Seller Community. Experienced Amazon selling partners will answer your customer feedback questions, offering insights from their own journey.
Before the event, post your toughest questions about managing feedback, buyer-seller messaging, and customer relations.
[Post your question](https://go.amazonsellerservices.com/e/229492/71-ref--spc-em-na-frm-20260324/7z2bw3v/6577485148/h/BOm7kDreq_ieAJ8P9nkJWZ402nkYiTu_wgkPAn3aZYs)
[An Amazon delivery driver walks next to an Amazon Prime delivery van.](https://go.amazonsellerservices.com/e/229492/71-ref--spc-em-na-frm-20260324/7z2bw3v/6577485148/h/BOm7kDreq_ieAJ8P9nkJWZ402nkYiTu_wgkPAn3aZYs)
Meet our hosts
[A checkmark icon]
Amazon Seller: TVOI50
Hi, my name is Tish. We’ve been selling on Amazon for 5 years in the Office Furniture category. We are FBM, an authorized re-seller for a major furniture manufacturer and strive to make every transaction a seamless one. If it’s not, our customer",2026-04-01 08:22:52,RETR,xtbBpR24nmnGlh3T6AAA3B
产品链接/合规类,last7,account_4,weihaizhongxin2024@126.com,"Fri, 27 Mar 2026 13:18:53 +0000",Amazon Services <donotreply@amazon.com>,Submit product safety documentation to reactivate listings,,"96
 Submit product safety documentation to reactivate listings
 Hello Weihai EU,
 Some of your listings have been deactivated due to missing mandatory compliance requirements for your products. Review the details and next steps below. The affected listings are shown at the end of this email.
 Why is this happening?
 We are taking this action because these products are missing mandatory compliance information. Review our Product safety and compliance help page for information on applicable laws, regulations, and Amazon policies. We leveraged a combination of automated means and expert human review to identify this issue and make this decision.
 The table at the end of this email provides product-specific compliance requirements.
 How do I reactivate my listings?
 To provide the required compliance information, go to your Account Health page and locate the product compliance requests:
-
 If you have the required documentation, follow the instructions to submit your compliance documents. We will only reinstate products that fulfill the compliance requirements.
-
 If you believe your products are exempt from these requirements, submit documentation demonstrating why they are not subjec",2026-04-01 08:22:51,RETR,xtbBpAEdA2nGg8EvzAAA31
产品链接/合规类,last7,account_4,weihaizhongxin2024@126.com,"Fri, 27 Mar 2026 13:13:28 +0000",Amazon Services <donotreply@amazon.com>,Submit product safety documentation to reactivate listings,,"96
 Submit product safety documentation to reactivate listings
 Hello Weihai CA,
 Some of your listings have been deactivated due to missing mandatory compliance requirements for your products. Review the details and next steps below. The affected listings are shown at the end of this email.
 Why is this happening?
 We are taking this action because these products are missing mandatory compliance information. Review our Product safety and compliance help page for information on applicable laws, regulations and Amazon policies. We leveraged a combination of automated means and expert human review to identify this issue and make this decision.
 The table at the end of this email provides product-specific compliance requirements.
 How do I reactivate my listings?
 To provide the required compliance information, go to your Account Health page and locate the product compliance requests:
-
 If you have the required documentation, follow the instructions to submit your compliance documents. We will only reinstate products that fulfil the compliance requirements.
-
 If you believe your products are exempt from these requirements, submit documentation demonstrating why they are not subject ",2026-04-01 08:22:51,RETR,xtbBpBzLsWnGgnwkSgAA39
产品链接/合规类,last7,account_4,weihaizhongxin2024@126.com,"Fri, 27 Mar 2026 12:51:52 +0000",Amazon Services <donotreply@amazon.com>,Submit product safety documentation to reactivate listings,,"96
 Submit product safety documentation to reactivate listings
 Hello Weihai US,
 Some of your listings have been deactivated due to missing mandatory compliance requirements for your products. Review the details and next steps below. The affected listings are shown at the end of this email.
 Why is this happening?
 We are taking this action because these products are missing mandatory compliance information. Review our Product safety and compliance help page for information on applicable laws, regulations, and Amazon policies. We leveraged a combination of automated means and expert human review to identify this issue and make this decision.
 The table at the end of this email provides product-specific compliance requirements.
 How do I reactivate my listings?
 To provide the required compliance information, go to your Account Health page and locate the product compliance requests:
-
 If you have the required documentation, follow the instructions to submit your compliance documents. We will only reinstate products that fulfill the compliance requirements.
-
 If you believe your products are exempt from these requirements, submit documentation demonstrating why they are not subjec",2026-04-01 08:22:50,RETR,xtbBpQuFa2nGfWv2XwAA3Q
产品链接/合规类,last7,account_4,weihaizhongxin2024@126.com,"Fri, 27 Mar 2026 08:16:10 +0000","""fba-3p-buyability-improvement-us@amazon.com"" <fba-3p-buyability-improvement-us@amazon.com>",Action Required: Website Suppressed ASINs,,"Dear Seller,
We are part of Buyability Audit team at Amazon. The Buyability program aims to identify and eliminate root causes leading to Buyability drop-off. We are contacting you to let you know that you could be missing out on sales opportunities due to the suppression of some of your ASINs.
We recommend you submit the required documents to un-suppress your ASIN and activate your listings.
Here is a sample of your suppressed ASINs:
B0FCDRNTT8, B0D7SKQ6GC
You can download the full list of your suppressed ASINs from the following path “Catalog” >> “Complete your drafts” >> “Completed with Issues” >> “Detail page removed”
https://sellercentral.amazon.com/fixyourproducts/drafts
To upload the required documents or to appeal to un-suppressed an ASIN, please follow these instructions  login to your seller central account and go to “Performance” >> “Account Health”>> “Documentation Requests” under “Product Compliance request” on the right below corner >> “Provide documents” and choose to upload documents or to appeal.
https://sellercentral.amazon.com/performance/account/health/compliance-request
If you need further help, please raise a case via contact us. - https://sellercentral.amazo",2026-04-01 08:22:49,RETR,xtbBsg9ONGnGPM-gSQAA3y
产品链接/合规类,last7,account_4,weihaizhongxin2024@126.com,"Thu, 26 Mar 2026 15:17:29 +0000","""fba-3p-buyability-improvement-us@amazon.com"" <fba-3p-buyability-improvement-us@amazon.com>",Action Required: Website Suppressed ASINs,,"Dear Seller,
We are part of Buyability Audit team at Amazon. The Buyability program aims to identify and eliminate root causes leading to Buyability drop-off. We are contacting you to let you know that you could be missing out on sales opportunities due to the suppression of some of your ASINs.
We recommend you submit the required documents to un-suppress your ASIN and activate your listings.
Here is a sample of your suppressed ASINs:
B0D7SKQ6GC, B0FCDRNTT8
You can download the full list of your suppressed ASINs from the following path “Catalog” >> “Complete your drafts” >> “Completed with Issues” >> “Detail page removed”
https://sellercentral.amazon.com/fixyourproducts/drafts
To upload the required documents or to appeal to un-suppressed an ASIN, please follow these instructions  login to your seller central account and go to “Performance” >> “Account Health”>> “Documentation Requests” under “Product Compliance request” on the right below corner >> “Provide documents” and choose to upload documents or to appeal.
https://sellercentral.amazon.com/performance/account/health/compliance-request
If you need further help, please raise a case via contact us. - https://sellercentral.amazo",2026-04-01 08:22:47,RETR,xtbBpQxiSGnFTgy87wAA3+
法务/侵权类,last7,account_4,weihaizhongxin2024@126.com,"Tue, 31 Mar 2026 15:17:53 +0000",Amazon Multi-Channel Fulfillment Team <multichannelfulfillment@supplychain.amazon.com>,Third Reminder: Upcoming changes to MCF and Buy with Prime packaging,,"Third Reminder: Upcoming changes to MCF and Buy with Prime packaging
Dear there,
Thank you again for being a valued member of the Amazon Multichannel Fulfillment (MCF) and Buy with Prime community. We are reaching again out to make sure you have seen that starting in April 2026, MCF and Buy with Prime will introduce two updates to how orders are packaged and shipped in the United States:
Packing slips will no longer be included by default.
Items already certified for the Ships in Product Packaging (SIPP) program on Amazon.com will ship without an Amazon overbox by default.
In addition, eligible MCF and Buy with Prime SIPP shipments will receive a discount. See the SIPP for MCF help content for details.
https://www2.amazonsupplychain.com/e/949422/ence-external-GVCFXDFYNCTFLTTQ/61cb1y/1376709412/h/1WNFlb9vThQHSQY7UXRXBztlSOEepEEyvW_3PEnZTWk
Packing slips will no longer be included by default.
Items already certified for the Ships in Product Packaging (SIPP) program on Amazon.com will ship without an Amazon overbox by default.
In addition, eligible MCF and Buy with Prime SIPP shipments will receive a discount. See the SIPP for MCF help content for details.
These updates support Amazon",2026-04-01 08:23:00,RETR,xtbBswTv1WnL5aSY9wAA3B
法务/侵权类,last7,account_4,weihaizhongxin2024@126.com,"Mon, 30 Mar 2026 18:08:20 +0000",Fulfillment by Amazon <no-reply@amazon.com>,Tus límites de capacidad de Logística de Amazon para abril,,"96
 Tus límites de capacidad de Logística de Amazon para abril
 Hola:
 Se confirmaron tus límites de capacidad para el próximo periodo.
 Pronóstico de capacidad para el periodo del abr. 1 al 30, a partir del mar. 28:
 Tipo de almacenamiento
 Límite de capacidad total (metros cúbicos)
 Tamaño estándar
 16.42
 Tamaño grande
 21.66
 Para ver tus límites más actualizados, así como los límites de capacidad estimados para los dos meses siguientes, ve a los envíos de Logística de Amazon .
 En la siguiente tabla, se muestra el uso de la capacidad de Logística de Amazon a partir del mar. 27.
 Tipo de almacenamiento
 Uso sin los envíos abiertos incluidos (metros cúbicos)
 Uso con los envíos abiertos incluidos (metros cúbicos)
 Tamaño estándar
 0.00
 0.00
 Tamaño grande
 0.00
 0.00
 Cómo se establecen los límites de capacidad de Logística de Amazon
 Tus límites de capacidad dependen de tu puntuación del índice de desempeño de inventario y otros factores, como las proyecciones de ventas para tus ASIN, la capacidad del centro de distribución y el plazo de entrega de los envíos. Las estimaciones variarán en función de los cambios en tu puntuación del índice de desempeño de inventario y pueden au",2026-04-01 08:22:57,RETR,xtbBpBhCKGnKvBgSpAAA3n
法务/侵权类,last7,account_4,weihaizhongxin2024@126.com,"Mon, 30 Mar 2026 15:23:46 +0000","""Amazon.de"" <store-news@amazon.de>",Dein Einkaufswagen wartet,,"https://www.amazon.de/gp/cart/view.html?ref_=cor
Feuerfeste Unterlage, 130 × 80cm Hitzebeständig bis 1800°F Hitzeschutzmatte, Grillmatte, Feuerschutzmatte, Fallschutzmatten Outdoor, Bodenschutzmatte, BBQ Grill Matte für Gasgrill Holzkohlegrill
 18,45 €
https://www.amazon.de/gp/product/B0DRC8LPGS/?ref_=
Einkaufswagen anzeigen
https://www.amazon.de/gp/cart/view.html?ref_=cor
Schaue dir weitere Optionen an
WOCVRYY130x160cm BBQ-Bodenschutzmatte Feuerschalenmatte Gasgrillmatte Unter Fireproof Underlay Wiederverwendbar,Antihaft-Material,Anti-Fall,Leicht zu reinigen und wasserdicht
 22,99 €
https://www.amazon.de/gp/product/B0CQNQ2YY3/?ref_=ci_mcx_mr_2p_0_lm
Alckijy Feuerfeste Unterlage | 100 * 150cm Faltbare Hitzeschutzmatte | Bodenschutzmatte | Grillmatten | Bodenmatte | Grillteppich | Funkenschutzplatte | für BBQ Grills Kaminöfen Boden Rasen usw
 20,15 €
https://www.amazon.de/gp/product/B0CSGBZG8W/?ref_=ci_mcx_mr_2p_1_lm
Weber Grillmatte - Klein (120 x 80cm), schützt Terasse/Balkon vor Fettspritzern oder tropfenden Flüssigkeiten, hitze- &amp; witterungsbeständiges antibakteriellles Material, für alle Grills (17897)
 -19 % 25,20 € UVP: 31,08 €
https://www.amazon.de/gp/product/B07ZCJHJQK/",2026-04-01 08:22:56,RETR,xtbBsguUemnKlYsqFQAA3V
法务/侵权类,last7,account_4,weihaizhongxin2024@126.com,"Sat, 28 Mar 2026 15:19:12 +0000",Amazon Services <donotreply@amazon.com>,Pagamento elaborato con successo,,"96
This title will display on mobile devices
 Congratulazioni. Il pagamento è stato elaborato con successo e ti sarà accreditato a breve.
 Tentativo di pagamento
Congratulazioni Weihai EU! Il pagamento è stato elaborato con successo e ti sarà accreditato nel giro di da tre a cinque giorni.
In data 03/28/26 15:19 CET, abbiamo avviato un trasferimento sul tuo metodo di pagamento (conto bancario che termina con 229) dell’importo di €
 217,83.
 Se l’importo è inferiore a quanto atteso, tieni in considerazione le seguenti domande:
 Hai un saldo non disponibile? Amazon potrebbe trattenere una certa somma per coprire i costi di eventuali resi, reclami o contestazioni di una transazione (chargeback) da parte degli acquirenti. In questo caso, il saldo finale nel tuo report sui pagamenti mostrerà il saldo non disponibile corrispondente alla cifra trattenuta.
 Le tue vendite coprono tutte le commissioni e i resi per questo ciclo di fatturazione? L’importo del pagamento rispecchia le attività di vendita, le commissioni di vendita e le tariffe per promozioni o servizi. Ti consigliamo di rivedere il report sui pagamenti nella scheda Report di Seller Central per comprendere le diverse spese che p",2026-04-01 08:22:54,RETR,xtbBpBXly2nH8XVjHgAA3I
法务/侵权类,last7,account_4,weihaizhongxin2024@126.com,"Fri, 27 Mar 2026 13:18:58 +0000",Amazon Services <donotreply@amazon.com>,Przesyłanie dokumentacji dotyczącej bezpieczeństwa produktu w celu ponownego aktywowania ofert,,"96
 Przesyłanie dokumentacji dotyczącej bezpieczeństwa produktu w celu ponownego aktywowania ofert
 Dzień dobry Weihai EU,
 niektóre z Twoich ofert zostały zdezaktywowane z powodu niespełnienia obowiązków dotyczących zgodności wystawianych przez Ciebie produktów z wymogami. Poniżej znajdziesz szczegółowe informacje oraz dalsze instrukcje. Oferty produktów, których dotyczy problem, wskazano na końcu niniejszej wiadomości e-mail.
 Dlaczego tak się stało?
 Podjęliśmy to działanie, ponieważ w przypadku tych produktów nie dostarczono obowiązkowych informacji dotyczących zgodności z wymogami. Więcej informacji na temat mających zastosowanie przepisów ustawowych i wykonawczych oraz zasad Amazon znajdziesz na stronie Bezpieczeństwo i zgodność produktu z wymogami . Do identyfikacji problemu i podjęcia decyzji wykorzystaliśmy zautomatyzowane narzędzia, a otrzymane za ich pomocą wyniki poddaliśmy weryfikacji przez eksperta.
 Informacje na temat wymogów dotyczących zgodności dla poszczególnych produktów znajdziesz w tabeli na końcu tej wiadomości e-mail.
 Jak mogę ponownie aktywować oferty?
 Aby dostarczyć niezbędne informacje dotyczące zgodności z wymogami, przejdź do panelu Kondycja konta i ",2026-04-01 08:22:52,RETR,xtbBpQQeBGnGg8Qu3gAA3j
法务/侵权类,last7,account_4,weihaizhongxin2024@126.com,"Fri, 27 Mar 2026 13:14:09 +0000",Amazon Services <donotreply@amazon.com>,"Invia la documentazione sulla sicurezza del prodotto per riattivare
 le offerte",,"96
 Invia la documentazione sulla sicurezza del prodotto per riattivare le offerte
 Gentile Weihai EU,
 Alcune delle tue offerte sono state disattivate a causa della mancanza di alcuni requisiti di conformità obbligatori per i tuoi prodotti. Rivedi i dettagli e i passi successivi riportati di seguito. Puoi visualizzare le offerte interessate in fondo a questa e-mail.
 Ciò a cosa è dovuto?
 Abbiamo intrapreso questo provvedimento in quanto i tuoi prodotti non dispongono delle informazioni obbligatorie sulla conformità. Consulta la pagina di aiuto Sicurezza e conformità dei prodotti per informazioni sulle leggi, le normative e le politiche di Amazon applicabili. Questa decisione è stata presa sulla base dei risultati di un'analisi effettuata in parte tramite revisione umana e in parte per mezzo di sistemi automatizzati.
 La tabella alla fine di questa e-mail contiene i requisiti di conformità specifici per i prodotti.
 Come faccio a riattivare le mie offerte?
 Per fornire le informazioni di conformità richieste, vai alla pagina Stato dell'account per individuare le richieste di conformità dei prodotti:
-
 Se disponi della documentazione richiesta, segui le istruzioni per inviare i do",2026-04-01 08:22:51,RETR,xtbBsgXVu2nGgqUv7AAA3S
法务/侵权类,last7,account_4,weihaizhongxin2024@126.com,"Fri, 27 Mar 2026 13:14:05 +0000",Amazon Services <donotreply@amazon.com>,Skicka in produktsäkerhetsdokumentation för att återaktivera produktposter,,"96
 Skicka in produktsäkerhetsdokumentation för att återaktivera produktposter
 Hej Weihai EU!
 Vissa av dina produktposter har inaktiverats på grund av att det saknas obligatorisk överensstämmelse för dina produkter. Granska informationen och följande steg nedan. De berörda produktposterna visas i slutet av det här e-postmeddelandet.
 Varför händer det här?
 Vi vidtar den här åtgärden eftersom det saknas obligatorisk information om överensstämmelse för de här produkterna. Läs vår hjälpsida för Produktsäkerhet och -överensstämmelse för information om tillämpliga lagar, förordningar och Amazons policyer. Vi har använt oss av både automatiserade metoder och mänskliga expertgranskare för att identifiera problemet och fatta det här beslutet.
 Tabellen i slutet av detta e-postmeddelande innehåller produktspecifika krav för överensstämmelse.
 Hur återaktiverar jag mina produktposter?
 Om du vill tillhandahålla den begärda överensstämmelseinformationen går du till sidan Kontostatus och letar upp begäranden om produktöverensstämmelse:
-
 Om du har den obligatoriska dokumentationen ska du skicka in dina överensstämmelsedokument enligt instruktionerna. Vi återaktiverar endast produkter som u",2026-04-01 08:22:51,RETR,xtbBswHUumnGgqEuQgAA38
法务/侵权类,last7,account_4,weihaizhongxin2024@126.com,"Fri, 27 Mar 2026 13:10:09 +0000",Amazon Services <donotreply@amazon.com>,Soumettre la documentation de sécurité des produits pour réactiver les mises en vente,,"96
 Soumettre la documentation de sécurité des produits pour réactiver les mises en vente
 Bonjour Weihai EU,
 Certaines de vos mises en vente ont été désactivées, car vos produits ne respectaient pas des exigences de conformité obligatoires. Consultez les détails et les étapes suivantes ci-dessous. Les produits mis en vente concernés figurent à la fin de cet e-mail.
 Pourquoi cela se produit-il ?
 Nous prenons cette mesure, car ces produits ne présentent pas les informations de conformité obligatoires. Consultez notre page d’aide Sécurité et conformité des produits pour obtenir des informations sur les lois, réglementations et politiques Amazon applicables. Nous nous sommes appuyés sur une combinaison de moyens automatisés et de contrôles menés par des personnes expérimentées pour identifier ce problème et prendre cette décision.
 Le tableau situé à la fin de cet e-mail présente les exigences de conformité spécifiques aux produits.
 Comment réactiver mes produits mis en vente ?
 Pour fournir les informations de conformité requises, accédez à la page État du compte et localisez les demandes de conformité des produits :
-
 Si vous disposez des documents requis, suivez les instructio",2026-04-01 08:22:51,RETR,xtbBpBWZf2nGgbUdZAAA31
法务/侵权类,last7,account_4,weihaizhongxin2024@126.com,"Fri, 27 Mar 2026 12:23:28 +0000",Amazon Services <donotreply@amazon.com>,Presenta la documentación sobre seguridad del producto para reactivar los listings,,"96
 Presenta la documentación sobre seguridad del producto para reactivar los listings
 Hola, Weihai EU:
 Algunos de tus listings se han desactivado debido a que tus productos no cumplen los requisitos obligatorios. Revisa a continuación los detalles y siguientes pasos. Los listings afectados aparecen al final de este correo electrónico.
 ¿A qué se debe esto?
 Tomamos esta medida porque a estos productos les falta información de cumplimiento normativo obligatoria. Para más información sobre las leyes, normativas y políticas de Amazon aplicables, consulta Cumplimiento y seguridad de los productos . Hemos usado una combinación de medios automatizados y revisión humana experta para identificar la incidencia y tomar una decisión.
 En la tabla que aparece al final de este correo electrónico se proporcionan los requisitos de cumplimiento normativo específicos del producto.
 ¿Cómo puedo reactivar mis listings?
 Para proporcionar la información de cumplimiento normativo obligatoria, ve a la página Estado de la cuenta y localiza las solicitudes de cumplimiento normativo del producto:
-
 Si dispones de la documentación obligatoria, sigue las instrucciones para presentar los documentos de cum",2026-04-01 08:22:50,RETR,xtbBpQTawGnGdsTB5AAA3D
法务/侵权类,last7,account_4,weihaizhongxin2024@126.com,"Fri, 27 Mar 2026 12:18:15 +0000",Amazon Services <donotreply@amazon.com>,"Dien productveiligheidsdocumentatie in om productvermeldingen
 opnieuw te activeren",,"96
 Dien productveiligheidsdocumentatie in om productvermeldingen opnieuw te activeren
 Hallo Weihai EU,
 Sommige van je productvermeldingen zijn gedeactiveerd omdat er verplichte nalevingsvereisten voor je producten ontbreken. Bekijk de gegevens en de stappen hieronder. De betreffende productvermeldingen worden aan het einde van deze e-mail weergegeven.
 Waarom gebeurt dit?
 We hebben deze actie ondernomen omdat voor deze producten verplichte nalevingsinformatie ontbreekt. Raadpleeg onze hulp-pagina Productveiligheid en -conformiteit voor informatie over de toepasselijke wet- en regelgeving en het Amazon-beleid. We hebben gebruikgemaakt van een combinatie van geautomatiseerde middelen en deskundige menselijke beoordeling om dit probleem te identificeren en deze beslissing te nemen.
 De tabel aan het einde van deze e-mail bevat productspecifieke nalevingsvereisten.
 Hoe activeer ik mijn productvermeldingen opnieuw?
 Als je de vereiste nalevingsgegevens wilt verstrekken, ga je naar de pagina Accountstatus en zoek je de aanvragen voor productconformiteit:
-
 Als je over de vereiste documentatie beschikt, volg je de instructies om je nalevingsdocumenten in te dienen. We zullen alleen ",2026-04-01 08:22:50,RETR,xtbBswmLcWnGdYnC9QAA3k
法务/侵权类,last7,account_4,weihaizhongxin2024@126.com,"Fri, 27 Mar 2026 11:10:19 +0000",Gabriel Martins <notifications@insgly.net>,Worten Marketplace - Portugal y España,,"Hola Weihai EU,
Soy Gabriel Martins, Business Developer en Worten worten.pt / worten.es , el mayor marketplace de Portugal.
Nuestro equipo de análisis ha señalado que una asociación con usted sería una gran oportunidad para ambos.
¿Estaría disponible para una reunión online esta semana?
Acerca de Worten - Somos el líder del mercado portugués:
- Nº 1 del comercio electrónico portugués
- Sitio web con mayor tráfico de Portugal (más de 10 millones de visitas al mes) - Ranking de mercado
- Más de 200 tiendas físicas en Portugal y España, proporcionando una oportunidad omnicanal
- Plataforma de gestión: Mirakl (se puede integrar manualmente o vía API)
- Sin costes iniciales - 6 meses
Estaré encantado de ayudarle si tiene alguna pregunta.
Muchas gracias,
Saludos Cordiales",2026-04-01 08:22:50,RETR,xtbBpQCNc2nGZaAongAA3H
法务/侵权类,last7,account_4,weihaizhongxin2024@126.com,"Thu, 26 Mar 2026 17:28:37 +0000",Amazon Services <donotreply@amazon.com>,Raport podatkowy dla Chin za okres od października do grudnia 2025 r.,,"96
 Przesłaliśmy Twój kwartalny raport podatkowy chińskiemu urzędowi skarbowemu. Możesz teraz pobrać raport do wglądu.
 Dzień dobry,
 zgodnie z zasadami dotyczącymi sklepów internetowych wydanymi przez Radę Państwa Chin (dekret nr 810) jesteśmy zobowiązani do przekazywania informacji o sprzedawcach z siedzibą w Chinach tamtejszemu organowi podatkowemu w cyklach kwartalnych.
 Przesłaliśmy Twój kwartalny raport podatkowy za okres od października do grudnia 2025 r., który zawiera Twoje dane identyfikacyjne, liczbę transakcji, przychody oraz prowizje i opłaty za usługi.
 Pobierz swój kwartalny raport (link aktywny przez siedem dni)
Raport jest przeznaczony wyłącznie do wglądu, nie jest wymagane żadne działanie.
 Na podstawie Twojej opinii udostępniliśmy też bardziej szczegółowy raport na poziomie zamówienia, który przedstawia informacje kwartalne z podziałem na transakcje.
 Pobierz raport na poziomie zamówienia (link aktywny przez siedem dni)
Uwaga: mogą wystąpić różnice między danymi w tych raportach a raportem o płatnościach i raportem Amazon o transakcjach podlegających VAT. Każdy raport korzysta z odrębnej metodologii i służy do innego celu.
 Będziemy Ci nadal przekazywać kwartalne",2026-04-01 08:22:48,RETR,xtbBswkZ-mnFbMmgyQAA39
法务/侵权类,last7,account_4,weihaizhongxin2024@126.com,"Wed, 25 Mar 2026 15:00:54 +0000",Amazon Services <donotreply@amazon.com>,Votre paiement est en cours,,"96
This title will display on mobile devices
 Félicitations ! Votre paiement est en cours et arrivera sous peu.
 Tentative de versement
Félicitations, Weihai EU ! Votre paiement est en cours et arrivera sous trois à cinq jours.
Le 03/25/26 15:00 CET, nous avons effectué un virement d’un montant de €
 41.37 sur le compte lié à votre méthode de paiement (compte bancaire se terminant par 229).
 Si le montant est inférieur au montant auquel vous vous attendiez, voici quelques questions à vous poser :
 Disposez-vous d’un solde de fonds non disponibles ? Amazon peut réserver des fonds afin de couvrir des retours, des réclamations ou des rétrofacturations potentiels des acheteurs. Si tel est le cas, le solde de fin de période de votre rapport sur les paiements affichera le solde des fonds non disponibles réservé.
 Vos ventes couvraient-elles l’ensemble des frais et des retours pour cette période de règlements ? Le montant du paiement reflète votre activité commerciale, les frais de vente et les frais relatifs aux promotions et aux services. Nous vous recommandons de consulter votre rapport sur les paiements sous l’onglet Rapports de Seller Central pour comprendre votre solde de fin de pér",2026-04-01 08:22:46,RETR,xtbBpQizmWnD+Kgw6wAA3m
货件/库存类,last7,account_4,weihaizhongxin2024@126.com,"Fri, 27 Mar 2026 09:57:24 +0000",Fulfilment by Amazon <donotreply@amazon.com>,Create FBA removal order by 2026-04-09,,"96
Automated removals of unfulfillable inventory
 Required removals: First notification
 Required removals: First notification
 Hello,
Your FBA inventory listed below became unsellable in the past seven days. You must create a removal order by 2026-04-09 or these items will be disposed of. Removal fees will apply. Review the affected items and next steps below.
Unsellable products:
- FNSKU: X002A05YW5 Quantity: 2
 Why is this happening?
This action is required because these items are no longer in sellable condition in our fulfilment centres. According to our FBA Required Removals policy, all unsuitable units must be removed within 14 days of notification. To learn more, go to our FBA Required Removals policy .
We leveraged a combination of automated means to identify this issue and make this decision.
 How do I address this?
Follow these steps to manage your unsellable inventory:
- Check your complete list and quantity of unsellable items in the Manage FBA inventory .
- Create a removal order (removal fees apply) by following the instructions in Remove inventory overview .
 To avoid future manual inventory removal orders, set up Automated Unfulfillable Removals function in your FBA",2026-04-01 08:22:49,RETR,xtbBpQhDKWnGVIietQAA3f
货件/库存类,last7,account_4,weihaizhongxin2024@126.com,"Fri, 27 Mar 2026 09:55:39 +0000",Fulfilment by Amazon <donotreply@amazon.com>,Disposal order created for unsellable FBA inventory,,"96
Automated Removals of Unfulfillable Inventory
 Final notice: Disposal order for your unfulfillable FBA inventory
 Final notice: Disposal order for your unfulfillable FBA inventory
 Hello,
You have unfulfillable inventory that has been in a fulfilment centre for more than 14 days. We have created a disposal order for these items.
 Why is this happening?
This action is required because these unfulfillable items have remained in our fulfilment centres for more than 14 days after notification. According to our FBA Required Removals policy, cancelling a required removal order is not permitted. To learn more, visit our FBA Required Removals policy .
 Removal order ID:
- CQhO1/+c38
 Unsellable Products:
- FNSKU: X002C14R1B Quantity: 1
 For more information about the disposal order process, see Remove inventory from a fulfilment centre .
 To monitor your unfulfillable inventory, see the Manage FBA Inventory for total unsellable quantities or the Recommended Removal report for unsellable and aged inventory details.
 The Fulfilment by Amazon Team
 Report an issue with this email
 If you have any questions visit: Seller Central
 To change your email preferences visit: Notification Preferen",2026-04-01 08:22:49,RETR,xtbBpR4oDmnGVB6b4wAA3A
其他风险类,last7,account_4,weihaizhongxin2024@126.com,"Fri, 27 Mar 2026 18:36:24 +0000","""fba-3p-buyability-improvement-ca@amazon.com"" <fba-3p-buyability-improvement-ca@amazon.com>",[Action Required] – Update Inventory -FBA,,"Dear Seller,
This is an email regarding FBA Offers for your Amazon Seller account. We are contacting you to let you know that you could be missing out on sales opportunities because of low/missing inventory for your ASIN offers in the attached sheet.
We recommend that you inbound additional inventory for your products immediately. To view the recommended replenishment quantity for these ASINs, go to “Restock inventory”:
https://sellercentral.amazon.ca/restockinventory/recommendations
Here is a sample of your high selling FBA ASINs, which are considered low in stock at the moment:
B0DMFL5X12, B0D7QHCF8J
You can download the full list of your ASIN at risk of out of stock at the following link:  https://www.sellercentral.amazon.ca/reportcentral/RestockReport/1
For more information about Restock tool, you can visit this help page - https://sellercentral.amazon.ca/gp/help/G201634550
If you need further help, please raise a case via contact us. - https://sellercentral.amazon.ca/cu/contact-us?ref=xx_ContactUs_xxxx_helphub
If you are not the correct point of contact, please re-direct this report to the correct point of contact.
If you wish to unsubscribe please REPLY ALL with the subject l",2026-04-01 08:22:52,RETR,xtbBpAvJr2nGzitq3AAA31
店铺绩效类,older,account_4,weihaizhongxin2024@126.com,"Mon, 23 Mar 2026 18:27:53 +0000","""Amazon.com"" <fba-noreply@amazon.com>",Your FBA removal request is complete (UvRxALtvwM),,"Greetings from Amazon.com
We thought you'd like to know that we have completed and shipped your removal
request (UvRxALtvwM) to the address you specified before.
Return Summary:
Quantity Requested: 1
Quantity Successfully Shipped: 1
Quantity Cancelled: 0
You can track the status of this request by visiting your Seller Account at:
https://sellercentral.amazon.com/
For a complete list of inventory being shipped, go to:
https://sellercentral.amazon.com/gp/orders/fba-order-details.html?orderID=S01-2770073-9467132
Please note: this email was sent from a notification-only address that
cannot accept incoming e-mail. Please do not reply to this message.
Thank you for using Fulfillment by Amazon.
--------------------------------------------------------------------------
Fulfillment by Amazon, professional packing, shipping and servicing of
online orders.
--------------------------------------------------------------------------
Was this email helpful?
 https://sellercentral.amazon.com/gp/satisfaction/survey-form.html?ie=UTF8&HMDName=NotificationBusEmailHMD&customAttribute1Value=PRODUCT_REMOVAL_ORDER_SHIPPED_NOW
SPC-USAmazon-1178678664727600",2026-04-01 08:22:43,RETR,xtbBsw13XWnBhi1orgAA3R
店铺绩效类,older,account_4,weihaizhongxin2024@126.com,"Mon, 23 Mar 2026 03:56:37 +0000","""Fulfillment by Amazon (Do not reply)"" <donotreply@amazon.com>",FBA reimbursement notification,,"96
FBA reimbursement notification
 You have a reimbursement activity
 Hello from Fulfilment by Amazon,
We have initiated a reimbursement, a reimbursement reversal, or both due to recent activity on your selling account. No action is required from you.
Reimbursements can be initiated for an issue that you notified us about or one that we identified at a fulfilment centre. A reimbursement reversal occurs when a reimbursement decision has been reviewed and changed. Reimbursement amounts are determined in accordance with the FBA inventory reimbursement policy ( https://sellercentral.amazon.co.uk/gp/help/external/200213130 ).
Please note that it may take up to five business days for reimbursement transactions to appear in your seller account.
You can find details on your reimbursement or reversal transaction in the Reimbursements report ( https://sellercentral.amazon.co.uk/reportcentral/REIMBURSEMENTS/0 ) in Seller Central:
- In the Event Date drop-down menu, select a date range and click Generate report . You can use the date in the subject line of this email as a point of reference.
- To identify inventory reimbursements and reversals, see the Quantity reimbursed [inventory] column.
-",2026-04-01 08:22:41,RETR,xtbBpRk3HWnAuflgOQAA3m
店铺绩效类,older,account_4,weihaizhongxin2024@126.com,"Sat, 21 Mar 2026 14:27:38 +0000",Fulfillment by Amazon Operations <fba-noreply@amazon.com>,Automated unfulfillable FBA inventory removal notification,,"96
 Hello Weihai US,
The following automated unfulfillable FBA removal orders have been created based on your automated settings.
 Removal order ID pVfzD86piw
 You can view the removals on Removal Order Details in your seller account by using the Search tool.
The next removal order will be created as scheduled on April 5, 2026 in accordance with your settings if you have unfulfillable inventory at that time.
To make changes to the shipping address, frequency of your automated unfulfillable removals, or other settings, go to Automated unfulfillable removal settings in your seller account.
 Thank you.
The Fulfillment by Amazon team
Please note: This email was sent from a notification-only address that cannot accept incoming email. Please do not reply to this email.
 Report an issue with this email
 If you have any questions visit: Seller Central
 To change your email preferences visit: Notification Preferences
 Copyright 2026 Amazon, Inc, or its affiliates. All rights reserved.
 Amazon.com, 410 Terry Avenue North, Seattle, WA 98109-5210
 SPC-USAmazon-1213863031250684",2026-04-01 08:22:40,RETR,xtbBpR3r0Wm+qt3aPgAA3G
店铺绩效类,older,account_4,weihaizhongxin2024@126.com,"Mon, 16 Mar 2026 16:28:57 +0000",Amazon Multi-Channel Fulfillment Team <multichannelfulfillment@supplychain.amazon.com>,Reminder: Please share your feedback on MCF,,"Reminder: Please share your feedback on MCF
Dear Weihai US,
As a valued Multi-Channel Fulfillment (MCF) managed customer, we are interested in learning about your program feedback including new features that may benefit your business. This may help us understand how we can better meet your business needs and continue to improve the customer experience. Please complete this survey no later than March 19.
(button)  Click here to complete survey  https://amazonexteu.qualtrics.com/jfe/form/SV_et9BAqtoDGCsCB8?Q_CHL=gl&amp;Q_DL=EMD_Z45pcIhoS9Jgg2Y_et9BAqtoDGCsCB8_CGC_gVqjuURBQB4eTq0&amp;_g_=g
This submission form is unique to your Seller account and can only be submitted once.
DISCLAIMER: Please do not include any Personally Identifiable Information within this survey such as physical addresses, phone numbers, merchant tokens, email addresses, account data, etc.
Thank you,
Your Multi-Channel Fulfillment Team
This survey is hosted by an external party Qualtrics.com, so the link above does not lead to our website. Your responses are subject to Amazon's Privacy Notice. If you have any concerns about the authenticity of this e-mail or to find out more about Amazon's survey program, please vi",2026-04-01 08:22:34,RETR,xtbBpQuGbGm4L8stiAAA3U
店铺绩效类,older,account_4,weihaizhongxin2024@126.com,"Thu, 12 Mar 2026 16:15:06 +0000",Amazon Services <seller-notification@amazon.ca>,"Balance Paid on your Amazon Seller Account / Paiement du solde de
 votre compte vendeur Amazon",,"Greetings from Amazon Services.
 We have charged your credit card (Visa) for CDN$ 44.03 in an attempt to settle your Amazon.ca seller account balance.
 Note that the amount charged to your credit card may be less than the total amount you owe due to a credit limit imposed by your bank. If that is the case, we will continue to charge your card as often as every 24 hours until the remaining balance in your Amazon seller account is paid in full.
 You can also use the Make a Payment feature to repay the balance you owe. For details, go to seller Help, and search for “Make a Payment.”
 You can view your payment activity at any time by logging in to your seller account and going to your Payments Report.
 Thank you for selling on Amazon.ca.
 Amazon Services
 *****
 Bonjour d’Amazon Services,
 Nous avons débité votre carte bancaire (Visa) pour CDN$ 44.03 pour le règlement du solde de votre compte vendeur.
 Le montant débité sur votre carte bancaire peut être inférieur au montant total impayé si vous disposez d'une limite de crédit imposée par votre banque. Nous continuerons d'essayer de débiter votre carte bancaire toutes les 24 heures jusqu'à ce que le solde restant de votre compte soit e",2026-04-01 08:22:27,RETR,xtbBsg3jyWmy5o0xfAAA3o
店铺绩效类,older,account_4,weihaizhongxin2024@126.com,"Tue, 10 Mar 2026 17:16:41 +0000","""Amazon.com"" <fba-noreply@amazon.com>",Your FBA request is complete (V8b2nNxJ7Y),,"Greetings from Amazon.com
We thought you'd like to know that we have completed your destroy request.
You can track the status of this request by visiting your Seller Account at:
https://sellercentral-europe.amazon.com/
For a complete list of inventory being destroyed, go to:
https://sellercentral-europe.amazon.com/gp/orders/fba-order-details.html?orderID=S02-9215101-5718342
Please note: this email was sent from a notification-only address that
cannot accept incoming e-mail. Please do not reply to this message.
Thank you for using Fulfillment by Amazon.
------------------------------------------------------------------------------
Fulfilment by Amazon – let Amazon pick, pack and ship your orders domestically
and EU wide.
------------------------------------------------------------------------------
Was this e-mail helpful? https://sellercentral.amazon.co.uk/gp/satisfaction/survey-form.html?ie=UTF8&HMDName=NotificationBusEmailHMD&customAttribute1Value=PRODUCT_REMOVAL_ORDER_SHIPPED_NOW
SPC-EUAmazon-1495337446934234",2026-04-01 08:22:24,RETR,xtbBsxwaAGmwUfzfHgAA3A
店铺绩效类,older,account_4,weihaizhongxin2024@126.com,"Tue, 10 Mar 2026 16:36:35 +0000",Amazon Multi-Channel Fulfillment Team <multichannelfulfillment@supplychain.amazon.com>,Please share your feedback on MCF,,"Please share your feedback on MCF
Dear Weihai US,
As a valued Multi-Channel Fulfillment (MCF) managed customer, we are interested in learning about your program feedback including new features that may benefit your business. This may help us understand how we can better meet your business needs and continue to improve the customer experience. Please complete this survey no later than March 19.
(button)  Click here to complete survey  https://amazonexteu.qualtrics.com/jfe/form/SV_et9BAqtoDGCsCB8?Q_CHL=gl&amp;Q_DL=EMD_Z45pcIhoS9Jgg2Y_et9BAqtoDGCsCB8_CGC_gVqjuURBQB4eTq0&amp;_g_=g
This submission form is unique to your Seller account and can only be submitted once.
DISCLAIMER: Please do not include any Personally Identifiable Information within this survey such as physical addresses, phone numbers, merchant tokens, email addresses, account data, etc.
Thank you,
Your Multi-Channel Fulfillment Team
This survey is hosted by an external party Qualtrics.com, so the link above does not lead to our website. Your responses are subject to Amazon's Privacy Notice. If you have any concerns about the authenticity of this e-mail or to find out more about Amazon's survey program, please visit the Am",2026-04-01 08:22:23,RETR,xtbBshe9o2mwSJeT9gAA3Y
店铺绩效类,older,account_4,weihaizhongxin2024@126.com,"Tue, 10 Mar 2026 16:33:48 +0000","""Amazon.com"" <fba-noreply@amazon.com>",Your FBA request is complete (FVSl6sGweZ),,"Greetings from Amazon.com
We thought you'd like to know that we have completed your destroy request.
You can track the status of this request by visiting your Seller Account at:
https://sellercentral-europe.amazon.com/
For a complete list of inventory being destroyed, go to:
https://sellercentral-europe.amazon.com/gp/orders/fba-order-details.html?orderID=S02-7813814-2599064
Please note: this email was sent from a notification-only address that
cannot accept incoming e-mail. Please do not reply to this message.
Thank you for using Fulfillment by Amazon.
------------------------------------------------------------------------------
Fulfilment by Amazon – let Amazon pick, pack and ship your orders domestically
and EU wide.
------------------------------------------------------------------------------
Was this e-mail helpful? https://sellercentral.amazon.co.uk/gp/satisfaction/survey-form.html?ie=UTF8&HMDName=NotificationBusEmailHMD&customAttribute1Value=PRODUCT_REMOVAL_ORDER_SHIPPED_NOW
SPC-EUAmazon-1108309350654781",2026-04-01 08:22:23,RETR,xtbBsw+TeWmwR++VLwAA3d
店铺绩效类,older,account_4,weihaizhongxin2024@126.com,"Fri, 6 Mar 2026 17:16:27 +0000",Fulfillment by Amazon Operations <fba-noreply@amazon.com>,Automated unfulfillable FBA inventory removal notification,,"96
 Hello Weihai US,
The following automated unfulfillable FBA removal orders have been created based on your automated settings.
 Removal order ID UvRxALtvwM
 You can view the removals on Removal Order Details in your seller account by using the Search tool.
The next removal order will be created as scheduled on March 20, 2026 in accordance with your settings if you have unfulfillable inventory at that time.
To make changes to the shipping address, frequency of your automated unfulfillable removals, or other settings, go to Automated unfulfillable removal settings in your seller account.
 Thank you.
The Fulfillment by Amazon team
Please note: This email was sent from a notification-only address that cannot accept incoming email. Please do not reply to this email.
 Report an issue with this email
 If you have any questions visit: Seller Central
 To change your email preferences visit: Notification Preferences
 Copyright 2026 Amazon, Inc, or its affiliates. All rights reserved.
 Amazon.com, 410 Terry Avenue North, Seattle, WA 98109-5210
 SPC-USAmazon-404622472692539",2026-04-01 08:22:03,RETR,xtbBpRFEKmmrC-FU9gAA3A
店铺绩效类,older,account_4,weihaizhongxin2024@126.com,"Fri, 6 Mar 2026 04:02:47 +0000","""Amazon.com"" <fba-noreply@amazon.com>",Your FBA request is complete (uih6sNeVfd),,"Greetings from Amazon.com
We thought you'd like to know that we have completed your destroy request.
You can track the status of this request by visiting your Seller Account at:
https://sellercentral-europe.amazon.com/
For a complete list of inventory being destroyed, go to:
https://sellercentral-europe.amazon.com/gp/orders/fba-order-details.html?orderID=S02-4201829-9256139
Please note: this email was sent from a notification-only address that
cannot accept incoming e-mail. Please do not reply to this message.
Thank you for using Fulfillment by Amazon.
------------------------------------------------------------------------------
Fulfilment by Amazon – let Amazon pick, pack and ship your orders domestically
and EU wide.
------------------------------------------------------------------------------
Was this e-mail helpful? https://sellercentral.amazon.co.uk/gp/satisfaction/survey-form.html?ie=UTF8&HMDName=NotificationBusEmailHMD&customAttribute1Value=PRODUCT_REMOVAL_ORDER_SHIPPED_NOW
SPC-EUAmazon-844426561416317",2026-04-01 08:21:57,RETR,xtbBpAuTeWmqUes99gAA33
店铺绩效类,older,account_4,weihaizhongxin2024@126.com,"Mon, 2 Mar 2026 20:32:33 +0000","""Amazon.com"" <fba-noreply@amazon.com>",Your FBA request is complete (DjHMcVqBnq),,"Greetings from Amazon.com
We thought you'd like to know that we have completed your destroy request.
You can track the status of this request by visiting your Seller Account at:
https://sellercentral-europe.amazon.com/
For a complete list of inventory being destroyed, go to:
https://sellercentral-europe.amazon.com/gp/orders/fba-order-details.html?orderID=S02-5905698-4511047
Please note: this email was sent from a notification-only address that
cannot accept incoming e-mail. Please do not reply to this message.
Thank you for using Fulfillment by Amazon.
------------------------------------------------------------------------------
Fulfilment by Amazon – let Amazon pick, pack and ship your orders domestically
and EU wide.
------------------------------------------------------------------------------
Was this e-mail helpful? https://sellercentral.amazon.co.uk/gp/satisfaction/survey-form.html?ie=UTF8&HMDName=NotificationBusEmailHMD&customAttribute1Value=PRODUCT_REMOVAL_ORDER_SHIPPED_NOW
SPC-EUAmazon-1600890559216565",2026-04-01 08:21:45,RETR,xtbBpQX532ml8+U-DQAA3u
付款/资金类,older,account_4,weihaizhongxin2024@126.com,"Thu, 19 Mar 2026 15:38:31 +0000",Amazon Services <donotreply@amazon.com>,Tu pago está en camino,,"96
This title will display on mobile devices
 ¡Enhorabuena! El pago está de camino y llegará pronto.
 El pago está en camino
Enhorabuena, Weihai EU. Tu pago está en camino y te llegará en un plazo de tres a cinco días.
El 03/19/26 15:38 WET, iniciamos una transferencia a tu método de pago (cuenta bancaria terminado en 229) por un importe de €
 74,59.
 Si el importe es inferior a lo esperado, ten en cuenta las siguientes preguntas:
 ¿Tienes saldo no disponible en tu cuenta de vendedor? Puede que hayamos reservado algo de dinero para posibles devoluciones, reclamaciones o reversiones de cargo de clientes. En este caso, el saldo de cierre de tu informe de pagos te mostrará el saldo no disponible en reserva.
 ¿Cubren tus ventas las tarifas de Amazon y las devoluciones del periodo de liquidación? El importe del pago refleja las ventas que has hecho y las tarifas de venta aplicadas tanto a dichas ventas como a cualquier promoción o servicio que hayas utilizado. Te recomendamos que revises tu informe de pagos en ""Informes"" de Seller Central para conocer el saldo de cierre.
Para más información sobre los informes de pagos en Seller Central, visita nuestro curso oficial.
Te deseamos un éxit",2026-04-01 08:22:37,RETR,xtbBpRutk2m8GHssMAAA3q
付款/资金类,older,account_4,weihaizhongxin2024@126.com,"Thu, 12 Mar 2026 14:28:40 +0000",Amazon Payments UK Limited <seller-notification@amazon.com>,Balance Paid on Your Selling on Amazon payment account,,"Dear Seller,
 We have charged your (Visa) credit card for 207.96 in an attempt to settle your account balance.
 Please note that the amount charged to your credit card may be less than the total amount you owe due to a credit limit imposed by your bank. In this case, we may continue to attempt charging your card until the remaining balance in your Amazon Selling on Amazon payment account is paid in full.
 You can also use the Make a Payment feature to repay the balance you owe. For details, refer “Making a Payment” in Seller Central Help.
 To view your payment activity anytime, please log in to your account and refer the Payments Report page.
 Thank you for selling on Amazon.
 Amazon Payments UK Limited
Amazon Payments UK Limited, a private company limited by shares, is a company registered in England and Wales (registration number 11049457; VAT number: GB295 7604 60) with its registered office at 1 Principal Place, Worship St, London, EC2A 2FA, United Kingdom. Amazon Payments UK Limited is authorised by the UK Financial Conduct Authority under the Payment Services Regulations 2017 (reference number 799814) for the provision of payment services.
 Was this e-mail helpful?
 SPC-EUAma",2026-04-01 08:22:26,RETR,xtbBpByhh2myzZwDmgAA3N
付款/资金类,older,account_4,weihaizhongxin2024@126.com,"Wed, 11 Mar 2026 15:11:44 +0000",Amazon Payments Europe <donotreply@amazon.com>,Ajustement du solde négatif sur l'ensemble de vos comptes,,"96
This title will display on mobile devices
 Nous avons ajusté votre solde négatif 4.08 € dû sur votre compte vendeur Amazon.be le mars 11, 2026 à partir de fonds disponibles sur votre compte Amazon.de. Vous pouvez consulter le solde de votre compte à tout moment en vous connectant à votre compte et en accédant au tableau de bord des paiements .
Pour plus d'informations, consultez la rubrique Ajustement du solde négatif sur l'ensemble de vos comptes .
Cordialement,
Amazon Payments Europe
 Signaler un problème avec cet e-mail
 Pour toute question, rendez-vous sur : Seller Central
 Pour modifier vos préférences d’e-mail, accédez à la page : Préférences de notification
 Copyright 2026 Amazon, Inc. ou ses filiales. Tous droits réservés.
 Amazon Payments Europe
38 Avenue John F. Kennedy
L-1855 Luxembourg,
Enregistré au Luxembourg n° B-101818,
Capital social : 165 833 EUR,
Numéro de licence commerciale : 134248,
Luxembourg Nº de TVA LU 20260743
 Cet e-mail provient d’une adresse e-mail qui n’autorise pas les réponses.
 SPC-EUAmazon-774057817782756",2026-04-01 08:22:25,RETR,xtbBsxN0WmmxhjMLLQAA3F
付款/资金类,older,account_4,weihaizhongxin2024@126.com,"Tue, 10 Mar 2026 15:16:36 +0000",Amazon Services <seller-notification@amazon.pl>,Nieuregulowane saldo na koncie Amazon,,"Witamy!
 Masz na swoim koncie nieuregulowane saldo w wysokośc PLN 30.46. Obciążymy tą kwotą kartę kredytową zarejestrowaną jako metoda płatności dla Twojego konta
 Jeśli ta karta ma limit kredytowy, możemy ją obciążać do momentu pełnej spłaty nieuregulowanego salda.
 Aby uzyskać więcej informacji, wyszukaj Dokonaj płatności w Pomocy Seller Central.
 Aby dowiedzieć się więcej na temat raportów płatności i Twoich działań, wyszukaj Wyświetl moje raporty o płatnościach w Pomocy Seller Central.
 Z poważaniem,
 Amazon Payments Europe SCA (société en commandite par actions) to spółka komandytowo-akcyjna zarejestrowana w Luksemburgu, numer rejestracyjny (RCS Luxembourg) B 153 265, z siedzibą pod adresem 38 avenue J.F. Kennedy, L-1855 Luxembourg. Numer VAT: LU 24448288. Amazon Payments Europe SCA posiada upoważnienie Komisji Nadzoru Sektora Finansowego w Luksemburgu do emisji pieniądza elektronicznego (numer licencji 36/10)
 Czy ten e-mail był pomocny?
 SPC-EUAmazon-1037940607738415",2026-04-01 08:22:22,RETR,xtbBpRkK72mwNdli7gAA3g
付款/资金类,older,account_4,weihaizhongxin2024@126.com,"Sun, 8 Mar 2026 14:57:34 +0000",Amazon Payments Europe <donotreply@amazon.com>,Negatieve saldoaanpassing voor al je accounts,,"96
This title will display on mobile devices
 We hebben je negatieve saldo van €11.99 dat verschuldigd was via je Amazon.nl verkopersaccount op maart 8, 2026, aangepast met geld dat beschikbaar was in je Amazon.it account. Je kunt je accountsaldo op elk gewenst moment bekijken door in te loggen op je account en naar het Betalingsdashboard te gaan.
Ga voor meer informatie naar Negatieve saldoaanpassing voor al je accounts .
Met vriendelijke groet,
Amazon Payments Europe
 Rapporteer een probleem met deze e-mail
 Als je vragen hebt, ga dan naar: Seller Central
 Om je e-mailvoorkeuren te wijzigen, ga je naar: Voorkeuren voor meldingen
 Auteursrecht (copyright) 2026 Amazon, Inc. of haar dochterondernemingen. Alle rechten voorbehouden.
 Amazon Payments Europe S.C.A. (société en commandite par actions), een commanditaire vennootschap op aandelen, is een bedrijf dat is geregistreerd in Luxemburg onder registratienummer (RCS Luxembourg) B 153 265, met het hoofdkantoor op 38 Avenue J.F. Kennedy, L-1855 Luxemburg. Btw-nummer LU 24448288.
 Amazon Payments Europe S.C.A. is geautoriseerd door de Commission de Surveillance du Secteur Financier in Luxemburg en staat onder toezicht van de Central B",2026-04-01 08:22:18,RETR,xtbBsgOBZ2mtjmPU+AAA3S
付款/资金类,older,account_4,weihaizhongxin2024@126.com,"Sun, 8 Mar 2026 13:38:27 +0000",Amazon Services <donotreply@amazon.com>,Your payment is on the way,,"96
This title will display on mobile devices
 Congratulations! Your payment is on the way and will arrive soon.
 Disbursement Attempted
Congratulations Weihai US! Your payment is on the way and will arrive within three to five days.
On 03/08/26 13:38 PDT, we initiated a transfer to your payment method (bank account ending in 003) in the amount of $
 108.10.
 If the amount is less than expected, here are a few questions to consider:
 Do you have an unavailable balance? Amazon might be reserving money to cover potential returns, claims, or chargebacks from buyers. If this is the case, the closing balance in your Payment Report will display the unavailable balance that is reserved.
 Did your sales cover all fees and returns for this statement period? The payment amount reflects sales activities, selling fees, and fees for promotions or services. We recommend reviewing your Payment Report under the Reports tab in Seller Central to understand your closing balance.
To learn more about Payment Reports in Seller Central, please visit our official course.
We wish you continued success!
Thank you for selling in the Amazon store,
Amazon Services
 Amazon sellers and Amazon Pay merchants can si",2026-04-01 08:22:18,RETR,xtbBshfZv2mte9dZ9gAA3E
付款/资金类,older,account_4,weihaizhongxin2024@126.com,"Thu, 5 Mar 2026 15:38:46 +0000",Amazon Services <donotreply@amazon.com>,Tu pago está en camino,,"96
This title will display on mobile devices
 ¡Enhorabuena! El pago está de camino y llegará pronto.
 El pago está en camino
Enhorabuena, Weihai EU. Tu pago está en camino y te llegará en un plazo de tres a cinco días.
El 03/05/26 15:38 WET, iniciamos una transferencia a tu método de pago (cuenta bancaria terminado en 229) por un importe de €
 93,03.
 Si el importe es inferior a lo esperado, ten en cuenta las siguientes preguntas:
 ¿Tienes saldo no disponible en tu cuenta de vendedor? Puede que hayamos reservado algo de dinero para posibles devoluciones, reclamaciones o reversiones de cargo de clientes. En este caso, el saldo de cierre de tu informe de pagos te mostrará el saldo no disponible en reserva.
 ¿Cubren tus ventas las tarifas de Amazon y las devoluciones del periodo de liquidación? El importe del pago refleja las ventas que has hecho y las tarifas de venta aplicadas tanto a dichas ventas como a cualquier promoción o servicio que hayas utilizado. Te recomendamos que revises tu informe de pagos en ""Informes"" de Seller Central para conocer el saldo de cierre.
Para más información sobre los informes de pagos en Seller Central, visita nuestro curso oficial.
Te deseamos un éxit",2026-04-01 08:21:51,RETR,xtbBpArPtWmpo4pTuAAA3W
付款/资金类,older,account_4,weihaizhongxin2024@126.com,"Tue, 3 Mar 2026 16:06:24 +0000",Amazon Payments Europe <donotreply@amazon.com>,Rettifica del saldo negativo nei tuoi account,,"96
This title will display on mobile devices
 Abbiamo rettificato il tuo saldo negativo di 235.86 € dovuto dal tuo account venditore Amazon.it in data marzo 3, 2026, utilizzando i fondi disponibili nei tuoi account Amazon.fr, Amazon.es. Puoi visualizzare il saldo del tuo account in qualsiasi momento accedendo al tuo account e quindi alla dashboard dei pagamenti .
Per maggiori informazioni, vai a Rettifica del saldo negativo nei tuoi account .
Distinti saluti,
Amazon Payments Europe
 Segnala un problema con questa e-mail
 Per qualsiasi domanda consulta: Seller Central
 Per modificare le preferenze sulle e-mail consulta: Preferenze sulle notifiche
 Copyright 2026 Amazon, Inc. o società affiliate. Tutti i diritti riservati.
 Amazon Payments Europe
 38 avenue John F. Kennedy,
 L-1855 Lussemburgo,
 Numero di registrazione in Lussemburgo: B-101818,
 Capitale Sociale 165.833 EUR,
 Numero di licenza di attività commerciale: 134248,
 Partita IVA n. LU 20260743.
 Questa e-mail è stata inviata da un indirizzo e-mail non monitorato.
 SPC-EUAmazon-387029723704225",2026-04-01 08:21:48,RETR,xtbBpAUH7GmnBwVchAAA3e
付款/资金类,older,account_4,weihaizhongxin2024@126.com,"Tue, 3 Mar 2026 14:48:41 +0000",Amazon Services <donotreply@amazon.com>,Your payment is on the way,,"96
This title will display on mobile devices
 Congratulations! Your payment is on the way and will arrive soon.
 Disbursement Attempted
Congratulations Weihai EU! Your payment is on the way and will arrive within three to five days.
On 03/03/26 14:48 SAST, we initiated a transfer to your payment method (bank account ending in 229) in the amount of SAR
 2181.23.
 If the amount is less than expected, here are a few questions to consider:
 Do you have an unavailable balance? Amazon might be reserving money to cover potential returns, claims, or chargebacks from buyers. If this is the case, the closing balance in your Payment Report will display the unavailable balance that is reserved.
 Did your sales cover all fees and returns for this statement period? The payment amount reflects sales activities, selling fees, and fees for promotions or services. We recommend reviewing your Payment Report under the Reports tab in Seller Central to understand your closing balance.
To learn more about Payment Reports in Seller Central, please visit our official course.
We wish you continued success!
Thank you for selling in the Amazon store,
Amazon Services
Help us improve your payment experience on ",2026-04-01 08:21:47,RETR,xtbBsg10Wmmm9M1OLAAA3F
产品链接/合规类,older,account_4,weihaizhongxin2024@126.com,"Tue, 24 Mar 2026 14:28:08 +0000","""fba-3p-buyability-improvement-us@amazon.com"" <fba-3p-buyability-improvement-us@amazon.com>",Action Required: Website Suppressed ASINs,,"Dear Seller,
We are part of Buyability Audit team at Amazon. The Buyability program aims to identify and eliminate root causes leading to Buyability drop-off. We are contacting you to let you know that you could be missing out on sales opportunities due to the suppression of some of your ASINs.
We recommend you submit the required documents to un-suppress your ASIN and activate your listings.
Here is a sample of your suppressed ASINs:
B0D7SKQ6GC, B0FCDRNTT8
You can download the full list of your suppressed ASINs from the following path “Catalog” >> “Complete your drafts” >> “Completed with Issues” >> “Detail page removed”
https://sellercentral.amazon.com/fixyourproducts/drafts
To upload the required documents or to appeal to un-suppressed an ASIN, please follow these instructions  login to your seller central account and go to “Performance” >> “Account Health”>> “Documentation Requests” under “Product Compliance request” on the right below corner >> “Provide documents” and choose to upload documents or to appeal.
https://sellercentral.amazon.com/performance/account/health/compliance-request
If you need further help, please raise a case via contact us. - https://sellercentral.amazo",2026-04-01 08:22:45,RETR,xtbBpRphR2nCoLoYEgAA3i
产品链接/合规类,older,account_4,weihaizhongxin2024@126.com,"Tue, 24 Mar 2026 04:25:09 +0000",Fulfillment by Amazon Operations <fba-noreply@amazon.com>,Your Amazon.com Inventory - Action Required,,"Dear Weihai US,
We have recently restricted listings for the product(s) listed below on Amazon.com.
Please initiate a removal request for the ASIN(s) referenced below to have your inventory sent to a location of your choosing. If this inventory is not removed within 30 days of this notification (by 04/20/2026), we may dispose of it in accordance with FBA policies.
Thank you for your attention to this matter.
Regards,
Product Safety Team
Amazon.com
www.amazon.com
Please note: this e-mail was sent from a notification-only address that cannot accept incoming e-mail. Please do not reply to this message.
Affected Product(s):
B0FD8VC559
Was this email helpful?
 https://sellercentral.amazon.com/gp/satisfaction/survey-form.html?ie=UTF8&HMDName=NotificationBusEmailHMD&customAttribute1Value=RESTRICTED_LISTING_PRODUCTS_REMOVAL_REQUEST
SPC-USAmazon-1161086478880000",2026-04-01 08:22:43,RETR,xtbBswiZf2nCEigFegAA3z
产品链接/合规类,older,account_4,weihaizhongxin2024@126.com,"Mon, 23 Mar 2026 11:52:08 +0000",Amazon Services <donotreply@amazon.com>,"Submit UK import details by 21/05/2026 to avoid shipping
 restrictions",,"96
 Submit UK import details by 21/05/2026 to avoid shipping restrictions
 Hello Weihai EU,
 Your Amazon.co.uk seller account requires Import Entry Numbers (IENs) for shipments to UK fulfilment centres. You must provide these details by 21/05/2026 to continue creating new UK shipments.
 Why is this happening?
 We are taking this action because we identified shipments to Amazon UK fulfilment centres without valid Import Entry Numbers (IENs). UK Customs authorities assign these IENs when goods are imported into the UK. As the seller, you must obtain these numbers from your customs declarant, logistics agent or freight forwarder to maintain UK shipping compliance .
 Where do I enter my Import Entry Numbers (IEN)?
 To enter the IENs for your applicable shipments:
- Go to your Shipping Queue and identify shipments received in Amazon UK FCs.
- Under “Status”, click the “Import details” text. It will open a pop-up, where you can enter the IENs corresponding to the relevant shipment. You must provide a valid IEN.
- Save your IEN entry.
 If you would need to update your IEN, you can follow the above steps again.
 What happens if I don’t submit these details?
 You have 60 days after first re",2026-04-01 08:22:43,RETR,xtbBswwwFmnBKWxBeQAA3M
产品链接/合规类,older,account_4,weihaizhongxin2024@126.com,"Mon, 23 Mar 2026 07:21:52 +0000",Amazon Europe <donotreply@amazon.com>,Add products to Amazon.nl for Pan EU eligibility,,"Add products to Amazon.nl for Pan EU eligibility 96
 Complete Pan EU enrollment: Add NL products now
                                                     ‍͏  ͏  ‍͏  ͏  ‍͏  ͏  ‍͏  ͏  ‍͏  ͏  ‍͏  ͏  ‍͏  ͏  ‍͏  ͏  ‍͏  ͏  ‍͏  ͏  ‍͏  ͏  ‍͏  ͏  ‍͏  ͏  ‍͏  ͏  ‍͏  ͏  ‍͏  ͏  ‍͏  ͏  ‍͏  ͏  ‍͏  ͏  ‍͏  ͏  ‍͏  ͏  ‍͏  ͏  ‍͏  ͏  ‍͏  ͏  ‍͏  ͏  ‍͏  ͏  ‍͏  ͏  ‍͏  ͏  ‍͏  ͏  ‍͏  ͏  ‍͏  ͏  ‍͏  ͏  ‍͏  ͏  ‍͏  ͏  ‍͏  ͏  ‍͏  ͏  ‍͏  ͏  ‍͏  ͏  ‍͏  ͏ ͏‌ ­ ­ ­ ­ ͏‌ ­ ­ ­ ­ ͏‌ ­ ­ ­ ­ ͏‌ ­ ­ ­ ­ ͏‌ ­ ­ ­ ­ ͏‌ ­ ­ ­ ­ ͏‌ ­ ­ ­ ­ ͏‌ ­ ­ ­ ­ ͏‌ ­ ­ ­ ­ ͏‌ ­ ­ ­ ­ ͏‌ ­ ­ ­ ­ ͏‌ ­ ­ ­ ­ ͏‌ ­ ­ ­ ­ ͏‌ ­ ­ ­ ­ ͏‌ ­ ­ ­ ­ ͏‌ ­ ­ ­ ­ ͏‌ ­ ­ ­ ­ ͏‌ ­ ­ ­ ­ ͏‌ ­ ­ ­ ­ ͏‌ ­ ­ ­ ­ ͏‌ ­ ­ ­ ­ ͏‌ ­ ­ ­ ­ ͏‌ ­ ­ ­ ­ ͏‌ ­ ­ ­ ­ ͏‌ ­ ­ ­ ­ ͏‌ ­ ­ ­ ­ ͏‌ ­ ­ ­ ­ ͏‌ ­ ­ ­ ­ ͏‌ ­ ­ ­ ­ ͏‌ ­ ­ ­ ­ ͏‌ ­ ­ ­ ­ ͏‌ ­ ­ ­ ­ ͏‌ ­ ­ ­ ­ ͏‌ ­ ­ ­ ­ ͏‌ ­ ­ ­ ­ ͏‌ ­ ­ ­ ­ ͏‌ ­ ­ ­ ­ ͏‌ ­ ­ ­ ­ ͏‌ ­ ­ ­ ­ ͏‌ ­ ­ ­ ­ ͏‌ ­ ­ ­ ­ ͏‌ ­ ­ ­ ­ ͏‌ ­ ­ ­ ­ ͏‌ ­ ­ ­ ­ ͏‌ ­ ­ ­ ­ ͏‌ ­ ­ ­ ­ ͏‌ ­ ­ ­ ­ ͏‌ ­ ­ ­ ­ ͏‌ ­ ­ ­ ­ ͏‌ ­ ­ ­ ­ ͏‌ ­ ­ ­ ­ ͏‌ ­ ­ ­ ­ ͏‌ ­ ­ ­ ­ ͏‌ ­ ­ ­ ­ ͏‌ ­ ­ ­ ­ ͏‌ ­ ­ ­ ­ ͏‌ ­ ­ ­ ­ ͏‌ ­ ­ ­ ­ ͏‌ ­ ­ ­ ­ ͏‌ ­ ­ ­ ­ ͏‌ ­ ­ ­ ­ ͏‌ ­ ­ ­ ­ ͏‌ ­ ­ ­ ­ ͏‌ ­ ­ ­ ­ ͏‌ ­ ­ ­ ­
 Complete Pan EU enrollment: Add NL products now
 Add an of",2026-04-01 08:22:42,RETR,xtbBpBNJL2nA6hPWsAAA3n
产品链接/合规类,older,account_4,weihaizhongxin2024@126.com,"Sat, 21 Mar 2026 21:58:00 +0000",Amazon Services <donotreply@amazon.com>,Submit product safety documentation to reactivate listings,,"96
 Submit product safety documentation to reactivate listings
 Hello Weihai US,
 Some of your listings have been deactivated due to missing mandatory compliance requirements for your products. Review the details and next steps below. The affected listings are shown at the end of this email.
 Why is this happening?
 We are taking this action because these products are missing mandatory compliance information. Review our Product safety and compliance help page for information on applicable laws, regulations, and Amazon policies. We leveraged a combination of automated means and expert human review to identify this issue and make this decision.
 The table at the end of this email provides product-specific compliance requirements.
 How do I reactivate my listings?
 To provide the required compliance information, go to your Account Health page and locate the product compliance requests:
-
 If you have the required documentation, follow the instructions to submit your compliance documents. We will only reinstate products that fulfill the compliance requirements.
-
 If you believe your products are exempt from these requirements, submit documentation demonstrating why they are not subjec",2026-04-01 08:22:40,RETR,xtbBsgxqUGm-FGzfsQAA3E
产品链接/合规类,older,account_4,weihaizhongxin2024@126.com,"Fri, 20 Mar 2026 21:10:27 +0000","""fba-3p-buyability-improvement-ca@amazon.com"" <fba-3p-buyability-improvement-ca@amazon.com>",Action Required: Website Suppressed ASINs,,"Dear Seller,
We are contacting you to let you know that you could be missing out on sales opportunities because of your incomplete listings.
We recommend you to submit the required documents to un-suppress your ASIN and activate your listings.
Here is a sample of your suppressed ASINs:
B0F13M1H6F, B0D97JS8WD
You can download the full list of your suppressed ASINs from the following path “Catalog” >> “Complete your drafts” >> “Completed with Issues” >> “Detail page removed”
https://sellercentral.amazon.ca/fixyourproducts/drafts
To upload the required documents or to appeal in-order to un-suppress the ASINs, please follow this path  login to your seller central account and go to “Performance” >> “Account Health”>> “Documentation Requests” under “Product Compliance request” on the right below corner >> “Provide documents” and choose to upload documents or to appeal.
 https://sellercentral.amazon.ca/performance/account/health/compliance-request
If you need further help, please raise a case via contact us. - https://sellercentral.amazon.ca/cu/contact-us?ref=xx_ContactUs_xxxx_helphub
If you are not the correct point of contact, please re-direct this email to the correct point of contact",2026-04-01 08:22:39,RETR,xtbBpAfozmm9t8c2PAAA3r
产品链接/合规类,older,account_4,weihaizhongxin2024@126.com,"Sat, 14 Mar 2026 17:19:26 +0000",Fulfillment by Amazon Operations <fba-noreply@amazon.com>,Your Amazon.com Inventory - Action Required,,"Dear Weihai US,
We have recently restricted listings for the product(s) listed below on Amazon.com.
Please initiate a removal request for the ASIN(s) referenced below to have your inventory sent to a location of your choosing. If this inventory is not removed within 30 days of this notification (by 04/12/2026), we may dispose of it in accordance with FBA policies.
Thank you for your attention to this matter.
Regards,
Product Safety Team
Amazon.com
www.amazon.com
Please note: this e-mail was sent from a notification-only address that cannot accept incoming e-mail. Please do not reply to this message.
Affected Product(s):
B0FCDRNTT8
Was this email helpful?
 https://sellercentral.amazon.com/gp/satisfaction/survey-form.html?ie=UTF8&HMDName=NotificationBusEmailHMD&customAttribute1Value=RESTRICTED_LISTING_PRODUCTS_REMOVAL_REQUEST
SPC-USAmazon-1917550476493542",2026-04-01 08:22:30,RETR,xtbBpAIW+2m1mKJ1bgAA32
产品链接/合规类,older,account_4,weihaizhongxin2024@126.com,"Fri, 13 Mar 2026 12:08:48 +0000",Amazon Services <donotreply@amazon.com>,Submit product safety documentation to reactivate listings,,"96
 Hello Weihai US,
 Some of your listings have been deactivated due to missing mandatory compliance requirements for your products. Review the details and next steps below. The affected listings are shown at the end of this email.
 Why is this happening?
 We are taking this action because these products are missing mandatory compliance information. Review our Product safety and compliance help page for information on applicable laws, regulations, and Amazon policies. We leveraged a combination of automated means and expert human review to identify this issue and make this decision.
 The table at the end of this email provides product-specific compliance requirements.
 How do I reactivate my listings?
 To provide the required compliance information, go to your Account Health page and locate the product compliance requests:
-
 If you have the required documentation, follow the instructions to submit your compliance documents. We will only reinstate products that fulfill the compliance requirements.
-
 If you believe your products are exempt from these requirements, submit documentation demonstrating why they are not subject to these compliance requirements.
 For step-by-step instru",2026-04-01 08:22:29,RETR,xtbBsxQcAmmz-lSZPgAA3u
产品链接/合规类,older,account_4,weihaizhongxin2024@126.com,"Fri, 13 Mar 2026 09:36:41 +0000","""pc-eu-sesu-seller-compliance@amazon.com"" <pc-eu-sesu-seller-compliance@amazon.com>",RE:[CASE 11569978862] 【需立即行动】请通过亚马逊认可的TIC服务商完成儿童玩具合规,,"尊敬的卖家：
我们紧急通知您，您部分在【欧洲】各站点的部分【儿童玩具】商品尚未完成合规，即将面临下架风险。为避免下架，请在截止日期之前完成以下操作，并确保TRF状态更新为【正在验证】。
① 提交TRF（务必在确认好合作的TIC或进行第二步之前完成，并确保TRF ID成功生成）
• 登录卖家平台，进入【绩效 > 账户状况 > 食品和商品安全问题】，找到需处理ASIN
• 点击右侧【提交】，选定TIC服务提供商后点击【继续】提交TRF，完成可在页面查看TRF ID。
② 向TIC服务提供商支付费用；
③ 向TIC服务提供商寄送产品样品或提交您已有的外部检测报告或合规文件。
④ 确保TIC服务商将TRF状态更新为【正在验证】
如何查看TRF状态：在绩效 > 账户状况 > 食品和商品安全问题找到ASIN，点击右方“提交，查看或更新”>“验证您的商品”
⚠️请注意：
① 同一ASIN可能只在部分欧洲站点被触发通知，若您计划在欧洲（英国及欧盟）继续销售，只需为每个ASIN任选一个站点完成合规，测试结果将同步至全欧站点。
② 由于数据可能存在延迟，请务必以卖家平台【绩效 > 账户状况 > 食品和商品安全问题】页面显示的最新状态为准。
③ 如果您认为您的产品不属于【儿童玩具】产品，请选择【申诉请求】选项，提供您认为产品被错误识别的原因进行申诉。
感谢您的支持，祝您合规大卖
如有疑问，请扫码加入亚马逊卖家合规群：
https://m.media-amazon.com/images/G/01/CN_Compliance_Team/mass_wecom_yt.jpg
Amazon Global Selling Seller Compliance Team",2026-04-01 08:22:28,RETR,xtbBsg4pD2mz2q6bzwAA3g
产品链接/合规类,older,account_4,weihaizhongxin2024@126.com,"Thu, 12 Mar 2026 21:37:56 +0000","""pc-us--sesu-cn-central-compliance@amazon.com"" <pc-us--sesu-cn-central-compliance@amazon.com>",RE:[CASE 18425733131] 【需立即行动】请通过亚马逊认可的TIC服务提供商完成儿童玩具合规,,"尊敬的卖家：
我们紧急通知您，您部分在【美国】的【儿童玩具】商品尚未完成合规，即将面临下架风险。为避免下架，请在截止日期之前完成以下操作，并确保TRF状态更新为【正在验证】。
① 提交TRF（务必在确认好合作的TIC或进行第二步之前完成，并确保TRF ID成功生成）
• 登录卖家平台，进入【绩效 > 账户状况 > 食品和商品安全问题】，找到需处理ASIN
• 点击右侧【提交】，选定TIC服务提供商后点击【继续】提交TRF，完成可在页面查看TRF ID。
② 向TIC服务提供商支付费用；
③ 向TIC服务提供商寄送产品样品或提交您已有的外部检测报告或合规文件。
④ 确保TIC服务商将TRF状态更新为【正在验证】
如何查看TRF状态：在绩效 > 账户状况 > 食品和商品安全问题找到ASIN，点击右方“提交，查看或更新”>“验证您的商品”
⚠️请注意：
①如果您认为您的产品不属于【儿童玩具】产品，请选择【申诉请求】选项，提供您认为产品被错误识别的原因进行申诉。
②由于数据可能存在延迟，请务必以卖家平台【绩效 > 账户状况 > 食品和商品安全问题】页面显示的最新状态为准。
感谢您的支持，祝您合规大卖!
如有疑问，请扫码加入亚马逊卖家合规群：
https://m.media-amazon.com/images/G/01/CN_Compliance_Team/mass_wecom_sw.jpg
To contact us again about this issue, please use the Contact Us form in Seller Central using the following link:
https://sellercentral.amazon.com/cu/case-dashboard/view-case?caseID=18425733131
Please note: this e-mail was sent from a notification-only address that cannot accept incoming e-mail. Please do not reply to this message.",2026-04-01 08:22:27,RETR,xtbBshfgxmmzMje2nAAA32
产品链接/合规类,older,account_4,weihaizhongxin2024@126.com,"Fri, 6 Mar 2026 20:15:20 +0000",Amazon Services <donotreply@amazon.com>,Submit product safety documentation to avoid listing deactivation,,"96
 Hello Weihai EU,
 Some of your listings are at risk of deactivation due to missing mandatory compliance requirements for your products. Review the details and next steps below. The affected listings are shown at the end of this email.
 Why is this happening?
 We are taking this action because these products are missing mandatory compliance information. Review our Product safety and compliance help page for information on applicable laws, regulations, and Amazon policies.
 The table at the end of this email provides product-specific compliance requirements.
 How do I reactivate my listings?
 To provide the required compliance information, go to your Account Health page and locate the product compliance requests:
-
 If you have the required documentation, follow the instructions to submit your compliance documents.
-
 If you believe your products are exempt from these requirements, submit documentation demonstrating why they are not subject to these compliance requirements.
 For step-by-step instructions, see our Submit compliance documents or appeal a documentation request help page.
 To avoid further impact to your account, close or delete any non-compliant listings that you do",2026-04-01 08:22:10,RETR,xtbBsxzJr2mrNdw5mQAA3C
产品链接/合规类,older,account_4,weihaizhongxin2024@126.com,"Thu, 5 Mar 2026 21:09:14 +0000",Amazon Services <donotreply@amazon.com>,Submit product safety documentation to avoid listing deactivation,,"96
 Hello Weihai EU,
 Some of your listings are at risk of deactivation due to missing mandatory compliance requirements for your products. Review the details and next steps below. The affected listings are shown at the end of this email.
 Why is this happening?
 We are taking this action because these products are missing mandatory compliance information. Review our Product safety and compliance help page for information on applicable laws, regulations and Amazon policies.
 The table at the end of this email provides product-specific compliance requirements.
 How do I reactivate my listing?
 To provide the required compliance information, go to your Account Health page and locate the product compliance requests:
-
 If you have the required documentation, follow the instructions to submit your compliance documents.
-
 If you believe that your products are exempt from these requirements, submit documentation demonstrating why they are not subject to these compliance requirements.
 For step-by-step instructions, see our Submit compliance documents or appeal a documentation request help page.
 To avoid further impact on your account, close or delete any non-compliant listings that you",2026-04-01 08:21:57,RETR,xtbBsx1AJmmp8P0k5gAA3H
产品链接/合规类,older,account_4,weihaizhongxin2024@126.com,"Thu, 5 Mar 2026 20:28:43 +0000","""Amazon Seller Central notifications (Do not reply)"" <donotreply@amazon.com>",Address compliance requirements for your listings,,"96
Action required: Important information about your product listings
 We are contacting you because you have listed products that require you to submit compliance documents.
 Product listings are missing required compliance documents
 Hello,
 We are contacting you because you have listed products that require you to submit compliance documents. Click on Review Compliance Requirements below to see the list of affected products and submit the required compliance documents. If you do not submit the documents by the due date indicated for each product in this link, we may remove the affected listings.
 Review Compliance Requirements
 The table below contains a sample of your affected listings. Click on Review Compliance Requirements to see all of your affected listings.
 SKU ASIN Listing Status WHEUSGMH81901 B0DD7R3PPG At risk of removal
 Why is this happening?
This requirement helps to ensure that products are compliant with local laws and safe for customers.
 How do I continue to sell the affected products?
Click on Review Compliance Requirements to find out more information about the documents you need to provide for each product.
 Was there an error?
If you believe that you do not",2026-04-01 08:21:56,RETR,xtbBsxzdw2mp53zLEgAA3z
产品链接/合规类,older,account_4,weihaizhongxin2024@126.com,"Thu, 5 Mar 2026 20:28:31 +0000","""Amazon Seller Central notifications (Do not reply)"" <donotreply@amazon.com>",Address compliance requirements for your listings,,"96
Action required: Important information about your product listings
 We are contacting you because you have listed products that require you to submit compliance documents.
 Product listings are missing required compliance documents
 Hello,
 We are contacting you because you have listed products that require you to submit compliance documents. Click Review Compliance Requirements below to see the list of affected products and submit the required compliance documents. If you do not submit the documents by the due date indicated for each product in this link, we may remove the affected listings.
 Review Compliance Requirements
 The table below contains a sample of your affected listings. Click Review Compliance Requirements to see all of your affected listings.
 SKU ASIN Listing Status WHEUSGMH81901 B0DD7R3PPG At risk of removal
 Why is this happening?
This requirement helps ensure that products are compliant with local laws and safe for customers.
 How do I continue to sell the affected products?
Click Review Compliance Requirements to find out more information about the documents you need to provide for each product.
 Was there an error?
If you believe that you do not need to sub",2026-04-01 08:21:55,RETR,xtbBpRPawGmp53P8qgAA3u
产品链接/合规类,older,account_4,weihaizhongxin2024@126.com,"Thu, 5 Mar 2026 20:28:14 +0000","""Amazon Seller Central-meldingen (niet beantwoorden)"" <donotreply@amazon.com>",Vereisten voor naleving van je productvermeldingen aanpakken,,"96
Actie vereist: Belangrijke informatie over je productvermeldingen
 We nemen contact met je op omdat je producten hebt vermeld waarvoor je nalevingsdocumenten moet indienen.
 Productvermeldingen ontbreken vereiste nalevingsdocumenten
 Hallo,
 We nemen contact met je op omdat je producten hebt vermeld waarvoor je nalevingsdocumenten moet indienen. Klik hieronder op Nalevingsvereisten bekijken om de lijst met betrokken producten te bekijken en de vereiste nalevingsdocumenten in te dienen. Als de documenten nog niet zijn ingediend op de vervaldatum die voor elk product in deze link is aangegeven, kunnen we de betreffende productvermeldingen verwijderen.
 Nalevingsvereisten bekijken
 In de onderstaande tabel zie je een voorbeeld van je betrokken productvermeldingen. Klik op Nalevingsvereisten bekijken om al je betrokken productvermeldingen weer te geven.
 SKU ASIN Status van productvermelding WHEUSGMH81901 B0DD7R3PPG Risico van verwijdering
 Waarom gebeurt dit?
Met deze vereiste zorgen we ervoor dat producten voldoen aan de lokale wetgeving en veilig zijn voor klanten.
 Hoe kan ik de betrokken producten blijven verkopen?
Klik op Nalevingsvereisten bekijken voor meer informatie over d",2026-04-01 08:21:54,RETR,xtbBsgLWvGmp52LJ1QAA3D
产品链接/合规类,older,account_4,weihaizhongxin2024@126.com,"Thu, 5 Mar 2026 20:28:05 +0000",Aviseringar från Amazon Seller Central (svara inte) <donotreply@amazon.com>,Hantera efterlevnadskrav för dina produktposter,,"96
Åtgärd krävs: Viktig information angående dina produktposter
 Vi kontaktar dig eftersom du har publicerat produkter som du måste skicka in dokument om överensstämmelse för.
 Produktposterna saknar dokument om överensstämmelse
 Hej!
 Vi kontaktar dig eftersom du har publicerat produkter för vilka du måste skicka in dokument om överensstämmelse. Klicka på Granska krav på överensstämmelse nedan om du vill visa listan med berörda produkter och skicka sedan in de dokument om överensstämmelse som krävs. Om du inte skickar in dokumenten senast det angivna förfallodatumet för respektive produkt i den här länken, så kan vi komma att ta bort de berörda produktposterna.
 Visa krav på överensstämmelse
 I tabellen nedan visas en av dina berörda produktposter som exempel. Klicka på Granska krav på överensstämmelse om du vill se alla dina berörda produktposter.
 SKU ASIN Status WHEUSGMH81901 B0DD7R3PPG Riskerar borttagning
 Varför händer det här?
Det här kravet hjälper till att säkerställa att produkterna är säkra för kunderna och överensstämmer med lokala lagar.
 Vad behöver jag göra om jag vill fortsätta att sälja de här produkterna?
Klicka på Granska krav på överensstämmelse om du vill ha m",2026-04-01 08:21:53,RETR,xtbBpBjUummp51j0+QAA3g
产品链接/合规类,older,account_4,weihaizhongxin2024@126.com,"Thu, 5 Mar 2026 20:28:05 +0000","""Notifiche di Amazon Seller Central (non rispondere)"" <donotreply@amazon.com>",Rispondi ai requisiti di conformità per le tue offerte,,"96
Azione richiesta: Informazioni importanti sulle sue offerte
 La contattiamo perché ha pubblicato offerte di prodotti che richiedono l'invio di documenti di conformità.
 Le offerte dei prodotti sono prive dei documenti di conformità obbligatori
 Buongiorno,
 ti contattiamo perché hai pubblicato offerte di prodotti che richiedono l'invio di documenti di conformità. Clicca su Visualizza requisiti di conformità qui sotto per accedere all'elenco dei prodotti interessati e inviare i documenti di conformità richiesti. Se non invierai i documenti entro il termine indicato per ciascun prodotto, le offerte di tali prodotti potrebbero essere rimosse.
 Visualizza requisiti di conformità
 La tabella seguente contiene un campione delle offerte interessate. Clicca su Visualizza requisiti di conformità per accedere all'elenco completo.
 SKU ASIN Stato delle offerte WHEUSGMH81901 B0DD7R3PPG A rischio di rimozione
 Perché succede questo?
L'aderenza ai requisiti contribuisce a garantire che i prodotti siano conformi alle leggi locali e non rappresentino un rischio per i clienti.
 Come faccio a continuare a vendere i prodotti interessati?
Clicca su Visualizza requisiti di conformità per ottenere ma",2026-04-01 08:21:54,RETR,xtbBsxjUummp51jJjwAA38
产品链接/合规类,older,account_4,weihaizhongxin2024@126.com,"Thu, 5 Mar 2026 20:11:29 +0000",Amazon Services <donotreply@amazon.com>,Submit product safety documentation to avoid listing deactivation,,"96
 Hello Weihai EU,
 Some of your listings are at risk of deactivation due to missing mandatory compliance requirements for your products. Review the details and next steps below. The affected listings are shown at the end of this email.
 Why is this happening?
 We are taking this action because these products are missing mandatory compliance information. Review our Product safety and compliance help page for information on applicable laws, regulations, and Amazon policies.
 The table at the end of this email provides product-specific compliance requirements.
 How do I reactivate my listings?
 To provide the required compliance information, go to your Account Health page and locate the product compliance requests:
-
 If you have the required documentation, follow the instructions to submit your compliance documents.
-
 If you believe your products are exempt from these requirements, submit documentation demonstrating why they are not subject to these compliance requirements.
 For step-by-step instructions, see our Submit compliance documents or appeal a documentation request help page.
 To avoid further impact to your account, close or delete any non-compliant listings that you do",2026-04-01 08:21:52,RETR,xtbBsxXawGmp43WjgAAA3J
法务/侵权类,older,account_4,weihaizhongxin2024@126.com,"Tue, 24 Mar 2026 10:50:35 +0000",Amazon Europe <noreply@sell.amazon.com>,借助 Climate Pledge Friendly 推动业务增长,,"借助 Climate Pledge Friendly 推动业务增长
尊敬的卖家，
参与亚马逊 Climate Pledge Friendly 计划的商品，在获得资格后的第一年内，平均可实现超过 12% 的销售增长和 10% 的商品页面浏览量提升*。
我们诚邀您加入 Climate Pledge Friendly（CPF），提升您更具可持续性的商品曝光度，同时助力业务增长。
拥有认可的[可持续发展认证](https://go.amazonsellerservices.com/e/229492/92469229-Wk13-node-21221608011/7z2bhly/6571059691/h/eRCozJPc0P6D8HNBb3qP94H1ForkIsaCTky_5R89ARk)的商品，有机会获得 Climate Pledge Friendly 标识，从而在消费者中脱颖而出。
[立即开始](https://go.amazonsellerservices.com/e/229492/229-Wk13-mons-sel-locale-zh-CN/7z2bhm2/6571059691/h/eRCozJPc0P6D8HNBb3qP94H1ForkIsaCTky_5R89ARk)
[CPF banner](https://go.amazonsellerservices.com/e/229492/229-Wk13-mons-sel-locale-zh-CN/7z2bhm2/6571059691/h/eRCozJPc0P6D8HNBb3qP94H1ForkIsaCTky_5R89ARk)
优先审核的 ASIN
这些商品选自您的商品目录，可能是获得 Climate Pledge Friendly 认证的潜在候选。
<div style=""padding: 0 20px; ""><table style=""width:100%; border-collapse:collapse; text-align:center; font-family:Amazon Ember Display, Arial, sans-serif; border:2px solid #868D95; border-radius:10px 10px 0 0; overflow:hidden; ""><thead><tr style=""background-color:#dfdad5;""><th style=""padding:10px; border-right:2px solid #868D95; font-size:14px; letter-spacing:none; line-height:1.2; text-align:center; mso-line-height-alt:1.063em; color:",2026-04-01 08:22:44,RETR,xtbBsh5FK2nCbH4vKAAA38
法务/侵权类,older,account_4,weihaizhongxin2024@126.com,"Tue, 24 Mar 2026 06:57:58 +0000","""Amazon.de"" <store-news@amazon.de>",Dein Einkaufswagen wartet,,"https://www.amazon.de/gp/cart/view.html?ref_=cor
Schwimmgurt für Pool, Schwimmhilfe Erwachsene Pool, Schwimmgurt Pool Erwachsene, Schwimmwiderstand Gürtel mit 2.5-7.5M Einstellbare Schwimmseil für Jedes Schwimmbad Ohne Gegenstromanlage
 -7 % 21,81 € UVP: 23,49 €
https://www.amazon.de/gp/product/B0DRCC2H56/?ref_=
Einkaufswagen anzeigen
https://www.amazon.de/gp/cart/view.html?ref_=cor
Schaue dir weitere Optionen an
Roaxkois Keramikmalset, Tassenmalset enthält Tassen, Pinsel, Farben und Anleitungen zum Bemalen, Keramik-Set für Zuhause, Bastelset für Erwachsene (Welle)
 26,01 €
https://www.amazon.de/gp/product/B0FLJ9RS6S/?ref_=ci_mcx_mr_2p_0_lm
Roaxkois Keramik Bemalen Set - Kreatives Keramik Bastelset mit Farben, Pinseln und Anleitungen, Perfektes Tassen Bemalen Set für individuelle Geschenke und Freizeitgestaltung
 -11 % 20,97 € UVP: 23,49 €
https://www.amazon.de/gp/product/B0FD8PWPNK/?ref_=ci_mcx_mr_2p_1_lm
LEOSINYIN Keramik Bemalen Set, Tassen Bemalen Set, DIY Keramik Malset Kreatives Geschenk für Kinder &amp; Erwachsene Enthält 2*Tassen, 2*Farbwanne, 4*Pinsel, 2 * 12 Farben und Anleitung
Befristetes Angebot -37 % 18,99 € UVP: 29,99 €
https://www.amazon.de/gp/product/B0FBXF765H/?re",2026-04-01 08:22:44,RETR,xtbBpQGYfmnCNgEAzAAA3S
法务/侵权类,older,account_4,weihaizhongxin2024@126.com,"Mon, 23 Mar 2026 18:21:26 +0000",The Amazon Services team <donotreply@amazon.com>,"Submit your Prime Day 2026 Deals on March 24, review updated fees
 and eligibility",,"96
 Get ready to make this Prime Day your best yet.
 Hello,
 Get ready to make this Prime Day your best yet. We’ve made changes to promotion eligibility requirements to ensure deals deliver the value customers expect during our biggest shopping events like Prime Day. We’ve also simplified promotion fees to better align your costs and set FBA inbound dates to ensure your products are Prime-ready for the big event.
 Promotional eligibility
 To ensure deals offer substantial value to customers, and in turn drive higher engagement and more sales for you, Prime Exclusive price discounts and deals must now:
- Be priced at or below the lowest sales price, including promotional prices from previous deals, coupons and price discounts, over the past 60 days .
- Offer at least 5% off the lowest sales price, including promotional prices from previous deals, coupons and price discounts, over the past 30 days . We’re also giving you more time to act. The deal submission window will be open from March 24, 2026, through June 19, 2026. To schedule a deal, go to Create a new deal .
 For full eligibility details, go to Deals for events and Price discounts and events .
 You can use the Deals dashboard",2026-04-01 08:22:43,RETR,xtbBsgkW+2nBhKlgQwAA3w
法务/侵权类,older,account_4,weihaizhongxin2024@126.com,"Mon, 23 Mar 2026 06:28:27 +0000","""Amazon.de"" <store-news@amazon.de>",Dein Einkaufswagen wartet,,"https://www.amazon.de/gp/cart/view.html?ref_=cor
Alckijy Feuerfeste Unterlage | 100 * 150cm Faltbare Hitzeschutzmatte | Bodenschutzmatte | Grillmatten | Bodenmatte | Grillteppich | Funkenschutzplatte | für BBQ Grills Kaminöfen Boden Rasen usw
 20,15 €
https://www.amazon.de/gp/product/B0CSGBZG8W/?ref_=
Einkaufswagen anzeigen
https://www.amazon.de/gp/cart/view.html?ref_=cor
Schaue dir weitere Optionen an
Feuerfeste Unterlage, 130 × 80cm Hitzebeständig bis 1800°F Hitzeschutzmatte, Grillmatte, Feuerschutzmatte, Fallschutzmatten Outdoor, Bodenschutzmatte, BBQ Grill Matte für Gasgrill Holzkohlegrill
 18,45 €
https://www.amazon.de/gp/product/B0DRC8LPGS/?ref_=ci_mcx_mr_2p_0_lm
FLASLD Feuerfeste Matte Hitzebeständig Grillmatte unter Blackstone, schützt Ihren Vorbereitungstisch und Grilltisch im Freien – hitzebeständige Grilltischmatte (schwarz, 40 x 60 cm)
 8,39 €
https://www.amazon.de/gp/product/B0C9ZR7PGP/?ref_=ci_mcx_mr_2p_1_lm
Weber Grillmatte - Klein (120 x 80cm), schützt Terasse/Balkon vor Fettspritzern oder tropfenden Flüssigkeiten, hitze- &amp; witterungsbeständiges antibakteriellles Material, für alle Grills (17897)
 -19 % 25,20 € UVP: 31,08 €
https://www.amazon.de/gp/product/B07ZC",2026-04-01 08:22:42,RETR,xtbBpA8lC2nA3Y9ngQAA3Y
法务/侵权类,older,account_4,weihaizhongxin2024@126.com,"Sat, 21 Mar 2026 06:12:01 +0000",亚马逊全球开店 <info@globalselling.amazon.cn>,【爆单预警】百亿流量即将开闸！现在备货，抢占流量C位,,"尊敬的卖家：
						我们注意到您在店铺中有上架教育、办公类商品，特此预告您将有机会参与即将到来的全球教育采购 “超级旺季”！
						每年 4-7 月欧美迎来学期末大促，紧接着7-10月进入返校季，在此期间学校批量采购教学设备，家庭为子女豪囤文具用品，企业为员工升级办公配置—— 千亿级市场需求在亚马逊集中爆发。根据亚马逊内部数据，相关ASIN转化率最高提升2.4倍。
						为了帮助您把握这波商机，我们向您提前预告在这段时间内值得关注的选品方向，助您提前布局商品，做好库存准备。
						哪些品类有机会爆发？
						美国站
						教室用品、书写工具及配件
						纸张/笔记本、美术用品
						家具、收纳与储物用品
						笔记本电脑/平板/显示器
						IT配件、餐饮服务用品
						清洁用品与设备、玩具
						欧洲站
						办公用品、PC电脑
						家居用品、家具
						电子产品、厨房用品
						商业/工业/科学用品
						玩具、家居装修用品
						以上仅为部分热门品类，您可结合店铺情况，重点关注与“教学办公、IT、家具与收纳、设施维护”相关的产品，点击下方文字了解具体商品推荐：
						教学办公
https://go.amazonsellerservices.com/e/229492/pageName-CN3AAS3AGS-B2B3Aintro/7z264nh/6566697502/h/Mt_Wi0H4RcCqjfEopZWckMJLYMWHT-V0a58wxKYZDFY
						商用 IT
https://go.amazonsellerservices.com/e/229492/pageName-CN3AAS3AGS-B2B3Aintro/7z264nl/6566697502/h/Mt_Wi0H4RcCqjfEopZWckMJLYMWHT-V0a58wxKYZDFY
						家具与收纳
https://go.amazonsellerservices.com/e/229492/pageName-CN3AAS3AGS-B2B3Aintro/7z264np/6566697502/h/Mt_Wi0H4RcCqjfEopZWckMJLYMWHT-V0a58wxKYZDFY
						设施维护
https://go.amazonsellerservices.com/e/229492/pageName-CN3AAS3AGS-B2B3Aintro/7z264ns/6566697502/h/Mt_Wi0H4RcCqjfEopZWckMJLYMWHT-V0a58wxKYZDFY
						亚马逊店铺商品默认 C+B 双端同步可售，您的商品能够同时展现给个人消费者和",2026-04-01 08:22:40,RETR,xtbBsxPDqWm+NrOVxgAA3L
法务/侵权类,older,account_4,weihaizhongxin2024@126.com,"Thu, 19 Mar 2026 16:40:09 +0000",Amazon Multi-Channel Fulfillment Team <multichannelfulfillment@supplychain.amazon.com>,Second Reminder: Upcoming changes to MCF and Buy with Prime packaging,,"Second Reminder: Upcoming changes to MCF and Buy with Prime packaging
Dear there,
Thank you for being a valued member of the Amazon Multichannel Fulfillment (MCF) and Buy with Prime community. We are reaching again out to make sure you have seen that starting in April 2026, MCF and Buy with Prime will introduce two updates to how orders are packaged and shipped in the United States:
Packing slips will no longer be included by default.
Items already certified for the Ships in Product Packaging (SIPP) program on Amazon.com will ship without an Amazon overbox by default.
In addition, eligible MCF and Buy with Prime SIPP shipments will receive a discount. See the SIPP for MCF help content for details.
https://www2.amazonsupplychain.com/e/949422/ence-external-GVCFXDFYNCTFLTTQ/61b9cx/1372255659/h/xX050fPuJyuSx_HuFPheaHfGRXD19yafaiWekQ5-4Gg
Packing slips will no longer be included by default.
Items already certified for the Ships in Product Packaging (SIPP) program on Amazon.com will ship without an Amazon overbox by default.
In addition, eligible MCF and Buy with Prime SIPP shipments will receive a discount. See the SIPP for MCF help content for details.
These updates support Amazon’s co",2026-04-01 08:22:38,RETR,xtbBpQ1ONGm8Ju2cpAAA30
法务/侵权类,older,account_4,weihaizhongxin2024@126.com,"Thu, 19 Mar 2026 15:16:22 +0000",Amazon Seller Newsletter <donotreply@amazon.com>,Seller News: March 2026,,"Amazon Services
 96
 Updates to Seller Central workspaces, Upload Images, Product Opportunity explorer, and more.
 Our Seller Newsletter provides the most important policy, tool, and program updates from the past month. Stay informed about selling on Amazon.
 Introducing a new, AI-powered workspace
 You now have access to a dynamic canvas experience in Seller Central, where you can visualize data and key insights, explore scenarios, and take critical actions to grow your business. This integrated, AI-native workspace combines chat and visual elements to provide highly personalized and actionable insights. Read more .
 Upload Images now provides faster uploads and more flexibility
 We’ve enhanced the image upload process in Upload Images to make managing images for your product catalog faster and more flexible. Read more .
 Remove meltable FBA inventory by April 20
 To meet product quality standards, we won’t accept meltable inventory at our fulfillment centers between April 20, 2026, and September 28, 2026. Meltable inventory remaining in our fulfillment centers after April 20, may be marked unfillable and disposed of for a fee, starting May 1, 2026. Read more .
 Save and track pro",2026-04-01 08:22:37,RETR,xtbBpQtgRmm8E0sBAQAA3F
法务/侵权类,older,account_4,weihaizhongxin2024@126.com,"Thu, 19 Mar 2026 10:25:38 +0000",The Fulfillment by Amazon team <donotreply@amazon.com>,Act today & improve Sales on Excess Inventory,,"96
This title will display on mobile devices
 Optional preview text
 Hello,
We noticed you have a number of ASIN(s) that have excess levels of inventory. We are reaching out to inform you about multiple options to improve your Unit Sales on your aged and/or excess inventory in Amazon Fulfillment Centers. Our goal is to help you increase the sales on this excess inventory:
X004QEYPRL, X004QFJQLF, X004MMFUYT, X004QEVV05, X004K6ILMZ
We encourage you to take Amazon recommended actions such as Create Outlet deals, Sponsor Products Ad, to improve sell through of this excess inventory and potentially reduce your chances of incurring aged inventory fee.
 Outlet deals
 Amazon Outlet is a great place for customers to shop for overstock deals, which offers a selection of items, such as electronics, toys, beauty, and kitchen.
 Create Outlet Deal Today!
 Sponsored Product Ads
 Sponsored Products is a cost-per-click advertising solution that provides advertisers with a foundation of controls and visibility to help get their individual products discovered, and help generate sales from traffic sources in the Amazon store and on select premium apps and websites.
 Create Sponsored Products Ad Today!",2026-04-01 08:22:37,RETR,xtbBsgZGLGm7zybj7wAA3p
法务/侵权类,older,account_4,weihaizhongxin2024@126.com,"Thu, 19 Mar 2026 09:02:06 +0000",Amazon Europe <donotreply@amazon.com>,Seller News: March 2026,,"Amazon Services
 96
 Stay informed about selling on Amazon.
 Our Seller Newsletter provides the most important policy, tool and programme updates from the past month.
 Introducing a new, AI-powered workspace
 You now have access to a dynamic canvas experience in Seller Central, where you can visualise data and key insights, explore scenarios and take critical actions to grow your business. This integrated, AI-native workspace combines chat and visual elements to provide highly personalised and actionable insights. Read more .
 Upload Images now provides faster uploads and more flexibility
 We’ve enhanced the image upload process in Upload Images to make managing images for your product catalogue faster and more flexible. Read more .
 Save and track product research with Product Opportunity Explorer
 Product Opportunity Explorer now includes a feature that helps you save and organise your research. You can identify profitable opportunities with low competition and save those promising product niches and ASINs with a single click. Read more .
 Account health tips for multiple selling accounts
 Our multiple-accounts policy allows you to operate one account per region unless you have a",2026-04-01 08:22:36,RETR,xtbBpBJcQmm7u5LH+wAA3v
法务/侵权类,older,account_4,weihaizhongxin2024@126.com,"Tue, 17 Mar 2026 05:46:24 +0000",Notificações do Seller Central da Amazon (não responder) <donotreply@amazon.com>,A Amazon enviou os itens vendidos,,"96
 Processamos e enviamos seus pedidos do programa FBA - Logística da Amazon.
 Olá,
 Processamos e enviamos seus pedidos do programa FBA - Logística da Amazon para clientes. Veja os detalhes abaixo para até 20 dos pedidos mais recentes.
 Para acompanhar o status desses pedidos e de todos os seus pedidos, acesse a página Gerenciar pedidos no Seller Central.
 Os seguintes itens do pedido completo foram enviados por Amazon.com.br para:
 Número do pedido: 702-3877609-2537851
 Quantidade
 Item do pedido
 Enviado por
 1
 Roaxkois Roda de cerâmica para crianças - Kit completo de pintura de artes e artesanato DIY com argila seca ao ar, tintas, ferramentas, avental e ad
 SKYPOSTAL
 Rastreamento: SKAMZUS0075085120
Observe que a entrega durante o fim de semana não está disponível para nossas opções de Entrega em dois dias ou Entrega no dia seguinte. Os pacotes enviados de um centro de distribuição no sábado ou domingo só chegarão ao remetente na segunda-feira de manhã.
Para obter ajuda com seu pedido, você pode encontrar links para enviar um e-mail ou ligar para o Suporte técnico de conta no link Fale conosco no Seller Central.
Obrigado.
Equipe do programa FBA - Logística da Amazon
 Este e-m",2026-04-01 08:22:34,RETR,xtbBpBJvVWm46rJPBQAA3P
法务/侵权类,older,account_4,weihaizhongxin2024@126.com,"Sun, 15 Mar 2026 14:55:03 +0000",Amazon Services <donotreply@amazon.com>,Pagamento elaborato con successo,,"96
This title will display on mobile devices
 Congratulazioni. Il pagamento è stato elaborato con successo e ti sarà accreditato a breve.
 Tentativo di pagamento
Congratulazioni Weihai EU! Il pagamento è stato elaborato con successo e ti sarà accreditato nel giro di da tre a cinque giorni.
In data 03/15/26 14:54 CET, abbiamo avviato un trasferimento sul tuo metodo di pagamento (conto bancario che termina con 229) dell’importo di €
 200,42.
 Se l’importo è inferiore a quanto atteso, tieni in considerazione le seguenti domande:
 Hai un saldo non disponibile? Amazon potrebbe trattenere una certa somma per coprire i costi di eventuali resi, reclami o contestazioni di una transazione (chargeback) da parte degli acquirenti. In questo caso, il saldo finale nel tuo report sui pagamenti mostrerà il saldo non disponibile corrispondente alla cifra trattenuta.
 Le tue vendite coprono tutte le commissioni e i resi per questo ciclo di fatturazione? L’importo del pagamento rispecchia le attività di vendita, le commissioni di vendita e le tariffe per promozioni o servizi. Ti consigliamo di rivedere il report sui pagamenti nella scheda Report di Seller Central per comprendere le diverse spese che p",2026-04-01 08:22:32,RETR,xtbBpQtMMmm2yEsa9wAA3h
法务/侵权类,older,account_4,weihaizhongxin2024@126.com,"Sun, 15 Mar 2026 11:03:39 +0000",Amazon Services <donotreply@amazon.com>,[Toma medidas] Proporciona más información en un plazo de 45 días para evitar la desactivación de tu cuenta en virtud de los requisitos de registro a efectos fiscales en Europa,,"96
 Hola, Weihai EU:
 Para cumplir nuestros requisitos de registro del impuesto sobre el valor añadido (IVA) europeo, necesitamos que nos proporciones más información.
 ¿A qué se debe esto?
 De acuerdo con nuestros requisitos de registro a efectos fiscales en Europa, tienes que proporcionarnos un número de identificación fiscal válido de todos los países en los que consideremos que tienes obligación de registrarte a efectos fiscales o confirmar el estado de registro en la Ventanilla Única del IVA (OSS) en tu país de origen.
 Hemos detectado que tu cuenta tiene que cumplir una serie de requisitos para el registro a efectos fiscales en la Unión Europea, el Reino Unido, Noruega y Suiza, donde tienes la obligación de registrarte a efectos fiscales. En concreto, es posible que tengas que tomar medidas para lo siguiente:
 Polonia
 Para más información, consulta Información sobre el impuesto sobre el valor añadido (IVA) europeo .
 ¿Cómo evito la desactivación de mi cuenta?
 Para evitar la desactivación de la cuenta, consulta la sección ""Acciones prioritarias"" de la página Estado de la cuenta en los próximos 45 días. Desde ahí podrás hacer lo siguiente:
- Revisar la información que tienes ",2026-04-01 08:22:32,RETR,xtbBsg+vlWm2kg9inQAA36
法务/侵权类,older,account_4,weihaizhongxin2024@126.com,"Sun, 15 Mar 2026 10:19:31 +0000",Amazon Services <donotreply@amazon.com>,"[Wymagane działanie] Podaj dodatkowe informacje w ciągu 45 dni, aby zapobiec dezaktywacji konta z powodu niespełnienia europejskich wymagań dotyczących rejestracji jako podatnik VAT",,"96
 Dzień dobry Weihai EU,
 potrzebujemy od Ciebie dodatkowych informacji, które pozwolą Ci spełnić europejskie wymagania Amazon dotyczące rejestracji jako podatnik VAT.
 Dlaczego tak się stało?
 Zgodnie z europejskimi wymaganiami Amazon dotyczącymi rejestracji jako podatnik VAT musisz podać nam ważny numer VAT dla wszystkich krajów, w których według nas podlegasz obowiązkowi rejestracji jako podatnik VAT, lub potwierdzenie statusu rejestracji w procedurze unijnej w Twoim kraju macierzystym.
 Ustaliliśmy, że w przypadku Twojego konta w Unii Europejskiej, Zjednoczonym Królestwie, Norwegii i Szwajcarii, gdzie masz zobowiązania z tytułu VAT, istnieją wymogi w zakresie rejestracji jako podatnik VAT. Podjęcie działań może być w szczególności wymagane w następujących przypadkach:
 Polska
 Więcej informacji znajdziesz na stronie Informacje dotyczące podatku VAT w Europie .
 Jak mogę zapobiec dezaktywacji konta?
 Aby uniknąć dezaktywacji konta, w ciągu najbliższych 45 dni odwiedź sekcję „Działania priorytetowe” na stronie Kondycja konta . W sekcji tej można:
- zweryfikować istniejące informacje dotyczące wymienionych krajów
- przesłać informacje o VAT za pośrednictwem portali „Informacje o",2026-04-01 08:22:31,RETR,xtbBpRUX-Gm2h7WNIwAA3Y
法务/侵权类,older,account_4,weihaizhongxin2024@126.com,"Sun, 15 Mar 2026 09:50:00 +0000",Amazon Services <donotreply@amazon.com>,"[Azione richiesta] Fornisci informazioni entro 45 giorni ed evita
 la disattivazione dell'account per via dei requisiti di registrazione IVA",,"96
 Gentile Weihai EU,
 Ai fini della conformità ai requisiti di registrazione IVA in Europa di Amazon, ti chiediamo di fornirci ulteriori informazioni.
 Ciò a cosa è dovuto?
 In base ai requisiti di registrazione IVA in Europa di Amazon, sei tenuto a fornirci un numero di partita IVA valido per tutti i paesi in cui riteniamo che tu abbia l'obbligo di effettuare tale registrazione o una conferma dello stato Union One-Stop Shop (OSS) relativo al tuo paese di registrazione.
 Vi sono dei requisiti per la registrazione ai fini IVA che il tuo account deve soddisfare nei paesi in cui sei soggetto a obblighi in materia di IVA (stati dell'Unione europea, Regno Unito, Norvegia e Svizzera). Nello specifico, potrebbe essere necessario un intervento da parte tua per quanto segue:
 Polonia
 Per maggiori informazioni, consulta la pagina di aiuto Informazioni sull'IVA in Europa .
 Come faccio a evitare la disattivazione dell'account?
 Per evitare la disattivazione dell'account, visita entro i prossimi 45 giorni la sezione relativa alle azioni prioritarie della pagina Stato dell'account . Da qui, potrai effettuare le seguenti operazioni:
- Verificare le informazioni esistenti per i paesi in elenco",2026-04-01 08:22:30,RETR,xtbBsgpaQGm2gMogUgAA3F
法务/侵权类,older,account_4,weihaizhongxin2024@126.com,"Fri, 13 Mar 2026 14:17:27 +0000",Amazon Marketplace KSA <donotreply@amazon.com>,FBA removal fees will not apply in UAE and Saudi Arabia,,"96
Amazon UAE
 Amazon Announcement
 Hello,
 We previously communicated that Fulfillment by Amazon (FBA) removal fees would be introduced in the UAE and Saudi Arabia on March 30, 2026.
Due to the developing situation in the Middle East, we will not apply FBA removal fees in UAE and Saudi Arabia until further notice . No fees will apply for FBA removal orders initiated by you or Amazon.
We will notify you of any future change to this policy in advance.
The Amazon Services team
- .
 Report an issue with this email
 If you have any questions visit: Seller Central
 To change your email preferences visit: Notification Preferences
 Copyright 2026 Amazon, Inc, or its affiliates. All rights reserved.
 Amazon.com, 410 Terry Avenue North, Seattle, WA 98109-5210
 SPC-EUAmazon-1794404611296645",2026-04-01 08:22:29,RETR,xtbBpRuskmm0HHsOGgAA3u
法务/侵权类,older,account_4,weihaizhongxin2024@126.com,"Thu, 12 Mar 2026 11:10:46 +0000",Gabriel Martins <notifications@insgly.net>,Worten Marketplace - Portugal y España,,"¡Buenos días!
Espero que te encuentres bien.
Mi nombre es Gabriel Martins y soy Business Developer en WORTEN Portugal y España, parte de Sonae, uno de los más grandes grupos empresariales en Portugal.
Te envío este mensaje porque nos gustaría hacer una colaboración entre Weihai EU y el Marketplace de Worten.
Sobre Worten.
Somos líderes en el mercado portugués, con 200 tiendas alcanzamos más de 1.2 billones de euros en ventas, de los cuales el 20% vienen del online.
En Portugal, Worten.pt es el sitio de comercio electrónico más visitado y con mejor desempeño, recibimos más visitas que los principales marketplaces del mundo, los que consideramos nuestra competencia. En compras online, el sitio web de Worten tiene el mayor tráfico de Portugal, más de 10 millones de visitas al mes.
Es en www.worten.pt y www.worten.es donde puedes mirar nuestro Marketplace.
Con más de 30 categorías, el Marketplace de Worten quiere ser la plataforma donde los clientes pueden encontrar todo lo que necesitan.
Con la gran demanda que sentimos, tenemos la oportunidad de aumentar nuestra gama de productos, ¡y trabajar con las mejores empresas es nuestra prioridad !
Worten Marketplace tiene una estrategia B2C,",2026-04-01 08:22:26,RETR,xtbBpBz942mynzywXwAA3x
法务/侵权类,older,account_4,weihaizhongxin2024@126.com,"Wed, 11 Mar 2026 12:18:47 +0000","""Amazon.co.uk"" <store-news@amazon.co.uk>","Swimming Training Belt, 2.5-7.5M Adjustable Swimming Resistance
 Bands is still in your basket",,"https://www.amazon.co.uk/gp/cart/view.html?ref_=cor
Schwimmgurt für Pool, Schwimmhilfe Erwachsene Pool, Schwimmgurt Pool Erwachsene, Schwimmwiderstand Gürtel mit 2.5-7.5M Einstellbare Schwimmseil für Jedes Schwimmbad Ohne Gegenstromanlage
Spring Deal -15% £14.16 Was: £16.66
https://www.amazon.co.uk/gp/product/B0DRCF83VZ/?ref_=
View your basket
https://www.amazon.co.uk/gp/cart/view.html?ref_=cor
Manage your preferences https://www.amazon.co.uk/gp/cpc/homepage?ref_=pe_ob_ftr_comm_prfs
Unsubscribe https://www.amazon.co.uk/gp/gss/o/1.pmxVEqsT3gXrFh88fSyuCe6DI9uiuU4C0KKMhooAImAzSBJB.D2l6BmGyrhR2QU
Amazon.co.uk is a trading name for Amazon EU Sarl, for Amazon Europe Core Sarl, and for Amazon Media EU Sarl, all of which have their registered office at 38 avenue John F. Kennedy, L-1855 Luxembourg. ©2026 Amazon.com, Inc. or its affiliates. Amazon and all related marks are trademarks of Amazon.com, Inc. or its affiliates. Shipping costs may apply. The price and availability displayed on amazon.co.uk at the time of purchase will apply to your purchase. Ref: 1253060271.
Privacy Notice https://www.amazon.co.uk/gp/help/customer/display.html?nodeId=201909010
Amazon.co.uk",2026-04-01 08:22:25,RETR,xtbBswtILmmxXavAjwAA3-
法务/侵权类,older,account_4,weihaizhongxin2024@126.com,"Tue, 10 Mar 2026 09:31:04 +0000",Amazon Europe <noreply@sell.amazon.com>,春季促销日 2026：最后提报您促销活动的机会,,"立即规划您的促销
尊敬的卖家：
春季促销日已经开始！您仍然可以为高潜力商品提交 Prime专享价格折扣和优惠券。不要错过在此次春季购物活动中触达数百万顾客的最后机会。
关键日期
活动日期： 2026 年 3 月 10 - 16 日
提交截止日期： 活动结束前 12 小时
即刻提报您的促销活动
优惠券 > https://go.amazonsellerservices.com/e/229492/oupon-ld-DC-EM-D403389586-Wk11/7z24pyz/6548637104/h/o6MODTBWFOoJ-lTgG6jkhHwTY0UdhKXkfXm7u4fY9qo
价格折扣 >https://go.amazonsellerservices.com/e/229492/reate-ld-DC-EM-D403389586-Wk11/7z24pz3/6548637104/h/o6MODTBWFOoJ-lTgG6jkhHwTY0UdhKXkfXm7u4fY9qo
您的 ASIN 推荐清单
以下为您精选了一批适合提报春季促销日活动的推荐 ASIN。
<div style=""padding: 0 20px; ""><table style=""width:100%; border-collapse:collapse; text-align:center; font-family:Amazon Ember Display, Arial, sans-serif; border:2px solid #868D95; border-radius:10px 10px 0 0; overflow:hidden; ""><thead><tr style=""background-color:#dfdad5;""><th style=""padding:10px; border-right:2px solid #868D95; font-size:14px; letter-spacing:none; line-height:1.2; text-align:center; mso-line-height-alt:1.063em; color:#000000;"">站点</th><th style=""padding:10px; border-right:2px solid #868D95; font-size:14px; letter-spacing:none; line-height:1.2; text-align:center; mso-line-height-alt:1.063em; color:#000000;"">ASIN</th></tr></thead><tbody><tr><td style=""padding:10px; border-top:2px solid #868D9",2026-04-01 08:22:22,RETR,xtbBpR22nGmv5N3tngAA3e
法务/侵权类,older,account_4,weihaizhongxin2024@126.com,"Mon, 9 Mar 2026 15:38:05 +0000",donotreply@amazon.com,Your Amazon.ca Fulfillment by Amazon Merchant Invoice for 2/2026 (Votre Facture Expédié Par Amazon Amazon.ca pour le mois de 2/2026),,"Dear Shen zhen shi wei hai zhong xin ke ji you xian,
We are writing to inform you that your electronic Fulfillment by Amazon Merchant Invoice for the month of 2/2026 is now available in your Seller Central Account.
To access your invoice, go to your Seller Central Account > Reports > Tax Document Library > Seller Fee Tax Invoices.
In your Seller Central account, you will be able to view, download or print your invoice.
If you have any questions, please contact Seller Support.
Best regards,
Amazon.ca
 Monsieur/Madame Shen zhen shi wei hai zhong xin ke ji you xian,
Nous vous écrivons pour vous informer que votre Facture Expédié Par Amazon pour le mois de 2/2026 est maintenant disponible dans votre compte Seller Central.
Pour accéder à votre facture, rendez-vous sur votre compte Seller Central et veuillez accéder à la page Rapports > Bibliothèque d'informations fiscales > Factures des frais du vendeur.
Dans votre compte Seller Central, vous pourrez afficher, télécharger ou imprimer votre facture.
Pour toute question, contactez le Support Vendeur.
Cordialement,
Amazon.ca",2026-04-01 08:22:19,RETR,xtbBpACYfmmu6WCIBgAA3C
法务/侵权类,older,account_4,weihaizhongxin2024@126.com,"Mon, 9 Mar 2026 11:10:45 +0000",Gabriel Martins <notifications@insgly.net>,Worten Marketplace - Portugal y España,,"Hola Weihai EU,
Soy Gabriel Martins, Business Developer en Worten worten.pt / worten.es , el mayor marketplace de Portugal.
Nuestro equipo de análisis ha señalado que una asociación con usted sería una gran oportunidad para ambos.
¿Estaría disponible para una reunión online esta semana?
Acerca de Worten - Somos el líder del mercado portugués:
- Nº 1 del comercio electrónico portugués
- Sitio web con mayor tráfico de Portugal (más de 10 millones de visitas al mes) - Ranking de mercado
- Más de 200 tiendas físicas en Portugal y España, proporcionando una oportunidad omnicanal
- Plataforma de gestión: Mirakl (se puede integrar manualmente o vía API)
- Sin costes iniciales - 6 meses
Estaré encantado de ayudarle si tiene alguna pregunta.
Muchas gracias,
Saludos Cordiales",2026-04-01 08:22:19,RETR,xtbBshrexGmuqrqh+QAA39
法务/侵权类,older,account_4,weihaizhongxin2024@126.com,"Sat, 7 Mar 2026 01:02:00 +0000",donotreply@amazon.com,Your Amazon.co.uk Merchant Credit Note for 2/2026,,"Dear Shen zhen shi wei hai zhong xin ke ji you xian,
We are writing to inform you that your electronic Merchant Credit Note for the month of 2/2026 is now available in your Seller Central Account.
To access your credit note, go to your Seller Central Account > Reports > Tax Document Library > Seller Fee Tax Invoices.
In your Seller Central account, you will be able to view, download or print your credit note.
If you have any questions, please contact Seller Support.
Best regards,
Amazon.co.uk",2026-04-01 08:22:15,RETR,xtbBswuli2mreQt85AAA3+
法务/侵权类,older,account_4,weihaizhongxin2024@126.com,"Fri, 6 Mar 2026 23:28:03 +0000",donotreply@amazon.com,Ihr Dokument Rechnungskorrektur Verkäufer von Amazon.de für 2.2026,,"Guten Tag Shen zhen shi wei hai zhong xin ke ji you xian!
Wir möchten Sie darüber informieren, dass Ihr elektronisches Dokument Rechnungskorrektur Verkäufer für 2.2026 ab sofort in Ihrem Seller Central-Konto verfügbar ist.
Navigieren Sie in Ihrem Seller Central-Konto zu Berichte > Steuerdokumente > Rechnungen über Verkaufsgebühren, um auf Ihr Dokument (Rechnungskorrektur) zuzugreifen.
In Ihrem Seller Central-Konto können Sie Ihr Dokument (Rechnungskorrektur) anzeigen, herunterladen oder ausdrucken.
Wenden Sie sich bei weiteren Fragen bitte an die Verkäuferhilfe.
Freundliche Grüße,
Amazon.de",2026-04-01 08:22:14,RETR,xtbBswYfBWmrYwYKvgAA38
法务/侵权类,older,account_4,weihaizhongxin2024@126.com,"Fri, 6 Mar 2026 23:16:57 +0000",donotreply@amazon.com,Je Creditnota Verkoper Amazon.nl voor 2/2026,,"Beste Shen zhen shi wei hai zhong xin ke ji you xian,
We sturen je dit bericht om je te laten weten dat je elektronische Creditnota Verkoper voor de maand 2 2026 nu beschikbaar is in je Seller Central-account.
Als je toegang wilt krijgen tot je creditnota, ga je naar je Seller Central-account > Overzichten > Bibliotheek met belastingdocumenten > Belastingfacturen voor kosten verkoper.
In je Seller Central-account kun je je creditnota bekijken, downloaden of afdrukken.
Als je nog vragen hebt, kun je contact opnemen met de Ondersteuning voor verkopers.
Met vriendelijke groeten,
Amazon.nl",2026-04-01 08:22:14,RETR,xtbBpQx4XmmrYGxO0wAA3c
法务/侵权类,older,account_4,weihaizhongxin2024@126.com,"Fri, 6 Mar 2026 23:10:12 +0000",donotreply@amazon.com,Ihr Dokument Rechnungskorrektur Versand durch Amazon von Amazon.de für 2.2026,,"Guten Tag Shen zhen shi wei hai zhong xin ke ji you xian!
Wir möchten Sie darüber informieren, dass Ihr elektronisches Dokument Rechnungskorrektur Versand durch Amazon für 2.2026 ab sofort in Ihrem Seller Central-Konto verfügbar ist.
Navigieren Sie in Ihrem Seller Central-Konto zu Berichte > Steuerdokumente > Rechnungen über Verkaufsgebühren, um auf Ihr Dokument (Rechnungskorrektur) zuzugreifen.
In Ihrem Seller Central-Konto können Sie Ihr Dokument (Rechnungskorrektur) anzeigen, herunterladen oder ausdrucken.
Wenden Sie sich bei weiteren Fragen bitte an die Verkäuferhilfe.
Freundliche Grüße,
Amazon.de",2026-04-01 08:22:14,RETR,xtbBsxcS92mrXtf3zgAA3z
法务/侵权类,older,account_4,weihaizhongxin2024@126.com,"Fri, 6 Mar 2026 22:15:50 +0000",donotreply@amazon.com,Ihr Dokument Rechnung Versand durch Amazon von Amazon.de für 2.2026,,"Guten Tag Shen zhen shi wei hai zhong xin ke ji you xian!
Wir möchten Sie darüber informieren, dass Ihr elektronisches Dokument Rechnung Versand durch Amazon für 2.2026 ab sofort in Ihrem Seller Central-Konto verfügbar ist.
Navigieren Sie in Ihrem Seller Central-Konto zu Berichte > Steuerdokumente > Rechnungen über Verkaufsgebühren, um auf Ihr Dokument (Rechnung) zuzugreifen.
In Ihrem Seller Central-Konto können Sie Ihr Dokument (Rechnung) anzeigen, herunterladen oder ausdrucken.
Wenden Sie sich bei weiteren Fragen bitte an die Verkäuferhilfe.
Freundliche Grüße,
Amazon.de",2026-04-01 08:22:13,RETR,xtbBshrfxWmrUhrG9gAA3I
法务/侵权类,older,account_4,weihaizhongxin2024@126.com,"Fri, 6 Mar 2026 21:01:28 +0000",donotreply@amazon.com,Amazon.pl – Faktura Realizacja przez Amazon za 2 2026,,"Cześć Shen zhen shi wei hai zhong xin ke ji you xian,
Pragniemy poinformować, że ten elektroniczny dokument jest już dostępny na Twoim koncie Seller Central: Faktura Realizacja przez Amazon za miesiąc 2 i rok 2026.
Aby uzyskać dostęp do tego dokumentu typu faktura, przejdź na konto Seller Central > Raporty > Dokumenty podatkowe > Faktury podatkowe z tytułu opłat od sprzedawcy.
Na koncie Seller Central możesz wyświetlić, pobrać i wydrukować taki dokument (faktura).
Jeśli masz jakieś pytania, skontaktuj się z działem pomocy dla sprzedawców.
Pozdrawiamy,
Amazon.pl",2026-04-01 08:22:12,RETR,xtbBsgt-ZWmrQKtwLgAA3U
法务/侵权类,older,account_4,weihaizhongxin2024@126.com,"Fri, 6 Mar 2026 20:56:07 +0000",donotreply@amazon.com,Din Faktura Fraktas Av Amazon Amazon.se för 2/2026,,"Hej Shen zhen shi wei hai zhong xin ke ji you xian!
Vi skriver för att informera dig om att din elektroniska Faktura Fraktas Av Amazon för månaden 2/2026 nu finns tillgänglig på ditt Seller Central-konto.
För att komma åt ditt fakturagår du till ditt Seller Central-konto > Rapporter > Bibliotek för skattedokument > Skattefakturor för säljaravgifter.
På ditt Seller Central-konto kan du se, ladda ner eller skriva ut ditt faktura.
Om du har några frågor, kontakta säljarsupport.
Vänliga hälsningar,
Amazon.se",2026-04-01 08:22:12,RETR,xtbBpQovFWmrP2q3JgAA3T
法务/侵权类,older,account_4,weihaizhongxin2024@126.com,"Fri, 6 Mar 2026 20:28:14 +0000",donotreply@amazon.com,Your Amazon.ie Fulfillment by Amazon Merchant Invoice for 2/2026,,"Dear Shen zhen shi wei hai zhong xin ke ji you xian,
We are writing to inform you that your electronic Fulfillment by Amazon Merchant Invoice for the month of 2/2026 is now available in your Seller Central Account.
To access your invoice, go to your Seller Central Account > Reports > Tax Document Library > Seller Fee Tax Invoices.
In your Seller Central account, you will be able to view, download or print your invoice.
If you have any questions, please contact Seller Support.
Best regards,
Amazon.ie",2026-04-01 08:22:12,RETR,xtbBpACLcWmrOOClJgAA3H
法务/侵权类,older,account_4,weihaizhongxin2024@126.com,"Fri, 6 Mar 2026 20:17:57 +0000",Amazon Services <donotreply@amazon.com>,Presenta la documentación sobre seguridad del producto para evitar la desactivación de los listings,,"96
 Hola, Weihai EU:
 Algunos de tus listings están en riesgo de desactivación debido a que tus productos no cumplen los requisitos obligatorios. Revisa a continuación los detalles y siguientes pasos. Los listings afectados aparecen al final de este correo electrónico.
 ¿A qué se debe esto?
 Tomamos esta medida porque a estos productos les falta información de cumplimiento normativo obligatoria. Para más información sobre las leyes, normativas y políticas de Amazon aplicables, consulta Cumplimiento y seguridad de los productos .
 En la tabla que aparece al final de este correo electrónico se proporcionan los requisitos de cumplimiento normativo específicos del producto.
 ¿Cómo puedo reactivar mis listings?
 Para proporcionar la información de cumplimiento normativo obligatoria, ve a la página Estado de la cuenta y localiza las solicitudes de cumplimiento normativo del producto:
-
 Si dispones de la documentación obligatoria, sigue las instrucciones para presentar los documentos de cumplimiento normativo.
-
 Si crees que tus productos están exentos de estos requisitos, presenta documentación que demuestre por qué no están sujetos a estos requisitos de cumplimiento normativo.
 Para v",2026-04-01 08:22:12,RETR,xtbBpRnw1mmrNnmNCwAA3R
法务/侵权类,older,account_4,weihaizhongxin2024@126.com,"Fri, 6 Mar 2026 20:17:26 +0000",亚马逊开店服务 <donotreply@amazon.com>,提交商品安全文件以避免商品被停售,,"96
 尊敬的 Weihai EU：
您好！
 您的部分商品因缺少必要的商品合规信息而面临被停售的风险。查看下面的详细信息和后续步骤。受影响的商品显示在此电子邮件的末尾。
 为什么会发生这种情况？
 我们之所以采取此措施，是因为这些商品缺少必要的合规信息。请查看我们的 商品安全与合规 帮助页面，了解有关适用法律法规和亚马逊政策的信息。
 此电子邮件末尾的表格提供了特定于商品的合规性要求。
 如何重新启售商品？
 要提供所需的合规信息，请前往 账户状况 页面并找到商品合规性请求：
-
 如果您有所需的文件，请按照相关说明提交您的合规文件。
-
 如果您认为您的商品无需遵守这些要求，请提交相关文件，说明它们为何不受这些合规要求的约束。
 有关分步操作说明，请参阅 提交合规文件或对文件请求提出申诉 帮助页面。
 为避免进一步影响您的账户，请停售或删除您不打算销售或申诉的任何不合规商品。
 如果我未执行上述操作，会怎么样？
 如果您未在“账户状况”页面显示的截止日期之前提供所需的合规信息，我们可能会停售受影响的商品。
 我们愿意随时为您提供帮助。
 有关更多信息，请观看卖家大学中的 安全与合规简介 视频
 如果您有其他问题，请在您的 账户状况 控制面板上提交请求。
 亚马逊商品安全与合规性
 受影响的商品
 详情
 Roaxkois Töpferset für Kinder, Töpferset für Zuhause mit ton lufttrocknend, Töpferscheibe Elektrisch, Diamant Aufkleber, Kreativ Set für Kinder, Geschenk-Ideen, Geschenk für Mädchen Jungen
 ASIN： B0DL3PC2WS
 亚马逊要求您证明自己在亚马逊德国站上架的儿童玩具符合适用的法律、法规、标准和亚马逊政策。
要销售儿童玩具，您必须满足 儿童玩具帮助页面 上列出的要求，并与我们的合作伙伴第三方测试、检验和认证 (TIC) 服务提供商合作，验证您的商品符合这些要求。
儿童玩具是指供14岁或以下儿童在学习或玩耍时使用的商品。
亚马逊根据以下标准来确定商品是否为“儿童玩具”：
商品包装上的年龄分级标明该玩具专供 14 岁或以下儿童使用。
产品的包装、展示、促销或广告显示该产品适合 14 岁或以下儿童使用。
消费者通常认为该商品供 14 岁或以下儿童使用。
有关合规要求、如何与 TIC 服务提供商合作的更多信息，或者要观看有关本政策涵盖的儿童玩具的视频，请访问 儿童玩具帮助页面 。
 报告此电子邮件的问题
 如果您有任何问题，请访问: Seller Central
 要更改您的电子邮件首选项，请访问： 通知首选项
 2026 Amazon.com 旗下公司 保留所有权利
",2026-04-01 08:22:11,RETR,xtbBpBvozmmrNluWGAAA34
法务/侵权类,older,account_4,weihaizhongxin2024@126.com,"Fri, 6 Mar 2026 20:15:57 +0000",Amazon Services <donotreply@amazon.com>,Przesyłanie dokumentacji dotyczącej bezpieczeństwa produktu w celu niedopuszczenia do dezaktywacji oferty,,"96
 Dzień dobry Weihai EU,
 niektóre z Twoich ofert są zagrożone dezaktywacją z powodu niespełnienia obowiązków dotyczących zgodności wystawianych przez Ciebie produktów z wymogami. Poniżej znajdziesz szczegółowe informacje oraz dalsze instrukcje. Oferty produktów, których dotyczy problem, wskazano na końcu niniejszej wiadomości e-mail.
 Dlaczego tak się stało?
 Podjęliśmy to działanie, ponieważ w przypadku tych produktów nie dostarczono obowiązkowych informacji dotyczących zgodności z wymogami. Więcej informacji na temat mających zastosowanie przepisów ustawowych i wykonawczych oraz zasad Amazon znajdziesz na stronie Bezpieczeństwo i zgodność produktu z wymogami .
 Informacje na temat wymogów dotyczących zgodności dla poszczególnych produktów znajdziesz w tabeli na końcu tej wiadomości e-mail.
 Jak mogę ponownie aktywować oferty?
 Aby dostarczyć niezbędne informacje dotyczące zgodności z wymogami, przejdź do panelu Kondycja konta i znajdź żądania dotyczące zgodności produktu z wymogami:
-
 Jeśli dysponujesz wymaganymi dokumentami zgodności, postępuj zgodnie z instrukcjami, aby je przesłać.
-
 Jeśli uważasz, że Twoje produkty są zwolnione z wymogów dotyczących zgodności, prześlij d",2026-04-01 08:22:11,RETR,xtbBpQDSuGmrNgCKbgAA3f
法务/侵权类,older,account_4,weihaizhongxin2024@126.com,"Fri, 6 Mar 2026 20:15:27 +0000",Amazon Services <donotreply@amazon.com>,"Dien productveiligheidsdocumentatie in om de deactivering van de
 productvermelding te voorkomen",,"96
 Hallo Weihai EU,
 Enkele van je productvermeldingen lopen het risico op deactivering omdat er verplichte nalevingsvereisten voor je producten ontbreken. Bekijk de gegevens en de stappen hieronder. De betreffende productvermeldingen worden aan het einde van deze e-mail weergegeven.
 Waarom gebeurt dit?
 We hebben deze actie ondernomen omdat voor deze producten verplichte nalevingsinformatie ontbreekt. Raadpleeg onze hulp-pagina Productveiligheid en -conformiteit voor informatie over de toepasselijke wet- en regelgeving en het Amazon-beleid.
 De tabel aan het einde van deze e-mail bevat productspecifieke nalevingsvereisten.
 Hoe activeer ik mijn productvermeldingen opnieuw?
 Als je de vereiste nalevingsgegevens wilt verstrekken, ga je naar de pagina Accountstatus en zoek je de aanvragen voor productconformiteit:
-
 Als je over de vereiste documentatie beschikt, volg je de instructies om je nalevingsdocumenten in te dienen.
-
 Als je van mening bent dat je producten zijn vrijgesteld van deze vereisten, dien dan documentatie in waaruit blijkt wat de reden is dat ze niet aan deze nalevingsvereisten zijn onderworpen.
 Raadpleeg voor stapsgewijze instructies onze hulp-pagina Documente",2026-04-01 08:22:11,RETR,xtbBpQPKsGmrNeOJrwAA3u
法务/侵权类,older,account_4,weihaizhongxin2024@126.com,"Fri, 6 Mar 2026 20:12:48 +0000",Amazon Services <donotreply@amazon.com>,Skicka in produktsäkerhetsdokumentation för att undvika att produktposterna inaktiveras,,"96
 Hej Weihai EU!
 Vissa av dina produktposter riskerar att inaktiveras på grund av att det saknas obligatorisk information om överensstämmelse för produkterna. Granska informationen och följande steg nedan. De berörda produktposterna visas i slutet av det här e-postmeddelandet.
 Varför händer det här?
 Vi vidtar den här åtgärden eftersom det saknas obligatorisk information om överensstämmelse för de här produkterna. Läs vår hjälpsida för Produktsäkerhet och -överensstämmelse för information om tillämpliga lagar, förordningar och Amazons policyer.
 Tabellen i slutet av detta e-postmeddelande innehåller produktspecifika krav för överensstämmelse.
 Hur återaktiverar jag mina produktposter?
 Om du vill tillhandahålla den begärda överensstämmelseinformationen går du till sidan Kontostatus och letar upp begäranden om produktöverensstämmelse:
-
 Om du har den obligatoriska dokumentationen ska du skicka in dina överensstämmelsedokument enligt instruktionerna.
-
 Om du tror att dina produkter är undantagna från dessa krav skickar du in dokumentation som visar varför de inte omfattas av dessa överensstämmelsekrav.
 Du hittar stegvisa instruktioner på vår hjälpsida om Skicka in intyg om öve",2026-04-01 08:22:10,RETR,xtbBswSjiWmrNUQ2NQAA3t
法务/侵权类,older,account_4,weihaizhongxin2024@126.com,"Fri, 6 Mar 2026 20:07:18 +0000",donotreply@amazon.com,Your Amazon.co.uk Fulfillment by Amazon Merchant Invoice for 2/2026,,"Dear Shen zhen shi wei hai zhong xin ke ji you xian,
We are writing to inform you that your electronic Fulfillment by Amazon Merchant Invoice for the month of 2/2026 is now available in your Seller Central Account.
To access your invoice, go to your Seller Central Account > Reports > Tax Document Library > Seller Fee Tax Invoices.
In your Seller Central account, you will be able to view, download or print your invoice.
If you have any questions, please contact Seller Support.
Best regards,
Amazon.co.uk",2026-04-01 08:22:10,RETR,xtbBsxlQNmmrM-kubAAA3G
法务/侵权类,older,account_4,weihaizhongxin2024@126.com,"Fri, 6 Mar 2026 20:02:17 +0000",donotreply@amazon.com,Ihr Dokument Rechnung Verkäufer von Amazon.de für 2.2026,,"Guten Tag Shen zhen shi wei hai zhong xin ke ji you xian!
Wir möchten Sie darüber informieren, dass Ihr elektronisches Dokument Rechnung Verkäufer für 2.2026 ab sofort in Ihrem Seller Central-Konto verfügbar ist.
Navigieren Sie in Ihrem Seller Central-Konto zu Berichte > Steuerdokumente > Rechnungen über Verkaufsgebühren, um auf Ihr Dokument (Rechnung) zuzugreifen.
In Ihrem Seller Central-Konto können Sie Ihr Dokument (Rechnung) anzeigen, herunterladen oder ausdrucken.
Wenden Sie sich bei weiteren Fragen bitte an die Verkäuferhilfe.
Freundliche Grüße,
Amazon.de",2026-04-01 08:22:09,RETR,xtbBpQ4F6mmrMs53OAAA31
法务/侵权类,older,account_4,weihaizhongxin2024@126.com,"Fri, 6 Mar 2026 20:02:06 +0000",donotreply@amazon.com,Je Factuur Fulfilled by Amazon Amazon.com.be voor 2/2026 (Votre Facture Expédié Par Amazon Amazon.com.be pour le mois de 2/2026),,"Beste Shen zhen shi wei hai zhong xin ke ji you xian,
We sturen je dit bericht om je te laten weten dat je elektronische Factuur Fulfilled by Amazon voor de maand 2 2026 nu beschikbaar is in je Seller Central-account.
Als je toegang wilt krijgen tot je factuur, ga je naar je Seller Central-account > Overzichten > Bibliotheek met belastingdocumenten > Belastingfacturen voor kosten verkoper.
In je Seller Central-account kun je je factuur bekijken, downloaden of afdrukken.
Als je nog vragen hebt, kun je contact opnemen met de Ondersteuning voor verkopers.
Met vriendelijke groeten,
Amazon.com.be
 Monsieur/Madame Shen zhen shi wei hai zhong xin ke ji you xian,
Nous vous écrivons pour vous informer que votre Facture Expédié Par Amazon pour le mois de 2/2026 est maintenant disponible dans votre compte Seller Central.
Pour accéder à votre facture, rendez-vous sur votre compte Seller Central et veuillez accéder à la page Rapports > Bibliothèque d'informations fiscales > Factures des frais du vendeur.
Dans votre compte Seller Central, vous pourrez afficher, télécharger ou imprimer votre facture.
Pour toute question, contactez le Support Vendeur.
Cordialement,
Amazon.com.be",2026-04-01 08:22:09,RETR,xtbBpAEC52mrMsGAQgAA3z
法务/侵权类,older,account_4,weihaizhongxin2024@126.com,"Fri, 6 Mar 2026 19:35:00 +0000",donotreply@amazon.com,Your Amazon.co.uk AGL Merchant Self-Billing Invoice for 2/2026,,"Dear Shen zhen shi wei hai zhong xin ke ji you xian,
We are writing to inform you that your electronic AGL Merchant Self-Billing Invoice for the month of 2/2026 is now available in your Seller Central Account.
To access your invoice, go to your Seller Central Account > Reports > Tax Document Library > Seller Fee Tax Invoices.
In your Seller Central account, you will be able to view, download or print your invoice.
If you have any questions, please contact Seller Support.
Best regards,
Amazon.co.uk",2026-04-01 08:22:09,RETR,xtbBswdpT2mrLGf6qwAA3K
法务/侵权类,older,account_4,weihaizhongxin2024@126.com,"Fri, 6 Mar 2026 19:32:44 +0000",donotreply@amazon.com,Ihr Dokument Rechnung Versand durch Amazon von Amazon.de für 2.2026,,"Guten Tag Shen zhen shi wei hai zhong xin ke ji you xian!
Wir möchten Sie darüber informieren, dass Ihr elektronisches Dokument Rechnung Versand durch Amazon für 2.2026 ab sofort in Ihrem Seller Central-Konto verfügbar ist.
Navigieren Sie in Ihrem Seller Central-Konto zu Berichte > Steuerdokumente > Rechnungen über Verkaufsgebühren, um auf Ihr Dokument (Rechnung) zuzugreifen.
In Ihrem Seller Central-Konto können Sie Ihr Dokument (Rechnung) anzeigen, herunterladen oder ausdrucken.
Wenden Sie sich bei weiteren Fragen bitte an die Verkäuferhilfe.
Freundliche Grüße,
Amazon.de",2026-04-01 08:22:09,RETR,xtbBsh9HLWmrK9-4gwAA3K
法务/侵权类,older,account_4,weihaizhongxin2024@126.com,"Fri, 6 Mar 2026 19:24:20 +0000",donotreply@amazon.com,Je Factuur Verkoper Amazon.nl voor 2/2026,,"Beste Shen zhen shi wei hai zhong xin ke ji you xian,
We sturen je dit bericht om je te laten weten dat je elektronische Factuur Verkoper voor de maand 2 2026 nu beschikbaar is in je Seller Central-account.
Als je toegang wilt krijgen tot je factuur, ga je naar je Seller Central-account > Overzichten > Bibliotheek met belastingdocumenten > Belastingfacturen voor kosten verkoper.
In je Seller Central-account kun je je factuur bekijken, downloaden of afdrukken.
Als je nog vragen hebt, kun je contact opnemen met de Ondersteuning voor verkopers.
Met vriendelijke groeten,
Amazon.nl",2026-04-01 08:22:08,RETR,xtbBsgfIrmmrKefrRQAA3x
法务/侵权类,older,account_4,weihaizhongxin2024@126.com,"Fri, 6 Mar 2026 18:55:05 +0000",donotreply@amazon.com,Ihr Dokument Rechnung Versand durch Amazon von Amazon.de für 2.2026,,"Guten Tag Shen zhen shi wei hai zhong xin ke ji you xian!
Wir möchten Sie darüber informieren, dass Ihr elektronisches Dokument Rechnung Versand durch Amazon für 2.2026 ab sofort in Ihrem Seller Central-Konto verfügbar ist.
Navigieren Sie in Ihrem Seller Central-Konto zu Berichte > Steuerdokumente > Rechnungen über Verkaufsgebühren, um auf Ihr Dokument (Rechnung) zuzugreifen.
In Ihrem Seller Central-Konto können Sie Ihr Dokument (Rechnung) anzeigen, herunterladen oder ausdrucken.
Wenden Sie sich bei weiteren Fragen bitte an die Verkäuferhilfe.
Freundliche Grüße,
Amazon.de",2026-04-01 08:22:08,RETR,xtbBpAwR9mmrIwwN-QAA3S
法务/侵权类,older,account_4,weihaizhongxin2024@126.com,"Fri, 6 Mar 2026 18:24:37 +0000",donotreply@amazon.com,Your Amazon.co.uk Merchant Invoice for 2/2026,,"Dear Shen zhen shi wei hai zhong xin ke ji you xian,
We are writing to inform you that your electronic Merchant Invoice for the month of 2/2026 is now available in your Seller Central Account.
To access your invoice, go to your Seller Central Account > Reports > Tax Document Library > Seller Fee Tax Invoices.
In your Seller Central account, you will be able to view, download or print your invoice.
If you have any questions, please contact Seller Support.
Best regards,
Amazon.co.uk",2026-04-01 08:22:07,RETR,xtbBswlGLGmrG+l9wgAA3f
法务/侵权类,older,account_4,weihaizhongxin2024@126.com,"Fri, 6 Mar 2026 17:58:56 +0000",donotreply@amazon.com,Je Factuur Fulfilled by Amazon Amazon.nl voor 2/2026,,"Beste Shen zhen shi wei hai zhong xin ke ji you xian,
We sturen je dit bericht om je te laten weten dat je elektronische Factuur Fulfilled by Amazon voor de maand 2 2026 nu beschikbaar is in je Seller Central-account.
Als je toegang wilt krijgen tot je factuur, ga je naar je Seller Central-account > Overzichten > Bibliotheek met belastingdocumenten > Belastingfacturen voor kosten verkoper.
In je Seller Central-account kun je je factuur bekijken, downloaden of afdrukken.
Als je nog vragen hebt, kun je contact opnemen met de Ondersteuning voor verkopers.
Met vriendelijke groeten,
Amazon.nl",2026-04-01 08:22:06,RETR,xtbBpATDqWmrFeSn0AAA3O
法务/侵权类,older,account_4,weihaizhongxin2024@126.com,"Fri, 6 Mar 2026 17:48:50 +0000",donotreply@amazon.com,Your Amazon.ie Merchant Invoice for 2/2026,,"Dear Shen zhen shi wei hai zhong xin ke ji you xian,
We are writing to inform you that your electronic Merchant Invoice for the month of 2/2026 is now available in your Seller Central Account.
To access your invoice, go to your Seller Central Account > Reports > Tax Document Library > Seller Fee Tax Invoices.
In your Seller Central account, you will be able to view, download or print your invoice.
If you have any questions, please contact Seller Support.
Best regards,
Amazon.ie",2026-04-01 08:22:06,RETR,xtbBsgUrEWmrE4U+9QAA3S
法务/侵权类,older,account_4,weihaizhongxin2024@126.com,"Fri, 6 Mar 2026 17:11:22 +0000",donotreply@amazon.com,Ihr Dokument Selbstfakturierung AGL von Amazon.de für 2.2026,,"Guten Tag Shen zhen shi wei hai zhong xin ke ji you xian!
Wir möchten Sie darüber informieren, dass Ihr elektronisches Dokument Selbstfakturierung AGL für 2.2026 ab sofort in Ihrem Seller Central-Konto verfügbar ist.
Navigieren Sie in Ihrem Seller Central-Konto zu Berichte > Steuerdokumente > Rechnungen über Verkaufsgebühren, um auf Ihr Dokument (Rechnung) zuzugreifen.
In Ihrem Seller Central-Konto können Sie Ihr Dokument (Rechnung) anzeigen, herunterladen oder ausdrucken.
Wenden Sie sich bei weiteren Fragen bitte an die Verkäuferhilfe.
Freundliche Grüße,
Amazon.de",2026-04-01 08:22:02,RETR,xtbBsx323GmrCr38JwAA3q
法务/侵权类,older,account_4,weihaizhongxin2024@126.com,"Fri, 6 Mar 2026 16:54:03 +0000",donotreply@amazon.com,Your Amazon.co.uk Fulfillment by Amazon Merchant Invoice for 2/2026,,"Dear Shen zhen shi wei hai zhong xin ke ji you xian,
We are writing to inform you that your electronic Fulfillment by Amazon Merchant Invoice for the month of 2/2026 is now available in your Seller Central Account.
To access your invoice, go to your Seller Central Account > Reports > Tax Document Library > Seller Fee Tax Invoices.
In your Seller Central account, you will be able to view, download or print your invoice.
If you have any questions, please contact Seller Support.
Best regards,
Amazon.co.uk",2026-04-01 08:22:01,RETR,xtbBsw7x12mrBq7WqQAA3O
法务/侵权类,older,account_4,weihaizhongxin2024@126.com,"Fri, 6 Mar 2026 16:44:53 +0000",donotreply@amazon.com,"Je Factuur Verkoper Amazon.com.be voor 2/2026 (Votre Facture
 Vendeur Amazon.com.be pour le mois de 2/2026)",,"Beste Shen zhen shi wei hai zhong xin ke ji you xian,
We sturen je dit bericht om je te laten weten dat je elektronische Factuur Verkoper voor de maand 2 2026 nu beschikbaar is in je Seller Central-account.
Als je toegang wilt krijgen tot je factuur, ga je naar je Seller Central-account > Overzichten > Bibliotheek met belastingdocumenten > Belastingfacturen voor kosten verkoper.
In je Seller Central-account kun je je factuur bekijken, downloaden of afdrukken.
Als je nog vragen hebt, kun je contact opnemen met de Ondersteuning voor verkopers.
Met vriendelijke groeten,
Amazon.com.be
 Monsieur/Madame Shen zhen shi wei hai zhong xin ke ji you xian,
Nous vous écrivons pour vous informer que votre Facture Vendeur pour le mois de 2/2026 est maintenant disponible dans votre compte Seller Central.
Pour accéder à votre facture, rendez-vous sur votre compte Seller Central et veuillez accéder à la page Rapports > Bibliothèque d'informations fiscales > Factures des frais du vendeur.
Dans votre compte Seller Central, vous pourrez afficher, télécharger ou imprimer votre facture.
Pour toute question, contactez le Support Vendeur.
Cordialement,
Amazon.com.be",2026-04-01 08:22:01,RETR,xtbBswxpT2mrBIzDrwAA3-
法务/侵权类,older,account_4,weihaizhongxin2024@126.com,"Fri, 6 Mar 2026 16:38:12 +0000",donotreply@amazon.com,Je Factuur Fulfilled by Amazon Amazon.nl voor 2/2026,,"Beste Shen zhen shi wei hai zhong xin ke ji you xian,
We sturen je dit bericht om je te laten weten dat je elektronische Factuur Fulfilled by Amazon voor de maand 2 2026 nu beschikbaar is in je Seller Central-account.
Als je toegang wilt krijgen tot je factuur, ga je naar je Seller Central-account > Overzichten > Bibliotheek met belastingdocumenten > Belastingfacturen voor kosten verkoper.
In je Seller Central-account kun je je factuur bekijken, downloaden of afdrukken.
Als je nog vragen hebt, kun je contact opnemen met de Ondersteuning voor verkopers.
Met vriendelijke groeten,
Amazon.nl",2026-04-01 08:22:00,RETR,xtbBsxcD6GmrAve3LgAA3h
法务/侵权类,older,account_4,weihaizhongxin2024@126.com,"Fri, 6 Mar 2026 16:28:10 +0000",donotreply@amazon.com,"La tua Fattura Elettronica Amazon Marketing Service Amazon.it per
 2/2026",,"Gentile Shen zhen shi wei hai zhong xin ke ji you xian,
Ti informiamo che la tua Fattura Elettronica Amazon Marketing Service per il mese di 2/2026 è ora disponibile sul tuo account di Seller Central.
Per visualizzare la tua fattura, vai sul tuo Account Seller Central > Report > Documentazione fiscale > ""Fatture delle commissioni addebitate al venditore"".
Dall’account Seller Central potrai visualizzare, scaricare o stampare la tua fattura.
Per qualsiasi domanda, contatta il Support al venditore.
Distinti saluti,
Amazon.it",2026-04-01 08:22:00,RETR,xtbBsh1sUmmrAJ2lggAA3p
法务/侵权类,older,account_4,weihaizhongxin2024@126.com,"Fri, 6 Mar 2026 16:09:11 +0000",donotreply@amazon.com,Din Faktura Säljare Amazon.se för 2/2026,,"Hej Shen zhen shi wei hai zhong xin ke ji you xian!
Vi skriver för att informera dig om att din elektroniska Faktura Säljare för månaden 2/2026 nu finns tillgänglig på ditt Seller Central-konto.
För att komma åt ditt fakturagår du till ditt Seller Central-konto > Rapporter > Bibliotek för skattedokument > Skattefakturor för säljaravgifter.
På ditt Seller Central-konto kan du se, ladda ner eller skriva ut ditt faktura.
Om du har några frågor, kontakta säljarsupport.
Vänliga hälsningar,
Amazon.se",2026-04-01 08:22:00,RETR,xtbBswpONGmq-Cp8ygAA3g
法务/侵权类,older,account_4,weihaizhongxin2024@126.com,"Fri, 6 Mar 2026 15:32:33 +0000",donotreply@amazon.com,Your Amazon.sa Fulfillment by Amazon Merchant Invoice for 2/2026 (Amazon.sa فاتورة ضريبة القيمة المضافة (VAT) لتاجر Fulfilment by Amazon الخاصة بك لشهر 2/2026),,"Dear Shen zhen shi wei hai zhong xin ke ji you xian,
We are writing to inform you that your electronic Fulfillment by Amazon Merchant Invoice for the month of 2/2026 is now available in your Seller Central Account.
To access your invoice, go to your Seller Central Account > Reports > Tax Document Library > Seller Fee Tax Invoices.
In your Seller Central account, you will be able to view, download or print your invoice.
If you have any questions, please contact Seller Support.
Best regards,
Amazon.sa
 عزيزي Shen zhen shi wei hai zhong xin ke ji you xian،
نراسلك لإبلاغك بأن فاتورة ضريبة القيمة المضافة (VAT) لتاجر Fulfilment by Amazon الخاص بك لشهر 2/2026 متاح الآن في حساب Seller Central الخاص بك.
للوصول إلى فاتورة الخاص بك، انتقل إلى حساب Seller Central الخاص بك > التقارير > مكتبة المستندات الضريبية > فواتير ضريبة رسم البائع.
في حساب Seller Central الخاص بك، ستتمكن من عرض {documentType}$ الخاص بك أو تنزيله أو طباعته.
إذا كانت لديك أي أسئلة، فالمرجو التواصل مع دعم البائع.
 مع أطيب التحيات،
Amazon.sa",2026-04-01 08:22:00,RETR,xtbBsxUnDWmq85U79gAA3k
法务/侵权类,older,account_4,weihaizhongxin2024@126.com,"Fri, 6 Mar 2026 15:13:19 +0000",donotreply@amazon.com,Din Faktura Fraktas Av Amazon Amazon.se för 2/2026,,"Hej Shen zhen shi wei hai zhong xin ke ji you xian!
Vi skriver för att informera dig om att din elektroniska Faktura Fraktas Av Amazon för månaden 2/2026 nu finns tillgänglig på ditt Seller Central-konto.
För att komma åt ditt fakturagår du till ditt Seller Central-konto > Rapporter > Bibliotek för skattedokument > Skattefakturor för säljaravgifter.
På ditt Seller Central-konto kan du se, ladda ner eller skriva ut ditt faktura.
Om du har några frågor, kontakta säljarsupport.
Vänliga hälsningar,
Amazon.se",2026-04-01 08:21:59,RETR,xtbBpBIF6mmq7xJ42AAA3H
法务/侵权类,older,account_4,weihaizhongxin2024@126.com,"Fri, 6 Mar 2026 14:56:47 +0000",donotreply@amazon.com,Your Amazon.sa Merchant Invoice for 2/2026 (Amazon.sa فاتورة ضريبة القيمة المضافة (VAT) الخاصة بالتاجر الخاصة بك لشهر 2/2026),,"Dear Shen zhen shi wei hai zhong xin ke ji you xian,
We are writing to inform you that your electronic Merchant Invoice for the month of 2/2026 is now available in your Seller Central Account.
To access your invoice, go to your Seller Central Account > Reports > Tax Document Library > Seller Fee Tax Invoices.
In your Seller Central account, you will be able to view, download or print your invoice.
If you have any questions, please contact Seller Support.
Best regards,
Amazon.sa
 عزيزي Shen zhen shi wei hai zhong xin ke ji you xian،
نراسلك لإبلاغك بأن فاتورة ضريبة القيمة المضافة (VAT) الخاصة بالتاجر الخاص بك لشهر 2/2026 متاح الآن في حساب Seller Central الخاص بك.
للوصول إلى فاتورة الخاص بك، انتقل إلى حساب Seller Central الخاص بك > التقارير > مكتبة المستندات الضريبية > فواتير ضريبة رسم البائع.
في حساب Seller Central الخاص بك، ستتمكن من عرض {documentType}$ الخاص بك أو تنزيله أو طباعته.
إذا كانت لديك أي أسئلة، فالمرجو التواصل مع دعم البائع.
 مع أطيب التحيات،
Amazon.sa",2026-04-01 08:21:59,RETR,xtbBshMM8Wmq6zMA5gAA3h
法务/侵权类,older,account_4,weihaizhongxin2024@126.com,"Fri, 6 Mar 2026 14:29:22 +0000",donotreply@amazon.com,Amazon.pl – Faktura Sprzedawcy za 2 2026,,"Cześć Shen zhen shi wei hai zhong xin ke ji you xian,
Pragniemy poinformować, że ten elektroniczny dokument jest już dostępny na Twoim koncie Seller Central: Faktura Sprzedawcy za miesiąc 2 i rok 2026.
Aby uzyskać dostęp do tego dokumentu typu faktura, przejdź na konto Seller Central > Raporty > Dokumenty podatkowe > Faktury podatkowe z tytułu opłat od sprzedawcy.
Na koncie Seller Central możesz wyświetlić, pobrać i wydrukować taki dokument (faktura).
Jeśli masz jakieś pytania, skontaktuj się z działem pomocy dla sprzedawców.
Pozdrawiamy,
Amazon.pl",2026-04-01 08:21:59,RETR,xtbBsgdvVWmq5MfVAAAA36
法务/侵权类,older,account_4,weihaizhongxin2024@126.com,"Fri, 6 Mar 2026 11:10:20 +0000",Gabriel Martins <notifications@insgly.net>,Worten Marketplace - Portugal y España,,"¡Buenos días!
Espero que te encuentres bien.
Mi nombre es Gabriel Martins y soy Business Developer en WORTEN Portugal y España, parte de Sonae, uno de los más grandes grupos empresariales en Portugal.
Te envío este mensaje porque nos gustaría hacer una colaboración entre Weihai EU y el Marketplace de Worten.
Sobre Worten.
Somos líderes en el mercado portugués, con 200 tiendas alcanzamos más de 1.2 billones de euros en ventas, de los cuales el 20% vienen del online.
En Portugal, Worten.pt es el sitio de comercio electrónico más visitado y con mejor desempeño, recibimos más visitas que los principales marketplaces del mundo, los que consideramos nuestra competencia. En compras online, el sitio web de Worten tiene el mayor tráfico de Portugal, más de 10 millones de visitas al mes.
Es en www.worten.pt y www.worten.es donde puedes mirar nuestro Marketplace.
Con más de 30 categorías, el Marketplace de Worten quiere ser la plataforma donde los clientes pueden encontrar todo lo que necesitan.
Con la gran demanda que sentimos, tenemos la oportunidad de aumentar nuestra gama de productos, ¡y trabajar con las mejores empresas es nuestra prioridad !
Worten Marketplace tiene una estrategia B2C,",2026-04-01 08:21:58,RETR,xtbBswC6oGmqtiBgQgAA3e
法务/侵权类,older,account_4,weihaizhongxin2024@126.com,"Thu, 5 Mar 2026 21:11:42 +0000",Amazon Services <donotreply@amazon.com>,"Invia la documentazione sulla sicurezza del prodotto per evitare la
 disattivazione dell'offerta",,"96
 Gentile Weihai EU,
 Alcune delle tue offerte sono a rischio di disattivazione perché i relativi prodotti non soddisfano i requisiti obbligatori sulla conformità. Rivedi i dettagli e i passi successivi riportati di seguito. Puoi visualizzare le offerte interessate in fondo a questa e-mail.
 Ciò a cosa è dovuto?
 Abbiamo intrapreso questo provvedimento in quanto i tuoi prodotti non dispongono delle informazioni obbligatorie sulla conformità. Consulta la pagina di aiuto Sicurezza e conformità dei prodotti per informazioni sulle leggi, le normative e le politiche di Amazon applicabili.
 La tabella alla fine di questa e-mail contiene i requisiti di conformità specifici per i prodotti.
 Come faccio a riattivare le mie offerte?
 Per fornire le informazioni di conformità richieste, vai alla pagina Stato dell'account per individuare le richieste di conformità dei prodotti:
-
 Se disponi della documentazione richiesta, segui le istruzioni per inviare i documenti di conformità.
-
 Se ritieni che i tuoi prodotti siano esenti da questi requisiti, invia la documentazione che dimostra il motivo per cui non sono soggetti a questi requisiti di conformità.
 Per istruzioni dettagliate, consulta l",2026-04-01 08:21:57,RETR,xtbBpBBlS2mp8ZBYHQAA3+
法务/侵权类,older,account_4,weihaizhongxin2024@126.com,"Thu, 5 Mar 2026 21:08:11 +0000",Amazon Services <donotreply@amazon.com>,Soumettre la documentation de sécurité des produits pour éviter la désactivation des mises en vente,,"96
 Bonjour Weihai EU,
 Certaines de vos mises en vente risquent d’être désactivées, car vos produits ne respectent pas les exigences de conformité obligatoires. Consultez les détails et les étapes suivantes ci-dessous. Les produits mis en vente concernés figurent à la fin de cet e-mail.
 Pourquoi cela se produit-il ?
 Nous prenons cette mesure, car ces produits ne présentent pas les informations de conformité obligatoires. Consultez notre page d’aide Sécurité et conformité des produits pour obtenir des informations sur les lois, réglementations et politiques Amazon applicables.
 Le tableau situé à la fin de cet e-mail présente les exigences de conformité spécifiques aux produits.
 Comment réactiver mes produits mis en vente ?
 Pour fournir les informations de conformité requises, accédez à la page État du compte et localisez les demandes de conformité des produits :
-
 Si vous disposez des documents requis, suivez les instructions pour soumettre vos documents de conformité.
-
 Si vous pensez que vos produits sont exemptés de ces exigences, soumettez des pièces justificatives prouvant les raisons pour lesquelles ils ne sont pas soumis à ces exigences de conformité.
 Pour des instru",2026-04-01 08:21:56,RETR,xtbBsh8wFmmp8L8j8wAA3U
法务/侵权类,older,account_4,weihaizhongxin2024@126.com,"Thu, 5 Mar 2026 20:28:32 +0000","""Powiadomienia z Amazon Seller Central (nie odpowiadaj)"" <donotreply@amazon.com>",Spełnij wymogi zgodności dotyczące Twoich ofert,,"96
Wymagane działanie: Ważna informacja dotycząca Twoich ofert produktów
 kontaktujemy się z Tobą, ponieważ wystawiasz produkty, dla których niezbędne jest złożenie dokumentów potwierdzających zgodność z wymogami.
 Do ofert produktów brakuje obowiązkowych dokumentów dotyczących zgodności z wymogami
 Dzień dobry,
 kontaktujemy się z Tobą, ponieważ wystawiasz produkty, dla których niezbędne jest przedłożenie dokumentów potwierdzających zgodność z wymogami. Kliknij opcję „Wyświetl wymagania dotyczące zgodności z wymogami” poniżej, aby wyświetlić listę produktów, których dotyczy problem, i przesłać wymagane dokumenty potwierdzające zgodność z wymogami. Jeśli nie prześlesz dokumentów w terminie wskazanym dla każdego produktu na tej stronie, możemy usunąć oferty, których dotyczy problem.
 Wyświetl wymagania dotyczące zgodności z wymogami
 Poniższa tabela zawiera przykłady ofert, których dotyczy problem. Kliknij pozycję „Wyświetl wymagania dotyczące zgodności z wymogami”, aby zobaczyć wszystkie oferty, których dotyczy problem.
 SKU ASIN Status oferty WHEUSGMH81901 B0DD7R3PPG Zagrożone usunięciem
 Skąd wynikła ta sytuacja?
Wymóg ten pomaga zagwarantować, że produkty są zgodne z miejscowymi",2026-04-01 08:21:56,RETR,xtbBshTbwWmp53TKlAAA3x
法务/侵权类,older,account_4,weihaizhongxin2024@126.com,"Thu, 5 Mar 2026 20:28:29 +0000",Notificaciones de Seller Central (sin buzón electrónico) <donotreply@amazon.com>,Aborda los requisitos de cumplimiento de tus listings,,"96
Toma medidas: Información importante sobre tus listings de producto
 Nos ponemos en contacto contigo porque has publicado productos que requieren que aportes documentación sobre cumplimiento.
 Listings de producto a los que les falta la documentación sobre cumplimiento solicitada
 Hola:
 Nos ponemos en contacto contigo porque has publicado productos que requieren que aportes documentación sobre cumplimiento. Haz clic en ""Revisar requisitos de cumplimiento"" a continuación para ver la lista de productos en cuestión y enviar la documentación sobre cumplimiento solicitada. Si no envías la documentación dentro del plazo indicado para cada producto en este enlace, es posible que eliminemos los listings afectados.
 Revisar requisitos de cumplimiento
 La tabla siguiente contiene una muestra de los listings afectados. Haz clic en ""Revisar requisitos de cumplimiento"" para ver todos los listings afectados.
 SKU ASIN Estado del listing WHEUSGMH81901 B0DD7R3PPG En riesgo de retirada
 ¿A qué se debe esto?
Con este requisito nos aseguramos de que los productos cumplan con la legislación local y de que sean seguros para los clientes.
 ¿Cómo puedo seguir vendiendo los productos afectados?
Haz cl",2026-04-01 08:21:55,RETR,xtbBsxHawGmp53HKjwAA3r
法务/侵权类,older,account_4,weihaizhongxin2024@126.com,"Thu, 5 Mar 2026 20:16:47 +0000",亚马逊开店服务 <donotreply@amazon.com>,提交商品安全文件以避免商品被停售,,"96
 尊敬的 Weihai EU：
您好！
 您的部分商品因缺少必要的商品合规信息而面临被停售的风险。查看下面的详细信息和后续步骤。受影响的商品显示在此电子邮件的末尾。
 为什么会发生这种情况？
 我们之所以采取此措施，是因为这些商品缺少必要的合规信息。请查看我们的 商品安全与合规 帮助页面，了解有关适用法律法规和亚马逊政策的信息。
 此电子邮件末尾的表格提供了特定于商品的合规性要求。
 如何重新启售商品？
 要提供所需的合规信息，请前往 账户状况 页面并找到商品合规性请求：
-
 如果您有所需的文件，请按照相关说明提交您的合规文件。
-
 如果您认为您的商品无需遵守这些要求，请提交相关文件，说明它们为何不受这些合规要求的约束。
 有关分步操作说明，请参阅 提交合规文件或对文件请求提出申诉 帮助页面。
 为避免进一步影响您的账户，请停售或删除您不打算销售或申诉的任何不合规商品。
 如果我未执行上述操作，会怎么样？
 如果您未在“账户状况”页面显示的截止日期之前提供所需的合规信息，我们可能会停售受影响的商品。
 我们愿意随时为您提供帮助。
 有关更多信息，请观看卖家大学中的 安全与合规简介 视频
 如果您有其他问题，请在您的 账户状况 控制面板上提交请求。
 亚马逊商品安全与合规性
 受影响的商品
 详情
 Roaxkois Töpferscheibe, Mini-Töpferscheibe für Kinder, Töpferset für Zuhause mit ton lufttrocknend, Diamant Aufkleber
 ASIN： B0DC9Y9JQJ
 亚马逊要求您证明自己在亚马逊德国站上架的儿童玩具符合适用的法律、法规、标准和亚马逊政策。
要销售儿童玩具，您必须满足 儿童玩具帮助页面 上列出的要求，并与我们的合作伙伴第三方测试、检验和认证 (TIC) 服务提供商合作，验证您的商品符合这些要求。
儿童玩具是指供14岁或以下儿童在学习或玩耍时使用的商品。
亚马逊根据以下标准来确定商品是否为“儿童玩具”：
商品包装上的年龄分级标明该玩具专供 14 岁或以下儿童使用。
产品的包装、展示、促销或广告显示该产品适合 14 岁或以下儿童使用。
消费者通常认为该商品供 14 岁或以下儿童使用。
有关合规要求、如何与 TIC 服务提供商合作的更多信息，或者要观看有关本政策涵盖的儿童玩具的视频，请访问 儿童玩具帮助页面 。
 Roaxkois Töpferscheibe, Mini-Töpferscheibe für Kinder, Töpferset für Zuhause mit ton lufttrocknend, Diamant Aufkleber
 ASIN： B0DC9Y9JQJ
 亚马逊要求您证明自己在亚马逊德国站上架的儿童玩具符合适用的",2026-04-01 08:21:53,RETR,xtbBpRMqEGmp5LPijwAA32
法务/侵权类,older,account_4,weihaizhongxin2024@126.com,"Thu, 5 Mar 2026 20:16:22 +0000",Amazon Services <donotreply@amazon.com>,Presenta la documentación sobre seguridad del producto para evitar la desactivación de los listings,,"96
 Hola, Weihai EU:
 Algunos de tus listings están en riesgo de desactivación debido a que tus productos no cumplen los requisitos obligatorios. Revisa a continuación los detalles y siguientes pasos. Los listings afectados aparecen al final de este correo electrónico.
 ¿A qué se debe esto?
 Tomamos esta medida porque a estos productos les falta información de cumplimiento normativo obligatoria. Para más información sobre las leyes, normativas y políticas de Amazon aplicables, consulta Cumplimiento y seguridad de los productos .
 En la tabla que aparece al final de este correo electrónico se proporcionan los requisitos de cumplimiento normativo específicos del producto.
 ¿Cómo puedo reactivar mis listings?
 Para proporcionar la información de cumplimiento normativo obligatoria, ve a la página Estado de la cuenta y localiza las solicitudes de cumplimiento normativo del producto:
-
 Si dispones de la documentación obligatoria, sigue las instrucciones para presentar los documentos de cumplimiento normativo.
-
 Si crees que tus productos están exentos de estos requisitos, presenta documentación que demuestre por qué no están sujetos a estos requisitos de cumplimiento normativo.
 Para v",2026-04-01 08:21:53,RETR,xtbBshgkCmmp5JivEwAA3E
法务/侵权类,older,account_4,weihaizhongxin2024@126.com,"Thu, 5 Mar 2026 20:12:51 +0000",Amazon Services <donotreply@amazon.com>,"Dien productveiligheidsdocumentatie in om de deactivering van de
 productvermelding te voorkomen",,"96
 Hallo Weihai EU,
 Enkele van je productvermeldingen lopen het risico op deactivering omdat er verplichte nalevingsvereisten voor je producten ontbreken. Bekijk de gegevens en de stappen hieronder. De betreffende productvermeldingen worden aan het einde van deze e-mail weergegeven.
 Waarom gebeurt dit?
 We hebben deze actie ondernomen omdat voor deze producten verplichte nalevingsinformatie ontbreekt. Raadpleeg onze hulp-pagina Productveiligheid en -conformiteit voor informatie over de toepasselijke wet- en regelgeving en het Amazon-beleid.
 De tabel aan het einde van deze e-mail bevat productspecifieke nalevingsvereisten.
 Hoe activeer ik mijn productvermeldingen opnieuw?
 Als je de vereiste nalevingsgegevens wilt verstrekken, ga je naar de pagina Accountstatus en zoek je de aanvragen voor productconformiteit:
-
 Als je over de vereiste documentatie beschikt, volg je de instructies om je nalevingsdocumenten in te dienen.
-
 Als je van mening bent dat je producten zijn vrijgesteld van deze vereisten, dien dan documentatie in waaruit blijkt wat de reden is dat ze niet aan deze nalevingsvereisten zijn onderworpen.
 Raadpleeg voor stapsgewijze instructies onze hulp-pagina Documente",2026-04-01 08:21:52,RETR,xtbBswbu1Gmp48amcQAA39
法务/侵权类,older,account_4,weihaizhongxin2024@126.com,"Thu, 5 Mar 2026 20:11:28 +0000",Amazon Services <donotreply@amazon.com>,Przesyłanie dokumentacji dotyczącej bezpieczeństwa produktu w celu niedopuszczenia do dezaktywacji oferty,,"96
 Dzień dobry Weihai EU,
 niektóre z Twoich ofert są zagrożone dezaktywacją z powodu niespełnienia obowiązków dotyczących zgodności wystawianych przez Ciebie produktów z wymogami. Poniżej znajdziesz szczegółowe informacje oraz dalsze instrukcje. Oferty produktów, których dotyczy problem, wskazano na końcu niniejszej wiadomości e-mail.
 Dlaczego tak się stało?
 Podjęliśmy to działanie, ponieważ w przypadku tych produktów nie dostarczono obowiązkowych informacji dotyczących zgodności z wymogami. Więcej informacji na temat mających zastosowanie przepisów ustawowych i wykonawczych oraz zasad Amazon znajdziesz na stronie Bezpieczeństwo i zgodność produktu z wymogami .
 Informacje na temat wymogów dotyczących zgodności dla poszczególnych produktów znajdziesz w tabeli na końcu tej wiadomości e-mail.
 Jak mogę ponownie aktywować oferty?
 Aby dostarczyć niezbędne informacje dotyczące zgodności z wymogami, przejdź do panelu Kondycja konta i znajdź żądania dotyczące zgodności produktu z wymogami:
-
 Jeśli dysponujesz wymaganymi dokumentami zgodności, postępuj zgodnie z instrukcjami, aby je przesłać.
-
 Jeśli uważasz, że Twoje produkty są zwolnione z wymogów dotyczących zgodności, prześlij d",2026-04-01 08:21:52,RETR,xtbBsxTawGmp43SjdAAA39
法务/侵权类,older,account_4,weihaizhongxin2024@126.com,"Thu, 5 Mar 2026 20:09:31 +0000",Amazon Services <donotreply@amazon.com>,Skicka in produktsäkerhetsdokumentation för att undvika att produktposterna inaktiveras,,"96
 Hej Weihai EU!
 Vissa av dina produktposter riskerar att inaktiveras på grund av att det saknas obligatorisk information om överensstämmelse för produkterna. Granska informationen och följande steg nedan. De berörda produktposterna visas i slutet av det här e-postmeddelandet.
 Varför händer det här?
 Vi vidtar den här åtgärden eftersom det saknas obligatorisk information om överensstämmelse för de här produkterna. Läs vår hjälpsida för Produktsäkerhet och -överensstämmelse för information om tillämpliga lagar, förordningar och Amazons policyer.
 Tabellen i slutet av detta e-postmeddelande innehåller produktspecifika krav för överensstämmelse.
 Hur återaktiverar jag mina produktposter?
 Om du vill tillhandahålla den begärda överensstämmelseinformationen går du till sidan Kontostatus och letar upp begäranden om produktöverensstämmelse:
-
 Om du har den obligatoriska dokumentationen ska du skicka in dina överensstämmelsedokument enligt instruktionerna.
-
 Om du tror att dina produkter är undantagna från dessa krav skickar du in dokumentation som visar varför de inte omfattas av dessa överensstämmelsekrav.
 Du hittar stegvisa instruktioner på vår hjälpsida om Skicka in intyg om öve",2026-04-01 08:21:52,RETR,xtbBpR+8ommp4v-RfAAA3U
法务/侵权类,older,account_4,weihaizhongxin2024@126.com,"Tue, 3 Mar 2026 11:10:25 +0000",Gabriel Martins <notifications@insgly.net>,Worten Marketplace - Portugal y España,,"Hola Weihai EU,
Soy Gabriel Martins, Business Developer en Worten worten.pt / worten.es , el mayor marketplace de Portugal.
Nuestro equipo de análisis ha señalado que una asociación con usted sería una gran oportunidad para ambos.
¿Estaría disponible para una reunión online esta semana?
Acerca de Worten - Somos el líder del mercado portugués:
- Nº 1 del comercio electrónico portugués
- Sitio web con mayor tráfico de Portugal (más de 10 millones de visitas al mes) - Ranking de mercado
- Más de 200 tiendas físicas en Portugal y España, proporcionando una oportunidad omnicanal
- Plataforma de gestión: Mirakl (se puede integrar manualmente o vía API)
- Sin costes iniciales - 6 meses
Estaré encantado de ayudarle si tiene alguna pregunta.
Muchas gracias,
Saludos Cordiales",2026-04-01 08:21:47,RETR,xtbBsgWdg2mmwaX1NAAA3D
法务/侵权类,older,account_4,weihaizhongxin2024@126.com,"Tue, 3 Mar 2026 00:58:56 +0000",Amazon Europe <noreply@sell.amazon.com>,最后机会：请在3月9日前提报春季促销日的促销,,"3月9日前提报春季促销日促销
尊敬的卖家，
请于3月9日前提交Z划算和秒杀来参加2026 年春季促销日。请确保您的促销符合资格标准，以避免被系统禁止显示。
关键日期
活动日期： 2026年3月10日至3月16日
提报截止日期： 2026年3月9日
提报您的促销 > https://go.amazonsellerservices.com/e/229492/reate-ld-DC-EM-P383172356-Wk10/7z1xvkb/6537507024/h/46C1UkBJwQ8NGdUxNRQae0WstMz1xGFMU-7p-Y5MlAk
您的促销推荐
以下是您春季促销日的ASIN推荐提报列表。 请在卖家中心促销仪表盘查看您的完整推荐列表，每周更新一次，为您提供新机会。
<div style=""padding: 0 20px; ""><table style=""width:100%; border-collapse:collapse; text-align:center; font-family:Amazon Ember Display, Arial, sans-serif; border:2px solid #868D95; border-radius:10px 10px 0 0; overflow:hidden; ""><thead><tr style=""background-color:#dfdad5;""><th style=""padding:10px; border-right:2px solid #868D95; font-size:14px; letter-spacing:none; line-height:1.2; text-align:center; mso-line-height-alt:1.063em; color:#000000;"">站点</th><th style=""padding:10px; border-right:2px solid #868D95; font-size:14px; letter-spacing:none; line-height:1.2; text-align:center; mso-line-height-alt:1.063em; color:#000000;"">ASIN</th></tr></thead><tbody><tr><td style=""padding:10px; border-top:2px solid #868D95; border-right:2px solid #868D95; font-size:14px; letter-spacing:none; line-height:1.2; text-align:center; mso-line-height-alt:1.063em; color:",2026-04-01 08:21:46,RETR,xtbBpBOkimmmMlNqCwAA3W
法务/侵权类,older,account_4,weihaizhongxin2024@126.com,"Mon, 2 Mar 2026 21:40:34 +0000",Amazon Multi-Channel Fulfillment Team <multichannelfulfillment@supplychain.amazon.com>,Reminder: Upcoming changes to MCF and Buy with Prime packaging,,"Reminder: Upcoming changes to MCF and Buy with Prime packaging
Dear there,
Thank you for being a valued member of the Amazon Multichannel Fulfillment (MCF) and Buy with Prime community. We are reaching out to make sure you have seen that starting in April 2026, MCF and Buy with Prime will introduce two updates to how orders are packaged and shipped in the United States:
Packing slips will no longer be included by default.
Items already certified for the Ships in Product Packaging (SIPP) program on Amazon.com will ship without an Amazon overbox by default.
In addition, eligible MCF and Buy with Prime SIPP shipments will receive a discount. See the discounts table below for details: https://www2.amazonsupplychain.com/e/949422/inable-Packaging--FAQs--4--pdf/618lz1/1363808868/h/XBk-oWBas3G_VJ_7TyvkI7Rf5JXikqE4oRmyirpCbDA
These updates support Amazon’s commitment to reducing packaging waste and align MCF and Buy with Prime more closely with existing Fulfillment by Amazon (FBA) packaging practices.
What should I do?
1. Learn more about SIPP for FBA https://www2.amazonsupplychain.com/e/949422/2026-03-02/618lz4/1363808868/h/XBk-oWBas3G_VJ_7TyvkI7Rf5JXikqE4oRmyirpCbDA and review the SIPP he",2026-04-01 08:21:45,RETR,xtbBshP43mmmA9MNpwAA3y
货件/库存类,older,account_4,weihaizhongxin2024@126.com,"Fri, 20 Mar 2026 10:45:50 +0000",Fulfilment by Amazon <donotreply@amazon.com>,Create FBA removal order by 2026-04-02,,"96
Automated removals of unfulfillable inventory
 Required removals: First notification
 Required removals: First notification
 Hello,
Your FBA inventory listed below became unsellable in the past seven days. You must create a removal order by 2026-04-02 or these items will be disposed of. Removal fees will apply. Review the affected items and next steps below.
Unsellable products:
- FNSKU: X002A05YW5 Quantity: 1
 Why is this happening?
This action is required because these items are no longer in sellable condition in our fulfilment centres. According to our FBA Required Removals policy, all unsuitable units must be removed within 14 days of notification. To learn more, go to our FBA Required Removals policy .
We leveraged a combination of automated means to identify this issue and make this decision.
 How do I address this?
Follow these steps to manage your unsellable inventory:
- Check your complete list and quantity of unsellable items in the Manage FBA inventory .
- Create a removal order (removal fees apply) by following the instructions in Remove inventory overview .
 To avoid future manual inventory removal orders, set up Automated Unfulfillable Removals function in your FBA",2026-04-01 08:22:39,RETR,xtbBpQYsEmm9JWaX-gAA3j
货件/库存类,older,account_4,weihaizhongxin2024@126.com,"Fri, 20 Mar 2026 10:04:22 +0000",Fulfilment by Amazon <donotreply@amazon.com>,Disposal order created for unsellable FBA inventory,,"96
Automated Removals of Unfulfillable Inventory
 Final notice: Disposal order for your unfulfillable FBA inventory
 Final notice: Disposal order for your unfulfillable FBA inventory
 Hello,
You have unfulfillable inventory that has been in a fulfilment centre for more than 14 days. We have created a disposal order for these items.
 Why is this happening?
This action is required because these unfulfillable items have remained in our fulfilment centres for more than 14 days after notification. According to our FBA Required Removals policy, cancelling a required removal order is not permitted. To learn more, visit our FBA Required Removals policy .
 Removal order ID:
- kpCypnMqWe
 Unsellable Products:
- FNSKU: X00265F4H9 Quantity: 1
- FNSKU: X002C17O8J Quantity: 1
 For more information about the disposal order process, see Remove inventory from a fulfilment centre .
 To monitor your unfulfillable inventory, see the Manage FBA Inventory for total unsellable quantities or the Recommended Removal report for unsellable and aged inventory details.
 The Fulfilment by Amazon Team
 Report an issue with this email
 If you have any questions visit: Seller Central
 To change your email preferen",2026-04-01 08:22:39,RETR,xtbBsgq6oGm9G6rH7wAA3v
货件/库存类,older,account_4,weihaizhongxin2024@126.com,"Fri, 20 Mar 2026 09:25:34 +0000",Fulfilment by Amazon <donotreply@amazon.com>,Disposal order created for unsellable FBA inventory,,"96
Automated Removals of Unfulfillable Inventory
 Final notice: Disposal order for your unfulfillable FBA inventory
 Final notice: Disposal order for your unfulfillable FBA inventory
 Hello,
You have unfulfillable inventory that has been in a fulfilment centre for more than 14 days. We have created a disposal order for these items.
 Why is this happening?
This action is required because these unfulfillable items have remained in our fulfilment centres for more than 14 days after notification. According to our FBA Required Removals policy, cancelling a required removal order is not permitted. To learn more, visit our FBA Required Removals policy .
 Removal order ID:
- AJ3wMIfu1v
 Unsellable Products:
- FNSKU: X002A05YW5 Quantity: 1
 For more information about the disposal order process, see Remove inventory from a fulfilment centre .
 To monitor your unfulfillable inventory, see the Manage FBA Inventory for total unsellable quantities or the Recommended Removal report for unsellable and aged inventory details.
 The Fulfilment by Amazon Team
 Report an issue with this email
 If you have any questions visit: Seller Central
 To change your email preferences visit: Notification Preferen",2026-04-01 08:22:39,RETR,xtbBsxJyWGm9EpJuzQAA38
货件/库存类,older,account_4,weihaizhongxin2024@126.com,"Fri, 13 Mar 2026 10:45:45 +0000",Fulfilment by Amazon <donotreply@amazon.com>,Disposal order created for unsellable FBA inventory,,"96
Automated Removals of Unfulfillable Inventory
 Final notice: Disposal order for your unfulfillable FBA inventory
 Final notice: Disposal order for your unfulfillable FBA inventory
 Hello,
You have unfulfillable inventory that has been in a fulfilment centre for more than 14 days. We have created a disposal order for these items.
 Why is this happening?
This action is required because these unfulfillable items have remained in our fulfilment centres for more than 14 days after notification. According to our FBA Required Removals policy, cancelling a required removal order is not permitted. To learn more, visit our FBA Required Removals policy .
 Removal order ID:
- rJ8tXXz1/k
 Unsellable Products:
- FNSKU: X002A05YW5 Quantity: 1
 For more information about the disposal order process, see Remove inventory from a fulfilment centre .
 To monitor your unfulfillable inventory, see the Manage FBA Inventory for total unsellable quantities or the Recommended Removal report for unsellable and aged inventory details.
 The Fulfilment by Amazon Team
 Report an issue with this email
 If you have any questions visit: Seller Central
 To change your email preferences visit: Notification Preferen",2026-04-01 08:22:28,RETR,xtbBsx85H2mz6t8HOAAA3a
货件/库存类,older,account_4,weihaizhongxin2024@126.com,"Fri, 13 Mar 2026 10:21:22 +0000",Fulfilment by Amazon <donotreply@amazon.com>,Create FBA removal order by 2026-03-26,,"96
Automated removals of unfulfillable inventory
 Required removals: First notification
 Required removals: First notification
 Hello,
Your FBA inventory listed below became unsellable in the past seven days. You must create a removal order by 2026-03-26 or these items will be disposed of. Removal fees will apply. Review the affected items and next steps below.
Unsellable products:
- FNSKU: B0DRCF83VZ Quantity: 1
- FNSKU: X002C14R1B Quantity: 1
 Why is this happening?
This action is required because these items are no longer in sellable condition in our fulfilment centres. According to our FBA Required Removals policy, all unsuitable units must be removed within 14 days of notification. To learn more, go to our FBA Required Removals policy .
We leveraged a combination of automated means to identify this issue and make this decision.
 How do I address this?
Follow these steps to manage your unsellable inventory:
- Check your complete list and quantity of unsellable items in the Manage FBA inventory .
- Create a removal order (removal fees apply) by following the instructions in Remove inventory overview .
 To avoid future manual inventory removal orders, set up Automated Unfulfillab",2026-04-01 08:22:28,RETR,xtbBpQfJr2mz5SdgtAAA3I
货件/库存类,older,account_4,weihaizhongxin2024@126.com,"Fri, 6 Mar 2026 13:58:29 +0000",Fulfilment by Amazon <donotreply@amazon.com>,Disposal order created for unsellable FBA inventory,,"96
Automated Removals of Unfulfillable Inventory
 Final notice: Disposal order for your unfulfillable FBA inventory
 Final notice: Disposal order for your unfulfillable FBA inventory
 Hello,
You have unfulfillable inventory that has been in a fulfilment centre for more than 14 days. We have created a disposal order for these items.
 Why is this happening?
This action is required because these unfulfillable items have remained in our fulfilment centres for more than 14 days after notification. According to our FBA Required Removals policy, cancelling a required removal order is not permitted. To learn more, visit our FBA Required Removals policy .
 Removal order ID:
- V8b2nNxJ7Y
 Unsellable Products:
- FNSKU: B0FD8RGZX3 Quantity: 1
 For more information about the disposal order process, see Remove inventory from a fulfilment centre .
 To monitor your unfulfillable inventory, see the Manage FBA Inventory for total unsellable quantities or the Recommended Removal report for unsellable and aged inventory details.
 The Fulfilment by Amazon Team
 Report an issue with this email
 If you have any questions visit: Seller Central
 To change your email preferences visit: Notification Preferen",2026-04-01 08:21:59,RETR,xtbBsgiehGmq3YieVgAA3+
货件/库存类,older,account_4,weihaizhongxin2024@126.com,"Fri, 6 Mar 2026 13:29:25 +0000",Fulfilment by Amazon <donotreply@amazon.com>,Disposal order created for unsellable FBA inventory,,"96
Automated Removals of Unfulfillable Inventory
 Final notice: Disposal order for your unfulfillable FBA inventory
 Final notice: Disposal order for your unfulfillable FBA inventory
 Hello,
You have unfulfillable inventory that has been in a fulfilment centre for more than 14 days. We have created a disposal order for these items.
 Why is this happening?
This action is required because these unfulfillable items have remained in our fulfilment centres for more than 14 days after notification. According to our FBA Required Removals policy, cancelling a required removal order is not permitted. To learn more, visit our FBA Required Removals policy .
 Removal order ID:
- FVSl6sGweZ
 Unsellable Products:
- FNSKU: X002A05YW5 Quantity: 2
 For more information about the disposal order process, see Remove inventory from a fulfilment centre .
 To monitor your unfulfillable inventory, see the Manage FBA Inventory for total unsellable quantities or the Recommended Removal report for unsellable and aged inventory details.
 The Fulfilment by Amazon Team
 Report an issue with this email
 If you have any questions visit: Seller Central
 To change your email preferences visit: Notification Preferen",2026-04-01 08:21:58,RETR,xtbBpBrozmmq1rrB0QAA3n
货件/库存类,older,account_4,weihaizhongxin2024@126.com,"Tue, 3 Mar 2026 07:49:31 +0000",Amazon Services <donotreply@amazon.com>,New removal fees for KSA apply starting March 30,,"96
 Effective March 30, 2026, removal fees will apply in the Kingdom of Saudi Arabia (KSA) for removals you initiate.
 Hello,
 Effective March 30, 2026, removal fees will apply in the Kingdom of Saudi Arabia (KSA) for removals you initiate. Amazon-initiated removals will continue to be free of charge.
 This change helps maintain high-quality removal services while addressing increased operational costs in our fulfillment centers.
 Until March 29, we'll continue processing all removal orders at no charge. After this date, fees will apply based on your product's size and weight:
 Standard size
- SAR 1.3 per unit (≤ 0.25 kg)
- SAR 1.5 per unit (≤ 1 kg)
- SAR 1.8 per unit (≤ 2 kg)
- SAR 2 per unit (≤ 12 kg) Oversize
- SAR 1.6 per unit (≤ 2 kg)
- SAR 1.8 per unit (≤ 5 kg)
- SAR 2 per unit (≤ 10 kg)
- SAR 2.2 per unit (≤ 30 kg)
- Additional SAR 0.5 per kg (over 30 kg) Thank you for your continued partnership. We remain committed to investing in programs to support your success in our store.
 For more information, go to Remove inventory overview .
 The Amazon Services team
 Report an issue with this email
 If you have any questions visit: Seller Central
 To change your email preferences v",2026-04-01 08:21:47,RETR,xtbBpQ-LsWmmko8YEgAA3I
其他风险类,older,account_4,weihaizhongxin2024@126.com,"Sun, 22 Mar 2026 03:22:21 +0000","""fba-3p-buyability-improvement-ca@amazon.com"" <fba-3p-buyability-improvement-ca@amazon.com>",[Action Required] – Update Inventory -FBA,,"Dear Seller,
This is an email regarding FBA Offers for your Amazon Seller account. We are contacting you to let you know that you could be missing out on sales opportunities because of low/missing inventory for your ASIN offers in the attached sheet.
We recommend that you inbound additional inventory for your products immediately. To view the recommended replenishment quantity for these ASINs, go to “Restock inventory”:
https://sellercentral.amazon.ca/restockinventory/recommendations
Here is a sample of your high selling FBA ASINs, which are considered low in stock at the moment:
B0DMFL5X12
You can download the full list of your ASIN at risk of out of stock at the following link:  https://www.sellercentral.amazon.ca/reportcentral/RestockReport/1
For more information about Restock tool, you can visit this help page - https://sellercentral.amazon.ca/gp/help/G201634550
If you need further help, please raise a case via contact us. - https://sellercentral.amazon.ca/cu/contact-us?ref=xx_ContactUs_xxxx_helphub
If you are not the correct point of contact, please re-direct this report to the correct point of contact.
If you wish to unsubscribe please REPLY ALL with the subject line ‘Unsubsc",2026-04-01 08:22:41,RETR,xtbBsxF+ZGm-YHE3xwAA3P
其他风险类,older,account_4,weihaizhongxin2024@126.com,"Sun, 15 Mar 2026 10:33:36 +0000",Amazon Services <donotreply@amazon.com>,"[Action Required] Provide additional information within 45 days to
 avoid account deactivation under European VAT registration requirements",,"96
 Hello Weihai EU,
 We need you to provide additional information in order to comply with Amazon’s European Value Added Tax (VAT) registration requirements.
 Why is this happening?
 According to Amazon’s European VAT registration requirements you must provide us with a valid VAT Registration Number (‘VRN’) for all the countries in which we believe you have a VAT registration obligation or confirmation of the Union One-Stop Shop (OSS) status for your home country.
 We identified VAT registration requirements for your account in the European Union, the United Kingdom, Norway, and Switzerland in which you have VAT obligation. Specifically, action may be required for the following:
 Poland
 To learn more, go to the European Value Added Tax Information Help page.
 How do I avoid account deactivation?
 To avoid account deactivation, within the next 45 days visit the Priority Actions section on your Account Health page . From there, you will be able to:
- Verify your existing information for listed countries
- Submit VAT information through Business Information and Tax Setting portals
- Submit required documentation for extension or exemption requests
 What happens if I don’t provide th",2026-04-01 08:22:31,RETR,xtbBswTr0Wm2iwRIMgAA3n
其他风险类,older,account_4,weihaizhongxin2024@126.com,"Sun, 15 Mar 2026 09:34:06 +0000",Amazon Services <donotreply@amazon.com>,"[Action required] Provide additional information within 45 days to
 avoid account deactivation under European VAT registration requirements",,"96
 Hello Weihai EU,
 We need you to provide additional information in order to comply with Amazon’s European Value Added Tax (VAT) registration requirements.
 Why is this happening?
 According to Amazon’s European VAT registration requirements, you must provide us with a valid VAT registration number (“VRN”) for all the countries in which we believe you have a VAT registration obligation, or confirmation of the Union One-Stop Shop (OSS) status for your home country.
 We identified VAT registration requirements for your account in the European Union, the United Kingdom, Norway and Switzerland in which you have Value Added Tax (VAT) obligation. Specifically, action may be required for the following:
 Poland
 To learn more, go to the European Value Added Tax information help page.
 How do I avoid account deactivation?
 To avoid account deactivation, within the next 45 days visit the Priority actions section on your Account Health page . From there, you will be able to:
- Verify your existing information for listed countries
- Submit Value Added Tax (VAT) information through business information and tax setting portals
- Submit required documentation for extension or exemption request",2026-04-01 08:22:30,RETR,xtbBsxJrUWm2fRISSQAA3w
其他风险类,older,account_4,weihaizhongxin2024@126.com,"Tue, 10 Mar 2026 17:09:21 +0000",Amazon Services <donotreply@amazon.com>,Envie os documentos de conformidade do produto para evitar a remoção da oferta,,"96
 Envie os documentos de conformidade do produto para evitar a remoção da oferta
 Olá, Weihai US.
 Suas ofertas correm o risco de serem removidas devido à falta de Fichas de Informações de Segurança de Produtos Químicos. Envie a documentação necessária até 2026-04-09 para continuar vendendo esses produtos. Você pode encontrar exemplos de ofertas de produtos em risco na parte inferior deste e-mail.
 Por que isso está acontecendo?
 Estamos realizando tomando essa medida porque identificamos produtos perigosos em seu catálogo que exigem Fichas de Informações de Segurança de Produtos Químicos. Esses documentos são exigidos por lei e fornecem informações de segurança importantes sobre produtos químicos, incluindo procedimentos apropriados de manuseio, armazenamento e emergência. Isso ajuda a garantir a segurança de nossos clientes, funcionários e qualquer pessoa que venha a manusear esses produtos.
 Para saber mais, acesse nossos Requisitos e perguntas frequentes sobre a venda de produtos químicos .
 Como faço para continuar vendendo os produtos afetados?
 Para evitar a remoção da oferta e continuar vendendo esses produtos, faça upload das Fichas de Informações de Segurança de Produto",2026-04-01 08:22:23,RETR,xtbBpQWrkWmwUEU0-AAA3e
其他风险类,older,account_4,weihaizhongxin2024@126.com,"Tue, 10 Mar 2026 12:07:27 +0000",Notificações do Seller Central da Amazon (não responder) <donotreply@amazon.com>,Atenda aos requisitos de conformidade em ofertas,,"96
Ação necessária: Informações importantes sobre suas ofertas
 Estamos entrando em contato porque você publicou produtos que exigem o envio de documentos para verificação de conformidade.
 As ofertas estão sem os documentos de conformidade necessários
 Olá,
 Estamos entrando em contato porque você publicou produtos que exigem o envio de documentos para verificação de conformidade. Clique em Revisar requisitos de conformidade abaixo para acessar a lista de produtos afetados e enviar os documentos necessários. Se você não enviar os documentos até o prazo indicado para cada produto nesse link, poderemos excluir as ofertas afetadas.
 Revisar requisitos de conformidade
 A tabela abaixo contém uma amostra das ofertas afetadas. Clique em Revisar requisitos de conformidade para consultar todas as suas ofertas afetadas.
 SKU ASIN Status da oferta 7N-0PZT-LEBX B0FCDRNTT8 Em risco de remoção
 Por que isso está acontecendo?
Essa exigência ajuda a garantir que os produtos estejam em conformidade com as leis locais e sejam seguros para os clientes.
 Como faço para continuar vendendo os produtos afetados?
Clique em Revisar requisitos de conformidade para obter mais informações sobre os documento",2026-04-01 08:22:22,RETR,xtbBpAPozmmwCYMCjAAA3c
其他风险类,older,account_4,weihaizhongxin2024@126.com,"Sun, 8 Mar 2026 12:42:53 +0000",Amazon Marketplace <op-pso-vtr-appeals@amazon.nl>,Wijziging in geschiktheid voor opties voor premiumverzending,,"96
Wijziging in geschiktheid voor opties voor premiumverzending
Weihai EU,
Je komt momenteel niet in aanmerking om Premium-verzendopties aan te bieden voor door verkoper afgehandelde bestellingen. Je status is gewijzigd omdat we hebben gemerkt dat een of meer van je prestatiestatistieken onder de programmavereisten zijn gedaald.
Je kunt je prestatiestatistieken bekijken met behulp van de widget Geschiktheid voor Premium-verzending . Als je weer in aanmerking wilt komen voor Premium-verzendopties, moet je een actieplan indienen door op deze e-mail te reageren of te schrijven naar op-pso-vtr-appeals@amazon.nl .
Om Premium-verzendopties aan te bieden, moeten verkopers het volgende doen:
- 90 dagen of langer verkopen op Amazon
- Tien of meer bestellingen in de laatste 30 dagen hebben verzonden
- Een percentage tijdige bezorgingen van 97% of hoger behouden voor alle bestellingen met Premium-verzendopties
- Een percentage geldige trackingnummers van 100% behouden voor alle bestellingen met Premium-verzendopties
- Een annuleringspercentage van 0,5% of minder behouden voor alle bestellingen met Premium-verzendopties
Verzonden door Amazon-bestellingen (FBA) worden niet beïnvloed door deze s",2026-04-01 08:22:17,RETR,xtbBshGVe2mtbtH-DQAA3E
其他风险类,older,account_4,weihaizhongxin2024@126.com,"Fri, 6 Mar 2026 12:16:06 +0000",Amazon Marketplace <op-pso-vtr-appeals@amazon.se>,Behörighet att ändra alternativ för Premiumfrakt,,"96
Behörighet att ändra alternativ för Premiumfrakt
Weihai EU,
Du är för närvarande inte berättigad att erbjuda Premiumfrakt-alternativ för dina beställningar levererade av säljare. Din status har ändrats eftersom vi har märkt att en eller flera av dina resultatmätningar har sjunkit under gränsen för programkraven.
Du kan granska dina resultatmätningar med widgeten Berättigande för premiumfrakt . För att återställa behörigheten för alternativen för Premiumfrakt skickar du in en handlingsplan genom att svara på det här e-postmeddelandet eller skriva till op-pso-vtr-appeals@amazon.se .
För att kunna erbjuda alternativ för Premiumfrakt måste säljare:
- Ha sålt på Amazon i 90 dagar eller mer
- Skickat tio eller fler beställningar de senaste 30 dagarna
- Upprätthålla en leveranshastighet på 97 % eller högre för alla beställningar med alternativ för beställningar med Premiumfrakt
- Upprätthålla en giltig spårningsfrekvens på 100 % för alla beställningar med Premiumfrakt
- Upprätthålla en annulleringsgrad på 0,5 % eller mindre för alla beställningar med Premiumfrakt
Fraktas från Amazon-beställningar (FBA) påverkas inte av denna statusändring.
 Observera : Skicka alla öppna beställningar m",2026-04-01 08:21:58,RETR,xtbBswiYfmmqxYjlagAA3c
其他风险类,older,account_4,weihaizhongxin2024@126.com,"Fri, 6 Mar 2026 05:10:16 +0000",Amazon Marketplace <op-pso-vtr-appeals@amazon.com>,"Premium Shipping option eligibility suspended due to program
 requirement violation",,"96
Premium Shipping option eligibility suspended due to program requirement violation
Weihai EU,
You are currently not eligible to offer Premium Shipping options for your seller-fulfilled orders. Your status has changed because we noticed that one or more of your performance metrics has fallen below the program requirements.
You can review your performance metrics using the Premium Shipping Eligibility widget . To restore eligibility for Premium Shipping Options, please submit a Plan of Action by replying to this email or writing to op-pso-vtr-appeals@amazon.com .
To offer Premium Shipping options, sellers are required to:
- Have sold on Amazon for 90 days or more
- Ship ten or more orders in the last 30 days
- Maintain an on-time delivery rate of 97% or greater for all Premium Shipping option orders
- Maintain a valid tracking rate of 100% for all Premium Shipping option orders
- Maintain a cancellation rate of 0.5% or less for all Premium Shipping option orders
Fulfillment by Amazon (FBA) orders are not affected by this status change.
 Note : Please ship any open Premium Shipping option orders with the ship option selected when the order was placed.
Thank you for selling on Amazo",2026-04-01 08:21:58,RETR,xtbBshyMcmmqYbxiZgAA3K
其他风险类,older,account_4,weihaizhongxin2024@126.com,"Thu, 5 Mar 2026 20:28:12 +0000",Notifications Amazon Seller Central (Ne pas répondre) <donotreply@amazon.com>,Répondez aux exigences de conformité pour vos mises en vente,,"96
Action requise : informations importantes concernant vos offres
 Nous vous contactons car vous avez répertorié des produits qui nécessitent que vous soumettiez des documents de conformité.
 Vos produits mis en vente ne disposent pas des documents de conformité requis
 Bonjour,
 Nous vous contactons car vous avez mis en vente des produits pour lesquels des documents de conformité sont requis. Cliquez sur Afficher les exigences de conformité ci-dessous pour consulter la liste des produits concernés et soumettre les documents de conformité nécessaires. Si vous ne soumettez pas ces documents avant la date limite indiquée pour chaque produit dans ce lien, nous pourrions supprimer les mises en vente concernées.
 Afficher les exigences de conformité
 Le tableau ci-dessous présente un échantillon de vos produits mis en vente concernés. Cliquez sur Afficher les exigences de conformité pour consulter l’ensemble de vos mises en vente concernées.
 SKU ASIN État de la mise en vente WHEUSGMH81901 B0DD7R3PPG Présentant un risque de prélèvement
 Pourquoi cela se produit-il ?
Cette exigence nous aide à garantir que les produits respectent la législation locale et ne présentent pas de danger pour",2026-04-01 08:21:54,RETR,xtbBpQDWvGmp52D78wAA3A
