category,time_bucket,account,account_user,date,from,subject,hit_keywords,body_preview,detected_at,fetch_mode,uid
店铺绩效类,today,account_4,weihaizhongxin2024@126.com,"Mon, 27 Jul 2026 16:41:05 +0000","""Amazon.com"" <fba-noreply@amazon.com>",Your FBA request is complete (ckaicj9NPD),,"Greetings from Amazon.com
We thought you'd like to know that we have completed your destroy request.
You can track the status of this request by visiting your Seller Account at:
https://sellercentral-europe.amazon.com/
For a complete list of inventory being destroyed, go to:
https://sellercentral-europe.amazon.com/gp/orders/fba-order-details.html?orderID=S02-7308866-9103553
Please note: this email was sent from a notification-only address that
cannot accept incoming e-mail. Please do not reply to this message.
Thank you for using Fulfillment by Amazon.
------------------------------------------------------------------------------
Fulfilment by Amazon – let Amazon pick, pack and ship your orders domestically
and EU wide.
------------------------------------------------------------------------------
Was this e-mail helpful? https://sellercentral.amazon.co.uk/gp/satisfaction/survey-form.html?ie=UTF8&HMDName=NotificationBusEmailHMD&customAttribute1Value=PRODUCT_REMOVAL_ORDER_SHIPPED_NOW
SPC-EUAmazon-2111064000801489",2026-07-27 22:53:55,RETR,xtbBpAUgBmpniiUTzwAA35
店铺绩效类,today,account_4,weihaizhongxin2024@126.com,"Mon, 27 Jul 2026 09:48:04 +0000","""Fulfillment by Amazon (Do not reply)"" <donotreply@amazon.com>",FBA reimbursement notification,,"96
FBA reimbursement notification
 You have a reimbursement activity
 Hello from Fulfillment by Amazon,
We have initiated a reimbursement, a reimbursement reversal, or both due to recent activity on your selling account. No action is required from you.
Reimbursements can be initiated for an issue that you notified us about or one that we identified at a fulfillment center. A reimbursement reversal occurs when a reimbursement decision has been reviewed and changed. Reimbursement amounts are determined in accordance with the FBA inventory reimbursement policy ( https://sellercentral.amazon.com/gp/help/external/200213130 ).
Please note that it may take up to five business days for reimbursement transactions to appear in your seller account.
You can find details on your reimbursement or reversal transaction in the Reimbursements report ( https://sellercentral.amazon.com/reportcentral/REIMBURSEMENTS/0 ) in Seller Central:
- In the Event Date drop-down menu, select a date range and click Generate report . You can use the date in the subject line of this email as a point of reference.
- To identify inventory reimbursements and reversals, see the Quantity reimbursed [inventory] column.
- T",2026-07-27 22:53:55,RETR,xtbBsxfTuWpnKVc2+AAA3z
店铺绩效类,today,account_4,weihaizhongxin2024@126.com,"Mon, 27 Jul 2026 04:57:36 +0000","""Fulfillment by Amazon (Do not reply)"" <donotreply@amazon.com>",FBA reimbursement notification,,"96
FBA reimbursement notification
 You have a reimbursement activity
 Hello from Fulfilment by Amazon,
We have initiated a reimbursement, a reimbursement reversal, or both due to recent activity on your selling account. No action is required from you.
Reimbursements can be initiated for an issue that you notified us about or one that we identified at a fulfilment centre. A reimbursement reversal occurs when a reimbursement decision has been reviewed and changed. Reimbursement amounts are determined in accordance with the FBA inventory reimbursement policy ( https://sellercentral.amazon.co.uk/gp/help/external/200213130 ).
Please note that it may take up to five business days for reimbursement transactions to appear in your seller account.
You can find details on your reimbursement or reversal transaction in the Reimbursements report ( https://sellercentral.amazon.co.uk/reportcentral/REIMBURSEMENTS/0 ) in Seller Central:
- In the Event Date drop-down menu, select a date range and click Generate report . You can use the date in the subject line of this email as a point of reference.
- To identify inventory reimbursements and reversals, see the Quantity reimbursed [inventory] column.
-",2026-07-27 22:53:54,RETR,xtbBpQS+pGpm5UTMOQAA3j
KYC审核类,today,account_4,weihaizhongxin2024@126.com,"Mon, 27 Jul 2026 06:15:19 +0000",亚马逊全球开店 <info@globalselling.amazon.cn>,【官方提示】请尽快通过您的欧洲站卖家资质KYC审核，以保证正常销售,,"账户注册
															资质审查
															补充材料
												商品上架
						请尽快提交您的卖家资质KYC审核材料
									尊敬的卖家：
									您好！您的亚马逊欧洲站账户可能在近期收到了卖家资质审核KYC的要求，您需要尽快提供相应信息及资料，才能正式开启您在欧洲站的销售。
									KYC（Know Your Customer） 是亚马逊对在欧洲站开店卖家的资质审核，目的是为了能让卖家公平公正地进行长久生意。请您仔细阅读本邮件指引，并补全您的卖家资质审核KYC信息。
												立即完善审核资料
http://go.amazonsellerservices.com/e/229492/XOeDj0zXeRXkbKgfSHo5iqheH6NWVw/7y6ph71/6790260665/h/6nQ8CeW00R-g4sqWa8BpFZMJzxDKouqcgLKBs4TtY2U
									（小贴士：如果您已经按照要求提交申诉，请耐心等待审核结果）
									点击查看最新版KYC官方指导手册
http://go.amazonsellerservices.com/e/229492/-SU-CN-GS-Seller-Audit-KYC-pdf/7y6ph74/6790260665/h/6nQ8CeW00R-g4sqWa8BpFZMJzxDKouqcgLKBs4TtY2U
，手把手教你过KYC~
															更多欧洲站KYC审核及上线指导
请扫描下方二维码加入亚马逊企业购卖家交流群，
官方客户经理将为新卖家提供全站点、全周期、最官方的资源共享！
 一个注册流程，一套运营体系，即可开启 B端与C 端双业务。
亚马逊帮助您直达全球3亿+活跃用户和600万+优质企业买家。
															入群后有哪些福利？
															群内有专业团队针对亚马逊商品详情页（Listing）/ 选品 / 物流 / 站内引流 /
															广告 / 促销工具 / 品牌备案 / 企业采购商机等内容为您提供指导，
															更有备战旺季的专业辅导、亚马逊全球开店新资讯！
												为什么我会收到KYC的资质审核要求？
												KYC（Know Your Customer） 是欧洲站开店卖家的资质审核。
												不同卖家触发KYC审核的节点或有不同，账号注册过程中，或注册完成进入卖家平台后，更改卖家后台关键信息（比如受益人信息/地址信息等）或达到一定的销售额阈值前。 只有通过了资质审核才可以在欧洲站长期销售。
												如何进行KYC审核？
		",2026-07-27 22:53:54,RETR,xtbBsxpQNmpm93pwyAAA32
法务/侵权类,today,account_4,weihaizhongxin2024@126.com,"Tue, 28 Jul 2026 00:04:04 +0800 (CST)","""Khaled Abdelhaq"" <amelias@188.com>",Please reply to any questions related to infringement.,,"Dear Valued Amazon Seller,
This email serves as an official notice demanding that you immediately discontinue all copyright-infringing use of our original product content.
Our team has submitted to Amazon the complete set of original product photography, copyrighted listing copy with official registration, and full evidence showing your exact duplication of our entire listing content.
We have escalated this infringement case via Amazon’s dedicated copyright complaint portal, and explicitly requested the platform to document this violation in your seller performance profile as per Amazon’s IP policy.
Please fully delete all unlicensed usage of our copyrighted images, product descriptions and A+ content within 24 hours after you receive this notice.
All subsequent discussions must be directed to our legal team.
Cecelia
Cecelia@fumCeceliagal.de
+1 (808) 893-9514
Attached: Copyright registration documents and side-by-side plagiarism comparison screenshots.
Best regards",2026-07-27 22:53:55,RETR,xtbBpRzz2WpngXzFngAA34
店铺绩效类,last7,account_4,weihaizhongxin2024@126.com,"Sun, 26 Jul 2026 20:49:44 +0000","""Amazon.com"" <fba-noreply@amazon.com>",Your FBA request is complete (1pqaY5uvK2),,"Greetings from Amazon.com
We thought you'd like to know that we have completed your destroy request.
Disposal Summary:
Quantity Requested: 1
Quantity Successfully Destroyed: 1
Quantity Cancelled: 0
You can track the status of this request by visiting your Seller Account at:
https://sellercentral.amazon.com/
For a complete list of inventory being destroyed, go to:
https://sellercentral.amazon.com/gp/orders/fba-order-details.html?orderID=S01-5941114-2816300
Please note: this email was sent from a notification-only address that
cannot accept incoming e-mail. Please do not reply to this message.
Thank you for using Fulfillment by Amazon.
--------------------------------------------------------------------------
Fulfillment by Amazon, professional packing, shipping and servicing of
online orders.
--------------------------------------------------------------------------
Was this email helpful?
 https://sellercentral.amazon.com/gp/satisfaction/survey-form.html?ie=UTF8&HMDName=NotificationBusEmailHMD&customAttribute1Value=PRODUCT_REMOVAL_ORDER_SHIPPED_NOW
SPC-USAmazon-2040695819658286",2026-07-27 22:53:54,RETR,xtbBpAsL8Gpmcut0owAA3W
店铺绩效类,last7,account_4,weihaizhongxin2024@126.com,"Sun, 26 Jul 2026 14:44:02 +0000",Amazon Services <seller-notification@amazon.com>,Balance paid on your Amazon seller account,,"Greetings from Amazon Services.
 We have charged your credit card for $63.02 in an attempt to settle your Amazon seller account balance.
 Note that the amount charged to your credit card may be less than the total amount you owe due to a credit limit imposed by your bank. If that is the case, we will continue to charge your credit card as often as every 24 hours until the remaining balance in your Amazon seller account is paid in full.
 You can also use the Make a Payment feature to repay the balance you owe. For more information, see Making a Payment .
 You can view your payment activity at any time by logging in to your seller account and going to your Payments Report .
 Thank you for selling on Amazon.
 Amazon Services
 Help us improve your experience on selling on Amazon through this brief survey:
 https://amazonexteu.qualtrics.com/jfe/form/SV_eUKdboEQhg1YpuK?cID=10038096056-202607261349
 Was this email helpful?
 SPC-USAmazon-175924099412243",2026-07-27 22:53:53,RETR,xtbBpReIbmpmHTfO1wAA3r
店铺绩效类,last7,account_4,weihaizhongxin2024@126.com,"Sat, 25 Jul 2026 04:57:25 +0000","""Fulfillment by Amazon (Do not reply)"" <donotreply@amazon.com>",FBA reimbursement notification,,"96
FBA reimbursement notification
 You have a reimbursement activity
 Hello from Fulfilment by Amazon,
We have initiated a reimbursement, a reimbursement reversal, or both due to recent activity on your selling account. No action is required from you.
Reimbursements can be initiated for an issue that you notified us about or one that we identified at a fulfilment centre. A reimbursement reversal occurs when a reimbursement decision has been reviewed and changed. Reimbursement amounts are determined in accordance with the FBA inventory reimbursement policy ( https://sellercentral.amazon.co.uk/gp/help/external/200213130 ).
Please note that it may take up to five business days for reimbursement transactions to appear in your seller account.
You can find details on your reimbursement or reversal transaction in the Reimbursements report ( https://sellercentral.amazon.co.uk/reportcentral/REIMBURSEMENTS/0 ) in Seller Central:
- In the Event Date drop-down menu, select a date range and click Generate report . You can use the date in the subject line of this email as a point of reference.
- To identify inventory reimbursements and reversals, see the Quantity reimbursed [inventory] column.
-",2026-07-27 22:53:51,RETR,xtbBsxhSOGpkQjj4ZQAA3o
店铺绩效类,last7,account_4,weihaizhongxin2024@126.com,"Fri, 24 Jul 2026 05:07:54 +0000","""Fulfillment by Amazon (Do not reply)"" <donotreply@amazon.com>",FBA reimbursement notification,,"96
FBA reimbursement notification
 You have a reimbursement activity
 Hello from Fulfilment by Amazon,
We have initiated a reimbursement, a reimbursement reversal, or both due to recent activity on your selling account. No action is required from you.
Reimbursements can be initiated for an issue that you notified us about or one that we identified at a fulfilment centre. A reimbursement reversal occurs when a reimbursement decision has been reviewed and changed. Reimbursement amounts are determined in accordance with the FBA inventory reimbursement policy ( https://sellercentral.amazon.co.uk/gp/help/external/200213130 ).
Please note that it may take up to five business days for reimbursement transactions to appear in your seller account.
You can find details on your reimbursement or reversal transaction in the Reimbursements report ( https://sellercentral.amazon.co.uk/reportcentral/REIMBURSEMENTS/0 ) in Seller Central:
- In the Event Date drop-down menu, select a date range and click Generate report . You can use the date in the subject line of this email as a point of reference.
- To identify inventory reimbursements and reversals, see the Quantity reimbursed [inventory] column.
-",2026-07-27 22:53:44,RETR,xtbBsxI8Impi8zKTBQAA3g
店铺绩效类,last7,account_4,weihaizhongxin2024@126.com,"Thu, 23 Jul 2026 16:10:45 +0000","""Amazon.co.uk"" <donotreply@amazon.com>",Your Amazon bank account information has been updated successfully,,"96
 Your Amazon bank account information has been updated successfully
 Hello from Amazon,
You have successfully modified the bank account information associated with your Seller account. This change will not affect any transfer of funds initiated prior to this change.
If this change involved adding a new bank account, your future transfers will be submitted to this new bank account. Please note that there is a mandatory three-day security hold before any changes to the bank account information take effect. Transfers of funds cannot be initiated until after that period, which starts on the date that you submit your new bank account information in your seller account.
If this change involved removing a bank account, the removal was successful and future transfers will be submitted to the bank account that is already associated with your seller account.
You can update your bank account information at any time in the settings section of your seller account. For additional information, please visit our online help pages.
If you did not modify your bank account information, please contact Seller Support/Selling Partner Support .
Thank you for selling on Amazon,
Amazon Services Europe
 R",2026-07-27 22:53:42,RETR,xtbBsweDaWpiPQcL+wAA3c
店铺绩效类,last7,account_4,weihaizhongxin2024@126.com,"Thu, 23 Jul 2026 10:35:17 +0000","""Amazon.com"" <fba-noreply@amazon.com>",Your FBA request is complete (Zx1U3/hDuM),,"Greetings from Amazon.com
We thought you'd like to know that we have completed your destroy request.
You can track the status of this request by visiting your Seller Account at:
https://sellercentral-europe.amazon.com/
For a complete list of inventory being destroyed, go to:
https://sellercentral-europe.amazon.com/gp/orders/fba-order-details.html?orderID=S02-9809393-8886330
Please note: this email was sent from a notification-only address that
cannot accept incoming e-mail. Please do not reply to this message.
Thank you for using Fulfillment by Amazon.
------------------------------------------------------------------------------
Fulfilment by Amazon – let Amazon pick, pack and ship your orders domestically
and EU wide.
------------------------------------------------------------------------------
Was this e-mail helpful? https://sellercentral.amazon.co.uk/gp/satisfaction/survey-form.html?ie=UTF8&HMDName=NotificationBusEmailHMD&customAttribute1Value=PRODUCT_REMOVAL_ORDER_SHIPPED_NOW
SPC-EUAmazon-492582884614300",2026-07-27 22:53:40,RETR,xtbBsgfHrWph7mc8sQAA3Q
店铺绩效类,last7,account_4,weihaizhongxin2024@126.com,"Thu, 23 Jul 2026 05:01:14 +0000","""Fulfillment by Amazon (Do not reply)"" <donotreply@amazon.com>",FBA reimbursement notification,,"96
FBA reimbursement notification
 You have a reimbursement activity
 Hello from Fulfilment by Amazon,
We have initiated a reimbursement, a reimbursement reversal, or both due to recent activity on your selling account. No action is required from you.
Reimbursements can be initiated for an issue that you notified us about or one that we identified at a fulfilment centre. A reimbursement reversal occurs when a reimbursement decision has been reviewed and changed. Reimbursement amounts are determined in accordance with the FBA inventory reimbursement policy ( https://sellercentral.amazon.co.uk/gp/help/external/200213130 ).
Please note that it may take up to five business days for reimbursement transactions to appear in your seller account.
You can find details on your reimbursement or reversal transaction in the Reimbursements report ( https://sellercentral.amazon.co.uk/reportcentral/REIMBURSEMENTS/0 ) in Seller Central:
- In the Event Date drop-down menu, select a date range and click Generate report . You can use the date in the subject line of this email as a point of reference.
- To identify inventory reimbursements and reversals, see the Quantity reimbursed [inventory] column.
-",2026-07-27 22:53:38,RETR,xtbBsh8iCGphoB+6vwAA32
店铺绩效类,last7,account_4,weihaizhongxin2024@126.com,"Wed, 22 Jul 2026 05:03:32 +0000","""Fulfillment by Amazon (Do not reply)"" <donotreply@amazon.com>",FBA reimbursement notification,,"96
FBA reimbursement notification
 You have a reimbursement activity
 Hello from Fulfilment by Amazon,
We have initiated a reimbursement, a reimbursement reversal, or both due to recent activity on your selling account. No action is required from you.
Reimbursements can be initiated for an issue that you notified us about or one that we identified at a fulfilment centre. A reimbursement reversal occurs when a reimbursement decision has been reviewed and changed. Reimbursement amounts are determined in accordance with the FBA inventory reimbursement policy ( https://sellercentral.amazon.co.uk/gp/help/external/200213130 ).
Please note that it may take up to five business days for reimbursement transactions to appear in your seller account.
You can find details on your reimbursement or reversal transaction in the Reimbursements report ( https://sellercentral.amazon.co.uk/reportcentral/REIMBURSEMENTS/0 ) in Seller Central:
- In the Event Date drop-down menu, select a date range and click Generate report . You can use the date in the subject line of this email as a point of reference.
- To identify inventory reimbursements and reversals, see the Quantity reimbursed [inventory] column.
-",2026-07-27 22:53:33,RETR,xtbBsgePdWpgTye8EAAA3B
店铺绩效类,last7,account_4,weihaizhongxin2024@126.com,"Tue, 21 Jul 2026 09:30:25 +0000","""Fulfillment by Amazon (Do not reply)"" <donotreply@amazon.com>",FBA reimbursement notification,,"96
FBA reimbursement notification
 You have a reimbursement activity
 Hello from Fulfillment by Amazon,
We have initiated a reimbursement, a reimbursement reversal, or both due to recent activity on your selling account. No action is required from you.
Reimbursements can be initiated for an issue that you notified us about or one that we identified at a fulfillment center. A reimbursement reversal occurs when a reimbursement decision has been reviewed and changed. Reimbursement amounts are determined in accordance with the FBA inventory reimbursement policy ( https://sellercentral.amazon.com/gp/help/external/200213130 ).
Please note that it may take up to five business days for reimbursement transactions to appear in your seller account.
You can find details on your reimbursement or reversal transaction in the Reimbursements report ( https://sellercentral.amazon.com/reportcentral/REIMBURSEMENTS/0 ) in Seller Central:
- In the Event Date drop-down menu, select a date range and click Generate report . You can use the date in the subject line of this email as a point of reference.
- To identify inventory reimbursements and reversals, see the Quantity reimbursed [inventory] column.
- T",2026-07-27 22:53:32,RETR,xtbBsxONc2pfPDPjZgAA3h
店铺绩效类,last7,account_4,weihaizhongxin2024@126.com,"Tue, 21 Jul 2026 04:57:37 +0000","""Fulfillment by Amazon (Do not reply)"" <donotreply@amazon.com>",FBA reimbursement notification,,"96
FBA reimbursement notification
 You have a reimbursement activity
 Hello from Fulfilment by Amazon,
We have initiated a reimbursement, a reimbursement reversal, or both due to recent activity on your selling account. No action is required from you.
Reimbursements can be initiated for an issue that you notified us about or one that we identified at a fulfilment centre. A reimbursement reversal occurs when a reimbursement decision has been reviewed and changed. Reimbursement amounts are determined in accordance with the FBA inventory reimbursement policy ( https://sellercentral.amazon.co.uk/gp/help/external/200213130 ).
Please note that it may take up to five business days for reimbursement transactions to appear in your seller account.
You can find details on your reimbursement or reversal transaction in the Reimbursements report ( https://sellercentral.amazon.co.uk/reportcentral/REIMBURSEMENTS/0 ) in Seller Central:
- In the Event Date drop-down menu, select a date range and click Generate report . You can use the date in the subject line of this email as a point of reference.
- To identify inventory reimbursements and reversals, see the Quantity reimbursed [inventory] column.
-",2026-07-27 22:53:30,RETR,xtbBpASCaGpe-ESvSAAA3h
KYC审核类,last7,account_4,weihaizhongxin2024@126.com,"Fri, 24 Jul 2026 11:09:39 +0000",Amazon Services <donotreply@amazon.com>,"Verstrek KYC-verificatie binnen 45 dagen om beperkingen te
 voorkomen",,"96
 Verstrek KYC-verificatie binnen 45 dagen om beperkingen te voorkomen
 Hallo Weihai EU,
 Je Amazon.nl-account vereist verificatiegegevens binnen 45 dagen na ontvangst van deze e-mail. Als je de verificatie niet voltooit, wordt je account gedeactiveerd en worden overboekingen van tegoeden beperkt.
 Waarom gebeurt dit?
 We ondernemen deze actie omdat er aanvullende verificatiegegevens vereist zijn om door te gaan met de verificatie van je account. Deze verificatie helpt de integriteit van de marketplace te garanderen en klanten te beschermen. We voeren ook periodieke controles uit om ervoor te zorgen dat accountgegevens actueel blijven.
 Raadpleeg voor meer informatie de ' Gebruikersovereenkomst van Amazon Payments - Verkopen via Amazon '.
 We hebben een combinatie van geautomatiseerde middelen gebruikt om deze beslissing te nemen.
 Hoe verstrek ik mijn gegevens?
 Voltooi de verificatie via de pagina Accountstatus door op 'Verificatie indienen' te klikken in het gedeelte Prioriteitsacties of via de pagina Identiteitsgegevens en vervolgens op:
- Voltooi alle secties in rood gemarkeerd en volg de instructies op het scherm
- Klik op 'Opslaan'
- Klik op 'Indienen voor verificatie'
 Op",2026-07-27 22:53:46,RETR,xtbBpBeCaGpjR-cQtgAA3G
KYC审核类,last7,account_4,weihaizhongxin2024@126.com,"Fri, 24 Jul 2026 10:52:41 +0000",Amazon Services <donotreply@amazon.com>,Provide KYC verification within 45 days to avoid restrictions,,"96
 Provide KYC verification within 45 days to avoid restrictions
 Hello Weihai EU,
 Your Amazon.fr account requires verification details within 45 days from receipt of this email. If not completed, your account will be deactivated and funds transfers will be restricted.
 Why is this happening?
 We are taking this action because additional verification details are required to continue with your account verification. This verification helps ensure marketplace integrity and protect customers. We also conduct periodic reviews to ensure account information remains current.
 To learn more, refer to “ Amazon Payments – Selling on Amazon User Agreement ”.
 We leveraged a combination of automated means to make this decision.
 How do I provide my information?
 Complete verification through your Account Health page by clicking on 'Submit verification' in the Priority Actions section or through Identity Information page, then:
- Complete all sections highlighted in red and follow the onscreen instructions
- Click “Save”
- Click “Submit for verification”
 Note: Only users with 'Confirm/Change Account Information' permissions can submit verification. Enter all addresses using Latin characters o",2026-07-27 22:53:46,RETR,xtbBpBuCaGpjQ-v7bAAA3z
KYC审核类,last7,account_4,weihaizhongxin2024@126.com,"Fri, 24 Jul 2026 09:42:14 +0000",Amazon Services <donotreply@amazon.com>,Provide KYC verification within 45 days to avoid restrictions,,"96
 Provide KYC verification within 45 days to avoid restrictions
 Hello Weihai EU,
 Your Amazon.co.uk account requires verification details within 45 days from receipt of this email. If not completed, your account will be deactivated and funds transfers will be restricted.
 Why is this happening?
 We are taking this action because additional verification details are required to continue with your account verification. This verification helps ensure marketplace integrity and protects customers. We also conduct periodic reviews to ensure that account information remains current.
 To learn more, go to “ Amazon Payments – Selling on Amazon User Agreement ”.
 We’ve leveraged a combination of automated means to make this decision.
 How do I provide my information?
 Complete verification through your Account Health page by clicking “Submit verification” in the Priority actions section or through the Identity information page, then:
- Complete all sections highlighted in red and follow the onscreen instructions
- Click “Save”
- Click “Submit for verification”
 Note: Only users with “Confirm/Change account information” permissions can submit verification. Enter all addresses using Latin ch",2026-07-27 22:53:45,RETR,xtbBpBpeRGpjM3qV0gAA3j
KYC审核类,last7,account_4,weihaizhongxin2024@126.com,"Fri, 24 Jul 2026 09:24:08 +0000",Amazon Services <donotreply@amazon.com>,Fournissez une vérification KYC sous 45 jours pour éviter les restrictions,,"96
 Fournissez une vérification KYC sous 45 jours pour éviter les restrictions
 Bonjour Weihai EU,
 Votre compte Amazon.com.be nécessite des informations de vérification dans un délai de 45 jours à compter de la réception de cet e-mail. Le cas échéant, votre compte sera désactivé et les transferts de fonds seront restreints.
 Pourquoi cela se produit-il ?
 Nous prenons cette mesure car des informations de vérification supplémentaires sont requises pour poursuivre la vérification de votre compte. Cette vérification permet de garantir l’intégrité du site de vente et de protéger les clients. Nous réalisons également des contrôles périodiques afin de nous assurer que les informations sur le compte restent à jour.
 Pour en savoir plus, consultez le « Contrat d’utilisation Vendre sur Amazon Payments ».
 Nous avons utilisé une combinaison de moyens automatisés pour prendre cette décision.
 Comment fournir mes informations ?
 Terminez la vérification sur votre page État du compte en cliquant sur « Soumettre la vérification » dans la section Actions prioritaires ou sur la page Informations d’identité , puis :
- Remplissez toutes les sections surlignées en rouge et suivez les instructions à ",2026-07-27 22:53:44,RETR,xtbBpBxONGpjLzx2UwAA39
KYC审核类,last7,account_4,weihaizhongxin2024@126.com,"Tue, 21 Jul 2026 08:07:04 +0000","""Amazon Seller Central Notifications (Do Not Reply)"" <donotreply@amazon.com>",Know Your Customer (KYC) verification process support,,"96
 Pending Know Your Customer (KYC) account verification
 Hello,
 We are conducting a review of your Amazon Payments Account. We need additional information or documents to continue with your account verification. In accordance with regulations, you must complete an account verification process. Please go to the Identity Information page to provide the required information or documents:
 Submit documentation
 In some cases, we will send a notification that outlines the details of the request related to your Amazon Payments account. Please check the most recent performance notifications starting with the subject [Action Required]: Performance Notifications .
 What happens next?
 Once you have provided the requested information or documents, we will continue with your account verification. Please continue to proactively check the performance notifications or emails to understand if further information or documents are needed from you.
 Once the verification is complete, you will receive a performance notification and email advising you of the result.
 We’re here to help.
 If you have any questions, you can contact us at any time via Amazon Selling Partner Support .
 For more informa",2026-07-27 22:53:31,RETR,xtbBpQynjWpfKKwucQAA3t
KYC审核类,last7,account_4,weihaizhongxin2024@126.com,"Tue, 21 Jul 2026 07:52:22 +0000","""seller-verification-review-cn@amazon.co.uk"" <seller-verification-review-cn@amazon.co.uk>",[需要采取的操作] 需要您的“我要开店”付款账户的相关信息,,"96
[需要采取的操作] 需要您的“我要开店”付款账户的相关信息
 [需要采取的操作] 需要您的“我要开店”付款账户的相关信息
 您好！
此次联系您是因为我们需要一些其他文件才能继续验证您的账户。
提供经过修改或篡改的文件可能会导致账户被永久关闭。
我们仅允许修改银行对账单等文件，以遮挡付款余额等详细信息。
如果我未采取措施或者不提供所需的信息/文件，会怎么样？
自我们首次与您联系要求您采取措施或提供完成验证所需的所有文件和信息之日起，您总共有 60 天的时间来提供这些文件和信息。我们审核和验证您采取措施后的结果的时间或验证信息的时间不会计入给您的 60 天期限。
如果您未能在 60 天内采取措施或提供要求的信息，您的商品将被暂时停售，并且您的提现功能将被暂时停用，直到完成验证为止。
如果自我们首次联系您之日起已超过 60 天，则您的付款可能已被冻结，您的商品可能已被停售。在您提供要求的信息或文件且您的账户得到验证之前，您的付款将继续处于冻结状态，您的商品将继续处于停售状态。
为什么会发生这种情况？
您之前提供的银行账户所有权证明文件不足以完成验证流程，因为它它并未体现您账户上注册的**完整**公司名称。
我需要提供哪种类型的文件？
-- 目前在卖家平台中输入为存款方式的其中2个银行账户的银行对账单或银行资信证明的扫描件：以 *29 和 *91 结尾的账号。
如何处理这种情况？
确保文件符合以下标准：
-- 文件必须是在最近 180 天内开具的。
-- 文件必须显示银行账号、银行徽标和账户持有者姓名。
-- 如果您以公司形式开展业务，则您的银行账户必须为公司账户。
-- 请务必确保文件清晰易读。
-- 文件不能是屏幕截图。
-- 文件必须使用我们支持的语言之一。我们支持以下语言：英语、中文、丹麦语、荷兰语、德语、意大利语、西班牙语、瑞典语、法语、土耳其语、波兰语、葡萄牙语、阿拉伯语、印地语、泰米尔语、越南语、泰语、韩语和日语。如果原始文件使用的不是我们支持的语言，请同时提供原始文件和翻译文件。
我如何提供这些信息？
请完成以下步骤，在卖家平台的“银行账户信息”部分更新您的银行账户信息：
https://sellercentral-europe.amazon.com/sw/AccountInfo/DepositMethodView/step/DepositMethodView
1.单击“更换存款方式”。
2.在新出现的页面上，单击“添加新的存款方式”，并提供您尝试注册的银行账户的详细信息。
3.单击“设置存款方式”。
4.单击“验证账户”。
5.转至卖家平台的“身份信息”部分：
https://sellercentral-europe.amazon.com/sw/SSR/BusinessKYCInfo/spaDashboard
6.按照相关提示上传要求提供的文",2026-07-27 22:53:31,RETR,xtbBpRrJr2pfJToNOwAA3F
付款/资金类,last7,account_4,weihaizhongxin2024@126.com,"Sun, 26 Jul 2026 14:21:34 +0000",Amazon Services <donotreply@amazon.com>,Tu pago está en camino,,"96
This title will display on mobile devices
 ¡Enhorabuena! El pago está de camino y llegará pronto.
 El pago está en camino
Enhorabuena, Weihai EU. Tu pago está en camino y te llegará en un plazo de tres a cinco días.
El 07/26/26 14:21 WEST, iniciamos una transferencia a tu método de pago (cuenta bancaria terminado en 229) por un importe de €
 359,45.
 Si el importe es inferior a lo esperado, ten en cuenta las siguientes preguntas:
 ¿Tienes saldo no disponible en tu cuenta de vendedor? Puede que hayamos reservado algo de dinero para posibles devoluciones, reclamaciones o reversiones de cargo de clientes. En este caso, el saldo de cierre de tu informe de pagos te mostrará el saldo no disponible en reserva.
 ¿Cubren tus ventas las tarifas de Amazon y las devoluciones del periodo de liquidación? El importe del pago refleja las ventas que has hecho y las tarifas de venta aplicadas tanto a dichas ventas como a cualquier promoción o servicio que hayas utilizado. Te recomendamos que revises tu informe de pagos en ""Informes"" de Seller Central para conocer el saldo de cierre.
Para más información sobre los informes de pagos en Seller Central, visita nuestro curso oficial.
Te deseamos un éx",2026-07-27 22:53:52,RETR,xtbBpBY3HWpmF-avIwAA35
付款/资金类,last7,account_4,weihaizhongxin2024@126.com,"Sun, 26 Jul 2026 14:21:01 +0000",Amazon Services <donotreply@amazon.com>,Your payment is on the way,,"96
This title will display on mobile devices
 Congratulations! Your payment is on the way and will arrive soon.
 Disbursement attempted
Congratulations Weihai CA! Your payment is on the way and will arrive within three to five days.
On 07/26/26 14:20 EDT, we initiated a transfer to your payment method (bank account ending in 151) in the amount of CAD
 284.81.
 If the amount is less than expected, here are a few questions to consider:
 Do you have an unavailable balance? Amazon might be reserving money to cover potential returns, claims or chargebacks from buyers. If this is the case, the closing balance in your Payment Report will display the unavailable balance that is reserved.
 Did your sales cover all fees and returns for this statement period? The payment amount reflects sales activities, selling fees and fees for promotions or services. We recommend reviewing your Payment Report under the Reports tab in Seller Central to understand your closing balance.
To learn more about Payment Reports in Seller Central, please visit our official course.
We wish you continued success!
Thank you for selling in the Amazon Store,
Amazon Services
Help us improve your payment experience on Amaz",2026-07-27 22:53:52,RETR,xtbBshIuFGpmF9KxKwAA3J
付款/资金类,last7,account_4,weihaizhongxin2024@126.com,"Sun, 26 Jul 2026 14:20:18 +0000",Amazon Services <donotreply@amazon.com>,Your payment is on the way,,"96
This title will display on mobile devices
 Congratulations! Your payment is on the way and will arrive soon.
 Disbursement Attempted
Congratulations Weihai EU! Your payment is on the way and will arrive within three to five days.
On 07/26/26 14:20 BST, we initiated a transfer to your payment method (bank account ending in 229) in the amount of £
 368.30.
 If the amount is less than expected, here are a few questions to consider:
 Do you have an unavailable balance? Amazon might be reserving money to cover potential returns, claims or chargebacks from buyers. If this is the case, the closing balance in your Payment Report will display the unavailable balance that is reserved.
 Did your sales cover all fees and returns for this statement period? The payment amount reflects sales activities, selling fees and fees for promotions or services. We recommend reviewing your Payment Report under the Reports tab in Seller Central to understand your closing balance.
To find out more about Payment Reports in Seller Central, please visit our official course.
We wish you continued success!
Thank you for selling in the Amazon store,
Amazon Services
Help us improve your payment experience on Ama",2026-07-27 22:53:52,RETR,xtbBsgUjCWpmF6Wv5AAA3o
付款/资金类,last7,account_4,weihaizhongxin2024@126.com,"Sat, 25 Jul 2026 13:57:00 +0000",Amazon Services <donotreply@amazon.com>,Your payment is on the way,,"96
This title will display on mobile devices
 Congratulations! Your payment is on the way and will arrive soon.
 Disbursement Attempted
Congratulations Weihai EU! Your payment is on the way and will arrive within three to five days.
On 07/25/26 13:56 CEST, we initiated a transfer to your payment method (bank account ending in 229) in the amount of €
 297.14.
 If the amount is less than expected, here are a few questions to consider:
 Do you have an unavailable balance? Amazon might be reserving money to cover potential returns, claims, or chargebacks from buyers. If this is the case, the closing balance in your Payment Report will display the unavailable balance that is reserved.
 Did your sales cover all fees and returns for this statement period? The payment amount reflects sales activities, selling fees, and fees for promotions or services. We recommend reviewing your Payment Report under the Reports tab in Seller Central to understand your closing balance.
To learn more about Payment Reports in Seller Central, please visit our official course.
We wish you continued success!
Thank you for selling in the Amazon store,
Amazon Services
Help us improve your payment experience on Ama",2026-07-27 22:53:51,RETR,xtbBshAQ9WpkwLC9lAAA3Q
付款/资金类,last7,account_4,weihaizhongxin2024@126.com,"Fri, 24 Jul 2026 23:31:38 +0000",Amazon Services <donotreply@amazon.com>,Your payment is on the way,,"96
This title will display on mobile devices
 Congratulations! Your payment is on the way and will arrive soon.
 Disbursement Attempted
Congratulations Weihai EU! Your payment is on the way and will arrive within three to five days.
On 07/24/26 23:31 GST, we initiated a transfer to your payment method (bank account ending in 229) in the amount of AED
 85.79.
 If the amount is less than expected, here are a few questions to consider:
 Do you have an unavailable balance? Amazon might be reserving money to cover potential returns, claims, or chargebacks from buyers. If this is the case, the closing balance in your Payment Report will display the unavailable balance that is reserved.
 Did your sales cover all fees and returns for this statement period? The payment amount reflects sales activities, selling fees, and fees for promotions or services. We recommend reviewing your Payment Report under the Reports tab in Seller Central to understand your closing balance.
To learn more about Payment Reports in Seller Central, please visit our official course.
We wish you continued success!
Thank you for selling in the Amazon store,
Amazon Services
Help us improve your payment experience on Ama",2026-07-27 22:53:49,RETR,xtbBpB4oDmpj9d4hJQAA36
付款/资金类,last7,account_4,weihaizhongxin2024@126.com,"Fri, 24 Jul 2026 14:04:10 +0000",Amazon Services <donotreply@amazon.com>,Tu pago está en camino,,"96
This title will display on mobile devices
 ¡Enhorabuena! El pago está de camino y llegará pronto.
 El pago está en camino
Enhorabuena, Weihai EU. Tu pago está en camino y te llegará en un plazo de tres a cinco días.
El 07/24/26 14:04 WEST, iniciamos una transferencia a tu método de pago (cuenta bancaria terminado en 229) por un importe de €
 282,64.
 Si el importe es inferior a lo esperado, ten en cuenta las siguientes preguntas:
 ¿Tienes saldo no disponible en tu cuenta de vendedor? Puede que hayamos reservado algo de dinero para posibles devoluciones, reclamaciones o reversiones de cargo de clientes. En este caso, el saldo de cierre de tu informe de pagos te mostrará el saldo no disponible en reserva.
 ¿Cubren tus ventas las tarifas de Amazon y las devoluciones del periodo de liquidación? El importe del pago refleja las ventas que has hecho y las tarifas de venta aplicadas tanto a dichas ventas como a cualquier promoción o servicio que hayas utilizado. Te recomendamos que revises tu informe de pagos en ""Informes"" de Seller Central para conocer el saldo de cierre.
Para más información sobre los informes de pagos en Seller Central, visita nuestro curso oficial.
Te deseamos un éx",2026-07-27 22:53:47,RETR,xtbBpALHrWpjcOLprgAA3Q
付款/资金类,last7,account_4,weihaizhongxin2024@126.com,"Fri, 24 Jul 2026 14:00:39 +0000",Amazon Services <donotreply@amazon.com>,Your payment is on the way,,"96
This title will display on mobile devices
 Congratulations! Your payment is on the way and will arrive soon.
 Disbursement Attempted
Congratulations Weihai EU! Your payment is on the way and will arrive within three to five days.
On 07/24/26 14:00 BST, we initiated a transfer to your payment method (bank account ending in 229) in the amount of £
 230.13.
 If the amount is less than expected, here are a few questions to consider:
 Do you have an unavailable balance? Amazon might be reserving money to cover potential returns, claims or chargebacks from buyers. If this is the case, the closing balance in your Payment Report will display the unavailable balance that is reserved.
 Did your sales cover all fees and returns for this statement period? The payment amount reflects sales activities, selling fees and fees for promotions or services. We recommend reviewing your Payment Report under the Reports tab in Seller Central to understand your closing balance.
To find out more about Payment Reports in Seller Central, please visit our official course.
We wish you continued success!
Thank you for selling in the Amazon store,
Amazon Services
Help us improve your payment experience on Ama",2026-07-27 22:53:47,RETR,xtbBshOTeWpjcBPvWQAA3X
付款/资金类,last7,account_4,weihaizhongxin2024@126.com,"Fri, 24 Jul 2026 11:45:44 +0000",亚马逊开店服务 <donotreply@amazon.com>,请在 45 天内提供“了解您的客户”验证，以避免受到限制,,"96
 请在 45 天内提供“了解您的客户”验证，以避免受到限制
 尊敬的 Weihai EU：
您好！
 您的 Amazon.de 账户要求您在收到此电子邮件后的 45 天内提供验证详情。如果未完成，您的账户将被停用，转账也将受到限制。
 为什么会发生这种情况？
 我们采取此措施是因为，要继续验证您的账户，您需要提供其他验证详情。此验证有助于确保商城诚信并保护买家。我们还会定期审核账户信息，以确保相关信息始终为最新信息。
 要了解更多信息，请参阅“ Amazon Payments -‘我要开店’用户协议 ”。
 我们综合利用多种自动化方式做出这一决定。
 如何提供我的信息？
 在“优先操作”部分中或通过 身份信息 页面点击“提交验证”，通过 账户状况页面 完成验证，然后：
- 完成所有红色突出显示部分，然后按照屏幕上的说明操作
- 点击“保存”
- 点击“提交以进行验证”
 注意： 只有具有“确认/更改账户信息”权限的用户可以提交验证。仅使用拉丁字符输入所有地址。
 如果未提交要求的信息，会怎么样？
 如果您未在 45 天内完成验证，我们将：
- 停售您在 Amazon de 上的所有现有商品
- 阻止创建新商品
- 限制从您的账户转账
 在您完成验证之前，这些限制一直有效。删除商品并不能从您的“账户状况”页面删除此违规行为。
 如果发送有误，该怎么办？
 如果已完成账户验证并收到确认信息，请通过卖家平台的 获取支持 页面提交证据。
 请提供显示以下内容的文档：
- 确认已完成验证
- 完成验证的日期
- 用于确认验证的先前的任何信件
 我们愿意随时为您提供帮助。
 有关常见问题解答，请访问我们的 帮助页面 。
 如果您对此流程有任何疑问或需要帮助，请点击 账户状况页面 上的“联系我们”按钮，联系账户状况专员。
 Amazon Payments
 报告此电子邮件的问题
 如果您有任何问题，请访问: Seller Central
 要更改您的电子邮件首选项，请访问： 通知首选项
 2026 Amazon.com 旗下公司 保留所有权利
 Amazon EU S.à r.l.
38 avenue John F. Kennedy,
L-1855 Luxembourg,
注册于卢森堡，
注册编号 B-101818，
股本 165.833 欧元，
营业执照编号： 134248，
卢森堡增值税注册编号 LU 20260743。
 SPC-EUAmazon-87962606524353",2026-07-27 22:53:47,RETR,xtbBsgyiiGpjUGxG4wAA3E
付款/资金类,last7,account_4,weihaizhongxin2024@126.com,"Fri, 24 Jul 2026 11:27:26 +0000",Amazon Services <donotreply@amazon.com>,Proporciona los datos del proceso de verificación de la identidad del cliente en un plazo de 45 días para evitar restricciones,,"96
 Proporciona los datos del proceso de verificación de la identidad del cliente en un plazo de 45 días para evitar restricciones
 Hola, Weihai EU:
 Tienes que presentar los detalles de la verificación de tu cuenta de Amazon.es en un plazo de 45 días a partir de la recepción de este correo electrónico. De lo contrario, se desactivará tu cuenta y se restringirán las transferencias de fondos.
 ¿A qué se debe esto?
 Tomamos esta medida porque tienes que presentar más datos de verificación para continuar con la verificación de tu cuenta. Esta verificación ayuda a garantizar la integridad del sitio web y proteger a los clientes. También la revisamos periódicamente para asegurarnos de que la información de la cuenta siga actualizada.
 Para más información, consulta Amazon Payments – Contrato de Usuario para el servicio Vender en Amazon .
 Hemos empleado una combinación de medios automatizados para tomar esta decisión.
 ¿Cómo proporciono mi información?
 Completa la verificación en la página Estado de la cuenta . Para ello, haz clic en ""Enviar verificación"" en la sección ""Acciones prioritarias"" o en la página Información de identidad y, a continuación:
- Completa todas las secciones resa",2026-07-27 22:53:46,RETR,xtbBpQCOdGpjTCAsTwAA3Z
付款/资金类,last7,account_4,weihaizhongxin2024@126.com,"Fri, 24 Jul 2026 10:34:58 +0000",Amazon Services <donotreply@amazon.com>,"W ciągu 45 dni prześlij informacje na potrzeby weryfikacji w ramach procedury „Poznaj swojego klienta”, aby uniknąć ograniczeń",,"96
 W ciągu 45 dni prześlij informacje na potrzeby weryfikacji w ramach procedury „Poznaj swojego klienta”, aby uniknąć ograniczeń
 Dzień dobry Weihai EU,
 Twoje konto na Amazon.pl wymaga podania informacji na potrzeby weryfikacji. Masz na to 45 dni od otrzymania niniejszej wiadomości e-mail. Jeśli nie spełnisz tego wymogu, Twoje konto zostanie zdezaktywowane, a przelewy środków będą podlegać ograniczeniom.
 Dlaczego tak się stało?
 Podejmujemy to działanie, ponieważ do przeprowadzenia weryfikacji konta wymagane są dodatkowe informacje. Weryfikacja ta pomaga zapewnić wiarygodność serwisu i chronić klientów. Przeprowadzamy też okresowe kontrole, aby mieć pewność, że informacje o koncie pozostają aktualne.
 Więcej informacji znajdziesz na stronie Amazon Payments – Umowa Użytkownika Usług Sprzedaży na Amazon .
 Do podjęcia tej decyzji wykorzystaliśmy połączenie zautomatyzowanych środków.
 W jaki sposób mogę podać te informacje?
 Ukończ weryfikację za pośrednictwem panelu Kondycja konta (kliknij „Prześlij do weryfikacji” w sekcji „Działania priorytetowe”) lub strony Informacje o tożsamości . Następnie:
- Wypełnij wszystkie sekcje oznaczone czerwonym kolorem i postępuj zgodnie z instruk",2026-07-27 22:53:45,RETR,xtbBpBl5X2pjP9nmwQAA3T
付款/资金类,last7,account_4,weihaizhongxin2024@126.com,"Fri, 24 Jul 2026 10:18:19 +0000",Amazon Services <donotreply@amazon.com>,Tillhandahåll kundkännedomsverifiering inom 45 dagar för att undvika begränsningar,,"96
 Tillhandahåll kundkännedomsverifiering inom 45 dagar för att undvika begränsningar
 Hej Weihai EU!
 Ditt konto på Amazon.se kräver verifieringsinformation inom 45 dagar från mottagandet av detta e-postmeddelande. Om det inte slutförs kommer ditt konto att inaktiveras och överföringar av medel begränsas.
 Varför händer det här?
 Vi vidtar den här åtgärden eftersom ytterligare verifieringsuppgifter krävs för att fortsätta med verifieringen av ditt konto. Denna verifiering bidrar till att säkerställa marknadsplatsens integritet och skydda kunderna. Vi utför också regelbundna granskningar för att säkerställa att kontoinformationen förblir aktuell.
 Mer information finns i ” Användaravtal för Amazon Payments – Försäljning på Amazon ”.
 Vi har använt oss av olika automatiserade metoder för att fatta det här beslutet.
 Hur tillhandahåller jag mina uppgifter?
 Slutför verifieringen via sidan Kontostatus genom att klicka på ”Skicka verifiering” i avsnittet Prioritetsåtgärder eller via sidan Identitetsinformation och sedan:
- Fyll i alla avsnitt markerade med rött och följ anvisningarna på skärmen
- Klicka på ”Spara”
- Klicka på ”Skicka in för verifiering”
 Obs! Endast användare med behö",2026-07-27 22:53:45,RETR,xtbBsw99Y2pjO+-S6wAA3G
付款/资金类,last7,account_4,weihaizhongxin2024@126.com,"Fri, 24 Jul 2026 10:01:15 +0000",Amazon Services <donotreply@amazon.com>,Completa la verifica entro 45 giorni per evitare restrizioni,,"96
 Completa la verifica entro 45 giorni per evitare restrizioni
 Gentile Weihai EU,
 la procedura di verifica relativa al tuo account Amazon.it deve essere completata entro 45 giorni dalla ricezione di questa e-mail. Se la verifica non viene completata, il tuo account verrà disattivato e i trasferimenti di fondi saranno soggetti a restrizioni.
 Ciò a cosa è dovuto?
 Ti abbiamo inviato questa e-mail perché abbiamo bisogno di ulteriori informazioni per poter completare la verifica del tuo account. Questa verifica ci consente di garantire l'integrità del nostro negozio e di tutelare i clienti. Effettuiamo inoltre verifiche periodiche per garantire che le informazioni sull'account siano aggiornate.
 Per maggiori informazioni sul contratto di utilizzo del servizio Amazon Payments, Vendita su Amazon, consulta questa pagina di aiuto .
 Abbiamo utilizzato una combinazione di mezzi automatizzati per prendere questa decisione.
 Come faccio a fornire le informazioni richieste?
 Completa la verifica tramite la pagina Stato dell'account cliccando su ""Invia per verifica"" nella sezione Azioni prioritarie o tramite la pagina Informazioni di identità , quindi:
- Completa tutte le sezioni evidenzia",2026-07-27 22:53:45,RETR,xtbBshF9Y2pjN-G9rwAA3g
付款/资金类,last7,account_4,weihaizhongxin2024@126.com,"Fri, 24 Jul 2026 09:07:51 +0000",亚马逊开店服务 <donotreply@amazon.com>,请在 45 天内提供“了解您的客户”验证，以避免受到限制,,"96
 请在 45 天内提供“了解您的客户”验证，以避免受到限制
 尊敬的 Weihai EU：
您好！
 您的 Amazon.com 账户要求您在收到此电子邮件后的 45 天内提供验证详情。如果未完成，您的账户将被停用，转账也将受到限制。
 为什么会发生这种情况？
 我们采取此措施是因为，要继续验证您的账户，您需要提供其他验证详情。此验证有助于确保商城诚信并保护买家。我们还会定期审核账户信息，以确保相关信息始终为最新信息。
 要了解更多信息，请参阅“ Amazon Payments -‘我要开店’用户协议 ”。
 我们综合利用多种自动化方式做出这一决定。
 如何提供我的信息？
 在“优先操作”部分中或通过 身份信息 页面点击“提交验证”，通过 账户状况页面 完成验证，然后：
- 完成所有红色突出显示部分，然后按照屏幕上的说明操作
- 点击“保存”
- 点击“提交以进行验证”
 注意： 只有具有“确认/更改账户信息”权限的用户可以提交验证。仅使用拉丁字符输入所有地址。
 如果未提交要求的信息，会怎么样？
 如果您未在 45 天内完成验证，我们将：
- 停售您在 Amazon com 上的所有现有商品
- 阻止创建新商品
- 限制从您的账户转账
 在您完成验证之前，这些限制一直有效。删除商品并不能从您的“账户状况”页面删除此违规行为。
 如果发送有误，该怎么办？
 如果已完成账户验证并收到确认信息，请通过卖家平台的 获取支持 页面提交证据。
 请提供显示以下内容的文档：
- 确认已完成验证
- 完成验证的日期
- 用于确认验证的先前的任何信件
 我们愿意随时为您提供帮助。
 有关常见问题解答，请访问我们的 帮助页面 。
 如果您对此流程有任何疑问或需要帮助，请点击 账户状况页面 上的“联系我们”按钮，联系账户状况专员。
 Amazon Payments
 报告此电子邮件的问题
 如果您有任何问题，请访问: Seller Central
 要更改您的电子邮件首选项，请访问： 通知首选项
 2026 Amazon.com 旗下公司 保留所有权利
 Amazon EU S.à r.l.
38 avenue John F. Kennedy,
L-1855 Luxembourg,
注册于卢森堡，
注册编号 B-101818，
股本 165.833 欧元，
营业执照编号： 134248，
卢森堡增值税注册编号 LU 20260743。
 SPC-EUAmazon-1565706233847234",2026-07-27 22:53:44,RETR,xtbBswlYPmpjK2lYuwAA30
付款/资金类,last7,account_4,weihaizhongxin2024@126.com,"Thu, 23 Jul 2026 14:51:16 +0000",Amazon Services <donotreply@amazon.com>,Twoja płatność jest już w drodze,,"96
Ten tytuł będzie wyświetlany na urządzeniach mobilnych
 Gratulujemy! Twoja płatność jest już w drodze, a środki powinny wkrótce do Ciebie dotrzeć.
 Próba wypłaty środków
Gratulacje, Weihai EU! Twoja płatność jest już w drodze, a środki powinny do Ciebie dotrzeć w terminie od trzech do pięciu dni.
Dnia 07/23/26 14:51 CEST zainicjowaliśmy przelew na kwotę PLN
 82.69 na konto powiązane z Twoją metodą płatności (rachunek bankowy o ostatnich cyfrach 229).
 Jeśli kwota jest mniejsza niż oczekiwana, oto kilka kwestii do wzięcia pod uwagę:
 Czy Twoje saldo jest niedostępne? Amazon może zatrzymać środki na pokrycie ewentualnych kosztów zwrotów towarów, roszczeń i obciążeń zwrotnych od kupujących. W takim przypadku saldo zamknięcia w raporcie płatności pokaże niedostępne saldo na zarezerwowaną w tym celu kwotę.
 Czy Twoja sprzedaż wystarczyła na pokrycie wszystkich opłat i zwrotów w tym okresie rozliczeniowym? Kwota płatności uwzględnia koszt działań sprzedażowych, opłaty za sprzedaż oraz opłaty za promocje i usługi. Aby lepiej zrozumieć wysokość salda zamknięcia, warto przeanalizować raport płatności, który znajdziesz w Seller Central w karcie „Raporty”.
Więcej o raportach płatności w Se",2026-07-27 22:53:42,RETR,xtbBpQnXvWpiKmmbCgAA3c
付款/资金类,last7,account_4,weihaizhongxin2024@126.com,"Thu, 23 Jul 2026 14:00:14 +0000",Amazon Services <donotreply@amazon.com>,Your payment is on the way,,"96
This title will display on mobile devices
 Congratulations! Your payment is on the way and will arrive soon.
 Disbursement attempted
Congratulations Weihai CA! Your payment is on the way and will arrive within three to five days.
On 07/23/26 14:00 EDT, we initiated a transfer to your payment method (bank account ending in 151) in the amount of CAD
 235.13.
 If the amount is less than expected, here are a few questions to consider:
 Do you have an unavailable balance? Amazon might be reserving money to cover potential returns, claims or chargebacks from buyers. If this is the case, the closing balance in your Payment Report will display the unavailable balance that is reserved.
 Did your sales cover all fees and returns for this statement period? The payment amount reflects sales activities, selling fees and fees for promotions or services. We recommend reviewing your Payment Report under the Reports tab in Seller Central to understand your closing balance.
To learn more about Payment Reports in Seller Central, please visit our official course.
We wish you continued success!
Thank you for selling in the Amazon Store,
Amazon Services
Help us improve your payment experience on Amaz",2026-07-27 22:53:40,RETR,xtbBshLWvGpiHnJNRQAA3m
付款/资金类,last7,account_4,weihaizhongxin2024@126.com,"Thu, 23 Jul 2026 12:14:46 +0000",Amazon Accelerate <no-reply@sell.amazon.com>,Getting to Accelerate just got more affordable,,"[Amazon logo](https://go.amazonsellerservices.com/e/229492/2026-07-20/7z4sm1d/6783180395/h/9SAIODqFYxt9XXAbJGvHdl3Qa8teVnFPPUtWgSPQ3R8)
[Partner Connect at Accelerate 2026](https://go.amazonsellerservices.com/e/229492/-medium-email-utm-source-email/7z4sm1h/6783180395/h/9SAIODqFYxt9XXAbJGvHdl3Qa8teVnFPPUtWgSPQ3R8)
We’re making it easier to get here
We know travel can be a big part of the decision to attend a conference. That's why we've secured exclusive discounts to help make your trip to Seattle more affordable.
Register now to lock in the early-bird rate of $499 (standard price: $599) and join us in Seattle from September 22 to 24. Seats are limited, so don’t wait.
[Register now](https://go.amazonsellerservices.com/e/229492/-medium-email-utm-source-email/7z4sm1h/6783180395/h/9SAIODqFYxt9XXAbJGvHdl3Qa8teVnFPPUtWgSPQ3R8)
""Attending Amazon Accelerate for the first time has been an amazing experience! I feel inspired and more confident in my ability to grow my business with Amazon.""
2025 attendee
Save on your flight to Seattle
We’ve partnered with major airlines to offer exclusive discounts on flights to and from Seattle-Tacoma International Airport (SEA).
[A checkmark icon]
Alaska A",2026-07-27 22:53:40,RETR,xtbBpRqiiGpiBbrExAAA3i
付款/资金类,last7,account_4,weihaizhongxin2024@126.com,"Wed, 22 Jul 2026 14:43:36 +0000",Amazon Services <donotreply@amazon.com>,Your payment is on the way,,"96
This title will display on mobile devices
 Congratulations! Your payment is on the way and will arrive soon.
 Disbursement Attempted
Congratulations Weihai EU! Your payment is on the way and will arrive within three to five days.
On 07/22/26 14:43 CEST, we initiated a transfer to your payment method (bank account ending in 229) in the amount of €
 291.50.
 If the amount is less than expected, here are a few questions to consider:
 Do you have an unavailable balance? Amazon might be reserving money to cover potential returns, claims, or chargebacks from buyers. If this is the case, the closing balance in your Payment Report will display the unavailable balance that is reserved.
 Did your sales cover all fees and returns for this statement period? The payment amount reflects sales activities, selling fees, and fees for promotions or services. We recommend reviewing your Payment Report under the Reports tab in Seller Central to understand your closing balance.
To learn more about Payment Reports in Seller Central, please visit our official course.
We wish you continued success!
Thank you for selling in the Amazon store,
Amazon Services
Help us improve your payment experience on Ama",2026-07-27 22:53:35,RETR,xtbBpRqulGpg1xov6AAA3F
付款/资金类,last7,account_4,weihaizhongxin2024@126.com,"Wed, 22 Jul 2026 14:42:48 +0000",Amazon Services <donotreply@amazon.com>,Tu pago está en camino,,"96
This title will display on mobile devices
 ¡Enhorabuena! El pago está de camino y llegará pronto.
 El pago está en camino
Enhorabuena, Weihai EU. Tu pago está en camino y te llegará en un plazo de tres a cinco días.
El 07/22/26 14:42 WEST, iniciamos una transferencia a tu método de pago (cuenta bancaria terminado en 229) por un importe de €
 1.058,86.
 Si el importe es inferior a lo esperado, ten en cuenta las siguientes preguntas:
 ¿Tienes saldo no disponible en tu cuenta de vendedor? Puede que hayamos reservado algo de dinero para posibles devoluciones, reclamaciones o reversiones de cargo de clientes. En este caso, el saldo de cierre de tu informe de pagos te mostrará el saldo no disponible en reserva.
 ¿Cubren tus ventas las tarifas de Amazon y las devoluciones del periodo de liquidación? El importe del pago refleja las ventas que has hecho y las tarifas de venta aplicadas tanto a dichas ventas como a cualquier promoción o servicio que hayas utilizado. Te recomendamos que revises tu informe de pagos en ""Informes"" de Seller Central para conocer el saldo de cierre.
Para más información sobre los informes de pagos en Seller Central, visita nuestro curso oficial.
Te deseamos un ",2026-07-27 22:53:34,RETR,xtbBpAyjiWpg1uwsEwAA3N
付款/资金类,last7,account_4,weihaizhongxin2024@126.com,"Tue, 21 Jul 2026 13:57:14 +0000",Amazon Services <donotreply@amazon.com>,Your payment is on the way,,"96
This title will display on mobile devices
 Congratulations! Your payment is on the way and will arrive soon.
 Disbursement attempted
Congratulations Weihai CA! Your payment is on the way and will arrive within three to five days.
On 07/21/26 13:57 EDT, we initiated a transfer to your payment method (bank account ending in 151) in the amount of CAD
 467.73.
 If the amount is less than expected, here are a few questions to consider:
 Do you have an unavailable balance? Amazon might be reserving money to cover potential returns, claims or chargebacks from buyers. If this is the case, the closing balance in your Payment Report will display the unavailable balance that is reserved.
 Did your sales cover all fees and returns for this statement period? The payment amount reflects sales activities, selling fees and fees for promotions or services. We recommend reviewing your Payment Report under the Reports tab in Seller Central to understand your closing balance.
To learn more about Payment Reports in Seller Central, please visit our official course.
We wish you continued success!
Thank you for selling in the Amazon Store,
Amazon Services
Help us improve your payment experience on Amaz",2026-07-27 22:53:32,RETR,xtbBpRxAJmpferxpsgAA33
产品链接/合规类,last7,account_4,weihaizhongxin2024@126.com,"Fri, 24 Jul 2026 14:11:48 +0000",Amazon Accelerate <no-reply@sell.amazon.com>,You asked for smarter AI tools. We're delivering at Accelerate 2026,,"[Amazon logo](https://go.amazonsellerservices.com/e/229492/2026-07-22/7z4t8v9/6787753082/h/IGusOwCMHYF897jTLiEldN8I_908U5ToWDqeOf0umps)
[Partner Connect at Accelerate 2026](https://go.amazonsellerservices.com/e/229492/-medium-email-utm-source-email/7z4t8vd/6787753082/h/IGusOwCMHYF897jTLiEldN8I_908U5ToWDqeOf0umps)
The AI edge your next growth phase needs
You've told us what you want: AI tools that are smarter, faster, and built around the way you actually work. Tools that help you grow without getting in the way. We've been listening, and we've been building.
We're putting the teams behind these tools on stage so you can see what's changing, ask questions directly, and walk away with practical ways to use AI in your business today.
Join us at Amazon Accelerate 2026 from September 22 to 24 in Seattle. Save $100 with early-bird pricing.
[Register now](https://go.amazonsellerservices.com/e/229492/-medium-email-utm-source-email/7z4t8vd/6787753082/h/IGusOwCMHYF897jTLiEldN8I_908U5ToWDqeOf0umps)
Recommended sessions:
[A checkmark icon]
Decoding Account Deactivation: Respond, Appeal, & Get Reinstated
Most sellers don't fully understand the account deactivation process until they're in the m",2026-07-27 22:53:48,RETR,xtbBsgk6IGpjcqn+fQAA3w
产品链接/合规类,last7,account_4,weihaizhongxin2024@126.com,"Thu, 23 Jul 2026 23:12:37 +0000",Amazon Services <donotreply@amazon.com>,Submit product safety documentation to avoid listing deactivation,,"96
 Hello Weihai EU,
 Some of your listings are at risk of deactivation due to missing mandatory compliance requirements for your products. Review the details and next steps below. The affected listings are shown at the end of this email.
 Why is this happening?
 We are taking this action because these products are missing mandatory compliance information. Review our Product safety and compliance help page for information on applicable laws, regulations and Amazon policies.
 The table at the end of this email provides product-specific compliance requirements.
 How do I reactivate my listing?
 To provide the required compliance information, go to your Account Health page and locate the product compliance requests:
-
 If you have the required documentation, follow the instructions to submit your compliance documents.
-
 If you believe that your products are exempt from these requirements, submit documentation demonstrating why they are not subject to these compliance requirements.
 For step-by-step instructions, see our Submit compliance documents or appeal a documentation request help page.
 To avoid further impact on your account, close or delete any non-compliant listings that you",2026-07-27 22:53:43,RETR,xtbBpQhVO2pin+gTZQAA3K
产品链接/合规类,last7,account_4,weihaizhongxin2024@126.com,"Thu, 23 Jul 2026 12:38:11 +0000",Fulfilment by Amazon Operations <fba-noreply@amazon.lu>,Your Amazon-Fulfilled Inventory - Action Required,,"Dear Seller,
You recently received a notice concerning the removal of your listing(s) for the product(s) below due to a safety recall.
Please create a removal request for the ASIN(s) listed below to have your inventory sent to a location of your choice. If this inventory is not removed within 30 days of this notification (by 21/08/2026), we shall dispose of it in accordance with our FBA policies.
For more information regarding the removal of this product, see the notification e-mail you received from our Seller Performance Team.
Thank you for your prompt attention to this matter.
Yours faithfully,
Fulfilment by Amazon Team
Please note: this e-mail was sent from a notification-only address that cannot accept incoming e-mail. Please do not reply to this message.
Affected Product(s):
B0F13M1H6F
 SPC-EUAmazon-598136002676202",2026-07-27 22:53:40,RETR,xtbBshYD6GpiCzbfwgAA3n
产品链接/合规类,last7,account_4,weihaizhongxin2024@126.com,"Thu, 23 Jul 2026 09:21:24 +0000",Amazon Seller Support <merch.service05@amazon.co.uk>,RE:[CASE 13075958512] 【需立即行动】请通过亚马逊认可的TIC服务商完成儿童玩具合规,,"96
RE:[CASE 13075958512] 【需立即行动】请通过亚马逊认可的TIC服务商完成儿童玩具合规
尊敬的卖家，您好
：_x000D_
_x000D_
如果您要在亚马逊商城发布商品，则必须遵守与这些商品和商品信息相关的所有适用法律、法规、标准以及亚马逊的政策（包括本政策）。亚马逊要求您在【英国，德国，法国，意大利，西班牙，瑞典，波兰，荷兰，比利时】销售的所有【儿童玩具】需经过【亚马逊认可的第三方检测、检验和认证 (TIC) 服务提供商】完成检测验证并符合下列法规、标准和要求： _x000D_
_x000D_
【法规标准是什么？】_x000D_
儿童玩具：EN 71 (玩具安全 )_x000D_
电动儿童玩具：EN 71(玩具安全 ) 以及EN 62115（电动玩具安全）_x000D_
_x000D_
【商品详情页面要求】_x000D_
1.商品信息：型号、部件编号或商品编号、制造商或品牌名称、强制性警告声明、制造商建议的最低使用年龄（以月为单位）或制造商最低年龄（以月为单位）。_x000D_
2.图片要求：型号、部件编号或商品编号、制造商、进口商或私有品牌商、分销商或授权代表的名称和地址 、商品标签、合规标志、商品说明书与手册、CE标志。 _x000D_
_x000D_
【如何完成合规?】
1.您必须与第三方检测、检验和认证服务提供商合作，对收到通知的所有 ASIN 进行商品检测或验证现有的检测文件。请按照以下步骤操作：
1) 前往【绩效】-【账户状况】-【政策合规性】，点击【食品和商品安全问题】。
2) 在【后续步骤】列下，针对需操作的商品点击【提交】-【验证您的商品】。
3) 从清单中选择第三方检测提供商（如需比价，可先查看【从多个提供商获取报价的说明】后再返回选择），点击继续。
4) 确认详细联系信息，点击【确认并继续】。
5) 复制生成的检测申请表编号，提供给所选提供商完成检测。
如果验证现有文件，您必须将由 ISO 17025 认证实验室在过去 12 个月内出具的检测报告提交至检测、检验和认证服务提供商。
【重要提醒】_x000D_
为确保及时完成合规验证，请在截止日期之前完成TRF的创建，并确保TRF状态更新为【正在验证】或【已通过】_x000D_
如何查看TRF状态：在绩效 > 账户状况 > 食品和商品安全问题找到ASIN，点击右方“提交，查看或更新” > “验证您的商品”_x000D_
• 受影响的ASIN将陆续显示在【食品和商品安全问题】页面中，请保持密切关注。建议您提前通过“第三方检测、检验和认证服务”帮助页面联系亚马逊认可的TIC服务提供商，以便及时推进合规流程。_x000D_
_x000D_
【了解更多】_x000D_
儿童玩具帮助页面: https://sellercentral.amazon.de/help/hub/r",2026-07-27 22:53:39,RETR,xtbBpBhwVmph3RjCaAAA3+
产品链接/合规类,last7,account_4,weihaizhongxin2024@126.com,"Wed, 22 Jul 2026 23:10:13 +0000",Amazon Services <donotreply@amazon.com>,Submit product safety documentation to avoid listing deactivation,,"96
 Hello Weihai EU,
 Some of your listings are at risk of deactivation due to missing mandatory compliance requirements for your products. Review the details and next steps below. The affected listings are shown at the end of this email.
 Why is this happening?
 We are taking this action because these products are missing mandatory compliance information. Review our Product safety and compliance help page for information on applicable laws, regulations and Amazon policies.
 The table at the end of this email provides product-specific compliance requirements.
 How do I reactivate my listing?
 To provide the required compliance information, go to your Account Health page and locate the product compliance requests:
-
 If you have the required documentation, follow the instructions to submit your compliance documents.
-
 If you believe that your products are exempt from these requirements, submit documentation demonstrating why they are not subject to these compliance requirements.
 For step-by-step instructions, see our Submit compliance documents or appeal a documentation request help page.
 To avoid further impact on your account, close or delete any non-compliant listings that you",2026-07-27 22:53:38,RETR,xtbBshZ7YWphTdYY-AAA3K
产品链接/合规类,last7,account_4,weihaizhongxin2024@126.com,"Wed, 22 Jul 2026 19:11:54 +0000",Amazon Services <donotreply@amazon.com>,Submit product safety documentation to reactivate listings,,"96
 Submit product safety documentation to reactivate listings
 Hello Weihai EU,
 Some of your listings have been deactivated due to missing mandatory compliance requirements for your products. Review the details and next steps below. The affected listings are shown at the end of this email.
 Why is this happening?
 We are taking this action because these products are missing mandatory compliance information. Review our Product safety and compliance help page for information on applicable laws, regulations, and Amazon policies. We leveraged a combination of automated means and expert human review to identify this issue and make this decision.
 The table at the end of this email provides product-specific compliance requirements.
 How do I reactivate my listings?
 To provide the required compliance information, go to your Account Health page and locate the product compliance requests:
-
 If you have the required documentation, follow the instructions to submit your compliance documents. We will only reinstate products that fulfill the compliance requirements.
-
 If you believe your products are exempt from these requirements, submit documentation demonstrating why they are not subjec",2026-07-27 22:53:36,RETR,xtbBpR13XWphFf1KYgAA3Z
产品链接/合规类,last7,account_4,weihaizhongxin2024@126.com,"Wed, 22 Jul 2026 19:09:21 +0000",Amazon Services <donotreply@amazon.com>,Submit product safety documentation to reactivate listings,,"96
 Submit product safety documentation to reactivate listings
 Hello Weihai EU,
 Some of your listings have been deactivated due to missing mandatory compliance requirements for your products. Review the details and next steps below. The affected listings are shown at the end of this email.
 Why is this happening?
 We are taking this action because these products are missing mandatory compliance information. Review our Product safety and compliance help page for information on applicable laws, regulations and Amazon policies. We leveraged a combination of automated means and expert human review to identify this issue and make this decision.
 The table at the end of this email provides product-specific compliance requirements.
 How do I reactivate my listing?
 To provide the required compliance information, go to your Account Health page and locate the product compliance requests:
-
 If you have the required documentation, follow the instructions to submit your compliance documents. We will only reinstate products that fulfil the compliance requirements.
-
 If you believe that your products are exempt from these requirements, submit documentation demonstrating why they are not subj",2026-07-27 22:53:36,RETR,xtbBswRRN2phFWROFgAA3z
产品链接/合规类,last7,account_4,weihaizhongxin2024@126.com,"Tue, 21 Jul 2026 12:36:12 +0000",Fulfilment by Amazon Operations <fba-noreply@amazon.lu>,Your Amazon-Fulfilled Inventory - Action Required,,"Dear Seller,
You recently received a notice concerning the removal of your listing(s) for the product(s) below due to a safety recall.
Please create a removal request for the ASIN(s) listed below to have your inventory sent to a location of your choice. If this inventory is not removed within 30 days of this notification (by 19/08/2026), we shall dispose of it in accordance with our FBA policies.
For more information regarding the removal of this product, see the notification e-mail you received from our Seller Performance Team.
Thank you for your prompt attention to this matter.
Yours faithfully,
Fulfilment by Amazon Team
Please note: this e-mail was sent from a notification-only address that cannot accept incoming e-mail. Please do not reply to this message.
Affected Product(s):
B0F23SWF2P
 SPC-EUAmazon-1073125022066229",2026-07-27 22:53:32,RETR,xtbBsx97YWpfZ78FrwAA3x
法务/侵权类,last7,account_4,weihaizhongxin2024@126.com,"Thu, 23 Jul 2026 14:31:45 +0000",Amazon Services <donotreply@amazon.com>,Pagamento elaborato con successo,,"96
This title will display on mobile devices
 Congratulazioni. Il pagamento è stato elaborato con successo e ti sarà accreditato a breve.
 Tentativo di pagamento
Congratulazioni Weihai EU! Il pagamento è stato elaborato con successo e ti sarà accreditato nel giro di da tre a cinque giorni.
In data 07/23/26 14:31 CEST, abbiamo avviato un trasferimento sul tuo metodo di pagamento (conto bancario che termina con 229) dell’importo di €
 5,84.
 Se l’importo è inferiore a quanto atteso, tieni in considerazione le seguenti domande:
 Hai un saldo non disponibile? Amazon potrebbe trattenere una certa somma per coprire i costi di eventuali resi, reclami o contestazioni di una transazione (chargeback) da parte degli acquirenti. In questo caso, il saldo finale nel tuo report sui pagamenti mostrerà il saldo non disponibile corrispondente alla cifra trattenuta.
 Le tue vendite coprono tutte le commissioni e i resi per questo ciclo di fatturazione? L’importo del pagamento rispecchia le attività di vendita, le commissioni di vendita e le tariffe per promozioni o servizi. Ti consigliamo di rivedere il report sui pagamenti nella scheda Report di Seller Central per comprendere le diverse spese che po",2026-07-27 22:53:41,RETR,xtbBpBWxl2piJdV98gAA3g
法务/侵权类,last7,account_4,weihaizhongxin2024@126.com,"Thu, 23 Jul 2026 14:28:11 +0000",Amazon Seller Newsletter <donotreply@amazon.com>,Seller News: July 2026,,"Seller News: July 2026
 96
 Updates to Holiday 2026 and Prime Big Deal Days, Seller Central Passkeys, Featured Offer eligibility, and more.
                                                     ‍͏  ͏  ‍͏  ͏  ‍͏  ͏  ‍͏  ͏  ‍͏  ͏  ‍͏  ͏  ‍͏  ͏  ‍͏  ͏  ‍͏  ͏  ‍͏  ͏  ‍͏  ͏  ‍͏  ͏  ‍͏  ͏  ‍͏  ͏  ‍͏  ͏  ‍͏  ͏  ‍͏  ͏  ‍͏  ͏  ‍͏  ͏  ‍͏  ͏  ‍͏  ͏  ‍͏  ͏  ‍͏  ͏  ‍͏  ͏  ‍͏  ͏  ‍͏  ͏  ‍͏  ͏  ‍͏  ͏  ‍͏  ͏  ‍͏  ͏  ‍͏  ͏  ‍͏  ͏  ‍͏  ͏  ‍͏  ͏  ‍͏  ͏  ‍͏  ͏  ‍͏  ͏  ‍͏  ͏  ‍͏  ͏ ͏‌ ­ ­ ­ ­ ͏‌ ­ ­ ­ ­ ͏‌ ­ ­ ­ ­ ͏‌ ­ ­ ­ ­ ͏‌ ­ ­ ­ ­ ͏‌ ­ ­ ­ ­ ͏‌ ­ ­ ­ ­ ͏‌ ­ ­ ­ ­ ͏‌ ­ ­ ­ ­ ͏‌ ­ ­ ­ ­ ͏‌ ­ ­ ­ ­ ͏‌ ­ ­ ­ ­ ͏‌ ­ ­ ­ ­ ͏‌ ­ ­ ­ ­ ͏‌ ­ ­ ­ ­ ͏‌ ­ ­ ­ ­ ͏‌ ­ ­ ­ ­ ͏‌ ­ ­ ­ ­ ͏‌ ­ ­ ­ ­ ͏‌ ­ ­ ­ ­ ͏‌ ­ ­ ­ ­ ͏‌ ­ ­ ­ ­ ͏‌ ­ ­ ­ ­ ͏‌ ­ ­ ­ ­ ͏‌ ­ ­ ­ ­ ͏‌ ­ ­ ­ ­ ͏‌ ­ ­ ­ ­ ͏‌ ­ ­ ­ ­ ͏‌ ­ ­ ­ ­ ͏‌ ­ ­ ­ ­ ͏‌ ­ ­ ­ ­ ͏‌ ­ ­ ­ ­ ͏‌ ­ ­ ­ ­ ͏‌ ­ ­ ­ ­ ͏‌ ­ ­ ­ ­ ͏‌ ­ ­ ­ ­ ͏‌ ­ ­ ­ ­ ͏‌ ­ ­ ­ ­ ͏‌ ­ ­ ­ ­ ͏‌ ­ ­ ­ ­ ͏‌ ­ ­ ­ ­ ͏‌ ­ ­ ­ ­ ͏‌ ­ ­ ­ ­ ͏‌ ­ ­ ­ ­ ͏‌ ­ ­ ­ ­ ͏‌ ­ ­ ­ ­ ͏‌ ­ ­ ­ ­ ͏‌ ­ ­ ­ ­ ͏‌ ­ ­ ­ ­ ͏‌ ­ ­ ­ ­ ͏‌ ­ ­ ­ ­ ͏‌ ­ ­ ­ ­ ͏‌ ­ ­ ­ ­ ͏‌ ­ ­ ­ ­ ͏‌ ­ ­ ­ ­ ͏‌ ­ ­ ­ ­ ͏‌ ­ ­ ­ ­ ͏‌ ­ ­ ­ ­ ͏‌ ­ ­ ­ ­ ͏‌ ­ ­ ­ ­ ͏‌ ­ ­ ­ ­ ͏‌ ­ ­ ­ ­ ͏‌ ­ ­ ­ ­ ͏‌ ­ ­ ­ ­ ͏‌ ­ ­ ­ ­
 Our Seller Newslett",2026-07-27 22:53:41,RETR,xtbBpB97YWpiJP94yAAA3C
法务/侵权类,last7,account_4,weihaizhongxin2024@126.com,"Thu, 23 Jul 2026 08:09:30 +0000",Amazon Europe <donotreply@amazon.com>,Seller News: July 2026,,"Seller News: July 2026
 96
 Learn more about new customs requirements for EU imports, Featured Offer eligibility updates, expanding promotions to multiple EU stores and more.
                                                     ‍͏  ͏  ‍͏  ͏  ‍͏  ͏  ‍͏  ͏  ‍͏  ͏  ‍͏  ͏  ‍͏  ͏  ‍͏  ͏  ‍͏  ͏  ‍͏  ͏  ‍͏  ͏  ‍͏  ͏  ‍͏  ͏  ‍͏  ͏  ‍͏  ͏  ‍͏  ͏  ‍͏  ͏  ‍͏  ͏  ‍͏  ͏  ‍͏  ͏  ‍͏  ͏  ‍͏  ͏  ‍͏  ͏  ‍͏  ͏  ‍͏  ͏  ‍͏  ͏  ‍͏  ͏  ‍͏  ͏  ‍͏  ͏  ‍͏  ͏  ‍͏  ͏  ‍͏  ͏  ‍͏  ͏  ‍͏  ͏  ‍͏  ͏  ‍͏  ͏  ‍͏  ͏  ‍͏  ͏  ‍͏  ͏ ͏‌ ­ ­ ­ ­ ͏‌ ­ ­ ­ ­ ͏‌ ­ ­ ­ ­ ͏‌ ­ ­ ­ ­ ͏‌ ­ ­ ­ ­ ͏‌ ­ ­ ­ ­ ͏‌ ­ ­ ­ ­ ͏‌ ­ ­ ­ ­ ͏‌ ­ ­ ­ ­ ͏‌ ­ ­ ­ ­ ͏‌ ­ ­ ­ ­ ͏‌ ­ ­ ­ ­ ͏‌ ­ ­ ­ ­ ͏‌ ­ ­ ­ ­ ͏‌ ­ ­ ­ ­ ͏‌ ­ ­ ­ ­ ͏‌ ­ ­ ­ ­ ͏‌ ­ ­ ­ ­ ͏‌ ­ ­ ­ ­ ͏‌ ­ ­ ­ ­ ͏‌ ­ ­ ­ ­ ͏‌ ­ ­ ­ ­ ͏‌ ­ ­ ­ ­ ͏‌ ­ ­ ­ ­ ͏‌ ­ ­ ­ ­ ͏‌ ­ ­ ­ ­ ͏‌ ­ ­ ­ ­ ͏‌ ­ ­ ­ ­ ͏‌ ­ ­ ­ ­ ͏‌ ­ ­ ­ ­ ͏‌ ­ ­ ­ ­ ͏‌ ­ ­ ­ ­ ͏‌ ­ ­ ­ ­ ͏‌ ­ ­ ­ ­ ͏‌ ­ ­ ­ ­ ͏‌ ­ ­ ­ ­ ͏‌ ­ ­ ­ ­ ͏‌ ­ ­ ­ ­ ͏‌ ­ ­ ­ ­ ͏‌ ­ ­ ­ ­ ͏‌ ­ ­ ­ ­ ͏‌ ­ ­ ­ ­ ͏‌ ­ ­ ­ ­ ͏‌ ­ ­ ­ ­ ͏‌ ­ ­ ­ ­ ͏‌ ­ ­ ­ ­ ͏‌ ­ ­ ­ ­ ͏‌ ­ ­ ­ ­ ͏‌ ­ ­ ­ ­ ͏‌ ­ ­ ­ ­ ͏‌ ­ ­ ­ ­ ͏‌ ­ ­ ­ ­ ͏‌ ­ ­ ­ ­ ͏‌ ­ ­ ­ ­ ͏‌ ­ ­ ­ ­ ͏‌ ­ ­ ­ ­ ͏‌ ­ ­ ­ ­ ͏‌ ­ ­ ­ ­ ͏‌ ­ ­ ­ ­ ͏‌ ­ ­ ­ ­ ͏‌ ­ ­ ­ ­ ͏‌ ­ ­ ­ ­ ͏‌ ­ ­ ­ ­ ͏‌ ­ ­ ",2026-07-27 22:53:39,RETR,xtbBpR01G2phzD0xkQAA3M
法务/侵权类,last7,account_4,weihaizhongxin2024@126.com,"Wed, 22 Jul 2026 19:14:46 +0000",Amazon Services <donotreply@amazon.com>,Presenta la documentación sobre seguridad del producto para reactivar los listings,,"96
 Presenta la documentación sobre seguridad del producto para reactivar los listings
 Hola, Weihai EU:
 Algunos de tus listings se han desactivado debido a que tus productos no cumplen los requisitos obligatorios. Revisa a continuación los detalles y siguientes pasos. Los listings afectados aparecen al final de este correo electrónico.
 ¿A qué se debe esto?
 Tomamos esta medida porque a estos productos les falta información de cumplimiento normativo obligatoria. Para más información sobre las leyes, normativas y políticas de Amazon aplicables, consulta Cumplimiento y seguridad de los productos . Hemos usado una combinación de medios automatizados y revisión humana experta para identificar la incidencia y tomar una decisión.
 En la tabla que aparece al final de este correo electrónico se proporcionan los requisitos de cumplimiento normativo específicos del producto.
 ¿Cómo puedo reactivar mis listings?
 Para proporcionar la información de cumplimiento normativo obligatoria, ve a la página Estado de la cuenta y localiza las solicitudes de cumplimiento normativo del producto:
-
 Si dispones de la documentación obligatoria, sigue las instrucciones para presentar los documentos de cum",2026-07-27 22:53:37,RETR,xtbBsgmiiGphFqlV7QAA3d
法务/侵权类,last7,account_4,weihaizhongxin2024@126.com,"Wed, 22 Jul 2026 19:13:33 +0000",Amazon Services <donotreply@amazon.com>,"Dien productveiligheidsdocumentatie in om productvermeldingen
 opnieuw te activeren",,"96
 Dien productveiligheidsdocumentatie in om productvermeldingen opnieuw te activeren
 Hallo Weihai EU,
 Sommige van je productvermeldingen zijn gedeactiveerd omdat er verplichte nalevingsvereisten voor je producten ontbreken. Bekijk de gegevens en de stappen hieronder. De betreffende productvermeldingen worden aan het einde van deze e-mail weergegeven.
 Waarom gebeurt dit?
 We hebben deze actie ondernomen omdat voor deze producten verplichte nalevingsinformatie ontbreekt. Raadpleeg onze hulp-pagina Productveiligheid en -conformiteit voor informatie over de toepasselijke wet- en regelgeving en het Amazon-beleid. We hebben gebruikgemaakt van een combinatie van geautomatiseerde middelen en deskundige menselijke beoordeling om dit probleem te identificeren en deze beslissing te nemen.
 De tabel aan het einde van deze e-mail bevat productspecifieke nalevingsvereisten.
 Hoe activeer ik mijn productvermeldingen opnieuw?
 Als je de vereiste nalevingsgegevens wilt verstrekken, ga je naar de pagina Accountstatus en zoek je de aanvragen voor productconformiteit:
-
 Als je over de vereiste documentatie beschikt, volg je de instructies om je nalevingsdocumenten in te dienen. We zullen alleen ",2026-07-27 22:53:37,RETR,xtbBpACQdmphFmBG4AAA3Z
法务/侵权类,last7,account_4,weihaizhongxin2024@126.com,"Wed, 22 Jul 2026 19:11:38 +0000",Amazon Services <donotreply@amazon.com>,Przesyłanie dokumentacji dotyczącej bezpieczeństwa produktu w celu ponownego aktywowania ofert,,"96
 Przesyłanie dokumentacji dotyczącej bezpieczeństwa produktu w celu ponownego aktywowania ofert
 Dzień dobry Weihai EU,
 niektóre z Twoich ofert zostały zdezaktywowane z powodu niespełnienia obowiązków dotyczących zgodności wystawianych przez Ciebie produktów z wymogami. Poniżej znajdziesz szczegółowe informacje oraz dalsze instrukcje. Oferty produktów, których dotyczy problem, wskazano na końcu niniejszej wiadomości e-mail.
 Dlaczego tak się stało?
 Podjęliśmy to działanie, ponieważ w przypadku tych produktów nie dostarczono obowiązkowych informacji dotyczących zgodności z wymogami. Więcej informacji na temat mających zastosowanie przepisów ustawowych i wykonawczych oraz zasad Amazon znajdziesz na stronie Bezpieczeństwo i zgodność produktu z wymogami . Do identyfikacji problemu i podjęcia decyzji wykorzystaliśmy zautomatyzowane narzędzia, a otrzymane za ich pomocą wyniki poddaliśmy weryfikacji przez eksperta.
 Informacje na temat wymogów dotyczących zgodności dla poszczególnych produktów znajdziesz w tabeli na końcu tej wiadomości e-mail.
 Jak mogę ponownie aktywować oferty?
 Aby dostarczyć niezbędne informacje dotyczące zgodności z wymogami, przejdź do panelu Kondycja konta i ",2026-07-27 22:53:36,RETR,xtbBsg5zWWphFe5TWQAA3s
法务/侵权类,last7,account_4,weihaizhongxin2024@126.com,"Wed, 22 Jul 2026 19:11:18 +0000",Amazon Services <donotreply@amazon.com>,Skicka in produktsäkerhetsdokumentation för att återaktivera produktposter,,"96
 Skicka in produktsäkerhetsdokumentation för att återaktivera produktposter
 Hej Weihai EU!
 Vissa av dina produktposter har inaktiverats på grund av att det saknas obligatorisk överensstämmelse för dina produkter. Granska informationen och följande steg nedan. De berörda produktposterna visas i slutet av det här e-postmeddelandet.
 Varför händer det här?
 Vi vidtar den här åtgärden eftersom det saknas obligatorisk information om överensstämmelse för de här produkterna. Läs vår hjälpsida för Produktsäkerhet och -överensstämmelse för information om tillämpliga lagar, förordningar och Amazons policyer. Vi har använt oss av både automatiserade metoder och mänskliga expertgranskare för att identifiera problemet och fatta det här beslutet.
 Tabellen i slutet av detta e-postmeddelande innehåller produktspecifika krav för överensstämmelse.
 Hur återaktiverar jag mina produktposter?
 Om du vill tillhandahålla den begärda överensstämmelseinformationen går du till sidan Kontostatus och letar upp begäranden om produktöverensstämmelse:
-
 Om du har den obligatoriska dokumentationen ska du skicka in dina överensstämmelsedokument enligt instruktionerna. Vi återaktiverar endast produkter som u",2026-07-27 22:53:36,RETR,xtbBsxhuVGphFdhP2gAA3C
法务/侵权类,last7,account_4,weihaizhongxin2024@126.com,"Wed, 22 Jul 2026 19:09:21 +0000",Amazon Services <donotreply@amazon.com>,"Invia la documentazione sulla sicurezza del prodotto per riattivare
 le offerte",,"96
 Invia la documentazione sulla sicurezza del prodotto per riattivare le offerte
 Gentile Weihai EU,
 Alcune delle tue offerte sono state disattivate a causa della mancanza di alcuni requisiti di conformità obbligatori per i tuoi prodotti. Rivedi i dettagli e i passi successivi riportati di seguito. Puoi visualizzare le offerte interessate in fondo a questa e-mail.
 Ciò a cosa è dovuto?
 Abbiamo intrapreso questo provvedimento in quanto i tuoi prodotti non dispongono delle informazioni obbligatorie sulla conformità. Consulta la pagina di aiuto Sicurezza e conformità dei prodotti per informazioni sulle leggi, le normative e le politiche di Amazon applicabili. Questa decisione è stata presa sulla base dei risultati di un'analisi effettuata in parte tramite revisione umana e in parte per mezzo di sistemi automatizzati.
 La tabella alla fine di questa e-mail contiene i requisiti di conformità specifici per i prodotti.
 Come faccio a riattivare le mie offerte?
 Per fornire le informazioni di conformità richieste, vai alla pagina Stato dell'account per individuare le richieste di conformità dei prodotti:
-
 Se disponi della documentazione richiesta, segui le istruzioni per inviare i do",2026-07-27 22:53:35,RETR,xtbBpANQNmphFWNDLwAA3Q
法务/侵权类,last7,account_4,weihaizhongxin2024@126.com,"Wed, 22 Jul 2026 19:08:32 +0000",Amazon Services <donotreply@amazon.com>,Soumettre la documentation de sécurité des produits pour réactiver les mises en vente,,"96
 Soumettre la documentation de sécurité des produits pour réactiver les mises en vente
 Bonjour Weihai EU,
 Certaines de vos mises en vente ont été désactivées, car vos produits ne respectaient pas des exigences de conformité obligatoires. Consultez les détails et les étapes suivantes ci-dessous. Les produits mis en vente concernés figurent à la fin de cet e-mail.
 Pourquoi cela se produit-il ?
 Nous prenons cette mesure, car ces produits ne présentent pas les informations de conformité obligatoires. Consultez notre page d’aide Sécurité et conformité des produits pour obtenir des informations sur les lois, réglementations et politiques Amazon applicables. Nous nous sommes appuyés sur une combinaison de moyens automatisés et de contrôles menés par des personnes expérimentées pour identifier ce problème et prendre cette décision.
 Le tableau situé à la fin de cet e-mail présente les exigences de conformité spécifiques aux produits.
 Comment réactiver mes produits mis en vente ?
 Pour fournir les informations de conformité requises, accédez à la page État du compte et localisez les demandes de conformité des produits :
-
 Si vous disposez des documents requis, suivez les instructio",2026-07-27 22:53:35,RETR,xtbBsxRFK2phFTRNewAA3V
货件/库存类,last7,account_4,weihaizhongxin2024@126.com,"Sat, 25 Jul 2026 04:55:01 +0000",Fulfilment by Amazon <donotreply@amazon.com>,Disposal order created for unsellable FBA inventory,,"96
Automated Removals of Unfulfillable Inventory
 Final notice: Disposal order for your unfulfillable FBA inventory
 Final notice: Disposal order for your unfulfillable FBA inventory
 Hello,
You have unfulfillable inventory that has been in a fulfilment centre for more than 14 days. We have created a disposal order for these items.
 Why is this happening?
This action is required because these unfulfillable items have remained in our fulfilment centres for more than 14 days after notification. According to our FBA Required Removals policy, cancelling a required removal order is not permitted. To learn more, visit our FBA Required Removals policy .
 Removal order ID:
- ckaicj9NPD
 Unsellable Products:
- FNSKU: B0DRC8LPGS Quantity: 1
 For more information about the disposal order process, see Remove inventory from a fulfilment centre .
 To monitor your unfulfillable inventory, see the Manage FBA Inventory for total unsellable quantities or the Recommended Removal report for unsellable and aged inventory details.
 The Fulfilment by Amazon Team
 Report an issue with this email
 If you have any questions visit: Seller Central
 To change your email preferences visit: Notification Preferen",2026-07-27 22:53:51,RETR,xtbBsgguFGpkQai4RgAA3Z
货件/库存类,last7,account_4,weihaizhongxin2024@126.com,"Sat, 25 Jul 2026 04:23:46 +0000",Fulfilment by Amazon <donotreply@amazon.com>,Disposal order created for unsellable FBA inventory,,"96
Automated Removals of Unfulfillable Inventory
 Final notice: Disposal order for your unfulfillable FBA inventory
 Final notice: Disposal order for your unfulfillable FBA inventory
 Hello,
You have unfulfillable inventory that has been in a fulfilment centre for more than 14 days. We have created a disposal order for these items.
 Why is this happening?
This action is required because these unfulfillable items have remained in our fulfilment centres for more than 14 days after notification. According to our FBA Required Removals policy, cancelling a required removal order is not permitted. To learn more, visit our FBA Required Removals policy .
 Removal order ID:
- 3rwPw0NlBZ
 Unsellable Products:
- FNSKU: B0DRCB74YN Quantity: 5
- FNSKU: B0DRCF83VZ Quantity: 4
- FNSKU: X002A05YW5 Quantity: 1
 For more information about the disposal order process, see Remove inventory from a fulfilment centre .
 To monitor your unfulfillable inventory, see the Manage FBA Inventory for total unsellable quantities or the Recommended Removal report for unsellable and aged inventory details.
 The Fulfilment by Amazon Team
 Report an issue with this email
 If you have any questions visit: Seller Centra",2026-07-27 22:53:50,RETR,xtbBshZXPWpkOlaamgAA3s
货件/库存类,last7,account_4,weihaizhongxin2024@126.com,"Sat, 25 Jul 2026 04:07:00 +0000",Fulfilment by Amazon <donotreply@amazon.com>,Create FBA removal order by 2026-08-06,,"96
Automated removals of unfulfillable inventory
 Required removals: First notification
 Required removals: First notification
 Hello,
Your FBA inventory listed below became unsellable in the past seven days. You must create a removal order by 2026-08-06 or these items will be disposed of. Removal fees will apply. Review the affected items and next steps below.
Unsellable products:
- FNSKU: B0DRCF83VZ Quantity: 1
- FNSKU: X002A02JJ1 Quantity: 1
 Why is this happening?
This action is required because these items are no longer in sellable condition in our fulfilment centres. According to our FBA Required Removals policy, all unsuitable units must be removed within 14 days of notification. To learn more, go to our FBA Required Removals policy .
We leveraged a combination of automated means to identify this issue and make this decision.
 How do I address this?
Follow these steps to manage your unsellable inventory:
- Check your complete list and quantity of unsellable items in the Manage FBA inventory .
- Create a removal order (removal fees apply) by following the instructions in Remove inventory overview .
 To avoid future manual inventory removal orders, set up Automated Unfulfillab",2026-07-27 22:53:50,RETR,xtbBpQhbQWpkNmiBxwAA3h
货件/库存类,last7,account_4,weihaizhongxin2024@126.com,"Sat, 25 Jul 2026 03:44:53 +0000",Fulfilment by Amazon <donotreply@amazon.com>,Create FBA removal order by 2026-08-06,,"96
Automated removals of unfulfillable inventory
 Required removals: First notification
 Required removals: First notification
 Hello,
Your FBA inventory listed below became unsellable in the past seven days. You must create a removal order by 2026-08-06 or these items will be disposed of. Removal fees will apply. Review the affected items and next steps below.
Unsellable products:
- FNSKU: B0DRC8LPGS Quantity: 1
- FNSKU: B0DRCB74YN Quantity: 1
- FNSKU: B0DRCF83VZ Quantity: 10
- FNSKU: B0DRCHK71H Quantity: 1
- FNSKU: X0023C0TBV Quantity: 1
 Why is this happening?
This action is required because these items are no longer in sellable condition in our fulfilment centres. According to our FBA Required Removals policy, all unsuitable units must be removed within 14 days of notification. To learn more, go to our FBA Required Removals policy .
We leveraged a combination of automated means to identify this issue and make this decision.
 How do I address this?
Follow these steps to manage your unsellable inventory:
- Check your complete list and quantity of unsellable items in the Manage FBA inventory .
- Create a removal order (removal fees apply) by following the instructions in Remove in",2026-07-27 22:53:50,RETR,xtbBshsO82pkMTtvvgAA3B
其他风险类,last7,account_4,weihaizhongxin2024@126.com,"Thu, 23 Jul 2026 17:52:32 +0000",Amazon Services <donotreply@amazon.com>,"Get faster, personalized support with Seller Assistant",,"96
 When you click Get help and resources, you’ll be directed to Seller Assistant, our AI-powered assistant.
 Hello,
Today, I want to share an important update on how we support you in Seller Central that’s designed to help you resolve issues faster. The Get help and resources page is becoming Seller Assistant , our AI-powered assistant for sellers.
 Here's what you can expect:
- We fix issues on the spot. Seller Assistant uses your account details and the information you provide to resolve common issues right away. In beta, many of these issues were resolved in seconds instead of requiring a support case.
- When you need a person, you get a person. Seller Assistant collects the details up front, assembles your case, and hands it off to an associate who already knows what's going on, so you don’t have to start over. We're rolling this out over the next two months, starting with US sellers who have English as their preferred language. Although early results are promising, we know it won't be perfect at the start, and we want to get it right. As we roll this out, my team and I will be listening closely to your feedback and making improvements along the way. If something isn't working",2026-07-27 22:53:43,RETR,xtbBpAOAZmpiVOOXyQAA3g
其他风险类,last7,account_4,weihaizhongxin2024@126.com,"Tue, 21 Jul 2026 05:44:42 +0000",亚马逊全球开店 <info@globalselling.amazon.cn>,【重要】西班牙VAT通知期延期指南。税号激活用时最长达37周，请立即行动以免影响销售 ,,"西班牙延期政策更新：已过通知期也可发起申请
			尊敬的 深圳市微海众信科技有限公司,
			您收到这封邮件，是因为您是西班牙VAT增值税注册要求的潜在受影响卖家。
			为帮助您顺利推进合规，亚马逊整理了《西班牙增值税合规要求、延期规则介绍及卖家行动指南》，内容涵盖：
			● 西班牙增值税合规要求及不合规影响
			● 完整西班牙增值税号流程及材料清单
			● 亚马逊通知期延期规则及申请指导（政策更新）
			● 常见问题（如库存影响、滞留库存处理等）
			扫描下方二维码下载完整行动指南
			下载二维码
			本邮件重点提示其中热点内容：通知期延期申请规则、操作流程、关键提醒。
			一、什么情况可以申请延期？
			当您的亚马逊账户健康页面显示西班牙的'欧洲增值税注册要求'通知，但您正在办理西班牙VIES增值税注册或恢复VIES增值税号有效性，且需要更多时间完成合规流程时，您可能有资格申请最长150天的延期。
			关键更新：根据亚马逊最新的政策，如果您目前还没有上传西班牙VIES欧盟税号（包括只上传了西班牙本地税号），即使您的西班牙通知期已经过期，您仍然有机会申请延期，审核通过后可重新启用FBA并获得西班牙本地配送费率福利。
			二、如何申请通知期延期？两种操作路径
			情况一：账户健康页面显示'我了解政策要求，希望申请更多时间以满足要求'选项
			第一步：前往卖家平台，账户健康页面
			第二步：在'优先操作'部分点击'欧洲增值税注册要求'
			第三步：点击'提交所需文件'选项
			第四步：选择'我了解政策要求，希望请求更多时间以满足相关要求或提供证据证明我不需要满足此要求'
			第五步：上传附件'036表单'
			第六步：点击'提交'
			【如需查看图文指导，可通过邮件上方二维码下载查看完整行动手册】
			情况二：账户健康页面未显示'我了解政策要求，希望申请更多时间以满足要求'选项
			卖家需自行发送邮件申请，邮件标题为：'申请西班牙税号通知期延期'，正文须包含以下信息：
			● 您的卖家记号（Merchant Token）
			● 036表单附件
			发送邮箱地址：vas-seller-extension-appeals@amazon.co.uk
			亚马逊将在5个工作日内审核您的提交并通知您后续步骤。
			关于036表单，请注意：036表单可在您的VIES激活申请提交后，向您的西班牙税务服务商索取。提交延期申请时，请确保036表单文件有效，且文件中的公司名称、增值税号与您卖家平台账户中的信息一致。
			*本内容基于亚马逊服务商网络（SPN）增值税服务商提供的数据整理，仅供参考。不代表对亚马逊任何相关法律、法规、政策或要求的解读，亦不构成税务或法律建议。具体流程因西班牙增值税服务商及您的个人情况而异。请咨询",2026-07-27 22:53:30,RETR,xtbBsgxHLWpfB0wD5wAA3O
店铺绩效类,older,account_4,weihaizhongxin2024@126.com,"Sun, 19 Jul 2026 14:04:25 +0000",Fulfillment by Amazon Operations <fba-noreply@amazon.com>,Automated unfulfillable FBA inventory removal notification,,"96
 Hello Weihai US,
The following automated unfulfillable FBA removal orders have been created based on your automated settings.
 Removal order ID WXuXOpUPId
 You can view the removals on Removal Order Details in your seller account by using the Search tool.
The next removal order will be created as scheduled on July 20, 2026 in accordance with your settings if you have unfulfillable inventory at that time.
To make changes to the shipping address, frequency of your automated unfulfillable removals, or other settings, go to Automated unfulfillable removal settings in your seller account.
 Thank you.
The Fulfillment by Amazon team
Please note: This email was sent from a notification-only address that cannot accept incoming email. Please do not reply to this email.
 Report an issue with this email
 If you have any questions visit: Seller Central
 To change your email preferences visit: Notification Preferences
 Copyright 2026 Amazon, Inc, or its affiliates. All rights reserved.
 Amazon.com, 410 Terry Avenue North, Seattle, WA 98109-5210
 SPC-USAmazon-263885025090231",2026-07-27 22:53:28,RETR,xtbBpA1DKWpc2W220AAA3n
店铺绩效类,older,account_4,weihaizhongxin2024@126.com,"Sun, 19 Jul 2026 04:59:54 +0000","""Fulfillment by Amazon (Do not reply)"" <donotreply@amazon.com>",FBA reimbursement notification,,"96
FBA reimbursement notification
 You have a reimbursement activity
 Hello from Fulfilment by Amazon,
We have initiated a reimbursement, a reimbursement reversal, or both due to recent activity on your selling account. No action is required from you.
Reimbursements can be initiated for an issue that you notified us about or one that we identified at a fulfilment centre. A reimbursement reversal occurs when a reimbursement decision has been reviewed and changed. Reimbursement amounts are determined in accordance with the FBA inventory reimbursement policy ( https://sellercentral.amazon.co.uk/gp/help/external/200213130 ).
Please note that it may take up to five business days for reimbursement transactions to appear in your seller account.
You can find details on your reimbursement or reversal transaction in the Reimbursements report ( https://sellercentral.amazon.co.uk/reportcentral/REIMBURSEMENTS/0 ) in Seller Central:
- In the Event Date drop-down menu, select a date range and click Generate report . You can use the date in the subject line of this email as a point of reference.
- To identify inventory reimbursements and reversals, see the Quantity reimbursed [inventory] column.
-",2026-07-27 22:53:27,RETR,xtbBpA07IWpcWc1xrAAA3M
店铺绩效类,older,account_4,weihaizhongxin2024@126.com,"Sat, 18 Jul 2026 14:58:02 +0000",Fulfillment by Amazon Operations <fba-noreply@amazon.com>,Automated unfulfillable FBA inventory removal notification,,"96
 Hello Weihai US,
The following automated unfulfillable FBA removal orders have been created based on your automated settings.
 Removal order ID 1pqaY5uvK2
 You can view the removals on Removal Order Details in your seller account by using the Search tool.
The next removal order will be created as scheduled on July 19, 2026 in accordance with your settings if you have unfulfillable inventory at that time.
To make changes to the shipping address, frequency of your automated unfulfillable removals, or other settings, go to Automated unfulfillable removal settings in your seller account.
 Thank you.
The Fulfillment by Amazon team
Please note: This email was sent from a notification-only address that cannot accept incoming email. Please do not reply to this email.
 Report an issue with this email
 If you have any questions visit: Seller Central
 To change your email preferences visit: Notification Preferences
 Copyright 2026 Amazon, Inc, or its affiliates. All rights reserved.
 Amazon.com, 410 Terry Avenue North, Seattle, WA 98109-5210
 SPC-USAmazon-650913116264595",2026-07-27 22:53:26,RETR,xtbBsx61m2pblH7kAgAA3+
店铺绩效类,older,account_4,weihaizhongxin2024@126.com,"Fri, 17 Jul 2026 05:03:59 +0000","""Fulfillment by Amazon (Do not reply)"" <donotreply@amazon.com>",FBA reimbursement notification,,"96
FBA reimbursement notification
 You have a reimbursement activity
 Hello from Fulfilment by Amazon,
We have initiated a reimbursement, a reimbursement reversal, or both due to recent activity on your selling account. No action is required from you.
Reimbursements can be initiated for an issue that you notified us about or one that we identified at a fulfilment centre. A reimbursement reversal occurs when a reimbursement decision has been reviewed and changed. Reimbursement amounts are determined in accordance with the FBA inventory reimbursement policy ( https://sellercentral.amazon.co.uk/gp/help/external/200213130 ).
Please note that it may take up to five business days for reimbursement transactions to appear in your seller account.
You can find details on your reimbursement or reversal transaction in the Reimbursements report ( https://sellercentral.amazon.co.uk/reportcentral/REIMBURSEMENTS/0 ) in Seller Central:
- In the Event Date drop-down menu, select a date range and click Generate report . You can use the date in the subject line of this email as a point of reference.
- To identify inventory reimbursements and reversals, see the Quantity reimbursed [inventory] column.
-",2026-07-27 22:53:23,RETR,xtbBswAP9GpZt8CmvgAA3U
店铺绩效类,older,account_4,weihaizhongxin2024@126.com,"Thu, 16 Jul 2026 05:02:32 +0000","""Fulfillment by Amazon (Do not reply)"" <donotreply@amazon.com>",FBA reimbursement notification,,"96
FBA reimbursement notification
 You have a reimbursement activity
 Hello from Fulfilment by Amazon,
We have initiated a reimbursement, a reimbursement reversal, or both due to recent activity on your selling account. No action is required from you.
Reimbursements can be initiated for an issue that you notified us about or one that we identified at a fulfilment centre. A reimbursement reversal occurs when a reimbursement decision has been reviewed and changed. Reimbursement amounts are determined in accordance with the FBA inventory reimbursement policy ( https://sellercentral.amazon.co.uk/gp/help/external/200213130 ).
Please note that it may take up to five business days for reimbursement transactions to appear in your seller account.
You can find details on your reimbursement or reversal transaction in the Reimbursements report ( https://sellercentral.amazon.co.uk/reportcentral/REIMBURSEMENTS/0 ) in Seller Central:
- In the Event Date drop-down menu, select a date range and click Generate report . You can use the date in the subject line of this email as a point of reference.
- To identify inventory reimbursements and reversals, see the Quantity reimbursed [inventory] column.
-",2026-07-27 22:53:21,RETR,xtbBpQxFK2pYZex3zQAA3G
店铺绩效类,older,account_4,weihaizhongxin2024@126.com,"Wed, 15 Jul 2026 04:56:43 +0000","""Fulfillment by Amazon (Do not reply)"" <donotreply@amazon.com>",FBA reimbursement notification,,"96
FBA reimbursement notification
 You have a reimbursement activity
 Hello from Fulfilment by Amazon,
We have initiated a reimbursement, a reimbursement reversal, or both due to recent activity on your selling account. No action is required from you.
Reimbursements can be initiated for an issue that you notified us about or one that we identified at a fulfilment centre. A reimbursement reversal occurs when a reimbursement decision has been reviewed and changed. Reimbursement amounts are determined in accordance with the FBA inventory reimbursement policy ( https://sellercentral.amazon.co.uk/gp/help/external/200213130 ).
Please note that it may take up to five business days for reimbursement transactions to appear in your seller account.
You can find details on your reimbursement or reversal transaction in the Reimbursements report ( https://sellercentral.amazon.co.uk/reportcentral/REIMBURSEMENTS/0 ) in Seller Central:
- In the Event Date drop-down menu, select a date range and click Generate report . You can use the date in the subject line of this email as a point of reference.
- To identify inventory reimbursements and reversals, see the Quantity reimbursed [inventory] column.
-",2026-07-27 22:53:18,RETR,xtbBsww4HmpXEwyr-AAA3s
店铺绩效类,older,account_4,weihaizhongxin2024@126.com,"Tue, 14 Jul 2026 15:08:13 +0000",Fulfillment by Amazon Operations <fba-noreply@amazon.com>,Automated unfulfillable FBA inventory removal notification,,"96
 Hello Weihai US,
The following automated unfulfillable FBA removal orders have been created based on your automated settings.
 Removal order ID 7O4Dvkqn6u
 You can view the removals on Removal Order Details in your seller account by using the Search tool.
The next removal order will be created as scheduled on July 15, 2026 in accordance with your settings if you have unfulfillable inventory at that time.
To make changes to the shipping address, frequency of your automated unfulfillable removals, or other settings, go to Automated unfulfillable removal settings in your seller account.
 Thank you.
The Fulfillment by Amazon team
Please note: This email was sent from a notification-only address that cannot accept incoming email. Please do not reply to this email.
 Report an issue with this email
 If you have any questions visit: Seller Central
 To change your email preferences visit: Notification Preferences
 Copyright 2026 Amazon, Inc, or its affiliates. All rights reserved.
 Amazon.com, 410 Terry Avenue North, Seattle, WA 98109-5210
 SPC-USAmazon-2163841117990994",2026-07-27 22:53:17,RETR,xtbBsgF8YmpWUOH7JgAA39
店铺绩效类,older,account_4,weihaizhongxin2024@126.com,"Tue, 14 Jul 2026 04:45:43 +0000","""Fulfillment by Amazon (Do not reply)"" <donotreply@amazon.com>",FBA reimbursement notification,,"96
FBA reimbursement notification
 You have a reimbursement activity
 Hello from Fulfilment by Amazon,
We have initiated a reimbursement, a reimbursement reversal, or both due to recent activity on your selling account. No action is required from you.
Reimbursements can be initiated for an issue that you notified us about or one that we identified at a fulfilment centre. A reimbursement reversal occurs when a reimbursement decision has been reviewed and changed. Reimbursement amounts are determined in accordance with the FBA inventory reimbursement policy ( https://sellercentral.amazon.co.uk/gp/help/external/200213130 ).
Please note that it may take up to five business days for reimbursement transactions to appear in your seller account.
You can find details on your reimbursement or reversal transaction in the Reimbursements report ( https://sellercentral.amazon.co.uk/reportcentral/REIMBURSEMENTS/0 ) in Seller Central:
- In the Event Date drop-down menu, select a date range and click Generate report . You can use the date in the subject line of this email as a point of reference.
- To identify inventory reimbursements and reversals, see the Quantity reimbursed [inventory] column.
-",2026-07-27 22:53:15,RETR,xtbBsxvdw2pVvvviTAAA3i
店铺绩效类,older,account_4,weihaizhongxin2024@126.com,"Sun, 12 Jul 2026 14:23:23 +0000",Amazon Services <seller-notification@amazon.com>,Balance paid on your Amazon seller account,,"Greetings from Amazon Services.
 We have charged your credit card for $88.37 in an attempt to settle your Amazon seller account balance.
 Note that the amount charged to your credit card may be less than the total amount you owe due to a credit limit imposed by your bank. If that is the case, we will continue to charge your credit card as often as every 24 hours until the remaining balance in your Amazon seller account is paid in full.
 You can also use the Make a Payment feature to repay the balance you owe. For more information, see Making a Payment .
 You can view your payment activity at any time by logging in to your seller account and going to your Payments Report .
 Thank you for selling on Amazon.
 Amazon Services
 Help us improve your experience on selling on Amazon through this brief survey:
 https://amazonexteu.qualtrics.com/jfe/form/SV_eUKdboEQhg1YpuK?cID=10038096056-202607121349
 Was this email helpful?
 SPC-USAmazon-1671259904395565",2026-07-27 22:53:11,RETR,xtbBpQBwVmpTo2CMlwAA3i
店铺绩效类,older,account_4,weihaizhongxin2024@126.com,"Sat, 11 Jul 2026 09:58:04 +0000","""Fulfillment by Amazon (Do not reply)"" <donotreply@amazon.com>",FBA reimbursement notification,,"96
FBA reimbursement notification
 You have a reimbursement activity
 Hello from Fulfillment by Amazon,
We have initiated a reimbursement, a reimbursement reversal, or both due to recent activity on your selling account. No action is required from you.
Reimbursements can be initiated for an issue that you notified us about or one that we identified at a fulfillment center. A reimbursement reversal occurs when a reimbursement decision has been reviewed and changed. Reimbursement amounts are determined in accordance with the FBA inventory reimbursement policy ( https://sellercentral.amazon.com/gp/help/external/200213130 ).
Please note that it may take up to five business days for reimbursement transactions to appear in your seller account.
You can find details on your reimbursement or reversal transaction in the Reimbursements report ( https://sellercentral.amazon.com/reportcentral/REIMBURSEMENTS/0 ) in Seller Central:
- In the Event Date drop-down menu, select a date range and click Generate report . You can use the date in the subject line of this email as a point of reference.
- To identify inventory reimbursements and reversals, see the Quantity reimbursed [inventory] column.
- T",2026-07-27 22:53:09,RETR,xtbBpBAgBmpSE7BFRwAA3L
店铺绩效类,older,account_4,weihaizhongxin2024@126.com,"Sat, 11 Jul 2026 05:37:52 +0000","""Fulfillment by Amazon (Do not reply)"" <donotreply@amazon.com>",FBA reimbursement notification,,"96
FBA reimbursement notification
 You have a reimbursement activity
 Hello from Fulfilment by Amazon,
We have initiated a reimbursement, a reimbursement reversal, or both due to recent activity on your selling account. No action is required from you.
Reimbursements can be initiated for an issue that you notified us about or one that we identified at a fulfilment centre. A reimbursement reversal occurs when a reimbursement decision has been reviewed and changed. Reimbursement amounts are determined in accordance with the FBA inventory reimbursement policy ( https://sellercentral.amazon.co.uk/gp/help/external/200213130 ).
Please note that it may take up to five business days for reimbursement transactions to appear in your seller account.
You can find details on your reimbursement or reversal transaction in the Reimbursements report ( https://sellercentral.amazon.co.uk/reportcentral/REIMBURSEMENTS/0 ) in Seller Central:
- In the Event Date drop-down menu, select a date range and click Generate report . You can use the date in the subject line of this email as a point of reference.
- To identify inventory reimbursements and reversals, see the Quantity reimbursed [inventory] column.
-",2026-07-27 22:53:08,RETR,xtbBpBPQtmpR1rMS7QAA3w
店铺绩效类,older,account_4,weihaizhongxin2024@126.com,"Fri, 10 Jul 2026 05:20:26 +0000","""Fulfillment by Amazon (Do not reply)"" <donotreply@amazon.com>",FBA reimbursement notification,,"96
FBA reimbursement notification
 You have a reimbursement activity
 Hello from Fulfilment by Amazon,
We have initiated a reimbursement, a reimbursement reversal, or both due to recent activity on your selling account. No action is required from you.
Reimbursements can be initiated for an issue that you notified us about or one that we identified at a fulfilment centre. A reimbursement reversal occurs when a reimbursement decision has been reviewed and changed. Reimbursement amounts are determined in accordance with the FBA inventory reimbursement policy ( https://sellercentral.amazon.co.uk/gp/help/external/200213130 ).
Please note that it may take up to five business days for reimbursement transactions to appear in your seller account.
You can find details on your reimbursement or reversal transaction in the Reimbursements report ( https://sellercentral.amazon.co.uk/reportcentral/REIMBURSEMENTS/0 ) in Seller Central:
- In the Event Date drop-down menu, select a date range and click Generate report . You can use the date in the subject line of this email as a point of reference.
- To identify inventory reimbursements and reversals, see the Quantity reimbursed [inventory] column.
-",2026-07-27 22:53:00,RETR,xtbBpAEX-GpQgSHGYQAA3z
店铺绩效类,older,account_4,weihaizhongxin2024@126.com,"Thu, 9 Jul 2026 03:39:42 +0000","""Fulfillment by Amazon (Do not reply)"" <donotreply@amazon.com>",FBA reimbursement notification,,"96
FBA reimbursement notification
 You have a reimbursement activity
 Hello from Fulfilment by Amazon,
We have initiated a reimbursement, a reimbursement reversal, or both due to recent activity on your selling account. No action is required from you.
Reimbursements can be initiated for an issue that you notified us about or one that we identified at a fulfilment centre. A reimbursement reversal occurs when a reimbursement decision has been reviewed and changed. Reimbursement amounts are determined in accordance with the FBA inventory reimbursement policy ( https://sellercentral.amazon.co.uk/gp/help/external/200213130 ).
Please note that it may take up to five business days for reimbursement transactions to appear in your seller account.
You can find details on your reimbursement or reversal transaction in the Reimbursements report ( https://sellercentral.amazon.co.uk/reportcentral/REIMBURSEMENTS/0 ) in Seller Central:
- In the Event Date drop-down menu, select a date range and click Generate report . You can use the date in the subject line of this email as a point of reference.
- To identify inventory reimbursements and reversals, see the Quantity reimbursed [inventory] column.
-",2026-07-27 22:52:56,RETR,xtbBsxB4XmpPGBBs5wAA3j
店铺绩效类,older,account_4,weihaizhongxin2024@126.com,"Sun, 5 Jul 2026 05:28:59 +0000","""Amazon.com"" <fba-noreply@amazon.com>",Your FBA request is complete (0uWEj59btv),,"Greetings from Amazon.com
We thought you'd like to know that we have completed your destroy request.
You can track the status of this request by visiting your Seller Account at:
https://sellercentral-europe.amazon.com/
For a complete list of inventory being destroyed, go to:
https://sellercentral-europe.amazon.com/gp/orders/fba-order-details.html?orderID=S02-6202602-3593025
Please note: this email was sent from a notification-only address that
cannot accept incoming e-mail. Please do not reply to this message.
Thank you for using Fulfillment by Amazon.
------------------------------------------------------------------------------
Fulfilment by Amazon – let Amazon pick, pack and ship your orders domestically
and EU wide.
------------------------------------------------------------------------------
Was this e-mail helpful? https://sellercentral.amazon.co.uk/gp/satisfaction/survey-form.html?ie=UTF8&HMDName=NotificationBusEmailHMD&customAttribute1Value=PRODUCT_REMOVAL_ORDER_SHIPPED_NOW
SPC-EUAmazon-1583298414144679",2026-07-27 22:52:23,RETR,xtbBsh8P9GpJ65+UmgAA3P
店铺绩效类,older,account_4,weihaizhongxin2024@126.com,"Sun, 5 Jul 2026 04:32:11 +0000","""Fulfillment by Amazon (Do not reply)"" <donotreply@amazon.com>",FBA reimbursement notification,,"96
FBA reimbursement notification
 You have a reimbursement activity
 Hello from Fulfilment by Amazon,
We have initiated a reimbursement, a reimbursement reversal, or both due to recent activity on your selling account. No action is required from you.
Reimbursements can be initiated for an issue that you notified us about or one that we identified at a fulfilment centre. A reimbursement reversal occurs when a reimbursement decision has been reviewed and changed. Reimbursement amounts are determined in accordance with the FBA inventory reimbursement policy ( https://sellercentral.amazon.co.uk/gp/help/external/200213130 ).
Please note that it may take up to five business days for reimbursement transactions to appear in your seller account.
You can find details on your reimbursement or reversal transaction in the Reimbursements report ( https://sellercentral.amazon.co.uk/reportcentral/REIMBURSEMENTS/0 ) in Seller Central:
- In the Event Date drop-down menu, select a date range and click Generate report . You can use the date in the subject line of this email as a point of reference.
- To identify inventory reimbursements and reversals, see the Quantity reimbursed [inventory] column.
-",2026-07-27 22:52:23,RETR,xtbBsg+3nWpJ3k9h2wAA3f
店铺绩效类,older,account_4,weihaizhongxin2024@126.com,"Fri, 3 Jul 2026 09:21:14 +0000","""Fulfillment by Amazon (Do not reply)"" <donotreply@amazon.com>",FBA reimbursement notification,,"96
FBA reimbursement notification
 You have a reimbursement activity
 Hello from Fulfillment by Amazon,
We have initiated a reimbursement, a reimbursement reversal, or both due to recent activity on your selling account. No action is required from you.
Reimbursements can be initiated for an issue that you notified us about or one that we identified at a fulfillment center. A reimbursement reversal occurs when a reimbursement decision has been reviewed and changed. Reimbursement amounts are determined in accordance with the FBA inventory reimbursement policy ( https://sellercentral.amazon.com/gp/help/external/200213130 ).
Please note that it may take up to five business days for reimbursement transactions to appear in your seller account.
You can find details on your reimbursement or reversal transaction in the Reimbursements report ( https://sellercentral.amazon.com/reportcentral/REIMBURSEMENTS/0 ) in Seller Central:
- In the Event Date drop-down menu, select a date range and click Generate report . You can use the date in the subject line of this email as a point of reference.
- To identify inventory reimbursements and reversals, see the Quantity reimbursed [inventory] column.
- T",2026-07-27 22:52:19,RETR,xtbBsw5PNWpHfw5UVgAA3Z
店铺绩效类,older,account_4,weihaizhongxin2024@126.com,"Thu, 2 Jul 2026 09:24:36 +0000","""Fulfillment by Amazon (Do not reply)"" <donotreply@amazon.com>",FBA reimbursement notification,,"96
FBA reimbursement notification
 You have a reimbursement activity
 Hello from Fulfillment by Amazon,
We have initiated a reimbursement, a reimbursement reversal, or both due to recent activity on your selling account. No action is required from you.
Reimbursements can be initiated for an issue that you notified us about or one that we identified at a fulfillment center. A reimbursement reversal occurs when a reimbursement decision has been reviewed and changed. Reimbursement amounts are determined in accordance with the FBA inventory reimbursement policy ( https://sellercentral.amazon.com/gp/help/external/200213130 ).
Please note that it may take up to five business days for reimbursement transactions to appear in your seller account.
You can find details on your reimbursement or reversal transaction in the Reimbursements report ( https://sellercentral.amazon.com/reportcentral/REIMBURSEMENTS/0 ) in Seller Central:
- In the Event Date drop-down menu, select a date range and click Generate report . You can use the date in the subject line of this email as a point of reference.
- To identify inventory reimbursements and reversals, see the Quantity reimbursed [inventory] column.
- T",2026-07-27 22:52:16,RETR,xtbBshnNs2pGLlmuEwAA3z
店铺绩效类,older,account_4,weihaizhongxin2024@126.com,"Thu, 2 Jul 2026 04:17:03 +0000","""Amazon.com"" <fba-noreply@amazon.com>",Your FBA request is complete (go0BbIMUoR),,"Greetings from Amazon.com
We thought you'd like to know that we have completed your destroy request.
You can track the status of this request by visiting your Seller Account at:
https://sellercentral-europe.amazon.com/
For a complete list of inventory being destroyed, go to:
https://sellercentral-europe.amazon.com/gp/orders/fba-order-details.html?orderID=S02-6026936-3810853
Please note: this email was sent from a notification-only address that
cannot accept incoming e-mail. Please do not reply to this message.
Thank you for using Fulfillment by Amazon.
------------------------------------------------------------------------------
Fulfilment by Amazon – let Amazon pick, pack and ship your orders domestically
and EU wide.
------------------------------------------------------------------------------
Was this e-mail helpful? https://sellercentral.amazon.co.uk/gp/satisfaction/survey-form.html?ie=UTF8&HMDName=NotificationBusEmailHMD&customAttribute1Value=PRODUCT_REMOVAL_ORDER_SHIPPED_NOW
SPC-EUAmazon-193515716027065",2026-07-27 22:52:15,RETR,xtbBsgK1m2pF5kL-ZwAA3N
店铺绩效类,older,account_4,weihaizhongxin2024@126.com,"Wed, 1 Jul 2026 16:27:45 +0000","""Amazon.com"" <fba-noreply@amazon.com>",Your FBA request is complete (hbXn1jQJTV),,"Greetings from Amazon.com
We thought you'd like to know that we have completed your destroy request.
Disposal Summary:
Quantity Requested: 1
Quantity Successfully Destroyed: 1
Quantity Cancelled: 0
You can track the status of this request by visiting your Seller Account at:
https://sellercentral.amazon.com/
For a complete list of inventory being destroyed, go to:
https://sellercentral.amazon.com/gp/orders/fba-order-details.html?orderID=S01-0881392-7844068
Please note: this email was sent from a notification-only address that
cannot accept incoming e-mail. Please do not reply to this message.
Thank you for using Fulfillment by Amazon.
--------------------------------------------------------------------------
Fulfillment by Amazon, professional packing, shipping and servicing of
online orders.
--------------------------------------------------------------------------
Was this email helpful?
 https://sellercentral.amazon.com/gp/satisfaction/survey-form.html?ie=UTF8&HMDName=NotificationBusEmailHMD&customAttribute1Value=PRODUCT_REMOVAL_ORDER_SHIPPED_NOW
SPC-USAmazon-1565706782398233",2026-07-27 22:52:14,RETR,xtbBpAX84mpFQAWDkwAA3F
店铺绩效类,older,account_4,weihaizhongxin2024@126.com,"Wed, 1 Jul 2026 05:07:37 +0000","""Fulfillment by Amazon (Do not reply)"" <donotreply@amazon.com>",FBA reimbursement notification,,"96
FBA reimbursement notification
 You have a reimbursement activity
 Hello from Fulfilment by Amazon,
We have initiated a reimbursement, a reimbursement reversal, or both due to recent activity on your selling account. No action is required from you.
Reimbursements can be initiated for an issue that you notified us about or one that we identified at a fulfilment centre. A reimbursement reversal occurs when a reimbursement decision has been reviewed and changed. Reimbursement amounts are determined in accordance with the FBA inventory reimbursement policy ( https://sellercentral.amazon.co.uk/gp/help/external/200213130 ).
Please note that it may take up to five business days for reimbursement transactions to appear in your seller account.
You can find details on your reimbursement or reversal transaction in the Reimbursements report ( https://sellercentral.amazon.co.uk/reportcentral/REIMBURSEMENTS/0 ) in Seller Central:
- In the Event Date drop-down menu, select a date range and click Generate report . You can use the date in the subject line of this email as a point of reference.
- To identify inventory reimbursements and reversals, see the Quantity reimbursed [inventory] column.
-",2026-07-27 22:52:11,RETR,xtbBpR364GpEoJ1qxAAA3f
店铺绩效类,older,account_4,weihaizhongxin2024@126.com,"Tue, 30 Jun 2026 08:53:34 +0000","""Amazon.com"" <fba-noreply@amazon.com>",Your FBA request is complete (j2cKowrwuw),,"Greetings from Amazon.com
We thought you'd like to know that we have completed your destroy request.
You can track the status of this request by visiting your Seller Account at:
https://sellercentral-europe.amazon.com/
For a complete list of inventory being destroyed, go to:
https://sellercentral-europe.amazon.com/gp/orders/fba-order-details.html?orderID=S02-6586757-6351206
Please note: this email was sent from a notification-only address that
cannot accept incoming e-mail. Please do not reply to this message.
Thank you for using Fulfillment by Amazon.
------------------------------------------------------------------------------
Fulfilment by Amazon – let Amazon pick, pack and ship your orders domestically
and EU wide.
------------------------------------------------------------------------------
Was this e-mail helpful? https://sellercentral.amazon.co.uk/gp/satisfaction/survey-form.html?ie=UTF8&HMDName=NotificationBusEmailHMD&customAttribute1Value=PRODUCT_REMOVAL_ORDER_SHIPPED_NOW
SPC-EUAmazon-510175063560598",2026-07-27 22:52:09,RETR,xtbBsxCQdmpDhBAa-wAA3d
店铺绩效类,older,account_4,weihaizhongxin2024@126.com,"Tue, 30 Jun 2026 04:56:23 +0000","""Fulfillment by Amazon (Do not reply)"" <donotreply@amazon.com>",FBA reimbursement notification,,"96
FBA reimbursement notification
 You have a reimbursement activity
 Hello from Fulfilment by Amazon,
We have initiated a reimbursement, a reimbursement reversal, or both due to recent activity on your selling account. No action is required from you.
Reimbursements can be initiated for an issue that you notified us about or one that we identified at a fulfilment centre. A reimbursement reversal occurs when a reimbursement decision has been reviewed and changed. Reimbursement amounts are determined in accordance with the FBA inventory reimbursement policy ( https://sellercentral.amazon.co.uk/gp/help/external/200213130 ).
Please note that it may take up to five business days for reimbursement transactions to appear in your seller account.
You can find details on your reimbursement or reversal transaction in the Reimbursements report ( https://sellercentral.amazon.co.uk/reportcentral/REIMBURSEMENTS/0 ) in Seller Central:
- In the Event Date drop-down menu, select a date range and click Generate report . You can use the date in the subject line of this email as a point of reference.
- To identify inventory reimbursements and reversals, see the Quantity reimbursed [inventory] column.
-",2026-07-27 22:52:08,RETR,xtbBpRucgmpDTHsTOAAA3V
店铺绩效类,older,account_4,weihaizhongxin2024@126.com,"Mon, 29 Jun 2026 23:44:37 +0000","""Amazon.com"" <fba-noreply@amazon.com>",Your FBA request is complete (H7OQM8penQ),,"Greetings from Amazon.com
We thought you'd like to know that we have completed your destroy request.
Disposal Summary:
Quantity Requested: 1
Quantity Successfully Destroyed: 1
Quantity Cancelled: 0
You can track the status of this request by visiting your Seller Account at:
https://sellercentral.amazon.com/
For a complete list of inventory being destroyed, go to:
https://sellercentral.amazon.com/gp/orders/fba-order-details.html?orderID=S01-1191815-3214046
Please note: this email was sent from a notification-only address that
cannot accept incoming e-mail. Please do not reply to this message.
Thank you for using Fulfillment by Amazon.
--------------------------------------------------------------------------
Fulfillment by Amazon, professional packing, shipping and servicing of
online orders.
--------------------------------------------------------------------------
Was this email helpful?
 https://sellercentral.amazon.com/gp/satisfaction/survey-form.html?ie=UTF8&HMDName=NotificationBusEmailHMD&customAttribute1Value=PRODUCT_REMOVAL_ORDER_SHIPPED_NOW
SPC-USAmazon-1161086507307943",2026-07-27 22:52:06,RETR,xtbBpQlGLGpDA2k23QAA3u
店铺绩效类,older,account_4,weihaizhongxin2024@126.com,"Mon, 29 Jun 2026 04:56:45 +0000","""Fulfillment by Amazon (Do not reply)"" <donotreply@amazon.com>",FBA reimbursement notification,,"96
FBA reimbursement notification
 You have a reimbursement activity
 Hello from Fulfilment by Amazon,
We have initiated a reimbursement, a reimbursement reversal, or both due to recent activity on your selling account. No action is required from you.
Reimbursements can be initiated for an issue that you notified us about or one that we identified at a fulfilment centre. A reimbursement reversal occurs when a reimbursement decision has been reviewed and changed. Reimbursement amounts are determined in accordance with the FBA inventory reimbursement policy ( https://sellercentral.amazon.co.uk/gp/help/external/200213130 ).
Please note that it may take up to five business days for reimbursement transactions to appear in your seller account.
You can find details on your reimbursement or reversal transaction in the Reimbursements report ( https://sellercentral.amazon.co.uk/reportcentral/REIMBURSEMENTS/0 ) in Seller Central:
- In the Event Date drop-down menu, select a date range and click Generate report . You can use the date in the subject line of this email as a point of reference.
- To identify inventory reimbursements and reversals, see the Quantity reimbursed [inventory] column.
-",2026-07-27 22:52:03,RETR,xtbBsg-s0mpB+w81YQAA3I
店铺绩效类,older,account_4,weihaizhongxin2024@126.com,"Sun, 28 Jun 2026 14:57:16 +0000",Fulfillment by Amazon Operations <fba-noreply@amazon.com>,Automated unfulfillable FBA inventory removal notification,,"96
 Hello Weihai US,
The following automated unfulfillable FBA removal orders have been created based on your automated settings.
 Removal order ID H7OQM8penQ
 You can view the removals on Removal Order Details in your seller account by using the Search tool.
The next removal order will be created as scheduled on June 29, 2026 in accordance with your settings if you have unfulfillable inventory at that time.
To make changes to the shipping address, frequency of your automated unfulfillable removals, or other settings, go to Automated unfulfillable removal settings in your seller account.
 Thank you.
The Fulfillment by Amazon team
Please note: This email was sent from a notification-only address that cannot accept incoming email. Please do not reply to this email.
 Report an issue with this email
 If you have any questions visit: Seller Central
 To change your email preferences visit: Notification Preferences
 Copyright 2026 Amazon, Inc, or its affiliates. All rights reserved.
 Amazon.com, 410 Terry Avenue North, Seattle, WA 98109-5210
 SPC-USAmazon-1724036457613526",2026-07-27 22:52:00,RETR,xtbBpRCMcmpBNlBFjwAA3M
店铺绩效类,older,account_4,weihaizhongxin2024@126.com,"Sun, 28 Jun 2026 14:55:52 +0000",Amazon Services <seller-notification@amazon.com>,Balance paid on your Amazon seller account,,"Greetings from Amazon Services.
 We have charged your credit card for $81.22 in an attempt to settle your Amazon seller account balance.
 Note that the amount charged to your credit card may be less than the total amount you owe due to a credit limit imposed by your bank. If that is the case, we will continue to charge your credit card as often as every 24 hours until the remaining balance in your Amazon seller account is paid in full.
 You can also use the Make a Payment feature to repay the balance you owe. For more information, see Making a Payment .
 You can view your payment activity at any time by logging in to your seller account and going to your Payments Report .
 Thank you for selling on Amazon.
 Amazon Services
 Help us improve your experience on selling on Amazon through this brief survey:
 https://amazonexteu.qualtrics.com/jfe/form/SV_eUKdboEQhg1YpuK?cID=10038096056-202606281349
 Was this email helpful?
 SPC-USAmazon-510175622387886",2026-07-27 22:51:59,RETR,xtbBsxx3XWpBNfxhxQAA3D
店铺绩效类,older,account_4,weihaizhongxin2024@126.com,"Sun, 28 Jun 2026 04:47:15 +0000","""Fulfillment by Amazon (Do not reply)"" <donotreply@amazon.com>",FBA reimbursement notification,,"96
FBA reimbursement notification
 You have a reimbursement activity
 Hello from Fulfilment by Amazon,
We have initiated a reimbursement, a reimbursement reversal, or both due to recent activity on your selling account. No action is required from you.
Reimbursements can be initiated for an issue that you notified us about or one that we identified at a fulfilment centre. A reimbursement reversal occurs when a reimbursement decision has been reviewed and changed. Reimbursement amounts are determined in accordance with the FBA inventory reimbursement policy ( https://sellercentral.amazon.co.uk/gp/help/external/200213130 ).
Please note that it may take up to five business days for reimbursement transactions to appear in your seller account.
You can find details on your reimbursement or reversal transaction in the Reimbursements report ( https://sellercentral.amazon.co.uk/reportcentral/REIMBURSEMENTS/0 ) in Seller Central:
- In the Event Date drop-down menu, select a date range and click Generate report . You can use the date in the subject line of this email as a point of reference.
- To identify inventory reimbursements and reversals, see the Quantity reimbursed [inventory] column.
-",2026-07-27 22:51:58,RETR,xtbBpRepj2pAp1fonwAA35
KYC审核类,older,account_4,weihaizhongxin2024@126.com,"Mon, 20 Jul 2026 08:31:05 +0000","""Amazon Seller Central Notifications (Do Not Reply)"" <donotreply@amazon.com>",Know Your Customer (KYC) verification process support,,"96
 Pending Know Your Customer (KYC) account verification
 Hello,
 We are conducting a review of your Amazon Payments Account. We need additional information or documents to continue with your account verification. In accordance with regulations, you must complete an account verification process. Please go to the Identity Information page to provide the required information or documents:
 Submit documentation
 In some cases, we will send a notification that outlines the details of the request related to your Amazon Payments account. Please check the most recent performance notifications starting with the subject [Action Required]: Performance Notifications .
 What happens next?
 Once you have provided the requested information or documents, we will continue with your account verification. Please continue to proactively check the performance notifications or emails to understand if further information or documents are needed from you.
 Once the verification is complete, you will receive a performance notification and email advising you of the result.
 We’re here to help.
 If you have any questions, you can contact us at any time via Amazon Selling Partner Support .
 For more informa",2026-07-27 22:53:30,RETR,xtbBpAxcQmpd3Mw22gAA39
KYC审核类,older,account_4,weihaizhongxin2024@126.com,"Mon, 20 Jul 2026 08:30:30 +0000","""seller-verification-review-cn@amazon.co.uk"" <seller-verification-review-cn@amazon.co.uk>",[需要采取的操作] 需要您的“我要开店”付款账户的相关信息,,"96
[需要采取的操作] 需要您的“我要开店”付款账户的相关信息
 [需要采取的操作] 需要您的“我要开店”付款账户的相关信息
 您好！
此次联系您是因为我们需要一些其他文件才能继续验证您的账户。
提供经过修改或篡改的文件可能会导致账户被永久关闭。
我们仅允许修改银行对账单等文件，以遮挡付款余额等详细信息。
如果我未采取措施或者不提供所需的信息/文件，会怎么样？
自我们首次与您联系要求您采取措施或提供完成验证所需的所有文件和信息之日起，您总共有 60 天的时间来提供这些文件和信息。我们审核和验证您采取措施后的结果的时间或验证信息的时间不会计入给您的 60 天期限。
如果您未能在 60 天内采取措施或提供要求的信息，您的商品将被暂时停售，并且您的提现功能将被暂时停用，直到完成验证为止。
如果自我们首次联系您之日起已超过 60 天，则您的付款可能已被冻结，您的商品可能已被停售。在您提供要求的信息或文件且您的账户得到验证之前，您的付款将继续处于冻结状态，您的商品将继续处于停售状态。
为什么会发生这种情况？
您之前提供的银行账户所有权证明文件不足以完成验证流程，因为它它并未体现您账户上注册的**完整**公司名称。
我需要提供哪种类型的文件？
-- 目前在卖家平台中输入为存款方式的其中2个银行账户的银行对账单或银行资信证明的扫描件：以 *29 和 *91 结尾的账号。
如何处理这种情况？
确保文件符合以下标准：
-- 文件必须是在最近 180 天内开具的。
-- 文件必须显示银行账号、银行徽标和账户持有者姓名。
-- 如果您以公司形式开展业务，则您的银行账户必须为公司账户。
-- 请务必确保文件清晰易读。
-- 文件不能是屏幕截图。
-- 文件必须使用我们支持的语言之一。我们支持以下语言：英语、中文、丹麦语、荷兰语、德语、意大利语、西班牙语、瑞典语、法语、土耳其语、波兰语、葡萄牙语、阿拉伯语、印地语、泰米尔语、越南语、泰语、韩语和日语。如果原始文件使用的不是我们支持的语言，请同时提供原始文件和翻译文件。
我如何提供这些信息？
请完成以下步骤，在卖家平台的“银行账户信息”部分更新您的银行账户信息：
https://sellercentral-europe.amazon.com/sw/AccountInfo/DepositMethodView/step/DepositMethodView
1.单击“更换存款方式”。
2.在新出现的页面上，单击“添加新的存款方式”，并提供您尝试注册的银行账户的详细信息。
3.单击“设置存款方式”。
4.单击“验证账户”。
5.转至卖家平台的“身份信息”部分：
https://sellercentral-europe.amazon.com/sw/SSR/BusinessKYCInfo/spaDashboard
6.按照相关提示上传要求提供的文",2026-07-27 22:53:29,RETR,xtbBpApTOWpd3Ko1kgAA3i
KYC审核类,older,account_4,weihaizhongxin2024@126.com,"Sun, 19 Jul 2026 16:00:40 +0000","""Amazon Seller Central Notifications (Do Not Reply)"" <donotreply@amazon.com>",Know Your Customer (KYC) verification process support,,"96
 Pending Know Your Customer (KYC) account verification
 Hello,
 We are conducting a review of your Amazon Payments Account. We need additional information or documents to continue with your account verification. In accordance with regulations, you must complete an account verification process. Please go to the Identity Information page to provide the required information or documents:
 Submit documentation
 In some cases, we will send a notification that outlines the details of the request related to your Amazon Payments account. Please check the most recent performance notifications starting with the subject [Action Required]: Performance Notifications .
 What happens next?
 Once you have provided the requested information or documents, we will continue with your account verification. Please continue to proactively check the performance notifications or emails to understand if further information or documents are needed from you.
 Once the verification is complete, you will receive a performance notification and email advising you of the result.
 We’re here to help.
 If you have any questions, you can contact us at any time via Amazon Selling Partner Support .
 For more informa",2026-07-27 22:53:29,RETR,xtbBpQsZ-mpc9KtI+wAA3T
KYC审核类,older,account_4,weihaizhongxin2024@126.com,"Sun, 19 Jul 2026 15:59:18 +0000","""seller-verification-review-cn@amazon.co.uk"" <seller-verification-review-cn@amazon.co.uk>",[需要采取的操作] 需要您的“我要开店”付款账户的相关信息,,"96
[需要采取的操作] 需要您的“我要开店”付款账户的相关信息
 [需要采取的操作] 需要您的“我要开店”付款账户的相关信息
 您好！
此次联系您是因为我们需要一些其他文件才能继续验证您的账户。
提供经过修改或篡改的文件可能会导致账户被永久关闭。
我们仅允许修改银行对账单等文件，以遮挡付款余额等详细信息。
如果我未采取措施或者不提供所需的信息/文件，会怎么样？
自我们首次与您联系要求您采取措施或提供完成验证所需的所有文件和信息之日起，您总共有 60 天的时间来提供这些文件和信息。我们审核和验证您采取措施后的结果的时间或验证信息的时间不会计入给您的 60 天期限。
如果您未能在 60 天内采取措施或提供要求的信息，您的商品将被暂时停售，并且您的提现功能将被暂时停用，直到完成验证为止。
如果自我们首次联系您之日起已超过 60 天，则您的付款可能已被冻结，您的商品可能已被停售。在您提供要求的信息或文件且您的账户得到验证之前，您的付款将继续处于冻结状态，您的商品将继续处于停售状态。
为什么会发生这种情况？
您之前提供的银行账户所有权证明文件不足以完成验证流程，因为它它并未体现您账户上注册的**完整**公司名称。
我需要提供哪种类型的文件？
-- 目前在卖家平台中输入为存款方式的其中2个银行账户的银行对账单或银行资信证明的扫描件：以 *29 和 *91 结尾的账号。
如何处理这种情况？
确保文件符合以下标准：
-- 文件必须是在最近 180 天内开具的。
-- 文件必须显示银行账号、银行徽标和账户持有者姓名。
-- 如果您以公司形式开展业务，则您的银行账户必须为公司账户。
-- 请务必确保文件清晰易读。
-- 文件不能是屏幕截图。
-- 文件必须使用我们支持的语言之一。我们支持以下语言：英语、中文、丹麦语、荷兰语、德语、意大利语、西班牙语、瑞典语、法语、土耳其语、波兰语、葡萄牙语、阿拉伯语、印地语、泰米尔语、越南语、泰语、韩语和日语。如果原始文件使用的不是我们支持的语言，请同时提供原始文件和翻译文件。
我如何提供这些信息？
请完成以下步骤，在卖家平台的“银行账户信息”部分更新您的银行账户信息：
https://sellercentral-europe.amazon.com/sw/AccountInfo/DepositMethodView/step/DepositMethodView
1.单击“更换存款方式”。
2.在新出现的页面上，单击“添加新的存款方式”，并提供您尝试注册的银行账户的详细信息。
3.单击“设置存款方式”。
4.单击“验证账户”。
5.转至卖家平台的“身份信息”部分：
https://sellercentral-europe.amazon.com/sw/SSR/BusinessKYCInfo/spaDashboard
6.按照相关提示上传要求提供的文",2026-07-27 22:53:28,RETR,xtbBpRoF6mpc9FpGnQAA3T
KYC审核类,older,account_4,weihaizhongxin2024@126.com,"Sun, 19 Jul 2026 07:44:38 +0000","""Amazon Seller Central Notifications (Do Not Reply)"" <donotreply@amazon.com>",Know Your Customer (KYC) verification process support,,"96
 Pending Know Your Customer (KYC) account verification
 Hello,
 We are conducting a review of your Amazon Payments Account. We need additional information or documents to continue with your account verification. In accordance with regulations, you must complete an account verification process. Please go to the Identity Information page to provide the required information or documents:
 Submit documentation
 In some cases, we will send a notification that outlines the details of the request related to your Amazon Payments account. Please check the most recent performance notifications starting with the subject [Action Required]: Performance Notifications .
 What happens next?
 Once you have provided the requested information or documents, we will continue with your account verification. Please continue to proactively check the performance notifications or emails to understand if further information or documents are needed from you.
 Once the verification is complete, you will receive a performance notification and email advising you of the result.
 We’re here to help.
 If you have any questions, you can contact us at any time via Amazon Selling Partner Support .
 For more informa",2026-07-27 22:53:27,RETR,xtbBswrr0WpcgGp-sQAA3R
KYC审核类,older,account_4,weihaizhongxin2024@126.com,"Sun, 19 Jul 2026 07:43:19 +0000","""seller-verification-review-cn@amazon.co.uk"" <seller-verification-review-cn@amazon.co.uk>","[Action Required] Information needed for your Selling on Amazon
 payment account",,"96
[Action Required] Information needed for your Selling on Amazon payment account
 [Action Required] Information needed for your Selling on Amazon payment account
 Hello,
We are contacting you because we need additional documentation to continue with your account verification.
Providing altered or manipulated documents may result in permanent account closure.
What happens if I do not take action/do not provide the required information/documents?
You have a total of 60 days from the day when we first contacted you to take action or provide all of the requested documentation and information to complete the verification. The time that we take to review and validate the outcomes of your action or validate the information will not be counted against the 60-day threshold that you are given.
If you do not take action or provide requested information before these 60 days, your listings and the ability to disburse funds will be temporarily deactivated until verification has been completed.
If it has been more than 60 days since we first contacted you, your disbursements and listings might have already been deactivated and will remain deactivated until the requested information or documenta",2026-07-27 22:53:27,RETR,xtbBsxvXvWpcgBt+rgAA3-
KYC审核类,older,account_4,weihaizhongxin2024@126.com,"Mon, 13 Jul 2026 06:09:58 +0000",亚马逊全球开店 <info@globalselling.amazon.cn>,【官方提示】请尽快通过您的欧洲站卖家资质KYC审核，以保证正常销售,,"账户注册
															资质审查
															补充材料
												商品上架
						请尽快提交您的卖家资质KYC审核材料
									尊敬的卖家：
									您好！您的亚马逊欧洲站账户可能在近期收到了卖家资质审核KYC的要求，您需要尽快提供相应信息及资料，才能正式开启您在欧洲站的销售。
									KYC（Know Your Customer） 是亚马逊对在欧洲站开店卖家的资质审核，目的是为了能让卖家公平公正地进行长久生意。请您仔细阅读本邮件指引，并补全您的卖家资质审核KYC信息。
												立即完善审核资料
http://go.amazonsellerservices.com/e/229492/XOeDj0zXeRXkbKgfSHo5iqheH6NWVw/7y6ph71/6763938900/h/iPWhQ9Mr3y4nRkDSpA-6WvaGDjsKB1-Cf1cvQJUNBQU
									（小贴士：如果您已经按照要求提交申诉，请耐心等待审核结果）
									点击查看最新版KYC官方指导手册
http://go.amazonsellerservices.com/e/229492/-SU-CN-GS-Seller-Audit-KYC-pdf/7y6ph74/6763938900/h/iPWhQ9Mr3y4nRkDSpA-6WvaGDjsKB1-Cf1cvQJUNBQU
，手把手教你过KYC~
															更多欧洲站KYC审核及上线指导
请扫描下方二维码加入亚马逊企业购卖家交流群，
官方客户经理将为新卖家提供全站点、全周期、最官方的资源共享！
 一个注册流程，一套运营体系，即可开启 B端与C 端双业务。
亚马逊帮助您直达全球3亿+活跃用户和600万+优质企业买家。
															入群后有哪些福利？
															群内有专业团队针对亚马逊商品详情页（Listing）/ 选品 / 物流 / 站内引流 /
															广告 / 促销工具 / 品牌备案 / 企业采购商机等内容为您提供指导，
															更有备战旺季的专业辅导、亚马逊全球开店新资讯！
												为什么我会收到KYC的资质审核要求？
												KYC（Know Your Customer） 是欧洲站开店卖家的资质审核。
												不同卖家触发KYC审核的节点或有不同，账号注册过程中，或注册完成进入卖家平台后，更改卖家后台关键信息（比如受益人信息/地址信息等）或达到一定的销售额阈值前。 只有通过了资质审核才可以在欧洲站长期销售。
												如何进行KYC审核？
		",2026-07-27 22:53:12,RETR,xtbBsxkeBGpUgTkkyAAA3a
KYC审核类,older,account_4,weihaizhongxin2024@126.com,"Sat, 11 Jul 2026 08:27:01 +0000","""Amazon Seller Central Notifications (Do Not Reply)"" <donotreply@amazon.com>",Know Your Customer (KYC) verification process support,,"96
 Pending Know Your Customer (KYC) account verification
 Hello,
 We are conducting a review of your Amazon Payments Account. We need additional information or documents to continue with your account verification. In accordance with regulations, you must complete an account verification process. Please go to the Identity Information page to provide the required information or documents:
 Submit documentation
 In some cases, we will send a notification that outlines the details of the request related to your Amazon Payments account. Please check the most recent performance notifications starting with the subject [Action Required]: Performance Notifications .
 What happens next?
 Once you have provided the requested information or documents, we will continue with your account verification. Please continue to proactively check the performance notifications or emails to understand if further information or documents are needed from you.
 Once the verification is complete, you will receive a performance notification and email advising you of the result.
 We’re here to help.
 If you have any questions, you can contact us at any time via Amazon Selling Partner Support .
 For more informa",2026-07-27 22:53:09,RETR,xtbBpBjEqmpR-ljXigAA3S
KYC审核类,older,account_4,weihaizhongxin2024@126.com,"Sat, 11 Jul 2026 08:25:53 +0000","""seller-verification-review-cn@amazon.co.uk"" <seller-verification-review-cn@amazon.co.uk>","[Action Required] Information needed for your Selling on Amazon
 payment account",,"96
[Action Required] Information needed for your Selling on Amazon payment account
 [Action Required] Information needed for your Selling on Amazon payment account
 Hello,
We are contacting you because we need additional documentation to continue with your account verification.
Providing altered or manipulated documents may result in permanent account closure.
What happens if I do not take action?
You have a total of 60 days from the day when we first contacted you to take action or provide all of the requested documentation and information to complete the verification. The time that we take to review and validate the outcomes of your action or validate the information will not be counted against the 60-day threshold that you are given.
If you do not take action or provide requested information before these 60 days, your listings and the ability to disburse funds will be temporarily deactivated until verification has been completed.
If it has been more than 60 days since we first contacted you, your disbursements and listings might have already been deactivated and will remain deactivated until the requested information or documentation has been provided and your account has been v",2026-07-27 22:53:09,RETR,xtbBpBazmWpR-hbWcgAA3v
KYC审核类,older,account_4,weihaizhongxin2024@126.com,"Fri, 10 Jul 2026 11:11:12 +0000","""Amazon Seller Central Notifications (Do Not Reply)"" <donotreply@amazon.com>",Know Your Customer (KYC) verification process support,,"96
 Pending Know Your Customer (KYC) account verification
 Hello,
 We are conducting a review of your Amazon Payments Account. We need additional information or documents to continue with your account verification. In accordance with regulations, you must complete an account verification process. Please go to the Identity Information page to provide the required information or documents:
 Submit documentation
 In some cases, we will send a notification that outlines the details of the request related to your Amazon Payments account. Please check the most recent performance notifications starting with the subject [Action Required]: Performance Notifications .
 What happens next?
 Once you have provided the requested information or documents, we will continue with your account verification. Please continue to proactively check the performance notifications or emails to understand if further information or documents are needed from you.
 Once the verification is complete, you will receive a performance notification and email advising you of the result.
 We’re here to help.
 If you have any questions, you can contact us at any time via Amazon Selling Partner Support .
 For more informa",2026-07-27 22:53:03,RETR,xtbBpRO3nWpQ01NVugAA3J
付款/资金类,older,account_4,weihaizhongxin2024@126.com,"Fri, 17 Jul 2026 15:31:53 +0000",Amazon Services <donotreply@amazon.com>,Your payment is on the way,,"96
This title will display on mobile devices
 Congratulations! Your payment is on the way and will arrive soon.
 Disbursement Attempted
Congratulations Weihai EU! Your payment is on the way and will arrive within three to five days.
On 07/17/26 15:31 BST, we initiated a transfer to your payment method (bank account ending in 191) in the amount of £
 260.95.
 If the amount is less than expected, here are a few questions to consider:
 Do you have an unavailable balance? Amazon might be reserving money to cover potential returns, claims or chargebacks from buyers. If this is the case, the closing balance in your Payment Report will display the unavailable balance that is reserved.
 Did your sales cover all fees and returns for this statement period? The payment amount reflects sales activities, selling fees and fees for promotions or services. We recommend reviewing your Payment Report under the Reports tab in Seller Central to understand your closing balance.
To find out more about Payment Reports in Seller Central, please visit our official course.
We wish you continued success!
Thank you for selling in the Amazon store,
Amazon Services
Help us improve your payment experience on Ama",2026-07-27 22:53:24,RETR,xtbBpQz+5GpaSuyzswAA3l
付款/资金类,older,account_4,weihaizhongxin2024@126.com,"Fri, 17 Jul 2026 15:31:22 +0000",Amazon Services <donotreply@amazon.com>,Your payment is on the way,,"96
This title will display on mobile devices
 Congratulations! Your payment is on the way and will arrive soon.
 Disbursement Attempted
Congratulations Weihai EU! Your payment is on the way and will arrive within three to five days.
On 07/17/26 15:31 CEST, we initiated a transfer to your payment method (bank account ending in 229) in the amount of €
 248.46.
 If the amount is less than expected, here are a few questions to consider:
 Do you have an unavailable balance? Amazon might be reserving money to cover potential returns, claims, or chargebacks from buyers. If this is the case, the closing balance in your Payment Report will display the unavailable balance that is reserved.
 Did your sales cover all fees and returns for this statement period? The payment amount reflects sales activities, selling fees, and fees for promotions or services. We recommend reviewing your Payment Report under the Reports tab in Seller Central to understand your closing balance.
To learn more about Payment Reports in Seller Central, please visit our official course.
We wish you continued success!
Thank you for selling in the Amazon store,
Amazon Services
Help us improve your payment experience on Ama",2026-07-27 22:53:24,RETR,xtbBsg723GpaSs7HugAA3f
付款/资金类,older,account_4,weihaizhongxin2024@126.com,"Fri, 17 Jul 2026 15:30:38 +0000",Amazon Services <donotreply@amazon.com>,Tu pago está en camino,,"96
This title will display on mobile devices
 ¡Enhorabuena! El pago está de camino y llegará pronto.
 El pago está en camino
Enhorabuena, Weihai EU. Tu pago está en camino y te llegará en un plazo de tres a cinco días.
El 07/17/26 15:30 WEST, iniciamos una transferencia a tu método de pago (cuenta bancaria terminado en 229) por un importe de €
 674,93.
 Si el importe es inferior a lo esperado, ten en cuenta las siguientes preguntas:
 ¿Tienes saldo no disponible en tu cuenta de vendedor? Puede que hayamos reservado algo de dinero para posibles devoluciones, reclamaciones o reversiones de cargo de clientes. En este caso, el saldo de cierre de tu informe de pagos te mostrará el saldo no disponible en reserva.
 ¿Cubren tus ventas las tarifas de Amazon y las devoluciones del periodo de liquidación? El importe del pago refleja las ventas que has hecho y las tarifas de venta aplicadas tanto a dichas ventas como a cualquier promoción o servicio que hayas utilizado. Te recomendamos que revises tu informe de pagos en ""Informes"" de Seller Central para conocer el saldo de cierre.
Para más información sobre los informes de pagos en Seller Central, visita nuestro curso oficial.
Te deseamos un éx",2026-07-27 22:53:23,RETR,xtbBswLr0WpaSqK6nwAA32
付款/资金类,older,account_4,weihaizhongxin2024@126.com,"Wed, 15 Jul 2026 14:47:49 +0000",Amazon Services <donotreply@amazon.com>,Tu pago está en camino,,"96
This title will display on mobile devices
 ¡Enhorabuena! El pago está de camino y llegará pronto.
 El pago está en camino
Enhorabuena, Weihai EU. Tu pago está en camino y te llegará en un plazo de tres a cinco días.
El 07/15/26 14:47 WEST, iniciamos una transferencia a tu método de pago (cuenta bancaria terminado en 229) por un importe de €
 925,70.
 Si el importe es inferior a lo esperado, ten en cuenta las siguientes preguntas:
 ¿Tienes saldo no disponible en tu cuenta de vendedor? Puede que hayamos reservado algo de dinero para posibles devoluciones, reclamaciones o reversiones de cargo de clientes. En este caso, el saldo de cierre de tu informe de pagos te mostrará el saldo no disponible en reserva.
 ¿Cubren tus ventas las tarifas de Amazon y las devoluciones del periodo de liquidación? El importe del pago refleja las ventas que has hecho y las tarifas de venta aplicadas tanto a dichas ventas como a cualquier promoción o servicio que hayas utilizado. Te recomendamos que revises tu informe de pagos en ""Informes"" de Seller Central para conocer el saldo de cierre.
Para más información sobre los informes de pagos en Seller Central, visita nuestro curso oficial.
Te deseamos un éx",2026-07-27 22:53:20,RETR,xtbBshj942pXnZjFoQAA3o
付款/资金类,older,account_4,weihaizhongxin2024@126.com,"Tue, 14 Jul 2026 14:58:09 +0000",Amazon Services <donotreply@amazon.com>,Your payment is on the way,,"96
This title will display on mobile devices
 Congratulations! Your payment is on the way and will arrive soon.
 Disbursement attempted
Congratulations Weihai CA! Your payment is on the way and will arrive within three to five days.
On 07/14/26 14:58 EDT, we initiated a transfer to your payment method (bank account ending in 151) in the amount of CAD
 259.63.
 If the amount is less than expected, here are a few questions to consider:
 Do you have an unavailable balance? Amazon might be reserving money to cover potential returns, claims or chargebacks from buyers. If this is the case, the closing balance in your Payment Report will display the unavailable balance that is reserved.
 Did your sales cover all fees and returns for this statement period? The payment amount reflects sales activities, selling fees and fees for promotions or services. We recommend reviewing your Payment Report under the Reports tab in Seller Central to understand your closing balance.
To learn more about Payment Reports in Seller Central, please visit our official course.
We wish you continued success!
Thank you for selling in the Amazon Store,
Amazon Services
Help us improve your payment experience on Amaz",2026-07-27 22:53:16,RETR,xtbBpQXkympWToXh2QAA3B
付款/资金类,older,account_4,weihaizhongxin2024@126.com,"Mon, 13 Jul 2026 14:21:36 +0000",Amazon Services <donotreply@amazon.com>,Your payment is on the way,,"96
This title will display on mobile devices
 Congratulations! Your payment is on the way and will arrive soon.
 Disbursement Attempted
Congratulations Weihai EU! Your payment is on the way and will arrive within three to five days.
On 07/13/26 14:21 BST, we initiated a transfer to your payment method (bank account ending in 191) in the amount of £
 188.73.
 If the amount is less than expected, here are a few questions to consider:
 Do you have an unavailable balance? Amazon might be reserving money to cover potential returns, claims or chargebacks from buyers. If this is the case, the closing balance in your Payment Report will display the unavailable balance that is reserved.
 Did your sales cover all fees and returns for this statement period? The payment amount reflects sales activities, selling fees and fees for promotions or services. We recommend reviewing your Payment Report under the Reports tab in Seller Central to understand your closing balance.
To find out more about Payment Reports in Seller Central, please visit our official course.
We wish you continued success!
Thank you for selling in the Amazon store,
Amazon Services
Help us improve your payment experience on Ama",2026-07-27 22:53:13,RETR,xtbBpBMJ7mpU9HNigQAA3K
付款/资金类,older,account_4,weihaizhongxin2024@126.com,"Mon, 13 Jul 2026 04:03:58 +0000",Amazon Services <donotreply@amazon.com>,Tu pago está en camino,,"96
This title will display on mobile devices
 ¡Enhorabuena! El pago está de camino y llegará pronto.
 El pago está en camino
Enhorabuena, Weihai EU. Tu pago está en camino y te llegará en un plazo de tres a cinco días.
El 07/13/26 04:02 WEST, iniciamos una transferencia a tu método de pago (cuenta bancaria terminado en 229) por un importe de €
 374,83.
 Si el importe es inferior a lo esperado, ten en cuenta las siguientes preguntas:
 ¿Tienes saldo no disponible en tu cuenta de vendedor? Puede que hayamos reservado algo de dinero para posibles devoluciones, reclamaciones o reversiones de cargo de clientes. En este caso, el saldo de cierre de tu informe de pagos te mostrará el saldo no disponible en reserva.
 ¿Cubren tus ventas las tarifas de Amazon y las devoluciones del periodo de liquidación? El importe del pago refleja las ventas que has hecho y las tarifas de venta aplicadas tanto a dichas ventas como a cualquier promoción o servicio que hayas utilizado. Te recomendamos que revises tu informe de pagos en ""Informes"" de Seller Central para conocer el saldo de cierre.
Para más información sobre los informes de pagos en Seller Central, visita nuestro curso oficial.
Te deseamos un éx",2026-07-27 22:53:12,RETR,xtbBshK0mmpUY7JjkQAA3T
付款/资金类,older,account_4,weihaizhongxin2024@126.com,"Sat, 11 Jul 2026 10:36:54 +0000",Amazon Services <donotreply@amazon.com>,Tu pago está en camino,,"96
This title will display on mobile devices
 ¡Enhorabuena! El pago está de camino y llegará pronto.
 El pago está en camino
Enhorabuena, Weihai EU. Tu pago está en camino y te llegará en un plazo de tres a cinco días.
El 07/11/26 10:36 WEST, iniciamos una transferencia a tu método de pago (cuenta bancaria terminado en 229) por un importe de €
 777,67.
 Si el importe es inferior a lo esperado, ten en cuenta las siguientes preguntas:
 ¿Tienes saldo no disponible en tu cuenta de vendedor? Puede que hayamos reservado algo de dinero para posibles devoluciones, reclamaciones o reversiones de cargo de clientes. En este caso, el saldo de cierre de tu informe de pagos te mostrará el saldo no disponible en reserva.
 ¿Cubren tus ventas las tarifas de Amazon y las devoluciones del periodo de liquidación? El importe del pago refleja las ventas que has hecho y las tarifas de venta aplicadas tanto a dichas ventas como a cualquier promoción o servicio que hayas utilizado. Te recomendamos que revises tu informe de pagos en ""Informes"" de Seller Central para conocer el saldo de cierre.
Para más información sobre los informes de pagos en Seller Central, visita nuestro curso oficial.
Te deseamos un éx",2026-07-27 22:53:10,RETR,xtbBpQpoTmpSHMpvEwAA3b
付款/资金类,older,account_4,weihaizhongxin2024@126.com,"Sat, 11 Jul 2026 10:30:59 +0000",Amazon Services <donotreply@amazon.com>,Your payment is on the way,,"96
This title will display on mobile devices
 Congratulations! Your payment is on the way and will arrive soon.
 Disbursement Attempted
Congratulations Weihai EU! Your payment is on the way and will arrive within three to five days.
On 07/11/26 10:30 CEST, we initiated a transfer to your payment method (bank account ending in 229) in the amount of €
 234.81.
 If the amount is less than expected, here are a few questions to consider:
 Do you have an unavailable balance? Amazon might be reserving money to cover potential returns, claims, or chargebacks from buyers. If this is the case, the closing balance in your Payment Report will display the unavailable balance that is reserved.
 Did your sales cover all fees and returns for this statement period? The payment amount reflects sales activities, selling fees, and fees for promotions or services. We recommend reviewing your Payment Report under the Reports tab in Seller Central to understand your closing balance.
To learn more about Payment Reports in Seller Central, please visit our official course.
We wish you continued success!
Thank you for selling in the Amazon store,
Amazon Services
Help us improve your payment experience on Ama",2026-07-27 22:53:10,RETR,xtbBpQYP9GpSG2ZpdwAA3D
付款/资金类,older,account_4,weihaizhongxin2024@126.com,"Fri, 10 Jul 2026 23:31:39 +0000",Amazon Services <donotreply@amazon.com>,Your payment is on the way,,"96
This title will display on mobile devices
 Congratulations! Your payment is on the way and will arrive soon.
 Disbursement Attempted
Congratulations Weihai EU! Your payment is on the way and will arrive within three to five days.
On 07/10/26 23:31 GST, we initiated a transfer to your payment method (bank account ending in 229) in the amount of AED
 162.74.
 If the amount is less than expected, here are a few questions to consider:
 Do you have an unavailable balance? Amazon might be reserving money to cover potential returns, claims, or chargebacks from buyers. If this is the case, the closing balance in your Payment Report will display the unavailable balance that is reserved.
 Did your sales cover all fees and returns for this statement period? The payment amount reflects sales activities, selling fees, and fees for promotions or services. We recommend reviewing your Payment Report under the Reports tab in Seller Central to understand your closing balance.
To learn more about Payment Reports in Seller Central, please visit our official course.
We wish you continued success!
Thank you for selling in the Amazon store,
Amazon Services
Help us improve your payment experience on Am",2026-07-27 22:53:06,RETR,xtbBpR5GLGpRgN4jDQAA3a
付款/资金类,older,account_4,weihaizhongxin2024@126.com,"Fri, 10 Jul 2026 12:07:00 +0000",亚马逊开店服务 <donotreply@amazon.com>,完成账户验证以恢复付款,,"96
 完成账户验证以恢复付款
 尊敬的 Weihai EU：
您好！
 您的资金被扣留，因为您的 Amazon.de 卖家账户正在审核中，需要其他验证信息。如果验证未完成，您的账户将被停用。
 在此过程中，资金将保留在您的账户中，但无法提现。提交所需信息以重新激活提现并避免对您的账户产生进一步影响。
 为什么会发生这种情况？
 我们采取此措施是因为，要继续验证您的账户，您需要提供其他验证详情。此验证有助于确保商城诚信并保护买家。我们还会定期审核账户信息，以确保相关信息始终为最新信息。
 要了解更多信息，请参阅“ Amazon Payments -‘我要开店’用户协议 ”。
 我们综合利用多种自动化方式做出这一决定。
 如何完成验证？
 请完成以下步骤以验证您的账户:
- 点击“优先操作”部分中的“提交验证”，访问 账户状况页面 ，或前往卖家平台的 身份信息 部分
- 按照提示提供所需信息/文件
- 点击“保存”，然后点击“提交以进行验证”
 显示的横幅将显示所需文件的相关信息。
 注意： 只有具有“确认/更改账户信息”权限的用户可以提交验证。请仅使用拉丁字符输入所有地址。
 如果我不完成验证，会怎么样？
 如果您未在 57 天内完成验证:
- 您的付款将保持暂停状态
- 您在 Amazon.de 上的所有现有商品将被停售
- 您无法创建新商品
 验证完成之前，这些限制将一直有效。
 我们愿意随时为您提供帮助。
 如果您对此流程有任何疑问，请联系 销售伙伴支持 。
 Amazon Payments Europe S.C.A. (société en commandite par actions) 是一家股份有限合伙公司，注册于卢森堡，注册号 (RCS Luxembourg) B 153 265，公司办公地址为 38 avenue J.F.Kennedy, L-1855 Luxembourg。增值税税号为 LU 24448288。Amazon Payments Europe S.C.A 经 Commission de Surveillance du Secteur Financier 授权为电子货币机构（许可证号 36/10）。Amazon Payments 是 Amazon Payments Europe S.C.A. 的商号。
 报告此电子邮件的问题
 如果您有任何问题，请访问: Seller Central
 要更改您的电子邮件首选项，请访问： 通知首选项
 2026 Amazon.com 旗下公司 保留所有权利
 Amazon EU S.à r.l.
38 avenue John F. Kennedy,
L-1855 Luxembourg,
注册于卢森堡，
注册编号 B-101818，
股本 165.833 欧元，
营业执照编号： 134248，
卢森",2026-07-27 22:53:05,RETR,xtbBsgcA5WpQ4GeqvAAA37
付款/资金类,older,account_4,weihaizhongxin2024@126.com,"Fri, 10 Jul 2026 12:05:39 +0000",Amazon Services <donotreply@amazon.com>,Completa la verificación de la cuenta para restaurar los pagos,,"96
 Completa la verificación de la cuenta para restaurar los pagos
 Hola, Weihai EU:
 Los fondos están retenidos porque tu cuenta de vendedor de Amazon.es está en revisión y necesitamos información adicional para llevar a cabo la verificación. Si no se completa la verificación, se desactivará tu cuenta.
 Durante este proceso, los fondos permanecerán en tu cuenta, pero no se podrán desembolsar. Presenta la información obligatoria para reactivar los pagos y evitar una mayor repercusión en tu cuenta.
 ¿A qué se debe esto?
 Tomamos esta medida porque tienes que presentar más datos de verificación para continuar con la verificación de tu cuenta. Esta verificación ayuda a garantizar la integridad del sitio web y proteger a los clientes. También la revisamos periódicamente para asegurarnos de que la información de la cuenta siga actualizada.
 Para más información, consulta Amazon Payments – Contrato de Usuario para el servicio Vender en Amazon .
 Hemos empleado una combinación de medios automatizados para tomar esta decisión.
 ¿Cómo puedo completar la verificación?
 Completa estos pasos para verificar la cuenta:
- Para acceder a la página Estado de la cuenta , haz clic en ""Enviar verifica",2026-07-27 22:53:05,RETR,xtbBpRbr0WpQ4BahggAA3m
付款/资金类,older,account_4,weihaizhongxin2024@126.com,"Fri, 10 Jul 2026 12:04:08 +0000",Amazon Services <donotreply@amazon.com>,Accountverificatie voltooien om vergoedingen te herstellen,,"96
 Accountverificatie voltooien om vergoedingen te herstellen
 Hallo Weihai EU,
 Je tegoed wordt vastgehouden omdat je Amazon.nl-verkopersaccount wordt gecontroleerd en aanvullende verificatiegegevens vereist. Als de verificatie niet wordt voltooid, wordt je account gedeactiveerd.
 Tijdens dit proces blijven tegoeden in je account staan, maar kunnen ze niet worden uitbetaald. Dien de vereiste informatie in om vergoedingen opnieuw te activeren en verdere impact op je account te voorkomen.
 Waarom gebeurt dit?
 We ondernemen deze actie omdat er aanvullende verificatiegegevens vereist zijn om door te gaan met de verificatie van je account. Deze verificatie helpt de integriteit van de marketplace te garanderen en klanten te beschermen. We voeren ook periodieke controles uit om ervoor te zorgen dat accountgegevens actueel blijven.
 Raadpleeg voor meer informatie de ' Gebruikersovereenkomst van Amazon Payments - Verkopen via Amazon '.
 We hebben een combinatie van geautomatiseerde middelen gebruikt om deze beslissing te nemen.
 Hoe voltooi ik de verificatie?
 Voer deze stappen uit om je account te verifiëren:
- Ga naar de pagina Accountstatus door te klikken op 'Verificatie indienen' in",2026-07-27 22:53:05,RETR,xtbBpRzVu2pQ37ye8wAA3j
付款/资金类,older,account_4,weihaizhongxin2024@126.com,"Fri, 10 Jul 2026 12:02:02 +0000",Amazon Services <donotreply@amazon.com>,Complete account verification to restore disbursements,,"96
 Complete account verification to restore disbursements
 Hello Weihai EU,
 Your funds are being held because your Amazon.fr seller account is under review and requires additional verification information. If the verification is not completed, your account will be deactivated.
 During this process funds will remain in your account but cannot be disbursed. Submit the required information to reactivate disbursements and avoid further impact to your account.
 Why is this happening?
 We are taking this action because additional verification details are required to continue with your account verification. This verification helps ensure marketplace integrity and protect customers. We also conduct periodic reviews to ensure account information remains current.
 To learn more, refer to “ Amazon Payments – Selling on Amazon User Agreement ”.
 We leveraged a combination of automated means to make this decision.
 How do I complete verification?
 Complete these steps to verify your account:
- Access to your Account Health page by clicking on 'Submit verification' in the Priority Actions section OR go to the “ Identity Information "" section of Seller Central
- Follow the prompts to provide th",2026-07-27 22:53:05,RETR,xtbBsx21m2pQ3z2gqgAA3S
付款/资金类,older,account_4,weihaizhongxin2024@126.com,"Fri, 10 Jul 2026 12:00:06 +0000",Amazon Services <donotreply@amazon.com>,"Ukończ weryfikację konta, aby przywrócić wypłaty środków",,"96
 Ukończ weryfikację konta, aby przywrócić wypłaty środków
 Dzień dobry Weihai EU,
 Środki zostały wstrzymane, ponieważ Twoje konto sprzedawcy na Amazon.pl jest w trakcie weryfikacji, która wymaga podania dodatkowych informacji. Jeśli weryfikacja nie zostanie ukończona, Twoje konto zostanie dezaktywowane.
 Na czas trwania tego procesu środki pozostaną na Twoim koncie, ale nie będzie można ich wypłacić. Aby przywrócić możliwość wypłaty środków i zapobiec dalszemu niekorzystnemu wpływowi tej sytuacji na Twoje konto, prześlij wymagane informacje.
 Dlaczego tak się stało?
 Podejmujemy to działanie, ponieważ do przeprowadzenia weryfikacji konta wymagane są dodatkowe informacje. Weryfikacja ta pomaga zapewnić wiarygodność serwisu i chronić klientów. Przeprowadzamy też okresowe kontrole, aby mieć pewność, że informacje o koncie pozostają aktualne.
 Więcej informacji znajdziesz na stronie Amazon Payments – Umowa Użytkownika Usług Sprzedaży na Amazon .
 Do podjęcia tej decyzji wykorzystaliśmy połączenie zautomatyzowanych środków.
 Jak mogę ukończyć weryfikację?
 Aby zweryfikować konto, wykonaj następujące czynności:
- Przejdź na stronę Kondycja konta , klikając „Prześlij do weryfikacji” w",2026-07-27 22:53:04,RETR,xtbBswmYfmpQ3smc2gAA33
付款/资金类,older,account_4,weihaizhongxin2024@126.com,"Fri, 10 Jul 2026 11:59:04 +0000",Amazon Services <donotreply@amazon.com>,Slutför kontoverifieringen så att utbetalningarna kan återställas,,"96
 Slutför kontoverifieringen så att utbetalningarna kan återställas
 Hej Weihai EU!
 Vi håller kvar dina medel eftersom ditt säljarkonto på Amazon.se granskas och ytterligare verifieringsinformation krävs. Om verifieringen inte slutförs inaktiveras ditt konto.
 Medel finns kvar på ditt konto under den här processen, men kan inte betalas ut. Skicka in informationen som krävs för att återaktivera utbetalningar och undvika ytterligare konsekvenser för kontot.
 Varför händer det här?
 Vi vidtar den här åtgärden eftersom ytterligare verifieringsuppgifter krävs om vi ska kunna fortsätta med verifieringen av ditt konto. Den här verifieringen bidrar till att säkerställa marknadsplatsens integritet och skydda kunderna. Vi utför också regelbundna granskningar i syfte att säkerställa att kontoinformationen förblir aktuell.
 Mer information finns i Användaravtal för Amazon Payments – Försäljning på Amazon .
 Vi har använt oss av olika automatiserade metoder för att fatta det här beslutet.
 Hur slutför jag verifieringen?
 Verifiera ditt konto genom att slutföra följande steg:
- Gå till sidan Kontostatus genom att klicka på Skicka in verifiering i avsnittet Prioritetsåtgärder ELLER gå till avs",2026-07-27 22:53:04,RETR,xtbBsgyJb2pQ3oydkQAA38
付款/资金类,older,account_4,weihaizhongxin2024@126.com,"Fri, 10 Jul 2026 11:57:07 +0000",Amazon Services <donotreply@amazon.com>,Completa la verifica dell'account per ripristinare i pagamenti,,"96
 Completa la verifica dell'account per ripristinare i pagamenti
 Gentile Weihai EU,
 I tuoi fondi sono bloccati perché il tuo Account venditore su Amazon.it è in fase di verifica e sono necessarie ulteriori informazioni. Se la verifica non viene completata, il tuo account verrà disattivato.
 Durante questa procedura, i fondi resteranno nel tuo account ma non potranno essere versati. Invia le informazioni richieste per riattivare i pagamenti ed evitare ulteriori ripercussioni sul tuo account.
 Ciò a cosa è dovuto?
 Ti abbiamo inviato questa e-mail perché abbiamo bisogno di ulteriori informazioni per poter completare la verifica del tuo account. Questa verifica ci consente di garantire l'integrità del nostro negozio e di tutelare i clienti. Effettuiamo inoltre verifiche periodiche per garantire che le informazioni sull'account siano aggiornate.
 Per maggiori informazioni sul contratto di utilizzo del servizio Amazon Payments - Vendita su Amazon, consulta questa pagina di aiuto .
 Abbiamo utilizzato una combinazione di mezzi automatizzati per prendere questa decisione.
 Come faccio a completare la verifica?
 Completa questa procedura per verificare il tuo account:
- Accedi alla pag",2026-07-27 22:53:04,RETR,xtbBsxZrUWpQ3haZEAAA3k
付款/资金类,older,account_4,weihaizhongxin2024@126.com,"Fri, 10 Jul 2026 11:55:07 +0000",Amazon Services <donotreply@amazon.com>,Complete account verification to restore disbursements,,"96
 Complete account verification to restore disbursements
 Hello Weihai EU,
 Your funds are being held because your Amazon.co.uk seller account is under review and requires additional verification information. If the verification is not completed, your account will be deactivated.
 During this process funds will remain in your account but cannot be disbursed. Submit the required information to reactivate disbursements and avoid further impact on your account.
 Why is this happening?
 We are taking this action because additional verification details are required to continue with your account verification. This verification helps ensure marketplace integrity and protects customers. We also conduct periodic reviews to ensure that account information remains current.
 To learn more, go to “ Amazon Payments – Selling on Amazon User Agreement ”.
 We’ve leveraged a combination of automated means to make this decision.
 How do I complete verification?
 Complete these steps to verify your account:
- Access your Account Health page by clicking “Submit verification” in the Priority Actions section OR go to the “ Identity Information ” section of Seller Central
- Follow the prompts to provide",2026-07-27 22:53:03,RETR,xtbBsx5NM2pQ3Z6WggAA3+
付款/资金类,older,account_4,weihaizhongxin2024@126.com,"Fri, 10 Jul 2026 11:53:42 +0000",Amazon Services <donotreply@amazon.com>,Terminez la vérification du compte pour restaurer les versements.,,"96
 Terminez la vérification du compte pour restaurer les versements.
 Bonjour Weihai EU,
 Vos fonds sont retenus car votre compte vendeur Amazon.com.be est en cours de révision et nécessite des informations de vérification supplémentaires. Si la vérification n’est pas terminée, votre compte sera désactivé.
 Durant ce processus, les fonds resteront sur votre compte, mais ne pourront pas être versés. Soumettez les informations requises pour réactiver les versements et éviter tout impact supplémentaire sur votre compte.
 Pourquoi cela se produit-il ?
 Nous prenons cette mesure car des informations de vérification supplémentaires sont requises pour poursuivre la vérification de votre compte. Cette vérification permet de garantir l’intégrité du site de vente et de protéger les clients. Nous réalisons également des contrôles périodiques afin de nous assurer que les informations sur le compte restent à jour.
 Pour en savoir plus, consultez le « Contrat d’utilisation Vendre sur Amazon Payments ».
 Nous avons utilisé une combinaison de moyens automatisés pour prendre cette décision.
 Comment effectuer la vérification ?
 Procédez comme suit pour vérifier votre compte :
- Accédez à votre pag",2026-07-27 22:53:03,RETR,xtbBsgk4HmpQ3UmWKgAA3P
付款/资金类,older,account_4,weihaizhongxin2024@126.com,"Fri, 10 Jul 2026 11:44:42 +0000",亚马逊开店服务 <donotreply@amazon.com>,完成账户验证以恢复付款,,"96
 完成账户验证以恢复付款
 尊敬的 Weihai EU：
您好！
 您的资金被扣留，因为您的 Amazon.ie 卖家账户正在审核中，需要其他验证信息。如果验证未完成，您的账户将被停用。
 在此过程中，资金将保留在您的账户中，但无法提现。提交所需信息以重新激活提现并避免对您的账户产生进一步影响。
 为什么会发生这种情况？
 我们采取此措施是因为，要继续验证您的账户，您需要提供其他验证详情。此验证有助于确保商城诚信并保护买家。我们还会定期审核账户信息，以确保相关信息始终为最新信息。
 要了解更多信息，请参阅“ Amazon Payments -‘我要开店’用户协议 ”。
 我们综合利用多种自动化方式做出这一决定。
 如何完成验证？
 请完成以下步骤以验证您的账户:
- 点击“优先操作”部分中的“提交验证”，访问 账户状况页面 ，或前往卖家平台的 身份信息 部分
- 按照提示提供所需信息/文件
- 点击“保存”，然后点击“提交以进行验证”
 显示的横幅将显示所需文件的相关信息。
 注意： 只有具有“确认/更改账户信息”权限的用户可以提交验证。请仅使用拉丁字符输入所有地址。
 如果我不完成验证，会怎么样？
 如果您未在 57 天内完成验证:
- 您的付款将保持暂停状态
- 您在 Amazon.ie 上的所有现有商品将被停售
- 您无法创建新商品
 验证完成之前，这些限制将一直有效。
 我们愿意随时为您提供帮助。
 如果您对此流程有任何疑问，请联系 销售伙伴支持 。
 Amazon Payments Europe S.C.A. (société en commandite par actions) 是一家股份有限合伙公司，注册于卢森堡，注册号 (RCS Luxembourg) B 153 265，公司办公地址为 38 avenue J.F.Kennedy, L-1855 Luxembourg。增值税税号为 LU 24448288。Amazon Payments Europe S.C.A 经 Commission de Surveillance du Secteur Financier 授权为电子货币机构（许可证号 36/10）。Amazon Payments 是 Amazon Payments Europe S.C.A. 的商号。
 报告此电子邮件的问题
 如果您有任何问题，请访问: Seller Central
 要更改您的电子邮件首选项，请访问： 通知首选项
 2026 Amazon.com 旗下公司 保留所有权利
 Amazon EU S.à r.l.
38 avenue John F. Kennedy,
L-1855 Luxembourg,
注册于卢森堡，
注册编号 B-101818，
股本 165.833 欧元，
营业执照编号： 134248，
卢森",2026-07-27 22:53:03,RETR,xtbBsw2wlmpQ2y2IewAA3n
付款/资金类,older,account_4,weihaizhongxin2024@126.com,"Thu, 9 Jul 2026 15:12:23 +0000",Amazon Services <seller-notification@amazon.pl>,Nieuregulowane saldo na koncie Amazon,,"Witamy!
 Masz na swoim koncie nieuregulowane saldo w wysokośc PLN 13.18. Obciążymy tą kwotą kartę kredytową zarejestrowaną jako metoda płatności dla Twojego konta
 Jeśli ta karta ma limit kredytowy, możemy ją obciążać do momentu pełnej spłaty nieuregulowanego salda.
 Aby uzyskać więcej informacji, wyszukaj Dokonaj płatności w Pomocy Seller Central.
 Aby dowiedzieć się więcej na temat raportów płatności i Twoich działań, wyszukaj Wyświetl moje raporty o płatnościach w Pomocy Seller Central.
 Z poważaniem,
 Amazon Payments Europe SCA (société en commandite par actions) to spółka komandytowo-akcyjna zarejestrowana w Luksemburgu, numer rejestracyjny (RCS Luxembourg) B 153 265, z siedzibą pod adresem 38 avenue J.F. Kennedy, L-1855 Luxembourg. Numer VAT: LU 24448288. Amazon Payments Europe SCA posiada upoważnienie Komisji Nadzoru Sektora Finansowego w Luksemburgu do emisji pieniądza elektronicznego (numer licencji 36/10)
 Czy ten e-mail był pomocny?
 SPC-EUAmazon-1389784368647539",2026-07-27 22:52:59,RETR,xtbBpRw0GmpPulxMkAAA3I
付款/资金类,older,account_4,weihaizhongxin2024@126.com,"Thu, 9 Jul 2026 14:31:14 +0000",Amazon Services <donotreply@amazon.com>,Tu pago está en camino,,"96
This title will display on mobile devices
 ¡Enhorabuena! El pago está de camino y llegará pronto.
 El pago está en camino
Enhorabuena, Weihai EU. Tu pago está en camino y te llegará en un plazo de tres a cinco días.
El 07/09/26 14:31 WEST, iniciamos una transferencia a tu método de pago (cuenta bancaria terminado en 229) por un importe de €
 392,03.
 Si el importe es inferior a lo esperado, ten en cuenta las siguientes preguntas:
 ¿Tienes saldo no disponible en tu cuenta de vendedor? Puede que hayamos reservado algo de dinero para posibles devoluciones, reclamaciones o reversiones de cargo de clientes. En este caso, el saldo de cierre de tu informe de pagos te mostrará el saldo no disponible en reserva.
 ¿Cubren tus ventas las tarifas de Amazon y las devoluciones del periodo de liquidación? El importe del pago refleja las ventas que has hecho y las tarifas de venta aplicadas tanto a dichas ventas como a cualquier promoción o servicio que hayas utilizado. Te recomendamos que revises tu informe de pagos en ""Informes"" de Seller Central para conocer el saldo de cierre.
Para más información sobre los informes de pagos en Seller Central, visita nuestro curso oficial.
Te deseamos un éx",2026-07-27 22:52:58,RETR,xtbBsxbHrWpPsLbHfgAA3V
付款/资金类,older,account_4,weihaizhongxin2024@126.com,"Thu, 9 Jul 2026 14:31:07 +0000",Amazon Services <donotreply@amazon.com>,Your payment is on the way,,"96
This title will display on mobile devices
 Congratulations! Your payment is on the way and will arrive soon.
 Disbursement Attempted
Congratulations Weihai EU! Your payment is on the way and will arrive within three to five days.
On 07/09/26 14:30 CEST, we initiated a transfer to your payment method (bank account ending in 229) in the amount of €
 280.89.
 If the amount is less than expected, here are a few questions to consider:
 Do you have an unavailable balance? Amazon might be reserving money to cover potential returns, claims, or chargebacks from buyers. If this is the case, the closing balance in your Payment Report will display the unavailable balance that is reserved.
 Did your sales cover all fees and returns for this statement period? The payment amount reflects sales activities, selling fees, and fees for promotions or services. We recommend reviewing your Payment Report under the Reports tab in Seller Central to understand your closing balance.
To learn more about Payment Reports in Seller Central, please visit our official course.
We wish you continued success!
Thank you for selling in the Amazon store,
Amazon Services
Help us improve your payment experience on Ama",2026-07-27 22:52:58,RETR,xtbBpQ3Fq2pPsK0WUQAA35
付款/资金类,older,account_4,weihaizhongxin2024@126.com,"Wed, 8 Jul 2026 13:15:46 +0000",Amazon Services <donotreply@amazon.com>,Tu pago está en camino,,"96
This title will display on mobile devices
 ¡Enhorabuena! El pago está de camino y llegará pronto.
 El pago está en camino
Enhorabuena, Weihai EU. Tu pago está en camino y te llegará en un plazo de tres a cinco días.
El 07/08/26 13:15 WEST, iniciamos una transferencia a tu método de pago (cuenta bancaria terminado en 229) por un importe de €
 243,76.
 Si el importe es inferior a lo esperado, ten en cuenta las siguientes preguntas:
 ¿Tienes saldo no disponible en tu cuenta de vendedor? Puede que hayamos reservado algo de dinero para posibles devoluciones, reclamaciones o reversiones de cargo de clientes. En este caso, el saldo de cierre de tu informe de pagos te mostrará el saldo no disponible en reserva.
 ¿Cubren tus ventas las tarifas de Amazon y las devoluciones del periodo de liquidación? El importe del pago refleja las ventas que has hecho y las tarifas de venta aplicadas tanto a dichas ventas como a cualquier promoción o servicio que hayas utilizado. Te recomendamos que revises tu informe de pagos en ""Informes"" de Seller Central para conocer el saldo de cierre.
Para más información sobre los informes de pagos en Seller Central, visita nuestro curso oficial.
Te deseamos un éx",2026-07-27 22:52:54,RETR,xtbBswqjiWpOTYouwwAA3d
付款/资金类,older,account_4,weihaizhongxin2024@126.com,"Wed, 8 Jul 2026 12:15:55 +0000",Amazon Europe <donotreply@amazon.com>,"Get your Ireland VAT registration covered – €1,250 paid by Amazon",,"96
 Activate placement in Ireland and Amazon covers your VAT registration and filing costs.
 Dear Seller,
 Great news! Amazon is offering a €1,250 payment to cover the cost of your Irish VAT registration and filing services when you expand to Amazon.ie through one of our approved Tax Advisers.
 What does it mean for you:
 Amazon covers €1,250 for your VAT registration, filing services, and fiscal representation (if applicable) — so you can get set up in Ireland quickly and at no cost to you. Plus, benefit from extremely competitive low domestic FBA costs once you activate placement.
 Enrol now
 What you need to do:
- Activate placement in Ireland in your FBA CR Fulfilment Settings
- Sign up with a Tax Adviser via Settings → Tax Settings → Services Hub → select IE
- Enrol via Menu → Growth → seller Rewards → Enrol in IE VAT Promotion Why does this matter:
- Reach new customers : list and sell on Amazon.ie to tap into the Irish market
- Grow revenue : expand into a fast-developing marketplace with increasing demand
- Lower costs: benefit from extremely competitive domestic FBA fees in Ireland Promotion valid until 31 December 2026 . Eligibility criteria apply.
 Amazon Europe
 Report ",2026-07-27 22:52:53,RETR,xtbBsh4dA2pOP34wUgAA31
付款/资金类,older,account_4,weihaizhongxin2024@126.com,"Tue, 7 Jul 2026 05:23:29 +0000",Amazon Services <donotreply@amazon.com>,Tu pago está en camino,,"96
This title will display on mobile devices
 ¡Enhorabuena! El pago está de camino y llegará pronto.
 El pago está en camino
Enhorabuena, Weihai EU. Tu pago está en camino y te llegará en un plazo de tres a cinco días.
El 07/07/26 05:23 WEST, iniciamos una transferencia a tu método de pago (cuenta bancaria terminado en 229) por un importe de €
 423,89.
 Si el importe es inferior a lo esperado, ten en cuenta las siguientes preguntas:
 ¿Tienes saldo no disponible en tu cuenta de vendedor? Puede que hayamos reservado algo de dinero para posibles devoluciones, reclamaciones o reversiones de cargo de clientes. En este caso, el saldo de cierre de tu informe de pagos te mostrará el saldo no disponible en reserva.
 ¿Cubren tus ventas las tarifas de Amazon y las devoluciones del periodo de liquidación? El importe del pago refleja las ventas que has hecho y las tarifas de venta aplicadas tanto a dichas ventas como a cualquier promoción o servicio que hayas utilizado. Te recomendamos que revises tu informe de pagos en ""Informes"" de Seller Central para conocer el saldo de cierre.
Para más información sobre los informes de pagos en Seller Central, visita nuestro curso oficial.
Te deseamos un éx",2026-07-27 22:52:46,RETR,xtbBsxYmDGpMjVYXowAA3G
付款/资金类,older,account_4,weihaizhongxin2024@126.com,"Sun, 5 Jul 2026 13:51:10 +0000",Amazon Services <donotreply@amazon.com>,Tu pago está en camino,,"96
This title will display on mobile devices
 ¡Enhorabuena! El pago está de camino y llegará pronto.
 El pago está en camino
Enhorabuena, Weihai EU. Tu pago está en camino y te llegará en un plazo de tres a cinco días.
El 07/05/26 13:50 WEST, iniciamos una transferencia a tu método de pago (cuenta bancaria terminado en 229) por un importe de €
 499,26.
 Si el importe es inferior a lo esperado, ten en cuenta las siguientes preguntas:
 ¿Tienes saldo no disponible en tu cuenta de vendedor? Puede que hayamos reservado algo de dinero para posibles devoluciones, reclamaciones o reversiones de cargo de clientes. En este caso, el saldo de cierre de tu informe de pagos te mostrará el saldo no disponible en reserva.
 ¿Cubren tus ventas las tarifas de Amazon y las devoluciones del periodo de liquidación? El importe del pago refleja las ventas que has hecho y las tarifas de venta aplicadas tanto a dichas ventas como a cualquier promoción o servicio que hayas utilizado. Te recomendamos que revises tu informe de pagos en ""Informes"" de Seller Central para conocer el saldo de cierre.
Para más información sobre los informes de pagos en Seller Central, visita nuestro curso oficial.
Te deseamos un éx",2026-07-27 22:52:24,RETR,xtbBshKZf2pKYVKM8QAA3o
付款/资金类,older,account_4,weihaizhongxin2024@126.com,"Fri, 3 Jul 2026 14:39:15 +0000",Amazon Services <donotreply@amazon.com>,Tu pago está en camino,,"96
This title will display on mobile devices
 ¡Enhorabuena! El pago está de camino y llegará pronto.
 El pago está en camino
Enhorabuena, Weihai EU. Tu pago está en camino y te llegará en un plazo de tres a cinco días.
El 07/03/26 14:39 WEST, iniciamos una transferencia a tu método de pago (cuenta bancaria terminado en 229) por un importe de €
 518,61.
 Si el importe es inferior a lo esperado, ten en cuenta las siguientes preguntas:
 ¿Tienes saldo no disponible en tu cuenta de vendedor? Puede que hayamos reservado algo de dinero para posibles devoluciones, reclamaciones o reversiones de cargo de clientes. En este caso, el saldo de cierre de tu informe de pagos te mostrará el saldo no disponible en reserva.
 ¿Cubren tus ventas las tarifas de Amazon y las devoluciones del periodo de liquidación? El importe del pago refleja las ventas que has hecho y las tarifas de venta aplicadas tanto a dichas ventas como a cualquier promoción o servicio que hayas utilizado. Te recomendamos que revises tu informe de pagos en ""Informes"" de Seller Central para conocer el saldo de cierre.
Para más información sobre los informes de pagos en Seller Central, visita nuestro curso oficial.
Te deseamos un éx",2026-07-27 22:52:21,RETR,xtbBpBYE6WpHyZbtGgAA3a
付款/资金类,older,account_4,weihaizhongxin2024@126.com,"Fri, 3 Jul 2026 10:10:03 +0000","""donotreply@amazon.com"" <donotreply@amazon.com>",✅ Transparency Payment Confirmed!,,"96
 Hello,
Thank you for your purchase! Your payment has been successfully processed. Here is your payment summary:
Invoice Number: 1QDP-M6N7-PPHG...
Hello,
Thank you for your purchase! Your payment has been successfully processed. Here is your payment summary:
Invoice Number: 1QDP-M6N7-PPHG
Date: July 3, 2026
Amount Paid: 740.35 USD
Remaining Balance: 0.00 USD
Payment Method: Cash Transfer
You can access all your billing and payments related information by going to your Transactions Dashboard.
 [Link to invoice Dashboard]
 If you see an 'Access Denied' error message when you use the link below and are not able to access the invoice/credit note, then please email transparency-support@amazon.com with your profile link (see instructions below).
 Frequently Asked Questions (FAQ)
 I see 'Access Denied' message after logging into the Transparency Portal, what should I do?
- Please log into your Amazon.com account associated with this email address. If you don't have an account, please create one with this email address.
- Go to https://www.amazon.com/profile.
- Copy the URL that was generated in the search bar. The profile link you need to provide will look similar to this: https://www.",2026-07-27 22:52:19,RETR,xtbBsh4uFGpHin4j-QAA3R
付款/资金类,older,account_4,weihaizhongxin2024@126.com,"Thu, 2 Jul 2026 17:09:13 +0000",The Amazon Services team <donotreply@amazon.com>,Access your January–March 2026 China tax report,,"96
 You can now download your quarterly tax report, which includes data such as identity information, number of transactions, revenue, and commission and service fees.
 Hello,
 According to rules for online stores issued by the State Council of China (Decree No. 810), we are required to provide information on China-based sellers to the Chinese tax authority on a quarterly basis.
 Some sellers identified potential data discrepancies with the first quarterly tax report covering January to March 2026. Our team has carefully reviewed all reporting to ensure it accurately reflects your activity in our store and resubmitted Q1 2026 reports to the Chinese tax authority where necessary.
 We’re re-sending your quarterly China tax report in case you didn’t download it. The links below are active for seven days.
 Download your quarterly report
 This report is provided for your reference only; no action is required.
 We’ve also provided a more granular order-level report that displays your quarterly information by transaction.
 Download your order-level report
 Variation between the data in these reports and your payment and Amazon VAT transactions report is expected. Each report uses distinct",2026-07-27 22:52:18,RETR,xtbBshshB2pGmzs1BwAA3x
付款/资金类,older,account_4,weihaizhongxin2024@126.com,"Thu, 2 Jul 2026 16:54:53 +0000",The Amazon Services team <donotreply@amazon.com>,Access your January - March 2026 China tax report,,"96
 You can now download your quarterly tax report which includes data such as identity information, number of transactions, revenue, and commission and service fees.
 Hello,
 According to rules for online stores issued by the State Council of China (Decree No. 810), we are required to provide information on China-based sellers to the Chinese tax authority on a quarterly basis.
 Some sellers identified potential data discrepancies with the first quarterly tax report covering January to March 2026. Our team has carefully reviewed all reporting to ensure it accurately reflects your activity in our store, and resubmitted Q1 2026 reports to the Chinese tax authority where necessary.
 We’re re-sending your quarterly China tax report in case you didn’t download it. The links below are active for seven days.
 Download your quarterly report
 This report is provided for your reference only, no action is required.
 We’ve also provided a more granular order-level report that displays your quarterly information by transaction.
 Download your order-level report
 Variation between the data in these reports and your payment and Amazon VAT transactions report is expected. Each report uses distinct",2026-07-27 22:52:17,RETR,xtbBsgFKMGpGl+EPyAAA3U
付款/资金类,older,account_4,weihaizhongxin2024@126.com,"Wed, 1 Jul 2026 14:45:45 +0000",Amazon Services <donotreply@amazon.com>,Your payment is on the way,,"96
This title will display on mobile devices
 Congratulations! Your payment is on the way and will arrive soon.
 Disbursement attempted
Congratulations Weihai CA! Your payment is on the way and will arrive within three to five days.
On 07/01/26 14:45 EDT, we initiated a transfer to your payment method (bank account ending in 151) in the amount of CAD
 422.18.
 If the amount is less than expected, here are a few questions to consider:
 Do you have an unavailable balance? Amazon might be reserving money to cover potential returns, claims or chargebacks from buyers. If this is the case, the closing balance in your Payment Report will display the unavailable balance that is reserved.
 Did your sales cover all fees and returns for this statement period? The payment amount reflects sales activities, selling fees and fees for promotions or services. We recommend reviewing your Payment Report under the Reports tab in Seller Central to understand your closing balance.
To learn more about Payment Reports in Seller Central, please visit our official course.
We wish you continued success!
Thank you for selling in the Amazon Store,
Amazon Services
Help us improve your payment experience on Amaz",2026-07-27 22:52:14,RETR,xtbBshz84mpFKBzE3gAA3x
付款/资金类,older,account_4,weihaizhongxin2024@126.com,"Wed, 1 Jul 2026 14:43:29 +0000",Amazon Services <donotreply@amazon.com>,Tu pago está en camino,,"96
This title will display on mobile devices
 ¡Enhorabuena! El pago está de camino y llegará pronto.
 El pago está en camino
Enhorabuena, Weihai EU. Tu pago está en camino y te llegará en un plazo de tres a cinco días.
El 07/01/26 14:42 WEST, iniciamos una transferencia a tu método de pago (cuenta bancaria terminado en 229) por un importe de €
 873,07.
 Si el importe es inferior a lo esperado, ten en cuenta las siguientes preguntas:
 ¿Tienes saldo no disponible en tu cuenta de vendedor? Puede que hayamos reservado algo de dinero para posibles devoluciones, reclamaciones o reversiones de cargo de clientes. En este caso, el saldo de cierre de tu informe de pagos te mostrará el saldo no disponible en reserva.
 ¿Cubren tus ventas las tarifas de Amazon y las devoluciones del periodo de liquidación? El importe del pago refleja las ventas que has hecho y las tarifas de venta aplicadas tanto a dichas ventas como a cualquier promoción o servicio que hayas utilizado. Te recomendamos que revises tu informe de pagos en ""Informes"" de Seller Central para conocer el saldo de cierre.
Para más información sobre los informes de pagos en Seller Central, visita nuestro curso oficial.
Te deseamos un éx",2026-07-27 22:52:13,RETR,xtbBpBXawGpFJ5WurwAA33
付款/资金类,older,account_4,weihaizhongxin2024@126.com,"Wed, 1 Jul 2026 14:42:06 +0000",Amazon Services <donotreply@amazon.com>,Your payment is on the way,,"96
This title will display on mobile devices
 Congratulations! Your payment is on the way and will arrive soon.
 Disbursement Attempted
Congratulations Weihai EU! Your payment is on the way and will arrive within three to five days.
On 07/01/26 14:41 CEST, we initiated a transfer to your payment method (bank account ending in 229) in the amount of €
 660.39.
 If the amount is less than expected, here are a few questions to consider:
 Do you have an unavailable balance? Amazon might be reserving money to cover potential returns, claims, or chargebacks from buyers. If this is the case, the closing balance in your Payment Report will display the unavailable balance that is reserved.
 Did your sales cover all fees and returns for this statement period? The payment amount reflects sales activities, selling fees, and fees for promotions or services. We recommend reviewing your Payment Report under the Reports tab in Seller Central to understand your closing balance.
To learn more about Payment Reports in Seller Central, please visit our official course.
We wish you continued success!
Thank you for selling in the Amazon store,
Amazon Services
Help us improve your payment experience on Ama",2026-07-27 22:52:12,RETR,xtbBswHFq2pFJ0FviQAA3z
付款/资金类,older,account_4,weihaizhongxin2024@126.com,"Mon, 29 Jun 2026 14:21:30 +0000",Amazon Services <donotreply@amazon.com>,Your payment is on the way,,"96
This title will display on mobile devices
 Congratulations! Your payment is on the way and will arrive soon.
 Disbursement Attempted
Congratulations Weihai EU! Your payment is on the way and will arrive within three to five days.
On 06/29/26 14:21 BST, we initiated a transfer to your payment method (bank account ending in 191) in the amount of £
 325.36.
 If the amount is less than expected, here are a few questions to consider:
 Do you have an unavailable balance? Amazon might be reserving money to cover potential returns, claims or chargebacks from buyers. If this is the case, the closing balance in your Payment Report will display the unavailable balance that is reserved.
 Did your sales cover all fees and returns for this statement period? The payment amount reflects sales activities, selling fees and fees for promotions or services. We recommend reviewing your Payment Report under the Reports tab in Seller Central to understand your closing balance.
To find out more about Payment Reports in Seller Central, please visit our official course.
We wish you continued success!
Thank you for selling in the Amazon store,
Amazon Services
Help us improve your payment experience on Ama",2026-07-27 22:52:06,RETR,xtbBpQ4mDGpCf24WyAAA3m
付款/资金类,older,account_4,weihaizhongxin2024@126.com,"Mon, 29 Jun 2026 14:17:27 +0000",Amazon Services <donotreply@amazon.com>,Tu pago está en camino,,"96
This title will display on mobile devices
 ¡Enhorabuena! El pago está de camino y llegará pronto.
 El pago está en camino
Enhorabuena, Weihai EU. Tu pago está en camino y te llegará en un plazo de tres a cinco días.
El 06/29/26 14:17 WEST, iniciamos una transferencia a tu método de pago (cuenta bancaria terminado en 229) por un importe de €
 240,13.
 Si el importe es inferior a lo esperado, ten en cuenta las siguientes preguntas:
 ¿Tienes saldo no disponible en tu cuenta de vendedor? Puede que hayamos reservado algo de dinero para posibles devoluciones, reclamaciones o reversiones de cargo de clientes. En este caso, el saldo de cierre de tu informe de pagos te mostrará el saldo no disponible en reserva.
 ¿Cubren tus ventas las tarifas de Amazon y las devoluciones del periodo de liquidación? El importe del pago refleja las ventas que has hecho y las tarifas de venta aplicadas tanto a dichas ventas como a cualquier promoción o servicio que hayas utilizado. Te recomendamos que revises tu informe de pagos en ""Informes"" de Seller Central para conocer el saldo de cierre.
Para más información sobre los informes de pagos en Seller Central, visita nuestro curso oficial.
Te deseamos un éx",2026-07-27 22:52:05,RETR,xtbBshnozmpCfnkewwAA3-
付款/资金类,older,account_4,weihaizhongxin2024@126.com,"Sun, 28 Jun 2026 03:31:27 +0000",Amazon Services <donotreply@amazon.com>,Your payment is on the way,,"96
This title will display on mobile devices
 Congratulations! Your payment is on the way and will arrive soon.
 Disbursement attempted
Congratulations Weihai CA! Your payment is on the way and will arrive within three to five days.
On 06/28/26 03:31 EDT, we initiated a transfer to your payment method (bank account ending in 151) in the amount of CAD
 208.42.
 If the amount is less than expected, here are a few questions to consider:
 Do you have an unavailable balance? Amazon might be reserving money to cover potential returns, claims or chargebacks from buyers. If this is the case, the closing balance in your Payment Report will display the unavailable balance that is reserved.
 Did your sales cover all fees and returns for this statement period? The payment amount reflects sales activities, selling fees and fees for promotions or services. We recommend reviewing your Payment Report under the Reports tab in Seller Central to understand your closing balance.
To learn more about Payment Reports in Seller Central, please visit our official course.
We wish you continued success!
Thank you for selling in the Amazon Store,
Amazon Services
Help us improve your payment experience on Amaz",2026-07-27 22:51:58,RETR,xtbBpRM0GmpAlZOEdQAA3F
付款/资金类,older,account_4,weihaizhongxin2024@126.com,"Sun, 28 Jun 2026 03:28:55 +0000",Amazon Services <donotreply@amazon.com>,Your payment is on the way,,"96
This title will display on mobile devices
 Congratulations! Your payment is on the way and will arrive soon.
 Disbursement Attempted
Congratulations Weihai EU! Your payment is on the way and will arrive within three to five days.
On 06/28/26 03:28 CEST, we initiated a transfer to your payment method (bank account ending in 229) in the amount of €
 980.43.
 If the amount is less than expected, here are a few questions to consider:
 Do you have an unavailable balance? Amazon might be reserving money to cover potential returns, claims, or chargebacks from buyers. If this is the case, the closing balance in your Payment Report will display the unavailable balance that is reserved.
 Did your sales cover all fees and returns for this statement period? The payment amount reflects sales activities, selling fees, and fees for promotions or services. We recommend reviewing your Payment Report under the Reports tab in Seller Central to understand your closing balance.
To learn more about Payment Reports in Seller Central, please visit our official course.
We wish you continued success!
Thank you for selling in the Amazon store,
Amazon Services
Help us improve your payment experience on Ama",2026-07-27 22:51:57,RETR,xtbBpRoO82pAlPqAqwAA3t
产品链接/合规类,older,account_4,weihaizhongxin2024@126.com,"Wed, 15 Jul 2026 06:06:37 +0000",Amazon Services <donotreply@amazon.com>,Submit product safety documentation to avoid listing deactivation,,"96
 Hello Weihai CA,
 Some of your listings are at risk of deactivation due to missing mandatory compliance requirements for your products. Review the details and next steps below. The affected listings are shown at the end of this email.
 Why is this happening?
 We are taking this action because these products are missing mandatory compliance information. Review our Product safety and compliance help page for information on applicable laws, regulations and Amazon policies.
 The table at the end of this email provides product-specific compliance requirements.
 How do I reactivate my listings?
 To provide the required compliance information, go to your Account Health page and locate the product compliance requests:
-
 If you have the required documentation, follow the instructions to submit your compliance documents.
-
 If you believe your products are exempt from these requirements, submit documentation demonstrating why they are not subject to these compliance requirements.
 For step-by-step instructions, see our Submit compliance documents or appeal a documentation request help page.
 To avoid further impact to your account, close or delete any non-compliant listings that you do ",2026-07-27 22:53:18,RETR,xtbBpBFVO2pXI3EdygAA3j
产品链接/合规类,older,account_4,weihaizhongxin2024@126.com,"Fri, 10 Jul 2026 15:01:39 +0000",Amazon Europe <noreply@sell.amazon.com>,"Manage VAT & EPR Requirements Directly Within Your Pan-European FBA
 Inventory Portal",,"Visit the Pan-EU Portal to Manage Listings,﻿ Compliance &amp; Expansion in EU
                                                    ‍͏  ͏  ‍͏  ͏  ‍͏  ͏  ‍͏  ͏  ‍͏  ͏  ‍͏  ͏  ‍͏  ͏  ‍͏  ͏  ‍͏  ͏  ‍͏  ͏  ‍͏  ͏  ‍͏  ͏  ‍͏  ͏  ‍͏  ͏  ‍͏  ͏  ‍͏  ͏  ‍͏  ͏  ‍͏  ͏  ‍͏  ͏  ‍͏  ͏  ‍͏  ͏  ‍͏  ͏  ‍͏  ͏  ‍͏  ͏  ‍͏  ͏  ‍͏  ͏  ‍͏  ͏  ‍͏  ͏  ‍͏  ͏  ‍͏  ͏  ‍͏  ͏  ‍͏  ͏  ‍͏  ͏  ‍͏  ͏  ‍͏  ͏  ‍͏  ͏  ‍͏  ͏  ‍͏  ͏  ‍͏  ͏ ͏‌ ­ ­ ­ ­ ͏‌ ­ ­ ­ ­ ͏‌ ­ ­ ­ ­ ͏‌ ­ ­ ­ ­ ͏‌ ­ ­ ­ ­ ͏‌ ­ ­ ­ ­ ͏‌ ­ ­ ­ ­ ͏‌ ­ ­ ­ ­ ͏‌ ­ ­ ­ ­ ͏‌ ­ ­ ­ ­ ͏‌ ­ ­ ­ ­ ͏‌ ­ ­ ­ ­ ͏‌ ­ ­ ­ ­ ͏‌ ­ ­ ­ ­ ͏‌ ­ ­ ­ ­ ͏‌ ­ ­ ­ ­ ͏‌ ­ ­ ­ ­ ͏‌ ­ ­ ­ ­ ͏‌ ­ ­ ­ ­ ͏‌ ­ ­ ­ ­ ͏‌ ­ ­ ­ ­ ͏‌ ­ ­ ­ ­ ͏‌ ­ ­ ­ ­ ͏‌ ­ ­ ­ ­ ͏‌ ­ ­ ­ ­ ͏‌ ­ ­ ­ ­ ͏‌ ­ ­ ­ ­ ͏‌ ­ ­ ­ ­ ͏‌ ­ ­ ­ ­ ͏‌ ­ ­ ­ ­ ͏‌ ­ ­ ­ ­ ͏‌ ­ ­ ­ ­ ͏‌ ­ ­ ­ ­ ͏‌ ­ ­ ­ ­ ͏‌ ­ ­ ­ ­ ͏‌ ­ ­ ­ ­ ͏‌ ­ ­ ­ ­ ͏‌ ­ ­ ­ ­ ͏‌ ­ ­ ­ ­ ͏‌ ­ ­ ­ ­ ͏‌ ­ ­ ­ ­ ͏‌ ­ ­ ­ ­ ͏‌ ­ ­ ­ ­ ͏‌ ­ ­ ­ ­ ͏‌ ­ ­ ­ ­ ͏‌ ­ ­ ­ ­ ͏‌ ­ ­ ­ ­ ͏‌ ­ ­ ­ ­ ͏‌ ­ ­ ­ ­ ͏‌ ­ ­ ­ ­ ͏‌ ­ ­ ­ ­ ͏‌ ­ ­ ­ ­ ͏‌ ­ ­ ­ ­ ͏‌ ­ ­ ­ ­ ͏‌ ­ ­ ­ ­ ͏‌ ­ ­ ­ ­ ͏‌ ­ ­ ­ ­ ͏‌ ­ ­ ­ ­ ͏‌ ­ ­ ­ ­ ͏‌ ­ ­ ­ ­ ͏‌ ­ ­ ­ ­ ͏‌ ­ ­ ­ ­ ͏‌ ­ ­ ­ ­ ͏‌ ­ ­ ­ ­ ͏‌ ­ ­ ­ ­
https://go.amazonsellerservices.com/e/229492/2026-07-10/7z4kvj4/6762447069/h/VpEb28",2026-07-27 22:53:06,RETR,xtbBshZGLGpRCVaXmgAA3n
产品链接/合规类,older,account_4,weihaizhongxin2024@126.com,"Wed, 8 Jul 2026 17:38:33 +0000",Amazon Services <donotreply@amazon.com>,Reactivate your EU listings - GPSR compliance required,,"96
 Reactivate your EU listings - GPSR compliance required
 Hello Weihai EU,
 Some of your listings have been deactivated from our European Union (EU) stores due to missing compliance information. This action does not impact your account health.
 You can find examples of your deactivated listings at the bottom of this email, and the full list on your Account Health page. Review the affected listings and next steps to meet General Product Safety Regulation (GPSR) requirements below.
 Submit compliance information
 Submit compliance information
 How do I reactivate my listings?
 To reactivate your listings, provide the required GPSR compliance information by following the instructions below:
-
 Go to your Account Health page .
- Select 'Add filters' and check 'Listing removed' in the ""Filter by action taken"" column.
- Click 'Submit' next to the deactivated listing and follow the instructions provided.
- Follow the steps on Suppressed listings to resolve any outstanding listing issues. Existing issues prevent listings from being reactivated, even if you’ve fulfilled all compliance requirements.
 Note: If you’ve recently submitted information on your Account Health page, and no longer ",2026-07-27 22:52:55,RETR,xtbBpRwY-WpOixyXFAAA3s
产品链接/合规类,older,account_4,weihaizhongxin2024@126.com,"Tue, 7 Jul 2026 16:17:59 +0000",Amazon Services <donotreply@amazon.com>,Reactivate your EU listings - GPSR compliance required,,"96
 Reactivate your EU listings - GPSR compliance required
 Hello Weihai EU,
 Some of your listings have been deactivated from our European Union (EU) stores due to missing compliance information. This action does not impact your account health.
 You can find examples of your deactivated listings at the bottom of this email, and the full list on your Account Health page. Review the affected listings and next steps to meet General Product Safety Regulation (GPSR) requirements below.
 Submit compliance information
 Submit compliance information
 How do I reactivate my listings?
 To reactivate your listings, provide the required GPSR compliance information by following the instructions below:
-
 Go to your Account Health page .
- Select 'Add filters' and check 'Listing removed' in the ""Filter by action taken"" column.
- Click 'Submit' next to the deactivated listing and follow the instructions provided.
- Follow the steps on Suppressed listings to resolve any outstanding listing issues. Existing issues prevent listings from being reactivated, even if you’ve fulfilled all compliance requirements.
 Note: If you’ve recently submitted information on your Account Health page, and no longer ",2026-07-27 22:52:50,RETR,xtbBpBqli2pNJrqrgAAA3A
产品链接/合规类,older,account_4,weihaizhongxin2024@126.com,"Tue, 7 Jul 2026 05:08:36 +0000",Amazon Services <donotreply@amazon.com>,Submit product safety documentation to avoid listing deactivation,,"96
 Hello Weihai EU,
 Some of your listings are at risk of deactivation due to missing mandatory compliance requirements for your products. Review the details and next steps below. The affected listings are shown at the end of this email.
 Why is this happening?
 We are taking this action because these products are missing mandatory compliance information. Review our Product safety and compliance help page for information on applicable laws, regulations, and Amazon policies.
 The table at the end of this email provides product-specific compliance requirements.
 How do I reactivate my listings?
 To provide the required compliance information, go to your Account Health page and locate the product compliance requests:
-
 If you have the required documentation, follow the instructions to submit your compliance documents.
-
 If you believe your products are exempt from these requirements, submit documentation demonstrating why they are not subject to these compliance requirements.
 For step-by-step instructions, see our Submit compliance documents or appeal a documentation request help page.
 To avoid further impact to your account, close or delete any non-compliant listings that you do",2026-07-27 22:52:46,RETR,xtbBsxhGLGpMidj8tgAA38
产品链接/合规类,older,account_4,weihaizhongxin2024@126.com,"Mon, 6 Jul 2026 13:22:39 +0000",Sell with Amazon <no-reply@sell.amazon.com>,"Get answers from the people who build the tools you use every day.
 Save $100",,"[Amazon logo](https://go.amazonsellerservices.com/e/229492/-ld-EM/7z49s9x/6752554013/h/2aeQsjjzcdEfNdbvcpArxhFF9Du4sBW3WI4zsTSQPBE)
[Speakers at Accelerate](https://go.amazonsellerservices.com/e/229492/-medium-email-utm-source-email/7z4bmtj/6752554013/h/2aeQsjjzcdEfNdbvcpArxhFF9Du4sBW3WI4zsTSQPBE)
Accelerate 2026 speaker lineup announced
The Amazon Accelerate 2026 speaker lineup is here. These are the leaders building the tools, programs, and strategies that shape your selling experience every day.
Join us from September 22 to 24 in Seattle to connect with them directly.
[Register now](https://go.amazonsellerservices.com/e/229492/-medium-email-utm-source-email/7z4bmtj/6752554013/h/2aeQsjjzcdEfNdbvcpArxhFF9Du4sBW3WI4zsTSQPBE)
""...It was cool to get to talk to actual product managers at Amazon that develop the tools I use every day. It was a peek behind the curtain and cool to see ways that Amazon is strategizing, improving, detailing the future of its selling platform.""
2025 attendee
Introducing some of the speakers you'll hear from:
[A checkmark icon]
Mary Beth Westmoreland, Vice President, Selling Partner Experience
Mary Beth's teams are responsible for delivering the tools, exper",2026-07-27 22:52:27,RETR,xtbBpQKghmpLrCJXRQAA38
产品链接/合规类,older,account_4,weihaizhongxin2024@126.com,"Mon, 6 Jul 2026 13:08:44 +0000",Amazon Services <donotreply@amazon.com>,Submit product safety documentation to avoid listing deactivation,,"96
 Hello Weihai EU,
 Some of your listings are at risk of deactivation due to missing mandatory compliance requirements for your products. Review the details and next steps below. The affected listings are shown at the end of this email.
 Why is this happening?
 We are taking this action because these products are missing mandatory compliance information. Review our Product safety and compliance help page for information on applicable laws, regulations, and Amazon policies.
 The table at the end of this email provides product-specific compliance requirements.
 How do I reactivate my listings?
 To provide the required compliance information, go to your Account Health page and locate the product compliance requests:
-
 If you have the required documentation, follow the instructions to submit your compliance documents.
-
 If you believe your products are exempt from these requirements, submit documentation demonstrating why they are not subject to these compliance requirements.
 For step-by-step instructions, see our Submit compliance documents or appeal a documentation request help page.
 To avoid further impact to your account, close or delete any non-compliant listings that you do",2026-07-27 22:52:26,RETR,xtbBswDPtWpLqOD6YQAA37
产品链接/合规类,older,account_4,weihaizhongxin2024@126.com,"Mon, 6 Jul 2026 08:00:54 +0000",Amazon Seller Support <merch.service05@amazon.com>,"RE:[CASE 20858098381] US - Food and Product Safety - ASIN:
 B0DD7R3PPG",,"96
RE:[CASE 20858098381] US - Food and Product Safety - ASIN: B0DD7R3PPG
Hello from Amazon Selling Partner Support,
We are writing regarding your dispute for ASIN B0DD7R3PPG (SKU: aadw) — Children Painting Set, which was suppressed due to the non-submission of required details to the Testing Inspection Certification (TIC) team for a non-compliant product with a ""New"" TRF status.
We can confirm that your appeal submission is currently under review. According to your Account Health Dashboard, we have received your submission and the evaluation is in progress — no further action is required from you at this time. Please continue to monitor the status of your appeal directly from your Account Health Dashboard:
https://sellercentral.amazon.com/performance/account/health/product-policies?s=aadw
In the meantime, for guidance on reinstatement requirements, please review the details under Performance Notifications in your Account Health Dashboard :
https://sellercentral.amazon.com/help/hub/reference/GKJRA3FRPRKVBJJS?locale=en-US
To help us continually improve, we ask that you take a moment to complete our survey below to tell us about your experience with this specific interaction.
Were you",2026-07-27 22:52:26,RETR,xtbBsxqzmWpLYLq1lAAA3Z
产品链接/合规类,older,account_4,weihaizhongxin2024@126.com,"Mon, 6 Jul 2026 05:35:29 +0000",Amazon Seller Support <merch.service05@amazon.com>,"RE:[CASE 20858098381] US - Food and Product Safety - ASIN:
 B0DD7R3PPG",,"96
RE:[CASE 20858098381] US - Food and Product Safety - ASIN: B0DD7R3PPG
Hello from Amazon Selling Partner Support!
We have received your appeal against ASIN B0DD7R3PPG (SKU: aadw, children's drawing set) and the relevant supporting documents (product PDF and safety data sheet) from you.
I would like to let you know that I have escalated this to our specialized Team to further troubleshoot the situation.
As soon as we receive a resolution from this team, we will be getting in touch with you.
To help us continually improve, we ask that you take a moment to complete our survey below to tell us about your experience with this specific interaction.
Were you satisfied with the support provided?
 Yes
 No
Thank you for selling with Amazon,
Daniel R.
Amazon.com Seller Support
=======================================
MORE WAYS TO GET HELP:
Visit our Seller Forums for help from other sellers: http://sellercentral.amazon.com/forums
Browse all Seller Help topics: http://sellercentral.amazon.com/gp/help
To contact us again about this issue, please use the Contact Us form in Seller Central using the following link:
https://sellercentral.amazon.com/cu/case-dashboard/view-case?caseID=20858098381
Pl",2026-07-27 22:52:25,RETR,xtbBswUmDGpLPqVfUQAA3o
产品链接/合规类,older,account_4,weihaizhongxin2024@126.com,"Fri, 3 Jul 2026 06:41:28 +0000",Amazon Seller Support <merch.service05@amazon.com>,"RE:[CASE 20858098381] US - Food and Product Safety - ASIN:
 B0DD7R3PPG",,"96
RE:[CASE 20858098381] US - Food and Product Safety - ASIN: B0DD7R3PPG
Hello from Amazon Selling Partner Support,
We are writing regarding your dispute for ASIN B0DD7R3PPG (SKU: aadw) — Children Painting Set, which was suppressed due to the non-submission of required details to the Testing Inspection Certification (TIC) team for a non-compliant product with a ""New"" TRF status.
We have received the supporting documents you provided, including the product PDF and Safety Data Sheet, and have escalated this matter to the appropriate internal team for further investigation. The case is currently pending their review, and we will follow up with you as soon as we have an update.
In the meantime, to support reinstatement, please review the details in your Account Health Dashboard under Performance Notifications and work with the Testing Inspection Certification (TIC) team as outlined in the following help page:
https://sellercentral.amazon.com/help/hub/reference/external/GKJRA3FRPRKVBJJS?locale=en-US
You may also refer to the TIC help page:
https://sellercentral.amazon.com/help/hub/reference/external/GUTZ2R2DD6P2UMVB?locale=en-US
To help us continually improve, we ask that you take a mom",2026-07-27 22:52:18,RETR,xtbBshzpz2pHWZxSnQAA3v
产品链接/合规类,older,account_4,weihaizhongxin2024@126.com,"Thu, 2 Jul 2026 14:09:44 +0000",Amazon Europe <donotreply@amazon.com>,"Seller Assistant is now live in France, Italy & Spain",,"96
 AI-powered assistance is now available in Seller Central to help you manage your business more efficiently.
 Hello,
 Managing your business on Amazon just got easier.
 Seller Assistant is now available in FRITES within Seller Central. This AI-powered assistant helps you find relevant information, access insights, and manage your business more efficiently, directly where you already work.
 Seller Assistant provides guidance on our tools, policies, and processes using information available across Seller Central, along with personalized responses based on your account data. This allows you to quickly surface insights related to your business performance, inventory planning, listing, compliance, and account health without navigating multiple pages.
 Seller Assistant is designed to reduce effort in day-to-day business management and support faster, more informed decision-making.
 Try Seller Assistant
 Start using Seller Assistant to get quick answers to business questions, such as:
- How is my business performing?
- Which products should I restock to avoid going out of stock?
- Are there any compliance issues with my current listings?
- What actions can I take to improve my account ",2026-07-27 22:52:17,RETR,xtbBsgqSeGpGcSqS-QAA3K
产品链接/合规类,older,account_4,weihaizhongxin2024@126.com,"Wed, 1 Jul 2026 13:15:52 +0000",Sell with Amazon <no-reply@sell.amazon.com>,"The Amazon Accelerate 2026 speaker lineup is here! Register now to
 save $100",,"[Amazon logo](https://go.amazonsellerservices.com/e/229492/-ld-EM/7z49sbm/6744236849/h/wes7VJdAGIYNS4DfvXPWWwdvIH7_mIadF_Oxp_jSZW8)
[Speakers at Accelerate](https://go.amazonsellerservices.com/e/229492/-medium-email-utm-source-email/7z49sbq/6744236849/h/wes7VJdAGIYNS4DfvXPWWwdvIH7_mIadF_Oxp_jSZW8)
Meet the leaders building for seller success
At Accelerate, you won't just hear about what's coming. You'll ask questions, share feedback, and have real conversations with the people building the tools and programs that power your business. This is face-to-face time you can't get anywhere else.
Join us from September 22 to 24 in Seattle to connect with them directly.
[Register now](https://go.amazonsellerservices.com/e/229492/-medium-email-utm-source-email/7z49sbq/6744236849/h/wes7VJdAGIYNS4DfvXPWWwdvIH7_mIadF_Oxp_jSZW8)
""We've attended Amazon Accelerate since the beginning, and every year it gets more focused and valuable. We leave with clear action items, and each time we've seen a direct impact on revenue as a result.""
2025 attendee
Introducing some of the speakers you'll hear from:
[A checkmark icon]
Mary Beth Westmoreland, Vice President, Selling Partner Experience
Mary Beth's teams ",2026-07-27 22:52:12,RETR,xtbBpQyzmWpFEww+xgAA3L
产品链接/合规类,older,account_4,weihaizhongxin2024@126.com,"Tue, 30 Jun 2026 04:09:19 +0000","""seller.service05@amazon.com"" <seller.service05@amazon.com>","[Case ID 20858098381] *UPDATE* US - Food and Product Safety - ASIN:
 B0DD7R3PPG",,"96
[Case ID 20858098381] *UPDATE* US - Food and Product Safety - ASIN: B0DD7R3PPG
 Hello,
Thanks for your continued patience. We are currently researching your issue in partnership with the responsible team. We'll provide an update as soon as any additional information is available.
 Copyright 2026 Amazon, Inc, or its affiliates. All rights reserved.
 Amazon.com, 410 Terry Avenue North, Seattle, WA 98109-5210
 SPC-USAmazon-1759220830316787",2026-07-27 22:52:08,RETR,xtbBpRPXvWpDQXO9RAAA3+
法务/侵权类,older,account_4,weihaizhongxin2024@126.com,"Sun, 19 Jul 2026 13:53:00 +0000",Amazon Services <donotreply@amazon.com>,Votre paiement est en cours,,"96
This title will display on mobile devices
 Félicitations ! Votre paiement est en cours et arrivera sous peu.
 Tentative de versement
Félicitations, Weihai EU ! Votre paiement est en cours et arrivera sous trois à cinq jours.
Le 07/19/26 13:52 CEST, nous avons effectué un virement d’un montant de €
 136.38 sur le compte lié à votre méthode de paiement (compte bancaire se terminant par 229).
 Si le montant est inférieur au montant auquel vous vous attendiez, voici quelques questions à vous poser :
 Disposez-vous d’un solde de fonds non disponibles ? Amazon peut réserver des fonds afin de couvrir des retours, des réclamations ou des rétrofacturations potentiels des acheteurs. Si tel est le cas, le solde de fin de période de votre rapport sur les paiements affichera le solde des fonds non disponibles réservé.
 Vos ventes couvraient-elles l’ensemble des frais et des retours pour cette période de règlements ? Le montant du paiement reflète votre activité commerciale, les frais de vente et les frais relatifs aux promotions et aux services. Nous vous recommandons de consulter votre rapport sur les paiements sous l’onglet Rapports de Seller Central pour comprendre votre solde de fin de p",2026-07-27 22:53:28,RETR,xtbBpQCXfWpc1sCn5gAA3u
法务/侵权类,older,account_4,weihaizhongxin2024@126.com,"Thu, 16 Jul 2026 11:19:50 +0000",Global Warehousing and Distribution <donotreply@amazon.com>,Global Warehousing and Distribution’s new China shipping options are live,,"96
 Choose Shanghai or Shenzhen with Free on Board support
 Global Warehousing and Distribution (GWD)
 GWD now gives you more flexibility in how you ship to US FBA. GWD has expanded to Shanghai, one of China's largest manufacturing and export hubs, and now supports the Free on Board (FOB) incoterm across all its locations.
 What this means for you:
- Send to a location closer to your manufacturer: Choose from GWD facilities in Shanghai or Shenzhen to shorten the distance between your manufacturer and GWD, so your inventory is received and ready for US FBA replenishment faster.
- Keep control of your export documentation: With the FOB incoterm, you can obtain separate invoices for export declaration and origin port handling charges to support your export tax rebate process.
- Reduce US storage costs: Store bulk inventory with GWD in Shanghai or Shenzhen and move it into US FBA based on demand, so you're not paying US storage fees on inventory that isn't ready to sell.
- Start small, scale when ready: Send as little as one shipment to GWD, with no long-term commitment and no peak storage fee increases, so you can confirm GWD fits your supply chain before increasing volume.
 Learn mor",2026-07-27 22:53:22,RETR,xtbBsxx3XWpYvlzYeQAA30
法务/侵权类,older,account_4,weihaizhongxin2024@126.com,"Wed, 15 Jul 2026 12:22:37 +0000",Amazon Europe <noreply@sell.amazon.com>,Introducing the Improved Similar Items Dashboard – Smarter Pricing Starts Now,,"[Amazon logo]
We're excited to announce the launch of the improved Similar Items Dashboard. It helps you understand how comparable products are priced on Amazon. Instead of spending hours on manual research, it provides quick access to Amazon data – all in one place.
[Explore the Dashboard Now](https://go.amazonsellerservices.com/e/229492/tus-all-ref--xx-invmgr-dnav-xx/7z4njtm/6769022163/h/8vIvt897JI4FIoN1zpbOfGsnK8r65MNsf-5hLns08l0)
We've improved our Similar Item Pricing tool designed specifically to help you make faster, more informed pricing decisions.
Here’s what’s new:
Browse Amazon-highlighted similar products based on your catalog or search for specific products yourself
Access key data points including Delivery Experience, Prime Status, Product Ratings, and more
Ready to get started? It's simple:
- Go to your 'Manage All Inventory'
- Click on 'View Reference Prices' in the Pricing column
- Select 'Set Up Similar Products' to access the dashboard
The Similar Items Dashboard can help you research prices for products customers may see as comparable to yours and make more informed pricing decision.
[Explore the Dashboard Now](https://go.amazonsellerservices.com/e/229492/tus-al",2026-07-27 22:53:20,RETR,xtbBpRBzWWpXe5D09wAA3K
法务/侵权类,older,account_4,weihaizhongxin2024@126.com,"Wed, 15 Jul 2026 10:17:38 +0000",Amazon Services <donotreply@amazon.com>,"Get increased New Selection Program (2026) benefits starting July
 30",,"96
 Effective July 30, 2026, the New Selection Program (2026) launches with increased benefits to help you launch new branded products with reduced costs and complexity while boosting early sales.
 Hello,
 If you’re currently enrolled in our existing New Selection Program , you’ll automatically receive New Selection Program (2026) benefits for new branded FBA ASINs that launch starting July 30, through October 31, 2026, as an introductory offer.
 To continue to receive New Selection Program (2026) benefits after October 31, you must confirm your enrollment on Enroll in New Selection Program (2026) . From July 30, the existing New Selection Program will end.
New benefits for an eligible new-to-FBA product include (applicable from first inventory received date):
- Instant fee credits equivalent to capping referral fees to 10% (or your existing rate, whichever is lower) on your first 100 units and 5% (or your existing rate, whichever is lower) on the next 100 units. Credits apply to major fees, like referral and fulfillment fees.
- $50 in coupon variable fee credits and $75 in Vine enrollment fee credits (applied to middle tier), usable within the first 60 days.
- Free storage, free c",2026-07-27 22:53:19,RETR,xtbBpAYZ-mpXXkYvUQAA3e
法务/侵权类,older,account_4,weihaizhongxin2024@126.com,"Sun, 12 Jul 2026 17:10:46 +0000",Luana Camargo <notifications@insgly.net>,Worten Marketplace - Portugal y España,,"¡Buenos días!
Espero que te encuentres bien.
Mi nombre es Luana Camargo y soy Business Developer en WORTEN Portugal y España, parte de Sonae, uno de los más grandes grupos empresariales en Portugal.
Te envío este mensaje porque nos gustaría hacer una colaboración entre Weihai EU y el Marketplace de Worten.
Sobre Worten.
Somos líderes en el mercado portugués, con 200 tiendas alcanzamos más de 1.2 billones de euros en ventas, de los cuales el 20% vienen del online.
En Portugal, Worten.pt es el sitio de comercio electrónico más visitado y con mejor desempeño, recibimos más visitas que los principales marketplaces del mundo, los que consideramos nuestra competencia. En compras online, el sitio web de Worten tiene el mayor tráfico de Portugal, más de 10 millones de visitas al mes.
Es en www.worten.pt y www.worten.es donde puedes mirar nuestro Marketplace.
Con más de 30 categorías, el Marketplace de Worten quiere ser la plataforma donde los clientes pueden encontrar todo lo que necesitan.
Con la gran demanda que sentimos, tenemos la oportunidad de aumentar nuestra gama de productos, ¡y trabajar con las mejores empresas es nuestra prioridad !
Worten Marketplace tiene una estrategia B2C, c",2026-07-27 22:53:11,RETR,xtbBpBpILmpTypofQwAA3t
法务/侵权类,older,account_4,weihaizhongxin2024@126.com,"Thu, 9 Jul 2026 22:17:55 +0000",Amazon Seller Central <donotreply@amazon.com>,"Your Amazon.ca Fulfillment by Amazon Merchant Credit Note for
 6/2026",,"Your Amazon.ca Fulfillment by Amazon Merchant Credit Note for 6/2026
 96
Hello,
We are writing to inform you that your electronic Fulfillment by Amazon Merchant Credit Note for the month of 6/2026 is now available in your Seller Central Account.
To access your invoice, go to your Tax Document Library . In your Tax Document Library, you will be able to view, download or print your invoice.
The Amazon Services Team
 Monsieur/Madame Shen zhen shi wei hai zhong xin ke ji you xian,
Nous vous écrivons pour vous informer que votre Avoir Expédié Par Amazon pour le mois de 6/2026 est maintenant disponible dans votre compte Seller Central.
Pour accéder à votre avoir, rendez-vous sur votre compte Seller Central et veuillez accéder à la page Rapports > Bibliothèque d'informations fiscales > Factures des frais du vendeur.
Dans votre compte Seller Central, vous pourrez afficher, télécharger ou imprimer votre avoir.
Pour toute question, contactez le Support Vendeur.
Cordialement,
Amazon.ca
 Report an issue with this email
 If you have any questions visit: Seller Central
 To change your email preferences visit: Notification Preferences
 We hope you found this message to be useful. However, if you'",2026-07-27 22:53:00,RETR,xtbBshc7IWpQHhcCzwAA3B
法务/侵权类,older,account_4,weihaizhongxin2024@126.com,"Thu, 9 Jul 2026 15:24:05 +0000",Amazon Seller Central <donotreply@amazon.com>,Your Amazon.ca Fulfillment by Amazon Merchant Invoice for 6/2026,,"Your Amazon.ca Fulfillment by Amazon Merchant Invoice for 6/2026
 96
Hello,
We are writing to inform you that your electronic Fulfillment by Amazon Merchant Invoice for the month of 6/2026 is now available in your Seller Central Account.
To access your invoice, go to your Tax Document Library . In your Tax Document Library, you will be able to view, download or print your invoice.
The Amazon Services Team
 Monsieur/Madame Shen zhen shi wei hai zhong xin ke ji you xian,
Nous vous écrivons pour vous informer que votre Facture Expédié Par Amazon pour le mois de 6/2026 est maintenant disponible dans votre compte Seller Central.
Pour accéder à votre facture, rendez-vous sur votre compte Seller Central et veuillez accéder à la page Rapports > Bibliothèque d'informations fiscales > Factures des frais du vendeur.
Dans votre compte Seller Central, vous pourrez afficher, télécharger ou imprimer votre facture.
Pour toute question, contactez le Support Vendeur.
Cordialement,
Amazon.ca
 Report an issue with this email
 If you have any questions visit: Seller Central
 To change your email preferences visit: Notification Preferences
 We hope you found this message to be useful. However, if you'd ",2026-07-27 22:52:59,RETR,xtbBpBnjyWpPvRlbNAAA35
法务/侵权类,older,account_4,weihaizhongxin2024@126.com,"Thu, 9 Jul 2026 14:31:47 +0000",Amazon Services <donotreply@amazon.com>,Pagamento elaborato con successo,,"96
This title will display on mobile devices
 Congratulazioni. Il pagamento è stato elaborato con successo e ti sarà accreditato a breve.
 Tentativo di pagamento
Congratulazioni Weihai EU! Il pagamento è stato elaborato con successo e ti sarà accreditato nel giro di da tre a cinque giorni.
In data 07/09/26 14:31 CEST, abbiamo avviato un trasferimento sul tuo metodo di pagamento (conto bancario che termina con 229) dell’importo di €
 219,21.
 Se l’importo è inferiore a quanto atteso, tieni in considerazione le seguenti domande:
 Hai un saldo non disponibile? Amazon potrebbe trattenere una certa somma per coprire i costi di eventuali resi, reclami o contestazioni di una transazione (chargeback) da parte degli acquirenti. In questo caso, il saldo finale nel tuo report sui pagamenti mostrerà il saldo non disponibile corrispondente alla cifra trattenuta.
 Le tue vendite coprono tutte le commissioni e i resi per questo ciclo di fatturazione? L’importo del pagamento rispecchia le attività di vendita, le commissioni di vendita e le tariffe per promozioni o servizi. Ti consigliamo di rivedere il report sui pagamenti nella scheda Report di Seller Central per comprendere le diverse spese che ",2026-07-27 22:52:59,RETR,xtbBpBnQtmpPsNkYtgAA35
法务/侵权类,older,account_4,weihaizhongxin2024@126.com,"Wed, 8 Jul 2026 23:30:27 +0000",Amazon Services <donotreply@amazon.com>,"Reactiva tus listings en la UE: se requiere el cumplimiento del
 Reglamento relativo a la seguridad general de los productos",,"96
 Reactiva tus listings en la UE: se requiere el cumplimiento del Reglamento relativo a la seguridad general de los productos
 Hola, Weihai EU:
 Algunos de los listings de nuestras tiendas de la UE se han desactivado debido a que falta información de cumplimiento normativo obligatoria. Esta medida no afecta al estado de tu cuenta.
 Encontrarás ejemplos de listings desactivados al final de este correo electrónico y la lista completa en la página ""Estado de la cuenta"". Revisa los listings afectados y siguientes pasos para cumplir los requisitos del Reglamento relativo a la seguridad general de los productos que se indican a continuación.
 Presentar información sobre cumplimiento normativo
 Presentar información sobre cumplimiento normativo
 ¿Cómo puedo reactivar mis listings?
 Para reactivar tus listings, proporciona la información obligatoria del Reglamento relativo a la seguridad general de los productos. Para ello, sigue las instrucciones que se indican a continuación:
-
 Ve a la página ""Estado de la cuenta"" .
- Selecciona ""Añadir filtros"" y marca ""Listing retirado"" en la columna ""Filtrar según las medidas tomadas"".
- Haz clic en ""Enviar"" junto al listing desactivado y sigue las",2026-07-27 22:52:56,RETR,xtbBsxfKsGpO3ZePfwAA3A
法务/侵权类,older,account_4,weihaizhongxin2024@126.com,"Wed, 8 Jul 2026 20:04:53 +0000",Amazon Services <donotreply@amazon.com>,Activeer je EU-productvermeldingen opnieuw - VAPV-naleving vereist,,"96
 Activeer je EU-productvermeldingen opnieuw - VAPV-naleving vereist
 Hallo Weihai EU,
 Sommige van je productvermeldingen zijn gedeactiveerd in onze stores van de Europese Unie (EU) omdat er nalevingsinformatie ontbreekt. Deze actie heeft geen invloed op je accountstatus.
 Onderaan deze e-mail vind je voorbeelden van je gedeactiveerde productvermeldingen. De volledige lijst staat op je pagina Accountstatus. Bekijk hieronder de betroffen productvermeldingen en de stappen die je moet volgen om te voldoen aan de vereisten van de Verordening algemene productveiligheid (VAPV).
 Nalevingsinformatie indienen
 Nalevingsinformatie indienen
 Hoe activeer ik mijn productvermeldingen opnieuw?
 Als je je productvermeldingen opnieuw wilt activeren, moet je de vereiste nalevingsinformatie met betrekking tot de VAPV verstrekken door de onderstaande instructies te volgen:
-
 Ga naar je pagina Accountstatus .
- Selecteer ‘Filters toevoegen’ en vink ‘Verwijderde productvermelding’ aan in de kolom ‘Filteren op ondernomen actie’.
- Klik op ‘Indienen’ naast de gedeactiveerde productvermelding en volg de instructies.
- Volg de stappen op Onderdrukte productvermeldingen om openstaande problemen met de ",2026-07-27 22:52:55,RETR,xtbBpAmzmWpOrWkgXgAA3Z
法务/侵权类,older,account_4,weihaizhongxin2024@126.com,"Wed, 8 Jul 2026 15:47:06 +0000",Amazon Services <donotreply@amazon.com>,Umożliw ponowną aktywację ofert w UE – wymagana zgodność z rozporządzeniem w sprawie ogólnego bezpieczeństwa produktów,,"96
 Umożliw ponowną aktywację ofert w UE – wymagana zgodność z rozporządzeniem w sprawie ogólnego bezpieczeństwa produktów
 Dzień dobry Weihai EU,
 Niektóre z Twoich ofert zostały zdezaktywowane w naszych sklepach w Unii Europejskiej (UE) z powodu braku informacji o zgodności z wymogami. Działania te nie mają wpływu na kondycję Twojego konta.
 Przykłady zdezaktywowanych ofert znajdziesz na dole tej wiadomości e-mail. Aby wyświetlić ich pełną listę, przejdź na stronę „Kondycja konta”. Aby spełnić wymogi rozporządzenia w sprawie ogólnego bezpieczeństwa produktów, zapoznaj się z poniższymi ofertami i dalszymi działaniami do wykonania.
 Prześlij informacje dotyczące zgodności z wymogami
 Prześlij informacje dotyczące zgodności z wymogami
 Jak mogę ponownie aktywować oferty produktów?
 Aby ponownie aktywować oferty, dostarcz obowiązkowe informacje dotyczące zgodności z rozporządzeniem w sprawie ogólnego bezpieczeństwa produktów, postępując zgodnie z poniższymi instrukcjami:
-
 Przejdź na stronę Kondycja konta .
- Wybierz „Dodaj filtry” i w kolumnie „Filtruj według podjętego działania” zaznacz pole „Usunięto ofertę”.
- Obok zdezaktywowanej oferty produktu kliknij „Prześlij” i postępuj zg",2026-07-27 22:52:55,RETR,xtbBsx6Jb2pOcP5uUgAA3d
法务/侵权类,older,account_4,weihaizhongxin2024@126.com,"Wed, 8 Jul 2026 14:10:23 +0000",Luana Camargo <notifications@insgly.net>,Worten Marketplace - Portugal y España,,"Hola Weihai EU,
Soy Luana Camargo, Business Developer en Worten worten.pt / worten.es , el mayor marketplace de Portugal.
Nuestro equipo de análisis ha señalado que una asociación con usted sería una gran oportunidad para ambos.
¿Estaría disponible para una reunión online esta semana?
Acerca de Worten - Somos el líder del mercado portugués:
- Nº 1 del comercio electrónico portugués
- Sitio web con mayor tráfico de Portugal (más de 10 millones de visitas al mes) - Ranking de mercado
- Más de 200 tiendas físicas en Portugal y España, proporcionando una oportunidad omnicanal
- Plataforma de gestión: Mirakl (se puede integrar manualmente o vía API)
- Sin costes iniciales - 6 meses
Estaré encantado de ayudarle si tiene alguna pregunta.
Muchas gracias,
Saludos Cordiales",2026-07-27 22:52:55,RETR,xtbBpBPYvmpOWlP9KAAA3p
法务/侵权类,older,account_4,weihaizhongxin2024@126.com,"Wed, 8 Jul 2026 12:46:14 +0000",Amazon Services <donotreply@amazon.com>,Återaktivera dina EU-produktposter – GPSR-efterlevnad krävs,,"96
 Återaktivera dina EU-produktposter – GPSR-efterlevnad krävs
 Hej Weihai EU!
 Vissa av dina produktposter har inaktiverats i våra butiker inom Europeiska unionen (EU) på grund av att information om överensstämmelse saknas. Den här åtgärden påverkar inte din kontostatus.
 Du hittar exempel på de produktposter som har inaktiverats längst ner i detta e-postmeddelande, och hela listan finns på sidan Kontostatus. Granska de berörda produktposterna och nästa steg för att uppfylla kraven i Förordningen om allmän produktsäkerhet (GPSR) nedan.
 Skicka in information om överensstämmelse
 Skicka in information om överensstämmelse
 Hur återaktiverar jag mina produktposter?
 Om du vill återaktivera dina produktposter behöver du ange den efterfrågade GPSR-informationen om överensstämmelse genom att följa anvisningarna nedan:
-
 Gå till sidan Kontostatus .
- Välj Lägg till filter och markera Produktpost borttagen i kolumnen Filtrera efter vidtagen åtgärd.
- Klicka på Skicka in bredvid den inaktiverade produktposten och följ instruktionerna.
- Följ stegen på Dolda produktposter för att åtgärda eventuella kvarstående problem med produktposter. Befintliga problem förhindrar att produktposter åter",2026-07-27 22:52:53,RETR,xtbBpRrly2pORppQ2wAA3i
法务/侵权类,older,account_4,weihaizhongxin2024@126.com,"Wed, 8 Jul 2026 10:28:11 +0000",Amazon Services <donotreply@amazon.com>,Riattivare le offerte nell'UE - Richiesta la conformità al Regolamento sulla sicurezza generale dei prodotti,,"96
 Riattivare le offerte nell'UE - Richiesta la conformità al Regolamento sulla sicurezza generale dei prodotti
 Gentile Weihai EU,
 Alcune delle tue offerte sono state disattivate nei nostri negozi dell'Unione europea a causa della mancanza di informazioni relative alla conformità. Questa azione non avrà alcun impatto sullo stato del tuo account.
 Puoi trovare esempi delle tue offerte disattivate in fondo a questa e-mail e l'elenco completo nella pagina Stato dell'account. Rivedi le offerte interessate e i passaggi successivi per soddisfare i requisiti del Regolamento sulla sicurezza generale dei prodotti riportati di seguito.
 Inviare le informazioni sulla conformità
 Inviare le informazioni sulla conformità
 Come faccio a riattivare le mie offerte?
 Per riattivare le offerte, fornisci le informazioni richieste relative alla conformità al regolamento sulla sicurezza generale dei prodotti seguendo le istruzioni riportate di seguito:
-
 Vai alla pagina Stato dell'account .
- Seleziona ""Aggiungi filtri"" e quindi ""Offerta rimossa"" nella colonna ""Filtra per azione intrapresa"".
- Clicca su ""Invia"" accanto all'offerta disattivata e segui le istruzioni fornite.
- Segui la procedura indi",2026-07-27 22:52:53,RETR,xtbBswLHrWpOJkLsRgAA3x
法务/侵权类,older,account_4,weihaizhongxin2024@126.com,"Wed, 8 Jul 2026 09:08:55 +0000",Amazon Services <donotreply@amazon.com>,Réactivez vos mises en vente dans l’UE – Conformité au RSGP requise,,"96
 Réactivez vos mises en vente dans l’UE – Conformité au RSGP requise
 Bonjour Weihai EU,
 Certaines de vos mises en vente ont été désactivées de nos boutiques en Union européenne (UE) en raison d’informations de conformité manquantes. Cette action n’affecte pas l’état de votre compte.
 Vous trouverez des exemples de vos mises en vente désactivées à la fin de cet e-mail, et la liste complète sur votre page État du compte. Passez en revue les mises en vente concernées et les étapes à suivre pour respecter les exigences du Règlement relatif à la sécurité générale des produits (RSGP) ci-dessous.
 Soumettre des informations de conformité
 Soumettre des informations de conformité
 Comment réactiver mes produits mis en vente ?
 Pour réactiver vos mises en vente, fournissez les informations de conformité pour la RSGP requises en suivant les instructions ci-dessous :
-
 Accédez à votre page État du compte .
- Cliquez sur « Ajouter des filtres » et cochez « Mise en vente supprimée » dans la colonne « Filtrer par action prise ».
- Cliquez sur « Soumettre » à côté du produit mis en vente désactivé et suivez les instructions fournies.
- Suivez les étapes de la section Mise en vente supprimée",2026-07-27 22:52:52,RETR,xtbBpQkdA2pOE6mb5gAA3R
法务/侵权类,older,account_4,weihaizhongxin2024@126.com,"Wed, 8 Jul 2026 08:53:55 +0000",亚马逊卖家平台通知 <donotreply@amazon.com>,解决定价错误以重新启售停售商品,,"96
 因错价而被禁止显示
 我们检测到您的 amazon.de 商品信息中可能存在错价。
 商品因疑似定价错误而被停售
 尊敬的销售伙伴：
您好！
 由于发现定价错误，或者根据亚马逊 商城公平定价政策 的规定，我们已停售本邮件列出的商品。您可以访问卖家平台中的 定价状况 页面，查看更多信息并采取措施重新启售这些商品。
 重新启售停售商品
 ASIN
 SKU
 商品名称
 价格
 B0H11D2KV8
 WH-DE-0508-HCGDVE-01
 62 PCS Eisenbahn Cube Track, 3D Schwerkrafttrotzendes Zug Set, DIY Zugstrecken Spielzeug, STEM Lernspielzeug & Geschenkidee für Kinder 3–8 Jahre, Kreatives Bauen Spielzeug
 €19.95
 定价错误示例包括定价低于您指定的“您的最低价格”或高于您指定的“您的最高价格”的商品，或者定价明显高于亚马逊商城或其他平台近期提供的价格。卖家需要自行在亚马逊商城上设置价格。我们会尽可能分享相应商品的参考价，帮助您了解买家期望的有代表性的商品价格范围。
 如果您认为我们采取此措施有误，或者您对此有疑问或需要帮助，请点击卖家平台顶部的“帮助”链接。
 顺祝商祺！
 亚马逊开店服务
 报告此电子邮件的问题
 如果您有任何问题，请访问: Seller Central
 要更改您的电子邮件首选项，请访问： 通知首选项
 2026 Amazon.com 旗下公司 保留所有权利
 Amazon EU S.à r.l.
38 avenue John F. Kennedy,
L-1855 Luxembourg,
注册于卢森堡，
注册编号 B-101818，
股本 165.833 欧元，
营业执照编号： 134248，
卢森堡增值税注册编号 LU 20260743。
 SPC-EUAmazon-1249046879887743",2026-07-27 22:52:52,RETR,xtbBpAY7IWpOECZyHQAA3F
法务/侵权类,older,account_4,weihaizhongxin2024@126.com,"Tue, 7 Jul 2026 20:45:55 +0000",Amazon Services <donotreply@amazon.com>,"Reactiva tus listings en la UE: se requiere el cumplimiento del
 Reglamento relativo a la seguridad general de los productos",,"96
 Reactiva tus listings en la UE: se requiere el cumplimiento del Reglamento relativo a la seguridad general de los productos
 Hola, Weihai EU:
 Algunos de los listings de nuestras tiendas de la UE se han desactivado debido a que falta información de cumplimiento normativo obligatoria. Esta medida no afecta al estado de tu cuenta.
 Encontrarás ejemplos de listings desactivados al final de este correo electrónico y la lista completa en la página ""Estado de la cuenta"". Revisa los listings afectados y siguientes pasos para cumplir los requisitos del Reglamento relativo a la seguridad general de los productos que se indican a continuación.
 Presentar información sobre cumplimiento normativo
 Presentar información sobre cumplimiento normativo
 ¿Cómo puedo reactivar mis listings?
 Para reactivar tus listings, proporciona la información obligatoria del Reglamento relativo a la seguridad general de los productos. Para ello, sigue las instrucciones que se indican a continuación:
-
 Ve a la página ""Estado de la cuenta"" .
- Selecciona ""Añadir filtros"" y marca ""Listing retirado"" en la columna ""Filtrar según las medidas tomadas"".
- Haz clic en ""Enviar"" junto al listing desactivado y sigue las",2026-07-27 22:52:51,RETR,xtbBswZoTmpNZYbfaQAA3h
法务/侵权类,older,account_4,weihaizhongxin2024@126.com,"Tue, 7 Jul 2026 18:16:40 +0000",Amazon Services <donotreply@amazon.com>,Activeer je EU-productvermeldingen opnieuw - VAPV-naleving vereist,,"96
 Activeer je EU-productvermeldingen opnieuw - VAPV-naleving vereist
 Hallo Weihai EU,
 Sommige van je productvermeldingen zijn gedeactiveerd in onze stores van de Europese Unie (EU) omdat er nalevingsinformatie ontbreekt. Deze actie heeft geen invloed op je accountstatus.
 Onderaan deze e-mail vind je voorbeelden van je gedeactiveerde productvermeldingen. De volledige lijst staat op je pagina Accountstatus. Bekijk hieronder de betroffen productvermeldingen en de stappen die je moet volgen om te voldoen aan de vereisten van de Verordening algemene productveiligheid (VAPV).
 Nalevingsinformatie indienen
 Nalevingsinformatie indienen
 Hoe activeer ik mijn productvermeldingen opnieuw?
 Als je je productvermeldingen opnieuw wilt activeren, moet je de vereiste nalevingsinformatie met betrekking tot de VAPV verstrekken door de onderstaande instructies te volgen:
-
 Ga naar je pagina Accountstatus .
- Selecteer ‘Filters toevoegen’ en vink ‘Verwijderde productvermelding’ aan in de kolom ‘Filteren op ondernomen actie’.
- Klik op ‘Indienen’ naast de gedeactiveerde productvermelding en volg de instructies.
- Volg de stappen op Onderdrukte productvermeldingen om openstaande problemen met de ",2026-07-27 22:52:51,RETR,xtbBsxmkimpNQpl5egAA37
法务/侵权类,older,account_4,weihaizhongxin2024@126.com,"Tue, 7 Jul 2026 14:45:21 +0000",Amazon Services <donotreply@amazon.com>,Umożliw ponowną aktywację ofert w UE – wymagana zgodność z rozporządzeniem w sprawie ogólnego bezpieczeństwa produktów,,"96
 Umożliw ponowną aktywację ofert w UE – wymagana zgodność z rozporządzeniem w sprawie ogólnego bezpieczeństwa produktów
 Dzień dobry Weihai EU,
 Niektóre z Twoich ofert zostały zdezaktywowane w naszych sklepach w Unii Europejskiej (UE) z powodu braku informacji o zgodności z wymogami. Działania te nie mają wpływu na kondycję Twojego konta.
 Przykłady zdezaktywowanych ofert znajdziesz na dole tej wiadomości e-mail. Aby wyświetlić ich pełną listę, przejdź na stronę „Kondycja konta”. Aby spełnić wymogi rozporządzenia w sprawie ogólnego bezpieczeństwa produktów, zapoznaj się z poniższymi ofertami i dalszymi działaniami do wykonania.
 Prześlij informacje dotyczące zgodności z wymogami
 Prześlij informacje dotyczące zgodności z wymogami
 Jak mogę ponownie aktywować oferty produktów?
 Aby ponownie aktywować oferty, dostarcz obowiązkowe informacje dotyczące zgodności z rozporządzeniem w sprawie ogólnego bezpieczeństwa produktów, postępując zgodnie z poniższymi instrukcjami:
-
 Przejdź na stronę Kondycja konta .
- Wybierz „Dodaj filtry” i w kolumnie „Filtruj według podjętego działania” zaznacz pole „Usunięto ofertę”.
- Obok zdezaktywowanej oferty produktu kliknij „Prześlij” i postępuj zg",2026-07-27 22:52:49,RETR,xtbBpQMyGGpNEQNFOwAA3H
法务/侵权类,older,account_4,weihaizhongxin2024@126.com,"Tue, 7 Jul 2026 12:00:55 +0000",Amazon Services <donotreply@amazon.com>,Återaktivera dina EU-produktposter – GPSR-efterlevnad krävs,,"96
 Återaktivera dina EU-produktposter – GPSR-efterlevnad krävs
 Hej Weihai EU!
 Vissa av dina produktposter har inaktiverats i våra butiker inom Europeiska unionen (EU) på grund av att information om överensstämmelse saknas. Den här åtgärden påverkar inte din kontostatus.
 Du hittar exempel på de produktposter som har inaktiverats längst ner i detta e-postmeddelande, och hela listan finns på sidan Kontostatus. Granska de berörda produktposterna och nästa steg för att uppfylla kraven i Förordningen om allmän produktsäkerhet (GPSR) nedan.
 Skicka in information om överensstämmelse
 Skicka in information om överensstämmelse
 Hur återaktiverar jag mina produktposter?
 Om du vill återaktivera dina produktposter behöver du ange den efterfrågade GPSR-informationen om överensstämmelse genom att följa anvisningarna nedan:
-
 Gå till sidan Kontostatus .
- Välj Lägg till filter och markera Produktpost borttagen i kolumnen Filtrera efter vidtagen åtgärd.
- Klicka på Skicka in bredvid den inaktiverade produktposten och följ instruktionerna.
- Följ stegen på Dolda produktposter för att åtgärda eventuella kvarstående problem med produktposter. Befintliga problem förhindrar att produktposter åter",2026-07-27 22:52:49,RETR,xtbBshuGbGpM6nteQgAA3o
法务/侵权类,older,account_4,weihaizhongxin2024@126.com,"Tue, 7 Jul 2026 09:53:57 +0000",Amazon Services <donotreply@amazon.com>,Riattivare le offerte nell'UE - Richiesta la conformità al Regolamento sulla sicurezza generale dei prodotti,,"96
 Riattivare le offerte nell'UE - Richiesta la conformità al Regolamento sulla sicurezza generale dei prodotti
 Gentile Weihai EU,
 Alcune delle tue offerte sono state disattivate nei nostri negozi dell'Unione europea a causa della mancanza di informazioni relative alla conformità. Questa azione non avrà alcun impatto sullo stato del tuo account.
 Puoi trovare esempi delle tue offerte disattivate in fondo a questa e-mail e l'elenco completo nella pagina Stato dell'account. Rivedi le offerte interessate e i passaggi successivi per soddisfare i requisiti del Regolamento sulla sicurezza generale dei prodotti riportati di seguito.
 Inviare le informazioni sulla conformità
 Inviare le informazioni sulla conformità
 Come faccio a riattivare le mie offerte?
 Per riattivare le offerte, fornisci le informazioni richieste relative alla conformità al regolamento sulla sicurezza generale dei prodotti seguendo le istruzioni riportate di seguito:
-
 Vai alla pagina Stato dell'account .
- Seleziona ""Aggiungi filtri"" e quindi ""Offerta rimossa"" nella colonna ""Filtra per azione intrapresa"".
- Clicca su ""Invia"" accanto all'offerta disattivata e segui le istruzioni fornite.
- Segui la procedura indi",2026-07-27 22:52:48,RETR,xtbBsxkP9GpMzLld-gAA3h
法务/侵权类,older,account_4,weihaizhongxin2024@126.com,"Tue, 7 Jul 2026 09:08:27 +0000",Amazon Services <donotreply@amazon.com>,Réactivez vos mises en vente dans l’UE – Conformité au RSGP requise,,"96
 Réactivez vos mises en vente dans l’UE – Conformité au RSGP requise
 Bonjour Weihai EU,
 Certaines de vos mises en vente ont été désactivées de nos boutiques en Union européenne (UE) en raison d’informations de conformité manquantes. Cette action n’affecte pas l’état de votre compte.
 Vous trouverez des exemples de vos mises en vente désactivées à la fin de cet e-mail, et la liste complète sur votre page État du compte. Passez en revue les mises en vente concernées et les étapes à suivre pour respecter les exigences du Règlement relatif à la sécurité générale des produits (RSGP) ci-dessous.
 Soumettre des informations de conformité
 Soumettre des informations de conformité
 Comment réactiver mes produits mis en vente ?
 Pour réactiver vos mises en vente, fournissez les informations de conformité pour la RSGP requises en suivant les instructions ci-dessous :
-
 Accédez à votre page État du compte .
- Cliquez sur « Ajouter des filtres » et cochez « Mise en vente supprimée » dans la colonne « Filtrer par action prise ».
- Cliquez sur « Soumettre » à côté du produit mis en vente désactivé et suivez les instructions fournies.
- Suivez les étapes de la section Mise en vente supprimée",2026-07-27 22:52:48,RETR,xtbBpA1hR2pMwg0XfAAA3N
法务/侵权类,older,account_4,weihaizhongxin2024@126.com,"Tue, 7 Jul 2026 05:08:12 +0000",Amazon Seller Central <donotreply@amazon.com>,Your Amazon.co.uk Merchant Credit Note for 6/2026,,"Your Amazon.co.uk Merchant Credit Note for 6/2026
 96
Hello,
We are writing to inform you that your electronic Merchant Credit Note for the month of 6/2026 is now available in your Seller Central Account.
To access your invoice, go to your Tax Document Library . In your Tax Document Library, you will be able to view, download or print your invoice.
The Amazon Services Team
 Report an issue with this email
 If you have any questions visit: Seller Central
 To change your email preferences visit: Notification Preferences
 We hope you found this message to be useful. However, if you'd rather not receive future e-mails of this sort from Amazon.com, please opt-out here.
 Copyright 2026 Amazon, Inc, or its affiliates. All rights reserved.
 Amazon.com, 410 Terry Avenue North, Seattle, WA 98109-5210
 SPC-EUAmazon-650912552430794",2026-07-27 22:52:45,RETR,xtbBpB8-JWpMib8W5gAA3B
法务/侵权类,older,account_4,weihaizhongxin2024@126.com,"Tue, 7 Jul 2026 04:22:50 +0000",Amazon Seller Central <donotreply@amazon.com>,Your Amazon.de Rechnungskorrektur Verkäufer for 6/2026,,"Your Amazon.de Rechnungskorrektur Verkäufer for 6/2026
 96
Guten Tag Shen zhen shi wei hai zhong xin ke ji you xian!
Wir möchten Sie darüber informieren, dass Ihr elektronisches Dokument Rechnungskorrektur Verkäufer für 6.2026 ab sofort in Ihrem Seller Central-Konto verfügbar ist.
Navigieren Sie in Ihrem Seller Central-Konto zu Berichte > Steuerdokumente > Rechnungen über Verkaufsgebühren, um auf Ihr Dokument (Rechnungskorrektur) zuzugreifen.
In Ihrem Seller Central-Konto können Sie Ihr Dokument (Rechnungskorrektur) anzeigen, herunterladen oder ausdrucken.
Wenden Sie sich bei weiteren Fragen bitte an die Verkäuferhilfe.
Freundliche Grüße,
Amazon.de
 Ein Problem mit dieser E-Mail melden
 Bei Fragen besuchen Sie: Seller Central
 Zum Ändern Ihrer E-Mail-Einstellungen, gehen Sie zu: Benachrichtigungseinstellungen
 Wir hoffen, diese Nachricht ist hilfreich für Sie. Falls Sie allerdings in Zukunft keine E-Mails dieser Art von Amazon.de erhalten möchten, melden Sie sich bitte ab.
 Copyright 2026 Amazon Inc. oder Tochtergesellschaften. Alle Rechte vorbehalten.
 Amazon EU S.à r.l.
38 avenue John F. Kennedy,
L-1855 Luxemburg,
Handelsregisternummer Luxemburg: B-101818,
 Gesellschaftskapital: ",2026-07-27 22:52:45,RETR,xtbBpB2UempMfx3GDAAA3Z
法务/侵权类,older,account_4,weihaizhongxin2024@126.com,"Tue, 7 Jul 2026 04:18:37 +0000",Amazon Seller Central <donotreply@amazon.com>,Your Amazon.se Kreditnota Säljare for 6/2026,,"Your Amazon.se Kreditnota Säljare for 6/2026
 96
Hej Shen zhen shi wei hai zhong xin ke ji you xian!
Vi skriver för att informera dig om att din elektroniska Kreditnota Säljare för månaden 6/2026 nu finns tillgänglig på ditt Seller Central-konto.
För att komma åt ditt kreditnotagår du till ditt Seller Central-konto > Rapporter > Bibliotek för skattedokument > Skattefakturor för säljaravgifter.
På ditt Seller Central-konto kan du se, ladda ner eller skriva ut ditt kreditnota.
Om du har några frågor, kontakta säljarsupport.
Vänliga hälsningar,
Amazon.se
 Rapportera ett problem med detta e-post
 Om du har några frågor besök: Seller Central
 För att ändra dina e-postinställningar, besök: Inställningar för meddelanden
 Vi hoppas att du tyckte att det här meddelandet var användbart. Om du föredrar att inte få framtida e-postmeddelanden av detta slag från Amazon.com, välj bort det här.
 Upphovsrätt 2026 Amazon, Inc, eller dess dotterbolag. Alla rättigheter förbehållna.
 Amazon EU S.à r.l.
38 avenue John F. Kennedy
L-1855 Luxemburg
Registrerat i Luxemburg No. B-101818
Aktiekapital 165 833 EUR
Företagets registreringsnummer: 134248
Momsregistrering för Luxemburg LU 20260743.
 SPC-EUAmazon-1",2026-07-27 22:52:44,RETR,xtbBsgBVO2pMfiDMTgAA3m
法务/侵权类,older,account_4,weihaizhongxin2024@126.com,"Tue, 7 Jul 2026 03:58:57 +0000",Amazon Seller Central <donotreply@amazon.com>,Your Amazon.es Factura Logística de Amazon for 6/2026,,"Your Amazon.es Factura Logística de Amazon for 6/2026
 96
Hola, Shen zhen shi wei hai zhong xin ke ji you xian:
Te escribimos para comunicarte que tu Factura Logística de Amazon del mes de 6/2026 ya está disponible en tu cuenta de Seller Central.
Para acceder a la nota de crédito, ve a Seller Central > Informes > Biblioteca de documentos fiscales > Facturas de tarifas aplicables al vendedor.
Allí podrás ver, descargar o imprimir tu nota de crédito.
Para consultas, contacta con atención al vendedor.
Atentamente,
Amazon.es
 Informar de un problema con este correo electrónico
 Si tienes alguna pregunta, visita: Seller Central
 Para cambiar sus preferencias de correo electrónico visitan: Preferencias de Notificación
 Esperamos que este mensaje te haya parecido útil. Sin embargo, si prefieres no recibir correos electrónicos de Amazon.es de este tipo en el futuro, haz clic aquí.
 Copyright 2026 Amazon.com.mx, Inc. o sus afiliados. Todos los derechos reservados.
 Amazon EU S.à r.l.
38 avenue John F. Kennedy,
L-1855 Luxemburgo,
Número de Registro en Luxemburgo: No. B-101818,
Capital Social 165.833 EUR,
Número de licencia de actividad: 134248,
Nº de Registro IVA en Luxemburgo: LU 20260743.
",2026-07-27 22:52:44,RETR,xtbBpAYtE2pMeYaWcgAA3h
法务/侵权类,older,account_4,weihaizhongxin2024@126.com,"Tue, 7 Jul 2026 03:24:51 +0000",Amazon Seller Central <donotreply@amazon.com>,Your Amazon.nl Creditnota Fulfillment by Amazon for 6/2026,,"Your Amazon.nl Creditnota Fulfillment by Amazon for 6/2026
 96
Beste Shen zhen shi wei hai zhong xin ke ji you xian,
We sturen je dit bericht om je te laten weten dat je elektronische Creditnota Fulfillment by Amazon voor de maand 6 2026 nu beschikbaar is in je Seller Central-account.
Als je toegang wilt krijgen tot je creditnota, ga je naar je Seller Central-account > Overzichten > Bibliotheek met belastingdocumenten > Belastingfacturen voor kosten verkoper.
In je Seller Central-account kun je je creditnota bekijken, downloaden of afdrukken.
Als je nog vragen hebt, kun je contact opnemen met de Ondersteuning voor verkopers.
Met vriendelijke groeten,
Amazon.nl
 Rapporteer een probleem met deze e-mail
 Als je vragen hebt, ga je naar: Seller Central
 Om je e-mailvoorkeuren te wijzigen, ga je naar: Voorkeuren voor meldingen
 We hopen dat je iets aan dit bericht hebt gehad. Als je in de toekomst echter liever niet meer van dit soort e-mails van Amazon.com wilt ontvangen, kun je je afmelden hier.
 Auteursrecht (copyright) 2026 Amazon, Inc. of haar dochterondernemingen. Alle rechten voorbehouden.
 Amazon Services Europe S.à r.l.
38 avenue John F. Kennedy
L-1855 Luxemburg
Geregistreerd in",2026-07-27 22:52:43,RETR,xtbBpAUrEWpMcYVNjwAA3L
法务/侵权类,older,account_4,weihaizhongxin2024@126.com,"Tue, 7 Jul 2026 03:10:44 +0000",Amazon Seller Central <donotreply@amazon.com>,Your Amazon.nl Creditnota Verkoper for 6/2026,,"Your Amazon.nl Creditnota Verkoper for 6/2026
 96
Beste Shen zhen shi wei hai zhong xin ke ji you xian,
We sturen je dit bericht om je te laten weten dat je elektronische Creditnota Verkoper voor de maand 6 2026 nu beschikbaar is in je Seller Central-account.
Als je toegang wilt krijgen tot je creditnota, ga je naar je Seller Central-account > Overzichten > Bibliotheek met belastingdocumenten > Belastingfacturen voor kosten verkoper.
In je Seller Central-account kun je je creditnota bekijken, downloaden of afdrukken.
Als je nog vragen hebt, kun je contact opnemen met de Ondersteuning voor verkopers.
Met vriendelijke groeten,
Amazon.nl
 Rapporteer een probleem met deze e-mail
 Als je vragen hebt, ga je naar: Seller Central
 Om je e-mailvoorkeuren te wijzigen, ga je naar: Voorkeuren voor meldingen
 We hopen dat je iets aan dit bericht hebt gehad. Als je in de toekomst echter liever niet meer van dit soort e-mails van Amazon.com wilt ontvangen, kun je je afmelden hier.
 Auteursrecht (copyright) 2026 Amazon, Inc. of haar dochterondernemingen. Alle rechten voorbehouden.
 Amazon Services Europe S.à r.l.
38 avenue John F. Kennedy
L-1855 Luxemburg
Geregistreerd in Luxemburg
RCS Luxemburg N",2026-07-27 22:52:43,RETR,xtbBpRZWPGpMbjYrbAAA3g
法务/侵权类,older,account_4,weihaizhongxin2024@126.com,"Tue, 7 Jul 2026 03:00:23 +0000",Amazon Seller Central <donotreply@amazon.com>,Your Amazon.es Nota de Crédito Vendedor for 6/2026,,"Your Amazon.es Nota de Crédito Vendedor for 6/2026
 96
Hola, Shen zhen shi wei hai zhong xin ke ji you xian:
Te escribimos para comunicarte que tu Nota de Crédito Vendedor del mes de 6/2026 ya está disponible en tu cuenta de Seller Central.
Para acceder a la nota de crédito, ve a Seller Central > Informes > Biblioteca de documentos fiscales > Facturas de tarifas aplicables al vendedor.
Allí podrás ver, descargar o imprimir tu nota de crédito.
Para consultas, contacta con atención al vendedor.
Atentamente,
Amazon.es
 Informar de un problema con este correo electrónico
 Si tienes alguna pregunta, visita: Seller Central
 Para cambiar sus preferencias de correo electrónico visitan: Preferencias de Notificación
 Esperamos que este mensaje te haya parecido útil. Sin embargo, si prefieres no recibir correos electrónicos de Amazon.es de este tipo en el futuro, haz clic aquí.
 Copyright 2026 Amazon.com.mx, Inc. o sus afiliados. Todos los derechos reservados.
 Amazon EU S.à r.l.
38 avenue John F. Kennedy,
L-1855 Luxemburgo,
Número de Registro en Luxemburgo: No. B-101818,
Capital Social 165.833 EUR,
Número de licencia de actividad: 134248,
Nº de Registro IVA en Luxemburgo: LU 20260743.
 SPC-E",2026-07-27 22:52:43,RETR,xtbBsgu6oGpMa8sUDwAA3+
法务/侵权类,older,account_4,weihaizhongxin2024@126.com,"Tue, 7 Jul 2026 02:41:16 +0000",Amazon Seller Central <donotreply@amazon.com>,Your Amazon.es Factura Logística de Amazon for 6/2026,,"Your Amazon.es Factura Logística de Amazon for 6/2026
 96
Hola, Shen zhen shi wei hai zhong xin ke ji you xian:
Te escribimos para comunicarte que tu Factura Logística de Amazon del mes de 6/2026 ya está disponible en tu cuenta de Seller Central.
Para acceder a la nota de crédito, ve a Seller Central > Informes > Biblioteca de documentos fiscales > Facturas de tarifas aplicables al vendedor.
Allí podrás ver, descargar o imprimir tu nota de crédito.
Para consultas, contacta con atención al vendedor.
Atentamente,
Amazon.es
 Informar de un problema con este correo electrónico
 Si tienes alguna pregunta, visita: Seller Central
 Para cambiar sus preferencias de correo electrónico visitan: Preferencias de Notificación
 Esperamos que este mensaje te haya parecido útil. Sin embargo, si prefieres no recibir correos electrónicos de Amazon.es de este tipo en el futuro, haz clic aquí.
 Copyright 2026 Amazon.com.mx, Inc. o sus afiliados. Todos los derechos reservados.
 Amazon EU S.à r.l.
38 avenue John F. Kennedy,
L-1855 Luxemburgo,
Número de Registro en Luxemburgo: No. B-101818,
Capital Social 165.833 EUR,
Número de licencia de actividad: 134248,
Nº de Registro IVA en Luxemburgo: LU 20260743.
",2026-07-27 22:52:43,RETR,xtbBsxCbgWpMZ1C1wAAA3d
法务/侵权类,older,account_4,weihaizhongxin2024@126.com,"Tue, 7 Jul 2026 02:20:20 +0000",Amazon Seller Central <donotreply@amazon.com>,Your Amazon.com.be Creditnota Verkoper for 6/2026,,"Your Amazon.com.be Creditnota Verkoper for 6/2026
 96
Beste Shen zhen shi wei hai zhong xin ke ji you xian,
We sturen je dit bericht om je te laten weten dat je elektronische Creditnota Verkoper voor de maand 6 2026 nu beschikbaar is in je Seller Central-account.
Als je toegang wilt krijgen tot je creditnota, ga je naar je Seller Central-account > Overzichten > Bibliotheek met belastingdocumenten > Belastingfacturen voor kosten verkoper.
In je Seller Central-account kun je je creditnota bekijken, downloaden of afdrukken.
Als je nog vragen hebt, kun je contact opnemen met de Ondersteuning voor verkopers.
Met vriendelijke groeten,
Amazon.com.be
 Monsieur/Madame Shen zhen shi wei hai zhong xin ke ji you xian,
Nous vous écrivons pour vous informer que votre Avoir Vendeur pour le mois de 6/2026 est maintenant disponible dans votre compte Seller Central.
Pour accéder à votre avoir, rendez-vous sur votre compte Seller Central et veuillez accéder à la page Rapports > Bibliothèque d'informations fiscales > Factures des frais du vendeur.
Dans votre compte Seller Central, vous pourrez afficher, télécharger ou imprimer votre avoir.
Pour toute question, contactez le Support Vendeur.
Cordialemen",2026-07-27 22:52:42,RETR,xtbBpQhgRmpMYmiVmAAA3q
法务/侵权类,older,account_4,weihaizhongxin2024@126.com,"Tue, 7 Jul 2026 02:05:26 +0000",Amazon Seller Central <donotreply@amazon.com>,Your Amazon.nl Creditnota Fulfillment by Amazon for 6/2026,,"Your Amazon.nl Creditnota Fulfillment by Amazon for 6/2026
 96
Beste Shen zhen shi wei hai zhong xin ke ji you xian,
We sturen je dit bericht om je te laten weten dat je elektronische Creditnota Fulfillment by Amazon voor de maand 6 2026 nu beschikbaar is in je Seller Central-account.
Als je toegang wilt krijgen tot je creditnota, ga je naar je Seller Central-account > Overzichten > Bibliotheek met belastingdocumenten > Belastingfacturen voor kosten verkoper.
In je Seller Central-account kun je je creditnota bekijken, downloaden of afdrukken.
Als je nog vragen hebt, kun je contact opnemen met de Ondersteuning voor verkopers.
Met vriendelijke groeten,
Amazon.nl
 Rapporteer een probleem met deze e-mail
 Als je vragen hebt, ga je naar: Seller Central
 Om je e-mailvoorkeuren te wijzigen, ga je naar: Voorkeuren voor meldingen
 We hopen dat je iets aan dit bericht hebt gehad. Als je in de toekomst echter liever niet meer van dit soort e-mails van Amazon.com wilt ontvangen, kun je je afmelden hier.
 Auteursrecht (copyright) 2026 Amazon, Inc. of haar dochterondernemingen. Alle rechten voorbehouden.
 Amazon Services Europe S.à r.l.
38 avenue John F. Kennedy
L-1855 Luxemburg
Geregistreerd in",2026-07-27 22:52:42,RETR,xtbBpAt-ZWpMXutjeAAA39
法务/侵权类,older,account_4,weihaizhongxin2024@126.com,"Tue, 7 Jul 2026 02:01:10 +0000",Amazon Seller Central <donotreply@amazon.com>,Your Amazon.de Rechnung Versand durch Amazon for 6/2026,,"Your Amazon.de Rechnung Versand durch Amazon for 6/2026
 96
Guten Tag Shen zhen shi wei hai zhong xin ke ji you xian!
Wir möchten Sie darüber informieren, dass Ihr elektronisches Dokument Rechnung Versand durch Amazon für 6.2026 ab sofort in Ihrem Seller Central-Konto verfügbar ist.
Navigieren Sie in Ihrem Seller Central-Konto zu Berichte > Steuerdokumente > Rechnungen über Verkaufsgebühren, um auf Ihr Dokument (Rechnung) zuzugreifen.
In Ihrem Seller Central-Konto können Sie Ihr Dokument (Rechnung) anzeigen, herunterladen oder ausdrucken.
Wenden Sie sich bei weiteren Fragen bitte an die Verkäuferhilfe.
Freundliche Grüße,
Amazon.de
 Ein Problem mit dieser E-Mail melden
 Bei Fragen besuchen Sie: Seller Central
 Zum Ändern Ihrer E-Mail-Einstellungen, gehen Sie zu: Benachrichtigungseinstellungen
 Wir hoffen, diese Nachricht ist hilfreich für Sie. Falls Sie allerdings in Zukunft keine E-Mails dieser Art von Amazon.de erhalten möchten, melden Sie sich bitte ab.
 Copyright 2026 Amazon Inc. oder Tochtergesellschaften. Alle Rechte vorbehalten.
 Amazon EU S.à r.l.
38 avenue John F. Kennedy,
L-1855 Luxemburg,
Handelsregisternummer Luxemburg: B-101818,
 Gesellschaftskapital: 165.833 EUR,
Gewer",2026-07-27 22:52:42,RETR,xtbBsgo-JWpMXepeSgAA3n
法务/侵权类,older,account_4,weihaizhongxin2024@126.com,"Tue, 7 Jul 2026 00:33:27 +0000",Amazon Seller Central <donotreply@amazon.com>,Your Amazon.com.be Factuur Fulfilled by Amazon for 6/2026,,"Your Amazon.com.be Factuur Fulfilled by Amazon for 6/2026
 96
Beste Shen zhen shi wei hai zhong xin ke ji you xian,
We sturen je dit bericht om je te laten weten dat je elektronische Factuur Fulfilled by Amazon voor de maand 6 2026 nu beschikbaar is in je Seller Central-account.
Als je toegang wilt krijgen tot je factuur, ga je naar je Seller Central-account > Overzichten > Bibliotheek met belastingdocumenten > Belastingfacturen voor kosten verkoper.
In je Seller Central-account kun je je factuur bekijken, downloaden of afdrukken.
Als je nog vragen hebt, kun je contact opnemen met de Ondersteuning voor verkopers.
Met vriendelijke groeten,
Amazon.com.be
 Monsieur/Madame Shen zhen shi wei hai zhong xin ke ji you xian,
Nous vous écrivons pour vous informer que votre Facture Expédié Par Amazon pour le mois de 6/2026 est maintenant disponible dans votre compte Seller Central.
Pour accéder à votre facture, rendez-vous sur votre compte Seller Central et veuillez accéder à la page Rapports > Bibliothèque d'informations fiscales > Factures des frais du vendeur.
Dans votre compte Seller Central, vous pourrez afficher, télécharger ou imprimer votre facture.
Pour toute question, contactez le S",2026-07-27 22:52:41,RETR,xtbBpBsW+2pMSVuFjwAA3s
法务/侵权类,older,account_4,weihaizhongxin2024@126.com,"Tue, 7 Jul 2026 00:22:23 +0000",Amazon Seller Central <donotreply@amazon.com>,Your Amazon.co.uk Merchant Invoice for 6/2026,,"Your Amazon.co.uk Merchant Invoice for 6/2026
 96
Hello,
We are writing to inform you that your electronic Merchant Invoice for the month of 6/2026 is now available in your Seller Central Account.
To access your invoice, go to your Tax Document Library . In your Tax Document Library, you will be able to view, download or print your invoice.
The Amazon Services Team
 Report an issue with this email
 If you have any questions visit: Seller Central
 To change your email preferences visit: Notification Preferences
 We hope you found this message to be useful. However, if you'd rather not receive future e-mails of this sort from Amazon.com, please opt-out here.
 Copyright 2026 Amazon, Inc, or its affiliates. All rights reserved.
 Amazon.com, 410 Terry Avenue North, Seattle, WA 98109-5210
 SPC-EUAmazon-70370412601223",2026-07-27 22:52:40,RETR,xtbBpQBvVWpMRsB3+QAA3x
法务/侵权类,older,account_4,weihaizhongxin2024@126.com,"Tue, 7 Jul 2026 00:13:46 +0000",Amazon Seller Central <donotreply@amazon.com>,Your Amazon.de Rechnung Versand durch Amazon for 6/2026,,"Your Amazon.de Rechnung Versand durch Amazon for 6/2026
 96
Guten Tag Shen zhen shi wei hai zhong xin ke ji you xian!
Wir möchten Sie darüber informieren, dass Ihr elektronisches Dokument Rechnung Versand durch Amazon für 6.2026 ab sofort in Ihrem Seller Central-Konto verfügbar ist.
Navigieren Sie in Ihrem Seller Central-Konto zu Berichte > Steuerdokumente > Rechnungen über Verkaufsgebühren, um auf Ihr Dokument (Rechnung) zuzugreifen.
In Ihrem Seller Central-Konto können Sie Ihr Dokument (Rechnung) anzeigen, herunterladen oder ausdrucken.
Wenden Sie sich bei weiteren Fragen bitte an die Verkäuferhilfe.
Freundliche Grüße,
Amazon.de
 Ein Problem mit dieser E-Mail melden
 Bei Fragen besuchen Sie: Seller Central
 Zum Ändern Ihrer E-Mail-Einstellungen, gehen Sie zu: Benachrichtigungseinstellungen
 Wir hoffen, diese Nachricht ist hilfreich für Sie. Falls Sie allerdings in Zukunft keine E-Mails dieser Art von Amazon.de erhalten möchten, melden Sie sich bitte ab.
 Copyright 2026 Amazon Inc. oder Tochtergesellschaften. Alle Rechte vorbehalten.
 Amazon EU S.à r.l.
38 avenue John F. Kennedy,
L-1855 Luxemburg,
Handelsregisternummer Luxemburg: B-101818,
 Gesellschaftskapital: 165.833 EUR,
Gewer",2026-07-27 22:52:40,RETR,xtbBpR3t02pMRL1k+AAA3F
法务/侵权类,older,account_4,weihaizhongxin2024@126.com,"Mon, 6 Jul 2026 23:07:09 +0000",Amazon Seller Central <donotreply@amazon.com>,Your Amazon.com.be Factuur Fulfilled by Amazon for 6/2026,,"Your Amazon.com.be Factuur Fulfilled by Amazon for 6/2026
 96
Beste Shen zhen shi wei hai zhong xin ke ji you xian,
We sturen je dit bericht om je te laten weten dat je elektronische Factuur Fulfilled by Amazon voor de maand 6 2026 nu beschikbaar is in je Seller Central-account.
Als je toegang wilt krijgen tot je factuur, ga je naar je Seller Central-account > Overzichten > Bibliotheek met belastingdocumenten > Belastingfacturen voor kosten verkoper.
In je Seller Central-account kun je je factuur bekijken, downloaden of afdrukken.
Als je nog vragen hebt, kun je contact opnemen met de Ondersteuning voor verkopers.
Met vriendelijke groeten,
Amazon.com.be
 Monsieur/Madame Shen zhen shi wei hai zhong xin ke ji you xian,
Nous vous écrivons pour vous informer que votre Facture Expédié Par Amazon pour le mois de 6/2026 est maintenant disponible dans votre compte Seller Central.
Pour accéder à votre facture, rendez-vous sur votre compte Seller Central et veuillez accéder à la page Rapports > Bibliothèque d'informations fiscales > Factures des frais du vendeur.
Dans votre compte Seller Central, vous pourrez afficher, télécharger ou imprimer votre facture.
Pour toute question, contactez le S",2026-07-27 22:52:39,RETR,xtbBpQAD6GpMNSAPIgAA3Q
法务/侵权类,older,account_4,weihaizhongxin2024@126.com,"Mon, 6 Jul 2026 21:44:31 +0000",Amazon Seller Central <donotreply@amazon.com>,Your Amazon.de Rechnung Versand durch Amazon for 6/2026,,"Your Amazon.de Rechnung Versand durch Amazon for 6/2026
 96
Guten Tag Shen zhen shi wei hai zhong xin ke ji you xian!
Wir möchten Sie darüber informieren, dass Ihr elektronisches Dokument Rechnung Versand durch Amazon für 6.2026 ab sofort in Ihrem Seller Central-Konto verfügbar ist.
Navigieren Sie in Ihrem Seller Central-Konto zu Berichte > Steuerdokumente > Rechnungen über Verkaufsgebühren, um auf Ihr Dokument (Rechnung) zuzugreifen.
In Ihrem Seller Central-Konto können Sie Ihr Dokument (Rechnung) anzeigen, herunterladen oder ausdrucken.
Wenden Sie sich bei weiteren Fragen bitte an die Verkäuferhilfe.
Freundliche Grüße,
Amazon.de
 Ein Problem mit dieser E-Mail melden
 Bei Fragen besuchen Sie: Seller Central
 Zum Ändern Ihrer E-Mail-Einstellungen, gehen Sie zu: Benachrichtigungseinstellungen
 Wir hoffen, diese Nachricht ist hilfreich für Sie. Falls Sie allerdings in Zukunft keine E-Mails dieser Art von Amazon.de erhalten möchten, melden Sie sich bitte ab.
 Copyright 2026 Amazon Inc. oder Tochtergesellschaften. Alle Rechte vorbehalten.
 Amazon EU S.à r.l.
38 avenue John F. Kennedy,
L-1855 Luxemburg,
Handelsregisternummer Luxemburg: B-101818,
 Gesellschaftskapital: 165.833 EUR,
Gewer",2026-07-27 22:52:39,RETR,xtbBsgMmDGpMIcMLggAA3W
法务/侵权类,older,account_4,weihaizhongxin2024@126.com,"Mon, 6 Jul 2026 21:29:53 +0000",Amazon Seller Central <donotreply@amazon.com>,Your Amazon.de Rechnung Verkäufer for 6/2026,,"Your Amazon.de Rechnung Verkäufer for 6/2026
 96
Guten Tag Shen zhen shi wei hai zhong xin ke ji you xian!
Wir möchten Sie darüber informieren, dass Ihr elektronisches Dokument Rechnung Verkäufer für 6.2026 ab sofort in Ihrem Seller Central-Konto verfügbar ist.
Navigieren Sie in Ihrem Seller Central-Konto zu Berichte > Steuerdokumente > Rechnungen über Verkaufsgebühren, um auf Ihr Dokument (Rechnung) zuzugreifen.
In Ihrem Seller Central-Konto können Sie Ihr Dokument (Rechnung) anzeigen, herunterladen oder ausdrucken.
Wenden Sie sich bei weiteren Fragen bitte an die Verkäuferhilfe.
Freundliche Grüße,
Amazon.de
 Ein Problem mit dieser E-Mail melden
 Bei Fragen besuchen Sie: Seller Central
 Zum Ändern Ihrer E-Mail-Einstellungen, gehen Sie zu: Benachrichtigungseinstellungen
 Wir hoffen, diese Nachricht ist hilfreich für Sie. Falls Sie allerdings in Zukunft keine E-Mails dieser Art von Amazon.de erhalten möchten, melden Sie sich bitte ab.
 Copyright 2026 Amazon Inc. oder Tochtergesellschaften. Alle Rechte vorbehalten.
 Amazon EU S.à r.l.
38 avenue John F. Kennedy,
L-1855 Luxemburg,
Handelsregisternummer Luxemburg: B-101818,
 Gesellschaftskapital: 165.833 EUR,
Gewerbelizenznummer: 134248",2026-07-27 22:52:38,RETR,xtbBpRRKMGpMHlQEvwAA3c
法务/侵权类,older,account_4,weihaizhongxin2024@126.com,"Mon, 6 Jul 2026 21:23:16 +0000",Amazon Seller Central <donotreply@amazon.com>,Your Amazon.com.be Factuur Fulfilled by Amazon for 6/2026,,"Your Amazon.com.be Factuur Fulfilled by Amazon for 6/2026
 96
Beste Shen zhen shi wei hai zhong xin ke ji you xian,
We sturen je dit bericht om je te laten weten dat je elektronische Factuur Fulfilled by Amazon voor de maand 6 2026 nu beschikbaar is in je Seller Central-account.
Als je toegang wilt krijgen tot je factuur, ga je naar je Seller Central-account > Overzichten > Bibliotheek met belastingdocumenten > Belastingfacturen voor kosten verkoper.
In je Seller Central-account kun je je factuur bekijken, downloaden of afdrukken.
Als je nog vragen hebt, kun je contact opnemen met de Ondersteuning voor verkopers.
Met vriendelijke groeten,
Amazon.com.be
 Monsieur/Madame Shen zhen shi wei hai zhong xin ke ji you xian,
Nous vous écrivons pour vous informer que votre Facture Expédié Par Amazon pour le mois de 6/2026 est maintenant disponible dans votre compte Seller Central.
Pour accéder à votre facture, rendez-vous sur votre compte Seller Central et veuillez accéder à la page Rapports > Bibliothèque d'informations fiscales > Factures des frais du vendeur.
Dans votre compte Seller Central, vous pourrez afficher, télécharger ou imprimer votre facture.
Pour toute question, contactez le S",2026-07-27 22:52:38,RETR,xtbBswbly2pMHMa8FgAA3N
法务/侵权类,older,account_4,weihaizhongxin2024@126.com,"Mon, 6 Jul 2026 21:07:51 +0000",Amazon Seller Central <donotreply@amazon.com>,Your Amazon.se Faktura Fraktas Av Amazon for 6/2026,,"Your Amazon.se Faktura Fraktas Av Amazon for 6/2026
 96
Hej Shen zhen shi wei hai zhong xin ke ji you xian!
Vi skriver för att informera dig om att din elektroniska Faktura Fraktas Av Amazon för månaden 6/2026 nu finns tillgänglig på ditt Seller Central-konto.
För att komma åt ditt fakturagår du till ditt Seller Central-konto > Rapporter > Bibliotek för skattedokument > Skattefakturor för säljaravgifter.
På ditt Seller Central-konto kan du se, ladda ner eller skriva ut ditt faktura.
Om du har några frågor, kontakta säljarsupport.
Vänliga hälsningar,
Amazon.se
 Rapportera ett problem med detta e-post
 Om du har några frågor besök: Seller Central
 För att ändra dina e-postinställningar, besök: Inställningar för meddelanden
 Vi hoppas att du tyckte att det här meddelandet var användbart. Om du föredrar att inte få framtida e-postmeddelanden av detta slag från Amazon.com, välj bort det här.
 Upphovsrätt 2026 Amazon, Inc, eller dess dotterbolag. Alla rättigheter förbehållna.
 Amazon EU S.à r.l.
38 avenue John F. Kennedy
L-1855 Luxemburg
Registrerat i Luxemburg No. B-101818
Aktiekapital 165 833 EUR
Företagets registreringsnummer: 134248
Momsregistrering för Luxemburg LU 20260743.
 SPC-EU",2026-07-27 22:52:37,RETR,xtbBswv942pMGSus-wAA3h
法务/侵权类,older,account_4,weihaizhongxin2024@126.com,"Mon, 6 Jul 2026 20:56:46 +0000",Amazon Seller Central <donotreply@amazon.com>,Your Amazon.es Factura Logística de Amazon for 6/2026,,"Your Amazon.es Factura Logística de Amazon for 6/2026
 96
Hola, Shen zhen shi wei hai zhong xin ke ji you xian:
Te escribimos para comunicarte que tu Factura Logística de Amazon del mes de 6/2026 ya está disponible en tu cuenta de Seller Central.
Para acceder a la factura, ve a Seller Central > Informes > Biblioteca de documentos fiscales > Facturas de tarifas aplicables al vendedor.
Allí podrás ver, descargar o imprimir tu factura.
Para consultas, contacta con atención al vendedor.
Atentamente,
Amazon.es
 Informar de un problema con este correo electrónico
 Si tienes alguna pregunta, visita: Seller Central
 Para cambiar sus preferencias de correo electrónico visitan: Preferencias de Notificación
 Esperamos que este mensaje te haya parecido útil. Sin embargo, si prefieres no recibir correos electrónicos de Amazon.es de este tipo en el futuro, haz clic aquí.
 Copyright 2026 Amazon.com.mx, Inc. o sus afiliados. Todos los derechos reservados.
 Amazon EU S.à r.l.
38 avenue John F. Kennedy,
L-1855 Luxemburgo,
Número de Registro en Luxemburgo: No. B-101818,
Capital Social 165.833 EUR,
Número de licencia de actividad: 134248,
Nº de Registro IVA en Luxemburgo: LU 20260743.
 SPC-EUAmazon-52",2026-07-27 22:52:37,RETR,xtbBpBJXPWpMFpLXDwAA3m
法务/侵权类,older,account_4,weihaizhongxin2024@126.com,"Mon, 6 Jul 2026 20:36:00 +0000",Amazon Seller Central <donotreply@amazon.com>,Your Amazon.de Rechnung Versand durch Amazon for 6/2026,,"Your Amazon.de Rechnung Versand durch Amazon for 6/2026
 96
Guten Tag Shen zhen shi wei hai zhong xin ke ji you xian!
Wir möchten Sie darüber informieren, dass Ihr elektronisches Dokument Rechnung Versand durch Amazon für 6.2026 ab sofort in Ihrem Seller Central-Konto verfügbar ist.
Navigieren Sie in Ihrem Seller Central-Konto zu Berichte > Steuerdokumente > Rechnungen über Verkaufsgebühren, um auf Ihr Dokument (Rechnung) zuzugreifen.
In Ihrem Seller Central-Konto können Sie Ihr Dokument (Rechnung) anzeigen, herunterladen oder ausdrucken.
Wenden Sie sich bei weiteren Fragen bitte an die Verkäuferhilfe.
Freundliche Grüße,
Amazon.de
 Ein Problem mit dieser E-Mail melden
 Bei Fragen besuchen Sie: Seller Central
 Zum Ändern Ihrer E-Mail-Einstellungen, gehen Sie zu: Benachrichtigungseinstellungen
 Wir hoffen, diese Nachricht ist hilfreich für Sie. Falls Sie allerdings in Zukunft keine E-Mails dieser Art von Amazon.de erhalten möchten, melden Sie sich bitte ab.
 Copyright 2026 Amazon Inc. oder Tochtergesellschaften. Alle Rechte vorbehalten.
 Amazon EU S.à r.l.
38 avenue John F. Kennedy,
L-1855 Luxemburg,
Handelsregisternummer Luxemburg: B-101818,
 Gesellschaftskapital: 165.833 EUR,
Gewer",2026-07-27 22:52:36,RETR,xtbBshMeBGpMEbPGjAAA31
法务/侵权类,older,account_4,weihaizhongxin2024@126.com,"Mon, 6 Jul 2026 20:27:56 +0000",Amazon Seller Central <donotreply@amazon.com>,Your Amazon.es Factura Vendedor for 6/2026,,"Your Amazon.es Factura Vendedor for 6/2026
 96
Hola, Shen zhen shi wei hai zhong xin ke ji you xian:
Te escribimos para comunicarte que tu Factura Vendedor del mes de 6/2026 ya está disponible en tu cuenta de Seller Central.
Para acceder a la factura, ve a Seller Central > Informes > Biblioteca de documentos fiscales > Facturas de tarifas aplicables al vendedor.
Allí podrás ver, descargar o imprimir tu factura.
Para consultas, contacta con atención al vendedor.
Atentamente,
Amazon.es
 Informar de un problema con este correo electrónico
 Si tienes alguna pregunta, visita: Seller Central
 Para cambiar sus preferencias de correo electrónico visitan: Preferencias de Notificación
 Esperamos que este mensaje te haya parecido útil. Sin embargo, si prefieres no recibir correos electrónicos de Amazon.es de este tipo en el futuro, haz clic aquí.
 Copyright 2026 Amazon.com.mx, Inc. o sus afiliados. Todos los derechos reservados.
 Amazon EU S.à r.l.
38 avenue John F. Kennedy,
L-1855 Luxemburgo,
Número de Registro en Luxemburgo: No. B-101818,
Capital Social 165.833 EUR,
Número de licencia de actividad: 134248,
Nº de Registro IVA en Luxemburgo: LU 20260743.
 SPC-EUAmazon-474990694784361",2026-07-27 22:52:36,RETR,xtbBsw6kimpMD86EnAAA3s
法务/侵权类,older,account_4,weihaizhongxin2024@126.com,"Mon, 6 Jul 2026 20:23:50 +0000",Amazon Seller Central <donotreply@amazon.com>,Your Amazon.nl Factuur Fulfilled by Amazon for 6/2026,,"Your Amazon.nl Factuur Fulfilled by Amazon for 6/2026
 96
Beste Shen zhen shi wei hai zhong xin ke ji you xian,
We sturen je dit bericht om je te laten weten dat je elektronische Factuur Fulfilled by Amazon voor de maand 6 2026 nu beschikbaar is in je Seller Central-account.
Als je toegang wilt krijgen tot je factuur, ga je naar je Seller Central-account > Overzichten > Bibliotheek met belastingdocumenten > Belastingfacturen voor kosten verkoper.
In je Seller Central-account kun je je factuur bekijken, downloaden of afdrukken.
Als je nog vragen hebt, kun je contact opnemen met de Ondersteuning voor verkopers.
Met vriendelijke groeten,
Amazon.nl
 Rapporteer een probleem met deze e-mail
 Als je vragen hebt, ga je naar: Seller Central
 Om je e-mailvoorkeuren te wijzigen, ga je naar: Voorkeuren voor meldingen
 We hopen dat je iets aan dit bericht hebt gehad. Als je in de toekomst echter liever niet meer van dit soort e-mails van Amazon.com wilt ontvangen, kun je je afmelden hier.
 Auteursrecht (copyright) 2026 Amazon, Inc. of haar dochterondernemingen. Alle rechten voorbehouden.
 Amazon Services Europe S.à r.l.
38 avenue John F. Kennedy
L-1855 Luxemburg
Geregistreerd in Luxemburg
RCS L",2026-07-27 22:52:36,RETR,xtbBshtnTWpMDtu7ngAA3V
法务/侵权类,older,account_4,weihaizhongxin2024@126.com,"Mon, 6 Jul 2026 20:07:18 +0000",Amazon Seller Central <donotreply@amazon.com>,Your Amazon.se Faktura Säljare for 6/2026,,"Your Amazon.se Faktura Säljare for 6/2026
 96
Hej Shen zhen shi wei hai zhong xin ke ji you xian!
Vi skriver för att informera dig om att din elektroniska Faktura Säljare för månaden 6/2026 nu finns tillgänglig på ditt Seller Central-konto.
För att komma åt ditt fakturagår du till ditt Seller Central-konto > Rapporter > Bibliotek för skattedokument > Skattefakturor för säljaravgifter.
På ditt Seller Central-konto kan du se, ladda ner eller skriva ut ditt faktura.
Om du har några frågor, kontakta säljarsupport.
Vänliga hälsningar,
Amazon.se
 Rapportera ett problem med detta e-post
 Om du har några frågor besök: Seller Central
 För att ändra dina e-postinställningar, besök: Inställningar för meddelanden
 Vi hoppas att du tyckte att det här meddelandet var användbart. Om du föredrar att inte få framtida e-postmeddelanden av detta slag från Amazon.com, välj bort det här.
 Upphovsrätt 2026 Amazon, Inc, eller dess dotterbolag. Alla rättigheter förbehållna.
 Amazon EU S.à r.l.
38 avenue John F. Kennedy
L-1855 Luxemburg
Registrerat i Luxemburg No. B-101818
Aktiekapital 165 833 EUR
Företagets registreringsnummer: 134248
Momsregistrering för Luxemburg LU 20260743.
 SPC-EUAmazon-1899957765924",2026-07-27 22:52:35,RETR,xtbBsxpuVGpMCvpxxgAA3y
法务/侵权类,older,account_4,weihaizhongxin2024@126.com,"Mon, 6 Jul 2026 20:02:23 +0000",Amazon Seller Central <donotreply@amazon.com>,Your Amazon.se Faktura Fraktas Av Amazon for 6/2026,,"Your Amazon.se Faktura Fraktas Av Amazon for 6/2026
 96
Hej Shen zhen shi wei hai zhong xin ke ji you xian!
Vi skriver för att informera dig om att din elektroniska Faktura Fraktas Av Amazon för månaden 6/2026 nu finns tillgänglig på ditt Seller Central-konto.
För att komma åt ditt fakturagår du till ditt Seller Central-konto > Rapporter > Bibliotek för skattedokument > Skattefakturor för säljaravgifter.
På ditt Seller Central-konto kan du se, ladda ner eller skriva ut ditt faktura.
Om du har några frågor, kontakta säljarsupport.
Vänliga hälsningar,
Amazon.se
 Rapportera ett problem med detta e-post
 Om du har några frågor besök: Seller Central
 För att ändra dina e-postinställningar, besök: Inställningar för meddelanden
 Vi hoppas att du tyckte att det här meddelandet var användbart. Om du föredrar att inte få framtida e-postmeddelanden av detta slag från Amazon.com, välj bort det här.
 Upphovsrätt 2026 Amazon, Inc, eller dess dotterbolag. Alla rättigheter förbehållna.
 Amazon EU S.à r.l.
38 avenue John F. Kennedy
L-1855 Luxemburg
Registrerat i Luxemburg No. B-101818
Aktiekapital 165 833 EUR
Företagets registreringsnummer: 134248
Momsregistrering för Luxemburg LU 20260743.
 SPC-EU",2026-07-27 22:52:35,RETR,xtbBshMkCmpMCdOnOgAA3u
法务/侵权类,older,account_4,weihaizhongxin2024@126.com,"Mon, 6 Jul 2026 19:58:54 +0000",Amazon Seller Central <donotreply@amazon.com>,Your Amazon.es Factura Logística de Amazon for 6/2026,,"Your Amazon.es Factura Logística de Amazon for 6/2026
 96
Hola, Shen zhen shi wei hai zhong xin ke ji you xian:
Te escribimos para comunicarte que tu Factura Logística de Amazon del mes de 6/2026 ya está disponible en tu cuenta de Seller Central.
Para acceder a la factura, ve a Seller Central > Informes > Biblioteca de documentos fiscales > Facturas de tarifas aplicables al vendedor.
Allí podrás ver, descargar o imprimir tu factura.
Para consultas, contacta con atención al vendedor.
Atentamente,
Amazon.es
 Informar de un problema con este correo electrónico
 Si tienes alguna pregunta, visita: Seller Central
 Para cambiar sus preferencias de correo electrónico visitan: Preferencias de Notificación
 Esperamos que este mensaje te haya parecido útil. Sin embargo, si prefieres no recibir correos electrónicos de Amazon.es de este tipo en el futuro, haz clic aquí.
 Copyright 2026 Amazon.com.mx, Inc. o sus afiliados. Todos los derechos reservados.
 Amazon EU S.à r.l.
38 avenue John F. Kennedy,
L-1855 Luxemburgo,
Número de Registro en Luxemburgo: No. B-101818,
Capital Social 165.833 EUR,
Número de licencia de actividad: 134248,
Nº de Registro IVA en Luxemburgo: LU 20260743.
 SPC-EUAmazon-18",2026-07-27 22:52:35,RETR,xtbBpALv1WpMCQKfkgAA38
法务/侵权类,older,account_4,weihaizhongxin2024@126.com,"Mon, 6 Jul 2026 19:55:57 +0000",Amazon Seller Central <donotreply@amazon.com>,Your Amazon.nl Factuur Verkoper for 6/2026,,"Your Amazon.nl Factuur Verkoper for 6/2026
 96
Beste Shen zhen shi wei hai zhong xin ke ji you xian,
We sturen je dit bericht om je te laten weten dat je elektronische Factuur Verkoper voor de maand 6 2026 nu beschikbaar is in je Seller Central-account.
Als je toegang wilt krijgen tot je factuur, ga je naar je Seller Central-account > Overzichten > Bibliotheek met belastingdocumenten > Belastingfacturen voor kosten verkoper.
In je Seller Central-account kun je je factuur bekijken, downloaden of afdrukken.
Als je nog vragen hebt, kun je contact opnemen met de Ondersteuning voor verkopers.
Met vriendelijke groeten,
Amazon.nl
 Rapporteer een probleem met deze e-mail
 Als je vragen hebt, ga je naar: Seller Central
 Om je e-mailvoorkeuren te wijzigen, ga je naar: Voorkeuren voor meldingen
 We hopen dat je iets aan dit bericht hebt gehad. Als je in de toekomst echter liever niet meer van dit soort e-mails van Amazon.com wilt ontvangen, kun je je afmelden hier.
 Auteursrecht (copyright) 2026 Amazon, Inc. of haar dochterondernemingen. Alle rechten voorbehouden.
 Amazon Services Europe S.à r.l.
38 avenue John F. Kennedy
L-1855 Luxemburg
Geregistreerd in Luxemburg
RCS Luxemburg Nr: B-93815
Z",2026-07-27 22:52:35,RETR,xtbBsxDDqWpMCFBl0QAA3D
法务/侵权类,older,account_4,weihaizhongxin2024@126.com,"Mon, 6 Jul 2026 19:16:22 +0000",Amazon Seller Central <donotreply@amazon.com>,Your Amazon.es Factura Logística de Amazon for 6/2026,,"Your Amazon.es Factura Logística de Amazon for 6/2026
 96
Hola, Shen zhen shi wei hai zhong xin ke ji you xian:
Te escribimos para comunicarte que tu Factura Logística de Amazon del mes de 6/2026 ya está disponible en tu cuenta de Seller Central.
Para acceder a la factura, ve a Seller Central > Informes > Biblioteca de documentos fiscales > Facturas de tarifas aplicables al vendedor.
Allí podrás ver, descargar o imprimir tu factura.
Para consultas, contacta con atención al vendedor.
Atentamente,
Amazon.es
 Informar de un problema con este correo electrónico
 Si tienes alguna pregunta, visita: Seller Central
 Para cambiar sus preferencias de correo electrónico visitan: Preferencias de Notificación
 Esperamos que este mensaje te haya parecido útil. Sin embargo, si prefieres no recibir correos electrónicos de Amazon.es de este tipo en el futuro, haz clic aquí.
 Copyright 2026 Amazon.com.mx, Inc. o sus afiliados. Todos los derechos reservados.
 Amazon EU S.à r.l.
38 avenue John F. Kennedy,
L-1855 Luxemburgo,
Número de Registro en Luxemburgo: No. B-101818,
Capital Social 165.833 EUR,
Número de licencia de actividad: 134248,
Nº de Registro IVA en Luxemburgo: LU 20260743.
 SPC-EUAmazon-68",2026-07-27 22:52:34,RETR,xtbBswpvVWpL-wpDqQAA39
法务/侵权类,older,account_4,weihaizhongxin2024@126.com,"Mon, 6 Jul 2026 19:05:55 +0000",Amazon Seller Central <donotreply@amazon.com>,Your Amazon.pl Faktura Sprzedawcy for 6/2026,,"Your Amazon.pl Faktura Sprzedawcy for 6/2026
 96
Cześć Shen zhen shi wei hai zhong xin ke ji you xian,
Pragniemy poinformować, że ten elektroniczny dokument jest już dostępny na Twoim koncie Seller Central: Faktura Sprzedawcy za miesiąc 6 i rok 2026.
Aby uzyskać dostęp do tego dokumentu typu faktura, przejdź na konto Seller Central > Raporty > Dokumenty podatkowe > Faktury podatkowe z tytułu opłat od sprzedawcy.
Na koncie Seller Central możesz wyświetlić, pobrać i wydrukować taki dokument (faktura).
Jeśli masz jakieś pytania, skontaktuj się z działem pomocy dla sprzedawców.
Pozdrawiamy,
Amazon.pl
 Zgłoś problem z tym e-mailem
 Jeśli masz pytania, odwiedź stronę: Seller Central
 Aby zmienić preferencje poczty e-mail, odwiedź: Preferencje powiadomień
 Mamy nadzieję, że ta wiadomość jest pomocna. Jeśli jednak wolisz nie otrzymywać przyszłych wiadomości e-mail tego typu z witryny Amazon.com, zrezygnuj z tej opcji tutaj.
 Prawa autorskie 2026 Amazon, Inc. lub jej podmioty stowarzyszone. Wszelkie prawa zastrzeżone.
 Amazon EU S.a.r.l.
38 avenue John F. Kennedy
L-1855 Luksemburg,
spółka zarejestrowana w Luksemburgu pod nr. B-101818,
kapitał zakładowy: 165,833 EUR,
numer zezwolenia na prow",2026-07-27 22:52:34,RETR,xtbBpRbRt2pL-JZ5swAA3U
法务/侵权类,older,account_4,weihaizhongxin2024@126.com,"Mon, 6 Jul 2026 18:55:02 +0000",Amazon Seller Central <donotreply@amazon.com>,Your Amazon.co.uk Fulfillment by Amazon Merchant Invoice for 6/2026,,"Your Amazon.co.uk Fulfillment by Amazon Merchant Invoice for 6/2026
 96
Hello,
We are writing to inform you that your electronic Fulfillment by Amazon Merchant Invoice for the month of 6/2026 is now available in your Seller Central Account.
To access your invoice, go to your Tax Document Library . In your Tax Document Library, you will be able to view, download or print your invoice.
The Amazon Services Team
 Report an issue with this email
 If you have any questions visit: Seller Central
 To change your email preferences visit: Notification Preferences
 We hope you found this message to be useful. However, if you'd rather not receive future e-mails of this sort from Amazon.com, please opt-out here.
 Copyright 2026 Amazon, Inc, or its affiliates. All rights reserved.
 Amazon.com, 410 Terry Avenue North, Seattle, WA 98109-5210
 SPC-EUAmazon-721281296945131",2026-07-27 22:52:34,RETR,xtbBpAkuFGpL+glnWwAA35
法务/侵权类,older,account_4,weihaizhongxin2024@126.com,"Mon, 6 Jul 2026 18:14:51 +0000",Amazon Seller Central <donotreply@amazon.com>,Your Amazon.nl Factuur Fulfilled by Amazon for 6/2026,,"Your Amazon.nl Factuur Fulfilled by Amazon for 6/2026
 96
Beste Shen zhen shi wei hai zhong xin ke ji you xian,
We sturen je dit bericht om je te laten weten dat je elektronische Factuur Fulfilled by Amazon voor de maand 6 2026 nu beschikbaar is in je Seller Central-account.
Als je toegang wilt krijgen tot je factuur, ga je naar je Seller Central-account > Overzichten > Bibliotheek met belastingdocumenten > Belastingfacturen voor kosten verkoper.
In je Seller Central-account kun je je factuur bekijken, downloaden of afdrukken.
Als je nog vragen hebt, kun je contact opnemen met de Ondersteuning voor verkopers.
Met vriendelijke groeten,
Amazon.nl
 Rapporteer een probleem met deze e-mail
 Als je vragen hebt, ga je naar: Seller Central
 Om je e-mailvoorkeuren te wijzigen, ga je naar: Voorkeuren voor meldingen
 We hopen dat je iets aan dit bericht hebt gehad. Als je in de toekomst echter liever niet meer van dit soort e-mails van Amazon.com wilt ontvangen, kun je je afmelden hier.
 Auteursrecht (copyright) 2026 Amazon, Inc. of haar dochterondernemingen. Alle rechten voorbehouden.
 Amazon Services Europe S.à r.l.
38 avenue John F. Kennedy
L-1855 Luxemburg
Geregistreerd in Luxemburg
RCS L",2026-07-27 22:52:33,RETR,xtbBpB-QtmpL8J9COwAA3q
法务/侵权类,older,account_4,weihaizhongxin2024@126.com,"Mon, 6 Jul 2026 17:47:27 +0000",Amazon Seller Central <donotreply@amazon.com>,Your Amazon.se Faktura Fraktas Av Amazon for 6/2026,,"Your Amazon.se Faktura Fraktas Av Amazon for 6/2026
 96
Hej Shen zhen shi wei hai zhong xin ke ji you xian!
Vi skriver för att informera dig om att din elektroniska Faktura Fraktas Av Amazon för månaden 6/2026 nu finns tillgänglig på ditt Seller Central-konto.
För att komma åt ditt fakturagår du till ditt Seller Central-konto > Rapporter > Bibliotek för skattedokument > Skattefakturor för säljaravgifter.
På ditt Seller Central-konto kan du se, ladda ner eller skriva ut ditt faktura.
Om du har några frågor, kontakta säljarsupport.
Vänliga hälsningar,
Amazon.se
 Rapportera ett problem med detta e-post
 Om du har några frågor besök: Seller Central
 För att ändra dina e-postinställningar, besök: Inställningar för meddelanden
 Vi hoppas att du tyckte att det här meddelandet var användbart. Om du föredrar att inte få framtida e-postmeddelanden av detta slag från Amazon.com, välj bort det här.
 Upphovsrätt 2026 Amazon, Inc, eller dess dotterbolag. Alla rättigheter förbehållna.
 Amazon EU S.à r.l.
38 avenue John F. Kennedy
L-1855 Luxemburg
Registrerat i Luxemburg No. B-101818
Aktiekapital 165 833 EUR
Företagets registreringsnummer: 134248
Momsregistrering för Luxemburg LU 20260743.
 SPC-EU",2026-07-27 22:52:33,RETR,xtbBpBM0GmpL6jMdZwAA3b
法务/侵权类,older,account_4,weihaizhongxin2024@126.com,"Mon, 6 Jul 2026 17:46:42 +0000",Amazon Seller Central <donotreply@amazon.com>,Your Amazon.ie Merchant Invoice for 6/2026,,"Your Amazon.ie Merchant Invoice for 6/2026
 96
Hello,
We are writing to inform you that your electronic Merchant Invoice for the month of 6/2026 is now available in your Seller Central Account.
To access your invoice, go to your Tax Document Library . In your Tax Document Library, you will be able to view, download or print your invoice.
The Amazon Services Team
 Report an issue with this email
 If you have any questions visit: Seller Central
 To change your email preferences visit: Notification Preferences
 We hope you found this message to be useful. However, if you'd rather not receive future e-mails of this sort from Amazon.com, please opt-out here.
 Copyright 2026 Amazon, Inc, or its affiliates. All rights reserved.
 Amazon.com, 410 Terry Avenue North, Seattle, WA 98109-5210
 SPC-EUAmazon-1354599996090561",2026-07-27 22:52:33,RETR,xtbBswUpD2pL6gXlawAA3Q
法务/侵权类,older,account_4,weihaizhongxin2024@126.com,"Mon, 6 Jul 2026 17:31:36 +0000",Amazon Seller Central <donotreply@amazon.com>,Your Amazon.de Rechnung Versand durch Amazon for 6/2026,,"Your Amazon.de Rechnung Versand durch Amazon for 6/2026
 96
Guten Tag Shen zhen shi wei hai zhong xin ke ji you xian!
Wir möchten Sie darüber informieren, dass Ihr elektronisches Dokument Rechnung Versand durch Amazon für 6.2026 ab sofort in Ihrem Seller Central-Konto verfügbar ist.
Navigieren Sie in Ihrem Seller Central-Konto zu Berichte > Steuerdokumente > Rechnungen über Verkaufsgebühren, um auf Ihr Dokument (Rechnung) zuzugreifen.
In Ihrem Seller Central-Konto können Sie Ihr Dokument (Rechnung) anzeigen, herunterladen oder ausdrucken.
Wenden Sie sich bei weiteren Fragen bitte an die Verkäuferhilfe.
Freundliche Grüße,
Amazon.de
 Ein Problem mit dieser E-Mail melden
 Bei Fragen besuchen Sie: Seller Central
 Zum Ändern Ihrer E-Mail-Einstellungen, gehen Sie zu: Benachrichtigungseinstellungen
 Wir hoffen, diese Nachricht ist hilfreich für Sie. Falls Sie allerdings in Zukunft keine E-Mails dieser Art von Amazon.de erhalten möchten, melden Sie sich bitte ab.
 Copyright 2026 Amazon Inc. oder Tochtergesellschaften. Alle Rechte vorbehalten.
 Amazon EU S.à r.l.
38 avenue John F. Kennedy,
L-1855 Luxemburg,
Handelsregisternummer Luxemburg: B-101818,
 Gesellschaftskapital: 165.833 EUR,
Gewer",2026-07-27 22:52:32,RETR,xtbBpRxGLGpL5nwNoQAA3E
法务/侵权类,older,account_4,weihaizhongxin2024@126.com,"Mon, 6 Jul 2026 17:28:53 +0000",Amazon Seller Central <donotreply@amazon.com>,Your Amazon.ie Fulfillment by Amazon Merchant Invoice for 6/2026,,"Your Amazon.ie Fulfillment by Amazon Merchant Invoice for 6/2026
 96
Hello,
We are writing to inform you that your electronic Fulfillment by Amazon Merchant Invoice for the month of 6/2026 is now available in your Seller Central Account.
To access your invoice, go to your Tax Document Library . In your Tax Document Library, you will be able to view, download or print your invoice.
The Amazon Services Team
 Report an issue with this email
 If you have any questions visit: Seller Central
 To change your email preferences visit: Notification Preferences
 We hope you found this message to be useful. However, if you'd rather not receive future e-mails of this sort from Amazon.com, please opt-out here.
 Copyright 2026 Amazon, Inc, or its affiliates. All rights reserved.
 Amazon.com, 410 Terry Avenue North, Seattle, WA 98109-5210
 SPC-EUAmazon-1495337485165054",2026-07-27 22:52:32,RETR,xtbBpRkdA2pL5dkKxQAA3w
法务/侵权类,older,account_4,weihaizhongxin2024@126.com,"Mon, 6 Jul 2026 17:10:41 +0000",Amazon Seller Central <donotreply@amazon.com>,Your Amazon.nl Factuur Fulfilled by Amazon for 6/2026,,"Your Amazon.nl Factuur Fulfilled by Amazon for 6/2026
 96
Beste Shen zhen shi wei hai zhong xin ke ji you xian,
We sturen je dit bericht om je te laten weten dat je elektronische Factuur Fulfilled by Amazon voor de maand 6 2026 nu beschikbaar is in je Seller Central-account.
Als je toegang wilt krijgen tot je factuur, ga je naar je Seller Central-account > Overzichten > Bibliotheek met belastingdocumenten > Belastingfacturen voor kosten verkoper.
In je Seller Central-account kun je je factuur bekijken, downloaden of afdrukken.
Als je nog vragen hebt, kun je contact opnemen met de Ondersteuning voor verkopers.
Met vriendelijke groeten,
Amazon.nl
 Rapporteer een probleem met deze e-mail
 Als je vragen hebt, ga je naar: Seller Central
 Om je e-mailvoorkeuren te wijzigen, ga je naar: Voorkeuren voor meldingen
 We hopen dat je iets aan dit bericht hebt gehad. Als je in de toekomst echter liever niet meer van dit soort e-mails van Amazon.com wilt ontvangen, kun je je afmelden hier.
 Auteursrecht (copyright) 2026 Amazon, Inc. of haar dochterondernemingen. Alle rechten voorbehouden.
 Amazon Services Europe S.à r.l.
38 avenue John F. Kennedy
L-1855 Luxemburg
Geregistreerd in Luxemburg
RCS L",2026-07-27 22:52:31,RETR,xtbBpBQL8GpL4ZTuwAAA3x
法务/侵权类,older,account_4,weihaizhongxin2024@126.com,"Mon, 6 Jul 2026 17:01:49 +0000",Amazon Seller Central <donotreply@amazon.com>,Your Amazon.ae Fulfillment by Amazon Merchant Invoice for 6/2026,,"Your Amazon.ae Fulfillment by Amazon Merchant Invoice for 6/2026
 96
Hello,
We are writing to inform you that your electronic Fulfillment by Amazon Merchant Invoice for the month of 6/2026 is now available in your Seller Central Account.
To access your invoice, go to your Tax Document Library . In your Tax Document Library, you will be able to view, download or print your invoice.
The Amazon Services Team
 Report an issue with this email
 If you have any questions visit: Seller Central
 To change your email preferences visit: Notification Preferences
 We hope you found this message to be useful. However, if you'd rather not receive future e-mails of this sort from Amazon.com, please opt-out here.
 Copyright 2026 Amazon, Inc, or its affiliates. All rights reserved.
 Amazon.com, 410 Terry Avenue North, Seattle, WA 98109-5210
 SPC-EUAmazon-1125901580155708",2026-07-27 22:52:31,RETR,xtbBpR+EampL33-rAwAA39
法务/侵权类,older,account_4,weihaizhongxin2024@126.com,"Mon, 6 Jul 2026 16:42:42 +0000",Amazon Seller Central <donotreply@amazon.com>,Your Amazon.co.uk AGL Merchant Self-Billing Invoice for 6/2026,,"Your Amazon.co.uk AGL Merchant Self-Billing Invoice for 6/2026
 96
Hello,
We are writing to inform you that your electronic AGL Merchant Self-Billing Invoice for the month of 6/2026 is now available in your Seller Central Account.
To access your invoice, go to your Tax Document Library . In your Tax Document Library, you will be able to view, download or print your invoice.
The Amazon Services Team
 Report an issue with this email
 If you have any questions visit: Seller Central
 To change your email preferences visit: Notification Preferences
 We hope you found this message to be useful. However, if you'd rather not receive future e-mails of this sort from Amazon.com, please opt-out here.
 Copyright 2026 Amazon, Inc, or its affiliates. All rights reserved.
 Amazon.com, 410 Terry Avenue North, Seattle, WA 98109-5210
 SPC-EUAmazon-2146248369500277",2026-07-27 22:52:31,RETR,xtbBpQVlS2pL2wXQSAAA3p
法务/侵权类,older,account_4,weihaizhongxin2024@126.com,"Mon, 6 Jul 2026 16:21:50 +0000",Amazon Seller Central <donotreply@amazon.com>,Your Amazon.es Factura Logística de Amazon for 6/2026,,"Your Amazon.es Factura Logística de Amazon for 6/2026
 96
Hola, Shen zhen shi wei hai zhong xin ke ji you xian:
Te escribimos para comunicarte que tu Factura Logística de Amazon del mes de 6/2026 ya está disponible en tu cuenta de Seller Central.
Para acceder a la factura, ve a Seller Central > Informes > Biblioteca de documentos fiscales > Facturas de tarifas aplicables al vendedor.
Allí podrás ver, descargar o imprimir tu factura.
Para consultas, contacta con atención al vendedor.
Atentamente,
Amazon.es
 Informar de un problema con este correo electrónico
 Si tienes alguna pregunta, visita: Seller Central
 Para cambiar sus preferencias de correo electrónico visitan: Preferencias de Notificación
 Esperamos que este mensaje te haya parecido útil. Sin embargo, si prefieres no recibir correos electrónicos de Amazon.es de este tipo en el futuro, haz clic aquí.
 Copyright 2026 Amazon.com.mx, Inc. o sus afiliados. Todos los derechos reservados.
 Amazon EU S.à r.l.
38 avenue John F. Kennedy,
L-1855 Luxemburgo,
Número de Registro en Luxemburgo: No. B-101818,
Capital Social 165.833 EUR,
Número de licencia de actividad: 134248,
Nº de Registro IVA en Luxemburgo: LU 20260743.
 SPC-EUAmazon-87",2026-07-27 22:52:31,RETR,xtbBpQArEWpL1iCqvQAA3f
法务/侵权类,older,account_4,weihaizhongxin2024@126.com,"Mon, 6 Jul 2026 16:02:53 +0000",Amazon Seller Central <donotreply@amazon.com>,Your Amazon.de Rechnung Versand durch Amazon for 6/2026,,"Your Amazon.de Rechnung Versand durch Amazon for 6/2026
 96
Guten Tag Shen zhen shi wei hai zhong xin ke ji you xian!
Wir möchten Sie darüber informieren, dass Ihr elektronisches Dokument Rechnung Versand durch Amazon für 6.2026 ab sofort in Ihrem Seller Central-Konto verfügbar ist.
Navigieren Sie in Ihrem Seller Central-Konto zu Berichte > Steuerdokumente > Rechnungen über Verkaufsgebühren, um auf Ihr Dokument (Rechnung) zuzugreifen.
In Ihrem Seller Central-Konto können Sie Ihr Dokument (Rechnung) anzeigen, herunterladen oder ausdrucken.
Wenden Sie sich bei weiteren Fragen bitte an die Verkäuferhilfe.
Freundliche Grüße,
Amazon.de
 Ein Problem mit dieser E-Mail melden
 Bei Fragen besuchen Sie: Seller Central
 Zum Ändern Ihrer E-Mail-Einstellungen, gehen Sie zu: Benachrichtigungseinstellungen
 Wir hoffen, diese Nachricht ist hilfreich für Sie. Falls Sie allerdings in Zukunft keine E-Mails dieser Art von Amazon.de erhalten möchten, melden Sie sich bitte ab.
 Copyright 2026 Amazon Inc. oder Tochtergesellschaften. Alle Rechte vorbehalten.
 Amazon EU S.à r.l.
38 avenue John F. Kennedy,
L-1855 Luxemburg,
Handelsregisternummer Luxemburg: B-101818,
 Gesellschaftskapital: 165.833 EUR,
Gewer",2026-07-27 22:52:30,RETR,xtbBpA8N8mpL0a929AAA3J
法务/侵权类,older,account_4,weihaizhongxin2024@126.com,"Mon, 6 Jul 2026 15:46:03 +0000",Amazon Seller Central <donotreply@amazon.com>,"Your VAT invoice for EPR Pay on Behalf charges for Amazon.co.uk
 sales",,"Your VAT invoice for EPR Pay on Behalf charges for Amazon.co.uk sales
 96
 Hello,
Your invoice for Amazon.co.uk Extended Producer Responsibility (EPR) Pay on Behalf charges is now available.
The invoice includes (1) the eco-contribution fees that Amazon paid on your behalf for sales of products subject to EPR obligations on Amazon.co.uk during the applicable reporting period, and (2) EPR Pay on Behalf service fees for the EPR categories specified in the category-level and ASIN-level summary.
To access your EPR Pay on Behalf invoice , open the attachment in this email or go to Seller Fee Invoices and search for ""EPR Pay on Behalf"" in the 'Invoice Type' column.
For a category-level summary of the fees charged, applicable reporting periods, and EPR categories, go to Transaction View with Service Fees as Transaction type, and search for ""EPR"" in the ""Product Details"" column.
For an ASIN-level summary of your EPR eco-contribution fees, applicable reporting periods, and EPR categories and sub-categories, go to EPR Category Reports .
 Why was I charged?
Effective January 1, 2025, Extended Producer Responsibility (EPR) requirements apply to packaging sold in the UK, under the Packaging (EP",2026-07-27 22:52:29,RETR,xtbBpB0Q9WpLzb1WCwAA3Q
法务/侵权类,older,account_4,weihaizhongxin2024@126.com,"Mon, 6 Jul 2026 15:40:18 +0000",Amazon Seller Central <donotreply@amazon.com>,Your Amazon.com.be Factuur Verkoper for 6/2026,,"Your Amazon.com.be Factuur Verkoper for 6/2026
 96
Beste Shen zhen shi wei hai zhong xin ke ji you xian,
We sturen je dit bericht om je te laten weten dat je elektronische Factuur Verkoper voor de maand 6 2026 nu beschikbaar is in je Seller Central-account.
Als je toegang wilt krijgen tot je factuur, ga je naar je Seller Central-account > Overzichten > Bibliotheek met belastingdocumenten > Belastingfacturen voor kosten verkoper.
In je Seller Central-account kun je je factuur bekijken, downloaden of afdrukken.
Als je nog vragen hebt, kun je contact opnemen met de Ondersteuning voor verkopers.
Met vriendelijke groeten,
Amazon.com.be
 Monsieur/Madame Shen zhen shi wei hai zhong xin ke ji you xian,
Nous vous écrivons pour vous informer que votre Facture Vendeur pour le mois de 6/2026 est maintenant disponible dans votre compte Seller Central.
Pour accéder à votre facture, rendez-vous sur votre compte Seller Central et veuillez accéder à la page Rapports > Bibliothèque d'informations fiscales > Factures des frais du vendeur.
Dans votre compte Seller Central, vous pourrez afficher, télécharger ou imprimer votre facture.
Pour toute question, contactez le Support Vendeur.
Cordialement,
Ama",2026-07-27 22:52:29,RETR,xtbBpAa5n2pLzGZLmAAA3c
法务/侵权类,older,account_4,weihaizhongxin2024@126.com,"Mon, 6 Jul 2026 15:35:08 +0000",Amazon Seller Central <donotreply@amazon.com>,Your Amazon.nl Factuur Fulfilled by Amazon for 6/2026,,"Your Amazon.nl Factuur Fulfilled by Amazon for 6/2026
 96
Beste Shen zhen shi wei hai zhong xin ke ji you xian,
We sturen je dit bericht om je te laten weten dat je elektronische Factuur Fulfilled by Amazon voor de maand 6 2026 nu beschikbaar is in je Seller Central-account.
Als je toegang wilt krijgen tot je factuur, ga je naar je Seller Central-account > Overzichten > Bibliotheek met belastingdocumenten > Belastingfacturen voor kosten verkoper.
In je Seller Central-account kun je je factuur bekijken, downloaden of afdrukken.
Als je nog vragen hebt, kun je contact opnemen met de Ondersteuning voor verkopers.
Met vriendelijke groeten,
Amazon.nl
 Rapporteer een probleem met deze e-mail
 Als je vragen hebt, ga je naar: Seller Central
 Om je e-mailvoorkeuren te wijzigen, ga je naar: Voorkeuren voor meldingen
 We hopen dat je iets aan dit bericht hebt gehad. Als je in de toekomst echter liever niet meer van dit soort e-mails van Amazon.com wilt ontvangen, kun je je afmelden hier.
 Auteursrecht (copyright) 2026 Amazon, Inc. of haar dochterondernemingen. Alle rechten voorbehouden.
 Amazon Services Europe S.à r.l.
38 avenue John F. Kennedy
L-1855 Luxemburg
Geregistreerd in Luxemburg
RCS L",2026-07-27 22:52:29,RETR,xtbBsw5rUWpLyy4KTgAA3H
法务/侵权类,older,account_4,weihaizhongxin2024@126.com,"Mon, 6 Jul 2026 15:30:53 +0000",Amazon Seller Central <donotreply@amazon.com>,Your Amazon.co.uk Fulfillment by Amazon Merchant Invoice for 6/2026,,"Your Amazon.co.uk Fulfillment by Amazon Merchant Invoice for 6/2026
 96
Hello,
We are writing to inform you that your electronic Fulfillment by Amazon Merchant Invoice for the month of 6/2026 is now available in your Seller Central Account.
To access your invoice, go to your Tax Document Library . In your Tax Document Library, you will be able to view, download or print your invoice.
The Amazon Services Team
 Report an issue with this email
 If you have any questions visit: Seller Central
 To change your email preferences visit: Notification Preferences
 We hope you found this message to be useful. However, if you'd rather not receive future e-mails of this sort from Amazon.com, please opt-out here.
 Copyright 2026 Amazon, Inc, or its affiliates. All rights reserved.
 Amazon.com, 410 Terry Avenue North, Seattle, WA 98109-5210
 SPC-EUAmazon-510175065790408",2026-07-27 22:52:28,RETR,xtbBpREsEmpLyjFCOQAA3r
法务/侵权类,older,account_4,weihaizhongxin2024@126.com,"Mon, 6 Jul 2026 14:51:08 +0000",Amazon Seller Central <donotreply@amazon.com>,Your Amazon.ae Merchant Invoice for 6/2026,,"Your Amazon.ae Merchant Invoice for 6/2026
 96
Hello,
We are writing to inform you that your electronic Merchant Invoice for the month of 6/2026 is now available in your Seller Central Account.
To access your invoice, go to your Tax Document Library . In your Tax Document Library, you will be able to view, download or print your invoice.
The Amazon Services Team
 عزيزي Shen zhen shi wei hai zhong xin ke ji you xian،
نراسلك لإبلاغك بأن فاتورة ضريبة القيمة المضافة (VAT) الخاصة بالتاجر الخاص بك لشهر 6/2026 متاح الآن في حساب Seller Central الخاص بك.
للوصول إلى فاتورة الخاص بك، انتقل إلى حساب Seller Central الخاص بك > التقارير > مكتبة المستندات الضريبية > فواتير ضريبة رسم البائع.
في حساب Seller Central الخاص بك، ستتمكن من عرض {documentType}$ الخاص بك أو تنزيله أو طباعته.
إذا كانت لديك أي أسئلة، فالمرجو التواصل مع دعم البائع.
 مع أطيب التحيات،
Amazon.ae
 Report an issue with this email
 If you have any questions visit: Seller Central
 To change your email preferences visit: Notification Preferences
 We hope you found this message to be useful. However, if you'd rather not receive future e-mails of this sort from Amazon.com, please opt-out here.
 Copyright 2026 Amazon, Inc, or its affilia",2026-07-27 22:52:28,RETR,xtbBsgHVu2pLwOHzHwAA3x
法务/侵权类,older,account_4,weihaizhongxin2024@126.com,"Sun, 5 Jul 2026 13:53:08 +0000",Amazon Services <donotreply@amazon.com>,Votre paiement est en cours,,"96
This title will display on mobile devices
 Félicitations ! Votre paiement est en cours et arrivera sous peu.
 Tentative de versement
Félicitations, Weihai EU ! Votre paiement est en cours et arrivera sous trois à cinq jours.
Le 07/05/26 13:52 CEST, nous avons effectué un virement d’un montant de €
 204.83 sur le compte lié à votre méthode de paiement (compte bancaire se terminant par 229).
 Si le montant est inférieur au montant auquel vous vous attendiez, voici quelques questions à vous poser :
 Disposez-vous d’un solde de fonds non disponibles ? Amazon peut réserver des fonds afin de couvrir des retours, des réclamations ou des rétrofacturations potentiels des acheteurs. Si tel est le cas, le solde de fin de période de votre rapport sur les paiements affichera le solde des fonds non disponibles réservé.
 Vos ventes couvraient-elles l’ensemble des frais et des retours pour cette période de règlements ? Le montant du paiement reflète votre activité commerciale, les frais de vente et les frais relatifs aux promotions et aux services. Nous vous recommandons de consulter votre rapport sur les paiements sous l’onglet Rapports de Seller Central pour comprendre votre solde de fin de p",2026-07-27 22:52:24,RETR,xtbBsgi3nWpKYciPDAAA3a
法务/侵权类,older,account_4,weihaizhongxin2024@126.com,"Sun, 5 Jul 2026 12:49:39 +0000",Amazon Services <donotreply@amazon.com>,Pagamento elaborato con successo,,"96
This title will display on mobile devices
 Congratulazioni. Il pagamento è stato elaborato con successo e ti sarà accreditato a breve.
 Tentativo di pagamento
Congratulazioni Weihai EU! Il pagamento è stato elaborato con successo e ti sarà accreditato nel giro di da tre a cinque giorni.
In data 07/05/26 12:49 CEST, abbiamo avviato un trasferimento sul tuo metodo di pagamento (conto bancario che termina con 229) dell’importo di €
 157,02.
 Se l’importo è inferiore a quanto atteso, tieni in considerazione le seguenti domande:
 Hai un saldo non disponibile? Amazon potrebbe trattenere una certa somma per coprire i costi di eventuali resi, reclami o contestazioni di una transazione (chargeback) da parte degli acquirenti. In questo caso, il saldo finale nel tuo report sui pagamenti mostrerà il saldo non disponibile corrispondente alla cifra trattenuta.
 Le tue vendite coprono tutte le commissioni e i resi per questo ciclo di fatturazione? L’importo del pagamento rispecchia le attività di vendita, le commissioni di vendita e le tariffe per promozioni o servizi. Ti consigliamo di rivedere il report sui pagamenti nella scheda Report di Seller Central per comprendere le diverse spese che ",2026-07-27 22:52:24,RETR,xtbBpQb64GpKUuZFyAAA3g
法务/侵权类,older,account_4,weihaizhongxin2024@126.com,"Thu, 2 Jul 2026 14:26:45 +0000",Amazon Services Europe <donotreply@amazon.com>,"El Asistente de vendedores ya está activo en Francia, Italia y España",,"96
 La asistencia con tecnología de IA ya está disponible en Seller Central para ayudarte a gestionar tu negocio de forma más eficiente.
 Hola:
 Gestionar tu negocio en Amazon acaba de hacerse más fácil.
 El Asistente de vendedores ya está disponible en FRITES dentro de Seller Central. Este asistente con tecnología de IA te ayuda a encontrar información relevante, acceder a información detallada y gestionar tu negocio de forma más eficiente, directamente donde ya trabajas.
 El Asistente de vendedores proporciona orientación sobre nuestras herramientas, políticas y procesos utilizando información disponible en Seller Central, junto con respuestas personalizadas basadas en los datos de tu cuenta. Esto te permite obtener rápidamente información relacionada con el rendimiento de tu negocio, planificación de inventario, listing, cumplimiento normativo y estado de la cuenta sin navegar por múltiples páginas.
 El Asistente de vendedores está diseñado para reducir el esfuerzo en la gestión empresarial diaria y facilitar una toma de decisiones más rápida e informada.
 Probar el Asistente de vendedores
 Empieza a usar el Asistente de vendedores para obtener respuestas rápidas a preguntas emp",2026-07-27 22:52:17,RETR,xtbBsgaSeGpGdSa7CwAA3R
法务/侵权类,older,account_4,weihaizhongxin2024@126.com,"Thu, 2 Jul 2026 14:11:01 +0000",Luana Camargo <notifications@insgly.net>,Worten Marketplace - Portugal y España,,"Hola Weihai EU,
Soy Luana Camargo, Business Developer en Worten worten.pt / worten.es , el mayor marketplace de Portugal.
Nuestro equipo de análisis ha señalado que una asociación con usted sería una gran oportunidad para ambos.
¿Estaría disponible para una reunión online esta semana?
Acerca de Worten - Somos el líder del mercado portugués:
- Nº 1 del comercio electrónico portugués
- Sitio web con mayor tráfico de Portugal (más de 10 millones de visitas al mes) - Ranking de mercado
- Más de 200 tiendas físicas en Portugal y España, proporcionando una oportunidad omnicanal
- Plataforma de gestión: Mirakl (se puede integrar manualmente o vía API)
- Sin costes iniciales - 6 meses
Estaré encantado de ayudarle si tiene alguna pregunta.
Muchas gracias,
Saludos Cordiales",2026-07-27 22:52:17,RETR,xtbBpRimjGpGcXiCyAAA34
法务/侵权类,older,account_4,weihaizhongxin2024@126.com,"Thu, 2 Jul 2026 13:49:18 +0000",Amazon Europe <donotreply@amazon.com>,"L'assistente venditori è ora attivo in Francia, Italia e Spagna",,"96
 L'assistenza basata su AI è ora disponibile in Seller Central per aiutarti a gestire la tua attività in modo più efficiente.
 Buongiorno,
 Gestire la tua attività su Amazon è diventato ancora più semplice.
 L''assistente venditori è ora disponibile in FRITES all''interno di Seller Central. Questo assistente basato su AI ti aiuta a trovare informazioni pertinenti, accedere a insight e gestire la tua attività in modo più efficiente, direttamente dove lavori già.
 L''assistente venditori fornisce indicazioni sui nostri strumenti, politiche e processi utilizzando informazioni disponibili in tutto Seller Central, insieme a risposte personalizzate basate sui dati del tuo account. Ciò ti consente di ottenere rapidamente insight relativi alle prestazioni della tua attività, pianificazione dell''inventario, offerta, conformità e stato dell''account senza dover navigare tra più pagine.
 L''assistente venditori è progettato per ridurre lo sforzo nella gestione quotidiana dell''attività e supportare un processo decisionale più rapido e informato.
 Prova assistente venditori
 Inizia a utilizzare l'assistente venditori per ottenere risposte rapide a domande relative alla tua attività, come:
",2026-07-27 22:52:16,RETR,xtbBpAJfRWpGbGJUbwAA3l
法务/侵权类,older,account_4,weihaizhongxin2024@126.com,"Wed, 1 Jul 2026 16:04:35 +0000",Amazon Services <donotreply@amazon.com>,Presentar información de cumplimiento normativo de la RAP en Portugal,,"96
 La normativa portuguesa sobre la RAP se aplica a los productos vendidos a clientes de Portugal.
 Hola,
Para cumplir la legislación portuguesa sobre la responsabilidad ampliada del productor (RAP) , tienes que obtener números de registro de responsabilidad ampliada del productor para los productos que vendas a clientes de Portugal.
La RAP es un principio de política medioambiental que hace que el productor sea responsable de los productos a lo largo de todo su ciclo de vida. Esto incluye todo, desde el diseño del producto hasta la gestión al final de su vida útil, como la recogida, clasificación y reciclaje de residuos.
Por lo general, se entiende por ""productor"" a la parte que comercializa por primera vez en un país un producto sujeto a la normativa RAP.
Tienes que presentarnos los números de registro de la RAP para las siguientes categorías de productos reguladas:
- Embalaje
- Pilas y baterías Para presentarnos tu número de registro de la normativa y demostrar su cumplimiento normativo, sigue los pasos que se indican a continuación:
- En tu cuenta de Seller Central de España, ve a  Estado de la cuenta .
- Selecciona  Cumplimiento normativo .
- Selecciona  Enviar información so",2026-07-27 22:52:14,RETR,xtbBpRSfhWpFOpRbowAA3S
法务/侵权类,older,account_4,weihaizhongxin2024@126.com,"Wed, 1 Jul 2026 02:53:05 +0000","""donotreply@amazon.com"" <donotreply@amazon.com>",Transparency Invoice/Credit note for 06/2026,,"96
 Dear Customer,
 Please click on the link below to access your Transparency electronic invoice/credit note in the Transparency Portal. If you see an '...
 Dear Customer,
 Please click on the link below to access your Transparency electronic invoice/credit note in the Transparency Portal. If you see an 'Access Denied' error message when you use the link below and are not able to access the invoice/credit note, then please email transparency-support@amazon.com with your profile link (see instructions below).
 [Link to invoice Dashboard]
 Frequently Asked Questions (FAQ)
- I see 'Access Denied' message after logging into the Transparency Portal, what should I do?
- Please log into your Amazon.com account associated with this email address. If you don't have an account, please create one with this email address.
- Go to http://www.amazon.com/profile .
- Copy the URL that was generated in the search bar. The profile link you need to provide will look similar to this: https://www.amazon.com/gp/profile/amzn1.account.XXXXXXXXXXXXXXXXXXXXXXXX
- Create an email to transparency-support@amazon.com , paste the URL that you copied into the body of the email, and click 'Send'.
 We will provide",2026-07-27 22:52:11,RETR,xtbBsxMQ9WpEgRPaDQAA3u
法务/侵权类,older,account_4,weihaizhongxin2024@126.com,"Tue, 30 Jun 2026 00:26:34 +0000",Assistenza venditori Amazon <merch.service05@amazon.it>,<p>Grazie per aver creato un nuovo caso: -- 12929127032</p>,,"96
<p>Grazie per aver creato un nuovo caso: -- 12929127032</p>
 La ringraziamo per aver contattato il Supporto al venditore di Amazon.
Abbiamo aperto un caso riguardo al suo problema. Un membro del nostro team la contatterà appena possibile. Rispondiamo alla maggior parte delle e-mail entro 12 ore.
Per vedere i suoi ordini ed effettuare operazioni a essi relative, come per esempio l'emissione di rimborsi, visiti Seller Central al link: http://sellercentral-europe.amazon.com . Maggiori informazioni su come gestire i prodotti, gli ordini e il suo negozio online sono disponibili nelle pagine di aiuto di Seller Central.
Per contattarci nuovamente riguardo a questo problema utilizzi il modulo di contatto di Seller Central cliccando su questo link:
 https://sellercentral-europe.amazon.com/cu/case-dashboard/view-case?caseID=12929127032
Se desidera ricevere aiuto da altri venditori, può visitare il nostro Forum per i venditori a questo link: https://sellercentral.amazon.it/forums/
La preghiamo di non rispondere a questo messaggio. Questa e-mail è stata inviata da un indirizzo che non accetta posta in entrata.
 Copyright 2026 Amazon.com, Inc. o le relative società affiliate. Tutti i diritti",2026-07-27 22:52:07,RETR,xtbBsx29o2pDDT08LQAA34
法务/侵权类,older,account_4,weihaizhongxin2024@126.com,"Mon, 29 Jun 2026 14:10:24 +0000",Luana Camargo <notifications@insgly.net>,Worten Marketplace - Portugal y España,,"¡Buenos días!
Espero que te encuentres bien.
Mi nombre es Luana Camargo y soy Business Developer en WORTEN Portugal y España, parte de Sonae, uno de los más grandes grupos empresariales en Portugal.
Te envío este mensaje porque nos gustaría hacer una colaboración entre Weihai EU y el Marketplace de Worten.
Sobre Worten.
Somos líderes en el mercado portugués, con 200 tiendas alcanzamos más de 1.2 billones de euros en ventas, de los cuales el 20% vienen del online.
En Portugal, Worten.pt es el sitio de comercio electrónico más visitado y con mejor desempeño, recibimos más visitas que los principales marketplaces del mundo, los que consideramos nuestra competencia. En compras online, el sitio web de Worten tiene el mayor tráfico de Portugal, más de 10 millones de visitas al mes.
Es en www.worten.pt y www.worten.es donde puedes mirar nuestro Marketplace.
Con más de 30 categorías, el Marketplace de Worten quiere ser la plataforma donde los clientes pueden encontrar todo lo que necesitan.
Con la gran demanda que sentimos, tenemos la oportunidad de aumentar nuestra gama de productos, ¡y trabajar con las mejores empresas es nuestra prioridad !
Worten Marketplace tiene una estrategia B2C, c",2026-07-27 22:52:05,RETR,xtbBpBR-ZWpCfNQBAgAA3p
货件/库存类,older,account_4,weihaizhongxin2024@126.com,"Sat, 18 Jul 2026 04:29:33 +0000",Fulfilment by Amazon <donotreply@amazon.com>,Create FBA removal order by 2026-07-30,,"96
Automated removals of unfulfillable inventory
 Required removals: First notification
 Required removals: First notification
 Hello,
Your FBA inventory listed below became unsellable in the past seven days. You must create a removal order by 2026-07-30 or these items will be disposed of. Removal fees will apply. Review the affected items and next steps below.
Unsellable products:
- FNSKU: B0DRC8LPGS Quantity: 4
- FNSKU: B0DRCB74YN Quantity: 3
- FNSKU: B0DRCF83VZ Quantity: 5
 Why is this happening?
This action is required because these items are no longer in sellable condition in our fulfilment centres. According to our FBA Required Removals policy, all unsuitable units must be removed within 14 days of notification. To learn more, go to our FBA Required Removals policy .
We leveraged a combination of automated means to identify this issue and make this decision.
 How do I address this?
Follow these steps to manage your unsellable inventory:
- Check your complete list and quantity of unsellable items in the Manage FBA inventory .
- Create a removal order (removal fees apply) by following the instructions in Remove inventory overview .
 To avoid future manual inventory removal orde",2026-07-27 22:53:26,RETR,xtbBsxG9o2pbATEYZQAA3A
货件/库存类,older,account_4,weihaizhongxin2024@126.com,"Sat, 18 Jul 2026 04:12:27 +0000",Fulfilment by Amazon <donotreply@amazon.com>,Disposal order created for unsellable FBA inventory,,"96
Automated Removals of Unfulfillable Inventory
 Final notice: Disposal order for your unfulfillable FBA inventory
 Final notice: Disposal order for your unfulfillable FBA inventory
 Hello,
You have unfulfillable inventory that has been in a fulfilment centre for more than 14 days. We have created a disposal order for these items.
 Why is this happening?
This action is required because these unfulfillable items have remained in our fulfilment centres for more than 14 days after notification. According to our FBA Required Removals policy, cancelling a required removal order is not permitted. To learn more, visit our FBA Required Removals policy .
 Removal order ID:
- 8AOhKJjKS4
 Unsellable Products:
- FNSKU: B0DRCB74YN Quantity: 3
- FNSKU: B0DRCC2H56 Quantity: 1
- FNSKU: B0DRCF83VZ Quantity: 2
- FNSKU: X002A05YW5 Quantity: 1
 For more information about the disposal order process, see Remove inventory from a fulfilment centre .
 To monitor your unfulfillable inventory, see the Manage FBA Inventory for total unsellable quantities or the Recommended Removal report for unsellable and aged inventory details.
 The Fulfilment by Amazon Team
 Report an issue with this email
 If you have an",2026-07-27 22:53:25,RETR,xtbBpA67oWpa-S7H4wAA33
货件/库存类,older,account_4,weihaizhongxin2024@126.com,"Sat, 18 Jul 2026 03:41:39 +0000",Fulfilment by Amazon <donotreply@amazon.com>,Disposal order created for unsellable FBA inventory,,"96
Automated Removals of Unfulfillable Inventory
 Final notice: Disposal order for your unfulfillable FBA inventory
 Final notice: Disposal order for your unfulfillable FBA inventory
 Hello,
You have unfulfillable inventory that has been in a fulfilment centre for more than 14 days. We have created a disposal order for these items.
 Why is this happening?
This action is required because these unfulfillable items have remained in our fulfilment centres for more than 14 days after notification. According to our FBA Required Removals policy, cancelling a required removal order is not permitted. To learn more, visit our FBA Required Removals policy .
 Removal order ID:
- Zx1U3/hDuM
 Unsellable Products:
- FNSKU: B0DRCF83VZ Quantity: 2
 For more information about the disposal order process, see Remove inventory from a fulfilment centre .
 To monitor your unfulfillable inventory, see the Manage FBA Inventory for total unsellable quantities or the Recommended Removal report for unsellable and aged inventory details.
 The Fulfilment by Amazon Team
 Report an issue with this email
 If you have any questions visit: Seller Central
 To change your email preferences visit: Notification Preferen",2026-07-27 22:53:25,RETR,xtbBshfr0Wpa9fecIgAA3T
货件/库存类,older,account_4,weihaizhongxin2024@126.com,"Sat, 11 Jul 2026 04:26:29 +0000",Fulfilment by Amazon <donotreply@amazon.com>,Create FBA removal order by 2026-07-23,,"96
Automated removals of unfulfillable inventory
 Required removals: First notification
 Required removals: First notification
 Hello,
Your FBA inventory listed below became unsellable in the past seven days. You must create a removal order by 2026-07-23 or these items will be disposed of. Removal fees will apply. Review the affected items and next steps below.
Unsellable products:
- FNSKU: B0DRC8LPGS Quantity: 1
 Why is this happening?
This action is required because these items are no longer in sellable condition in our fulfilment centres. According to our FBA Required Removals policy, all unsuitable units must be removed within 14 days of notification. To learn more, go to our FBA Required Removals policy .
We leveraged a combination of automated means to identify this issue and make this decision.
 How do I address this?
Follow these steps to manage your unsellable inventory:
- Check your complete list and quantity of unsellable items in the Manage FBA inventory .
- Create a removal order (removal fees apply) by following the instructions in Remove inventory overview .
 To avoid future manual inventory removal orders, set up Automated Unfulfillable Removals function in your FBA",2026-07-27 22:53:08,RETR,xtbBshiehGpRxfjNlwAA3s
货件/库存类,older,account_4,weihaizhongxin2024@126.com,"Sat, 11 Jul 2026 04:08:56 +0000",Fulfilment by Amazon <donotreply@amazon.com>,Disposal order created for unsellable FBA inventory,,"96
Automated Removals of Unfulfillable Inventory
 Final notice: Disposal order for your unfulfillable FBA inventory
 Final notice: Disposal order for your unfulfillable FBA inventory
 Hello,
You have unfulfillable inventory that has been in a fulfilment centre for more than 14 days. We have created a disposal order for these items.
 Why is this happening?
This action is required because these unfulfillable items have remained in our fulfilment centres for more than 14 days after notification. According to our FBA Required Removals policy, cancelling a required removal order is not permitted. To learn more, visit our FBA Required Removals policy .
 Removal order ID:
- lnAMEX0pyh
 Unsellable Products:
- FNSKU: X002A05YW5 Quantity: 1
 For more information about the disposal order process, see Remove inventory from a fulfilment centre .
 To monitor your unfulfillable inventory, see the Manage FBA Inventory for total unsellable quantities or the Recommended Removal report for unsellable and aged inventory details.
 The Fulfilment by Amazon Team
 Report an issue with this email
 If you have any questions visit: Seller Central
 To change your email preferences visit: Notification Preferen",2026-07-27 22:53:07,RETR,xtbBsxqVe2pRwdrf4gAA3a
货件/库存类,older,account_4,weihaizhongxin2024@126.com,"Sat, 11 Jul 2026 03:06:39 +0000",Fulfilment by Amazon <donotreply@amazon.com>,Create FBA removal order by 2026-07-23,,"96
Automated removals of unfulfillable inventory
 Required removals: First notification
 Required removals: First notification
 Hello,
Your FBA inventory listed below became unsellable in the past seven days. You must create a removal order by 2026-07-23 or these items will be disposed of. Removal fees will apply. Review the affected items and next steps below.
Unsellable products:
- FNSKU: B0DRC8LPGS Quantity: 2
- FNSKU: B0DRCB74YN Quantity: 7
- FNSKU: B0DRCF83VZ Quantity: 10
 Why is this happening?
This action is required because these items are no longer in sellable condition in our fulfilment centres. According to our FBA Required Removals policy, all unsuitable units must be removed within 14 days of notification. To learn more, go to our FBA Required Removals policy .
We leveraged a combination of automated means to identify this issue and make this decision.
 How do I address this?
Follow these steps to manage your unsellable inventory:
- Check your complete list and quantity of unsellable items in the Manage FBA inventory .
- Create a removal order (removal fees apply) by following the instructions in Remove inventory overview .
 To avoid future manual inventory removal ord",2026-07-27 22:53:07,RETR,xtbBswPr0WpRs0OGzAAA3L
货件/库存类,older,account_4,weihaizhongxin2024@126.com,"Sat, 4 Jul 2026 04:34:30 +0000",Fulfilment by Amazon <donotreply@amazon.com>,Disposal order created for unsellable FBA inventory,,"96
Automated Removals of Unfulfillable Inventory
 Final notice: Disposal order for your unfulfillable FBA inventory
 Final notice: Disposal order for your unfulfillable FBA inventory
 Hello,
You have unfulfillable inventory that has been in a fulfilment centre for more than 14 days. We have created a disposal order for these items.
 Why is this happening?
This action is required because these unfulfillable items have remained in our fulfilment centres for more than 14 days after notification. According to our FBA Required Removals policy, cancelling a required removal order is not permitted. To learn more, visit our FBA Required Removals policy .
 Removal order ID:
- 0uWEj59btv
 Unsellable Products:
- FNSKU: B0DRC8LPGS Quantity: 1
- FNSKU: X002A05YW5 Quantity: 2
 For more information about the disposal order process, see Remove inventory from a fulfilment centre .
 To monitor your unfulfillable inventory, see the Manage FBA Inventory for total unsellable quantities or the Recommended Removal report for unsellable and aged inventory details.
 The Fulfilment by Amazon Team
 Report an issue with this email
 If you have any questions visit: Seller Central
 To change your email preferen",2026-07-27 22:52:22,RETR,xtbBpBomDGpIjVoVjgAA36
货件/库存类,older,account_4,weihaizhongxin2024@126.com,"Sat, 4 Jul 2026 03:35:02 +0000",Fulfilment by Amazon <donotreply@amazon.com>,Create FBA removal order by 2026-07-16,,"96
Automated removals of unfulfillable inventory
 Required removals: First notification
 Required removals: First notification
 Hello,
Your FBA inventory listed below became unsellable in the past seven days. You must create a removal order by 2026-07-16 or these items will be disposed of. Removal fees will apply. Review the affected items and next steps below.
Unsellable products:
- FNSKU: B0DRCB74YN Quantity: 4
- FNSKU: B0DRCC2H56 Quantity: 1
- FNSKU: B0DRCF83VZ Quantity: 4
 Why is this happening?
This action is required because these items are no longer in sellable condition in our fulfilment centres. According to our FBA Required Removals policy, all unsuitable units must be removed within 14 days of notification. To learn more, go to our FBA Required Removals policy .
We leveraged a combination of automated means to identify this issue and make this decision.
 How do I address this?
Follow these steps to manage your unsellable inventory:
- Check your complete list and quantity of unsellable items in the Manage FBA inventory .
- Create a removal order (removal fees apply) by following the instructions in Remove inventory overview .
 To avoid future manual inventory removal orde",2026-07-27 22:52:22,RETR,xtbBswimjGpIf2jWMAAA3C
货件/库存类,older,account_4,weihaizhongxin2024@126.com,"Sat, 4 Jul 2026 03:23:13 +0000",Fulfilment by Amazon <donotreply@amazon.com>,Create FBA removal order by 2026-07-16,,"96
Automated removals of unfulfillable inventory
 Required removals: First notification
 Required removals: First notification
 Hello,
Your FBA inventory listed below became unsellable in the past seven days. You must create a removal order by 2026-07-16 or these items will be disposed of. Removal fees will apply. Review the affected items and next steps below.
Unsellable products:
- FNSKU: B0DRCF83VZ Quantity: 1
 Why is this happening?
This action is required because these items are no longer in sellable condition in our fulfilment centres. According to our FBA Required Removals policy, all unsuitable units must be removed within 14 days of notification. To learn more, go to our FBA Required Removals policy .
We leveraged a combination of automated means to identify this issue and make this decision.
 How do I address this?
Follow these steps to manage your unsellable inventory:
- Check your complete list and quantity of unsellable items in the Manage FBA inventory .
- Create a removal order (removal fees apply) by following the instructions in Remove inventory overview .
 To avoid future manual inventory removal orders, set up Automated Unfulfillable Removals function in your FBA",2026-07-27 22:52:21,RETR,xtbBswT02mpIfKTBwAAA3i
其他风险类,older,account_4,weihaizhongxin2024@126.com,"Thu, 16 Jul 2026 15:32:18 +0000",Sell with Amazon <no-reply@sell.amazon.com>,Accelerate 2026: Sessions designed for where you are and where you’re going,,"[Amazon logo](https://go.amazonsellerservices.com/e/229492/2026-07-14/7z4n1pf/6770773185/h/WdBYUGZo6UnxZlR8bvark7SKCv06gleKjoxG039m7cg)
[Partner Connect at Accelerate 2026](https://go.amazonsellerservices.com/e/229492/-medium-email-utm-source-email/7z4n1pj/6770773185/h/WdBYUGZo6UnxZlR8bvark7SKCv06gleKjoxG039m7cg)
Sessions matched to your experience level
The Amazon Accelerate 2026 [session catalog](https://go.amazonsellerservices.com/e/229492/e-5a3b486e4e26-session-catalog/7z4n1pm/6770773185/h/WdBYUGZo6UnxZlR8bvark7SKCv06gleKjoxG039m7cg) is live. Every session is clearly marked by experience level (beginner, intermediate, and advanced) so you can find the right match for where you are. Formats include lightning talks, workshops, roundtables, presentations, panels, fireside chats, and more.
Join us in person at Amazon Accelerate 2026 from September 22 to 24 in Seattle. Save $100 with early-bird pricing until August 8!
[Register now](https://go.amazonsellerservices.com/e/229492/-medium-email-utm-source-email/7z4n1pj/6770773185/h/WdBYUGZo6UnxZlR8bvark7SKCv06gleKjoxG039m7cg)
""Attending Amazon Accelerate for the first time has been an amazing experience! I feel inspired and more confide",2026-07-27 22:53:22,RETR,xtbBsgVQNmpY+YWrugAA3O
其他风险类,older,account_4,weihaizhongxin2024@126.com,"Tue, 14 Jul 2026 15:11:01 +0000",Amazon Accelerate <no-reply@sell.amazon.com>,Your Accelerate 2026 session catalog is now live,,"[Amazon logo](https://go.amazonsellerservices.com/e/229492/2026-07-14/7z4n1s7/6767228964/h/eXAL3anI3dWEgFXK_p_u6QFSTde6SYcFg0MO4Yodnjk)
[Partner Connect at Accelerate 2026](https://go.amazonsellerservices.com/e/229492/-medium-email-utm-source-email/7z4n1sb/6767228964/h/eXAL3anI3dWEgFXK_p_u6QFSTde6SYcFg0MO4Yodnjk)
Approachable formats, actionable takeaways, and proven strategies
The Amazon Accelerate 2026 [session catalog](https://go.amazonsellerservices.com/e/229492/e-5a3b486e4e26-session-catalog/7z4n1sf/6767228964/h/eXAL3anI3dWEgFXK_p_u6QFSTde6SYcFg0MO4Yodnjk) is live. This year's lineup spans 80+ sessions across 11 breakout topics, built for every experience level. Whether you're still finding your footing or ready to take the next step, you'll find content that meets you where you are.
New for 2026: Expect more interactive sessions, expanded Q&A opportunities, and sessions featuring fellow sellers sharing their real-world strategies.
Join us in person at Amazon Accelerate 2026 from September 22 to 24 in Seattle. Save $100 with early-bird pricing until August 8!
[Register now](https://go.amazonsellerservices.com/e/229492/-medium-email-utm-source-email/7z4n1sb/6767228964/h/eXAL3an",2026-07-27 22:53:17,RETR,xtbBpAimjGpWUYjzDAAA3c
其他风险类,older,account_4,weihaizhongxin2024@126.com,"Mon, 6 Jul 2026 03:21:27 +0000","""Amazon Seller Central Communications (Do Not Reply)"" <donotreply@amazon.com>","[Amazon.co.uk] One or More of Your Amazon Listings Have Been Search
 Suppressed",,"96
[Amazon.co.uk] One or More of Your Amazon Listings Have Been Search Suppressed
 [Amazon.co.uk] One or More of Your Amazon Listings Have Been Search Suppressed
 One or more of your Amazon UK listings have been suppressed from search results
 Amazon took action on one or more of your listings. 1 listing(s) were quarantined and removed from search results on the Amazon website. The affected listings do not meet Amazon’s ASIN Creation Policy , Duplicate ASIN Creation Policy , Product Image Requirements or Product Title Requirements .
 Review and edit quarantined listings Affected Listings
 ASIN SKU Enforcement Reason B0H11DGDRL WH-DE-0508-HCGD-02 More Information Required
 How do I resolve quarantined listings?
 Review and edit the listing(s) on the Suppressed Inventory page in Seller Central to correct the affected attributes or images.
 Once the affected attributes or images have been corrected, the listing(s) will be removed from quarantine and made available in search results.
 Have your listings been quarantined by mistake?
 If you believe that there has been an error, please contact Amazon Selling Partner Support to provide details explaining how the listing(s) have not violat",2026-07-27 22:52:25,RETR,xtbBsxtDKWpLHzs1PgAA3M
其他风险类,older,account_4,weihaizhongxin2024@126.com,"Wed, 1 Jul 2026 00:16:50 +0000","""Amazon.com"" <donotreply@amazon.com>",View your US Q3-2026 CSBA fee rate,,"96
 (Important) CSBA US Fee rate for Q3-2026
 Review your updated Customer Service by Amazon fee rate and metrics
 Hello,
 This is your quarterly update regarding Customer Service by Amazon (CSBA) fees.
 Your CSBA fee rate for Q3-2026 (Jul 1, 2026 through Sep 30, 2026) will be based on your performance metrics from Q2-2026 (Apr 1, 2026 through Jun 25, 2026). To learn more about program fees, go to Customer Service by Amazon fees .
 Fee tier & rate
 Q2-2026 contacts
 0
 Q2-2026 self-fulfilled shipped units
 0
 Q2-2026 contacts per unit (CPU¹)
 N/A%
 Q3-2026 fee rate² ($ per self-fulfilled shipped unit)
 $0.00
 ¹ Contacts per unit (CPU) = CSBA contacts / self-fulfilled shipped units
 ² Your fee rate for the previous quarter was $0.00.
 CSBA Insights Dashboard
 Get the most out of Customer Service by Amazon
 Use the CSBA Insights dashboard in Seller Central to:
- Review customer service contacts handled by Amazon
- Find ways to improve customer experience
- Reduce contact and return rates
 Follow these practices to prevent customer confusion and minimize your workload:
- Monitor the Response Needed inbox within the Buyer-Seller Messaging Service . In the rare case that we need your he",2026-07-27 22:52:10,RETR,xtbBpRbfxWpEXHZ5RgAA3S
