category,time_bucket,account,account_user,date,from,subject,hit_keywords,body_preview,detected_at,fetch_mode,uid
货件/库存类,today,account_4,weihaizhongxin2024@126.com,"Sat, 18 Jul 2026 04:29:33 +0000",Fulfilment by Amazon <donotreply@amazon.com>,Create FBA removal order by 2026-07-30,,"96
Automated removals of unfulfillable inventory
 Required removals: First notification
 Required removals: First notification
 Hello,
Your FBA inventory listed below became unsellable in the past seven days. You must create a removal order by 2026-07-30 or these items will be disposed of. Removal fees will apply. Review the affected items and next steps below.
Unsellable products:
- FNSKU: B0DRC8LPGS Quantity: 4
- FNSKU: B0DRCB74YN Quantity: 3
- FNSKU: B0DRCF83VZ Quantity: 5
 Why is this happening?
This action is required because these items are no longer in sellable condition in our fulfilment centres. According to our FBA Required Removals policy, all unsuitable units must be removed within 14 days of notification. To learn more, go to our FBA Required Removals policy .
We leveraged a combination of automated means to identify this issue and make this decision.
 How do I address this?
Follow these steps to manage your unsellable inventory:
- Check your complete list and quantity of unsellable items in the Manage FBA inventory .
- Create a removal order (removal fees apply) by following the instructions in Remove inventory overview .
 To avoid future manual inventory removal orde",2026-07-18 06:13:12,RETR,xtbBsxG9o2pbATEYZQAA3A
货件/库存类,today,account_4,weihaizhongxin2024@126.com,"Sat, 18 Jul 2026 04:12:27 +0000",Fulfilment by Amazon <donotreply@amazon.com>,Disposal order created for unsellable FBA inventory,,"96
Automated Removals of Unfulfillable Inventory
 Final notice: Disposal order for your unfulfillable FBA inventory
 Final notice: Disposal order for your unfulfillable FBA inventory
 Hello,
You have unfulfillable inventory that has been in a fulfilment centre for more than 14 days. We have created a disposal order for these items.
 Why is this happening?
This action is required because these unfulfillable items have remained in our fulfilment centres for more than 14 days after notification. According to our FBA Required Removals policy, cancelling a required removal order is not permitted. To learn more, visit our FBA Required Removals policy .
 Removal order ID:
- 8AOhKJjKS4
 Unsellable Products:
- FNSKU: B0DRCB74YN Quantity: 3
- FNSKU: B0DRCC2H56 Quantity: 1
- FNSKU: B0DRCF83VZ Quantity: 2
- FNSKU: X002A05YW5 Quantity: 1
 For more information about the disposal order process, see Remove inventory from a fulfilment centre .
 To monitor your unfulfillable inventory, see the Manage FBA Inventory for total unsellable quantities or the Recommended Removal report for unsellable and aged inventory details.
 The Fulfilment by Amazon Team
 Report an issue with this email
 If you have an",2026-07-18 06:13:11,RETR,xtbBpA67oWpa-S7H4wAA33
货件/库存类,today,account_4,weihaizhongxin2024@126.com,"Sat, 18 Jul 2026 03:41:39 +0000",Fulfilment by Amazon <donotreply@amazon.com>,Disposal order created for unsellable FBA inventory,,"96
Automated Removals of Unfulfillable Inventory
 Final notice: Disposal order for your unfulfillable FBA inventory
 Final notice: Disposal order for your unfulfillable FBA inventory
 Hello,
You have unfulfillable inventory that has been in a fulfilment centre for more than 14 days. We have created a disposal order for these items.
 Why is this happening?
This action is required because these unfulfillable items have remained in our fulfilment centres for more than 14 days after notification. According to our FBA Required Removals policy, cancelling a required removal order is not permitted. To learn more, visit our FBA Required Removals policy .
 Removal order ID:
- Zx1U3/hDuM
 Unsellable Products:
- FNSKU: B0DRCF83VZ Quantity: 2
 For more information about the disposal order process, see Remove inventory from a fulfilment centre .
 To monitor your unfulfillable inventory, see the Manage FBA Inventory for total unsellable quantities or the Recommended Removal report for unsellable and aged inventory details.
 The Fulfilment by Amazon Team
 Report an issue with this email
 If you have any questions visit: Seller Central
 To change your email preferences visit: Notification Preferen",2026-07-18 06:13:11,RETR,xtbBshfr0Wpa9fecIgAA3T
店铺绩效类,last7,account_4,weihaizhongxin2024@126.com,"Fri, 17 Jul 2026 05:03:59 +0000","""Fulfillment by Amazon (Do not reply)"" <donotreply@amazon.com>",FBA reimbursement notification,,"96
FBA reimbursement notification
 You have a reimbursement activity
 Hello from Fulfilment by Amazon,
We have initiated a reimbursement, a reimbursement reversal, or both due to recent activity on your selling account. No action is required from you.
Reimbursements can be initiated for an issue that you notified us about or one that we identified at a fulfilment centre. A reimbursement reversal occurs when a reimbursement decision has been reviewed and changed. Reimbursement amounts are determined in accordance with the FBA inventory reimbursement policy ( https://sellercentral.amazon.co.uk/gp/help/external/200213130 ).
Please note that it may take up to five business days for reimbursement transactions to appear in your seller account.
You can find details on your reimbursement or reversal transaction in the Reimbursements report ( https://sellercentral.amazon.co.uk/reportcentral/REIMBURSEMENTS/0 ) in Seller Central:
- In the Event Date drop-down menu, select a date range and click Generate report . You can use the date in the subject line of this email as a point of reference.
- To identify inventory reimbursements and reversals, see the Quantity reimbursed [inventory] column.
-",2026-07-18 06:13:08,RETR,xtbBswAP9GpZt8CmvgAA3U
店铺绩效类,last7,account_4,weihaizhongxin2024@126.com,"Thu, 16 Jul 2026 05:02:32 +0000","""Fulfillment by Amazon (Do not reply)"" <donotreply@amazon.com>",FBA reimbursement notification,,"96
FBA reimbursement notification
 You have a reimbursement activity
 Hello from Fulfilment by Amazon,
We have initiated a reimbursement, a reimbursement reversal, or both due to recent activity on your selling account. No action is required from you.
Reimbursements can be initiated for an issue that you notified us about or one that we identified at a fulfilment centre. A reimbursement reversal occurs when a reimbursement decision has been reviewed and changed. Reimbursement amounts are determined in accordance with the FBA inventory reimbursement policy ( https://sellercentral.amazon.co.uk/gp/help/external/200213130 ).
Please note that it may take up to five business days for reimbursement transactions to appear in your seller account.
You can find details on your reimbursement or reversal transaction in the Reimbursements report ( https://sellercentral.amazon.co.uk/reportcentral/REIMBURSEMENTS/0 ) in Seller Central:
- In the Event Date drop-down menu, select a date range and click Generate report . You can use the date in the subject line of this email as a point of reference.
- To identify inventory reimbursements and reversals, see the Quantity reimbursed [inventory] column.
-",2026-07-18 06:13:06,RETR,xtbBpQxFK2pYZex3zQAA3G
店铺绩效类,last7,account_4,weihaizhongxin2024@126.com,"Wed, 15 Jul 2026 04:56:43 +0000","""Fulfillment by Amazon (Do not reply)"" <donotreply@amazon.com>",FBA reimbursement notification,,"96
FBA reimbursement notification
 You have a reimbursement activity
 Hello from Fulfilment by Amazon,
We have initiated a reimbursement, a reimbursement reversal, or both due to recent activity on your selling account. No action is required from you.
Reimbursements can be initiated for an issue that you notified us about or one that we identified at a fulfilment centre. A reimbursement reversal occurs when a reimbursement decision has been reviewed and changed. Reimbursement amounts are determined in accordance with the FBA inventory reimbursement policy ( https://sellercentral.amazon.co.uk/gp/help/external/200213130 ).
Please note that it may take up to five business days for reimbursement transactions to appear in your seller account.
You can find details on your reimbursement or reversal transaction in the Reimbursements report ( https://sellercentral.amazon.co.uk/reportcentral/REIMBURSEMENTS/0 ) in Seller Central:
- In the Event Date drop-down menu, select a date range and click Generate report . You can use the date in the subject line of this email as a point of reference.
- To identify inventory reimbursements and reversals, see the Quantity reimbursed [inventory] column.
-",2026-07-18 06:13:02,RETR,xtbBsww4HmpXEwyr-AAA3s
店铺绩效类,last7,account_4,weihaizhongxin2024@126.com,"Tue, 14 Jul 2026 15:08:13 +0000",Fulfillment by Amazon Operations <fba-noreply@amazon.com>,Automated unfulfillable FBA inventory removal notification,,"96
 Hello Weihai US,
The following automated unfulfillable FBA removal orders have been created based on your automated settings.
 Removal order ID 7O4Dvkqn6u
 You can view the removals on Removal Order Details in your seller account by using the Search tool.
The next removal order will be created as scheduled on July 15, 2026 in accordance with your settings if you have unfulfillable inventory at that time.
To make changes to the shipping address, frequency of your automated unfulfillable removals, or other settings, go to Automated unfulfillable removal settings in your seller account.
 Thank you.
The Fulfillment by Amazon team
Please note: This email was sent from a notification-only address that cannot accept incoming email. Please do not reply to this email.
 Report an issue with this email
 If you have any questions visit: Seller Central
 To change your email preferences visit: Notification Preferences
 Copyright 2026 Amazon, Inc, or its affiliates. All rights reserved.
 Amazon.com, 410 Terry Avenue North, Seattle, WA 98109-5210
 SPC-USAmazon-2163841117990994",2026-07-18 06:13:01,RETR,xtbBsgF8YmpWUOH7JgAA39
店铺绩效类,last7,account_4,weihaizhongxin2024@126.com,"Tue, 14 Jul 2026 04:45:43 +0000","""Fulfillment by Amazon (Do not reply)"" <donotreply@amazon.com>",FBA reimbursement notification,,"96
FBA reimbursement notification
 You have a reimbursement activity
 Hello from Fulfilment by Amazon,
We have initiated a reimbursement, a reimbursement reversal, or both due to recent activity on your selling account. No action is required from you.
Reimbursements can be initiated for an issue that you notified us about or one that we identified at a fulfilment centre. A reimbursement reversal occurs when a reimbursement decision has been reviewed and changed. Reimbursement amounts are determined in accordance with the FBA inventory reimbursement policy ( https://sellercentral.amazon.co.uk/gp/help/external/200213130 ).
Please note that it may take up to five business days for reimbursement transactions to appear in your seller account.
You can find details on your reimbursement or reversal transaction in the Reimbursements report ( https://sellercentral.amazon.co.uk/reportcentral/REIMBURSEMENTS/0 ) in Seller Central:
- In the Event Date drop-down menu, select a date range and click Generate report . You can use the date in the subject line of this email as a point of reference.
- To identify inventory reimbursements and reversals, see the Quantity reimbursed [inventory] column.
-",2026-07-18 06:12:59,RETR,xtbBsxvdw2pVvvviTAAA3i
店铺绩效类,last7,account_4,weihaizhongxin2024@126.com,"Sun, 12 Jul 2026 14:23:23 +0000",Amazon Services <seller-notification@amazon.com>,Balance paid on your Amazon seller account,,"Greetings from Amazon Services.
 We have charged your credit card for $88.37 in an attempt to settle your Amazon seller account balance.
 Note that the amount charged to your credit card may be less than the total amount you owe due to a credit limit imposed by your bank. If that is the case, we will continue to charge your credit card as often as every 24 hours until the remaining balance in your Amazon seller account is paid in full.
 You can also use the Make a Payment feature to repay the balance you owe. For more information, see Making a Payment .
 You can view your payment activity at any time by logging in to your seller account and going to your Payments Report .
 Thank you for selling on Amazon.
 Amazon Services
 Help us improve your experience on selling on Amazon through this brief survey:
 https://amazonexteu.qualtrics.com/jfe/form/SV_eUKdboEQhg1YpuK?cID=10038096056-202607121349
 Was this email helpful?
 SPC-USAmazon-1671259904395565",2026-07-18 06:12:54,RETR,xtbBpQBwVmpTo2CMlwAA3i
店铺绩效类,last7,account_4,weihaizhongxin2024@126.com,"Sat, 11 Jul 2026 09:58:04 +0000","""Fulfillment by Amazon (Do not reply)"" <donotreply@amazon.com>",FBA reimbursement notification,,"96
FBA reimbursement notification
 You have a reimbursement activity
 Hello from Fulfillment by Amazon,
We have initiated a reimbursement, a reimbursement reversal, or both due to recent activity on your selling account. No action is required from you.
Reimbursements can be initiated for an issue that you notified us about or one that we identified at a fulfillment center. A reimbursement reversal occurs when a reimbursement decision has been reviewed and changed. Reimbursement amounts are determined in accordance with the FBA inventory reimbursement policy ( https://sellercentral.amazon.com/gp/help/external/200213130 ).
Please note that it may take up to five business days for reimbursement transactions to appear in your seller account.
You can find details on your reimbursement or reversal transaction in the Reimbursements report ( https://sellercentral.amazon.com/reportcentral/REIMBURSEMENTS/0 ) in Seller Central:
- In the Event Date drop-down menu, select a date range and click Generate report . You can use the date in the subject line of this email as a point of reference.
- To identify inventory reimbursements and reversals, see the Quantity reimbursed [inventory] column.
- T",2026-07-18 06:12:53,RETR,xtbBpBAgBmpSE7BFRwAA3L
KYC审核类,last7,account_4,weihaizhongxin2024@126.com,"Mon, 13 Jul 2026 06:09:58 +0000",亚马逊全球开店 <info@globalselling.amazon.cn>,【官方提示】请尽快通过您的欧洲站卖家资质KYC审核，以保证正常销售,,"账户注册
															资质审查
															补充材料
												商品上架
						请尽快提交您的卖家资质KYC审核材料
									尊敬的卖家：
									您好！您的亚马逊欧洲站账户可能在近期收到了卖家资质审核KYC的要求，您需要尽快提供相应信息及资料，才能正式开启您在欧洲站的销售。
									KYC（Know Your Customer） 是亚马逊对在欧洲站开店卖家的资质审核，目的是为了能让卖家公平公正地进行长久生意。请您仔细阅读本邮件指引，并补全您的卖家资质审核KYC信息。
												立即完善审核资料
http://go.amazonsellerservices.com/e/229492/XOeDj0zXeRXkbKgfSHo5iqheH6NWVw/7y6ph71/6763938900/h/iPWhQ9Mr3y4nRkDSpA-6WvaGDjsKB1-Cf1cvQJUNBQU
									（小贴士：如果您已经按照要求提交申诉，请耐心等待审核结果）
									点击查看最新版KYC官方指导手册
http://go.amazonsellerservices.com/e/229492/-SU-CN-GS-Seller-Audit-KYC-pdf/7y6ph74/6763938900/h/iPWhQ9Mr3y4nRkDSpA-6WvaGDjsKB1-Cf1cvQJUNBQU
，手把手教你过KYC~
															更多欧洲站KYC审核及上线指导
请扫描下方二维码加入亚马逊企业购卖家交流群，
官方客户经理将为新卖家提供全站点、全周期、最官方的资源共享！
 一个注册流程，一套运营体系，即可开启 B端与C 端双业务。
亚马逊帮助您直达全球3亿+活跃用户和600万+优质企业买家。
															入群后有哪些福利？
															群内有专业团队针对亚马逊商品详情页（Listing）/ 选品 / 物流 / 站内引流 /
															广告 / 促销工具 / 品牌备案 / 企业采购商机等内容为您提供指导，
															更有备战旺季的专业辅导、亚马逊全球开店新资讯！
												为什么我会收到KYC的资质审核要求？
												KYC（Know Your Customer） 是欧洲站开店卖家的资质审核。
												不同卖家触发KYC审核的节点或有不同，账号注册过程中，或注册完成进入卖家平台后，更改卖家后台关键信息（比如受益人信息/地址信息等）或达到一定的销售额阈值前。 只有通过了资质审核才可以在欧洲站长期销售。
												如何进行KYC审核？
		",2026-07-18 06:12:57,RETR,xtbBsxkeBGpUgTkkyAAA3a
KYC审核类,last7,account_4,weihaizhongxin2024@126.com,"Sat, 11 Jul 2026 08:27:01 +0000","""Amazon Seller Central Notifications (Do Not Reply)"" <donotreply@amazon.com>",Know Your Customer (KYC) verification process support,,"96
 Pending Know Your Customer (KYC) account verification
 Hello,
 We are conducting a review of your Amazon Payments Account. We need additional information or documents to continue with your account verification. In accordance with regulations, you must complete an account verification process. Please go to the Identity Information page to provide the required information or documents:
 Submit documentation
 In some cases, we will send a notification that outlines the details of the request related to your Amazon Payments account. Please check the most recent performance notifications starting with the subject [Action Required]: Performance Notifications .
 What happens next?
 Once you have provided the requested information or documents, we will continue with your account verification. Please continue to proactively check the performance notifications or emails to understand if further information or documents are needed from you.
 Once the verification is complete, you will receive a performance notification and email advising you of the result.
 We’re here to help.
 If you have any questions, you can contact us at any time via Amazon Selling Partner Support .
 For more informa",2026-07-18 06:12:53,RETR,xtbBpBjEqmpR-ljXigAA3S
KYC审核类,last7,account_4,weihaizhongxin2024@126.com,"Sat, 11 Jul 2026 08:25:53 +0000","""seller-verification-review-cn@amazon.co.uk"" <seller-verification-review-cn@amazon.co.uk>","[Action Required] Information needed for your Selling on Amazon
 payment account",,"96
[Action Required] Information needed for your Selling on Amazon payment account
 [Action Required] Information needed for your Selling on Amazon payment account
 Hello,
We are contacting you because we need additional documentation to continue with your account verification.
Providing altered or manipulated documents may result in permanent account closure.
What happens if I do not take action?
You have a total of 60 days from the day when we first contacted you to take action or provide all of the requested documentation and information to complete the verification. The time that we take to review and validate the outcomes of your action or validate the information will not be counted against the 60-day threshold that you are given.
If you do not take action or provide requested information before these 60 days, your listings and the ability to disburse funds will be temporarily deactivated until verification has been completed.
If it has been more than 60 days since we first contacted you, your disbursements and listings might have already been deactivated and will remain deactivated until the requested information or documentation has been provided and your account has been v",2026-07-18 06:12:52,RETR,xtbBpBazmWpR-hbWcgAA3v
付款/资金类,last7,account_4,weihaizhongxin2024@126.com,"Fri, 17 Jul 2026 15:31:53 +0000",Amazon Services <donotreply@amazon.com>,Your payment is on the way,,"96
This title will display on mobile devices
 Congratulations! Your payment is on the way and will arrive soon.
 Disbursement Attempted
Congratulations Weihai EU! Your payment is on the way and will arrive within three to five days.
On 07/17/26 15:31 BST, we initiated a transfer to your payment method (bank account ending in 191) in the amount of £
 260.95.
 If the amount is less than expected, here are a few questions to consider:
 Do you have an unavailable balance? Amazon might be reserving money to cover potential returns, claims or chargebacks from buyers. If this is the case, the closing balance in your Payment Report will display the unavailable balance that is reserved.
 Did your sales cover all fees and returns for this statement period? The payment amount reflects sales activities, selling fees and fees for promotions or services. We recommend reviewing your Payment Report under the Reports tab in Seller Central to understand your closing balance.
To find out more about Payment Reports in Seller Central, please visit our official course.
We wish you continued success!
Thank you for selling in the Amazon store,
Amazon Services
Help us improve your payment experience on Ama",2026-07-18 06:13:10,RETR,xtbBpQz+5GpaSuyzswAA3l
付款/资金类,last7,account_4,weihaizhongxin2024@126.com,"Fri, 17 Jul 2026 15:31:22 +0000",Amazon Services <donotreply@amazon.com>,Your payment is on the way,,"96
This title will display on mobile devices
 Congratulations! Your payment is on the way and will arrive soon.
 Disbursement Attempted
Congratulations Weihai EU! Your payment is on the way and will arrive within three to five days.
On 07/17/26 15:31 CEST, we initiated a transfer to your payment method (bank account ending in 229) in the amount of €
 248.46.
 If the amount is less than expected, here are a few questions to consider:
 Do you have an unavailable balance? Amazon might be reserving money to cover potential returns, claims, or chargebacks from buyers. If this is the case, the closing balance in your Payment Report will display the unavailable balance that is reserved.
 Did your sales cover all fees and returns for this statement period? The payment amount reflects sales activities, selling fees, and fees for promotions or services. We recommend reviewing your Payment Report under the Reports tab in Seller Central to understand your closing balance.
To learn more about Payment Reports in Seller Central, please visit our official course.
We wish you continued success!
Thank you for selling in the Amazon store,
Amazon Services
Help us improve your payment experience on Ama",2026-07-18 06:13:09,RETR,xtbBsg723GpaSs7HugAA3f
付款/资金类,last7,account_4,weihaizhongxin2024@126.com,"Fri, 17 Jul 2026 15:30:38 +0000",Amazon Services <donotreply@amazon.com>,Tu pago está en camino,,"96
This title will display on mobile devices
 ¡Enhorabuena! El pago está de camino y llegará pronto.
 El pago está en camino
Enhorabuena, Weihai EU. Tu pago está en camino y te llegará en un plazo de tres a cinco días.
El 07/17/26 15:30 WEST, iniciamos una transferencia a tu método de pago (cuenta bancaria terminado en 229) por un importe de €
 674,93.
 Si el importe es inferior a lo esperado, ten en cuenta las siguientes preguntas:
 ¿Tienes saldo no disponible en tu cuenta de vendedor? Puede que hayamos reservado algo de dinero para posibles devoluciones, reclamaciones o reversiones de cargo de clientes. En este caso, el saldo de cierre de tu informe de pagos te mostrará el saldo no disponible en reserva.
 ¿Cubren tus ventas las tarifas de Amazon y las devoluciones del periodo de liquidación? El importe del pago refleja las ventas que has hecho y las tarifas de venta aplicadas tanto a dichas ventas como a cualquier promoción o servicio que hayas utilizado. Te recomendamos que revises tu informe de pagos en ""Informes"" de Seller Central para conocer el saldo de cierre.
Para más información sobre los informes de pagos en Seller Central, visita nuestro curso oficial.
Te deseamos un éx",2026-07-18 06:13:09,RETR,xtbBswLr0WpaSqK6nwAA32
付款/资金类,last7,account_4,weihaizhongxin2024@126.com,"Wed, 15 Jul 2026 14:47:49 +0000",Amazon Services <donotreply@amazon.com>,Tu pago está en camino,,"96
This title will display on mobile devices
 ¡Enhorabuena! El pago está de camino y llegará pronto.
 El pago está en camino
Enhorabuena, Weihai EU. Tu pago está en camino y te llegará en un plazo de tres a cinco días.
El 07/15/26 14:47 WEST, iniciamos una transferencia a tu método de pago (cuenta bancaria terminado en 229) por un importe de €
 925,70.
 Si el importe es inferior a lo esperado, ten en cuenta las siguientes preguntas:
 ¿Tienes saldo no disponible en tu cuenta de vendedor? Puede que hayamos reservado algo de dinero para posibles devoluciones, reclamaciones o reversiones de cargo de clientes. En este caso, el saldo de cierre de tu informe de pagos te mostrará el saldo no disponible en reserva.
 ¿Cubren tus ventas las tarifas de Amazon y las devoluciones del periodo de liquidación? El importe del pago refleja las ventas que has hecho y las tarifas de venta aplicadas tanto a dichas ventas como a cualquier promoción o servicio que hayas utilizado. Te recomendamos que revises tu informe de pagos en ""Informes"" de Seller Central para conocer el saldo de cierre.
Para más información sobre los informes de pagos en Seller Central, visita nuestro curso oficial.
Te deseamos un éx",2026-07-18 06:13:05,RETR,xtbBshj942pXnZjFoQAA3o
付款/资金类,last7,account_4,weihaizhongxin2024@126.com,"Tue, 14 Jul 2026 14:58:09 +0000",Amazon Services <donotreply@amazon.com>,Your payment is on the way,,"96
This title will display on mobile devices
 Congratulations! Your payment is on the way and will arrive soon.
 Disbursement attempted
Congratulations Weihai CA! Your payment is on the way and will arrive within three to five days.
On 07/14/26 14:58 EDT, we initiated a transfer to your payment method (bank account ending in 151) in the amount of CAD
 259.63.
 If the amount is less than expected, here are a few questions to consider:
 Do you have an unavailable balance? Amazon might be reserving money to cover potential returns, claims or chargebacks from buyers. If this is the case, the closing balance in your Payment Report will display the unavailable balance that is reserved.
 Did your sales cover all fees and returns for this statement period? The payment amount reflects sales activities, selling fees and fees for promotions or services. We recommend reviewing your Payment Report under the Reports tab in Seller Central to understand your closing balance.
To learn more about Payment Reports in Seller Central, please visit our official course.
We wish you continued success!
Thank you for selling in the Amazon Store,
Amazon Services
Help us improve your payment experience on Amaz",2026-07-18 06:13:01,RETR,xtbBpQXkympWToXh2QAA3B
付款/资金类,last7,account_4,weihaizhongxin2024@126.com,"Mon, 13 Jul 2026 14:21:36 +0000",Amazon Services <donotreply@amazon.com>,Your payment is on the way,,"96
This title will display on mobile devices
 Congratulations! Your payment is on the way and will arrive soon.
 Disbursement Attempted
Congratulations Weihai EU! Your payment is on the way and will arrive within three to five days.
On 07/13/26 14:21 BST, we initiated a transfer to your payment method (bank account ending in 191) in the amount of £
 188.73.
 If the amount is less than expected, here are a few questions to consider:
 Do you have an unavailable balance? Amazon might be reserving money to cover potential returns, claims or chargebacks from buyers. If this is the case, the closing balance in your Payment Report will display the unavailable balance that is reserved.
 Did your sales cover all fees and returns for this statement period? The payment amount reflects sales activities, selling fees and fees for promotions or services. We recommend reviewing your Payment Report under the Reports tab in Seller Central to understand your closing balance.
To find out more about Payment Reports in Seller Central, please visit our official course.
We wish you continued success!
Thank you for selling in the Amazon store,
Amazon Services
Help us improve your payment experience on Ama",2026-07-18 06:12:57,RETR,xtbBpBMJ7mpU9HNigQAA3K
付款/资金类,last7,account_4,weihaizhongxin2024@126.com,"Mon, 13 Jul 2026 04:03:58 +0000",Amazon Services <donotreply@amazon.com>,Tu pago está en camino,,"96
This title will display on mobile devices
 ¡Enhorabuena! El pago está de camino y llegará pronto.
 El pago está en camino
Enhorabuena, Weihai EU. Tu pago está en camino y te llegará en un plazo de tres a cinco días.
El 07/13/26 04:02 WEST, iniciamos una transferencia a tu método de pago (cuenta bancaria terminado en 229) por un importe de €
 374,83.
 Si el importe es inferior a lo esperado, ten en cuenta las siguientes preguntas:
 ¿Tienes saldo no disponible en tu cuenta de vendedor? Puede que hayamos reservado algo de dinero para posibles devoluciones, reclamaciones o reversiones de cargo de clientes. En este caso, el saldo de cierre de tu informe de pagos te mostrará el saldo no disponible en reserva.
 ¿Cubren tus ventas las tarifas de Amazon y las devoluciones del periodo de liquidación? El importe del pago refleja las ventas que has hecho y las tarifas de venta aplicadas tanto a dichas ventas como a cualquier promoción o servicio que hayas utilizado. Te recomendamos que revises tu informe de pagos en ""Informes"" de Seller Central para conocer el saldo de cierre.
Para más información sobre los informes de pagos en Seller Central, visita nuestro curso oficial.
Te deseamos un éx",2026-07-18 06:12:55,RETR,xtbBshK0mmpUY7JjkQAA3T
付款/资金类,last7,account_4,weihaizhongxin2024@126.com,"Sat, 11 Jul 2026 10:36:54 +0000",Amazon Services <donotreply@amazon.com>,Tu pago está en camino,,"96
This title will display on mobile devices
 ¡Enhorabuena! El pago está de camino y llegará pronto.
 El pago está en camino
Enhorabuena, Weihai EU. Tu pago está en camino y te llegará en un plazo de tres a cinco días.
El 07/11/26 10:36 WEST, iniciamos una transferencia a tu método de pago (cuenta bancaria terminado en 229) por un importe de €
 777,67.
 Si el importe es inferior a lo esperado, ten en cuenta las siguientes preguntas:
 ¿Tienes saldo no disponible en tu cuenta de vendedor? Puede que hayamos reservado algo de dinero para posibles devoluciones, reclamaciones o reversiones de cargo de clientes. En este caso, el saldo de cierre de tu informe de pagos te mostrará el saldo no disponible en reserva.
 ¿Cubren tus ventas las tarifas de Amazon y las devoluciones del periodo de liquidación? El importe del pago refleja las ventas que has hecho y las tarifas de venta aplicadas tanto a dichas ventas como a cualquier promoción o servicio que hayas utilizado. Te recomendamos que revises tu informe de pagos en ""Informes"" de Seller Central para conocer el saldo de cierre.
Para más información sobre los informes de pagos en Seller Central, visita nuestro curso oficial.
Te deseamos un éx",2026-07-18 06:12:53,RETR,xtbBpQpoTmpSHMpvEwAA3b
付款/资金类,last7,account_4,weihaizhongxin2024@126.com,"Sat, 11 Jul 2026 10:30:59 +0000",Amazon Services <donotreply@amazon.com>,Your payment is on the way,,"96
This title will display on mobile devices
 Congratulations! Your payment is on the way and will arrive soon.
 Disbursement Attempted
Congratulations Weihai EU! Your payment is on the way and will arrive within three to five days.
On 07/11/26 10:30 CEST, we initiated a transfer to your payment method (bank account ending in 229) in the amount of €
 234.81.
 If the amount is less than expected, here are a few questions to consider:
 Do you have an unavailable balance? Amazon might be reserving money to cover potential returns, claims, or chargebacks from buyers. If this is the case, the closing balance in your Payment Report will display the unavailable balance that is reserved.
 Did your sales cover all fees and returns for this statement period? The payment amount reflects sales activities, selling fees, and fees for promotions or services. We recommend reviewing your Payment Report under the Reports tab in Seller Central to understand your closing balance.
To learn more about Payment Reports in Seller Central, please visit our official course.
We wish you continued success!
Thank you for selling in the Amazon store,
Amazon Services
Help us improve your payment experience on Ama",2026-07-18 06:12:53,RETR,xtbBpQYP9GpSG2ZpdwAA3D
产品链接/合规类,last7,account_4,weihaizhongxin2024@126.com,"Wed, 15 Jul 2026 06:06:37 +0000",Amazon Services <donotreply@amazon.com>,Submit product safety documentation to avoid listing deactivation,,"96
 Hello Weihai CA,
 Some of your listings are at risk of deactivation due to missing mandatory compliance requirements for your products. Review the details and next steps below. The affected listings are shown at the end of this email.
 Why is this happening?
 We are taking this action because these products are missing mandatory compliance information. Review our Product safety and compliance help page for information on applicable laws, regulations and Amazon policies.
 The table at the end of this email provides product-specific compliance requirements.
 How do I reactivate my listings?
 To provide the required compliance information, go to your Account Health page and locate the product compliance requests:
-
 If you have the required documentation, follow the instructions to submit your compliance documents.
-
 If you believe your products are exempt from these requirements, submit documentation demonstrating why they are not subject to these compliance requirements.
 For step-by-step instructions, see our Submit compliance documents or appeal a documentation request help page.
 To avoid further impact to your account, close or delete any non-compliant listings that you do ",2026-07-18 06:13:03,RETR,xtbBpBFVO2pXI3EdygAA3j
法务/侵权类,last7,account_4,weihaizhongxin2024@126.com,"Thu, 16 Jul 2026 11:19:50 +0000",Global Warehousing and Distribution <donotreply@amazon.com>,Global Warehousing and Distribution’s new China shipping options are live,,"96
 Choose Shanghai or Shenzhen with Free on Board support
 Global Warehousing and Distribution (GWD)
 GWD now gives you more flexibility in how you ship to US FBA. GWD has expanded to Shanghai, one of China's largest manufacturing and export hubs, and now supports the Free on Board (FOB) incoterm across all its locations.
 What this means for you:
- Send to a location closer to your manufacturer: Choose from GWD facilities in Shanghai or Shenzhen to shorten the distance between your manufacturer and GWD, so your inventory is received and ready for US FBA replenishment faster.
- Keep control of your export documentation: With the FOB incoterm, you can obtain separate invoices for export declaration and origin port handling charges to support your export tax rebate process.
- Reduce US storage costs: Store bulk inventory with GWD in Shanghai or Shenzhen and move it into US FBA based on demand, so you're not paying US storage fees on inventory that isn't ready to sell.
- Start small, scale when ready: Send as little as one shipment to GWD, with no long-term commitment and no peak storage fee increases, so you can confirm GWD fits your supply chain before increasing volume.
 Learn mor",2026-07-18 06:13:07,RETR,xtbBsxx3XWpYvlzYeQAA30
法务/侵权类,last7,account_4,weihaizhongxin2024@126.com,"Wed, 15 Jul 2026 12:22:37 +0000",Amazon Europe <noreply@sell.amazon.com>,Introducing the Improved Similar Items Dashboard – Smarter Pricing Starts Now,,"[Amazon logo]
We're excited to announce the launch of the improved Similar Items Dashboard. It helps you understand how comparable products are priced on Amazon. Instead of spending hours on manual research, it provides quick access to Amazon data – all in one place.
[Explore the Dashboard Now](https://go.amazonsellerservices.com/e/229492/tus-all-ref--xx-invmgr-dnav-xx/7z4njtm/6769022163/h/8vIvt897JI4FIoN1zpbOfGsnK8r65MNsf-5hLns08l0)
We've improved our Similar Item Pricing tool designed specifically to help you make faster, more informed pricing decisions.
Here’s what’s new:
Browse Amazon-highlighted similar products based on your catalog or search for specific products yourself
Access key data points including Delivery Experience, Prime Status, Product Ratings, and more
Ready to get started? It's simple:
- Go to your 'Manage All Inventory'
- Click on 'View Reference Prices' in the Pricing column
- Select 'Set Up Similar Products' to access the dashboard
The Similar Items Dashboard can help you research prices for products customers may see as comparable to yours and make more informed pricing decision.
[Explore the Dashboard Now](https://go.amazonsellerservices.com/e/229492/tus-al",2026-07-18 06:13:04,RETR,xtbBpRBzWWpXe5D09wAA3K
法务/侵权类,last7,account_4,weihaizhongxin2024@126.com,"Wed, 15 Jul 2026 10:17:38 +0000",Amazon Services <donotreply@amazon.com>,"Get increased New Selection Program (2026) benefits starting July
 30",,"96
 Effective July 30, 2026, the New Selection Program (2026) launches with increased benefits to help you launch new branded products with reduced costs and complexity while boosting early sales.
 Hello,
 If you’re currently enrolled in our existing New Selection Program , you’ll automatically receive New Selection Program (2026) benefits for new branded FBA ASINs that launch starting July 30, through October 31, 2026, as an introductory offer.
 To continue to receive New Selection Program (2026) benefits after October 31, you must confirm your enrollment on Enroll in New Selection Program (2026) . From July 30, the existing New Selection Program will end.
New benefits for an eligible new-to-FBA product include (applicable from first inventory received date):
- Instant fee credits equivalent to capping referral fees to 10% (or your existing rate, whichever is lower) on your first 100 units and 5% (or your existing rate, whichever is lower) on the next 100 units. Credits apply to major fees, like referral and fulfillment fees.
- $50 in coupon variable fee credits and $75 in Vine enrollment fee credits (applied to middle tier), usable within the first 60 days.
- Free storage, free c",2026-07-18 06:13:04,RETR,xtbBpAYZ-mpXXkYvUQAA3e
法务/侵权类,last7,account_4,weihaizhongxin2024@126.com,"Sun, 12 Jul 2026 17:10:46 +0000",Luana Camargo <notifications@insgly.net>,Worten Marketplace - Portugal y España,,"¡Buenos días!
Espero que te encuentres bien.
Mi nombre es Luana Camargo y soy Business Developer en WORTEN Portugal y España, parte de Sonae, uno de los más grandes grupos empresariales en Portugal.
Te envío este mensaje porque nos gustaría hacer una colaboración entre Weihai EU y el Marketplace de Worten.
Sobre Worten.
Somos líderes en el mercado portugués, con 200 tiendas alcanzamos más de 1.2 billones de euros en ventas, de los cuales el 20% vienen del online.
En Portugal, Worten.pt es el sitio de comercio electrónico más visitado y con mejor desempeño, recibimos más visitas que los principales marketplaces del mundo, los que consideramos nuestra competencia. En compras online, el sitio web de Worten tiene el mayor tráfico de Portugal, más de 10 millones de visitas al mes.
Es en www.worten.pt y www.worten.es donde puedes mirar nuestro Marketplace.
Con más de 30 categorías, el Marketplace de Worten quiere ser la plataforma donde los clientes pueden encontrar todo lo que necesitan.
Con la gran demanda que sentimos, tenemos la oportunidad de aumentar nuestra gama de productos, ¡y trabajar con las mejores empresas es nuestra prioridad !
Worten Marketplace tiene una estrategia B2C, c",2026-07-18 06:12:54,RETR,xtbBpBpILmpTypofQwAA3t
其他风险类,last7,account_4,weihaizhongxin2024@126.com,"Thu, 16 Jul 2026 15:32:18 +0000",Sell with Amazon <no-reply@sell.amazon.com>,Accelerate 2026: Sessions designed for where you are and where you’re going,,"[Amazon logo](https://go.amazonsellerservices.com/e/229492/2026-07-14/7z4n1pf/6770773185/h/WdBYUGZo6UnxZlR8bvark7SKCv06gleKjoxG039m7cg)
[Partner Connect at Accelerate 2026](https://go.amazonsellerservices.com/e/229492/-medium-email-utm-source-email/7z4n1pj/6770773185/h/WdBYUGZo6UnxZlR8bvark7SKCv06gleKjoxG039m7cg)
Sessions matched to your experience level
The Amazon Accelerate 2026 [session catalog](https://go.amazonsellerservices.com/e/229492/e-5a3b486e4e26-session-catalog/7z4n1pm/6770773185/h/WdBYUGZo6UnxZlR8bvark7SKCv06gleKjoxG039m7cg) is live. Every session is clearly marked by experience level (beginner, intermediate, and advanced) so you can find the right match for where you are. Formats include lightning talks, workshops, roundtables, presentations, panels, fireside chats, and more.
Join us in person at Amazon Accelerate 2026 from September 22 to 24 in Seattle. Save $100 with early-bird pricing until August 8!
[Register now](https://go.amazonsellerservices.com/e/229492/-medium-email-utm-source-email/7z4n1pj/6770773185/h/WdBYUGZo6UnxZlR8bvark7SKCv06gleKjoxG039m7cg)
""Attending Amazon Accelerate for the first time has been an amazing experience! I feel inspired and more confide",2026-07-18 06:13:07,RETR,xtbBsgVQNmpY+YWrugAA3O
其他风险类,last7,account_4,weihaizhongxin2024@126.com,"Tue, 14 Jul 2026 15:11:01 +0000",Amazon Accelerate <no-reply@sell.amazon.com>,Your Accelerate 2026 session catalog is now live,,"[Amazon logo](https://go.amazonsellerservices.com/e/229492/2026-07-14/7z4n1s7/6767228964/h/eXAL3anI3dWEgFXK_p_u6QFSTde6SYcFg0MO4Yodnjk)
[Partner Connect at Accelerate 2026](https://go.amazonsellerservices.com/e/229492/-medium-email-utm-source-email/7z4n1sb/6767228964/h/eXAL3anI3dWEgFXK_p_u6QFSTde6SYcFg0MO4Yodnjk)
Approachable formats, actionable takeaways, and proven strategies
The Amazon Accelerate 2026 [session catalog](https://go.amazonsellerservices.com/e/229492/e-5a3b486e4e26-session-catalog/7z4n1sf/6767228964/h/eXAL3anI3dWEgFXK_p_u6QFSTde6SYcFg0MO4Yodnjk) is live. This year's lineup spans 80+ sessions across 11 breakout topics, built for every experience level. Whether you're still finding your footing or ready to take the next step, you'll find content that meets you where you are.
New for 2026: Expect more interactive sessions, expanded Q&A opportunities, and sessions featuring fellow sellers sharing their real-world strategies.
Join us in person at Amazon Accelerate 2026 from September 22 to 24 in Seattle. Save $100 with early-bird pricing until August 8!
[Register now](https://go.amazonsellerservices.com/e/229492/-medium-email-utm-source-email/7z4n1sb/6767228964/h/eXAL3an",2026-07-18 06:13:01,RETR,xtbBpAimjGpWUYjzDAAA3c
店铺绩效类,older,account_4,weihaizhongxin2024@126.com,"Sat, 11 Jul 2026 05:37:52 +0000","""Fulfillment by Amazon (Do not reply)"" <donotreply@amazon.com>",FBA reimbursement notification,,"96
FBA reimbursement notification
 You have a reimbursement activity
 Hello from Fulfilment by Amazon,
We have initiated a reimbursement, a reimbursement reversal, or both due to recent activity on your selling account. No action is required from you.
Reimbursements can be initiated for an issue that you notified us about or one that we identified at a fulfilment centre. A reimbursement reversal occurs when a reimbursement decision has been reviewed and changed. Reimbursement amounts are determined in accordance with the FBA inventory reimbursement policy ( https://sellercentral.amazon.co.uk/gp/help/external/200213130 ).
Please note that it may take up to five business days for reimbursement transactions to appear in your seller account.
You can find details on your reimbursement or reversal transaction in the Reimbursements report ( https://sellercentral.amazon.co.uk/reportcentral/REIMBURSEMENTS/0 ) in Seller Central:
- In the Event Date drop-down menu, select a date range and click Generate report . You can use the date in the subject line of this email as a point of reference.
- To identify inventory reimbursements and reversals, see the Quantity reimbursed [inventory] column.
-",2026-07-18 06:12:52,RETR,xtbBpBPQtmpR1rMS7QAA3w
店铺绩效类,older,account_4,weihaizhongxin2024@126.com,"Fri, 10 Jul 2026 05:20:26 +0000","""Fulfillment by Amazon (Do not reply)"" <donotreply@amazon.com>",FBA reimbursement notification,,"96
FBA reimbursement notification
 You have a reimbursement activity
 Hello from Fulfilment by Amazon,
We have initiated a reimbursement, a reimbursement reversal, or both due to recent activity on your selling account. No action is required from you.
Reimbursements can be initiated for an issue that you notified us about or one that we identified at a fulfilment centre. A reimbursement reversal occurs when a reimbursement decision has been reviewed and changed. Reimbursement amounts are determined in accordance with the FBA inventory reimbursement policy ( https://sellercentral.amazon.co.uk/gp/help/external/200213130 ).
Please note that it may take up to five business days for reimbursement transactions to appear in your seller account.
You can find details on your reimbursement or reversal transaction in the Reimbursements report ( https://sellercentral.amazon.co.uk/reportcentral/REIMBURSEMENTS/0 ) in Seller Central:
- In the Event Date drop-down menu, select a date range and click Generate report . You can use the date in the subject line of this email as a point of reference.
- To identify inventory reimbursements and reversals, see the Quantity reimbursed [inventory] column.
-",2026-07-18 06:12:44,RETR,xtbBpAEX-GpQgSHGYQAA3z
店铺绩效类,older,account_4,weihaizhongxin2024@126.com,"Thu, 9 Jul 2026 03:39:42 +0000","""Fulfillment by Amazon (Do not reply)"" <donotreply@amazon.com>",FBA reimbursement notification,,"96
FBA reimbursement notification
 You have a reimbursement activity
 Hello from Fulfilment by Amazon,
We have initiated a reimbursement, a reimbursement reversal, or both due to recent activity on your selling account. No action is required from you.
Reimbursements can be initiated for an issue that you notified us about or one that we identified at a fulfilment centre. A reimbursement reversal occurs when a reimbursement decision has been reviewed and changed. Reimbursement amounts are determined in accordance with the FBA inventory reimbursement policy ( https://sellercentral.amazon.co.uk/gp/help/external/200213130 ).
Please note that it may take up to five business days for reimbursement transactions to appear in your seller account.
You can find details on your reimbursement or reversal transaction in the Reimbursements report ( https://sellercentral.amazon.co.uk/reportcentral/REIMBURSEMENTS/0 ) in Seller Central:
- In the Event Date drop-down menu, select a date range and click Generate report . You can use the date in the subject line of this email as a point of reference.
- To identify inventory reimbursements and reversals, see the Quantity reimbursed [inventory] column.
-",2026-07-18 06:12:38,RETR,xtbBsxB4XmpPGBBs5wAA3j
店铺绩效类,older,account_4,weihaizhongxin2024@126.com,"Sun, 5 Jul 2026 05:28:59 +0000","""Amazon.com"" <fba-noreply@amazon.com>",Your FBA request is complete (0uWEj59btv),,"Greetings from Amazon.com
We thought you'd like to know that we have completed your destroy request.
You can track the status of this request by visiting your Seller Account at:
https://sellercentral-europe.amazon.com/
For a complete list of inventory being destroyed, go to:
https://sellercentral-europe.amazon.com/gp/orders/fba-order-details.html?orderID=S02-6202602-3593025
Please note: this email was sent from a notification-only address that
cannot accept incoming e-mail. Please do not reply to this message.
Thank you for using Fulfillment by Amazon.
------------------------------------------------------------------------------
Fulfilment by Amazon – let Amazon pick, pack and ship your orders domestically
and EU wide.
------------------------------------------------------------------------------
Was this e-mail helpful? https://sellercentral.amazon.co.uk/gp/satisfaction/survey-form.html?ie=UTF8&HMDName=NotificationBusEmailHMD&customAttribute1Value=PRODUCT_REMOVAL_ORDER_SHIPPED_NOW
SPC-EUAmazon-1583298414144679",2026-07-18 06:11:59,RETR,xtbBsh8P9GpJ65+UmgAA3P
店铺绩效类,older,account_4,weihaizhongxin2024@126.com,"Sun, 5 Jul 2026 04:32:11 +0000","""Fulfillment by Amazon (Do not reply)"" <donotreply@amazon.com>",FBA reimbursement notification,,"96
FBA reimbursement notification
 You have a reimbursement activity
 Hello from Fulfilment by Amazon,
We have initiated a reimbursement, a reimbursement reversal, or both due to recent activity on your selling account. No action is required from you.
Reimbursements can be initiated for an issue that you notified us about or one that we identified at a fulfilment centre. A reimbursement reversal occurs when a reimbursement decision has been reviewed and changed. Reimbursement amounts are determined in accordance with the FBA inventory reimbursement policy ( https://sellercentral.amazon.co.uk/gp/help/external/200213130 ).
Please note that it may take up to five business days for reimbursement transactions to appear in your seller account.
You can find details on your reimbursement or reversal transaction in the Reimbursements report ( https://sellercentral.amazon.co.uk/reportcentral/REIMBURSEMENTS/0 ) in Seller Central:
- In the Event Date drop-down menu, select a date range and click Generate report . You can use the date in the subject line of this email as a point of reference.
- To identify inventory reimbursements and reversals, see the Quantity reimbursed [inventory] column.
-",2026-07-18 06:11:59,RETR,xtbBsg+3nWpJ3k9h2wAA3f
店铺绩效类,older,account_4,weihaizhongxin2024@126.com,"Fri, 3 Jul 2026 09:21:14 +0000","""Fulfillment by Amazon (Do not reply)"" <donotreply@amazon.com>",FBA reimbursement notification,,"96
FBA reimbursement notification
 You have a reimbursement activity
 Hello from Fulfillment by Amazon,
We have initiated a reimbursement, a reimbursement reversal, or both due to recent activity on your selling account. No action is required from you.
Reimbursements can be initiated for an issue that you notified us about or one that we identified at a fulfillment center. A reimbursement reversal occurs when a reimbursement decision has been reviewed and changed. Reimbursement amounts are determined in accordance with the FBA inventory reimbursement policy ( https://sellercentral.amazon.com/gp/help/external/200213130 ).
Please note that it may take up to five business days for reimbursement transactions to appear in your seller account.
You can find details on your reimbursement or reversal transaction in the Reimbursements report ( https://sellercentral.amazon.com/reportcentral/REIMBURSEMENTS/0 ) in Seller Central:
- In the Event Date drop-down menu, select a date range and click Generate report . You can use the date in the subject line of this email as a point of reference.
- To identify inventory reimbursements and reversals, see the Quantity reimbursed [inventory] column.
- T",2026-07-18 06:11:54,RETR,xtbBsw5PNWpHfw5UVgAA3Z
店铺绩效类,older,account_4,weihaizhongxin2024@126.com,"Thu, 2 Jul 2026 09:24:36 +0000","""Fulfillment by Amazon (Do not reply)"" <donotreply@amazon.com>",FBA reimbursement notification,,"96
FBA reimbursement notification
 You have a reimbursement activity
 Hello from Fulfillment by Amazon,
We have initiated a reimbursement, a reimbursement reversal, or both due to recent activity on your selling account. No action is required from you.
Reimbursements can be initiated for an issue that you notified us about or one that we identified at a fulfillment center. A reimbursement reversal occurs when a reimbursement decision has been reviewed and changed. Reimbursement amounts are determined in accordance with the FBA inventory reimbursement policy ( https://sellercentral.amazon.com/gp/help/external/200213130 ).
Please note that it may take up to five business days for reimbursement transactions to appear in your seller account.
You can find details on your reimbursement or reversal transaction in the Reimbursements report ( https://sellercentral.amazon.com/reportcentral/REIMBURSEMENTS/0 ) in Seller Central:
- In the Event Date drop-down menu, select a date range and click Generate report . You can use the date in the subject line of this email as a point of reference.
- To identify inventory reimbursements and reversals, see the Quantity reimbursed [inventory] column.
- T",2026-07-18 06:11:51,RETR,xtbBshnNs2pGLlmuEwAA3z
店铺绩效类,older,account_4,weihaizhongxin2024@126.com,"Thu, 2 Jul 2026 04:17:03 +0000","""Amazon.com"" <fba-noreply@amazon.com>",Your FBA request is complete (go0BbIMUoR),,"Greetings from Amazon.com
We thought you'd like to know that we have completed your destroy request.
You can track the status of this request by visiting your Seller Account at:
https://sellercentral-europe.amazon.com/
For a complete list of inventory being destroyed, go to:
https://sellercentral-europe.amazon.com/gp/orders/fba-order-details.html?orderID=S02-6026936-3810853
Please note: this email was sent from a notification-only address that
cannot accept incoming e-mail. Please do not reply to this message.
Thank you for using Fulfillment by Amazon.
------------------------------------------------------------------------------
Fulfilment by Amazon – let Amazon pick, pack and ship your orders domestically
and EU wide.
------------------------------------------------------------------------------
Was this e-mail helpful? https://sellercentral.amazon.co.uk/gp/satisfaction/survey-form.html?ie=UTF8&HMDName=NotificationBusEmailHMD&customAttribute1Value=PRODUCT_REMOVAL_ORDER_SHIPPED_NOW
SPC-EUAmazon-193515716027065",2026-07-18 06:11:50,RETR,xtbBsgK1m2pF5kL-ZwAA3N
店铺绩效类,older,account_4,weihaizhongxin2024@126.com,"Wed, 1 Jul 2026 16:27:45 +0000","""Amazon.com"" <fba-noreply@amazon.com>",Your FBA request is complete (hbXn1jQJTV),,"Greetings from Amazon.com
We thought you'd like to know that we have completed your destroy request.
Disposal Summary:
Quantity Requested: 1
Quantity Successfully Destroyed: 1
Quantity Cancelled: 0
You can track the status of this request by visiting your Seller Account at:
https://sellercentral.amazon.com/
For a complete list of inventory being destroyed, go to:
https://sellercentral.amazon.com/gp/orders/fba-order-details.html?orderID=S01-0881392-7844068
Please note: this email was sent from a notification-only address that
cannot accept incoming e-mail. Please do not reply to this message.
Thank you for using Fulfillment by Amazon.
--------------------------------------------------------------------------
Fulfillment by Amazon, professional packing, shipping and servicing of
online orders.
--------------------------------------------------------------------------
Was this email helpful?
 https://sellercentral.amazon.com/gp/satisfaction/survey-form.html?ie=UTF8&HMDName=NotificationBusEmailHMD&customAttribute1Value=PRODUCT_REMOVAL_ORDER_SHIPPED_NOW
SPC-USAmazon-1565706782398233",2026-07-18 06:11:49,RETR,xtbBpAX84mpFQAWDkwAA3F
店铺绩效类,older,account_4,weihaizhongxin2024@126.com,"Wed, 1 Jul 2026 05:07:37 +0000","""Fulfillment by Amazon (Do not reply)"" <donotreply@amazon.com>",FBA reimbursement notification,,"96
FBA reimbursement notification
 You have a reimbursement activity
 Hello from Fulfilment by Amazon,
We have initiated a reimbursement, a reimbursement reversal, or both due to recent activity on your selling account. No action is required from you.
Reimbursements can be initiated for an issue that you notified us about or one that we identified at a fulfilment centre. A reimbursement reversal occurs when a reimbursement decision has been reviewed and changed. Reimbursement amounts are determined in accordance with the FBA inventory reimbursement policy ( https://sellercentral.amazon.co.uk/gp/help/external/200213130 ).
Please note that it may take up to five business days for reimbursement transactions to appear in your seller account.
You can find details on your reimbursement or reversal transaction in the Reimbursements report ( https://sellercentral.amazon.co.uk/reportcentral/REIMBURSEMENTS/0 ) in Seller Central:
- In the Event Date drop-down menu, select a date range and click Generate report . You can use the date in the subject line of this email as a point of reference.
- To identify inventory reimbursements and reversals, see the Quantity reimbursed [inventory] column.
-",2026-07-18 06:11:45,RETR,xtbBpR364GpEoJ1qxAAA3f
店铺绩效类,older,account_4,weihaizhongxin2024@126.com,"Tue, 30 Jun 2026 08:53:34 +0000","""Amazon.com"" <fba-noreply@amazon.com>",Your FBA request is complete (j2cKowrwuw),,"Greetings from Amazon.com
We thought you'd like to know that we have completed your destroy request.
You can track the status of this request by visiting your Seller Account at:
https://sellercentral-europe.amazon.com/
For a complete list of inventory being destroyed, go to:
https://sellercentral-europe.amazon.com/gp/orders/fba-order-details.html?orderID=S02-6586757-6351206
Please note: this email was sent from a notification-only address that
cannot accept incoming e-mail. Please do not reply to this message.
Thank you for using Fulfillment by Amazon.
------------------------------------------------------------------------------
Fulfilment by Amazon – let Amazon pick, pack and ship your orders domestically
and EU wide.
------------------------------------------------------------------------------
Was this e-mail helpful? https://sellercentral.amazon.co.uk/gp/satisfaction/survey-form.html?ie=UTF8&HMDName=NotificationBusEmailHMD&customAttribute1Value=PRODUCT_REMOVAL_ORDER_SHIPPED_NOW
SPC-EUAmazon-510175063560598",2026-07-18 06:11:42,RETR,xtbBsxCQdmpDhBAa-wAA3d
店铺绩效类,older,account_4,weihaizhongxin2024@126.com,"Tue, 30 Jun 2026 04:56:23 +0000","""Fulfillment by Amazon (Do not reply)"" <donotreply@amazon.com>",FBA reimbursement notification,,"96
FBA reimbursement notification
 You have a reimbursement activity
 Hello from Fulfilment by Amazon,
We have initiated a reimbursement, a reimbursement reversal, or both due to recent activity on your selling account. No action is required from you.
Reimbursements can be initiated for an issue that you notified us about or one that we identified at a fulfilment centre. A reimbursement reversal occurs when a reimbursement decision has been reviewed and changed. Reimbursement amounts are determined in accordance with the FBA inventory reimbursement policy ( https://sellercentral.amazon.co.uk/gp/help/external/200213130 ).
Please note that it may take up to five business days for reimbursement transactions to appear in your seller account.
You can find details on your reimbursement or reversal transaction in the Reimbursements report ( https://sellercentral.amazon.co.uk/reportcentral/REIMBURSEMENTS/0 ) in Seller Central:
- In the Event Date drop-down menu, select a date range and click Generate report . You can use the date in the subject line of this email as a point of reference.
- To identify inventory reimbursements and reversals, see the Quantity reimbursed [inventory] column.
-",2026-07-18 06:11:40,RETR,xtbBpRucgmpDTHsTOAAA3V
店铺绩效类,older,account_4,weihaizhongxin2024@126.com,"Mon, 29 Jun 2026 23:44:37 +0000","""Amazon.com"" <fba-noreply@amazon.com>",Your FBA request is complete (H7OQM8penQ),,"Greetings from Amazon.com
We thought you'd like to know that we have completed your destroy request.
Disposal Summary:
Quantity Requested: 1
Quantity Successfully Destroyed: 1
Quantity Cancelled: 0
You can track the status of this request by visiting your Seller Account at:
https://sellercentral.amazon.com/
For a complete list of inventory being destroyed, go to:
https://sellercentral.amazon.com/gp/orders/fba-order-details.html?orderID=S01-1191815-3214046
Please note: this email was sent from a notification-only address that
cannot accept incoming e-mail. Please do not reply to this message.
Thank you for using Fulfillment by Amazon.
--------------------------------------------------------------------------
Fulfillment by Amazon, professional packing, shipping and servicing of
online orders.
--------------------------------------------------------------------------
Was this email helpful?
 https://sellercentral.amazon.com/gp/satisfaction/survey-form.html?ie=UTF8&HMDName=NotificationBusEmailHMD&customAttribute1Value=PRODUCT_REMOVAL_ORDER_SHIPPED_NOW
SPC-USAmazon-1161086507307943",2026-07-18 06:11:39,RETR,xtbBpQlGLGpDA2k23QAA3u
店铺绩效类,older,account_4,weihaizhongxin2024@126.com,"Mon, 29 Jun 2026 04:56:45 +0000","""Fulfillment by Amazon (Do not reply)"" <donotreply@amazon.com>",FBA reimbursement notification,,"96
FBA reimbursement notification
 You have a reimbursement activity
 Hello from Fulfilment by Amazon,
We have initiated a reimbursement, a reimbursement reversal, or both due to recent activity on your selling account. No action is required from you.
Reimbursements can be initiated for an issue that you notified us about or one that we identified at a fulfilment centre. A reimbursement reversal occurs when a reimbursement decision has been reviewed and changed. Reimbursement amounts are determined in accordance with the FBA inventory reimbursement policy ( https://sellercentral.amazon.co.uk/gp/help/external/200213130 ).
Please note that it may take up to five business days for reimbursement transactions to appear in your seller account.
You can find details on your reimbursement or reversal transaction in the Reimbursements report ( https://sellercentral.amazon.co.uk/reportcentral/REIMBURSEMENTS/0 ) in Seller Central:
- In the Event Date drop-down menu, select a date range and click Generate report . You can use the date in the subject line of this email as a point of reference.
- To identify inventory reimbursements and reversals, see the Quantity reimbursed [inventory] column.
-",2026-07-18 06:11:36,RETR,xtbBsg-s0mpB+w81YQAA3I
店铺绩效类,older,account_4,weihaizhongxin2024@126.com,"Sun, 28 Jun 2026 14:57:16 +0000",Fulfillment by Amazon Operations <fba-noreply@amazon.com>,Automated unfulfillable FBA inventory removal notification,,"96
 Hello Weihai US,
The following automated unfulfillable FBA removal orders have been created based on your automated settings.
 Removal order ID H7OQM8penQ
 You can view the removals on Removal Order Details in your seller account by using the Search tool.
The next removal order will be created as scheduled on June 29, 2026 in accordance with your settings if you have unfulfillable inventory at that time.
To make changes to the shipping address, frequency of your automated unfulfillable removals, or other settings, go to Automated unfulfillable removal settings in your seller account.
 Thank you.
The Fulfillment by Amazon team
Please note: This email was sent from a notification-only address that cannot accept incoming email. Please do not reply to this email.
 Report an issue with this email
 If you have any questions visit: Seller Central
 To change your email preferences visit: Notification Preferences
 Copyright 2026 Amazon, Inc, or its affiliates. All rights reserved.
 Amazon.com, 410 Terry Avenue North, Seattle, WA 98109-5210
 SPC-USAmazon-1724036457613526",2026-07-18 06:11:34,RETR,xtbBpRCMcmpBNlBFjwAA3M
店铺绩效类,older,account_4,weihaizhongxin2024@126.com,"Sun, 28 Jun 2026 14:55:52 +0000",Amazon Services <seller-notification@amazon.com>,Balance paid on your Amazon seller account,,"Greetings from Amazon Services.
 We have charged your credit card for $81.22 in an attempt to settle your Amazon seller account balance.
 Note that the amount charged to your credit card may be less than the total amount you owe due to a credit limit imposed by your bank. If that is the case, we will continue to charge your credit card as often as every 24 hours until the remaining balance in your Amazon seller account is paid in full.
 You can also use the Make a Payment feature to repay the balance you owe. For more information, see Making a Payment .
 You can view your payment activity at any time by logging in to your seller account and going to your Payments Report .
 Thank you for selling on Amazon.
 Amazon Services
 Help us improve your experience on selling on Amazon through this brief survey:
 https://amazonexteu.qualtrics.com/jfe/form/SV_eUKdboEQhg1YpuK?cID=10038096056-202606281349
 Was this email helpful?
 SPC-USAmazon-510175622387886",2026-07-18 06:11:33,RETR,xtbBsxx3XWpBNfxhxQAA3D
店铺绩效类,older,account_4,weihaizhongxin2024@126.com,"Sun, 28 Jun 2026 04:47:15 +0000","""Fulfillment by Amazon (Do not reply)"" <donotreply@amazon.com>",FBA reimbursement notification,,"96
FBA reimbursement notification
 You have a reimbursement activity
 Hello from Fulfilment by Amazon,
We have initiated a reimbursement, a reimbursement reversal, or both due to recent activity on your selling account. No action is required from you.
Reimbursements can be initiated for an issue that you notified us about or one that we identified at a fulfilment centre. A reimbursement reversal occurs when a reimbursement decision has been reviewed and changed. Reimbursement amounts are determined in accordance with the FBA inventory reimbursement policy ( https://sellercentral.amazon.co.uk/gp/help/external/200213130 ).
Please note that it may take up to five business days for reimbursement transactions to appear in your seller account.
You can find details on your reimbursement or reversal transaction in the Reimbursements report ( https://sellercentral.amazon.co.uk/reportcentral/REIMBURSEMENTS/0 ) in Seller Central:
- In the Event Date drop-down menu, select a date range and click Generate report . You can use the date in the subject line of this email as a point of reference.
- To identify inventory reimbursements and reversals, see the Quantity reimbursed [inventory] column.
-",2026-07-18 06:11:33,RETR,xtbBpRepj2pAp1fonwAA35
店铺绩效类,older,account_4,weihaizhongxin2024@126.com,"Fri, 26 Jun 2026 04:59:26 +0000","""Fulfillment by Amazon (Do not reply)"" <donotreply@amazon.com>",FBA reimbursement notification,,"96
FBA reimbursement notification
 You have a reimbursement activity
 Hello from Fulfilment by Amazon,
We have initiated a reimbursement, a reimbursement reversal, or both due to recent activity on your selling account. No action is required from you.
Reimbursements can be initiated for an issue that you notified us about or one that we identified at a fulfilment centre. A reimbursement reversal occurs when a reimbursement decision has been reviewed and changed. Reimbursement amounts are determined in accordance with the FBA inventory reimbursement policy ( https://sellercentral.amazon.co.uk/gp/help/external/200213130 ).
Please note that it may take up to five business days for reimbursement transactions to appear in your seller account.
You can find details on your reimbursement or reversal transaction in the Reimbursements report ( https://sellercentral.amazon.co.uk/reportcentral/REIMBURSEMENTS/0 ) in Seller Central:
- In the Event Date drop-down menu, select a date range and click Generate report . You can use the date in the subject line of this email as a point of reference.
- To identify inventory reimbursements and reversals, see the Quantity reimbursed [inventory] column.
-",2026-07-18 06:11:27,RETR,xtbBpRH33Wo+BzFXCgAA3h
店铺绩效类,older,account_4,weihaizhongxin2024@126.com,"Fri, 26 Jun 2026 03:07:14 +0000","""Amazon.com"" <fba-noreply@amazon.com>",Your FBA request is complete (HI24ImSBWG),,"Greetings from Amazon.com
We thought you'd like to know that we have completed your destroy request.
Disposal Summary:
Quantity Requested: 1
Quantity Successfully Destroyed: 1
Quantity Cancelled: 0
You can track the status of this request by visiting your Seller Account at:
https://sellercentral.amazon.com/
For a complete list of inventory being destroyed, go to:
https://sellercentral.amazon.com/gp/orders/fba-order-details.html?orderID=S01-4837972-8437069
Please note: this email was sent from a notification-only address that
cannot accept incoming e-mail. Please do not reply to this message.
Thank you for using Fulfillment by Amazon.
--------------------------------------------------------------------------
Fulfillment by Amazon, professional packing, shipping and servicing of
online orders.
--------------------------------------------------------------------------
Was this email helpful?
 https://sellercentral.amazon.com/gp/satisfaction/survey-form.html?ie=UTF8&HMDName=NotificationBusEmailHMD&customAttribute1Value=PRODUCT_REMOVAL_ORDER_SHIPPED_NOW
SPC-USAmazon-1301823993910502",2026-07-18 06:11:26,RETR,xtbBswVeRGo97OUM+AAA3G
店铺绩效类,older,account_4,weihaizhongxin2024@126.com,"Thu, 25 Jun 2026 15:41:57 +0000",Fulfillment by Amazon Operations <fba-noreply@amazon.com>,Automated unfulfillable FBA inventory removal notification,,"96
 Hello Weihai US,
The following automated unfulfillable FBA removal orders have been created based on your automated settings.
 Removal order ID HI24ImSBWG
 You can view the removals on Removal Order Details in your seller account by using the Search tool.
The next removal order will be created as scheduled on June 26, 2026 in accordance with your settings if you have unfulfillable inventory at that time.
To make changes to the shipping address, frequency of your automated unfulfillable removals, or other settings, go to Automated unfulfillable removal settings in your seller account.
 Thank you.
The Fulfillment by Amazon team
Please note: This email was sent from a notification-only address that cannot accept incoming email. Please do not reply to this email.
 Report an issue with this email
 If you have any questions visit: Seller Central
 To change your email preferences visit: Notification Preferences
 Copyright 2026 Amazon, Inc, or its affiliates. All rights reserved.
 Amazon.com, 410 Terry Avenue North, Seattle, WA 98109-5210
 SPC-USAmazon-1301823993671780",2026-07-18 06:11:21,RETR,xtbBsggP9Go9TEh-IgAA3P
店铺绩效类,older,account_4,weihaizhongxin2024@126.com,"Thu, 25 Jun 2026 09:07:47 +0000",Amazon Multchannel Fulfillment Team <multichannelfulfillment@supplychain.amazon.com>,Please share your feedback on MCF,,"Please share your feedback on MCF
Dear Weihai US,
As a valued Multichannel Fulfilment (MCF) managed customer, we are interested in learning about your program feedback including new features that may benefit your business. This may help us understand how we can better meet your business needs and continue to improve the customer experience. Please complete this survey no later than July 2.
(button)  Click here to complete survey  https://amazonexteu.qualtrics.com/jfe/form/SV_cOSOOyGQjgcTF54?Q_CHL=gl&amp;Q_DL=EMD_7XHD09nVvjxfqAf_cOSOOyGQjgcTF54_CGC_i4S2zEfdL6jRC00&amp;_g_=g
This submission form is unique to your Seller account and can only be submitted once.
DISCLAIMER: Please do not include any Personally Identifiable Information within this survey such as physical addresses, phone numbers, merchant tokens, email addresses, account data, etc.
Thank you,
Your Multichannel Fulfilment Team
This survey is hosted by an external party Qualtrics.com, so the link above does not lead to our website. Your responses are subject to Amazon's Privacy Notice. If you have any concerns about the authenticity of this e-mail or to find out more about Amazon's survey program, please visit the Amazon C",2026-07-18 06:11:18,RETR,xtbBsgnv1Wo88CkW9QAA3t
店铺绩效类,older,account_4,weihaizhongxin2024@126.com,"Thu, 25 Jun 2026 04:53:58 +0000","""Fulfillment by Amazon (Do not reply)"" <donotreply@amazon.com>",FBA reimbursement notification,,"96
FBA reimbursement notification
 You have a reimbursement activity
 Hello from Fulfilment by Amazon,
We have initiated a reimbursement, a reimbursement reversal, or both due to recent activity on your selling account. No action is required from you.
Reimbursements can be initiated for an issue that you notified us about or one that we identified at a fulfilment centre. A reimbursement reversal occurs when a reimbursement decision has been reviewed and changed. Reimbursement amounts are determined in accordance with the FBA inventory reimbursement policy ( https://sellercentral.amazon.co.uk/gp/help/external/200213130 ).
Please note that it may take up to five business days for reimbursement transactions to appear in your seller account.
You can find details on your reimbursement or reversal transaction in the Reimbursements report ( https://sellercentral.amazon.co.uk/reportcentral/REIMBURSEMENTS/0 ) in Seller Central:
- In the Event Date drop-down menu, select a date range and click Generate report . You can use the date in the subject line of this email as a point of reference.
- To identify inventory reimbursements and reversals, see the Quantity reimbursed [inventory] column.
-",2026-07-18 06:11:17,RETR,xtbBswnw1mo8tGnZ8wAA39
店铺绩效类,older,account_4,weihaizhongxin2024@126.com,"Thu, 25 Jun 2026 00:27:04 +0000","""Amazon.com"" <fba-noreply@amazon.com>",Your FBA request is complete (FyqS0yVk5B),,"Greetings from Amazon.com
We thought you'd like to know that we have completed your destroy request.
Disposal Summary:
Quantity Requested: 2
Quantity Successfully Destroyed: 1
Quantity Cancelled: 1
You can track the status of this request by visiting your Seller Account at:
https://sellercentral.amazon.com/
For a complete list of inventory being destroyed, go to:
https://sellercentral.amazon.com/gp/orders/fba-order-details.html?orderID=S01-3320999-8288160
Please note: this email was sent from a notification-only address that
cannot accept incoming e-mail. Please do not reply to this message.
Thank you for using Fulfillment by Amazon.
--------------------------------------------------------------------------
Fulfillment by Amazon, professional packing, shipping and servicing of
online orders.
--------------------------------------------------------------------------
Was this email helpful?
 https://sellercentral.amazon.com/gp/satisfaction/survey-form.html?ie=UTF8&HMDName=NotificationBusEmailHMD&customAttribute1Value=PRODUCT_REMOVAL_ORDER_SHIPPED_NOW
SPC-USAmazon-1987919249117870",2026-07-18 06:11:17,RETR,xtbBpBs9I2o8ddt14AAA3M
店铺绩效类,older,account_4,weihaizhongxin2024@126.com,"Wed, 24 Jun 2026 04:45:26 +0000","""Fulfillment by Amazon (Do not reply)"" <donotreply@amazon.com>",FBA reimbursement notification,,"96
FBA reimbursement notification
 You have a reimbursement activity
 Hello from Fulfilment by Amazon,
We have initiated a reimbursement, a reimbursement reversal, or both due to recent activity on your selling account. No action is required from you.
Reimbursements can be initiated for an issue that you notified us about or one that we identified at a fulfilment centre. A reimbursement reversal occurs when a reimbursement decision has been reviewed and changed. Reimbursement amounts are determined in accordance with the FBA inventory reimbursement policy ( https://sellercentral.amazon.co.uk/gp/help/external/200213130 ).
Please note that it may take up to five business days for reimbursement transactions to appear in your seller account.
You can find details on your reimbursement or reversal transaction in the Reimbursements report ( https://sellercentral.amazon.co.uk/reportcentral/REIMBURSEMENTS/0 ) in Seller Central:
- In the Event Date drop-down menu, select a date range and click Generate report . You can use the date in the subject line of this email as a point of reference.
- To identify inventory reimbursements and reversals, see the Quantity reimbursed [inventory] column.
-",2026-07-18 06:11:15,RETR,xtbBpQq7oWo7YOq0JgAA38
店铺绩效类,older,account_4,weihaizhongxin2024@126.com,"Tue, 23 Jun 2026 15:11:41 +0000",Fulfillment by Amazon Operations <fba-noreply@amazon.com>,Automated unfulfillable FBA inventory removal notification,,"96
 Hello Weihai US,
The following automated unfulfillable FBA removal orders have been created based on your automated settings.
 Removal order ID FyqS0yVk5B
 You can view the removals on Removal Order Details in your seller account by using the Search tool.
The next removal order will be created as scheduled on June 24, 2026 in accordance with your settings if you have unfulfillable inventory at that time.
To make changes to the shipping address, frequency of your automated unfulfillable removals, or other settings, go to Automated unfulfillable removal settings in your seller account.
 Thank you.
The Fulfillment by Amazon team
Please note: This email was sent from a notification-only address that cannot accept incoming email. Please do not reply to this email.
 Report an issue with this email
 If you have any questions visit: Seller Central
 To change your email preferences visit: Notification Preferences
 Copyright 2026 Amazon, Inc, or its affiliates. All rights reserved.
 Amazon.com, 410 Terry Avenue North, Seattle, WA 98109-5210
 SPC-USAmazon-1671259898541181",2026-07-18 06:11:10,RETR,xtbBshHdw2o6ojFl1AAA3P
店铺绩效类,older,account_4,weihaizhongxin2024@126.com,"Tue, 23 Jun 2026 02:24:45 +0000","""Amazon.com"" <fba-noreply@amazon.com>",Your FBA request is complete (1M28ecQsao),,"Greetings from Amazon.com
We thought you'd like to know that we have completed your destroy request.
Disposal Summary:
Quantity Requested: 1
Quantity Successfully Destroyed: 1
Quantity Cancelled: 0
You can track the status of this request by visiting your Seller Account at:
https://sellercentral.amazon.com/
For a complete list of inventory being destroyed, go to:
https://sellercentral.amazon.com/gp/orders/fba-order-details.html?orderID=S01-1410418-0204243
Please note: this email was sent from a notification-only address that
cannot accept incoming e-mail. Please do not reply to this message.
Thank you for using Fulfillment by Amazon.
--------------------------------------------------------------------------
Fulfillment by Amazon, professional packing, shipping and servicing of
online orders.
--------------------------------------------------------------------------
Was this email helpful?
 https://sellercentral.amazon.com/gp/satisfaction/survey-form.html?ie=UTF8&HMDName=NotificationBusEmailHMD&customAttribute1Value=PRODUCT_REMOVAL_ORDER_SHIPPED_NOW
SPC-USAmazon-404622503407998",2026-07-18 06:10:58,RETR,xtbBpRHApmo57nGPkQAA3A
店铺绩效类,older,account_4,weihaizhongxin2024@126.com,"Mon, 22 Jun 2026 06:20:20 +0000","""Amazon.com"" <fba-noreply@amazon.com>",Your FBA request is complete (9U/Ti42WHq),,"Greetings from Amazon.com
We thought you'd like to know that we have completed your destroy request.
You can track the status of this request by visiting your Seller Account at:
https://sellercentral-europe.amazon.com/
For a complete list of inventory being destroyed, go to:
https://sellercentral-europe.amazon.com/gp/orders/fba-order-details.html?orderID=S02-8813600-4095116
Please note: this email was sent from a notification-only address that
cannot accept incoming e-mail. Please do not reply to this message.
Thank you for using Fulfillment by Amazon.
------------------------------------------------------------------------------
Fulfilment by Amazon – let Amazon pick, pack and ship your orders domestically
and EU wide.
------------------------------------------------------------------------------
Was this e-mail helpful? https://sellercentral.amazon.co.uk/gp/satisfaction/survey-form.html?ie=UTF8&HMDName=NotificationBusEmailHMD&customAttribute1Value=PRODUCT_REMOVAL_ORDER_SHIPPED_NOW
SPC-EUAmazon-1671259338897621",2026-07-18 06:10:54,RETR,xtbBsgfmzGo41CdKpQAA3R
店铺绩效类,older,account_4,weihaizhongxin2024@126.com,"Mon, 22 Jun 2026 04:45:03 +0000","""Fulfillment by Amazon (Do not reply)"" <donotreply@amazon.com>",FBA reimbursement notification,,"96
FBA reimbursement notification
 You have a reimbursement activity
 Hello from Fulfilment by Amazon,
We have initiated a reimbursement, a reimbursement reversal, or both due to recent activity on your selling account. No action is required from you.
Reimbursements can be initiated for an issue that you notified us about or one that we identified at a fulfilment centre. A reimbursement reversal occurs when a reimbursement decision has been reviewed and changed. Reimbursement amounts are determined in accordance with the FBA inventory reimbursement policy ( https://sellercentral.amazon.co.uk/gp/help/external/200213130 ).
Please note that it may take up to five business days for reimbursement transactions to appear in your seller account.
You can find details on your reimbursement or reversal transaction in the Reimbursements report ( https://sellercentral.amazon.co.uk/reportcentral/REIMBURSEMENTS/0 ) in Seller Central:
- In the Event Date drop-down menu, select a date range and click Generate report . You can use the date in the subject line of this email as a point of reference.
- To identify inventory reimbursements and reversals, see the Quantity reimbursed [inventory] column.
-",2026-07-18 06:10:54,RETR,xtbBshJMMmo4vdKqQQAA3I
店铺绩效类,older,account_4,weihaizhongxin2024@126.com,"Sun, 21 Jun 2026 14:27:31 +0000",Fulfillment by Amazon Operations <fba-noreply@amazon.com>,Automated unfulfillable FBA inventory removal notification,,"96
 Hello Weihai US,
The following automated unfulfillable FBA removal orders have been created based on your automated settings.
 Removal order ID 1M28ecQsao
 You can view the removals on Removal Order Details in your seller account by using the Search tool.
The next removal order will be created as scheduled on June 22, 2026 in accordance with your settings if you have unfulfillable inventory at that time.
To make changes to the shipping address, frequency of your automated unfulfillable removals, or other settings, go to Automated unfulfillable removal settings in your seller account.
 Thank you.
The Fulfillment by Amazon team
Please note: This email was sent from a notification-only address that cannot accept incoming email. Please do not reply to this email.
 Report an issue with this email
 If you have any questions visit: Seller Central
 To change your email preferences visit: Notification Preferences
 Copyright 2026 Amazon, Inc, or its affiliates. All rights reserved.
 Amazon.com, 410 Terry Avenue North, Seattle, WA 98109-5210
 SPC-USAmazon-492583430909528",2026-07-18 06:10:52,RETR,xtbBpRfawGo39NdwTwAA3p
店铺绩效类,older,account_4,weihaizhongxin2024@126.com,"Sat, 20 Jun 2026 15:35:08 +0000","""Amazon.com"" <fba-noreply@amazon.com>",Your FBA request is complete (hCxOB8pPpU),,"Greetings from Amazon.com
We thought you'd like to know that we have completed your destroy request.
Disposal Summary:
Quantity Requested: 1
Quantity Successfully Destroyed: 1
Quantity Cancelled: 0
You can track the status of this request by visiting your Seller Account at:
https://sellercentral.amazon.com/
For a complete list of inventory being destroyed, go to:
https://sellercentral.amazon.com/gp/orders/fba-order-details.html?orderID=S01-0438203-1064657
Please note: this email was sent from a notification-only address that
cannot accept incoming e-mail. Please do not reply to this message.
Thank you for using Fulfillment by Amazon.
--------------------------------------------------------------------------
Fulfillment by Amazon, professional packing, shipping and servicing of
online orders.
--------------------------------------------------------------------------
Was this email helpful?
 https://sellercentral.amazon.com/gp/satisfaction/survey-form.html?ie=UTF8&HMDName=NotificationBusEmailHMD&customAttribute1Value=PRODUCT_REMOVAL_ORDER_SHIPPED_NOW
SPC-USAmazon-439806876012022",2026-07-18 06:10:50,RETR,xtbBsw8gBmo2sy8HJAAA35
店铺绩效类,older,account_4,weihaizhongxin2024@126.com,"Sat, 20 Jun 2026 15:10:33 +0000",Fulfillment by Amazon Operations <fba-noreply@amazon.com>,Automated unfulfillable FBA inventory removal notification,,"96
 Hello Weihai US,
The following automated unfulfillable FBA removal orders have been created based on your automated settings.
 Removal order ID hbXn1jQJTV
 You can view the removals on Removal Order Details in your seller account by using the Search tool.
The next removal order will be created as scheduled on June 21, 2026 in accordance with your settings if you have unfulfillable inventory at that time.
To make changes to the shipping address, frequency of your automated unfulfillable removals, or other settings, go to Automated unfulfillable removal settings in your seller account.
 Thank you.
The Fulfillment by Amazon team
Please note: This email was sent from a notification-only address that cannot accept incoming email. Please do not reply to this email.
 Report an issue with this email
 If you have any questions visit: Seller Central
 To change your email preferences visit: Notification Preferences
 Copyright 2026 Amazon, Inc, or its affiliates. All rights reserved.
 Amazon.com, 410 Terry Avenue North, Seattle, WA 98109-5210
 SPC-USAmazon-2163841110748510",2026-07-18 06:10:49,RETR,xtbBswyulGo2rWziwAAA36
店铺绩效类,older,account_4,weihaizhongxin2024@126.com,"Sat, 20 Jun 2026 04:41:46 +0000","""Fulfillment by Amazon (Do not reply)"" <donotreply@amazon.com>",FBA reimbursement notification,,"96
FBA reimbursement notification
 You have a reimbursement activity
 Hello from Fulfilment by Amazon,
We have initiated a reimbursement, a reimbursement reversal, or both due to recent activity on your selling account. No action is required from you.
Reimbursements can be initiated for an issue that you notified us about or one that we identified at a fulfilment centre. A reimbursement reversal occurs when a reimbursement decision has been reviewed and changed. Reimbursement amounts are determined in accordance with the FBA inventory reimbursement policy ( https://sellercentral.amazon.co.uk/gp/help/external/200213130 ).
Please note that it may take up to five business days for reimbursement transactions to appear in your seller account.
You can find details on your reimbursement or reversal transaction in the Reimbursements report ( https://sellercentral.amazon.co.uk/reportcentral/REIMBURSEMENTS/0 ) in Seller Central:
- In the Event Date drop-down menu, select a date range and click Generate report . You can use the date in the subject line of this email as a point of reference.
- To identify inventory reimbursements and reversals, see the Quantity reimbursed [inventory] column.
-",2026-07-18 06:10:48,RETR,xtbBpA6xl2o2Gg6qFwAA35
店铺绩效类,older,account_4,weihaizhongxin2024@126.com,"Fri, 19 Jun 2026 14:16:06 +0000",Fulfillment by Amazon Operations <fba-noreply@amazon.com>,Automated unfulfillable FBA inventory removal notification,,"96
 Hello Weihai US,
The following automated unfulfillable FBA removal orders have been created based on your automated settings.
 Removal order ID hCxOB8pPpU
 You can view the removals on Removal Order Details in your seller account by using the Search tool.
The next removal order will be created as scheduled on June 20, 2026 in accordance with your settings if you have unfulfillable inventory at that time.
To make changes to the shipping address, frequency of your automated unfulfillable removals, or other settings, go to Automated unfulfillable removal settings in your seller account.
 Thank you.
The Fulfillment by Amazon team
Please note: This email was sent from a notification-only address that cannot accept incoming email. Please do not reply to this email.
 Report an issue with this email
 If you have any questions visit: Seller Central
 To change your email preferences visit: Notification Preferences
 Copyright 2026 Amazon, Inc, or its affiliates. All rights reserved.
 Amazon.com, 410 Terry Avenue North, Seattle, WA 98109-5210
 SPC-USAmazon-193516273769387",2026-07-18 06:10:47,RETR,xtbBpQrFq2o1Tyqx0QAA3b
店铺绩效类,older,account_4,weihaizhongxin2024@126.com,"Fri, 19 Jun 2026 08:10:33 +0000",Amazon Multchannel Fulfillment Team <multichannelfulfillment@supplychain.amazon.com>,Please share your feedback on MCF,,"Please share your feedback on MCF
Dear Weihai US,
As a valued Multichannel Fulfilment (MCF) managed customer, we are interested in learning about your program feedback including new features that may benefit your business. This may help us understand how we can better meet your business needs and continue to improve the customer experience. Please complete this survey no later than July 2.
(button)  Click here to complete survey  https://amazonexteu.qualtrics.com/jfe/form/SV_cOSOOyGQjgcTF54?Q_CHL=gl&amp;Q_DL=EMD_7XHD09nVvjxfqAf_cOSOOyGQjgcTF54_CGC_i4S2zEfdL6jRC00&amp;_g_=g
This submission form is unique to your Seller account and can only be submitted once.
DISCLAIMER: Please do not include any Personally Identifiable Information within this survey such as physical addresses, phone numbers, merchant tokens, email addresses, account data, etc.
Thank you,
Your Multichannel Fulfilment Team
This survey is hosted by an external party Qualtrics.com, so the link above does not lead to our website. Your responses are subject to Amazon's Privacy Notice. If you have any concerns about the authenticity of this e-mail or to find out more about Amazon's survey program, please visit the Amazon C",2026-07-18 06:10:43,RETR,xtbBsx5FK2o0+X4VDgAA3B
店铺绩效类,older,account_4,weihaizhongxin2024@126.com,"Thu, 18 Jun 2026 20:47:57 +0000","""Amazon.com"" <fba-noreply@amazon.com>",Your FBA request is complete (oWLDk2Qx2d),,"Greetings from Amazon.com
We thought you'd like to know that we have completed your destroy request.
Disposal Summary:
Quantity Requested: 2
Quantity Successfully Destroyed: 2
Quantity Cancelled: 0
You can track the status of this request by visiting your Seller Account at:
https://sellercentral.amazon.com/
For a complete list of inventory being destroyed, go to:
https://sellercentral.amazon.com/gp/orders/fba-order-details.html?orderID=S01-8566067-2437751
Please note: this email was sent from a notification-only address that
cannot accept incoming e-mail. Please do not reply to this message.
Thank you for using Fulfillment by Amazon.
--------------------------------------------------------------------------
Fulfillment by Amazon, professional packing, shipping and servicing of
online orders.
--------------------------------------------------------------------------
Was this email helpful?
 https://sellercentral.amazon.com/gp/satisfaction/survey-form.html?ie=UTF8&HMDName=NotificationBusEmailHMD&customAttribute1Value=PRODUCT_REMOVAL_ORDER_SHIPPED_NOW
SPC-USAmazon-1301823991515480",2026-07-18 06:10:43,RETR,xtbBsx8dA2o0WX-A1QAA3f
店铺绩效类,older,account_4,weihaizhongxin2024@126.com,"Thu, 18 Jun 2026 20:39:11 +0000","""Amazon.com"" <fba-noreply@amazon.com>",Your FBA request is complete (Emm3dPMsXA),,"Greetings from Amazon.com
We thought you'd like to know that we have completed your destroy request.
Disposal Summary:
Quantity Requested: 1
Quantity Successfully Destroyed: 1
Quantity Cancelled: 0
You can track the status of this request by visiting your Seller Account at:
https://sellercentral.amazon.com/
For a complete list of inventory being destroyed, go to:
https://sellercentral.amazon.com/gp/orders/fba-order-details.html?orderID=S01-6737416-2398463
Please note: this email was sent from a notification-only address that
cannot accept incoming e-mail. Please do not reply to this message.
Thank you for using Fulfillment by Amazon.
--------------------------------------------------------------------------
Fulfillment by Amazon, professional packing, shipping and servicing of
online orders.
--------------------------------------------------------------------------
Was this email helpful?
 https://sellercentral.amazon.com/gp/satisfaction/survey-form.html?ie=UTF8&HMDName=NotificationBusEmailHMD&customAttribute1Value=PRODUCT_REMOVAL_ORDER_SHIPPED_NOW
SPC-USAmazon-1600891154547102",2026-07-18 06:10:43,RETR,xtbBsxCZf2o0V3CvdQAA3m
店铺绩效类,older,account_4,weihaizhongxin2024@126.com,"Wed, 17 Jun 2026 17:59:35 +0000",Amazon Multichannel Fulfillment Team <multichannelfulfillment@supplychain.amazon.com>,Please share your feedback on MCF,,"Please share your feedback on MCF
Dear Weihai EU,
As a valued Multichannel Fulfillment (MCF) managed customer, we are interested in learning about your program feedback including new features that may benefit your business. This may help us understand how we can better meet your business needs and continue to improve the customer experience. Please complete this survey no later than July 2.
(button)  Click here to complete survey  https://amazonexteu.qualtrics.com/jfe/form/SV_3LaptS2dCyJQfae?Q_CHL=gl&amp;Q_DL=EMD_G3TZbOh3yA5KUhZ_3LaptS2dCyJQfae_CGC_q2ZHx06yRtKOa12&amp;_g_=g
This submission form is unique to your Seller account and can only be submitted once.
DISCLAIMER: Please do not include any Personally Identifiable Information within this survey such as physical addresses, phone numbers, merchant tokens, email addresses, account data, etc.
Thank you,
Your Multichannel Fulfillment Team
This survey is hosted by an external party Qualtrics.com, so the link above does not lead to our website. Your responses are subject to Amazon's Privacy Notice. If you have any concerns about the authenticity of this e-mail or to find out more about Amazon's survey program, please visit the Amazon",2026-07-18 06:10:37,RETR,xtbBpAyCaGoy4IxELAAA3e
KYC审核类,older,account_4,weihaizhongxin2024@126.com,"Fri, 10 Jul 2026 11:11:12 +0000","""Amazon Seller Central Notifications (Do Not Reply)"" <donotreply@amazon.com>",Know Your Customer (KYC) verification process support,,"96
 Pending Know Your Customer (KYC) account verification
 Hello,
 We are conducting a review of your Amazon Payments Account. We need additional information or documents to continue with your account verification. In accordance with regulations, you must complete an account verification process. Please go to the Identity Information page to provide the required information or documents:
 Submit documentation
 In some cases, we will send a notification that outlines the details of the request related to your Amazon Payments account. Please check the most recent performance notifications starting with the subject [Action Required]: Performance Notifications .
 What happens next?
 Once you have provided the requested information or documents, we will continue with your account verification. Please continue to proactively check the performance notifications or emails to understand if further information or documents are needed from you.
 Once the verification is complete, you will receive a performance notification and email advising you of the result.
 We’re here to help.
 If you have any questions, you can contact us at any time via Amazon Selling Partner Support .
 For more informa",2026-07-18 06:12:47,RETR,xtbBpRO3nWpQ01NVugAA3J
KYC审核类,older,account_4,weihaizhongxin2024@126.com,"Thu, 18 Jun 2026 14:32:29 +0000",Amazon Seller Newsletter <donotreply@amazon.com>,Seller News: June 2026,,"Amazon Services
 96
 Updates on Prime Day, handling time requirements, Seller Central, and more.
 Our Seller Newsletter provides the most important policy, tool, and program updates from the past month. Stay informed about selling on Amazon.
 Get ready for Prime Day: June 23–26
 Prime Day is back from June 23–26, giving Prime members a head start on the season with deals across top brands they love, trending products, and items exclusive to Amazon. As recently announced, key sourcing dates have been extended, giving you more time to schedule deals, confirm inventory, and plan Prime Exclusive Discounts on eligible selection.
 Read more .
 Updates to improve your product titles begin on July 27
 To ensure your product titles appeal to customers everywhere, we’re making some changes that will help you show your product name and your product highlights seamlessly.
 Read more .
 New handling time requirements for seller-fulfilled products
 Fast and accurate delivery builds customer trust and is a key factor in purchase decisions. In fact, every one day improvement in promised delivery time leads to an average 5% increase in sales. As such, we’re implementing a new handling time requirem",2026-07-18 06:10:41,RETR,xtbBsh8H7Go0AX8s0wAA3Z
付款/资金类,older,account_4,weihaizhongxin2024@126.com,"Fri, 10 Jul 2026 23:31:39 +0000",Amazon Services <donotreply@amazon.com>,Your payment is on the way,,"96
This title will display on mobile devices
 Congratulations! Your payment is on the way and will arrive soon.
 Disbursement Attempted
Congratulations Weihai EU! Your payment is on the way and will arrive within three to five days.
On 07/10/26 23:31 GST, we initiated a transfer to your payment method (bank account ending in 229) in the amount of AED
 162.74.
 If the amount is less than expected, here are a few questions to consider:
 Do you have an unavailable balance? Amazon might be reserving money to cover potential returns, claims, or chargebacks from buyers. If this is the case, the closing balance in your Payment Report will display the unavailable balance that is reserved.
 Did your sales cover all fees and returns for this statement period? The payment amount reflects sales activities, selling fees, and fees for promotions or services. We recommend reviewing your Payment Report under the Reports tab in Seller Central to understand your closing balance.
To learn more about Payment Reports in Seller Central, please visit our official course.
We wish you continued success!
Thank you for selling in the Amazon store,
Amazon Services
Help us improve your payment experience on Am",2026-07-18 06:12:50,RETR,xtbBpR5GLGpRgN4jDQAA3a
付款/资金类,older,account_4,weihaizhongxin2024@126.com,"Fri, 10 Jul 2026 12:07:00 +0000",亚马逊开店服务 <donotreply@amazon.com>,完成账户验证以恢复付款,,"96
 完成账户验证以恢复付款
 尊敬的 Weihai EU：
您好！
 您的资金被扣留，因为您的 Amazon.de 卖家账户正在审核中，需要其他验证信息。如果验证未完成，您的账户将被停用。
 在此过程中，资金将保留在您的账户中，但无法提现。提交所需信息以重新激活提现并避免对您的账户产生进一步影响。
 为什么会发生这种情况？
 我们采取此措施是因为，要继续验证您的账户，您需要提供其他验证详情。此验证有助于确保商城诚信并保护买家。我们还会定期审核账户信息，以确保相关信息始终为最新信息。
 要了解更多信息，请参阅“ Amazon Payments -‘我要开店’用户协议 ”。
 我们综合利用多种自动化方式做出这一决定。
 如何完成验证？
 请完成以下步骤以验证您的账户:
- 点击“优先操作”部分中的“提交验证”，访问 账户状况页面 ，或前往卖家平台的 身份信息 部分
- 按照提示提供所需信息/文件
- 点击“保存”，然后点击“提交以进行验证”
 显示的横幅将显示所需文件的相关信息。
 注意： 只有具有“确认/更改账户信息”权限的用户可以提交验证。请仅使用拉丁字符输入所有地址。
 如果我不完成验证，会怎么样？
 如果您未在 57 天内完成验证:
- 您的付款将保持暂停状态
- 您在 Amazon.de 上的所有现有商品将被停售
- 您无法创建新商品
 验证完成之前，这些限制将一直有效。
 我们愿意随时为您提供帮助。
 如果您对此流程有任何疑问，请联系 销售伙伴支持 。
 Amazon Payments Europe S.C.A. (société en commandite par actions) 是一家股份有限合伙公司，注册于卢森堡，注册号 (RCS Luxembourg) B 153 265，公司办公地址为 38 avenue J.F.Kennedy, L-1855 Luxembourg。增值税税号为 LU 24448288。Amazon Payments Europe S.C.A 经 Commission de Surveillance du Secteur Financier 授权为电子货币机构（许可证号 36/10）。Amazon Payments 是 Amazon Payments Europe S.C.A. 的商号。
 报告此电子邮件的问题
 如果您有任何问题，请访问: Seller Central
 要更改您的电子邮件首选项，请访问： 通知首选项
 2026 Amazon.com 旗下公司 保留所有权利
 Amazon EU S.à r.l.
38 avenue John F. Kennedy,
L-1855 Luxembourg,
注册于卢森堡，
注册编号 B-101818，
股本 165.833 欧元，
营业执照编号： 134248，
卢森",2026-07-18 06:12:50,RETR,xtbBsgcA5WpQ4GeqvAAA37
付款/资金类,older,account_4,weihaizhongxin2024@126.com,"Fri, 10 Jul 2026 12:05:39 +0000",Amazon Services <donotreply@amazon.com>,Completa la verificación de la cuenta para restaurar los pagos,,"96
 Completa la verificación de la cuenta para restaurar los pagos
 Hola, Weihai EU:
 Los fondos están retenidos porque tu cuenta de vendedor de Amazon.es está en revisión y necesitamos información adicional para llevar a cabo la verificación. Si no se completa la verificación, se desactivará tu cuenta.
 Durante este proceso, los fondos permanecerán en tu cuenta, pero no se podrán desembolsar. Presenta la información obligatoria para reactivar los pagos y evitar una mayor repercusión en tu cuenta.
 ¿A qué se debe esto?
 Tomamos esta medida porque tienes que presentar más datos de verificación para continuar con la verificación de tu cuenta. Esta verificación ayuda a garantizar la integridad del sitio web y proteger a los clientes. También la revisamos periódicamente para asegurarnos de que la información de la cuenta siga actualizada.
 Para más información, consulta Amazon Payments – Contrato de Usuario para el servicio Vender en Amazon .
 Hemos empleado una combinación de medios automatizados para tomar esta decisión.
 ¿Cómo puedo completar la verificación?
 Completa estos pasos para verificar la cuenta:
- Para acceder a la página Estado de la cuenta , haz clic en ""Enviar verifica",2026-07-18 06:12:49,RETR,xtbBpRbr0WpQ4BahggAA3m
付款/资金类,older,account_4,weihaizhongxin2024@126.com,"Fri, 10 Jul 2026 12:04:08 +0000",Amazon Services <donotreply@amazon.com>,Accountverificatie voltooien om vergoedingen te herstellen,,"96
 Accountverificatie voltooien om vergoedingen te herstellen
 Hallo Weihai EU,
 Je tegoed wordt vastgehouden omdat je Amazon.nl-verkopersaccount wordt gecontroleerd en aanvullende verificatiegegevens vereist. Als de verificatie niet wordt voltooid, wordt je account gedeactiveerd.
 Tijdens dit proces blijven tegoeden in je account staan, maar kunnen ze niet worden uitbetaald. Dien de vereiste informatie in om vergoedingen opnieuw te activeren en verdere impact op je account te voorkomen.
 Waarom gebeurt dit?
 We ondernemen deze actie omdat er aanvullende verificatiegegevens vereist zijn om door te gaan met de verificatie van je account. Deze verificatie helpt de integriteit van de marketplace te garanderen en klanten te beschermen. We voeren ook periodieke controles uit om ervoor te zorgen dat accountgegevens actueel blijven.
 Raadpleeg voor meer informatie de ' Gebruikersovereenkomst van Amazon Payments - Verkopen via Amazon '.
 We hebben een combinatie van geautomatiseerde middelen gebruikt om deze beslissing te nemen.
 Hoe voltooi ik de verificatie?
 Voer deze stappen uit om je account te verifiëren:
- Ga naar de pagina Accountstatus door te klikken op 'Verificatie indienen' in",2026-07-18 06:12:49,RETR,xtbBpRzVu2pQ37ye8wAA3j
付款/资金类,older,account_4,weihaizhongxin2024@126.com,"Fri, 10 Jul 2026 12:02:02 +0000",Amazon Services <donotreply@amazon.com>,Complete account verification to restore disbursements,,"96
 Complete account verification to restore disbursements
 Hello Weihai EU,
 Your funds are being held because your Amazon.fr seller account is under review and requires additional verification information. If the verification is not completed, your account will be deactivated.
 During this process funds will remain in your account but cannot be disbursed. Submit the required information to reactivate disbursements and avoid further impact to your account.
 Why is this happening?
 We are taking this action because additional verification details are required to continue with your account verification. This verification helps ensure marketplace integrity and protect customers. We also conduct periodic reviews to ensure account information remains current.
 To learn more, refer to “ Amazon Payments – Selling on Amazon User Agreement ”.
 We leveraged a combination of automated means to make this decision.
 How do I complete verification?
 Complete these steps to verify your account:
- Access to your Account Health page by clicking on 'Submit verification' in the Priority Actions section OR go to the “ Identity Information "" section of Seller Central
- Follow the prompts to provide th",2026-07-18 06:12:49,RETR,xtbBsx21m2pQ3z2gqgAA3S
付款/资金类,older,account_4,weihaizhongxin2024@126.com,"Fri, 10 Jul 2026 12:00:06 +0000",Amazon Services <donotreply@amazon.com>,"Ukończ weryfikację konta, aby przywrócić wypłaty środków",,"96
 Ukończ weryfikację konta, aby przywrócić wypłaty środków
 Dzień dobry Weihai EU,
 Środki zostały wstrzymane, ponieważ Twoje konto sprzedawcy na Amazon.pl jest w trakcie weryfikacji, która wymaga podania dodatkowych informacji. Jeśli weryfikacja nie zostanie ukończona, Twoje konto zostanie dezaktywowane.
 Na czas trwania tego procesu środki pozostaną na Twoim koncie, ale nie będzie można ich wypłacić. Aby przywrócić możliwość wypłaty środków i zapobiec dalszemu niekorzystnemu wpływowi tej sytuacji na Twoje konto, prześlij wymagane informacje.
 Dlaczego tak się stało?
 Podejmujemy to działanie, ponieważ do przeprowadzenia weryfikacji konta wymagane są dodatkowe informacje. Weryfikacja ta pomaga zapewnić wiarygodność serwisu i chronić klientów. Przeprowadzamy też okresowe kontrole, aby mieć pewność, że informacje o koncie pozostają aktualne.
 Więcej informacji znajdziesz na stronie Amazon Payments – Umowa Użytkownika Usług Sprzedaży na Amazon .
 Do podjęcia tej decyzji wykorzystaliśmy połączenie zautomatyzowanych środków.
 Jak mogę ukończyć weryfikację?
 Aby zweryfikować konto, wykonaj następujące czynności:
- Przejdź na stronę Kondycja konta , klikając „Prześlij do weryfikacji” w",2026-07-18 06:12:49,RETR,xtbBswmYfmpQ3smc2gAA33
付款/资金类,older,account_4,weihaizhongxin2024@126.com,"Fri, 10 Jul 2026 11:59:04 +0000",Amazon Services <donotreply@amazon.com>,Slutför kontoverifieringen så att utbetalningarna kan återställas,,"96
 Slutför kontoverifieringen så att utbetalningarna kan återställas
 Hej Weihai EU!
 Vi håller kvar dina medel eftersom ditt säljarkonto på Amazon.se granskas och ytterligare verifieringsinformation krävs. Om verifieringen inte slutförs inaktiveras ditt konto.
 Medel finns kvar på ditt konto under den här processen, men kan inte betalas ut. Skicka in informationen som krävs för att återaktivera utbetalningar och undvika ytterligare konsekvenser för kontot.
 Varför händer det här?
 Vi vidtar den här åtgärden eftersom ytterligare verifieringsuppgifter krävs om vi ska kunna fortsätta med verifieringen av ditt konto. Den här verifieringen bidrar till att säkerställa marknadsplatsens integritet och skydda kunderna. Vi utför också regelbundna granskningar i syfte att säkerställa att kontoinformationen förblir aktuell.
 Mer information finns i Användaravtal för Amazon Payments – Försäljning på Amazon .
 Vi har använt oss av olika automatiserade metoder för att fatta det här beslutet.
 Hur slutför jag verifieringen?
 Verifiera ditt konto genom att slutföra följande steg:
- Gå till sidan Kontostatus genom att klicka på Skicka in verifiering i avsnittet Prioritetsåtgärder ELLER gå till avs",2026-07-18 06:12:48,RETR,xtbBsgyJb2pQ3oydkQAA38
付款/资金类,older,account_4,weihaizhongxin2024@126.com,"Fri, 10 Jul 2026 11:57:07 +0000",Amazon Services <donotreply@amazon.com>,Completa la verifica dell'account per ripristinare i pagamenti,,"96
 Completa la verifica dell'account per ripristinare i pagamenti
 Gentile Weihai EU,
 I tuoi fondi sono bloccati perché il tuo Account venditore su Amazon.it è in fase di verifica e sono necessarie ulteriori informazioni. Se la verifica non viene completata, il tuo account verrà disattivato.
 Durante questa procedura, i fondi resteranno nel tuo account ma non potranno essere versati. Invia le informazioni richieste per riattivare i pagamenti ed evitare ulteriori ripercussioni sul tuo account.
 Ciò a cosa è dovuto?
 Ti abbiamo inviato questa e-mail perché abbiamo bisogno di ulteriori informazioni per poter completare la verifica del tuo account. Questa verifica ci consente di garantire l'integrità del nostro negozio e di tutelare i clienti. Effettuiamo inoltre verifiche periodiche per garantire che le informazioni sull'account siano aggiornate.
 Per maggiori informazioni sul contratto di utilizzo del servizio Amazon Payments - Vendita su Amazon, consulta questa pagina di aiuto .
 Abbiamo utilizzato una combinazione di mezzi automatizzati per prendere questa decisione.
 Come faccio a completare la verifica?
 Completa questa procedura per verificare il tuo account:
- Accedi alla pag",2026-07-18 06:12:48,RETR,xtbBsxZrUWpQ3haZEAAA3k
付款/资金类,older,account_4,weihaizhongxin2024@126.com,"Fri, 10 Jul 2026 11:55:07 +0000",Amazon Services <donotreply@amazon.com>,Complete account verification to restore disbursements,,"96
 Complete account verification to restore disbursements
 Hello Weihai EU,
 Your funds are being held because your Amazon.co.uk seller account is under review and requires additional verification information. If the verification is not completed, your account will be deactivated.
 During this process funds will remain in your account but cannot be disbursed. Submit the required information to reactivate disbursements and avoid further impact on your account.
 Why is this happening?
 We are taking this action because additional verification details are required to continue with your account verification. This verification helps ensure marketplace integrity and protects customers. We also conduct periodic reviews to ensure that account information remains current.
 To learn more, go to “ Amazon Payments – Selling on Amazon User Agreement ”.
 We’ve leveraged a combination of automated means to make this decision.
 How do I complete verification?
 Complete these steps to verify your account:
- Access your Account Health page by clicking “Submit verification” in the Priority Actions section OR go to the “ Identity Information ” section of Seller Central
- Follow the prompts to provide",2026-07-18 06:12:48,RETR,xtbBsx5NM2pQ3Z6WggAA3+
付款/资金类,older,account_4,weihaizhongxin2024@126.com,"Fri, 10 Jul 2026 11:53:42 +0000",Amazon Services <donotreply@amazon.com>,Terminez la vérification du compte pour restaurer les versements.,,"96
 Terminez la vérification du compte pour restaurer les versements.
 Bonjour Weihai EU,
 Vos fonds sont retenus car votre compte vendeur Amazon.com.be est en cours de révision et nécessite des informations de vérification supplémentaires. Si la vérification n’est pas terminée, votre compte sera désactivé.
 Durant ce processus, les fonds resteront sur votre compte, mais ne pourront pas être versés. Soumettez les informations requises pour réactiver les versements et éviter tout impact supplémentaire sur votre compte.
 Pourquoi cela se produit-il ?
 Nous prenons cette mesure car des informations de vérification supplémentaires sont requises pour poursuivre la vérification de votre compte. Cette vérification permet de garantir l’intégrité du site de vente et de protéger les clients. Nous réalisons également des contrôles périodiques afin de nous assurer que les informations sur le compte restent à jour.
 Pour en savoir plus, consultez le « Contrat d’utilisation Vendre sur Amazon Payments ».
 Nous avons utilisé une combinaison de moyens automatisés pour prendre cette décision.
 Comment effectuer la vérification ?
 Procédez comme suit pour vérifier votre compte :
- Accédez à votre pag",2026-07-18 06:12:48,RETR,xtbBsgk4HmpQ3UmWKgAA3P
付款/资金类,older,account_4,weihaizhongxin2024@126.com,"Fri, 10 Jul 2026 11:44:42 +0000",亚马逊开店服务 <donotreply@amazon.com>,完成账户验证以恢复付款,,"96
 完成账户验证以恢复付款
 尊敬的 Weihai EU：
您好！
 您的资金被扣留，因为您的 Amazon.ie 卖家账户正在审核中，需要其他验证信息。如果验证未完成，您的账户将被停用。
 在此过程中，资金将保留在您的账户中，但无法提现。提交所需信息以重新激活提现并避免对您的账户产生进一步影响。
 为什么会发生这种情况？
 我们采取此措施是因为，要继续验证您的账户，您需要提供其他验证详情。此验证有助于确保商城诚信并保护买家。我们还会定期审核账户信息，以确保相关信息始终为最新信息。
 要了解更多信息，请参阅“ Amazon Payments -‘我要开店’用户协议 ”。
 我们综合利用多种自动化方式做出这一决定。
 如何完成验证？
 请完成以下步骤以验证您的账户:
- 点击“优先操作”部分中的“提交验证”，访问 账户状况页面 ，或前往卖家平台的 身份信息 部分
- 按照提示提供所需信息/文件
- 点击“保存”，然后点击“提交以进行验证”
 显示的横幅将显示所需文件的相关信息。
 注意： 只有具有“确认/更改账户信息”权限的用户可以提交验证。请仅使用拉丁字符输入所有地址。
 如果我不完成验证，会怎么样？
 如果您未在 57 天内完成验证:
- 您的付款将保持暂停状态
- 您在 Amazon.ie 上的所有现有商品将被停售
- 您无法创建新商品
 验证完成之前，这些限制将一直有效。
 我们愿意随时为您提供帮助。
 如果您对此流程有任何疑问，请联系 销售伙伴支持 。
 Amazon Payments Europe S.C.A. (société en commandite par actions) 是一家股份有限合伙公司，注册于卢森堡，注册号 (RCS Luxembourg) B 153 265，公司办公地址为 38 avenue J.F.Kennedy, L-1855 Luxembourg。增值税税号为 LU 24448288。Amazon Payments Europe S.C.A 经 Commission de Surveillance du Secteur Financier 授权为电子货币机构（许可证号 36/10）。Amazon Payments 是 Amazon Payments Europe S.C.A. 的商号。
 报告此电子邮件的问题
 如果您有任何问题，请访问: Seller Central
 要更改您的电子邮件首选项，请访问： 通知首选项
 2026 Amazon.com 旗下公司 保留所有权利
 Amazon EU S.à r.l.
38 avenue John F. Kennedy,
L-1855 Luxembourg,
注册于卢森堡，
注册编号 B-101818，
股本 165.833 欧元，
营业执照编号： 134248，
卢森",2026-07-18 06:12:47,RETR,xtbBsw2wlmpQ2y2IewAA3n
付款/资金类,older,account_4,weihaizhongxin2024@126.com,"Thu, 9 Jul 2026 15:12:23 +0000",Amazon Services <seller-notification@amazon.pl>,Nieuregulowane saldo na koncie Amazon,,"Witamy!
 Masz na swoim koncie nieuregulowane saldo w wysokośc PLN 13.18. Obciążymy tą kwotą kartę kredytową zarejestrowaną jako metoda płatności dla Twojego konta
 Jeśli ta karta ma limit kredytowy, możemy ją obciążać do momentu pełnej spłaty nieuregulowanego salda.
 Aby uzyskać więcej informacji, wyszukaj Dokonaj płatności w Pomocy Seller Central.
 Aby dowiedzieć się więcej na temat raportów płatności i Twoich działań, wyszukaj Wyświetl moje raporty o płatnościach w Pomocy Seller Central.
 Z poważaniem,
 Amazon Payments Europe SCA (société en commandite par actions) to spółka komandytowo-akcyjna zarejestrowana w Luksemburgu, numer rejestracyjny (RCS Luxembourg) B 153 265, z siedzibą pod adresem 38 avenue J.F. Kennedy, L-1855 Luxembourg. Numer VAT: LU 24448288. Amazon Payments Europe SCA posiada upoważnienie Komisji Nadzoru Sektora Finansowego w Luksemburgu do emisji pieniądza elektronicznego (numer licencji 36/10)
 Czy ten e-mail był pomocny?
 SPC-EUAmazon-1389784368647539",2026-07-18 06:12:42,RETR,xtbBpRw0GmpPulxMkAAA3I
付款/资金类,older,account_4,weihaizhongxin2024@126.com,"Thu, 9 Jul 2026 14:31:14 +0000",Amazon Services <donotreply@amazon.com>,Tu pago está en camino,,"96
This title will display on mobile devices
 ¡Enhorabuena! El pago está de camino y llegará pronto.
 El pago está en camino
Enhorabuena, Weihai EU. Tu pago está en camino y te llegará en un plazo de tres a cinco días.
El 07/09/26 14:31 WEST, iniciamos una transferencia a tu método de pago (cuenta bancaria terminado en 229) por un importe de €
 392,03.
 Si el importe es inferior a lo esperado, ten en cuenta las siguientes preguntas:
 ¿Tienes saldo no disponible en tu cuenta de vendedor? Puede que hayamos reservado algo de dinero para posibles devoluciones, reclamaciones o reversiones de cargo de clientes. En este caso, el saldo de cierre de tu informe de pagos te mostrará el saldo no disponible en reserva.
 ¿Cubren tus ventas las tarifas de Amazon y las devoluciones del periodo de liquidación? El importe del pago refleja las ventas que has hecho y las tarifas de venta aplicadas tanto a dichas ventas como a cualquier promoción o servicio que hayas utilizado. Te recomendamos que revises tu informe de pagos en ""Informes"" de Seller Central para conocer el saldo de cierre.
Para más información sobre los informes de pagos en Seller Central, visita nuestro curso oficial.
Te deseamos un éx",2026-07-18 06:12:41,RETR,xtbBsxbHrWpPsLbHfgAA3V
付款/资金类,older,account_4,weihaizhongxin2024@126.com,"Thu, 9 Jul 2026 14:31:07 +0000",Amazon Services <donotreply@amazon.com>,Your payment is on the way,,"96
This title will display on mobile devices
 Congratulations! Your payment is on the way and will arrive soon.
 Disbursement Attempted
Congratulations Weihai EU! Your payment is on the way and will arrive within three to five days.
On 07/09/26 14:30 CEST, we initiated a transfer to your payment method (bank account ending in 229) in the amount of €
 280.89.
 If the amount is less than expected, here are a few questions to consider:
 Do you have an unavailable balance? Amazon might be reserving money to cover potential returns, claims, or chargebacks from buyers. If this is the case, the closing balance in your Payment Report will display the unavailable balance that is reserved.
 Did your sales cover all fees and returns for this statement period? The payment amount reflects sales activities, selling fees, and fees for promotions or services. We recommend reviewing your Payment Report under the Reports tab in Seller Central to understand your closing balance.
To learn more about Payment Reports in Seller Central, please visit our official course.
We wish you continued success!
Thank you for selling in the Amazon store,
Amazon Services
Help us improve your payment experience on Ama",2026-07-18 06:12:41,RETR,xtbBpQ3Fq2pPsK0WUQAA35
付款/资金类,older,account_4,weihaizhongxin2024@126.com,"Wed, 8 Jul 2026 13:15:46 +0000",Amazon Services <donotreply@amazon.com>,Tu pago está en camino,,"96
This title will display on mobile devices
 ¡Enhorabuena! El pago está de camino y llegará pronto.
 El pago está en camino
Enhorabuena, Weihai EU. Tu pago está en camino y te llegará en un plazo de tres a cinco días.
El 07/08/26 13:15 WEST, iniciamos una transferencia a tu método de pago (cuenta bancaria terminado en 229) por un importe de €
 243,76.
 Si el importe es inferior a lo esperado, ten en cuenta las siguientes preguntas:
 ¿Tienes saldo no disponible en tu cuenta de vendedor? Puede que hayamos reservado algo de dinero para posibles devoluciones, reclamaciones o reversiones de cargo de clientes. En este caso, el saldo de cierre de tu informe de pagos te mostrará el saldo no disponible en reserva.
 ¿Cubren tus ventas las tarifas de Amazon y las devoluciones del periodo de liquidación? El importe del pago refleja las ventas que has hecho y las tarifas de venta aplicadas tanto a dichas ventas como a cualquier promoción o servicio que hayas utilizado. Te recomendamos que revises tu informe de pagos en ""Informes"" de Seller Central para conocer el saldo de cierre.
Para más información sobre los informes de pagos en Seller Central, visita nuestro curso oficial.
Te deseamos un éx",2026-07-18 06:12:35,RETR,xtbBswqjiWpOTYouwwAA3d
付款/资金类,older,account_4,weihaizhongxin2024@126.com,"Wed, 8 Jul 2026 12:15:55 +0000",Amazon Europe <donotreply@amazon.com>,"Get your Ireland VAT registration covered – €1,250 paid by Amazon",,"96
 Activate placement in Ireland and Amazon covers your VAT registration and filing costs.
 Dear Seller,
 Great news! Amazon is offering a €1,250 payment to cover the cost of your Irish VAT registration and filing services when you expand to Amazon.ie through one of our approved Tax Advisers.
 What does it mean for you:
 Amazon covers €1,250 for your VAT registration, filing services, and fiscal representation (if applicable) — so you can get set up in Ireland quickly and at no cost to you. Plus, benefit from extremely competitive low domestic FBA costs once you activate placement.
 Enrol now
 What you need to do:
- Activate placement in Ireland in your FBA CR Fulfilment Settings
- Sign up with a Tax Adviser via Settings → Tax Settings → Services Hub → select IE
- Enrol via Menu → Growth → seller Rewards → Enrol in IE VAT Promotion Why does this matter:
- Reach new customers : list and sell on Amazon.ie to tap into the Irish market
- Grow revenue : expand into a fast-developing marketplace with increasing demand
- Lower costs: benefit from extremely competitive domestic FBA fees in Ireland Promotion valid until 31 December 2026 . Eligibility criteria apply.
 Amazon Europe
 Report ",2026-07-18 06:12:34,RETR,xtbBsh4dA2pOP34wUgAA31
付款/资金类,older,account_4,weihaizhongxin2024@126.com,"Tue, 7 Jul 2026 05:23:29 +0000",Amazon Services <donotreply@amazon.com>,Tu pago está en camino,,"96
This title will display on mobile devices
 ¡Enhorabuena! El pago está de camino y llegará pronto.
 El pago está en camino
Enhorabuena, Weihai EU. Tu pago está en camino y te llegará en un plazo de tres a cinco días.
El 07/07/26 05:23 WEST, iniciamos una transferencia a tu método de pago (cuenta bancaria terminado en 229) por un importe de €
 423,89.
 Si el importe es inferior a lo esperado, ten en cuenta las siguientes preguntas:
 ¿Tienes saldo no disponible en tu cuenta de vendedor? Puede que hayamos reservado algo de dinero para posibles devoluciones, reclamaciones o reversiones de cargo de clientes. En este caso, el saldo de cierre de tu informe de pagos te mostrará el saldo no disponible en reserva.
 ¿Cubren tus ventas las tarifas de Amazon y las devoluciones del periodo de liquidación? El importe del pago refleja las ventas que has hecho y las tarifas de venta aplicadas tanto a dichas ventas como a cualquier promoción o servicio que hayas utilizado. Te recomendamos que revises tu informe de pagos en ""Informes"" de Seller Central para conocer el saldo de cierre.
Para más información sobre los informes de pagos en Seller Central, visita nuestro curso oficial.
Te deseamos un éx",2026-07-18 06:12:28,RETR,xtbBsxYmDGpMjVYXowAA3G
付款/资金类,older,account_4,weihaizhongxin2024@126.com,"Sun, 5 Jul 2026 13:51:10 +0000",Amazon Services <donotreply@amazon.com>,Tu pago está en camino,,"96
This title will display on mobile devices
 ¡Enhorabuena! El pago está de camino y llegará pronto.
 El pago está en camino
Enhorabuena, Weihai EU. Tu pago está en camino y te llegará en un plazo de tres a cinco días.
El 07/05/26 13:50 WEST, iniciamos una transferencia a tu método de pago (cuenta bancaria terminado en 229) por un importe de €
 499,26.
 Si el importe es inferior a lo esperado, ten en cuenta las siguientes preguntas:
 ¿Tienes saldo no disponible en tu cuenta de vendedor? Puede que hayamos reservado algo de dinero para posibles devoluciones, reclamaciones o reversiones de cargo de clientes. En este caso, el saldo de cierre de tu informe de pagos te mostrará el saldo no disponible en reserva.
 ¿Cubren tus ventas las tarifas de Amazon y las devoluciones del periodo de liquidación? El importe del pago refleja las ventas que has hecho y las tarifas de venta aplicadas tanto a dichas ventas como a cualquier promoción o servicio que hayas utilizado. Te recomendamos que revises tu informe de pagos en ""Informes"" de Seller Central para conocer el saldo de cierre.
Para más información sobre los informes de pagos en Seller Central, visita nuestro curso oficial.
Te deseamos un éx",2026-07-18 06:12:01,RETR,xtbBshKZf2pKYVKM8QAA3o
付款/资金类,older,account_4,weihaizhongxin2024@126.com,"Fri, 3 Jul 2026 14:39:15 +0000",Amazon Services <donotreply@amazon.com>,Tu pago está en camino,,"96
This title will display on mobile devices
 ¡Enhorabuena! El pago está de camino y llegará pronto.
 El pago está en camino
Enhorabuena, Weihai EU. Tu pago está en camino y te llegará en un plazo de tres a cinco días.
El 07/03/26 14:39 WEST, iniciamos una transferencia a tu método de pago (cuenta bancaria terminado en 229) por un importe de €
 518,61.
 Si el importe es inferior a lo esperado, ten en cuenta las siguientes preguntas:
 ¿Tienes saldo no disponible en tu cuenta de vendedor? Puede que hayamos reservado algo de dinero para posibles devoluciones, reclamaciones o reversiones de cargo de clientes. En este caso, el saldo de cierre de tu informe de pagos te mostrará el saldo no disponible en reserva.
 ¿Cubren tus ventas las tarifas de Amazon y las devoluciones del periodo de liquidación? El importe del pago refleja las ventas que has hecho y las tarifas de venta aplicadas tanto a dichas ventas como a cualquier promoción o servicio que hayas utilizado. Te recomendamos que revises tu informe de pagos en ""Informes"" de Seller Central para conocer el saldo de cierre.
Para más información sobre los informes de pagos en Seller Central, visita nuestro curso oficial.
Te deseamos un éx",2026-07-18 06:11:56,RETR,xtbBpBYE6WpHyZbtGgAA3a
付款/资金类,older,account_4,weihaizhongxin2024@126.com,"Fri, 3 Jul 2026 10:10:03 +0000","""donotreply@amazon.com"" <donotreply@amazon.com>",✅ Transparency Payment Confirmed!,,"96
 Hello,
Thank you for your purchase! Your payment has been successfully processed. Here is your payment summary:
Invoice Number: 1QDP-M6N7-PPHG...
Hello,
Thank you for your purchase! Your payment has been successfully processed. Here is your payment summary:
Invoice Number: 1QDP-M6N7-PPHG
Date: July 3, 2026
Amount Paid: 740.35 USD
Remaining Balance: 0.00 USD
Payment Method: Cash Transfer
You can access all your billing and payments related information by going to your Transactions Dashboard.
 [Link to invoice Dashboard]
 If you see an 'Access Denied' error message when you use the link below and are not able to access the invoice/credit note, then please email transparency-support@amazon.com with your profile link (see instructions below).
 Frequently Asked Questions (FAQ)
 I see 'Access Denied' message after logging into the Transparency Portal, what should I do?
- Please log into your Amazon.com account associated with this email address. If you don't have an account, please create one with this email address.
- Go to https://www.amazon.com/profile.
- Copy the URL that was generated in the search bar. The profile link you need to provide will look similar to this: https://www.",2026-07-18 06:11:54,RETR,xtbBsh4uFGpHin4j-QAA3R
付款/资金类,older,account_4,weihaizhongxin2024@126.com,"Thu, 2 Jul 2026 17:09:13 +0000",The Amazon Services team <donotreply@amazon.com>,Access your January–March 2026 China tax report,,"96
 You can now download your quarterly tax report, which includes data such as identity information, number of transactions, revenue, and commission and service fees.
 Hello,
 According to rules for online stores issued by the State Council of China (Decree No. 810), we are required to provide information on China-based sellers to the Chinese tax authority on a quarterly basis.
 Some sellers identified potential data discrepancies with the first quarterly tax report covering January to March 2026. Our team has carefully reviewed all reporting to ensure it accurately reflects your activity in our store and resubmitted Q1 2026 reports to the Chinese tax authority where necessary.
 We’re re-sending your quarterly China tax report in case you didn’t download it. The links below are active for seven days.
 Download your quarterly report
 This report is provided for your reference only; no action is required.
 We’ve also provided a more granular order-level report that displays your quarterly information by transaction.
 Download your order-level report
 Variation between the data in these reports and your payment and Amazon VAT transactions report is expected. Each report uses distinct",2026-07-18 06:11:53,RETR,xtbBshshB2pGmzs1BwAA3x
付款/资金类,older,account_4,weihaizhongxin2024@126.com,"Thu, 2 Jul 2026 16:54:53 +0000",The Amazon Services team <donotreply@amazon.com>,Access your January - March 2026 China tax report,,"96
 You can now download your quarterly tax report which includes data such as identity information, number of transactions, revenue, and commission and service fees.
 Hello,
 According to rules for online stores issued by the State Council of China (Decree No. 810), we are required to provide information on China-based sellers to the Chinese tax authority on a quarterly basis.
 Some sellers identified potential data discrepancies with the first quarterly tax report covering January to March 2026. Our team has carefully reviewed all reporting to ensure it accurately reflects your activity in our store, and resubmitted Q1 2026 reports to the Chinese tax authority where necessary.
 We’re re-sending your quarterly China tax report in case you didn’t download it. The links below are active for seven days.
 Download your quarterly report
 This report is provided for your reference only, no action is required.
 We’ve also provided a more granular order-level report that displays your quarterly information by transaction.
 Download your order-level report
 Variation between the data in these reports and your payment and Amazon VAT transactions report is expected. Each report uses distinct",2026-07-18 06:11:53,RETR,xtbBsgFKMGpGl+EPyAAA3U
付款/资金类,older,account_4,weihaizhongxin2024@126.com,"Wed, 1 Jul 2026 14:45:45 +0000",Amazon Services <donotreply@amazon.com>,Your payment is on the way,,"96
This title will display on mobile devices
 Congratulations! Your payment is on the way and will arrive soon.
 Disbursement attempted
Congratulations Weihai CA! Your payment is on the way and will arrive within three to five days.
On 07/01/26 14:45 EDT, we initiated a transfer to your payment method (bank account ending in 151) in the amount of CAD
 422.18.
 If the amount is less than expected, here are a few questions to consider:
 Do you have an unavailable balance? Amazon might be reserving money to cover potential returns, claims or chargebacks from buyers. If this is the case, the closing balance in your Payment Report will display the unavailable balance that is reserved.
 Did your sales cover all fees and returns for this statement period? The payment amount reflects sales activities, selling fees and fees for promotions or services. We recommend reviewing your Payment Report under the Reports tab in Seller Central to understand your closing balance.
To learn more about Payment Reports in Seller Central, please visit our official course.
We wish you continued success!
Thank you for selling in the Amazon Store,
Amazon Services
Help us improve your payment experience on Amaz",2026-07-18 06:11:49,RETR,xtbBshz84mpFKBzE3gAA3x
付款/资金类,older,account_4,weihaizhongxin2024@126.com,"Wed, 1 Jul 2026 14:43:29 +0000",Amazon Services <donotreply@amazon.com>,Tu pago está en camino,,"96
This title will display on mobile devices
 ¡Enhorabuena! El pago está de camino y llegará pronto.
 El pago está en camino
Enhorabuena, Weihai EU. Tu pago está en camino y te llegará en un plazo de tres a cinco días.
El 07/01/26 14:42 WEST, iniciamos una transferencia a tu método de pago (cuenta bancaria terminado en 229) por un importe de €
 873,07.
 Si el importe es inferior a lo esperado, ten en cuenta las siguientes preguntas:
 ¿Tienes saldo no disponible en tu cuenta de vendedor? Puede que hayamos reservado algo de dinero para posibles devoluciones, reclamaciones o reversiones de cargo de clientes. En este caso, el saldo de cierre de tu informe de pagos te mostrará el saldo no disponible en reserva.
 ¿Cubren tus ventas las tarifas de Amazon y las devoluciones del periodo de liquidación? El importe del pago refleja las ventas que has hecho y las tarifas de venta aplicadas tanto a dichas ventas como a cualquier promoción o servicio que hayas utilizado. Te recomendamos que revises tu informe de pagos en ""Informes"" de Seller Central para conocer el saldo de cierre.
Para más información sobre los informes de pagos en Seller Central, visita nuestro curso oficial.
Te deseamos un éx",2026-07-18 06:11:47,RETR,xtbBpBXawGpFJ5WurwAA33
付款/资金类,older,account_4,weihaizhongxin2024@126.com,"Wed, 1 Jul 2026 14:42:06 +0000",Amazon Services <donotreply@amazon.com>,Your payment is on the way,,"96
This title will display on mobile devices
 Congratulations! Your payment is on the way and will arrive soon.
 Disbursement Attempted
Congratulations Weihai EU! Your payment is on the way and will arrive within three to five days.
On 07/01/26 14:41 CEST, we initiated a transfer to your payment method (bank account ending in 229) in the amount of €
 660.39.
 If the amount is less than expected, here are a few questions to consider:
 Do you have an unavailable balance? Amazon might be reserving money to cover potential returns, claims, or chargebacks from buyers. If this is the case, the closing balance in your Payment Report will display the unavailable balance that is reserved.
 Did your sales cover all fees and returns for this statement period? The payment amount reflects sales activities, selling fees, and fees for promotions or services. We recommend reviewing your Payment Report under the Reports tab in Seller Central to understand your closing balance.
To learn more about Payment Reports in Seller Central, please visit our official course.
We wish you continued success!
Thank you for selling in the Amazon store,
Amazon Services
Help us improve your payment experience on Ama",2026-07-18 06:11:46,RETR,xtbBswHFq2pFJ0FviQAA3z
付款/资金类,older,account_4,weihaizhongxin2024@126.com,"Mon, 29 Jun 2026 14:21:30 +0000",Amazon Services <donotreply@amazon.com>,Your payment is on the way,,"96
This title will display on mobile devices
 Congratulations! Your payment is on the way and will arrive soon.
 Disbursement Attempted
Congratulations Weihai EU! Your payment is on the way and will arrive within three to five days.
On 06/29/26 14:21 BST, we initiated a transfer to your payment method (bank account ending in 191) in the amount of £
 325.36.
 If the amount is less than expected, here are a few questions to consider:
 Do you have an unavailable balance? Amazon might be reserving money to cover potential returns, claims or chargebacks from buyers. If this is the case, the closing balance in your Payment Report will display the unavailable balance that is reserved.
 Did your sales cover all fees and returns for this statement period? The payment amount reflects sales activities, selling fees and fees for promotions or services. We recommend reviewing your Payment Report under the Reports tab in Seller Central to understand your closing balance.
To find out more about Payment Reports in Seller Central, please visit our official course.
We wish you continued success!
Thank you for selling in the Amazon store,
Amazon Services
Help us improve your payment experience on Ama",2026-07-18 06:11:38,RETR,xtbBpQ4mDGpCf24WyAAA3m
付款/资金类,older,account_4,weihaizhongxin2024@126.com,"Mon, 29 Jun 2026 14:17:27 +0000",Amazon Services <donotreply@amazon.com>,Tu pago está en camino,,"96
This title will display on mobile devices
 ¡Enhorabuena! El pago está de camino y llegará pronto.
 El pago está en camino
Enhorabuena, Weihai EU. Tu pago está en camino y te llegará en un plazo de tres a cinco días.
El 06/29/26 14:17 WEST, iniciamos una transferencia a tu método de pago (cuenta bancaria terminado en 229) por un importe de €
 240,13.
 Si el importe es inferior a lo esperado, ten en cuenta las siguientes preguntas:
 ¿Tienes saldo no disponible en tu cuenta de vendedor? Puede que hayamos reservado algo de dinero para posibles devoluciones, reclamaciones o reversiones de cargo de clientes. En este caso, el saldo de cierre de tu informe de pagos te mostrará el saldo no disponible en reserva.
 ¿Cubren tus ventas las tarifas de Amazon y las devoluciones del periodo de liquidación? El importe del pago refleja las ventas que has hecho y las tarifas de venta aplicadas tanto a dichas ventas como a cualquier promoción o servicio que hayas utilizado. Te recomendamos que revises tu informe de pagos en ""Informes"" de Seller Central para conocer el saldo de cierre.
Para más información sobre los informes de pagos en Seller Central, visita nuestro curso oficial.
Te deseamos un éx",2026-07-18 06:11:38,RETR,xtbBshnozmpCfnkewwAA3-
付款/资金类,older,account_4,weihaizhongxin2024@126.com,"Sun, 28 Jun 2026 03:31:27 +0000",Amazon Services <donotreply@amazon.com>,Your payment is on the way,,"96
This title will display on mobile devices
 Congratulations! Your payment is on the way and will arrive soon.
 Disbursement attempted
Congratulations Weihai CA! Your payment is on the way and will arrive within three to five days.
On 06/28/26 03:31 EDT, we initiated a transfer to your payment method (bank account ending in 151) in the amount of CAD
 208.42.
 If the amount is less than expected, here are a few questions to consider:
 Do you have an unavailable balance? Amazon might be reserving money to cover potential returns, claims or chargebacks from buyers. If this is the case, the closing balance in your Payment Report will display the unavailable balance that is reserved.
 Did your sales cover all fees and returns for this statement period? The payment amount reflects sales activities, selling fees and fees for promotions or services. We recommend reviewing your Payment Report under the Reports tab in Seller Central to understand your closing balance.
To learn more about Payment Reports in Seller Central, please visit our official course.
We wish you continued success!
Thank you for selling in the Amazon Store,
Amazon Services
Help us improve your payment experience on Amaz",2026-07-18 06:11:32,RETR,xtbBpRM0GmpAlZOEdQAA3F
付款/资金类,older,account_4,weihaizhongxin2024@126.com,"Sun, 28 Jun 2026 03:28:55 +0000",Amazon Services <donotreply@amazon.com>,Your payment is on the way,,"96
This title will display on mobile devices
 Congratulations! Your payment is on the way and will arrive soon.
 Disbursement Attempted
Congratulations Weihai EU! Your payment is on the way and will arrive within three to five days.
On 06/28/26 03:28 CEST, we initiated a transfer to your payment method (bank account ending in 229) in the amount of €
 980.43.
 If the amount is less than expected, here are a few questions to consider:
 Do you have an unavailable balance? Amazon might be reserving money to cover potential returns, claims, or chargebacks from buyers. If this is the case, the closing balance in your Payment Report will display the unavailable balance that is reserved.
 Did your sales cover all fees and returns for this statement period? The payment amount reflects sales activities, selling fees, and fees for promotions or services. We recommend reviewing your Payment Report under the Reports tab in Seller Central to understand your closing balance.
To learn more about Payment Reports in Seller Central, please visit our official course.
We wish you continued success!
Thank you for selling in the Amazon store,
Amazon Services
Help us improve your payment experience on Ama",2026-07-18 06:11:32,RETR,xtbBpRoO82pAlPqAqwAA3t
付款/资金类,older,account_4,weihaizhongxin2024@126.com,"Fri, 26 Jun 2026 14:38:10 +0000",Amazon Services <donotreply@amazon.com>,Tu pago está en camino,,"96
This title will display on mobile devices
 ¡Enhorabuena! El pago está de camino y llegará pronto.
 El pago está en camino
Enhorabuena, Weihai EU. Tu pago está en camino y te llegará en un plazo de tres a cinco días.
El 06/26/26 14:37 WEST, iniciamos una transferencia a tu método de pago (cuenta bancaria terminado en 229) por un importe de €
 262,76.
 Si el importe es inferior a lo esperado, ten en cuenta las siguientes preguntas:
 ¿Tienes saldo no disponible en tu cuenta de vendedor? Puede que hayamos reservado algo de dinero para posibles devoluciones, reclamaciones o reversiones de cargo de clientes. En este caso, el saldo de cierre de tu informe de pagos te mostrará el saldo no disponible en reserva.
 ¿Cubren tus ventas las tarifas de Amazon y las devoluciones del periodo de liquidación? El importe del pago refleja las ventas que has hecho y las tarifas de venta aplicadas tanto a dichas ventas como a cualquier promoción o servicio que hayas utilizado. Te recomendamos que revises tu informe de pagos en ""Informes"" de Seller Central para conocer el saldo de cierre.
Para más información sobre los informes de pagos en Seller Central, visita nuestro curso oficial.
Te deseamos un éx",2026-07-18 06:11:29,RETR,xtbBpRYD6Go+jtZ4fwAA3T
付款/资金类,older,account_4,weihaizhongxin2024@126.com,"Fri, 26 Jun 2026 14:37:54 +0000",Amazon Services <donotreply@amazon.com>,Your payment is on the way,,"96
This title will display on mobile devices
 Congratulations! Your payment is on the way and will arrive soon.
 Disbursement Attempted
Congratulations Weihai EU! Your payment is on the way and will arrive within three to five days.
On 06/26/26 14:37 CEST, we initiated a transfer to your payment method (bank account ending in 229) in the amount of €
 621.84.
 If the amount is less than expected, here are a few questions to consider:
 Do you have an unavailable balance? Amazon might be reserving money to cover potential returns, claims, or chargebacks from buyers. If this is the case, the closing balance in your Payment Report will display the unavailable balance that is reserved.
 Did your sales cover all fees and returns for this statement period? The payment amount reflects sales activities, selling fees, and fees for promotions or services. We recommend reviewing your Payment Report under the Reports tab in Seller Central to understand your closing balance.
To learn more about Payment Reports in Seller Central, please visit our official course.
We wish you continued success!
Thank you for selling in the Amazon store,
Amazon Services
Help us improve your payment experience on Ama",2026-07-18 06:11:28,RETR,xtbBsgb+5Go+jsaWoQAA3F
付款/资金类,older,account_4,weihaizhongxin2024@126.com,"Thu, 25 Jun 2026 13:52:57 +0000",Amazon Services <donotreply@amazon.com>,Tu pago está en camino,,"96
This title will display on mobile devices
 ¡Enhorabuena! El pago está de camino y llegará pronto.
 El pago está en camino
Enhorabuena, Weihai EU. Tu pago está en camino y te llegará en un plazo de tres a cinco días.
El 06/25/26 13:52 WEST, iniciamos una transferencia a tu método de pago (cuenta bancaria terminado en 229) por un importe de €
 497,20.
 Si el importe es inferior a lo esperado, ten en cuenta las siguientes preguntas:
 ¿Tienes saldo no disponible en tu cuenta de vendedor? Puede que hayamos reservado algo de dinero para posibles devoluciones, reclamaciones o reversiones de cargo de clientes. En este caso, el saldo de cierre de tu informe de pagos te mostrará el saldo no disponible en reserva.
 ¿Cubren tus ventas las tarifas de Amazon y las devoluciones del periodo de liquidación? El importe del pago refleja las ventas que has hecho y las tarifas de venta aplicadas tanto a dichas ventas como a cualquier promoción o servicio que hayas utilizado. Te recomendamos que revises tu informe de pagos en ""Informes"" de Seller Central para conocer el saldo de cierre.
Para más información sobre los informes de pagos en Seller Central, visita nuestro curso oficial.
Te deseamos un éx",2026-07-18 06:11:20,RETR,xtbBpB2li2o9Mr2nIgAA3K
付款/资金类,older,account_4,weihaizhongxin2024@126.com,"Thu, 25 Jun 2026 13:51:45 +0000",Amazon Services <donotreply@amazon.com>,Your payment is on the way,,"96
This title will display on mobile devices
 Congratulations! Your payment is on the way and will arrive soon.
 Disbursement Attempted
Congratulations Weihai EU! Your payment is on the way and will arrive within three to five days.
On 06/25/26 13:51 CEST, we initiated a transfer to your payment method (bank account ending in 229) in the amount of €
 637.36.
 If the amount is less than expected, here are a few questions to consider:
 Do you have an unavailable balance? Amazon might be reserving money to cover potential returns, claims, or chargebacks from buyers. If this is the case, the closing balance in your Payment Report will display the unavailable balance that is reserved.
 Did your sales cover all fees and returns for this statement period? The payment amount reflects sales activities, selling fees, and fees for promotions or services. We recommend reviewing your Payment Report under the Reports tab in Seller Central to understand your closing balance.
To learn more about Payment Reports in Seller Central, please visit our official course.
We wish you continued success!
Thank you for selling in the Amazon store,
Amazon Services
Help us improve your payment experience on Ama",2026-07-18 06:11:19,RETR,xtbBshSTeWo9MnSy9wAA3Y
付款/资金类,older,account_4,weihaizhongxin2024@126.com,"Thu, 25 Jun 2026 13:45:52 +0000",Amazon Services <donotreply@amazon.com>,Your payment is on the way,,"96
This title will display on mobile devices
 Congratulations! Your payment is on the way and will arrive soon.
 Disbursement attempted
Congratulations Weihai CA! Your payment is on the way and will arrive within three to five days.
On 06/25/26 13:45 EDT, we initiated a transfer to your payment method (bank account ending in 151) in the amount of CAD
 379.47.
 If the amount is less than expected, here are a few questions to consider:
 Do you have an unavailable balance? Amazon might be reserving money to cover potential returns, claims or chargebacks from buyers. If this is the case, the closing balance in your Payment Report will display the unavailable balance that is reserved.
 Did your sales cover all fees and returns for this statement period? The payment amount reflects sales activities, selling fees and fees for promotions or services. We recommend reviewing your Payment Report under the Reports tab in Seller Central to understand your closing balance.
To learn more about Payment Reports in Seller Central, please visit our official course.
We wish you continued success!
Thank you for selling in the Amazon Store,
Amazon Services
Help us improve your payment experience on Amaz",2026-07-18 06:11:19,RETR,xtbBpBQ7IWo9MRSdkgAA3X
付款/资金类,older,account_4,weihaizhongxin2024@126.com,"Thu, 25 Jun 2026 01:48:12 +0000",The Amazon Services team <donotreply@amazon.com>,Updated China tax report link for October - December 2025,,"96
 We’re resending your quarterly tax report which includes data such as identity information, number of transactions, revenue, and commission and service fees.
 Hello,
 On June 23, 2026, we sent you an updated quarterly China tax report covering October to December 2025, following a review of potential data discrepancies.
 In case you were unable to download the report, we’re resending it again. The links below are active for five days.
 Download your quarterly report
 This report is provided for your reference only, no action is required.
 We’ve also provided a more granular order-level report that displays your quarterly information by transaction.
 Download your order-level report
 Variation between the data in these reports and your payment and Amazon VAT transactions report is expected. Each report uses distinct methodology and serves a different purpose.
 We’ll continue to provide you with quarterly updates on data shared with the Chinese tax authority.
 For more information, go to China tax information reporting requirements .
 Note : As previously communicated, some sellers identified potential data discrepancies with the first quarterly tax report covering October to Dec",2026-07-18 06:11:17,RETR,xtbBsgAE6Wo8iOA8YQAA38
付款/资金类,older,account_4,weihaizhongxin2024@126.com,"Tue, 23 Jun 2026 16:59:05 +0000",The Amazon Services team <donotreply@amazon.com>,Download your China tax report for October - December 2025,,"96
 You can now download your quarterly tax report which includes data such as identity information, number of transactions, revenue, and commission and service fees.
 Hello,
 According to rules for online stores issued by the State Council of China (Decree No. 810), we are required to provide information on China-based sellers to the Chinese tax authority on a quarterly basis.
 Some sellers identified potential data discrepancies with the first quarterly tax report covering October to December 2025. Our team has carefully reviewed all reporting to ensure it accurately reflects your activity in our store, and resubmitted Q4 2025 reports to the Chinese tax authority where necessary.
 We’re re-sending your quarterly China tax report. The links below are active for seven days.
 Download your quarterly report
 This report is provided for your reference only, no action is required.
 We’ve also provided a more granular order-level report that displays your quarterly information by transaction.
 Download your order-level report
 Variation between the data in these reports and your payment and Amazon VAT transactions report is expected. Each report uses distinct methodology and serves a di",2026-07-18 06:11:10,RETR,xtbBsx0vFWo6u13UkQAA3n
付款/资金类,older,account_4,weihaizhongxin2024@126.com,"Tue, 23 Jun 2026 14:09:38 +0000",Amazon Services <donotreply@amazon.com>,Your payment is on the way,,"96
This title will display on mobile devices
 Congratulations! Your payment is on the way and will arrive soon.
 Disbursement Attempted
Congratulations Weihai EU! Your payment is on the way and will arrive within three to five days.
On 06/23/26 14:08 CEST, we initiated a transfer to your payment method (bank account ending in 229) in the amount of €
 336.31.
 If the amount is less than expected, here are a few questions to consider:
 Do you have an unavailable balance? Amazon might be reserving money to cover potential returns, claims, or chargebacks from buyers. If this is the case, the closing balance in your Payment Report will display the unavailable balance that is reserved.
 Did your sales cover all fees and returns for this statement period? The payment amount reflects sales activities, selling fees, and fees for promotions or services. We recommend reviewing your Payment Report under the Reports tab in Seller Central to understand your closing balance.
To learn more about Payment Reports in Seller Central, please visit our official course.
We wish you continued success!
Thank you for selling in the Amazon store,
Amazon Services
Help us improve your payment experience on Ama",2026-07-18 06:11:10,RETR,xtbBsgY3HWo6k6YTawAA3D
付款/资金类,older,account_4,weihaizhongxin2024@126.com,"Tue, 23 Jun 2026 14:09:19 +0000",Amazon Services <donotreply@amazon.com>,Tu pago está en camino,,"96
This title will display on mobile devices
 ¡Enhorabuena! El pago está de camino y llegará pronto.
 El pago está en camino
Enhorabuena, Weihai EU. Tu pago está en camino y te llegará en un plazo de tres a cinco días.
El 06/23/26 14:08 WEST, iniciamos una transferencia a tu método de pago (cuenta bancaria terminado en 229) por un importe de €
 263,62.
 Si el importe es inferior a lo esperado, ten en cuenta las siguientes preguntas:
 ¿Tienes saldo no disponible en tu cuenta de vendedor? Puede que hayamos reservado algo de dinero para posibles devoluciones, reclamaciones o reversiones de cargo de clientes. En este caso, el saldo de cierre de tu informe de pagos te mostrará el saldo no disponible en reserva.
 ¿Cubren tus ventas las tarifas de Amazon y las devoluciones del periodo de liquidación? El importe del pago refleja las ventas que has hecho y las tarifas de venta aplicadas tanto a dichas ventas como a cualquier promoción o servicio que hayas utilizado. Te recomendamos que revises tu informe de pagos en ""Informes"" de Seller Central para conocer el saldo de cierre.
Para más información sobre los informes de pagos en Seller Central, visita nuestro curso oficial.
Te deseamos un éx",2026-07-18 06:11:09,RETR,xtbBsxIyGGo6k5LtWgAA3t
付款/资金类,older,account_4,weihaizhongxin2024@126.com,"Mon, 22 Jun 2026 16:37:09 +0000",Amazon Services <informacion-vendedor@amazon.mx>,Pago del saldo en tu cuenta de pagos de Vender en Amazon,,"Estimado vendedor:
 Hemos realizado un cargo en tu tarjeta de crédito (Visa) por valor de MXN 192.85 con el fin de saldar tu cuenta de vendedor de Amazon.
 El monto cobrado puede ser inferior al total que debes si tu banco ha impuesto un límite de crédito. Si se da tal caso, seguiremos intentando realizar el cargo cada 24 horas en la tarjeta de crédito hasta que se haya pagado por completo el saldo deudor que presenta tu cuenta de vendedor de Amazon.
 También puedes utilizar la funcionalidad Hacer un pago para liquidar tu cuenta. Para más información, escribe ""hacer un pago"" en la barra de búsqueda de Seller Central.
 Para consultar tu historial de pagos, inicia sesión en tu cuenta y ve a Reportes > Pagos.
 Gracias por vender en Amazon.
 SPC-USAmazon-1636075525324689",2026-07-18 06:10:56,RETR,xtbBsxcvFWo5ZLcWzgAA3G
付款/资金类,older,account_4,weihaizhongxin2024@126.com,"Mon, 22 Jun 2026 14:05:42 +0000",Amazon Services <donotreply@amazon.com>,Your payment is on the way,,"96
This title will display on mobile devices
 Congratulations! Your payment is on the way and will arrive soon.
 Disbursement Attempted
Congratulations Weihai EU! Your payment is on the way and will arrive within three to five days.
On 06/22/26 14:05 BST, we initiated a transfer to your payment method (bank account ending in 191) in the amount of £
 314.88.
 If the amount is less than expected, here are a few questions to consider:
 Do you have an unavailable balance? Amazon might be reserving money to cover potential returns, claims or chargebacks from buyers. If this is the case, the closing balance in your Payment Report will display the unavailable balance that is reserved.
 Did your sales cover all fees and returns for this statement period? The payment amount reflects sales activities, selling fees and fees for promotions or services. We recommend reviewing your Payment Report under the Reports tab in Seller Central to understand your closing balance.
To find out more about Payment Reports in Seller Central, please visit our official course.
We wish you continued success!
Thank you for selling in the Amazon store,
Amazon Services
Help us improve your payment experience on Ama",2026-07-18 06:10:55,RETR,xtbBsxlHLWo5QTlidgAA3-
付款/资金类,older,account_4,weihaizhongxin2024@126.com,"Mon, 22 Jun 2026 12:44:57 +0000",Amazon Services <donotreply@amazon.com>,Tu pago está en camino,,"96
This title will display on mobile devices
 ¡Enhorabuena! El pago está de camino y llegará pronto.
 El pago está en camino
Enhorabuena, Weihai EU. Tu pago está en camino y te llegará en un plazo de tres a cinco días.
El 06/22/26 12:44 WEST, iniciamos una transferencia a tu método de pago (cuenta bancaria terminado en 229) por un importe de €
 339,00.
 Si el importe es inferior a lo esperado, ten en cuenta las siguientes preguntas:
 ¿Tienes saldo no disponible en tu cuenta de vendedor? Puede que hayamos reservado algo de dinero para posibles devoluciones, reclamaciones o reversiones de cargo de clientes. En este caso, el saldo de cierre de tu informe de pagos te mostrará el saldo no disponible en reserva.
 ¿Cubren tus ventas las tarifas de Amazon y las devoluciones del periodo de liquidación? El importe del pago refleja las ventas que has hecho y las tarifas de venta aplicadas tanto a dichas ventas como a cualquier promoción o servicio que hayas utilizado. Te recomendamos que revises tu informe de pagos en ""Informes"" de Seller Central para conocer el saldo de cierre.
Para más información sobre los informes de pagos en Seller Central, visita nuestro curso oficial.
Te deseamos un éx",2026-07-18 06:10:55,RETR,xtbBswyHbWo5LkzvzwAA3E
付款/资金类,older,account_4,weihaizhongxin2024@126.com,"Sun, 21 Jun 2026 12:50:33 +0000",Amazon Services <donotreply@amazon.com>,Your payment is on the way,,"96
This title will display on mobile devices
 Congratulations! Your payment is on the way and will arrive soon.
 Disbursement attempted
Congratulations Weihai CA! Your payment is on the way and will arrive within three to five days.
On 06/21/26 12:50 EDT, we initiated a transfer to your payment method (bank account ending in 151) in the amount of CAD
 304.60.
 If the amount is less than expected, here are a few questions to consider:
 Do you have an unavailable balance? Amazon might be reserving money to cover potential returns, claims or chargebacks from buyers. If this is the case, the closing balance in your Payment Report will display the unavailable balance that is reserved.
 Did your sales cover all fees and returns for this statement period? The payment amount reflects sales activities, selling fees and fees for promotions or services. We recommend reviewing your Payment Report under the Reports tab in Seller Central to understand your closing balance.
To learn more about Payment Reports in Seller Central, please visit our official course.
We wish you continued success!
Thank you for selling in the Amazon Store,
Amazon Services
Help us improve your payment experience on Amaz",2026-07-18 06:10:52,RETR,xtbBshwnDWo33hzUzwAA3A
付款/资金类,older,account_4,weihaizhongxin2024@126.com,"Sat, 20 Jun 2026 13:23:55 +0000",Amazon Services <donotreply@amazon.com>,Tu pago está en camino,,"96
This title will display on mobile devices
 ¡Enhorabuena! El pago está de camino y llegará pronto.
 El pago está en camino
Enhorabuena, Weihai EU. Tu pago está en camino y te llegará en un plazo de tres a cinco días.
El 06/20/26 13:23 WEST, iniciamos una transferencia a tu método de pago (cuenta bancaria terminado en 229) por un importe de €
 216,97.
 Si el importe es inferior a lo esperado, ten en cuenta las siguientes preguntas:
 ¿Tienes saldo no disponible en tu cuenta de vendedor? Puede que hayamos reservado algo de dinero para posibles devoluciones, reclamaciones o reversiones de cargo de clientes. En este caso, el saldo de cierre de tu informe de pagos te mostrará el saldo no disponible en reserva.
 ¿Cubren tus ventas las tarifas de Amazon y las devoluciones del periodo de liquidación? El importe del pago refleja las ventas que has hecho y las tarifas de venta aplicadas tanto a dichas ventas como a cualquier promoción o servicio que hayas utilizado. Te recomendamos que revises tu informe de pagos en ""Informes"" de Seller Central para conocer el saldo de cierre.
Para más información sobre los informes de pagos en Seller Central, visita nuestro curso oficial.
Te deseamos un éx",2026-07-18 06:10:49,RETR,xtbBpA9oTmo2lG-soAAA3m
付款/资金类,older,account_4,weihaizhongxin2024@126.com,"Fri, 19 Jun 2026 13:11:15 +0000",Amazon Services <donotreply@amazon.com>,Your payment is on the way,,"96
This title will display on mobile devices
 Congratulations! Your payment is on the way and will arrive soon.
 Disbursement attempted
Congratulations Weihai CA! Your payment is on the way and will arrive within three to five days.
On 06/19/26 13:11 EDT, we initiated a transfer to your payment method (bank account ending in 151) in the amount of CAD
 521.30.
 If the amount is less than expected, here are a few questions to consider:
 Do you have an unavailable balance? Amazon might be reserving money to cover potential returns, claims or chargebacks from buyers. If this is the case, the closing balance in your Payment Report will display the unavailable balance that is reserved.
 Did your sales cover all fees and returns for this statement period? The payment amount reflects sales activities, selling fees and fees for promotions or services. We recommend reviewing your Payment Report under the Reports tab in Seller Central to understand your closing balance.
To learn more about Payment Reports in Seller Central, please visit our official course.
We wish you continued success!
Thank you for selling in the Amazon Store,
Amazon Services
Help us improve your payment experience on Amaz",2026-07-18 06:10:47,RETR,xtbBshb02mo1P-ZsFgAA3m
付款/资金类,older,account_4,weihaizhongxin2024@126.com,"Fri, 19 Jun 2026 13:09:47 +0000",Amazon Services <donotreply@amazon.com>,Tu pago está en camino,,"96
This title will display on mobile devices
 ¡Enhorabuena! El pago está de camino y llegará pronto.
 El pago está en camino
Enhorabuena, Weihai EU. Tu pago está en camino y te llegará en un plazo de tres a cinco días.
El 06/19/26 13:09 WEST, iniciamos una transferencia a tu método de pago (cuenta bancaria terminado en 229) por un importe de €
 479,95.
 Si el importe es inferior a lo esperado, ten en cuenta las siguientes preguntas:
 ¿Tienes saldo no disponible en tu cuenta de vendedor? Puede que hayamos reservado algo de dinero para posibles devoluciones, reclamaciones o reversiones de cargo de clientes. En este caso, el saldo de cierre de tu informe de pagos te mostrará el saldo no disponible en reserva.
 ¿Cubren tus ventas las tarifas de Amazon y las devoluciones del periodo de liquidación? El importe del pago refleja las ventas que has hecho y las tarifas de venta aplicadas tanto a dichas ventas como a cualquier promoción o servicio que hayas utilizado. Te recomendamos que revises tu informe de pagos en ""Informes"" de Seller Central para conocer el saldo de cierre.
Para más información sobre los informes de pagos en Seller Central, visita nuestro curso oficial.
Te deseamos un éx",2026-07-18 06:10:46,RETR,xtbBpR-exGo1P59WoAAA3p
付款/资金类,older,account_4,weihaizhongxin2024@126.com,"Thu, 18 Jun 2026 17:21:56 +0000",The Amazon Services team <donotreply@amazon.com>,Download your China tax report for January–March 2026,,"96
 You can now download your quarterly tax report, which includes data such as identity information, number of transactions, revenue, and commission and service fees.
 Hello,
 According to rules for online stores issued by the State Council of China (Decree No. 810), we are required to provide information on China-based sellers to the Chinese tax authority on a quarterly basis.
 Some sellers identified potential data discrepancies with the first quarterly tax report covering January to March 2026. Our team has carefully reviewed all reporting to ensure that it accurately reflects your activity in our store and resubmitted Q1 reports to the Chinese tax authority where necessary.
 We’re re-sending your quarterly China tax report for reference. The links below are active for seven days.
 Download your quarterly report
 This report is provided for your reference only – no action is required.
 We’ve also provided a more granular order-level report that displays your quarterly information by transaction.
 Download your order-level report
 Considering that the links are only valid for seven days, we will resend the email to you again.
 Variation between the data in these reports and your",2026-07-18 06:10:42,RETR,xtbBshb+5Go0KTZoWAAA3P
付款/资金类,older,account_4,weihaizhongxin2024@126.com,"Thu, 18 Jun 2026 16:54:51 +0000",The Amazon Services team <donotreply@amazon.com>,Download your China tax report for January - March 2026,,"96
 You can now download your quarterly tax report which includes data such as identity information, number of transactions, revenue, and commission and service fees.
 Hello,
 According to rules for online stores issued by the State Council of China (Decree No. 810), we are required to provide information on China-based sellers to the Chinese tax authority on a quarterly basis.
 Some sellers identified potential data discrepancies with the first quarterly tax report covering January to March 2026. Our team has carefully reviewed all reporting to ensure it accurately reflects your activity in our store, and resubmitted Q1 reports to the Chinese tax authority where necessary.
 We’re re-sending your quarterly China tax report for reference. The links below are active for seven days.
 Download your quarterly report
 This report is provided for your reference only, no action is required.
 We’ve also provided a more granular order-level report that displays your quarterly information by transaction.
 Download your order-level report
 Considering that the links are only valid for seven days, we will resend the email to you again.
 Variation between the data in these reports and your payme",2026-07-18 06:10:41,RETR,xtbBsx5nTWo0It5nzQAA3P
付款/资金类,older,account_4,weihaizhongxin2024@126.com,"Thu, 18 Jun 2026 08:40:50 +0000",Amazon Europe <donotreply@amazon.com>,Envía el número de registro de España para la responsabilidad ampliada del productor con respecto a los RAEE a más tardar el 30 de septiembre,,"Presenta el número de registro de la responsabilidad ampliada del productor a más tardar el 30 de septiembre o se te inscribirá automáticamente en RAP: Pago en mi nombre.
 96
 Envía el número de registro de España para la responsabilidad ampliada del productor con respecto a los RAEE a más tardar el 30 de septiembre
                                                     ‍͏  ͏  ‍͏  ͏  ‍͏  ͏  ‍͏  ͏  ‍͏  ͏  ‍͏  ͏  ‍͏  ͏  ‍͏  ͏  ‍͏  ͏  ‍͏  ͏  ‍͏  ͏  ‍͏  ͏  ‍͏  ͏  ‍͏  ͏  ‍͏  ͏  ‍͏  ͏  ‍͏  ͏  ‍͏  ͏  ‍͏  ͏  ‍͏  ͏  ‍͏  ͏  ‍͏  ͏  ‍͏  ͏  ‍͏  ͏  ‍͏  ͏  ‍͏  ͏  ‍͏  ͏  ‍͏  ͏  ‍͏  ͏  ‍͏  ͏  ‍͏  ͏  ‍͏  ͏  ‍͏  ͏  ‍͏  ͏  ‍͏  ͏  ‍͏  ͏  ‍͏  ͏  ‍͏  ͏  ‍͏  ͏ ͏‌ ­ ­ ­ ­ ͏‌ ­ ­ ­ ­ ͏‌ ­ ­ ­ ­ ͏‌ ­ ­ ­ ­ ͏‌ ­ ­ ­ ­ ͏‌ ­ ­ ­ ­ ͏‌ ­ ­ ­ ­ ͏‌ ­ ­ ­ ­ ͏‌ ­ ­ ­ ­ ͏‌ ­ ­ ­ ­ ͏‌ ­ ­ ­ ­ ͏‌ ­ ­ ­ ­ ͏‌ ­ ­ ­ ­ ͏‌ ­ ­ ­ ­ ͏‌ ­ ­ ­ ­ ͏‌ ­ ­ ­ ­ ͏‌ ­ ­ ­ ­ ͏‌ ­ ­ ­ ­ ͏‌ ­ ­ ­ ­ ͏‌ ­ ­ ­ ­ ͏‌ ­ ­ ­ ­ ͏‌ ­ ­ ­ ­ ͏‌ ­ ­ ­ ­ ͏‌ ­ ­ ­ ­ ͏‌ ­ ­ ­ ­ ͏‌ ­ ­ ­ ­ ͏‌ ­ ­ ­ ­ ͏‌ ­ ­ ­ ­ ͏‌ ­ ­ ­ ­ ͏‌ ­ ­ ­ ­ ͏‌ ­ ­ ­ ­ ͏‌ ­ ­ ­ ­ ͏‌ ­ ­ ­ ­ ͏‌ ­ ­ ­ ­ ͏‌ ­ ­ ­ ­ ͏‌ ­ ­ ­ ­ ͏‌ ­ ­ ­ ­ ͏‌ ­ ­ ­ ­ ͏‌ ­ ­ ­ ­ ͏‌ ­ ­ ­ ­ ͏‌ ­ ­ ­ ­ ͏‌ ­ ­ ­ ­ ͏‌ ­ ­ ­ ­ ͏‌ ­ ­ ­ ­ ͏‌ ­ ­ ­ ­ ͏‌ ­ ­ ­ ­ ͏‌ ­ ­ ­ ­ ͏‌ ­ ­ ­ ­ ͏‌ ­ ­ ­ ­ ͏‌ ­ ­ ­ ­ ͏‌ ­ ­ ",2026-07-18 06:10:38,RETR,xtbBpRZYPmozrxbx4gAA3m
产品链接/合规类,older,account_4,weihaizhongxin2024@126.com,"Fri, 10 Jul 2026 15:01:39 +0000",Amazon Europe <noreply@sell.amazon.com>,"Manage VAT & EPR Requirements Directly Within Your Pan-European FBA
 Inventory Portal",,"Visit the Pan-EU Portal to Manage Listings,﻿ Compliance &amp; Expansion in EU
                                                    ‍͏  ͏  ‍͏  ͏  ‍͏  ͏  ‍͏  ͏  ‍͏  ͏  ‍͏  ͏  ‍͏  ͏  ‍͏  ͏  ‍͏  ͏  ‍͏  ͏  ‍͏  ͏  ‍͏  ͏  ‍͏  ͏  ‍͏  ͏  ‍͏  ͏  ‍͏  ͏  ‍͏  ͏  ‍͏  ͏  ‍͏  ͏  ‍͏  ͏  ‍͏  ͏  ‍͏  ͏  ‍͏  ͏  ‍͏  ͏  ‍͏  ͏  ‍͏  ͏  ‍͏  ͏  ‍͏  ͏  ‍͏  ͏  ‍͏  ͏  ‍͏  ͏  ‍͏  ͏  ‍͏  ͏  ‍͏  ͏  ‍͏  ͏  ‍͏  ͏  ‍͏  ͏  ‍͏  ͏  ‍͏  ͏ ͏‌ ­ ­ ­ ­ ͏‌ ­ ­ ­ ­ ͏‌ ­ ­ ­ ­ ͏‌ ­ ­ ­ ­ ͏‌ ­ ­ ­ ­ ͏‌ ­ ­ ­ ­ ͏‌ ­ ­ ­ ­ ͏‌ ­ ­ ­ ­ ͏‌ ­ ­ ­ ­ ͏‌ ­ ­ ­ ­ ͏‌ ­ ­ ­ ­ ͏‌ ­ ­ ­ ­ ͏‌ ­ ­ ­ ­ ͏‌ ­ ­ ­ ­ ͏‌ ­ ­ ­ ­ ͏‌ ­ ­ ­ ­ ͏‌ ­ ­ ­ ­ ͏‌ ­ ­ ­ ­ ͏‌ ­ ­ ­ ­ ͏‌ ­ ­ ­ ­ ͏‌ ­ ­ ­ ­ ͏‌ ­ ­ ­ ­ ͏‌ ­ ­ ­ ­ ͏‌ ­ ­ ­ ­ ͏‌ ­ ­ ­ ­ ͏‌ ­ ­ ­ ­ ͏‌ ­ ­ ­ ­ ͏‌ ­ ­ ­ ­ ͏‌ ­ ­ ­ ­ ͏‌ ­ ­ ­ ­ ͏‌ ­ ­ ­ ­ ͏‌ ­ ­ ­ ­ ͏‌ ­ ­ ­ ­ ͏‌ ­ ­ ­ ­ ͏‌ ­ ­ ­ ­ ͏‌ ­ ­ ­ ­ ͏‌ ­ ­ ­ ­ ͏‌ ­ ­ ­ ­ ͏‌ ­ ­ ­ ­ ͏‌ ­ ­ ­ ­ ͏‌ ­ ­ ­ ­ ͏‌ ­ ­ ­ ­ ͏‌ ­ ­ ­ ­ ͏‌ ­ ­ ­ ­ ͏‌ ­ ­ ­ ­ ͏‌ ­ ­ ­ ­ ͏‌ ­ ­ ­ ­ ͏‌ ­ ­ ­ ­ ͏‌ ­ ­ ­ ­ ͏‌ ­ ­ ­ ­ ͏‌ ­ ­ ­ ­ ͏‌ ­ ­ ­ ­ ͏‌ ­ ­ ­ ­ ͏‌ ­ ­ ­ ­ ͏‌ ­ ­ ­ ­ ͏‌ ­ ­ ­ ­ ͏‌ ­ ­ ­ ­ ͏‌ ­ ­ ­ ­ ͏‌ ­ ­ ­ ­ ͏‌ ­ ­ ­ ­ ͏‌ ­ ­ ­ ­ ͏‌ ­ ­ ­ ­ ͏‌ ­ ­ ­ ­ ͏‌ ­ ­ ­ ­ ͏‌ ­ ­ ­ ­
https://go.amazonsellerservices.com/e/229492/2026-07-10/7z4kvj4/6762447069/h/VpEb28",2026-07-18 06:12:50,RETR,xtbBshZGLGpRCVaXmgAA3n
产品链接/合规类,older,account_4,weihaizhongxin2024@126.com,"Wed, 8 Jul 2026 17:38:33 +0000",Amazon Services <donotreply@amazon.com>,Reactivate your EU listings - GPSR compliance required,,"96
 Reactivate your EU listings - GPSR compliance required
 Hello Weihai EU,
 Some of your listings have been deactivated from our European Union (EU) stores due to missing compliance information. This action does not impact your account health.
 You can find examples of your deactivated listings at the bottom of this email, and the full list on your Account Health page. Review the affected listings and next steps to meet General Product Safety Regulation (GPSR) requirements below.
 Submit compliance information
 Submit compliance information
 How do I reactivate my listings?
 To reactivate your listings, provide the required GPSR compliance information by following the instructions below:
-
 Go to your Account Health page .
- Select 'Add filters' and check 'Listing removed' in the ""Filter by action taken"" column.
- Click 'Submit' next to the deactivated listing and follow the instructions provided.
- Follow the steps on Suppressed listings to resolve any outstanding listing issues. Existing issues prevent listings from being reactivated, even if you’ve fulfilled all compliance requirements.
 Note: If you’ve recently submitted information on your Account Health page, and no longer ",2026-07-18 06:12:37,RETR,xtbBpRwY-WpOixyXFAAA3s
产品链接/合规类,older,account_4,weihaizhongxin2024@126.com,"Tue, 7 Jul 2026 16:17:59 +0000",Amazon Services <donotreply@amazon.com>,Reactivate your EU listings - GPSR compliance required,,"96
 Reactivate your EU listings - GPSR compliance required
 Hello Weihai EU,
 Some of your listings have been deactivated from our European Union (EU) stores due to missing compliance information. This action does not impact your account health.
 You can find examples of your deactivated listings at the bottom of this email, and the full list on your Account Health page. Review the affected listings and next steps to meet General Product Safety Regulation (GPSR) requirements below.
 Submit compliance information
 Submit compliance information
 How do I reactivate my listings?
 To reactivate your listings, provide the required GPSR compliance information by following the instructions below:
-
 Go to your Account Health page .
- Select 'Add filters' and check 'Listing removed' in the ""Filter by action taken"" column.
- Click 'Submit' next to the deactivated listing and follow the instructions provided.
- Follow the steps on Suppressed listings to resolve any outstanding listing issues. Existing issues prevent listings from being reactivated, even if you’ve fulfilled all compliance requirements.
 Note: If you’ve recently submitted information on your Account Health page, and no longer ",2026-07-18 06:12:31,RETR,xtbBpBqli2pNJrqrgAAA3A
产品链接/合规类,older,account_4,weihaizhongxin2024@126.com,"Tue, 7 Jul 2026 05:08:36 +0000",Amazon Services <donotreply@amazon.com>,Submit product safety documentation to avoid listing deactivation,,"96
 Hello Weihai EU,
 Some of your listings are at risk of deactivation due to missing mandatory compliance requirements for your products. Review the details and next steps below. The affected listings are shown at the end of this email.
 Why is this happening?
 We are taking this action because these products are missing mandatory compliance information. Review our Product safety and compliance help page for information on applicable laws, regulations, and Amazon policies.
 The table at the end of this email provides product-specific compliance requirements.
 How do I reactivate my listings?
 To provide the required compliance information, go to your Account Health page and locate the product compliance requests:
-
 If you have the required documentation, follow the instructions to submit your compliance documents.
-
 If you believe your products are exempt from these requirements, submit documentation demonstrating why they are not subject to these compliance requirements.
 For step-by-step instructions, see our Submit compliance documents or appeal a documentation request help page.
 To avoid further impact to your account, close or delete any non-compliant listings that you do",2026-07-18 06:12:27,RETR,xtbBsxhGLGpMidj8tgAA38
产品链接/合规类,older,account_4,weihaizhongxin2024@126.com,"Mon, 6 Jul 2026 13:22:39 +0000",Sell with Amazon <no-reply@sell.amazon.com>,"Get answers from the people who build the tools you use every day.
 Save $100",,"[Amazon logo](https://go.amazonsellerservices.com/e/229492/-ld-EM/7z49s9x/6752554013/h/2aeQsjjzcdEfNdbvcpArxhFF9Du4sBW3WI4zsTSQPBE)
[Speakers at Accelerate](https://go.amazonsellerservices.com/e/229492/-medium-email-utm-source-email/7z4bmtj/6752554013/h/2aeQsjjzcdEfNdbvcpArxhFF9Du4sBW3WI4zsTSQPBE)
Accelerate 2026 speaker lineup announced
The Amazon Accelerate 2026 speaker lineup is here. These are the leaders building the tools, programs, and strategies that shape your selling experience every day.
Join us from September 22 to 24 in Seattle to connect with them directly.
[Register now](https://go.amazonsellerservices.com/e/229492/-medium-email-utm-source-email/7z4bmtj/6752554013/h/2aeQsjjzcdEfNdbvcpArxhFF9Du4sBW3WI4zsTSQPBE)
""...It was cool to get to talk to actual product managers at Amazon that develop the tools I use every day. It was a peek behind the curtain and cool to see ways that Amazon is strategizing, improving, detailing the future of its selling platform.""
2025 attendee
Introducing some of the speakers you'll hear from:
[A checkmark icon]
Mary Beth Westmoreland, Vice President, Selling Partner Experience
Mary Beth's teams are responsible for delivering the tools, exper",2026-07-18 06:12:04,RETR,xtbBpQKghmpLrCJXRQAA38
产品链接/合规类,older,account_4,weihaizhongxin2024@126.com,"Mon, 6 Jul 2026 13:08:44 +0000",Amazon Services <donotreply@amazon.com>,Submit product safety documentation to avoid listing deactivation,,"96
 Hello Weihai EU,
 Some of your listings are at risk of deactivation due to missing mandatory compliance requirements for your products. Review the details and next steps below. The affected listings are shown at the end of this email.
 Why is this happening?
 We are taking this action because these products are missing mandatory compliance information. Review our Product safety and compliance help page for information on applicable laws, regulations, and Amazon policies.
 The table at the end of this email provides product-specific compliance requirements.
 How do I reactivate my listings?
 To provide the required compliance information, go to your Account Health page and locate the product compliance requests:
-
 If you have the required documentation, follow the instructions to submit your compliance documents.
-
 If you believe your products are exempt from these requirements, submit documentation demonstrating why they are not subject to these compliance requirements.
 For step-by-step instructions, see our Submit compliance documents or appeal a documentation request help page.
 To avoid further impact to your account, close or delete any non-compliant listings that you do",2026-07-18 06:12:03,RETR,xtbBswDPtWpLqOD6YQAA37
产品链接/合规类,older,account_4,weihaizhongxin2024@126.com,"Mon, 6 Jul 2026 08:00:54 +0000",Amazon Seller Support <merch.service05@amazon.com>,"RE:[CASE 20858098381] US - Food and Product Safety - ASIN:
 B0DD7R3PPG",,"96
RE:[CASE 20858098381] US - Food and Product Safety - ASIN: B0DD7R3PPG
Hello from Amazon Selling Partner Support,
We are writing regarding your dispute for ASIN B0DD7R3PPG (SKU: aadw) — Children Painting Set, which was suppressed due to the non-submission of required details to the Testing Inspection Certification (TIC) team for a non-compliant product with a ""New"" TRF status.
We can confirm that your appeal submission is currently under review. According to your Account Health Dashboard, we have received your submission and the evaluation is in progress — no further action is required from you at this time. Please continue to monitor the status of your appeal directly from your Account Health Dashboard:
https://sellercentral.amazon.com/performance/account/health/product-policies?s=aadw
In the meantime, for guidance on reinstatement requirements, please review the details under Performance Notifications in your Account Health Dashboard :
https://sellercentral.amazon.com/help/hub/reference/GKJRA3FRPRKVBJJS?locale=en-US
To help us continually improve, we ask that you take a moment to complete our survey below to tell us about your experience with this specific interaction.
Were you",2026-07-18 06:12:02,RETR,xtbBsxqzmWpLYLq1lAAA3Z
产品链接/合规类,older,account_4,weihaizhongxin2024@126.com,"Mon, 6 Jul 2026 05:35:29 +0000",Amazon Seller Support <merch.service05@amazon.com>,"RE:[CASE 20858098381] US - Food and Product Safety - ASIN:
 B0DD7R3PPG",,"96
RE:[CASE 20858098381] US - Food and Product Safety - ASIN: B0DD7R3PPG
Hello from Amazon Selling Partner Support!
We have received your appeal against ASIN B0DD7R3PPG (SKU: aadw, children's drawing set) and the relevant supporting documents (product PDF and safety data sheet) from you.
I would like to let you know that I have escalated this to our specialized Team to further troubleshoot the situation.
As soon as we receive a resolution from this team, we will be getting in touch with you.
To help us continually improve, we ask that you take a moment to complete our survey below to tell us about your experience with this specific interaction.
Were you satisfied with the support provided?
 Yes
 No
Thank you for selling with Amazon,
Daniel R.
Amazon.com Seller Support
=======================================
MORE WAYS TO GET HELP:
Visit our Seller Forums for help from other sellers: http://sellercentral.amazon.com/forums
Browse all Seller Help topics: http://sellercentral.amazon.com/gp/help
To contact us again about this issue, please use the Contact Us form in Seller Central using the following link:
https://sellercentral.amazon.com/cu/case-dashboard/view-case?caseID=20858098381
Pl",2026-07-18 06:12:02,RETR,xtbBswUmDGpLPqVfUQAA3o
产品链接/合规类,older,account_4,weihaizhongxin2024@126.com,"Fri, 3 Jul 2026 06:41:28 +0000",Amazon Seller Support <merch.service05@amazon.com>,"RE:[CASE 20858098381] US - Food and Product Safety - ASIN:
 B0DD7R3PPG",,"96
RE:[CASE 20858098381] US - Food and Product Safety - ASIN: B0DD7R3PPG
Hello from Amazon Selling Partner Support,
We are writing regarding your dispute for ASIN B0DD7R3PPG (SKU: aadw) — Children Painting Set, which was suppressed due to the non-submission of required details to the Testing Inspection Certification (TIC) team for a non-compliant product with a ""New"" TRF status.
We have received the supporting documents you provided, including the product PDF and Safety Data Sheet, and have escalated this matter to the appropriate internal team for further investigation. The case is currently pending their review, and we will follow up with you as soon as we have an update.
In the meantime, to support reinstatement, please review the details in your Account Health Dashboard under Performance Notifications and work with the Testing Inspection Certification (TIC) team as outlined in the following help page:
https://sellercentral.amazon.com/help/hub/reference/external/GKJRA3FRPRKVBJJS?locale=en-US
You may also refer to the TIC help page:
https://sellercentral.amazon.com/help/hub/reference/external/GUTZ2R2DD6P2UMVB?locale=en-US
To help us continually improve, we ask that you take a mom",2026-07-18 06:11:53,RETR,xtbBshzpz2pHWZxSnQAA3v
产品链接/合规类,older,account_4,weihaizhongxin2024@126.com,"Thu, 2 Jul 2026 14:09:44 +0000",Amazon Europe <donotreply@amazon.com>,"Seller Assistant is now live in France, Italy & Spain",,"96
 AI-powered assistance is now available in Seller Central to help you manage your business more efficiently.
 Hello,
 Managing your business on Amazon just got easier.
 Seller Assistant is now available in FRITES within Seller Central. This AI-powered assistant helps you find relevant information, access insights, and manage your business more efficiently, directly where you already work.
 Seller Assistant provides guidance on our tools, policies, and processes using information available across Seller Central, along with personalized responses based on your account data. This allows you to quickly surface insights related to your business performance, inventory planning, listing, compliance, and account health without navigating multiple pages.
 Seller Assistant is designed to reduce effort in day-to-day business management and support faster, more informed decision-making.
 Try Seller Assistant
 Start using Seller Assistant to get quick answers to business questions, such as:
- How is my business performing?
- Which products should I restock to avoid going out of stock?
- Are there any compliance issues with my current listings?
- What actions can I take to improve my account ",2026-07-18 06:11:52,RETR,xtbBsgqSeGpGcSqS-QAA3K
产品链接/合规类,older,account_4,weihaizhongxin2024@126.com,"Wed, 1 Jul 2026 13:15:52 +0000",Sell with Amazon <no-reply@sell.amazon.com>,"The Amazon Accelerate 2026 speaker lineup is here! Register now to
 save $100",,"[Amazon logo](https://go.amazonsellerservices.com/e/229492/-ld-EM/7z49sbm/6744236849/h/wes7VJdAGIYNS4DfvXPWWwdvIH7_mIadF_Oxp_jSZW8)
[Speakers at Accelerate](https://go.amazonsellerservices.com/e/229492/-medium-email-utm-source-email/7z49sbq/6744236849/h/wes7VJdAGIYNS4DfvXPWWwdvIH7_mIadF_Oxp_jSZW8)
Meet the leaders building for seller success
At Accelerate, you won't just hear about what's coming. You'll ask questions, share feedback, and have real conversations with the people building the tools and programs that power your business. This is face-to-face time you can't get anywhere else.
Join us from September 22 to 24 in Seattle to connect with them directly.
[Register now](https://go.amazonsellerservices.com/e/229492/-medium-email-utm-source-email/7z49sbq/6744236849/h/wes7VJdAGIYNS4DfvXPWWwdvIH7_mIadF_Oxp_jSZW8)
""We've attended Amazon Accelerate since the beginning, and every year it gets more focused and valuable. We leave with clear action items, and each time we've seen a direct impact on revenue as a result.""
2025 attendee
Introducing some of the speakers you'll hear from:
[A checkmark icon]
Mary Beth Westmoreland, Vice President, Selling Partner Experience
Mary Beth's teams ",2026-07-18 06:11:46,RETR,xtbBpQyzmWpFEww+xgAA3L
产品链接/合规类,older,account_4,weihaizhongxin2024@126.com,"Tue, 30 Jun 2026 04:09:19 +0000","""seller.service05@amazon.com"" <seller.service05@amazon.com>","[Case ID 20858098381] *UPDATE* US - Food and Product Safety - ASIN:
 B0DD7R3PPG",,"96
[Case ID 20858098381] *UPDATE* US - Food and Product Safety - ASIN: B0DD7R3PPG
 Hello,
Thanks for your continued patience. We are currently researching your issue in partnership with the responsible team. We'll provide an update as soon as any additional information is available.
 Copyright 2026 Amazon, Inc, or its affiliates. All rights reserved.
 Amazon.com, 410 Terry Avenue North, Seattle, WA 98109-5210
 SPC-USAmazon-1759220830316787",2026-07-18 06:11:40,RETR,xtbBpRPXvWpDQXO9RAAA3+
产品链接/合规类,older,account_4,weihaizhongxin2024@126.com,"Wed, 24 Jun 2026 04:08:32 +0000","""seller.service05@amazon.com"" <seller.service05@amazon.com>","[Case ID 20858098381] *UPDATE* US - Food and Product Safety - ASIN:
 B0DD7R3PPG",,"96
[Case ID 20858098381] *UPDATE* US - Food and Product Safety - ASIN: B0DD7R3PPG
 Hello,
Thanks for your continued patience. We are currently researching your issue in partnership with the responsible team. We'll provide an update as soon as any additional information is available.
 Copyright 2026 Amazon, Inc, or its affiliates. All rights reserved.
 Amazon.com, 410 Terry Avenue North, Seattle, WA 98109-5210
 SPC-USAmazon-967572456476444",2026-07-18 06:11:13,RETR,xtbBswSQdmo7WER5igAA3v
产品链接/合规类,older,account_4,weihaizhongxin2024@126.com,"Tue, 23 Jun 2026 02:52:15 +0000","""cscompliance-docreview-seller@amazon.com"" <cscompliance-docreview-seller@amazon.com>","SELLER: A192R36HNXVJ38, ASIN: B0FCDRNTT8, MARKETPLACE: 1 - CSC -
 DOC REVIEW",,"96
SELLER: A192R36HNXVJ38, ASIN: B0FCDRNTT8, MARKETPLACE: 1 - CSC - DOC REVIEW
 Do not reply back to this e-mail!
Hello,
Thank you for submitting a document to the Chemical Safety Compliance Team.
The ASIN has been marked as compliant in our systems and will be reclassified in the shortest time possible.
No further action is required on your part in this matter.
We appreciate your prompt cooperation.
Thank you,
dheerann
Amazon
 Copyright 2026 Amazon, Inc, or its affiliates. All rights reserved.
 Amazon.com, 410 Terry Avenue North, Seattle, WA 98109-5210
 SPC-USAmazon-351845946590513",2026-07-18 06:10:59,RETR,xtbBsgJeRGo59OLh1gAA3Y
产品链接/合规类,older,account_4,weihaizhongxin2024@126.com,"Fri, 19 Jun 2026 12:40:58 +0000",Fulfilment by Amazon Operations <fba-noreply@amazon.lu>,Your Amazon-Fulfilled Inventory - Action Required,,"Dear Seller,
You recently received a notice concerning the removal of your listing(s) for the product(s) below due to a safety recall.
Please create a removal request for the ASIN(s) listed below to have your inventory sent to a location of your choice. If this inventory is not removed within 30 days of this notification (by 18/07/2026), we shall dispose of it in accordance with our FBA policies.
For more information regarding the removal of this product, see the notification e-mail you received from our Seller Performance Team.
Thank you for your prompt attention to this matter.
Yours faithfully,
Fulfilment by Amazon Team
Please note: this e-mail was sent from a notification-only address that cannot accept incoming e-mail. Please do not reply to this message.
Affected Product(s):
B0F23SWF2P
 SPC-EUAmazon-2163840548177725",2026-07-18 06:10:45,RETR,xtbBsx0tE2o1ON1lPQAA3y
产品链接/合规类,older,account_4,weihaizhongxin2024@126.com,"Fri, 19 Jun 2026 08:56:40 +0000",Amazon Europe <donotreply@amazon.com>,Submit missing VAT Registration Information,,"Amazon Services
 96
 Submit missing VAT Registration Information
 Hello,
 We are reaching out as we have identified that the following VAT registration information is missing in your Seller Central account:
 Country
 Details
 Czech Republic
 Ship from Place of Establishment
 Spain
 Ship from Place of Establishment
 Italy
 Ship from Place of Establishment
 Amazon requires Selling Partners to submit valid VAT Registration Numbers, to ensure compliance with tax requirements.
 What actions do I need to take?
 To avoid any impact to your account, we encourage you to submit this information at your earliest convenience. In your “Tax Settings” page , in Seller Central:
 1. Add a valid VAT registration number for the countries listed above , with an address linked to those VRNs and with address nature assigned.
 2. Verify that all your Tax Information in Seller Central matches the information provided to the Tax Authorities .
 Provide my VAT information
 We recommend that you contact your tax advisor to understand your obligations in each country that you sell in.
Make sure you always keep your Tax Information up-to-date in Seller Central, for all the countries in which you have an obligat",2026-07-18 06:10:44,RETR,xtbBsgz74Wo1BEwuCwAA3W
产品链接/合规类,older,account_4,weihaizhongxin2024@126.com,"Fri, 19 Jun 2026 08:39:22 +0000",Amazon Europe <donotreply@amazon.com>,Submit missing VAT Registration Information,,"Amazon Services
 96
 Submit missing VAT Registration Information
 Hello,
 We are reaching out as we have identified that the following VAT registration information is missing in your Seller Central account:
 Country
 Details
 Czech Republic
 Ship from Place of Establishment
 Spain
 Ship from Place of Establishment
 Italy
 Ship from Place of Establishment
 Amazon requires Selling Partners to submit valid VAT Registration Numbers, to ensure compliance with tax requirements.
 What actions do I need to take?
 To avoid any impact to your account, we encourage you to submit this information at your earliest convenience. In your “Tax Settings” page , in Seller Central:
 1. Add a valid VAT registration number for the countries listed above , with an address linked to those VRNs and with address nature assigned.
 2. Verify that all your Tax Information in Seller Central matches the information provided to the Tax Authorities .
 Provide my VAT information
 We recommend that you contact your tax advisor to understand your obligations in each country that you sell in.
Make sure you always keep your Tax Information up-to-date in Seller Central, for all the countries in which you have an obligat",2026-07-18 06:10:44,RETR,xtbBpBz23Go1ADwCfQAA3O
产品链接/合规类,older,account_4,weihaizhongxin2024@126.com,"Thu, 18 Jun 2026 10:15:17 +0000",Amazon Europe <donotreply@amazon.com>,Submit EPR registration numbers by June 30,,"96
 You’ll be enrolled in EPR Pay on Behalf unless you provide valid Extended Producer Responsibility registration numbers by June 30
                                                     ‍͏  ͏  ‍͏  ͏  ‍͏  ͏  ‍͏  ͏  ‍͏  ͏  ‍͏  ͏  ‍͏  ͏  ‍͏  ͏  ‍͏  ͏  ‍͏  ͏  ‍͏  ͏  ‍͏  ͏  ‍͏  ͏  ‍͏  ͏  ‍͏  ͏  ‍͏  ͏  ‍͏  ͏  ‍͏  ͏  ‍͏  ͏  ‍͏  ͏  ‍͏  ͏  ‍͏  ͏  ‍͏  ͏  ‍͏  ͏  ‍͏  ͏  ‍͏  ͏  ‍͏  ͏  ‍͏  ͏  ‍͏  ͏  ‍͏  ͏  ‍͏  ͏  ‍͏  ͏  ‍͏  ͏  ‍͏  ͏  ‍͏  ͏  ‍͏  ͏  ‍͏  ͏  ‍͏  ͏  ‍͏  ͏ ͏‌ ­ ­ ­ ­ ͏‌ ­ ­ ­ ­ ͏‌ ­ ­ ­ ­ ͏‌ ­ ­ ­ ­ ͏‌ ­ ­ ­ ­ ͏‌ ­ ­ ­ ­ ͏‌ ­ ­ ­ ­ ͏‌ ­ ­ ­ ­ ͏‌ ­ ­ ­ ­ ͏‌ ­ ­ ­ ­ ͏‌ ­ ­ ­ ­ ͏‌ ­ ­ ­ ­ ͏‌ ­ ­ ­ ­ ͏‌ ­ ­ ­ ­ ͏‌ ­ ­ ­ ­ ͏‌ ­ ­ ­ ­ ͏‌ ­ ­ ­ ­ ͏‌ ­ ­ ­ ­ ͏‌ ­ ­ ­ ­ ͏‌ ­ ­ ­ ­ ͏‌ ­ ­ ­ ­ ͏‌ ­ ­ ­ ­ ͏‌ ­ ­ ­ ­ ͏‌ ­ ­ ­ ­ ͏‌ ­ ­ ­ ­ ͏‌ ­ ­ ­ ­ ͏‌ ­ ­ ­ ­ ͏‌ ­ ­ ­ ­ ͏‌ ­ ­ ­ ­ ͏‌ ­ ­ ­ ­ ͏‌ ­ ­ ­ ­ ͏‌ ­ ­ ­ ­ ͏‌ ­ ­ ­ ­ ͏‌ ­ ­ ­ ­ ͏‌ ­ ­ ­ ­ ͏‌ ­ ­ ­ ­ ͏‌ ­ ­ ­ ­ ͏‌ ­ ­ ­ ­ ͏‌ ­ ­ ­ ­ ͏‌ ­ ­ ­ ­ ͏‌ ­ ­ ­ ­ ͏‌ ­ ­ ­ ­ ͏‌ ­ ­ ­ ­ ͏‌ ­ ­ ­ ­ ͏‌ ­ ­ ­ ­ ͏‌ ­ ­ ­ ­ ͏‌ ­ ­ ­ ­ ͏‌ ­ ­ ­ ­ ͏‌ ­ ­ ­ ­ ͏‌ ­ ­ ­ ­ ͏‌ ­ ­ ­ ­ ͏‌ ­ ­ ­ ­ ͏‌ ­ ­ ­ ­ ͏‌ ­ ­ ­ ­ ͏‌ ­ ­ ­ ­ ͏‌ ­ ­ ­ ­ ͏‌ ­ ­ ­ ­ ͏‌ ­ ­ ­ ­ ͏‌ ­ ­ ­ ­ ͏‌ ­ ­ ­ ­ ͏‌ ­ ­ ­ ­ ͏‌ ­ ­ ­ ­ ͏‌ ­ ­ ­ ­ ͏‌ ­ ­ ­ ­ ͏‌ ­ ­ ­ ­
 You’ll be enrolled in EPR",2026-07-18 06:10:40,RETR,xtbBpRfly2ozxTe3HAAA3c
产品链接/合规类,older,account_4,weihaizhongxin2024@126.com,"Thu, 18 Jun 2026 04:34:37 +0000","""ppwr-cn-seller-compliance@amazon.com"" <ppwr-cn-seller-compliance@amazon.com>",RE:[CASE 12309992722] 需要采取行动：请向亚马逊提交您的EPR包装法注册号,,"96
RE:[CASE 12309992722] 需要采取行动：请向亚马逊提交您的EPR包装法注册号
【PPWR法规8月12日生效倒计时两个月合规提醒】
卖家您好，系统数据显示您可能尚未完成PPWR合规。提醒您务必尽快开始行动。如果您被认定为不合规，根据国家/地区不同，亚马逊可能需要停售您的不合规商品。
【您需要完成的事项】
1. 优先完成ES、IE、PL、SE站点的包装法号码注册和上传。上传路径：绩效 → 账户状况 → 监管合规性 → 点击右上角【提交合规信息】→ 选择""EPR合规-包装"" → 上传号码。
2. 西班牙包装法注册需要西班牙本地税号，您目前可能尚未持有。请立刻开始注册流程，以确保尽快完成合规。
【资源链接】
- 服务商网络PPWR专属页面： https://spn.globalsellingcommunity.cn/dynamicMarketingLanding?id=16&launchPositionCode=5PCR95
- 通过合规服务商城寻找服务提供商为您完成 ERN 号码注册以及后续申报缴费: https://sellercentral-europe.amazon.com/service-hub?ref=CNPPWR
- PPWR合规操作手册： https://m.media-amazon.com/images/G/01/CN_Compliance_Team/PPWR_Compliance_Guidebook.pdf
如有疑问，请扫码加入亚马逊卖家合规群：
 https://m.media-amazon.com/images/G/01/CN_Compliance_Team/mass_wecom_yt.jpg
To contact us again about this issue, please use the Contact Us form in Seller Central using the following link:
 https://sellercentral-europe.amazon.com/cu/case-dashboard/view-case?caseID=12309992722
Please note: this e-mail was sent from a notification-only address that cannot accept incoming e-mail. Please do not reply to this message.
 Copyright 2026 Amazon, Inc, or its affiliates. All rights reserved.
 Amazon EU S.à r.l.
38 avenue John F. Kennedy
L-1855 Luxembou",2026-07-18 06:10:38,RETR,xtbBswDcwmozdWAk6QAA3s
法务/侵权类,older,account_4,weihaizhongxin2024@126.com,"Thu, 9 Jul 2026 22:17:55 +0000",Amazon Seller Central <donotreply@amazon.com>,"Your Amazon.ca Fulfillment by Amazon Merchant Credit Note for
 6/2026",,"Your Amazon.ca Fulfillment by Amazon Merchant Credit Note for 6/2026
 96
Hello,
We are writing to inform you that your electronic Fulfillment by Amazon Merchant Credit Note for the month of 6/2026 is now available in your Seller Central Account.
To access your invoice, go to your Tax Document Library . In your Tax Document Library, you will be able to view, download or print your invoice.
The Amazon Services Team
 Monsieur/Madame Shen zhen shi wei hai zhong xin ke ji you xian,
Nous vous écrivons pour vous informer que votre Avoir Expédié Par Amazon pour le mois de 6/2026 est maintenant disponible dans votre compte Seller Central.
Pour accéder à votre avoir, rendez-vous sur votre compte Seller Central et veuillez accéder à la page Rapports > Bibliothèque d'informations fiscales > Factures des frais du vendeur.
Dans votre compte Seller Central, vous pourrez afficher, télécharger ou imprimer votre avoir.
Pour toute question, contactez le Support Vendeur.
Cordialement,
Amazon.ca
 Report an issue with this email
 If you have any questions visit: Seller Central
 To change your email preferences visit: Notification Preferences
 We hope you found this message to be useful. However, if you'",2026-07-18 06:12:43,RETR,xtbBshc7IWpQHhcCzwAA3B
法务/侵权类,older,account_4,weihaizhongxin2024@126.com,"Thu, 9 Jul 2026 15:24:05 +0000",Amazon Seller Central <donotreply@amazon.com>,Your Amazon.ca Fulfillment by Amazon Merchant Invoice for 6/2026,,"Your Amazon.ca Fulfillment by Amazon Merchant Invoice for 6/2026
 96
Hello,
We are writing to inform you that your electronic Fulfillment by Amazon Merchant Invoice for the month of 6/2026 is now available in your Seller Central Account.
To access your invoice, go to your Tax Document Library . In your Tax Document Library, you will be able to view, download or print your invoice.
The Amazon Services Team
 Monsieur/Madame Shen zhen shi wei hai zhong xin ke ji you xian,
Nous vous écrivons pour vous informer que votre Facture Expédié Par Amazon pour le mois de 6/2026 est maintenant disponible dans votre compte Seller Central.
Pour accéder à votre facture, rendez-vous sur votre compte Seller Central et veuillez accéder à la page Rapports > Bibliothèque d'informations fiscales > Factures des frais du vendeur.
Dans votre compte Seller Central, vous pourrez afficher, télécharger ou imprimer votre facture.
Pour toute question, contactez le Support Vendeur.
Cordialement,
Amazon.ca
 Report an issue with this email
 If you have any questions visit: Seller Central
 To change your email preferences visit: Notification Preferences
 We hope you found this message to be useful. However, if you'd ",2026-07-18 06:12:42,RETR,xtbBpBnjyWpPvRlbNAAA35
法务/侵权类,older,account_4,weihaizhongxin2024@126.com,"Thu, 9 Jul 2026 14:31:47 +0000",Amazon Services <donotreply@amazon.com>,Pagamento elaborato con successo,,"96
This title will display on mobile devices
 Congratulazioni. Il pagamento è stato elaborato con successo e ti sarà accreditato a breve.
 Tentativo di pagamento
Congratulazioni Weihai EU! Il pagamento è stato elaborato con successo e ti sarà accreditato nel giro di da tre a cinque giorni.
In data 07/09/26 14:31 CEST, abbiamo avviato un trasferimento sul tuo metodo di pagamento (conto bancario che termina con 229) dell’importo di €
 219,21.
 Se l’importo è inferiore a quanto atteso, tieni in considerazione le seguenti domande:
 Hai un saldo non disponibile? Amazon potrebbe trattenere una certa somma per coprire i costi di eventuali resi, reclami o contestazioni di una transazione (chargeback) da parte degli acquirenti. In questo caso, il saldo finale nel tuo report sui pagamenti mostrerà il saldo non disponibile corrispondente alla cifra trattenuta.
 Le tue vendite coprono tutte le commissioni e i resi per questo ciclo di fatturazione? L’importo del pagamento rispecchia le attività di vendita, le commissioni di vendita e le tariffe per promozioni o servizi. Ti consigliamo di rivedere il report sui pagamenti nella scheda Report di Seller Central per comprendere le diverse spese che ",2026-07-18 06:12:41,RETR,xtbBpBnQtmpPsNkYtgAA35
法务/侵权类,older,account_4,weihaizhongxin2024@126.com,"Wed, 8 Jul 2026 23:30:27 +0000",Amazon Services <donotreply@amazon.com>,"Reactiva tus listings en la UE: se requiere el cumplimiento del
 Reglamento relativo a la seguridad general de los productos",,"96
 Reactiva tus listings en la UE: se requiere el cumplimiento del Reglamento relativo a la seguridad general de los productos
 Hola, Weihai EU:
 Algunos de los listings de nuestras tiendas de la UE se han desactivado debido a que falta información de cumplimiento normativo obligatoria. Esta medida no afecta al estado de tu cuenta.
 Encontrarás ejemplos de listings desactivados al final de este correo electrónico y la lista completa en la página ""Estado de la cuenta"". Revisa los listings afectados y siguientes pasos para cumplir los requisitos del Reglamento relativo a la seguridad general de los productos que se indican a continuación.
 Presentar información sobre cumplimiento normativo
 Presentar información sobre cumplimiento normativo
 ¿Cómo puedo reactivar mis listings?
 Para reactivar tus listings, proporciona la información obligatoria del Reglamento relativo a la seguridad general de los productos. Para ello, sigue las instrucciones que se indican a continuación:
-
 Ve a la página ""Estado de la cuenta"" .
- Selecciona ""Añadir filtros"" y marca ""Listing retirado"" en la columna ""Filtrar según las medidas tomadas"".
- Haz clic en ""Enviar"" junto al listing desactivado y sigue las",2026-07-18 06:12:38,RETR,xtbBsxfKsGpO3ZePfwAA3A
法务/侵权类,older,account_4,weihaizhongxin2024@126.com,"Wed, 8 Jul 2026 20:04:53 +0000",Amazon Services <donotreply@amazon.com>,Activeer je EU-productvermeldingen opnieuw - VAPV-naleving vereist,,"96
 Activeer je EU-productvermeldingen opnieuw - VAPV-naleving vereist
 Hallo Weihai EU,
 Sommige van je productvermeldingen zijn gedeactiveerd in onze stores van de Europese Unie (EU) omdat er nalevingsinformatie ontbreekt. Deze actie heeft geen invloed op je accountstatus.
 Onderaan deze e-mail vind je voorbeelden van je gedeactiveerde productvermeldingen. De volledige lijst staat op je pagina Accountstatus. Bekijk hieronder de betroffen productvermeldingen en de stappen die je moet volgen om te voldoen aan de vereisten van de Verordening algemene productveiligheid (VAPV).
 Nalevingsinformatie indienen
 Nalevingsinformatie indienen
 Hoe activeer ik mijn productvermeldingen opnieuw?
 Als je je productvermeldingen opnieuw wilt activeren, moet je de vereiste nalevingsinformatie met betrekking tot de VAPV verstrekken door de onderstaande instructies te volgen:
-
 Ga naar je pagina Accountstatus .
- Selecteer ‘Filters toevoegen’ en vink ‘Verwijderde productvermelding’ aan in de kolom ‘Filteren op ondernomen actie’.
- Klik op ‘Indienen’ naast de gedeactiveerde productvermelding en volg de instructies.
- Volg de stappen op Onderdrukte productvermeldingen om openstaande problemen met de ",2026-07-18 06:12:37,RETR,xtbBpAmzmWpOrWkgXgAA3Z
法务/侵权类,older,account_4,weihaizhongxin2024@126.com,"Wed, 8 Jul 2026 15:47:06 +0000",Amazon Services <donotreply@amazon.com>,Umożliw ponowną aktywację ofert w UE – wymagana zgodność z rozporządzeniem w sprawie ogólnego bezpieczeństwa produktów,,"96
 Umożliw ponowną aktywację ofert w UE – wymagana zgodność z rozporządzeniem w sprawie ogólnego bezpieczeństwa produktów
 Dzień dobry Weihai EU,
 Niektóre z Twoich ofert zostały zdezaktywowane w naszych sklepach w Unii Europejskiej (UE) z powodu braku informacji o zgodności z wymogami. Działania te nie mają wpływu na kondycję Twojego konta.
 Przykłady zdezaktywowanych ofert znajdziesz na dole tej wiadomości e-mail. Aby wyświetlić ich pełną listę, przejdź na stronę „Kondycja konta”. Aby spełnić wymogi rozporządzenia w sprawie ogólnego bezpieczeństwa produktów, zapoznaj się z poniższymi ofertami i dalszymi działaniami do wykonania.
 Prześlij informacje dotyczące zgodności z wymogami
 Prześlij informacje dotyczące zgodności z wymogami
 Jak mogę ponownie aktywować oferty produktów?
 Aby ponownie aktywować oferty, dostarcz obowiązkowe informacje dotyczące zgodności z rozporządzeniem w sprawie ogólnego bezpieczeństwa produktów, postępując zgodnie z poniższymi instrukcjami:
-
 Przejdź na stronę Kondycja konta .
- Wybierz „Dodaj filtry” i w kolumnie „Filtruj według podjętego działania” zaznacz pole „Usunięto ofertę”.
- Obok zdezaktywowanej oferty produktu kliknij „Prześlij” i postępuj zg",2026-07-18 06:12:36,RETR,xtbBsx6Jb2pOcP5uUgAA3d
法务/侵权类,older,account_4,weihaizhongxin2024@126.com,"Wed, 8 Jul 2026 14:10:23 +0000",Luana Camargo <notifications@insgly.net>,Worten Marketplace - Portugal y España,,"Hola Weihai EU,
Soy Luana Camargo, Business Developer en Worten worten.pt / worten.es , el mayor marketplace de Portugal.
Nuestro equipo de análisis ha señalado que una asociación con usted sería una gran oportunidad para ambos.
¿Estaría disponible para una reunión online esta semana?
Acerca de Worten - Somos el líder del mercado portugués:
- Nº 1 del comercio electrónico portugués
- Sitio web con mayor tráfico de Portugal (más de 10 millones de visitas al mes) - Ranking de mercado
- Más de 200 tiendas físicas en Portugal y España, proporcionando una oportunidad omnicanal
- Plataforma de gestión: Mirakl (se puede integrar manualmente o vía API)
- Sin costes iniciales - 6 meses
Estaré encantado de ayudarle si tiene alguna pregunta.
Muchas gracias,
Saludos Cordiales",2026-07-18 06:12:35,RETR,xtbBpBPYvmpOWlP9KAAA3p
法务/侵权类,older,account_4,weihaizhongxin2024@126.com,"Wed, 8 Jul 2026 12:46:14 +0000",Amazon Services <donotreply@amazon.com>,Återaktivera dina EU-produktposter – GPSR-efterlevnad krävs,,"96
 Återaktivera dina EU-produktposter – GPSR-efterlevnad krävs
 Hej Weihai EU!
 Vissa av dina produktposter har inaktiverats i våra butiker inom Europeiska unionen (EU) på grund av att information om överensstämmelse saknas. Den här åtgärden påverkar inte din kontostatus.
 Du hittar exempel på de produktposter som har inaktiverats längst ner i detta e-postmeddelande, och hela listan finns på sidan Kontostatus. Granska de berörda produktposterna och nästa steg för att uppfylla kraven i Förordningen om allmän produktsäkerhet (GPSR) nedan.
 Skicka in information om överensstämmelse
 Skicka in information om överensstämmelse
 Hur återaktiverar jag mina produktposter?
 Om du vill återaktivera dina produktposter behöver du ange den efterfrågade GPSR-informationen om överensstämmelse genom att följa anvisningarna nedan:
-
 Gå till sidan Kontostatus .
- Välj Lägg till filter och markera Produktpost borttagen i kolumnen Filtrera efter vidtagen åtgärd.
- Klicka på Skicka in bredvid den inaktiverade produktposten och följ instruktionerna.
- Följ stegen på Dolda produktposter för att åtgärda eventuella kvarstående problem med produktposter. Befintliga problem förhindrar att produktposter åter",2026-07-18 06:12:34,RETR,xtbBpRrly2pORppQ2wAA3i
法务/侵权类,older,account_4,weihaizhongxin2024@126.com,"Wed, 8 Jul 2026 10:28:11 +0000",Amazon Services <donotreply@amazon.com>,Riattivare le offerte nell'UE - Richiesta la conformità al Regolamento sulla sicurezza generale dei prodotti,,"96
 Riattivare le offerte nell'UE - Richiesta la conformità al Regolamento sulla sicurezza generale dei prodotti
 Gentile Weihai EU,
 Alcune delle tue offerte sono state disattivate nei nostri negozi dell'Unione europea a causa della mancanza di informazioni relative alla conformità. Questa azione non avrà alcun impatto sullo stato del tuo account.
 Puoi trovare esempi delle tue offerte disattivate in fondo a questa e-mail e l'elenco completo nella pagina Stato dell'account. Rivedi le offerte interessate e i passaggi successivi per soddisfare i requisiti del Regolamento sulla sicurezza generale dei prodotti riportati di seguito.
 Inviare le informazioni sulla conformità
 Inviare le informazioni sulla conformità
 Come faccio a riattivare le mie offerte?
 Per riattivare le offerte, fornisci le informazioni richieste relative alla conformità al regolamento sulla sicurezza generale dei prodotti seguendo le istruzioni riportate di seguito:
-
 Vai alla pagina Stato dell'account .
- Seleziona ""Aggiungi filtri"" e quindi ""Offerta rimossa"" nella colonna ""Filtra per azione intrapresa"".
- Clicca su ""Invia"" accanto all'offerta disattivata e segui le istruzioni fornite.
- Segui la procedura indi",2026-07-18 06:12:33,RETR,xtbBswLHrWpOJkLsRgAA3x
法务/侵权类,older,account_4,weihaizhongxin2024@126.com,"Wed, 8 Jul 2026 09:08:55 +0000",Amazon Services <donotreply@amazon.com>,Réactivez vos mises en vente dans l’UE – Conformité au RSGP requise,,"96
 Réactivez vos mises en vente dans l’UE – Conformité au RSGP requise
 Bonjour Weihai EU,
 Certaines de vos mises en vente ont été désactivées de nos boutiques en Union européenne (UE) en raison d’informations de conformité manquantes. Cette action n’affecte pas l’état de votre compte.
 Vous trouverez des exemples de vos mises en vente désactivées à la fin de cet e-mail, et la liste complète sur votre page État du compte. Passez en revue les mises en vente concernées et les étapes à suivre pour respecter les exigences du Règlement relatif à la sécurité générale des produits (RSGP) ci-dessous.
 Soumettre des informations de conformité
 Soumettre des informations de conformité
 Comment réactiver mes produits mis en vente ?
 Pour réactiver vos mises en vente, fournissez les informations de conformité pour la RSGP requises en suivant les instructions ci-dessous :
-
 Accédez à votre page État du compte .
- Cliquez sur « Ajouter des filtres » et cochez « Mise en vente supprimée » dans la colonne « Filtrer par action prise ».
- Cliquez sur « Soumettre » à côté du produit mis en vente désactivé et suivez les instructions fournies.
- Suivez les étapes de la section Mise en vente supprimée",2026-07-18 06:12:33,RETR,xtbBpQkdA2pOE6mb5gAA3R
法务/侵权类,older,account_4,weihaizhongxin2024@126.com,"Wed, 8 Jul 2026 08:53:55 +0000",亚马逊卖家平台通知 <donotreply@amazon.com>,解决定价错误以重新启售停售商品,,"96
 因错价而被禁止显示
 我们检测到您的 amazon.de 商品信息中可能存在错价。
 商品因疑似定价错误而被停售
 尊敬的销售伙伴：
您好！
 由于发现定价错误，或者根据亚马逊 商城公平定价政策 的规定，我们已停售本邮件列出的商品。您可以访问卖家平台中的 定价状况 页面，查看更多信息并采取措施重新启售这些商品。
 重新启售停售商品
 ASIN
 SKU
 商品名称
 价格
 B0H11D2KV8
 WH-DE-0508-HCGDVE-01
 62 PCS Eisenbahn Cube Track, 3D Schwerkrafttrotzendes Zug Set, DIY Zugstrecken Spielzeug, STEM Lernspielzeug & Geschenkidee für Kinder 3–8 Jahre, Kreatives Bauen Spielzeug
 €19.95
 定价错误示例包括定价低于您指定的“您的最低价格”或高于您指定的“您的最高价格”的商品，或者定价明显高于亚马逊商城或其他平台近期提供的价格。卖家需要自行在亚马逊商城上设置价格。我们会尽可能分享相应商品的参考价，帮助您了解买家期望的有代表性的商品价格范围。
 如果您认为我们采取此措施有误，或者您对此有疑问或需要帮助，请点击卖家平台顶部的“帮助”链接。
 顺祝商祺！
 亚马逊开店服务
 报告此电子邮件的问题
 如果您有任何问题，请访问: Seller Central
 要更改您的电子邮件首选项，请访问： 通知首选项
 2026 Amazon.com 旗下公司 保留所有权利
 Amazon EU S.à r.l.
38 avenue John F. Kennedy,
L-1855 Luxembourg,
注册于卢森堡，
注册编号 B-101818，
股本 165.833 欧元，
营业执照编号： 134248，
卢森堡增值税注册编号 LU 20260743。
 SPC-EUAmazon-1249046879887743",2026-07-18 06:12:33,RETR,xtbBpAY7IWpOECZyHQAA3F
法务/侵权类,older,account_4,weihaizhongxin2024@126.com,"Tue, 7 Jul 2026 20:45:55 +0000",Amazon Services <donotreply@amazon.com>,"Reactiva tus listings en la UE: se requiere el cumplimiento del
 Reglamento relativo a la seguridad general de los productos",,"96
 Reactiva tus listings en la UE: se requiere el cumplimiento del Reglamento relativo a la seguridad general de los productos
 Hola, Weihai EU:
 Algunos de los listings de nuestras tiendas de la UE se han desactivado debido a que falta información de cumplimiento normativo obligatoria. Esta medida no afecta al estado de tu cuenta.
 Encontrarás ejemplos de listings desactivados al final de este correo electrónico y la lista completa en la página ""Estado de la cuenta"". Revisa los listings afectados y siguientes pasos para cumplir los requisitos del Reglamento relativo a la seguridad general de los productos que se indican a continuación.
 Presentar información sobre cumplimiento normativo
 Presentar información sobre cumplimiento normativo
 ¿Cómo puedo reactivar mis listings?
 Para reactivar tus listings, proporciona la información obligatoria del Reglamento relativo a la seguridad general de los productos. Para ello, sigue las instrucciones que se indican a continuación:
-
 Ve a la página ""Estado de la cuenta"" .
- Selecciona ""Añadir filtros"" y marca ""Listing retirado"" en la columna ""Filtrar según las medidas tomadas"".
- Haz clic en ""Enviar"" junto al listing desactivado y sigue las",2026-07-18 06:12:32,RETR,xtbBswZoTmpNZYbfaQAA3h
法务/侵权类,older,account_4,weihaizhongxin2024@126.com,"Tue, 7 Jul 2026 18:16:40 +0000",Amazon Services <donotreply@amazon.com>,Activeer je EU-productvermeldingen opnieuw - VAPV-naleving vereist,,"96
 Activeer je EU-productvermeldingen opnieuw - VAPV-naleving vereist
 Hallo Weihai EU,
 Sommige van je productvermeldingen zijn gedeactiveerd in onze stores van de Europese Unie (EU) omdat er nalevingsinformatie ontbreekt. Deze actie heeft geen invloed op je accountstatus.
 Onderaan deze e-mail vind je voorbeelden van je gedeactiveerde productvermeldingen. De volledige lijst staat op je pagina Accountstatus. Bekijk hieronder de betroffen productvermeldingen en de stappen die je moet volgen om te voldoen aan de vereisten van de Verordening algemene productveiligheid (VAPV).
 Nalevingsinformatie indienen
 Nalevingsinformatie indienen
 Hoe activeer ik mijn productvermeldingen opnieuw?
 Als je je productvermeldingen opnieuw wilt activeren, moet je de vereiste nalevingsinformatie met betrekking tot de VAPV verstrekken door de onderstaande instructies te volgen:
-
 Ga naar je pagina Accountstatus .
- Selecteer ‘Filters toevoegen’ en vink ‘Verwijderde productvermelding’ aan in de kolom ‘Filteren op ondernomen actie’.
- Klik op ‘Indienen’ naast de gedeactiveerde productvermelding en volg de instructies.
- Volg de stappen op Onderdrukte productvermeldingen om openstaande problemen met de ",2026-07-18 06:12:32,RETR,xtbBsxmkimpNQpl5egAA37
法务/侵权类,older,account_4,weihaizhongxin2024@126.com,"Tue, 7 Jul 2026 14:45:21 +0000",Amazon Services <donotreply@amazon.com>,Umożliw ponowną aktywację ofert w UE – wymagana zgodność z rozporządzeniem w sprawie ogólnego bezpieczeństwa produktów,,"96
 Umożliw ponowną aktywację ofert w UE – wymagana zgodność z rozporządzeniem w sprawie ogólnego bezpieczeństwa produktów
 Dzień dobry Weihai EU,
 Niektóre z Twoich ofert zostały zdezaktywowane w naszych sklepach w Unii Europejskiej (UE) z powodu braku informacji o zgodności z wymogami. Działania te nie mają wpływu na kondycję Twojego konta.
 Przykłady zdezaktywowanych ofert znajdziesz na dole tej wiadomości e-mail. Aby wyświetlić ich pełną listę, przejdź na stronę „Kondycja konta”. Aby spełnić wymogi rozporządzenia w sprawie ogólnego bezpieczeństwa produktów, zapoznaj się z poniższymi ofertami i dalszymi działaniami do wykonania.
 Prześlij informacje dotyczące zgodności z wymogami
 Prześlij informacje dotyczące zgodności z wymogami
 Jak mogę ponownie aktywować oferty produktów?
 Aby ponownie aktywować oferty, dostarcz obowiązkowe informacje dotyczące zgodności z rozporządzeniem w sprawie ogólnego bezpieczeństwa produktów, postępując zgodnie z poniższymi instrukcjami:
-
 Przejdź na stronę Kondycja konta .
- Wybierz „Dodaj filtry” i w kolumnie „Filtruj według podjętego działania” zaznacz pole „Usunięto ofertę”.
- Obok zdezaktywowanej oferty produktu kliknij „Prześlij” i postępuj zg",2026-07-18 06:12:31,RETR,xtbBpQMyGGpNEQNFOwAA3H
法务/侵权类,older,account_4,weihaizhongxin2024@126.com,"Tue, 7 Jul 2026 12:00:55 +0000",Amazon Services <donotreply@amazon.com>,Återaktivera dina EU-produktposter – GPSR-efterlevnad krävs,,"96
 Återaktivera dina EU-produktposter – GPSR-efterlevnad krävs
 Hej Weihai EU!
 Vissa av dina produktposter har inaktiverats i våra butiker inom Europeiska unionen (EU) på grund av att information om överensstämmelse saknas. Den här åtgärden påverkar inte din kontostatus.
 Du hittar exempel på de produktposter som har inaktiverats längst ner i detta e-postmeddelande, och hela listan finns på sidan Kontostatus. Granska de berörda produktposterna och nästa steg för att uppfylla kraven i Förordningen om allmän produktsäkerhet (GPSR) nedan.
 Skicka in information om överensstämmelse
 Skicka in information om överensstämmelse
 Hur återaktiverar jag mina produktposter?
 Om du vill återaktivera dina produktposter behöver du ange den efterfrågade GPSR-informationen om överensstämmelse genom att följa anvisningarna nedan:
-
 Gå till sidan Kontostatus .
- Välj Lägg till filter och markera Produktpost borttagen i kolumnen Filtrera efter vidtagen åtgärd.
- Klicka på Skicka in bredvid den inaktiverade produktposten och följ instruktionerna.
- Följ stegen på Dolda produktposter för att åtgärda eventuella kvarstående problem med produktposter. Befintliga problem förhindrar att produktposter åter",2026-07-18 06:12:30,RETR,xtbBshuGbGpM6nteQgAA3o
法务/侵权类,older,account_4,weihaizhongxin2024@126.com,"Tue, 7 Jul 2026 09:53:57 +0000",Amazon Services <donotreply@amazon.com>,Riattivare le offerte nell'UE - Richiesta la conformità al Regolamento sulla sicurezza generale dei prodotti,,"96
 Riattivare le offerte nell'UE - Richiesta la conformità al Regolamento sulla sicurezza generale dei prodotti
 Gentile Weihai EU,
 Alcune delle tue offerte sono state disattivate nei nostri negozi dell'Unione europea a causa della mancanza di informazioni relative alla conformità. Questa azione non avrà alcun impatto sullo stato del tuo account.
 Puoi trovare esempi delle tue offerte disattivate in fondo a questa e-mail e l'elenco completo nella pagina Stato dell'account. Rivedi le offerte interessate e i passaggi successivi per soddisfare i requisiti del Regolamento sulla sicurezza generale dei prodotti riportati di seguito.
 Inviare le informazioni sulla conformità
 Inviare le informazioni sulla conformità
 Come faccio a riattivare le mie offerte?
 Per riattivare le offerte, fornisci le informazioni richieste relative alla conformità al regolamento sulla sicurezza generale dei prodotti seguendo le istruzioni riportate di seguito:
-
 Vai alla pagina Stato dell'account .
- Seleziona ""Aggiungi filtri"" e quindi ""Offerta rimossa"" nella colonna ""Filtra per azione intrapresa"".
- Clicca su ""Invia"" accanto all'offerta disattivata e segui le istruzioni fornite.
- Segui la procedura indi",2026-07-18 06:12:30,RETR,xtbBsxkP9GpMzLld-gAA3h
法务/侵权类,older,account_4,weihaizhongxin2024@126.com,"Tue, 7 Jul 2026 09:08:27 +0000",Amazon Services <donotreply@amazon.com>,Réactivez vos mises en vente dans l’UE – Conformité au RSGP requise,,"96
 Réactivez vos mises en vente dans l’UE – Conformité au RSGP requise
 Bonjour Weihai EU,
 Certaines de vos mises en vente ont été désactivées de nos boutiques en Union européenne (UE) en raison d’informations de conformité manquantes. Cette action n’affecte pas l’état de votre compte.
 Vous trouverez des exemples de vos mises en vente désactivées à la fin de cet e-mail, et la liste complète sur votre page État du compte. Passez en revue les mises en vente concernées et les étapes à suivre pour respecter les exigences du Règlement relatif à la sécurité générale des produits (RSGP) ci-dessous.
 Soumettre des informations de conformité
 Soumettre des informations de conformité
 Comment réactiver mes produits mis en vente ?
 Pour réactiver vos mises en vente, fournissez les informations de conformité pour la RSGP requises en suivant les instructions ci-dessous :
-
 Accédez à votre page État du compte .
- Cliquez sur « Ajouter des filtres » et cochez « Mise en vente supprimée » dans la colonne « Filtrer par action prise ».
- Cliquez sur « Soumettre » à côté du produit mis en vente désactivé et suivez les instructions fournies.
- Suivez les étapes de la section Mise en vente supprimée",2026-07-18 06:12:29,RETR,xtbBpA1hR2pMwg0XfAAA3N
法务/侵权类,older,account_4,weihaizhongxin2024@126.com,"Tue, 7 Jul 2026 05:08:12 +0000",Amazon Seller Central <donotreply@amazon.com>,Your Amazon.co.uk Merchant Credit Note for 6/2026,,"Your Amazon.co.uk Merchant Credit Note for 6/2026
 96
Hello,
We are writing to inform you that your electronic Merchant Credit Note for the month of 6/2026 is now available in your Seller Central Account.
To access your invoice, go to your Tax Document Library . In your Tax Document Library, you will be able to view, download or print your invoice.
The Amazon Services Team
 Report an issue with this email
 If you have any questions visit: Seller Central
 To change your email preferences visit: Notification Preferences
 We hope you found this message to be useful. However, if you'd rather not receive future e-mails of this sort from Amazon.com, please opt-out here.
 Copyright 2026 Amazon, Inc, or its affiliates. All rights reserved.
 Amazon.com, 410 Terry Avenue North, Seattle, WA 98109-5210
 SPC-EUAmazon-650912552430794",2026-07-18 06:12:26,RETR,xtbBpB8-JWpMib8W5gAA3B
法务/侵权类,older,account_4,weihaizhongxin2024@126.com,"Tue, 7 Jul 2026 04:22:50 +0000",Amazon Seller Central <donotreply@amazon.com>,Your Amazon.de Rechnungskorrektur Verkäufer for 6/2026,,"Your Amazon.de Rechnungskorrektur Verkäufer for 6/2026
 96
Guten Tag Shen zhen shi wei hai zhong xin ke ji you xian!
Wir möchten Sie darüber informieren, dass Ihr elektronisches Dokument Rechnungskorrektur Verkäufer für 6.2026 ab sofort in Ihrem Seller Central-Konto verfügbar ist.
Navigieren Sie in Ihrem Seller Central-Konto zu Berichte > Steuerdokumente > Rechnungen über Verkaufsgebühren, um auf Ihr Dokument (Rechnungskorrektur) zuzugreifen.
In Ihrem Seller Central-Konto können Sie Ihr Dokument (Rechnungskorrektur) anzeigen, herunterladen oder ausdrucken.
Wenden Sie sich bei weiteren Fragen bitte an die Verkäuferhilfe.
Freundliche Grüße,
Amazon.de
 Ein Problem mit dieser E-Mail melden
 Bei Fragen besuchen Sie: Seller Central
 Zum Ändern Ihrer E-Mail-Einstellungen, gehen Sie zu: Benachrichtigungseinstellungen
 Wir hoffen, diese Nachricht ist hilfreich für Sie. Falls Sie allerdings in Zukunft keine E-Mails dieser Art von Amazon.de erhalten möchten, melden Sie sich bitte ab.
 Copyright 2026 Amazon Inc. oder Tochtergesellschaften. Alle Rechte vorbehalten.
 Amazon EU S.à r.l.
38 avenue John F. Kennedy,
L-1855 Luxemburg,
Handelsregisternummer Luxemburg: B-101818,
 Gesellschaftskapital: ",2026-07-18 06:12:26,RETR,xtbBpB2UempMfx3GDAAA3Z
法务/侵权类,older,account_4,weihaizhongxin2024@126.com,"Tue, 7 Jul 2026 04:18:37 +0000",Amazon Seller Central <donotreply@amazon.com>,Your Amazon.se Kreditnota Säljare for 6/2026,,"Your Amazon.se Kreditnota Säljare for 6/2026
 96
Hej Shen zhen shi wei hai zhong xin ke ji you xian!
Vi skriver för att informera dig om att din elektroniska Kreditnota Säljare för månaden 6/2026 nu finns tillgänglig på ditt Seller Central-konto.
För att komma åt ditt kreditnotagår du till ditt Seller Central-konto > Rapporter > Bibliotek för skattedokument > Skattefakturor för säljaravgifter.
På ditt Seller Central-konto kan du se, ladda ner eller skriva ut ditt kreditnota.
Om du har några frågor, kontakta säljarsupport.
Vänliga hälsningar,
Amazon.se
 Rapportera ett problem med detta e-post
 Om du har några frågor besök: Seller Central
 För att ändra dina e-postinställningar, besök: Inställningar för meddelanden
 Vi hoppas att du tyckte att det här meddelandet var användbart. Om du föredrar att inte få framtida e-postmeddelanden av detta slag från Amazon.com, välj bort det här.
 Upphovsrätt 2026 Amazon, Inc, eller dess dotterbolag. Alla rättigheter förbehållna.
 Amazon EU S.à r.l.
38 avenue John F. Kennedy
L-1855 Luxemburg
Registrerat i Luxemburg No. B-101818
Aktiekapital 165 833 EUR
Företagets registreringsnummer: 134248
Momsregistrering för Luxemburg LU 20260743.
 SPC-EUAmazon-1",2026-07-18 06:12:25,RETR,xtbBsgBVO2pMfiDMTgAA3m
法务/侵权类,older,account_4,weihaizhongxin2024@126.com,"Tue, 7 Jul 2026 03:58:57 +0000",Amazon Seller Central <donotreply@amazon.com>,Your Amazon.es Factura Logística de Amazon for 6/2026,,"Your Amazon.es Factura Logística de Amazon for 6/2026
 96
Hola, Shen zhen shi wei hai zhong xin ke ji you xian:
Te escribimos para comunicarte que tu Factura Logística de Amazon del mes de 6/2026 ya está disponible en tu cuenta de Seller Central.
Para acceder a la nota de crédito, ve a Seller Central > Informes > Biblioteca de documentos fiscales > Facturas de tarifas aplicables al vendedor.
Allí podrás ver, descargar o imprimir tu nota de crédito.
Para consultas, contacta con atención al vendedor.
Atentamente,
Amazon.es
 Informar de un problema con este correo electrónico
 Si tienes alguna pregunta, visita: Seller Central
 Para cambiar sus preferencias de correo electrónico visitan: Preferencias de Notificación
 Esperamos que este mensaje te haya parecido útil. Sin embargo, si prefieres no recibir correos electrónicos de Amazon.es de este tipo en el futuro, haz clic aquí.
 Copyright 2026 Amazon.com.mx, Inc. o sus afiliados. Todos los derechos reservados.
 Amazon EU S.à r.l.
38 avenue John F. Kennedy,
L-1855 Luxemburgo,
Número de Registro en Luxemburgo: No. B-101818,
Capital Social 165.833 EUR,
Número de licencia de actividad: 134248,
Nº de Registro IVA en Luxemburgo: LU 20260743.
",2026-07-18 06:12:25,RETR,xtbBpAYtE2pMeYaWcgAA3h
法务/侵权类,older,account_4,weihaizhongxin2024@126.com,"Tue, 7 Jul 2026 03:24:51 +0000",Amazon Seller Central <donotreply@amazon.com>,Your Amazon.nl Creditnota Fulfillment by Amazon for 6/2026,,"Your Amazon.nl Creditnota Fulfillment by Amazon for 6/2026
 96
Beste Shen zhen shi wei hai zhong xin ke ji you xian,
We sturen je dit bericht om je te laten weten dat je elektronische Creditnota Fulfillment by Amazon voor de maand 6 2026 nu beschikbaar is in je Seller Central-account.
Als je toegang wilt krijgen tot je creditnota, ga je naar je Seller Central-account > Overzichten > Bibliotheek met belastingdocumenten > Belastingfacturen voor kosten verkoper.
In je Seller Central-account kun je je creditnota bekijken, downloaden of afdrukken.
Als je nog vragen hebt, kun je contact opnemen met de Ondersteuning voor verkopers.
Met vriendelijke groeten,
Amazon.nl
 Rapporteer een probleem met deze e-mail
 Als je vragen hebt, ga je naar: Seller Central
 Om je e-mailvoorkeuren te wijzigen, ga je naar: Voorkeuren voor meldingen
 We hopen dat je iets aan dit bericht hebt gehad. Als je in de toekomst echter liever niet meer van dit soort e-mails van Amazon.com wilt ontvangen, kun je je afmelden hier.
 Auteursrecht (copyright) 2026 Amazon, Inc. of haar dochterondernemingen. Alle rechten voorbehouden.
 Amazon Services Europe S.à r.l.
38 avenue John F. Kennedy
L-1855 Luxemburg
Geregistreerd in",2026-07-18 06:12:25,RETR,xtbBpAUrEWpMcYVNjwAA3L
法务/侵权类,older,account_4,weihaizhongxin2024@126.com,"Tue, 7 Jul 2026 03:10:44 +0000",Amazon Seller Central <donotreply@amazon.com>,Your Amazon.nl Creditnota Verkoper for 6/2026,,"Your Amazon.nl Creditnota Verkoper for 6/2026
 96
Beste Shen zhen shi wei hai zhong xin ke ji you xian,
We sturen je dit bericht om je te laten weten dat je elektronische Creditnota Verkoper voor de maand 6 2026 nu beschikbaar is in je Seller Central-account.
Als je toegang wilt krijgen tot je creditnota, ga je naar je Seller Central-account > Overzichten > Bibliotheek met belastingdocumenten > Belastingfacturen voor kosten verkoper.
In je Seller Central-account kun je je creditnota bekijken, downloaden of afdrukken.
Als je nog vragen hebt, kun je contact opnemen met de Ondersteuning voor verkopers.
Met vriendelijke groeten,
Amazon.nl
 Rapporteer een probleem met deze e-mail
 Als je vragen hebt, ga je naar: Seller Central
 Om je e-mailvoorkeuren te wijzigen, ga je naar: Voorkeuren voor meldingen
 We hopen dat je iets aan dit bericht hebt gehad. Als je in de toekomst echter liever niet meer van dit soort e-mails van Amazon.com wilt ontvangen, kun je je afmelden hier.
 Auteursrecht (copyright) 2026 Amazon, Inc. of haar dochterondernemingen. Alle rechten voorbehouden.
 Amazon Services Europe S.à r.l.
38 avenue John F. Kennedy
L-1855 Luxemburg
Geregistreerd in Luxemburg
RCS Luxemburg N",2026-07-18 06:12:24,RETR,xtbBpRZWPGpMbjYrbAAA3g
法务/侵权类,older,account_4,weihaizhongxin2024@126.com,"Tue, 7 Jul 2026 03:00:23 +0000",Amazon Seller Central <donotreply@amazon.com>,Your Amazon.es Nota de Crédito Vendedor for 6/2026,,"Your Amazon.es Nota de Crédito Vendedor for 6/2026
 96
Hola, Shen zhen shi wei hai zhong xin ke ji you xian:
Te escribimos para comunicarte que tu Nota de Crédito Vendedor del mes de 6/2026 ya está disponible en tu cuenta de Seller Central.
Para acceder a la nota de crédito, ve a Seller Central > Informes > Biblioteca de documentos fiscales > Facturas de tarifas aplicables al vendedor.
Allí podrás ver, descargar o imprimir tu nota de crédito.
Para consultas, contacta con atención al vendedor.
Atentamente,
Amazon.es
 Informar de un problema con este correo electrónico
 Si tienes alguna pregunta, visita: Seller Central
 Para cambiar sus preferencias de correo electrónico visitan: Preferencias de Notificación
 Esperamos que este mensaje te haya parecido útil. Sin embargo, si prefieres no recibir correos electrónicos de Amazon.es de este tipo en el futuro, haz clic aquí.
 Copyright 2026 Amazon.com.mx, Inc. o sus afiliados. Todos los derechos reservados.
 Amazon EU S.à r.l.
38 avenue John F. Kennedy,
L-1855 Luxemburgo,
Número de Registro en Luxemburgo: No. B-101818,
Capital Social 165.833 EUR,
Número de licencia de actividad: 134248,
Nº de Registro IVA en Luxemburgo: LU 20260743.
 SPC-E",2026-07-18 06:12:24,RETR,xtbBsgu6oGpMa8sUDwAA3+
法务/侵权类,older,account_4,weihaizhongxin2024@126.com,"Tue, 7 Jul 2026 02:41:16 +0000",Amazon Seller Central <donotreply@amazon.com>,Your Amazon.es Factura Logística de Amazon for 6/2026,,"Your Amazon.es Factura Logística de Amazon for 6/2026
 96
Hola, Shen zhen shi wei hai zhong xin ke ji you xian:
Te escribimos para comunicarte que tu Factura Logística de Amazon del mes de 6/2026 ya está disponible en tu cuenta de Seller Central.
Para acceder a la nota de crédito, ve a Seller Central > Informes > Biblioteca de documentos fiscales > Facturas de tarifas aplicables al vendedor.
Allí podrás ver, descargar o imprimir tu nota de crédito.
Para consultas, contacta con atención al vendedor.
Atentamente,
Amazon.es
 Informar de un problema con este correo electrónico
 Si tienes alguna pregunta, visita: Seller Central
 Para cambiar sus preferencias de correo electrónico visitan: Preferencias de Notificación
 Esperamos que este mensaje te haya parecido útil. Sin embargo, si prefieres no recibir correos electrónicos de Amazon.es de este tipo en el futuro, haz clic aquí.
 Copyright 2026 Amazon.com.mx, Inc. o sus afiliados. Todos los derechos reservados.
 Amazon EU S.à r.l.
38 avenue John F. Kennedy,
L-1855 Luxemburgo,
Número de Registro en Luxemburgo: No. B-101818,
Capital Social 165.833 EUR,
Número de licencia de actividad: 134248,
Nº de Registro IVA en Luxemburgo: LU 20260743.
",2026-07-18 06:12:22,RETR,xtbBsxCbgWpMZ1C1wAAA3d
法务/侵权类,older,account_4,weihaizhongxin2024@126.com,"Tue, 7 Jul 2026 02:20:20 +0000",Amazon Seller Central <donotreply@amazon.com>,Your Amazon.com.be Creditnota Verkoper for 6/2026,,"Your Amazon.com.be Creditnota Verkoper for 6/2026
 96
Beste Shen zhen shi wei hai zhong xin ke ji you xian,
We sturen je dit bericht om je te laten weten dat je elektronische Creditnota Verkoper voor de maand 6 2026 nu beschikbaar is in je Seller Central-account.
Als je toegang wilt krijgen tot je creditnota, ga je naar je Seller Central-account > Overzichten > Bibliotheek met belastingdocumenten > Belastingfacturen voor kosten verkoper.
In je Seller Central-account kun je je creditnota bekijken, downloaden of afdrukken.
Als je nog vragen hebt, kun je contact opnemen met de Ondersteuning voor verkopers.
Met vriendelijke groeten,
Amazon.com.be
 Monsieur/Madame Shen zhen shi wei hai zhong xin ke ji you xian,
Nous vous écrivons pour vous informer que votre Avoir Vendeur pour le mois de 6/2026 est maintenant disponible dans votre compte Seller Central.
Pour accéder à votre avoir, rendez-vous sur votre compte Seller Central et veuillez accéder à la page Rapports > Bibliothèque d'informations fiscales > Factures des frais du vendeur.
Dans votre compte Seller Central, vous pourrez afficher, télécharger ou imprimer votre avoir.
Pour toute question, contactez le Support Vendeur.
Cordialemen",2026-07-18 06:12:20,RETR,xtbBpQhgRmpMYmiVmAAA3q
法务/侵权类,older,account_4,weihaizhongxin2024@126.com,"Tue, 7 Jul 2026 02:05:26 +0000",Amazon Seller Central <donotreply@amazon.com>,Your Amazon.nl Creditnota Fulfillment by Amazon for 6/2026,,"Your Amazon.nl Creditnota Fulfillment by Amazon for 6/2026
 96
Beste Shen zhen shi wei hai zhong xin ke ji you xian,
We sturen je dit bericht om je te laten weten dat je elektronische Creditnota Fulfillment by Amazon voor de maand 6 2026 nu beschikbaar is in je Seller Central-account.
Als je toegang wilt krijgen tot je creditnota, ga je naar je Seller Central-account > Overzichten > Bibliotheek met belastingdocumenten > Belastingfacturen voor kosten verkoper.
In je Seller Central-account kun je je creditnota bekijken, downloaden of afdrukken.
Als je nog vragen hebt, kun je contact opnemen met de Ondersteuning voor verkopers.
Met vriendelijke groeten,
Amazon.nl
 Rapporteer een probleem met deze e-mail
 Als je vragen hebt, ga je naar: Seller Central
 Om je e-mailvoorkeuren te wijzigen, ga je naar: Voorkeuren voor meldingen
 We hopen dat je iets aan dit bericht hebt gehad. Als je in de toekomst echter liever niet meer van dit soort e-mails van Amazon.com wilt ontvangen, kun je je afmelden hier.
 Auteursrecht (copyright) 2026 Amazon, Inc. of haar dochterondernemingen. Alle rechten voorbehouden.
 Amazon Services Europe S.à r.l.
38 avenue John F. Kennedy
L-1855 Luxemburg
Geregistreerd in",2026-07-18 06:12:20,RETR,xtbBpAt-ZWpMXutjeAAA39
法务/侵权类,older,account_4,weihaizhongxin2024@126.com,"Tue, 7 Jul 2026 02:01:10 +0000",Amazon Seller Central <donotreply@amazon.com>,Your Amazon.de Rechnung Versand durch Amazon for 6/2026,,"Your Amazon.de Rechnung Versand durch Amazon for 6/2026
 96
Guten Tag Shen zhen shi wei hai zhong xin ke ji you xian!
Wir möchten Sie darüber informieren, dass Ihr elektronisches Dokument Rechnung Versand durch Amazon für 6.2026 ab sofort in Ihrem Seller Central-Konto verfügbar ist.
Navigieren Sie in Ihrem Seller Central-Konto zu Berichte > Steuerdokumente > Rechnungen über Verkaufsgebühren, um auf Ihr Dokument (Rechnung) zuzugreifen.
In Ihrem Seller Central-Konto können Sie Ihr Dokument (Rechnung) anzeigen, herunterladen oder ausdrucken.
Wenden Sie sich bei weiteren Fragen bitte an die Verkäuferhilfe.
Freundliche Grüße,
Amazon.de
 Ein Problem mit dieser E-Mail melden
 Bei Fragen besuchen Sie: Seller Central
 Zum Ändern Ihrer E-Mail-Einstellungen, gehen Sie zu: Benachrichtigungseinstellungen
 Wir hoffen, diese Nachricht ist hilfreich für Sie. Falls Sie allerdings in Zukunft keine E-Mails dieser Art von Amazon.de erhalten möchten, melden Sie sich bitte ab.
 Copyright 2026 Amazon Inc. oder Tochtergesellschaften. Alle Rechte vorbehalten.
 Amazon EU S.à r.l.
38 avenue John F. Kennedy,
L-1855 Luxemburg,
Handelsregisternummer Luxemburg: B-101818,
 Gesellschaftskapital: 165.833 EUR,
Gewer",2026-07-18 06:12:20,RETR,xtbBsgo-JWpMXepeSgAA3n
法务/侵权类,older,account_4,weihaizhongxin2024@126.com,"Tue, 7 Jul 2026 00:33:27 +0000",Amazon Seller Central <donotreply@amazon.com>,Your Amazon.com.be Factuur Fulfilled by Amazon for 6/2026,,"Your Amazon.com.be Factuur Fulfilled by Amazon for 6/2026
 96
Beste Shen zhen shi wei hai zhong xin ke ji you xian,
We sturen je dit bericht om je te laten weten dat je elektronische Factuur Fulfilled by Amazon voor de maand 6 2026 nu beschikbaar is in je Seller Central-account.
Als je toegang wilt krijgen tot je factuur, ga je naar je Seller Central-account > Overzichten > Bibliotheek met belastingdocumenten > Belastingfacturen voor kosten verkoper.
In je Seller Central-account kun je je factuur bekijken, downloaden of afdrukken.
Als je nog vragen hebt, kun je contact opnemen met de Ondersteuning voor verkopers.
Met vriendelijke groeten,
Amazon.com.be
 Monsieur/Madame Shen zhen shi wei hai zhong xin ke ji you xian,
Nous vous écrivons pour vous informer que votre Facture Expédié Par Amazon pour le mois de 6/2026 est maintenant disponible dans votre compte Seller Central.
Pour accéder à votre facture, rendez-vous sur votre compte Seller Central et veuillez accéder à la page Rapports > Bibliothèque d'informations fiscales > Factures des frais du vendeur.
Dans votre compte Seller Central, vous pourrez afficher, télécharger ou imprimer votre facture.
Pour toute question, contactez le S",2026-07-18 06:12:19,RETR,xtbBpBsW+2pMSVuFjwAA3s
法务/侵权类,older,account_4,weihaizhongxin2024@126.com,"Tue, 7 Jul 2026 00:22:23 +0000",Amazon Seller Central <donotreply@amazon.com>,Your Amazon.co.uk Merchant Invoice for 6/2026,,"Your Amazon.co.uk Merchant Invoice for 6/2026
 96
Hello,
We are writing to inform you that your electronic Merchant Invoice for the month of 6/2026 is now available in your Seller Central Account.
To access your invoice, go to your Tax Document Library . In your Tax Document Library, you will be able to view, download or print your invoice.
The Amazon Services Team
 Report an issue with this email
 If you have any questions visit: Seller Central
 To change your email preferences visit: Notification Preferences
 We hope you found this message to be useful. However, if you'd rather not receive future e-mails of this sort from Amazon.com, please opt-out here.
 Copyright 2026 Amazon, Inc, or its affiliates. All rights reserved.
 Amazon.com, 410 Terry Avenue North, Seattle, WA 98109-5210
 SPC-EUAmazon-70370412601223",2026-07-18 06:12:18,RETR,xtbBpQBvVWpMRsB3+QAA3x
法务/侵权类,older,account_4,weihaizhongxin2024@126.com,"Tue, 7 Jul 2026 00:13:46 +0000",Amazon Seller Central <donotreply@amazon.com>,Your Amazon.de Rechnung Versand durch Amazon for 6/2026,,"Your Amazon.de Rechnung Versand durch Amazon for 6/2026
 96
Guten Tag Shen zhen shi wei hai zhong xin ke ji you xian!
Wir möchten Sie darüber informieren, dass Ihr elektronisches Dokument Rechnung Versand durch Amazon für 6.2026 ab sofort in Ihrem Seller Central-Konto verfügbar ist.
Navigieren Sie in Ihrem Seller Central-Konto zu Berichte > Steuerdokumente > Rechnungen über Verkaufsgebühren, um auf Ihr Dokument (Rechnung) zuzugreifen.
In Ihrem Seller Central-Konto können Sie Ihr Dokument (Rechnung) anzeigen, herunterladen oder ausdrucken.
Wenden Sie sich bei weiteren Fragen bitte an die Verkäuferhilfe.
Freundliche Grüße,
Amazon.de
 Ein Problem mit dieser E-Mail melden
 Bei Fragen besuchen Sie: Seller Central
 Zum Ändern Ihrer E-Mail-Einstellungen, gehen Sie zu: Benachrichtigungseinstellungen
 Wir hoffen, diese Nachricht ist hilfreich für Sie. Falls Sie allerdings in Zukunft keine E-Mails dieser Art von Amazon.de erhalten möchten, melden Sie sich bitte ab.
 Copyright 2026 Amazon Inc. oder Tochtergesellschaften. Alle Rechte vorbehalten.
 Amazon EU S.à r.l.
38 avenue John F. Kennedy,
L-1855 Luxemburg,
Handelsregisternummer Luxemburg: B-101818,
 Gesellschaftskapital: 165.833 EUR,
Gewer",2026-07-18 06:12:18,RETR,xtbBpR3t02pMRL1k+AAA3F
法务/侵权类,older,account_4,weihaizhongxin2024@126.com,"Mon, 6 Jul 2026 23:07:09 +0000",Amazon Seller Central <donotreply@amazon.com>,Your Amazon.com.be Factuur Fulfilled by Amazon for 6/2026,,"Your Amazon.com.be Factuur Fulfilled by Amazon for 6/2026
 96
Beste Shen zhen shi wei hai zhong xin ke ji you xian,
We sturen je dit bericht om je te laten weten dat je elektronische Factuur Fulfilled by Amazon voor de maand 6 2026 nu beschikbaar is in je Seller Central-account.
Als je toegang wilt krijgen tot je factuur, ga je naar je Seller Central-account > Overzichten > Bibliotheek met belastingdocumenten > Belastingfacturen voor kosten verkoper.
In je Seller Central-account kun je je factuur bekijken, downloaden of afdrukken.
Als je nog vragen hebt, kun je contact opnemen met de Ondersteuning voor verkopers.
Met vriendelijke groeten,
Amazon.com.be
 Monsieur/Madame Shen zhen shi wei hai zhong xin ke ji you xian,
Nous vous écrivons pour vous informer que votre Facture Expédié Par Amazon pour le mois de 6/2026 est maintenant disponible dans votre compte Seller Central.
Pour accéder à votre facture, rendez-vous sur votre compte Seller Central et veuillez accéder à la page Rapports > Bibliothèque d'informations fiscales > Factures des frais du vendeur.
Dans votre compte Seller Central, vous pourrez afficher, télécharger ou imprimer votre facture.
Pour toute question, contactez le S",2026-07-18 06:12:17,RETR,xtbBpQAD6GpMNSAPIgAA3Q
法务/侵权类,older,account_4,weihaizhongxin2024@126.com,"Mon, 6 Jul 2026 21:44:31 +0000",Amazon Seller Central <donotreply@amazon.com>,Your Amazon.de Rechnung Versand durch Amazon for 6/2026,,"Your Amazon.de Rechnung Versand durch Amazon for 6/2026
 96
Guten Tag Shen zhen shi wei hai zhong xin ke ji you xian!
Wir möchten Sie darüber informieren, dass Ihr elektronisches Dokument Rechnung Versand durch Amazon für 6.2026 ab sofort in Ihrem Seller Central-Konto verfügbar ist.
Navigieren Sie in Ihrem Seller Central-Konto zu Berichte > Steuerdokumente > Rechnungen über Verkaufsgebühren, um auf Ihr Dokument (Rechnung) zuzugreifen.
In Ihrem Seller Central-Konto können Sie Ihr Dokument (Rechnung) anzeigen, herunterladen oder ausdrucken.
Wenden Sie sich bei weiteren Fragen bitte an die Verkäuferhilfe.
Freundliche Grüße,
Amazon.de
 Ein Problem mit dieser E-Mail melden
 Bei Fragen besuchen Sie: Seller Central
 Zum Ändern Ihrer E-Mail-Einstellungen, gehen Sie zu: Benachrichtigungseinstellungen
 Wir hoffen, diese Nachricht ist hilfreich für Sie. Falls Sie allerdings in Zukunft keine E-Mails dieser Art von Amazon.de erhalten möchten, melden Sie sich bitte ab.
 Copyright 2026 Amazon Inc. oder Tochtergesellschaften. Alle Rechte vorbehalten.
 Amazon EU S.à r.l.
38 avenue John F. Kennedy,
L-1855 Luxemburg,
Handelsregisternummer Luxemburg: B-101818,
 Gesellschaftskapital: 165.833 EUR,
Gewer",2026-07-18 06:12:17,RETR,xtbBsgMmDGpMIcMLggAA3W
法务/侵权类,older,account_4,weihaizhongxin2024@126.com,"Mon, 6 Jul 2026 21:29:53 +0000",Amazon Seller Central <donotreply@amazon.com>,Your Amazon.de Rechnung Verkäufer for 6/2026,,"Your Amazon.de Rechnung Verkäufer for 6/2026
 96
Guten Tag Shen zhen shi wei hai zhong xin ke ji you xian!
Wir möchten Sie darüber informieren, dass Ihr elektronisches Dokument Rechnung Verkäufer für 6.2026 ab sofort in Ihrem Seller Central-Konto verfügbar ist.
Navigieren Sie in Ihrem Seller Central-Konto zu Berichte > Steuerdokumente > Rechnungen über Verkaufsgebühren, um auf Ihr Dokument (Rechnung) zuzugreifen.
In Ihrem Seller Central-Konto können Sie Ihr Dokument (Rechnung) anzeigen, herunterladen oder ausdrucken.
Wenden Sie sich bei weiteren Fragen bitte an die Verkäuferhilfe.
Freundliche Grüße,
Amazon.de
 Ein Problem mit dieser E-Mail melden
 Bei Fragen besuchen Sie: Seller Central
 Zum Ändern Ihrer E-Mail-Einstellungen, gehen Sie zu: Benachrichtigungseinstellungen
 Wir hoffen, diese Nachricht ist hilfreich für Sie. Falls Sie allerdings in Zukunft keine E-Mails dieser Art von Amazon.de erhalten möchten, melden Sie sich bitte ab.
 Copyright 2026 Amazon Inc. oder Tochtergesellschaften. Alle Rechte vorbehalten.
 Amazon EU S.à r.l.
38 avenue John F. Kennedy,
L-1855 Luxemburg,
Handelsregisternummer Luxemburg: B-101818,
 Gesellschaftskapital: 165.833 EUR,
Gewerbelizenznummer: 134248",2026-07-18 06:12:16,RETR,xtbBpRRKMGpMHlQEvwAA3c
法务/侵权类,older,account_4,weihaizhongxin2024@126.com,"Mon, 6 Jul 2026 21:23:16 +0000",Amazon Seller Central <donotreply@amazon.com>,Your Amazon.com.be Factuur Fulfilled by Amazon for 6/2026,,"Your Amazon.com.be Factuur Fulfilled by Amazon for 6/2026
 96
Beste Shen zhen shi wei hai zhong xin ke ji you xian,
We sturen je dit bericht om je te laten weten dat je elektronische Factuur Fulfilled by Amazon voor de maand 6 2026 nu beschikbaar is in je Seller Central-account.
Als je toegang wilt krijgen tot je factuur, ga je naar je Seller Central-account > Overzichten > Bibliotheek met belastingdocumenten > Belastingfacturen voor kosten verkoper.
In je Seller Central-account kun je je factuur bekijken, downloaden of afdrukken.
Als je nog vragen hebt, kun je contact opnemen met de Ondersteuning voor verkopers.
Met vriendelijke groeten,
Amazon.com.be
 Monsieur/Madame Shen zhen shi wei hai zhong xin ke ji you xian,
Nous vous écrivons pour vous informer que votre Facture Expédié Par Amazon pour le mois de 6/2026 est maintenant disponible dans votre compte Seller Central.
Pour accéder à votre facture, rendez-vous sur votre compte Seller Central et veuillez accéder à la page Rapports > Bibliothèque d'informations fiscales > Factures des frais du vendeur.
Dans votre compte Seller Central, vous pourrez afficher, télécharger ou imprimer votre facture.
Pour toute question, contactez le S",2026-07-18 06:12:16,RETR,xtbBswbly2pMHMa8FgAA3N
法务/侵权类,older,account_4,weihaizhongxin2024@126.com,"Mon, 6 Jul 2026 21:07:51 +0000",Amazon Seller Central <donotreply@amazon.com>,Your Amazon.se Faktura Fraktas Av Amazon for 6/2026,,"Your Amazon.se Faktura Fraktas Av Amazon for 6/2026
 96
Hej Shen zhen shi wei hai zhong xin ke ji you xian!
Vi skriver för att informera dig om att din elektroniska Faktura Fraktas Av Amazon för månaden 6/2026 nu finns tillgänglig på ditt Seller Central-konto.
För att komma åt ditt fakturagår du till ditt Seller Central-konto > Rapporter > Bibliotek för skattedokument > Skattefakturor för säljaravgifter.
På ditt Seller Central-konto kan du se, ladda ner eller skriva ut ditt faktura.
Om du har några frågor, kontakta säljarsupport.
Vänliga hälsningar,
Amazon.se
 Rapportera ett problem med detta e-post
 Om du har några frågor besök: Seller Central
 För att ändra dina e-postinställningar, besök: Inställningar för meddelanden
 Vi hoppas att du tyckte att det här meddelandet var användbart. Om du föredrar att inte få framtida e-postmeddelanden av detta slag från Amazon.com, välj bort det här.
 Upphovsrätt 2026 Amazon, Inc, eller dess dotterbolag. Alla rättigheter förbehållna.
 Amazon EU S.à r.l.
38 avenue John F. Kennedy
L-1855 Luxemburg
Registrerat i Luxemburg No. B-101818
Aktiekapital 165 833 EUR
Företagets registreringsnummer: 134248
Momsregistrering för Luxemburg LU 20260743.
 SPC-EU",2026-07-18 06:12:15,RETR,xtbBswv942pMGSus-wAA3h
法务/侵权类,older,account_4,weihaizhongxin2024@126.com,"Mon, 6 Jul 2026 20:56:46 +0000",Amazon Seller Central <donotreply@amazon.com>,Your Amazon.es Factura Logística de Amazon for 6/2026,,"Your Amazon.es Factura Logística de Amazon for 6/2026
 96
Hola, Shen zhen shi wei hai zhong xin ke ji you xian:
Te escribimos para comunicarte que tu Factura Logística de Amazon del mes de 6/2026 ya está disponible en tu cuenta de Seller Central.
Para acceder a la factura, ve a Seller Central > Informes > Biblioteca de documentos fiscales > Facturas de tarifas aplicables al vendedor.
Allí podrás ver, descargar o imprimir tu factura.
Para consultas, contacta con atención al vendedor.
Atentamente,
Amazon.es
 Informar de un problema con este correo electrónico
 Si tienes alguna pregunta, visita: Seller Central
 Para cambiar sus preferencias de correo electrónico visitan: Preferencias de Notificación
 Esperamos que este mensaje te haya parecido útil. Sin embargo, si prefieres no recibir correos electrónicos de Amazon.es de este tipo en el futuro, haz clic aquí.
 Copyright 2026 Amazon.com.mx, Inc. o sus afiliados. Todos los derechos reservados.
 Amazon EU S.à r.l.
38 avenue John F. Kennedy,
L-1855 Luxemburgo,
Número de Registro en Luxemburgo: No. B-101818,
Capital Social 165.833 EUR,
Número de licencia de actividad: 134248,
Nº de Registro IVA en Luxemburgo: LU 20260743.
 SPC-EUAmazon-52",2026-07-18 06:12:15,RETR,xtbBpBJXPWpMFpLXDwAA3m
法务/侵权类,older,account_4,weihaizhongxin2024@126.com,"Mon, 6 Jul 2026 20:36:00 +0000",Amazon Seller Central <donotreply@amazon.com>,Your Amazon.de Rechnung Versand durch Amazon for 6/2026,,"Your Amazon.de Rechnung Versand durch Amazon for 6/2026
 96
Guten Tag Shen zhen shi wei hai zhong xin ke ji you xian!
Wir möchten Sie darüber informieren, dass Ihr elektronisches Dokument Rechnung Versand durch Amazon für 6.2026 ab sofort in Ihrem Seller Central-Konto verfügbar ist.
Navigieren Sie in Ihrem Seller Central-Konto zu Berichte > Steuerdokumente > Rechnungen über Verkaufsgebühren, um auf Ihr Dokument (Rechnung) zuzugreifen.
In Ihrem Seller Central-Konto können Sie Ihr Dokument (Rechnung) anzeigen, herunterladen oder ausdrucken.
Wenden Sie sich bei weiteren Fragen bitte an die Verkäuferhilfe.
Freundliche Grüße,
Amazon.de
 Ein Problem mit dieser E-Mail melden
 Bei Fragen besuchen Sie: Seller Central
 Zum Ändern Ihrer E-Mail-Einstellungen, gehen Sie zu: Benachrichtigungseinstellungen
 Wir hoffen, diese Nachricht ist hilfreich für Sie. Falls Sie allerdings in Zukunft keine E-Mails dieser Art von Amazon.de erhalten möchten, melden Sie sich bitte ab.
 Copyright 2026 Amazon Inc. oder Tochtergesellschaften. Alle Rechte vorbehalten.
 Amazon EU S.à r.l.
38 avenue John F. Kennedy,
L-1855 Luxemburg,
Handelsregisternummer Luxemburg: B-101818,
 Gesellschaftskapital: 165.833 EUR,
Gewer",2026-07-18 06:12:14,RETR,xtbBshMeBGpMEbPGjAAA31
法务/侵权类,older,account_4,weihaizhongxin2024@126.com,"Mon, 6 Jul 2026 20:27:56 +0000",Amazon Seller Central <donotreply@amazon.com>,Your Amazon.es Factura Vendedor for 6/2026,,"Your Amazon.es Factura Vendedor for 6/2026
 96
Hola, Shen zhen shi wei hai zhong xin ke ji you xian:
Te escribimos para comunicarte que tu Factura Vendedor del mes de 6/2026 ya está disponible en tu cuenta de Seller Central.
Para acceder a la factura, ve a Seller Central > Informes > Biblioteca de documentos fiscales > Facturas de tarifas aplicables al vendedor.
Allí podrás ver, descargar o imprimir tu factura.
Para consultas, contacta con atención al vendedor.
Atentamente,
Amazon.es
 Informar de un problema con este correo electrónico
 Si tienes alguna pregunta, visita: Seller Central
 Para cambiar sus preferencias de correo electrónico visitan: Preferencias de Notificación
 Esperamos que este mensaje te haya parecido útil. Sin embargo, si prefieres no recibir correos electrónicos de Amazon.es de este tipo en el futuro, haz clic aquí.
 Copyright 2026 Amazon.com.mx, Inc. o sus afiliados. Todos los derechos reservados.
 Amazon EU S.à r.l.
38 avenue John F. Kennedy,
L-1855 Luxemburgo,
Número de Registro en Luxemburgo: No. B-101818,
Capital Social 165.833 EUR,
Número de licencia de actividad: 134248,
Nº de Registro IVA en Luxemburgo: LU 20260743.
 SPC-EUAmazon-474990694784361",2026-07-18 06:12:14,RETR,xtbBsw6kimpMD86EnAAA3s
法务/侵权类,older,account_4,weihaizhongxin2024@126.com,"Mon, 6 Jul 2026 20:23:50 +0000",Amazon Seller Central <donotreply@amazon.com>,Your Amazon.nl Factuur Fulfilled by Amazon for 6/2026,,"Your Amazon.nl Factuur Fulfilled by Amazon for 6/2026
 96
Beste Shen zhen shi wei hai zhong xin ke ji you xian,
We sturen je dit bericht om je te laten weten dat je elektronische Factuur Fulfilled by Amazon voor de maand 6 2026 nu beschikbaar is in je Seller Central-account.
Als je toegang wilt krijgen tot je factuur, ga je naar je Seller Central-account > Overzichten > Bibliotheek met belastingdocumenten > Belastingfacturen voor kosten verkoper.
In je Seller Central-account kun je je factuur bekijken, downloaden of afdrukken.
Als je nog vragen hebt, kun je contact opnemen met de Ondersteuning voor verkopers.
Met vriendelijke groeten,
Amazon.nl
 Rapporteer een probleem met deze e-mail
 Als je vragen hebt, ga je naar: Seller Central
 Om je e-mailvoorkeuren te wijzigen, ga je naar: Voorkeuren voor meldingen
 We hopen dat je iets aan dit bericht hebt gehad. Als je in de toekomst echter liever niet meer van dit soort e-mails van Amazon.com wilt ontvangen, kun je je afmelden hier.
 Auteursrecht (copyright) 2026 Amazon, Inc. of haar dochterondernemingen. Alle rechten voorbehouden.
 Amazon Services Europe S.à r.l.
38 avenue John F. Kennedy
L-1855 Luxemburg
Geregistreerd in Luxemburg
RCS L",2026-07-18 06:12:13,RETR,xtbBshtnTWpMDtu7ngAA3V
法务/侵权类,older,account_4,weihaizhongxin2024@126.com,"Mon, 6 Jul 2026 20:07:18 +0000",Amazon Seller Central <donotreply@amazon.com>,Your Amazon.se Faktura Säljare for 6/2026,,"Your Amazon.se Faktura Säljare for 6/2026
 96
Hej Shen zhen shi wei hai zhong xin ke ji you xian!
Vi skriver för att informera dig om att din elektroniska Faktura Säljare för månaden 6/2026 nu finns tillgänglig på ditt Seller Central-konto.
För att komma åt ditt fakturagår du till ditt Seller Central-konto > Rapporter > Bibliotek för skattedokument > Skattefakturor för säljaravgifter.
På ditt Seller Central-konto kan du se, ladda ner eller skriva ut ditt faktura.
Om du har några frågor, kontakta säljarsupport.
Vänliga hälsningar,
Amazon.se
 Rapportera ett problem med detta e-post
 Om du har några frågor besök: Seller Central
 För att ändra dina e-postinställningar, besök: Inställningar för meddelanden
 Vi hoppas att du tyckte att det här meddelandet var användbart. Om du föredrar att inte få framtida e-postmeddelanden av detta slag från Amazon.com, välj bort det här.
 Upphovsrätt 2026 Amazon, Inc, eller dess dotterbolag. Alla rättigheter förbehållna.
 Amazon EU S.à r.l.
38 avenue John F. Kennedy
L-1855 Luxemburg
Registrerat i Luxemburg No. B-101818
Aktiekapital 165 833 EUR
Företagets registreringsnummer: 134248
Momsregistrering för Luxemburg LU 20260743.
 SPC-EUAmazon-1899957765924",2026-07-18 06:12:13,RETR,xtbBsxpuVGpMCvpxxgAA3y
法务/侵权类,older,account_4,weihaizhongxin2024@126.com,"Mon, 6 Jul 2026 20:02:23 +0000",Amazon Seller Central <donotreply@amazon.com>,Your Amazon.se Faktura Fraktas Av Amazon for 6/2026,,"Your Amazon.se Faktura Fraktas Av Amazon for 6/2026
 96
Hej Shen zhen shi wei hai zhong xin ke ji you xian!
Vi skriver för att informera dig om att din elektroniska Faktura Fraktas Av Amazon för månaden 6/2026 nu finns tillgänglig på ditt Seller Central-konto.
För att komma åt ditt fakturagår du till ditt Seller Central-konto > Rapporter > Bibliotek för skattedokument > Skattefakturor för säljaravgifter.
På ditt Seller Central-konto kan du se, ladda ner eller skriva ut ditt faktura.
Om du har några frågor, kontakta säljarsupport.
Vänliga hälsningar,
Amazon.se
 Rapportera ett problem med detta e-post
 Om du har några frågor besök: Seller Central
 För att ändra dina e-postinställningar, besök: Inställningar för meddelanden
 Vi hoppas att du tyckte att det här meddelandet var användbart. Om du föredrar att inte få framtida e-postmeddelanden av detta slag från Amazon.com, välj bort det här.
 Upphovsrätt 2026 Amazon, Inc, eller dess dotterbolag. Alla rättigheter förbehållna.
 Amazon EU S.à r.l.
38 avenue John F. Kennedy
L-1855 Luxemburg
Registrerat i Luxemburg No. B-101818
Aktiekapital 165 833 EUR
Företagets registreringsnummer: 134248
Momsregistrering för Luxemburg LU 20260743.
 SPC-EU",2026-07-18 06:12:13,RETR,xtbBshMkCmpMCdOnOgAA3u
法务/侵权类,older,account_4,weihaizhongxin2024@126.com,"Mon, 6 Jul 2026 19:58:54 +0000",Amazon Seller Central <donotreply@amazon.com>,Your Amazon.es Factura Logística de Amazon for 6/2026,,"Your Amazon.es Factura Logística de Amazon for 6/2026
 96
Hola, Shen zhen shi wei hai zhong xin ke ji you xian:
Te escribimos para comunicarte que tu Factura Logística de Amazon del mes de 6/2026 ya está disponible en tu cuenta de Seller Central.
Para acceder a la factura, ve a Seller Central > Informes > Biblioteca de documentos fiscales > Facturas de tarifas aplicables al vendedor.
Allí podrás ver, descargar o imprimir tu factura.
Para consultas, contacta con atención al vendedor.
Atentamente,
Amazon.es
 Informar de un problema con este correo electrónico
 Si tienes alguna pregunta, visita: Seller Central
 Para cambiar sus preferencias de correo electrónico visitan: Preferencias de Notificación
 Esperamos que este mensaje te haya parecido útil. Sin embargo, si prefieres no recibir correos electrónicos de Amazon.es de este tipo en el futuro, haz clic aquí.
 Copyright 2026 Amazon.com.mx, Inc. o sus afiliados. Todos los derechos reservados.
 Amazon EU S.à r.l.
38 avenue John F. Kennedy,
L-1855 Luxemburgo,
Número de Registro en Luxemburgo: No. B-101818,
Capital Social 165.833 EUR,
Número de licencia de actividad: 134248,
Nº de Registro IVA en Luxemburgo: LU 20260743.
 SPC-EUAmazon-18",2026-07-18 06:12:12,RETR,xtbBpALv1WpMCQKfkgAA38
法务/侵权类,older,account_4,weihaizhongxin2024@126.com,"Mon, 6 Jul 2026 19:55:57 +0000",Amazon Seller Central <donotreply@amazon.com>,Your Amazon.nl Factuur Verkoper for 6/2026,,"Your Amazon.nl Factuur Verkoper for 6/2026
 96
Beste Shen zhen shi wei hai zhong xin ke ji you xian,
We sturen je dit bericht om je te laten weten dat je elektronische Factuur Verkoper voor de maand 6 2026 nu beschikbaar is in je Seller Central-account.
Als je toegang wilt krijgen tot je factuur, ga je naar je Seller Central-account > Overzichten > Bibliotheek met belastingdocumenten > Belastingfacturen voor kosten verkoper.
In je Seller Central-account kun je je factuur bekijken, downloaden of afdrukken.
Als je nog vragen hebt, kun je contact opnemen met de Ondersteuning voor verkopers.
Met vriendelijke groeten,
Amazon.nl
 Rapporteer een probleem met deze e-mail
 Als je vragen hebt, ga je naar: Seller Central
 Om je e-mailvoorkeuren te wijzigen, ga je naar: Voorkeuren voor meldingen
 We hopen dat je iets aan dit bericht hebt gehad. Als je in de toekomst echter liever niet meer van dit soort e-mails van Amazon.com wilt ontvangen, kun je je afmelden hier.
 Auteursrecht (copyright) 2026 Amazon, Inc. of haar dochterondernemingen. Alle rechten voorbehouden.
 Amazon Services Europe S.à r.l.
38 avenue John F. Kennedy
L-1855 Luxemburg
Geregistreerd in Luxemburg
RCS Luxemburg Nr: B-93815
Z",2026-07-18 06:12:12,RETR,xtbBsxDDqWpMCFBl0QAA3D
法务/侵权类,older,account_4,weihaizhongxin2024@126.com,"Mon, 6 Jul 2026 19:16:22 +0000",Amazon Seller Central <donotreply@amazon.com>,Your Amazon.es Factura Logística de Amazon for 6/2026,,"Your Amazon.es Factura Logística de Amazon for 6/2026
 96
Hola, Shen zhen shi wei hai zhong xin ke ji you xian:
Te escribimos para comunicarte que tu Factura Logística de Amazon del mes de 6/2026 ya está disponible en tu cuenta de Seller Central.
Para acceder a la factura, ve a Seller Central > Informes > Biblioteca de documentos fiscales > Facturas de tarifas aplicables al vendedor.
Allí podrás ver, descargar o imprimir tu factura.
Para consultas, contacta con atención al vendedor.
Atentamente,
Amazon.es
 Informar de un problema con este correo electrónico
 Si tienes alguna pregunta, visita: Seller Central
 Para cambiar sus preferencias de correo electrónico visitan: Preferencias de Notificación
 Esperamos que este mensaje te haya parecido útil. Sin embargo, si prefieres no recibir correos electrónicos de Amazon.es de este tipo en el futuro, haz clic aquí.
 Copyright 2026 Amazon.com.mx, Inc. o sus afiliados. Todos los derechos reservados.
 Amazon EU S.à r.l.
38 avenue John F. Kennedy,
L-1855 Luxemburgo,
Número de Registro en Luxemburgo: No. B-101818,
Capital Social 165.833 EUR,
Número de licencia de actividad: 134248,
Nº de Registro IVA en Luxemburgo: LU 20260743.
 SPC-EUAmazon-68",2026-07-18 06:12:12,RETR,xtbBswpvVWpL-wpDqQAA39
法务/侵权类,older,account_4,weihaizhongxin2024@126.com,"Mon, 6 Jul 2026 19:05:55 +0000",Amazon Seller Central <donotreply@amazon.com>,Your Amazon.pl Faktura Sprzedawcy for 6/2026,,"Your Amazon.pl Faktura Sprzedawcy for 6/2026
 96
Cześć Shen zhen shi wei hai zhong xin ke ji you xian,
Pragniemy poinformować, że ten elektroniczny dokument jest już dostępny na Twoim koncie Seller Central: Faktura Sprzedawcy za miesiąc 6 i rok 2026.
Aby uzyskać dostęp do tego dokumentu typu faktura, przejdź na konto Seller Central > Raporty > Dokumenty podatkowe > Faktury podatkowe z tytułu opłat od sprzedawcy.
Na koncie Seller Central możesz wyświetlić, pobrać i wydrukować taki dokument (faktura).
Jeśli masz jakieś pytania, skontaktuj się z działem pomocy dla sprzedawców.
Pozdrawiamy,
Amazon.pl
 Zgłoś problem z tym e-mailem
 Jeśli masz pytania, odwiedź stronę: Seller Central
 Aby zmienić preferencje poczty e-mail, odwiedź: Preferencje powiadomień
 Mamy nadzieję, że ta wiadomość jest pomocna. Jeśli jednak wolisz nie otrzymywać przyszłych wiadomości e-mail tego typu z witryny Amazon.com, zrezygnuj z tej opcji tutaj.
 Prawa autorskie 2026 Amazon, Inc. lub jej podmioty stowarzyszone. Wszelkie prawa zastrzeżone.
 Amazon EU S.a.r.l.
38 avenue John F. Kennedy
L-1855 Luksemburg,
spółka zarejestrowana w Luksemburgu pod nr. B-101818,
kapitał zakładowy: 165,833 EUR,
numer zezwolenia na prow",2026-07-18 06:12:11,RETR,xtbBpRbRt2pL-JZ5swAA3U
法务/侵权类,older,account_4,weihaizhongxin2024@126.com,"Mon, 6 Jul 2026 18:55:02 +0000",Amazon Seller Central <donotreply@amazon.com>,Your Amazon.co.uk Fulfillment by Amazon Merchant Invoice for 6/2026,,"Your Amazon.co.uk Fulfillment by Amazon Merchant Invoice for 6/2026
 96
Hello,
We are writing to inform you that your electronic Fulfillment by Amazon Merchant Invoice for the month of 6/2026 is now available in your Seller Central Account.
To access your invoice, go to your Tax Document Library . In your Tax Document Library, you will be able to view, download or print your invoice.
The Amazon Services Team
 Report an issue with this email
 If you have any questions visit: Seller Central
 To change your email preferences visit: Notification Preferences
 We hope you found this message to be useful. However, if you'd rather not receive future e-mails of this sort from Amazon.com, please opt-out here.
 Copyright 2026 Amazon, Inc, or its affiliates. All rights reserved.
 Amazon.com, 410 Terry Avenue North, Seattle, WA 98109-5210
 SPC-EUAmazon-721281296945131",2026-07-18 06:12:11,RETR,xtbBpAkuFGpL+glnWwAA35
法务/侵权类,older,account_4,weihaizhongxin2024@126.com,"Mon, 6 Jul 2026 18:14:51 +0000",Amazon Seller Central <donotreply@amazon.com>,Your Amazon.nl Factuur Fulfilled by Amazon for 6/2026,,"Your Amazon.nl Factuur Fulfilled by Amazon for 6/2026
 96
Beste Shen zhen shi wei hai zhong xin ke ji you xian,
We sturen je dit bericht om je te laten weten dat je elektronische Factuur Fulfilled by Amazon voor de maand 6 2026 nu beschikbaar is in je Seller Central-account.
Als je toegang wilt krijgen tot je factuur, ga je naar je Seller Central-account > Overzichten > Bibliotheek met belastingdocumenten > Belastingfacturen voor kosten verkoper.
In je Seller Central-account kun je je factuur bekijken, downloaden of afdrukken.
Als je nog vragen hebt, kun je contact opnemen met de Ondersteuning voor verkopers.
Met vriendelijke groeten,
Amazon.nl
 Rapporteer een probleem met deze e-mail
 Als je vragen hebt, ga je naar: Seller Central
 Om je e-mailvoorkeuren te wijzigen, ga je naar: Voorkeuren voor meldingen
 We hopen dat je iets aan dit bericht hebt gehad. Als je in de toekomst echter liever niet meer van dit soort e-mails van Amazon.com wilt ontvangen, kun je je afmelden hier.
 Auteursrecht (copyright) 2026 Amazon, Inc. of haar dochterondernemingen. Alle rechten voorbehouden.
 Amazon Services Europe S.à r.l.
38 avenue John F. Kennedy
L-1855 Luxemburg
Geregistreerd in Luxemburg
RCS L",2026-07-18 06:12:10,RETR,xtbBpB-QtmpL8J9COwAA3q
法务/侵权类,older,account_4,weihaizhongxin2024@126.com,"Mon, 6 Jul 2026 17:47:27 +0000",Amazon Seller Central <donotreply@amazon.com>,Your Amazon.se Faktura Fraktas Av Amazon for 6/2026,,"Your Amazon.se Faktura Fraktas Av Amazon for 6/2026
 96
Hej Shen zhen shi wei hai zhong xin ke ji you xian!
Vi skriver för att informera dig om att din elektroniska Faktura Fraktas Av Amazon för månaden 6/2026 nu finns tillgänglig på ditt Seller Central-konto.
För att komma åt ditt fakturagår du till ditt Seller Central-konto > Rapporter > Bibliotek för skattedokument > Skattefakturor för säljaravgifter.
På ditt Seller Central-konto kan du se, ladda ner eller skriva ut ditt faktura.
Om du har några frågor, kontakta säljarsupport.
Vänliga hälsningar,
Amazon.se
 Rapportera ett problem med detta e-post
 Om du har några frågor besök: Seller Central
 För att ändra dina e-postinställningar, besök: Inställningar för meddelanden
 Vi hoppas att du tyckte att det här meddelandet var användbart. Om du föredrar att inte få framtida e-postmeddelanden av detta slag från Amazon.com, välj bort det här.
 Upphovsrätt 2026 Amazon, Inc, eller dess dotterbolag. Alla rättigheter förbehållna.
 Amazon EU S.à r.l.
38 avenue John F. Kennedy
L-1855 Luxemburg
Registrerat i Luxemburg No. B-101818
Aktiekapital 165 833 EUR
Företagets registreringsnummer: 134248
Momsregistrering för Luxemburg LU 20260743.
 SPC-EU",2026-07-18 06:12:10,RETR,xtbBpBM0GmpL6jMdZwAA3b
法务/侵权类,older,account_4,weihaizhongxin2024@126.com,"Mon, 6 Jul 2026 17:46:42 +0000",Amazon Seller Central <donotreply@amazon.com>,Your Amazon.ie Merchant Invoice for 6/2026,,"Your Amazon.ie Merchant Invoice for 6/2026
 96
Hello,
We are writing to inform you that your electronic Merchant Invoice for the month of 6/2026 is now available in your Seller Central Account.
To access your invoice, go to your Tax Document Library . In your Tax Document Library, you will be able to view, download or print your invoice.
The Amazon Services Team
 Report an issue with this email
 If you have any questions visit: Seller Central
 To change your email preferences visit: Notification Preferences
 We hope you found this message to be useful. However, if you'd rather not receive future e-mails of this sort from Amazon.com, please opt-out here.
 Copyright 2026 Amazon, Inc, or its affiliates. All rights reserved.
 Amazon.com, 410 Terry Avenue North, Seattle, WA 98109-5210
 SPC-EUAmazon-1354599996090561",2026-07-18 06:12:09,RETR,xtbBswUpD2pL6gXlawAA3Q
法务/侵权类,older,account_4,weihaizhongxin2024@126.com,"Mon, 6 Jul 2026 17:31:36 +0000",Amazon Seller Central <donotreply@amazon.com>,Your Amazon.de Rechnung Versand durch Amazon for 6/2026,,"Your Amazon.de Rechnung Versand durch Amazon for 6/2026
 96
Guten Tag Shen zhen shi wei hai zhong xin ke ji you xian!
Wir möchten Sie darüber informieren, dass Ihr elektronisches Dokument Rechnung Versand durch Amazon für 6.2026 ab sofort in Ihrem Seller Central-Konto verfügbar ist.
Navigieren Sie in Ihrem Seller Central-Konto zu Berichte > Steuerdokumente > Rechnungen über Verkaufsgebühren, um auf Ihr Dokument (Rechnung) zuzugreifen.
In Ihrem Seller Central-Konto können Sie Ihr Dokument (Rechnung) anzeigen, herunterladen oder ausdrucken.
Wenden Sie sich bei weiteren Fragen bitte an die Verkäuferhilfe.
Freundliche Grüße,
Amazon.de
 Ein Problem mit dieser E-Mail melden
 Bei Fragen besuchen Sie: Seller Central
 Zum Ändern Ihrer E-Mail-Einstellungen, gehen Sie zu: Benachrichtigungseinstellungen
 Wir hoffen, diese Nachricht ist hilfreich für Sie. Falls Sie allerdings in Zukunft keine E-Mails dieser Art von Amazon.de erhalten möchten, melden Sie sich bitte ab.
 Copyright 2026 Amazon Inc. oder Tochtergesellschaften. Alle Rechte vorbehalten.
 Amazon EU S.à r.l.
38 avenue John F. Kennedy,
L-1855 Luxemburg,
Handelsregisternummer Luxemburg: B-101818,
 Gesellschaftskapital: 165.833 EUR,
Gewer",2026-07-18 06:12:09,RETR,xtbBpRxGLGpL5nwNoQAA3E
法务/侵权类,older,account_4,weihaizhongxin2024@126.com,"Mon, 6 Jul 2026 17:28:53 +0000",Amazon Seller Central <donotreply@amazon.com>,Your Amazon.ie Fulfillment by Amazon Merchant Invoice for 6/2026,,"Your Amazon.ie Fulfillment by Amazon Merchant Invoice for 6/2026
 96
Hello,
We are writing to inform you that your electronic Fulfillment by Amazon Merchant Invoice for the month of 6/2026 is now available in your Seller Central Account.
To access your invoice, go to your Tax Document Library . In your Tax Document Library, you will be able to view, download or print your invoice.
The Amazon Services Team
 Report an issue with this email
 If you have any questions visit: Seller Central
 To change your email preferences visit: Notification Preferences
 We hope you found this message to be useful. However, if you'd rather not receive future e-mails of this sort from Amazon.com, please opt-out here.
 Copyright 2026 Amazon, Inc, or its affiliates. All rights reserved.
 Amazon.com, 410 Terry Avenue North, Seattle, WA 98109-5210
 SPC-EUAmazon-1495337485165054",2026-07-18 06:12:08,RETR,xtbBpRkdA2pL5dkKxQAA3w
法务/侵权类,older,account_4,weihaizhongxin2024@126.com,"Mon, 6 Jul 2026 17:10:41 +0000",Amazon Seller Central <donotreply@amazon.com>,Your Amazon.nl Factuur Fulfilled by Amazon for 6/2026,,"Your Amazon.nl Factuur Fulfilled by Amazon for 6/2026
 96
Beste Shen zhen shi wei hai zhong xin ke ji you xian,
We sturen je dit bericht om je te laten weten dat je elektronische Factuur Fulfilled by Amazon voor de maand 6 2026 nu beschikbaar is in je Seller Central-account.
Als je toegang wilt krijgen tot je factuur, ga je naar je Seller Central-account > Overzichten > Bibliotheek met belastingdocumenten > Belastingfacturen voor kosten verkoper.
In je Seller Central-account kun je je factuur bekijken, downloaden of afdrukken.
Als je nog vragen hebt, kun je contact opnemen met de Ondersteuning voor verkopers.
Met vriendelijke groeten,
Amazon.nl
 Rapporteer een probleem met deze e-mail
 Als je vragen hebt, ga je naar: Seller Central
 Om je e-mailvoorkeuren te wijzigen, ga je naar: Voorkeuren voor meldingen
 We hopen dat je iets aan dit bericht hebt gehad. Als je in de toekomst echter liever niet meer van dit soort e-mails van Amazon.com wilt ontvangen, kun je je afmelden hier.
 Auteursrecht (copyright) 2026 Amazon, Inc. of haar dochterondernemingen. Alle rechten voorbehouden.
 Amazon Services Europe S.à r.l.
38 avenue John F. Kennedy
L-1855 Luxemburg
Geregistreerd in Luxemburg
RCS L",2026-07-18 06:12:08,RETR,xtbBpBQL8GpL4ZTuwAAA3x
法务/侵权类,older,account_4,weihaizhongxin2024@126.com,"Mon, 6 Jul 2026 17:01:49 +0000",Amazon Seller Central <donotreply@amazon.com>,Your Amazon.ae Fulfillment by Amazon Merchant Invoice for 6/2026,,"Your Amazon.ae Fulfillment by Amazon Merchant Invoice for 6/2026
 96
Hello,
We are writing to inform you that your electronic Fulfillment by Amazon Merchant Invoice for the month of 6/2026 is now available in your Seller Central Account.
To access your invoice, go to your Tax Document Library . In your Tax Document Library, you will be able to view, download or print your invoice.
The Amazon Services Team
 Report an issue with this email
 If you have any questions visit: Seller Central
 To change your email preferences visit: Notification Preferences
 We hope you found this message to be useful. However, if you'd rather not receive future e-mails of this sort from Amazon.com, please opt-out here.
 Copyright 2026 Amazon, Inc, or its affiliates. All rights reserved.
 Amazon.com, 410 Terry Avenue North, Seattle, WA 98109-5210
 SPC-EUAmazon-1125901580155708",2026-07-18 06:12:08,RETR,xtbBpR+EampL33-rAwAA39
法务/侵权类,older,account_4,weihaizhongxin2024@126.com,"Mon, 6 Jul 2026 16:42:42 +0000",Amazon Seller Central <donotreply@amazon.com>,Your Amazon.co.uk AGL Merchant Self-Billing Invoice for 6/2026,,"Your Amazon.co.uk AGL Merchant Self-Billing Invoice for 6/2026
 96
Hello,
We are writing to inform you that your electronic AGL Merchant Self-Billing Invoice for the month of 6/2026 is now available in your Seller Central Account.
To access your invoice, go to your Tax Document Library . In your Tax Document Library, you will be able to view, download or print your invoice.
The Amazon Services Team
 Report an issue with this email
 If you have any questions visit: Seller Central
 To change your email preferences visit: Notification Preferences
 We hope you found this message to be useful. However, if you'd rather not receive future e-mails of this sort from Amazon.com, please opt-out here.
 Copyright 2026 Amazon, Inc, or its affiliates. All rights reserved.
 Amazon.com, 410 Terry Avenue North, Seattle, WA 98109-5210
 SPC-EUAmazon-2146248369500277",2026-07-18 06:12:07,RETR,xtbBpQVlS2pL2wXQSAAA3p
法务/侵权类,older,account_4,weihaizhongxin2024@126.com,"Mon, 6 Jul 2026 16:21:50 +0000",Amazon Seller Central <donotreply@amazon.com>,Your Amazon.es Factura Logística de Amazon for 6/2026,,"Your Amazon.es Factura Logística de Amazon for 6/2026
 96
Hola, Shen zhen shi wei hai zhong xin ke ji you xian:
Te escribimos para comunicarte que tu Factura Logística de Amazon del mes de 6/2026 ya está disponible en tu cuenta de Seller Central.
Para acceder a la factura, ve a Seller Central > Informes > Biblioteca de documentos fiscales > Facturas de tarifas aplicables al vendedor.
Allí podrás ver, descargar o imprimir tu factura.
Para consultas, contacta con atención al vendedor.
Atentamente,
Amazon.es
 Informar de un problema con este correo electrónico
 Si tienes alguna pregunta, visita: Seller Central
 Para cambiar sus preferencias de correo electrónico visitan: Preferencias de Notificación
 Esperamos que este mensaje te haya parecido útil. Sin embargo, si prefieres no recibir correos electrónicos de Amazon.es de este tipo en el futuro, haz clic aquí.
 Copyright 2026 Amazon.com.mx, Inc. o sus afiliados. Todos los derechos reservados.
 Amazon EU S.à r.l.
38 avenue John F. Kennedy,
L-1855 Luxemburgo,
Número de Registro en Luxemburgo: No. B-101818,
Capital Social 165.833 EUR,
Número de licencia de actividad: 134248,
Nº de Registro IVA en Luxemburgo: LU 20260743.
 SPC-EUAmazon-87",2026-07-18 06:12:07,RETR,xtbBpQArEWpL1iCqvQAA3f
法务/侵权类,older,account_4,weihaizhongxin2024@126.com,"Mon, 6 Jul 2026 16:02:53 +0000",Amazon Seller Central <donotreply@amazon.com>,Your Amazon.de Rechnung Versand durch Amazon for 6/2026,,"Your Amazon.de Rechnung Versand durch Amazon for 6/2026
 96
Guten Tag Shen zhen shi wei hai zhong xin ke ji you xian!
Wir möchten Sie darüber informieren, dass Ihr elektronisches Dokument Rechnung Versand durch Amazon für 6.2026 ab sofort in Ihrem Seller Central-Konto verfügbar ist.
Navigieren Sie in Ihrem Seller Central-Konto zu Berichte > Steuerdokumente > Rechnungen über Verkaufsgebühren, um auf Ihr Dokument (Rechnung) zuzugreifen.
In Ihrem Seller Central-Konto können Sie Ihr Dokument (Rechnung) anzeigen, herunterladen oder ausdrucken.
Wenden Sie sich bei weiteren Fragen bitte an die Verkäuferhilfe.
Freundliche Grüße,
Amazon.de
 Ein Problem mit dieser E-Mail melden
 Bei Fragen besuchen Sie: Seller Central
 Zum Ändern Ihrer E-Mail-Einstellungen, gehen Sie zu: Benachrichtigungseinstellungen
 Wir hoffen, diese Nachricht ist hilfreich für Sie. Falls Sie allerdings in Zukunft keine E-Mails dieser Art von Amazon.de erhalten möchten, melden Sie sich bitte ab.
 Copyright 2026 Amazon Inc. oder Tochtergesellschaften. Alle Rechte vorbehalten.
 Amazon EU S.à r.l.
38 avenue John F. Kennedy,
L-1855 Luxemburg,
Handelsregisternummer Luxemburg: B-101818,
 Gesellschaftskapital: 165.833 EUR,
Gewer",2026-07-18 06:12:06,RETR,xtbBpA8N8mpL0a929AAA3J
法务/侵权类,older,account_4,weihaizhongxin2024@126.com,"Mon, 6 Jul 2026 15:46:03 +0000",Amazon Seller Central <donotreply@amazon.com>,"Your VAT invoice for EPR Pay on Behalf charges for Amazon.co.uk
 sales",,"Your VAT invoice for EPR Pay on Behalf charges for Amazon.co.uk sales
 96
 Hello,
Your invoice for Amazon.co.uk Extended Producer Responsibility (EPR) Pay on Behalf charges is now available.
The invoice includes (1) the eco-contribution fees that Amazon paid on your behalf for sales of products subject to EPR obligations on Amazon.co.uk during the applicable reporting period, and (2) EPR Pay on Behalf service fees for the EPR categories specified in the category-level and ASIN-level summary.
To access your EPR Pay on Behalf invoice , open the attachment in this email or go to Seller Fee Invoices and search for ""EPR Pay on Behalf"" in the 'Invoice Type' column.
For a category-level summary of the fees charged, applicable reporting periods, and EPR categories, go to Transaction View with Service Fees as Transaction type, and search for ""EPR"" in the ""Product Details"" column.
For an ASIN-level summary of your EPR eco-contribution fees, applicable reporting periods, and EPR categories and sub-categories, go to EPR Category Reports .
 Why was I charged?
Effective January 1, 2025, Extended Producer Responsibility (EPR) requirements apply to packaging sold in the UK, under the Packaging (EP",2026-07-18 06:12:06,RETR,xtbBpB0Q9WpLzb1WCwAA3Q
法务/侵权类,older,account_4,weihaizhongxin2024@126.com,"Mon, 6 Jul 2026 15:40:18 +0000",Amazon Seller Central <donotreply@amazon.com>,Your Amazon.com.be Factuur Verkoper for 6/2026,,"Your Amazon.com.be Factuur Verkoper for 6/2026
 96
Beste Shen zhen shi wei hai zhong xin ke ji you xian,
We sturen je dit bericht om je te laten weten dat je elektronische Factuur Verkoper voor de maand 6 2026 nu beschikbaar is in je Seller Central-account.
Als je toegang wilt krijgen tot je factuur, ga je naar je Seller Central-account > Overzichten > Bibliotheek met belastingdocumenten > Belastingfacturen voor kosten verkoper.
In je Seller Central-account kun je je factuur bekijken, downloaden of afdrukken.
Als je nog vragen hebt, kun je contact opnemen met de Ondersteuning voor verkopers.
Met vriendelijke groeten,
Amazon.com.be
 Monsieur/Madame Shen zhen shi wei hai zhong xin ke ji you xian,
Nous vous écrivons pour vous informer que votre Facture Vendeur pour le mois de 6/2026 est maintenant disponible dans votre compte Seller Central.
Pour accéder à votre facture, rendez-vous sur votre compte Seller Central et veuillez accéder à la page Rapports > Bibliothèque d'informations fiscales > Factures des frais du vendeur.
Dans votre compte Seller Central, vous pourrez afficher, télécharger ou imprimer votre facture.
Pour toute question, contactez le Support Vendeur.
Cordialement,
Ama",2026-07-18 06:12:05,RETR,xtbBpAa5n2pLzGZLmAAA3c
法务/侵权类,older,account_4,weihaizhongxin2024@126.com,"Mon, 6 Jul 2026 15:35:08 +0000",Amazon Seller Central <donotreply@amazon.com>,Your Amazon.nl Factuur Fulfilled by Amazon for 6/2026,,"Your Amazon.nl Factuur Fulfilled by Amazon for 6/2026
 96
Beste Shen zhen shi wei hai zhong xin ke ji you xian,
We sturen je dit bericht om je te laten weten dat je elektronische Factuur Fulfilled by Amazon voor de maand 6 2026 nu beschikbaar is in je Seller Central-account.
Als je toegang wilt krijgen tot je factuur, ga je naar je Seller Central-account > Overzichten > Bibliotheek met belastingdocumenten > Belastingfacturen voor kosten verkoper.
In je Seller Central-account kun je je factuur bekijken, downloaden of afdrukken.
Als je nog vragen hebt, kun je contact opnemen met de Ondersteuning voor verkopers.
Met vriendelijke groeten,
Amazon.nl
 Rapporteer een probleem met deze e-mail
 Als je vragen hebt, ga je naar: Seller Central
 Om je e-mailvoorkeuren te wijzigen, ga je naar: Voorkeuren voor meldingen
 We hopen dat je iets aan dit bericht hebt gehad. Als je in de toekomst echter liever niet meer van dit soort e-mails van Amazon.com wilt ontvangen, kun je je afmelden hier.
 Auteursrecht (copyright) 2026 Amazon, Inc. of haar dochterondernemingen. Alle rechten voorbehouden.
 Amazon Services Europe S.à r.l.
38 avenue John F. Kennedy
L-1855 Luxemburg
Geregistreerd in Luxemburg
RCS L",2026-07-18 06:12:05,RETR,xtbBsw5rUWpLyy4KTgAA3H
法务/侵权类,older,account_4,weihaizhongxin2024@126.com,"Mon, 6 Jul 2026 15:30:53 +0000",Amazon Seller Central <donotreply@amazon.com>,Your Amazon.co.uk Fulfillment by Amazon Merchant Invoice for 6/2026,,"Your Amazon.co.uk Fulfillment by Amazon Merchant Invoice for 6/2026
 96
Hello,
We are writing to inform you that your electronic Fulfillment by Amazon Merchant Invoice for the month of 6/2026 is now available in your Seller Central Account.
To access your invoice, go to your Tax Document Library . In your Tax Document Library, you will be able to view, download or print your invoice.
The Amazon Services Team
 Report an issue with this email
 If you have any questions visit: Seller Central
 To change your email preferences visit: Notification Preferences
 We hope you found this message to be useful. However, if you'd rather not receive future e-mails of this sort from Amazon.com, please opt-out here.
 Copyright 2026 Amazon, Inc, or its affiliates. All rights reserved.
 Amazon.com, 410 Terry Avenue North, Seattle, WA 98109-5210
 SPC-EUAmazon-510175065790408",2026-07-18 06:12:05,RETR,xtbBpREsEmpLyjFCOQAA3r
法务/侵权类,older,account_4,weihaizhongxin2024@126.com,"Mon, 6 Jul 2026 14:51:08 +0000",Amazon Seller Central <donotreply@amazon.com>,Your Amazon.ae Merchant Invoice for 6/2026,,"Your Amazon.ae Merchant Invoice for 6/2026
 96
Hello,
We are writing to inform you that your electronic Merchant Invoice for the month of 6/2026 is now available in your Seller Central Account.
To access your invoice, go to your Tax Document Library . In your Tax Document Library, you will be able to view, download or print your invoice.
The Amazon Services Team
 عزيزي Shen zhen shi wei hai zhong xin ke ji you xian،
نراسلك لإبلاغك بأن فاتورة ضريبة القيمة المضافة (VAT) الخاصة بالتاجر الخاص بك لشهر 6/2026 متاح الآن في حساب Seller Central الخاص بك.
للوصول إلى فاتورة الخاص بك، انتقل إلى حساب Seller Central الخاص بك > التقارير > مكتبة المستندات الضريبية > فواتير ضريبة رسم البائع.
في حساب Seller Central الخاص بك، ستتمكن من عرض {documentType}$ الخاص بك أو تنزيله أو طباعته.
إذا كانت لديك أي أسئلة، فالمرجو التواصل مع دعم البائع.
 مع أطيب التحيات،
Amazon.ae
 Report an issue with this email
 If you have any questions visit: Seller Central
 To change your email preferences visit: Notification Preferences
 We hope you found this message to be useful. However, if you'd rather not receive future e-mails of this sort from Amazon.com, please opt-out here.
 Copyright 2026 Amazon, Inc, or its affilia",2026-07-18 06:12:04,RETR,xtbBsgHVu2pLwOHzHwAA3x
法务/侵权类,older,account_4,weihaizhongxin2024@126.com,"Sun, 5 Jul 2026 13:53:08 +0000",Amazon Services <donotreply@amazon.com>,Votre paiement est en cours,,"96
This title will display on mobile devices
 Félicitations ! Votre paiement est en cours et arrivera sous peu.
 Tentative de versement
Félicitations, Weihai EU ! Votre paiement est en cours et arrivera sous trois à cinq jours.
Le 07/05/26 13:52 CEST, nous avons effectué un virement d’un montant de €
 204.83 sur le compte lié à votre méthode de paiement (compte bancaire se terminant par 229).
 Si le montant est inférieur au montant auquel vous vous attendiez, voici quelques questions à vous poser :
 Disposez-vous d’un solde de fonds non disponibles ? Amazon peut réserver des fonds afin de couvrir des retours, des réclamations ou des rétrofacturations potentiels des acheteurs. Si tel est le cas, le solde de fin de période de votre rapport sur les paiements affichera le solde des fonds non disponibles réservé.
 Vos ventes couvraient-elles l’ensemble des frais et des retours pour cette période de règlements ? Le montant du paiement reflète votre activité commerciale, les frais de vente et les frais relatifs aux promotions et aux services. Nous vous recommandons de consulter votre rapport sur les paiements sous l’onglet Rapports de Seller Central pour comprendre votre solde de fin de p",2026-07-18 06:12:01,RETR,xtbBsgi3nWpKYciPDAAA3a
法务/侵权类,older,account_4,weihaizhongxin2024@126.com,"Sun, 5 Jul 2026 12:49:39 +0000",Amazon Services <donotreply@amazon.com>,Pagamento elaborato con successo,,"96
This title will display on mobile devices
 Congratulazioni. Il pagamento è stato elaborato con successo e ti sarà accreditato a breve.
 Tentativo di pagamento
Congratulazioni Weihai EU! Il pagamento è stato elaborato con successo e ti sarà accreditato nel giro di da tre a cinque giorni.
In data 07/05/26 12:49 CEST, abbiamo avviato un trasferimento sul tuo metodo di pagamento (conto bancario che termina con 229) dell’importo di €
 157,02.
 Se l’importo è inferiore a quanto atteso, tieni in considerazione le seguenti domande:
 Hai un saldo non disponibile? Amazon potrebbe trattenere una certa somma per coprire i costi di eventuali resi, reclami o contestazioni di una transazione (chargeback) da parte degli acquirenti. In questo caso, il saldo finale nel tuo report sui pagamenti mostrerà il saldo non disponibile corrispondente alla cifra trattenuta.
 Le tue vendite coprono tutte le commissioni e i resi per questo ciclo di fatturazione? L’importo del pagamento rispecchia le attività di vendita, le commissioni di vendita e le tariffe per promozioni o servizi. Ti consigliamo di rivedere il report sui pagamenti nella scheda Report di Seller Central per comprendere le diverse spese che ",2026-07-18 06:12:00,RETR,xtbBpQb64GpKUuZFyAAA3g
法务/侵权类,older,account_4,weihaizhongxin2024@126.com,"Thu, 2 Jul 2026 14:26:45 +0000",Amazon Services Europe <donotreply@amazon.com>,"El Asistente de vendedores ya está activo en Francia, Italia y España",,"96
 La asistencia con tecnología de IA ya está disponible en Seller Central para ayudarte a gestionar tu negocio de forma más eficiente.
 Hola:
 Gestionar tu negocio en Amazon acaba de hacerse más fácil.
 El Asistente de vendedores ya está disponible en FRITES dentro de Seller Central. Este asistente con tecnología de IA te ayuda a encontrar información relevante, acceder a información detallada y gestionar tu negocio de forma más eficiente, directamente donde ya trabajas.
 El Asistente de vendedores proporciona orientación sobre nuestras herramientas, políticas y procesos utilizando información disponible en Seller Central, junto con respuestas personalizadas basadas en los datos de tu cuenta. Esto te permite obtener rápidamente información relacionada con el rendimiento de tu negocio, planificación de inventario, listing, cumplimiento normativo y estado de la cuenta sin navegar por múltiples páginas.
 El Asistente de vendedores está diseñado para reducir el esfuerzo en la gestión empresarial diaria y facilitar una toma de decisiones más rápida e informada.
 Probar el Asistente de vendedores
 Empieza a usar el Asistente de vendedores para obtener respuestas rápidas a preguntas emp",2026-07-18 06:11:52,RETR,xtbBsgaSeGpGdSa7CwAA3R
法务/侵权类,older,account_4,weihaizhongxin2024@126.com,"Thu, 2 Jul 2026 14:11:01 +0000",Luana Camargo <notifications@insgly.net>,Worten Marketplace - Portugal y España,,"Hola Weihai EU,
Soy Luana Camargo, Business Developer en Worten worten.pt / worten.es , el mayor marketplace de Portugal.
Nuestro equipo de análisis ha señalado que una asociación con usted sería una gran oportunidad para ambos.
¿Estaría disponible para una reunión online esta semana?
Acerca de Worten - Somos el líder del mercado portugués:
- Nº 1 del comercio electrónico portugués
- Sitio web con mayor tráfico de Portugal (más de 10 millones de visitas al mes) - Ranking de mercado
- Más de 200 tiendas físicas en Portugal y España, proporcionando una oportunidad omnicanal
- Plataforma de gestión: Mirakl (se puede integrar manualmente o vía API)
- Sin costes iniciales - 6 meses
Estaré encantado de ayudarle si tiene alguna pregunta.
Muchas gracias,
Saludos Cordiales",2026-07-18 06:11:52,RETR,xtbBpRimjGpGcXiCyAAA34
法务/侵权类,older,account_4,weihaizhongxin2024@126.com,"Thu, 2 Jul 2026 13:49:18 +0000",Amazon Europe <donotreply@amazon.com>,"L'assistente venditori è ora attivo in Francia, Italia e Spagna",,"96
 L'assistenza basata su AI è ora disponibile in Seller Central per aiutarti a gestire la tua attività in modo più efficiente.
 Buongiorno,
 Gestire la tua attività su Amazon è diventato ancora più semplice.
 L''assistente venditori è ora disponibile in FRITES all''interno di Seller Central. Questo assistente basato su AI ti aiuta a trovare informazioni pertinenti, accedere a insight e gestire la tua attività in modo più efficiente, direttamente dove lavori già.
 L''assistente venditori fornisce indicazioni sui nostri strumenti, politiche e processi utilizzando informazioni disponibili in tutto Seller Central, insieme a risposte personalizzate basate sui dati del tuo account. Ciò ti consente di ottenere rapidamente insight relativi alle prestazioni della tua attività, pianificazione dell''inventario, offerta, conformità e stato dell''account senza dover navigare tra più pagine.
 L''assistente venditori è progettato per ridurre lo sforzo nella gestione quotidiana dell''attività e supportare un processo decisionale più rapido e informato.
 Prova assistente venditori
 Inizia a utilizzare l'assistente venditori per ottenere risposte rapide a domande relative alla tua attività, come:
",2026-07-18 06:11:52,RETR,xtbBpAJfRWpGbGJUbwAA3l
法务/侵权类,older,account_4,weihaizhongxin2024@126.com,"Wed, 1 Jul 2026 16:04:35 +0000",Amazon Services <donotreply@amazon.com>,Presentar información de cumplimiento normativo de la RAP en Portugal,,"96
 La normativa portuguesa sobre la RAP se aplica a los productos vendidos a clientes de Portugal.
 Hola,
Para cumplir la legislación portuguesa sobre la responsabilidad ampliada del productor (RAP) , tienes que obtener números de registro de responsabilidad ampliada del productor para los productos que vendas a clientes de Portugal.
La RAP es un principio de política medioambiental que hace que el productor sea responsable de los productos a lo largo de todo su ciclo de vida. Esto incluye todo, desde el diseño del producto hasta la gestión al final de su vida útil, como la recogida, clasificación y reciclaje de residuos.
Por lo general, se entiende por ""productor"" a la parte que comercializa por primera vez en un país un producto sujeto a la normativa RAP.
Tienes que presentarnos los números de registro de la RAP para las siguientes categorías de productos reguladas:
- Embalaje
- Pilas y baterías Para presentarnos tu número de registro de la normativa y demostrar su cumplimiento normativo, sigue los pasos que se indican a continuación:
- En tu cuenta de Seller Central de España, ve a  Estado de la cuenta .
- Selecciona  Cumplimiento normativo .
- Selecciona  Enviar información so",2026-07-18 06:11:49,RETR,xtbBpRSfhWpFOpRbowAA3S
法务/侵权类,older,account_4,weihaizhongxin2024@126.com,"Wed, 1 Jul 2026 02:53:05 +0000","""donotreply@amazon.com"" <donotreply@amazon.com>",Transparency Invoice/Credit note for 06/2026,,"96
 Dear Customer,
 Please click on the link below to access your Transparency electronic invoice/credit note in the Transparency Portal. If you see an '...
 Dear Customer,
 Please click on the link below to access your Transparency electronic invoice/credit note in the Transparency Portal. If you see an 'Access Denied' error message when you use the link below and are not able to access the invoice/credit note, then please email transparency-support@amazon.com with your profile link (see instructions below).
 [Link to invoice Dashboard]
 Frequently Asked Questions (FAQ)
- I see 'Access Denied' message after logging into the Transparency Portal, what should I do?
- Please log into your Amazon.com account associated with this email address. If you don't have an account, please create one with this email address.
- Go to http://www.amazon.com/profile .
- Copy the URL that was generated in the search bar. The profile link you need to provide will look similar to this: https://www.amazon.com/gp/profile/amzn1.account.XXXXXXXXXXXXXXXXXXXXXXXX
- Create an email to transparency-support@amazon.com , paste the URL that you copied into the body of the email, and click 'Send'.
 We will provide",2026-07-18 06:11:44,RETR,xtbBsxMQ9WpEgRPaDQAA3u
法务/侵权类,older,account_4,weihaizhongxin2024@126.com,"Tue, 30 Jun 2026 00:26:34 +0000",Assistenza venditori Amazon <merch.service05@amazon.it>,<p>Grazie per aver creato un nuovo caso: -- 12929127032</p>,,"96
<p>Grazie per aver creato un nuovo caso: -- 12929127032</p>
 La ringraziamo per aver contattato il Supporto al venditore di Amazon.
Abbiamo aperto un caso riguardo al suo problema. Un membro del nostro team la contatterà appena possibile. Rispondiamo alla maggior parte delle e-mail entro 12 ore.
Per vedere i suoi ordini ed effettuare operazioni a essi relative, come per esempio l'emissione di rimborsi, visiti Seller Central al link: http://sellercentral-europe.amazon.com . Maggiori informazioni su come gestire i prodotti, gli ordini e il suo negozio online sono disponibili nelle pagine di aiuto di Seller Central.
Per contattarci nuovamente riguardo a questo problema utilizzi il modulo di contatto di Seller Central cliccando su questo link:
 https://sellercentral-europe.amazon.com/cu/case-dashboard/view-case?caseID=12929127032
Se desidera ricevere aiuto da altri venditori, può visitare il nostro Forum per i venditori a questo link: https://sellercentral.amazon.it/forums/
La preghiamo di non rispondere a questo messaggio. Questa e-mail è stata inviata da un indirizzo che non accetta posta in entrata.
 Copyright 2026 Amazon.com, Inc. o le relative società affiliate. Tutti i diritti",2026-07-18 06:11:39,RETR,xtbBsx29o2pDDT08LQAA34
法务/侵权类,older,account_4,weihaizhongxin2024@126.com,"Mon, 29 Jun 2026 14:10:24 +0000",Luana Camargo <notifications@insgly.net>,Worten Marketplace - Portugal y España,,"¡Buenos días!
Espero que te encuentres bien.
Mi nombre es Luana Camargo y soy Business Developer en WORTEN Portugal y España, parte de Sonae, uno de los más grandes grupos empresariales en Portugal.
Te envío este mensaje porque nos gustaría hacer una colaboración entre Weihai EU y el Marketplace de Worten.
Sobre Worten.
Somos líderes en el mercado portugués, con 200 tiendas alcanzamos más de 1.2 billones de euros en ventas, de los cuales el 20% vienen del online.
En Portugal, Worten.pt es el sitio de comercio electrónico más visitado y con mejor desempeño, recibimos más visitas que los principales marketplaces del mundo, los que consideramos nuestra competencia. En compras online, el sitio web de Worten tiene el mayor tráfico de Portugal, más de 10 millones de visitas al mes.
Es en www.worten.pt y www.worten.es donde puedes mirar nuestro Marketplace.
Con más de 30 categorías, el Marketplace de Worten quiere ser la plataforma donde los clientes pueden encontrar todo lo que necesitan.
Con la gran demanda que sentimos, tenemos la oportunidad de aumentar nuestra gama de productos, ¡y trabajar con las mejores empresas es nuestra prioridad !
Worten Marketplace tiene una estrategia B2C, c",2026-07-18 06:11:38,RETR,xtbBpBR-ZWpCfNQBAgAA3p
法务/侵权类,older,account_4,weihaizhongxin2024@126.com,"Fri, 26 Jun 2026 14:40:10 +0000",Amazon Services <donotreply@amazon.com>,Votre paiement est en cours,,"96
This title will display on mobile devices
 Félicitations ! Votre paiement est en cours et arrivera sous peu.
 Tentative de versement
Félicitations, Weihai EU ! Votre paiement est en cours et arrivera sous trois à cinq jours.
Le 06/26/26 14:40 CEST, nous avons effectué un virement d’un montant de €
 207.53 sur le compte lié à votre méthode de paiement (compte bancaire se terminant par 229).
 Si le montant est inférieur au montant auquel vous vous attendiez, voici quelques questions à vous poser :
 Disposez-vous d’un solde de fonds non disponibles ? Amazon peut réserver des fonds afin de couvrir des retours, des réclamations ou des rétrofacturations potentiels des acheteurs. Si tel est le cas, le solde de fin de période de votre rapport sur les paiements affichera le solde des fonds non disponibles réservé.
 Vos ventes couvraient-elles l’ensemble des frais et des retours pour cette période de règlements ? Le montant du paiement reflète votre activité commerciale, les frais de vente et les frais relatifs aux promotions et aux services. Nous vous recommandons de consulter votre rapport sur les paiements sous l’onglet Rapports de Seller Central pour comprendre votre solde de fin de p",2026-07-18 06:11:29,RETR,xtbBpA0hB2o+j019pgAA3C
法务/侵权类,older,account_4,weihaizhongxin2024@126.com,"Fri, 26 Jun 2026 14:07:09 +0000",Luana Camargo <notifications@insgly.net>,Worten Marketplace - Portugal y España,,"Hola Weihai EU,
Soy Luana Camargo, Business Developer en Worten worten.pt / worten.es , el mayor marketplace de Portugal.
Nuestro equipo de
análisis ha señalado que una asociación con usted sería una gran oportunidad
para ambos.
¿Estaría
disponible para una reunión online esta semana?
Acerca de Worten
- Somos el líder del mercado portugués:
- Nº 1 del
comercio electrónico portugués
- Sitio web con
mayor tráfico de Portugal (más de 10 millones de visitas al mes) - Ranking de mercado
- Más de 200
tiendas físicas en Portugal y España, proporcionando una oportunidad omnicanal
- Plataforma de
gestión: Mirakl (se puede integrar manualmente o vía API)
- Sin costes los 6 meses iniciales
Estaré encantado
de ayudarle si tiene alguna pregunta.
Muchas gracias,
Saludos
Cordiales",2026-07-18 06:11:28,RETR,xtbBpBAwFmo+h5BS2gAA3Z
法务/侵权类,older,account_4,weihaizhongxin2024@126.com,"Thu, 25 Jun 2026 22:31:41 +0000",Fulfillment by Amazon <no-reply@amazon.com>,Tus límites de capacidad de Logística de Amazon para julio,,"96
 Tus límites de capacidad de Logística de Amazon para julio
 Hola:
 Se confirmaron tus límites de capacidad para el próximo periodo.
 Pronóstico de capacidad para el periodo del jul. 1 al 31, a partir del jun. 24:
 Tipo de almacenamiento
 Límite de capacidad total (metros cúbicos)
 Tamaño estándar
 16.42
 Tamaño grande
 21.66
 Para ver tus límites más actualizados, así como los límites de capacidad estimados para los dos meses siguientes, ve a los envíos de Logística de Amazon .
 En la siguiente tabla, se muestra el uso de la capacidad de Logística de Amazon a partir del jun. 23.
 Tipo de almacenamiento
 Uso sin los envíos abiertos incluidos (metros cúbicos)
 Uso con los envíos abiertos incluidos (metros cúbicos)
 Tamaño estándar
 0.00
 0.00
 Tamaño grande
 0.00
 0.00
 Cómo se establecen los límites de capacidad de Logística de Amazon
 Tus límites de capacidad dependen de tu puntuación del índice de desempeño de inventario y otros factores, como las proyecciones de ventas para tus ASIN, la capacidad del centro de distribución y el plazo de entrega de los envíos. Las estimaciones variarán en función de los cambios en tu puntuación del índice de desempeño de inventario y pueden au",2026-07-18 06:11:24,RETR,xtbBshEpD2o9rFEEwAAA3r
法务/侵权类,older,account_4,weihaizhongxin2024@126.com,"Thu, 25 Jun 2026 01:48:42 +0000",Zespół Amazon Services <donotreply@amazon.com>,Łącze do zaktualizowanego raportu podatkowego dotyczącego Chin za okres od października do grudnia 2025 r.,,"96
 Ponownie przesyłamy kwartalny raport podatkowy, który obejmuje dane takie jak informacje o tożsamości, liczba transakcji, przychody oraz prowizje i opłaty za usługi.
 Dzień dobry,
 23 czerwca 2026 r. po weryfikacji ewentualnych rozbieżności w danych wysłaliśmy zaktualizowany kwartalny raport podatkowy dotyczący Chin za okres od października do grudnia 2025 r.
 Jeśli pobranie raportu nie było możliwe, przesyłamy go ponownie. Poniższe łącza są aktywne przez pięć dni.
 Pobierz kwartalny raport
 Raport udostępniamy wyłącznie w celach informacyjnych. Nie są wymagane żadne działania.
 Udostępniliśmy również bardziej szczegółowy raport na poziomie zamówień, który przedstawia informacje kwartalne z podziałem na transakcje.
 Pobierz raport na poziomie zamówień
 Mogą wystąpić rozbieżności między danymi w tych raportach a raportem o płatnościach oraz raportem Amazon o transakcjach podlegających VAT. Każdy raport wykorzystuje odrębną metodologię i służy do innego celu.
 Będziemy nadal przekazywać kwartalne aktualizacje dotyczące danych udostępnianych chińskim organom podatkowym.
 Więcej informacji znajdziesz na stronie Wymogi dotyczące zgłaszania informacji podatkowych w Chinach .
 Uwaga :",2026-07-18 06:11:17,RETR,xtbBsxwL8Go8iPwYqAAA3G
法务/侵权类,older,account_4,weihaizhongxin2024@126.com,"Wed, 24 Jun 2026 10:01:00 +0000",The Fulfillment by Amazon team <donotreply@amazon.com>,Act today & improve Sales on Excess Inventory,,"96
This title will display on mobile devices
 Optional preview text
 Hello,
We noticed you have a number of ASIN(s) that have excess levels of inventory. We are reaching out to inform you about multiple options to improve your Unit Sales on your aged and/or excess inventory in Amazon Fulfillment Centers. Our goal is to help you increase the sales on this excess inventory:
B0FD8RGZX3, B0FD8PWPNK
We encourage you to take Amazon recommended actions such as Create Outlet deals, Sponsor Products Ad, to improve sell through of this excess inventory and potentially reduce your chances of incurring aged inventory fee.
 Outlet deals
 Amazon Outlet is a great place for customers to shop for overstock deals, which offers a selection of items, such as electronics, toys, beauty, and kitchen.
 Create Outlet Deal Today!
 Sponsored Product Ads
 Sponsored Products is a cost-per-click advertising solution that provides advertisers with a foundation of controls and visibility to help get their individual products discovered, and help generate sales from traffic sources in the Amazon store and on select premium apps and websites.
 Create Sponsored Products Ad Today!
We encourage you to view and execut",2026-07-18 06:11:16,RETR,xtbBpQBMMmo7quAZYAAA35
法务/侵权类,older,account_4,weihaizhongxin2024@126.com,"Tue, 23 Jun 2026 16:59:26 +0000",Zespół Amazon Services <donotreply@amazon.com>,Pobierz raport podatkowy dla Chin za okres od października do grudnia 2025 r.,,"96
 Możesz teraz pobrać kwartalny raport podatkowy, który zawiera dane, takie jak informacje identyfikacyjne, liczba transakcji, przychody oraz prowizje i opłaty za usługi.
 Dzień dobry,
 zgodnie z zasadami dotyczącymi sklepów internetowych wydanymi przez Radę Państwa Chin (dekret nr 810) jesteśmy zobowiązani do przekazywania informacji o sprzedawcach z siedzibą w Chinach tamtejszemu organowi podatkowemu w cyklach kwartalnych.
 Niektórzy sprzedawcy znaleźli potencjalne rozbieżności w danych zawartych w pierwszym kwartalnym raporcie podatkowym za okres od października do grudnia 2025 r. Nasz zespół dokładnie sprawdził wszystkie raporty, aby upewnić się, że prawidłowo odzwierciedlają Twoją aktywność w sklepie Amazon i w stosownych przypadkach ponownie przesłał zaktualizowane raporty za czwarty kwartał 2025 r. chińskiemu organowi podatkowemu.
 Ponownie wysyłamy Twój kwartalny raport podatkowy dla Chin. Poniższe linki będą aktywne przez siedem dni.
 Pobierz raport kwartalny
 Raport ten jest przeznaczony wyłącznie do wglądu. Nie jest wymagane żadne działanie.
 Udostępniliśmy również bardziej szczegółowy raport na poziomie zamówień, który przedstawia informacje kwartalne z podziałem na t",2026-07-18 06:11:11,RETR,xtbBshI0Gmo6u3L4aQAA3G
法务/侵权类,older,account_4,weihaizhongxin2024@126.com,"Tue, 23 Jun 2026 00:26:49 +0000",Assistenza venditori Amazon <merch.service05@amazon.it>,<p>Grazie per aver creato un nuovo caso: -- 12908112692</p>,,"96
<p>Grazie per aver creato un nuovo caso: -- 12908112692</p>
 La ringraziamo per aver contattato il Supporto al venditore di Amazon.
Abbiamo aperto un caso riguardo al suo problema. Un membro del nostro team la contatterà appena possibile. Rispondiamo alla maggior parte delle e-mail entro 12 ore.
Per vedere i suoi ordini ed effettuare operazioni a essi relative, come per esempio l'emissione di rimborsi, visiti Seller Central al link: http://sellercentral-europe.amazon.com . Maggiori informazioni su come gestire i prodotti, gli ordini e il suo negozio online sono disponibili nelle pagine di aiuto di Seller Central.
Per contattarci nuovamente riguardo a questo problema utilizzi il modulo di contatto di Seller Central cliccando su questo link:
 https://sellercentral-europe.amazon.com/cu/case-dashboard/view-case?caseID=12908112692
Se desidera ricevere aiuto da altri venditori, può visitare il nostro Forum per i venditori a questo link: https://sellercentral.amazon.it/forums/
La preghiamo di non rispondere a questo messaggio. Questa e-mail è stata inviata da un indirizzo che non accetta posta in entrata.
 Copyright 2026 Amazon.com, Inc. o le relative società affiliate. Tutti i diritti",2026-07-18 06:10:57,RETR,xtbBsgvPtWo50st0LwAA3S
法务/侵权类,older,account_4,weihaizhongxin2024@126.com,"Mon, 22 Jun 2026 09:29:52 +0000",Amazon Europe <no-reply@sell.amazon.com>,Prime会员日明天开始：最后提报促销活动的机会,,"最大化您的 Prime Day 业绩
尊敬的卖家，
为 2026 年 Prime Day做好准备 - 为数百万 Prime 会员打造不容错过的优惠！加入我们今年6月为期4天活动。通过提交促销，确保充足库存，提升曝光度以助力您冲刺最佳业绩！
请在 Prime Day 开始前查看您已获批准促销 https://go.amazonsellerservices.com/e/229492/nding-ld-DC-EM-D475912359-Wk26/7z46cdp/6726384350/h/6JaHWsuwlGBNO8uRtm6MhzYmCn1HiKY7DoeDdLxvcVI 的状态，并处理任何显示“需要操作（Needs Attention）” https://go.amazonsellerservices.com/e/229492/up-cn-ld-DC-EM-D475912359-Wk26/7z46cds/6726384350/h/6JaHWsuwlGBNO8uRtm6MhzYmCn1HiKY7DoeDdLxvcVI 的促销。请注意，收到此邮件并不一定代表您的促销存在问题。
关键日期
活动日期： 2026年6月 (具体日期待公布)
提报截止日期： 价格折扣 – 活动结束前 12 小时
价格折扣 > https://go.amazonsellerservices.com/e/229492/reate-ld-DC-EM-D475912359-Wk26/7z46cdw/6726384350/h/6JaHWsuwlGBNO8uRtm6MhzYmCn1HiKY7DoeDdLxvcVI
<table align=""center"" border=""0"" cellpadding=""0"" cellspacing=""0"" class=""section"" role=""presentation"" style=""width:100%;"">
	<tbody>
		<tr>
			<td align=""center"">
			<div role=""none"">
<!--[if(mso)|(IE)]>
<table align=""center"" border=""0"" cellpadding=""0"" cellspacing=""0"" class=""block-grid-outlook"" style=""width:600px;"" width=""600"" >
<tr>
<td style=""line-height:0px;font-size:0px;mso-line-height-rule:exactly;""><![endif]-->
			<div style=""margin:0 auto;border-radius:0px;max-width:600px;"">
			<table align=""ce",2026-07-18 06:10:55,RETR,xtbBsxYO82o5AJbVKgAA3i
法务/侵权类,older,account_4,weihaizhongxin2024@126.com,"Sun, 21 Jun 2026 12:49:43 +0000",Amazon Services <donotreply@amazon.com>,Pagamento elaborato con successo,,"96
This title will display on mobile devices
 Congratulazioni. Il pagamento è stato elaborato con successo e ti sarà accreditato a breve.
 Tentativo di pagamento
Congratulazioni Weihai EU! Il pagamento è stato elaborato con successo e ti sarà accreditato nel giro di da tre a cinque giorni.
In data 06/21/26 12:49 CEST, abbiamo avviato un trasferimento sul tuo metodo di pagamento (conto bancario che termina con 229) dell’importo di €
 204,78.
 Se l’importo è inferiore a quanto atteso, tieni in considerazione le seguenti domande:
 Hai un saldo non disponibile? Amazon potrebbe trattenere una certa somma per coprire i costi di eventuali resi, reclami o contestazioni di una transazione (chargeback) da parte degli acquirenti. In questo caso, il saldo finale nel tuo report sui pagamenti mostrerà il saldo non disponibile corrispondente alla cifra trattenuta.
 Le tue vendite coprono tutte le commissioni e i resi per questo ciclo di fatturazione? L’importo del pagamento rispecchia le attività di vendita, le commissioni di vendita e le tariffe per promozioni o servizi. Ti consigliamo di rivedere il report sui pagamenti nella scheda Report di Seller Central per comprendere le diverse spese che ",2026-07-18 06:10:52,RETR,xtbBsgsaAGo33evTHwAA3E
法务/侵权类,older,account_4,weihaizhongxin2024@126.com,"Sat, 20 Jun 2026 10:18:43 +0000","""Amazon.de"" <store-news@amazon.de>",Dein Einkaufswagen wartet,,"https://www.amazon.de/gp/cart/view.html?ref_=cor
Schwimmgurt für Pool, Schwimmhilfe Erwachsene Pool, Schwimmgurt Pool Erwachsene, Schwimmwiderstand Gürtel mit 2.5-7.5M Einstellbare Schwimmseil für Jedes Schwimmbad Ohne Gegenstromanlage
 -3 % 27,95 € UVP: 28,95 €
https://www.amazon.de/gp/product/B0DRCF83VZ/?ref_=
Einkaufswagen anzeigen
https://www.amazon.de/gp/cart/view.html?ref_=cor
Schaue dir weitere Optionen an
75x120 cm Feuerfeste Unterlage, Hitzeschutzmatte, Antihaft-Material Bodenschutzmatte, Grill Matten, Bodenmatte Feuerstellenmatte Outdoor BBQ Matte für Gasgrill Holzkohlegrill
 19,99 €
https://www.amazon.de/gp/product/B0DBLM41YS/?ref_=ci_mcx_mr_2p_0_lm
Feuerfeste Unterlage, 130 × 80cm Hitzebeständig bis 982 ℃ Hitzeschutzmatte, Grillmatte, Feuerschutzmatte, Fallschutzmatten Outdoor, Bodenschutzmatte, BBQ Grill Matte für Gasgrill Holzkohlegrill
 -8 % 23,95 € UVP: 25,95 €
https://www.amazon.de/gp/product/B0DRC8LPGS/?ref_=ci_mcx_mr_2p_1_lm
Alckijy Feuerfeste Unterlage | 100 * 150cm Faltbare Hitzeschutzmatte | Bodenschutzmatte | Grillmatten | Bodenmatte | Grillteppich | Funkenschutzplatte | für BBQ Grills Kaminöfen Boden Rasen usw
Befristetes Angebot -18 % 20,38 € UVP: 24,95 €
h",2026-07-18 06:10:48,RETR,xtbBsgeDaWo2aQfssgAA3z
法务/侵权类,older,account_4,weihaizhongxin2024@126.com,"Fri, 19 Jun 2026 10:02:13 +0000",Amazon Europe <no-reply@sell.amazon.com>,最后机会：请于6月19日前提报 Prime Day 促销,,"最大化您的 Prime Day 业绩
尊敬的卖家，
为 2026 年 Prime Day做好准备 - 为数百万 Prime 会员打造不容错过的优惠！加入我们今年6月为期4天活动。通过提交促销，确保充足库存，提升曝光度以助力您冲刺最佳业绩！
请在 Prime Day 开始前查看您已获批准促销 https://go.amazonsellerservices.com/e/229492/nding-ld-DC-EM-D470953677-Wk25/7z45671/6722985456/h/5AnilXP2yESJTKAxzKDWgMpQYpr4YCtcQBKeDTlOjAk 的状态，并处理任何显示“需要操作（Needs Attention）” https://go.amazonsellerservices.com/e/229492/up-cn-ld-DC-EM-D470953677-Wk25/7z45674/6722985456/h/5AnilXP2yESJTKAxzKDWgMpQYpr4YCtcQBKeDTlOjAk 的促销。请注意，收到此邮件并不一定代表您的促销存在问题。
关键日期
活动日期： 2026年6月 (具体日期待公布)
提报截止日期： 促销 – 2026 年 6 月 19 日，价格折扣 – 活动结束前 12 小时
提报您的促销 > https://go.amazonsellerservices.com/e/229492/reate-ld-DC-EM-D470953677-Wk25/7z45677/6722985456/h/5AnilXP2yESJTKAxzKDWgMpQYpr4YCtcQBKeDTlOjAk
<table align=""center"" border=""0"" cellpadding=""0"" cellspacing=""0"" class=""section"" role=""presentation"" style=""width:100%;"">
	<tbody>
		<tr>
			<td align=""center"">
			<div role=""none"">
<!--[if(mso)|(IE)]>
<table align=""center"" border=""0"" cellpadding=""0"" cellspacing=""0"" class=""block-grid-outlook"" style=""width:600px;"" width=""600"" >
<tr>
<td style=""line-height:0px;font-size:0px;mso-line-height-rule:exactly;""><![endif]-->
			<div style=""margin:0 auto;border-radius:0px;max-width:600px",2026-07-18 06:10:45,RETR,xtbBswrWvGo1E6qV2wAA37
法务/侵权类,older,account_4,weihaizhongxin2024@126.com,"Thu, 18 Jun 2026 14:18:31 +0000","""Amazon.de"" <store-news@amazon.de>",Dein Einkaufswagen wartet,,"https://www.amazon.de/gp/cart/view.html?ref_=cor
Alckijy Feuerfeste Unterlage | 100 * 150cm Faltbare Hitzeschutzmatte | Bodenschutzmatte | Grillmatten | Bodenmatte | Grillteppich | Funkenschutzplatte | für BBQ Grills Kaminöfen Boden Rasen usw
Befristetes Angebot -18 % 20,38 € UVP: 24,95 €
https://www.amazon.de/gp/product/B0CSGBZG8W/?ref_=
Einkaufswagen anzeigen
https://www.amazon.de/gp/cart/view.html?ref_=cor
Schaue dir weitere Optionen an
75x120 cm Feuerfeste Unterlage, Hitzeschutzmatte, Antihaft-Material Bodenschutzmatte, Grill Matten, Bodenmatte Feuerstellenmatte Outdoor BBQ Matte für Gasgrill Holzkohlegrill
 19,99 €
https://www.amazon.de/gp/product/B0DBLM41YS/?ref_=ci_mcx_mr_2p_0_lm
Feuerfeste Unterlage, 130 × 80cm Hitzebeständig bis 982 ℃ Hitzeschutzmatte, Grillmatte, Feuerschutzmatte, Fallschutzmatten Outdoor, Bodenschutzmatte, BBQ Grill Matte für Gasgrill Holzkohlegrill
 -8 % 23,95 € UVP: 25,95 €
https://www.amazon.de/gp/product/B0DRC8LPGS/?ref_=ci_mcx_mr_2p_1_lm
100 * 150cm Feuerfeste Unterlage - Hitzebeständig bis 1800°F Hitzeschutzmatte - Grillteppich Bodenschutzmatte Grillmatten Bodenmatte Feuerstellenmatte Outdoor BBQ Matte für Gasgrill Holzkohlegrill
Befristetes Angebo",2026-07-18 06:10:40,RETR,xtbBpRw2HGoz-jwM6QAA3t
法务/侵权类,older,account_4,weihaizhongxin2024@126.com,"Thu, 18 Jun 2026 10:14:39 +0000",Amazon Europe <donotreply@amazon.com>,Soumettre les numéros d'enregistrement REP avant le 30 juin,,"96
 You’ll be enrolled in EPR Pay on Behalf unless you provide valid Extended Producer Responsibility registration numbers by June 30
                                                     ‍͏  ͏  ‍͏  ͏  ‍͏  ͏  ‍͏  ͏  ‍͏  ͏  ‍͏  ͏  ‍͏  ͏  ‍͏  ͏  ‍͏  ͏  ‍͏  ͏  ‍͏  ͏  ‍͏  ͏  ‍͏  ͏  ‍͏  ͏  ‍͏  ͏  ‍͏  ͏  ‍͏  ͏  ‍͏  ͏  ‍͏  ͏  ‍͏  ͏  ‍͏  ͏  ‍͏  ͏  ‍͏  ͏  ‍͏  ͏  ‍͏  ͏  ‍͏  ͏  ‍͏  ͏  ‍͏  ͏  ‍͏  ͏  ‍͏  ͏  ‍͏  ͏  ‍͏  ͏  ‍͏  ͏  ‍͏  ͏  ‍͏  ͏  ‍͏  ͏  ‍͏  ͏  ‍͏  ͏  ‍͏  ͏ ͏‌ ­ ­ ­ ­ ͏‌ ­ ­ ­ ­ ͏‌ ­ ­ ­ ­ ͏‌ ­ ­ ­ ­ ͏‌ ­ ­ ­ ­ ͏‌ ­ ­ ­ ­ ͏‌ ­ ­ ­ ­ ͏‌ ­ ­ ­ ­ ͏‌ ­ ­ ­ ­ ͏‌ ­ ­ ­ ­ ͏‌ ­ ­ ­ ­ ͏‌ ­ ­ ­ ­ ͏‌ ­ ­ ­ ­ ͏‌ ­ ­ ­ ­ ͏‌ ­ ­ ­ ­ ͏‌ ­ ­ ­ ­ ͏‌ ­ ­ ­ ­ ͏‌ ­ ­ ­ ­ ͏‌ ­ ­ ­ ­ ͏‌ ­ ­ ­ ­ ͏‌ ­ ­ ­ ­ ͏‌ ­ ­ ­ ­ ͏‌ ­ ­ ­ ­ ͏‌ ­ ­ ­ ­ ͏‌ ­ ­ ­ ­ ͏‌ ­ ­ ­ ­ ͏‌ ­ ­ ­ ­ ͏‌ ­ ­ ­ ­ ͏‌ ­ ­ ­ ­ ͏‌ ­ ­ ­ ­ ͏‌ ­ ­ ­ ­ ͏‌ ­ ­ ­ ­ ͏‌ ­ ­ ­ ­ ͏‌ ­ ­ ­ ­ ͏‌ ­ ­ ­ ­ ͏‌ ­ ­ ­ ­ ͏‌ ­ ­ ­ ­ ͏‌ ­ ­ ­ ­ ͏‌ ­ ­ ­ ­ ͏‌ ­ ­ ­ ­ ͏‌ ­ ­ ­ ­ ͏‌ ­ ­ ­ ­ ͏‌ ­ ­ ­ ­ ͏‌ ­ ­ ­ ­ ͏‌ ­ ­ ­ ­ ͏‌ ­ ­ ­ ­ ͏‌ ­ ­ ­ ­ ͏‌ ­ ­ ­ ­ ͏‌ ­ ­ ­ ­ ͏‌ ­ ­ ­ ­ ͏‌ ­ ­ ­ ­ ͏‌ ­ ­ ­ ­ ͏‌ ­ ­ ­ ­ ͏‌ ­ ­ ­ ­ ͏‌ ­ ­ ­ ­ ͏‌ ­ ­ ­ ­ ͏‌ ­ ­ ­ ­ ͏‌ ­ ­ ­ ­ ͏‌ ­ ­ ­ ­ ͏‌ ­ ­ ­ ­ ͏‌ ­ ­ ­ ­ ͏‌ ­ ­ ­ ­ ͏‌ ­ ­ ­ ­ ͏‌ ­ ­ ­ ­ ͏‌ ­ ­ ­ ­
 Vous serez inscrit au REP",2026-07-18 06:10:39,RETR,xtbBpBHcwmozxRGsmQAA3T
法务/侵权类,older,account_4,weihaizhongxin2024@126.com,"Thu, 18 Jun 2026 09:11:12 +0000",Amazon Europe <donotreply@amazon.com>,Seller News: June 2026,,"Amazon Services
 96
 Learn about the latest updates to Seller Central and more.
 Our Seller Newsletter provides the most important policy, tool, and program updates from the past month. Stay informed about selling on Amazon.
 Updates to improve your product titles begin on July 27
 To ensure that your product titles appeal to customers everywhere, we’re making some changes that will help you show your product name and your product highlights seamlessly.
 Read more .
 Changes to the Amazon Services Europe Business Solutions Agreement
 Effective from August 1, 2026, we’re updating the Amazon Services Europe Business Solutions Agreement to standardise the way referral fees are calculated on all Amazon orders.
 Read more .
 Introducing the new Seller Central experience
 We've redesigned Seller Central to help you spend less time searching for information and more time growing your business. The new experience consolidates your tools, metrics and tasks into purpose-built workspaces.
 Read more .
 Select specific regions for your heavy and bulky items
 You can now select specific regions for dispatching your heavy and bulky items with our updated shipping templates. These updated templat",2026-07-18 06:10:39,RETR,xtbBpRMhB2oztjM3qgAA3R
法务/侵权类,older,account_4,weihaizhongxin2024@126.com,"Wed, 17 Jun 2026 17:13:19 +0000",Amazon Services <donotreply@amazon.com>,"Get increased New Selection Program (2026) benefits starting July
 30",,"96
 Effective July 30, 2026, the New Selection Program (2026) launches with increased benefits to help you launch new branded products with reduced costs and complexity while boosting early sales.
 Hello,
 If you’re currently enrolled in our existing New Selection Program , you’ll automatically receive New Selection Program (2026) benefits for new branded FBA ASINs that launch starting July 30, through October 31, 2026, as an introductory offer.
 To continue to receive New Selection Program (2026) benefits after October 31, you must confirm your enrollment on Enroll in New Selection Program (2026) . From July 30, the existing New Selection Program will end.
New benefits for an eligible new-to-FBA product include (applicable from first inventory received date):
- Instant fee credits equivalent to capping referral fees to 10% (or your existing rate, whichever is lower) on your first 100 units and 5% (or your existing rate, whichever is lower) on the next 100 units. Credits apply to major fees, like referral and fulfillment fees.
- $50 in coupon variable fee credits and $75 in Vine enrollment fee credits (applied to middle tier), usable within the first 60 days.
- Free storage, free c",2026-07-18 06:10:37,RETR,xtbBsxPIrmoy1bNq+gAA3o
货件/库存类,older,account_4,weihaizhongxin2024@126.com,"Sat, 11 Jul 2026 04:26:29 +0000",Fulfilment by Amazon <donotreply@amazon.com>,Create FBA removal order by 2026-07-23,,"96
Automated removals of unfulfillable inventory
 Required removals: First notification
 Required removals: First notification
 Hello,
Your FBA inventory listed below became unsellable in the past seven days. You must create a removal order by 2026-07-23 or these items will be disposed of. Removal fees will apply. Review the affected items and next steps below.
Unsellable products:
- FNSKU: B0DRC8LPGS Quantity: 1
 Why is this happening?
This action is required because these items are no longer in sellable condition in our fulfilment centres. According to our FBA Required Removals policy, all unsuitable units must be removed within 14 days of notification. To learn more, go to our FBA Required Removals policy .
We leveraged a combination of automated means to identify this issue and make this decision.
 How do I address this?
Follow these steps to manage your unsellable inventory:
- Check your complete list and quantity of unsellable items in the Manage FBA inventory .
- Create a removal order (removal fees apply) by following the instructions in Remove inventory overview .
 To avoid future manual inventory removal orders, set up Automated Unfulfillable Removals function in your FBA",2026-07-18 06:12:52,RETR,xtbBshiehGpRxfjNlwAA3s
货件/库存类,older,account_4,weihaizhongxin2024@126.com,"Sat, 11 Jul 2026 04:08:56 +0000",Fulfilment by Amazon <donotreply@amazon.com>,Disposal order created for unsellable FBA inventory,,"96
Automated Removals of Unfulfillable Inventory
 Final notice: Disposal order for your unfulfillable FBA inventory
 Final notice: Disposal order for your unfulfillable FBA inventory
 Hello,
You have unfulfillable inventory that has been in a fulfilment centre for more than 14 days. We have created a disposal order for these items.
 Why is this happening?
This action is required because these unfulfillable items have remained in our fulfilment centres for more than 14 days after notification. According to our FBA Required Removals policy, cancelling a required removal order is not permitted. To learn more, visit our FBA Required Removals policy .
 Removal order ID:
- lnAMEX0pyh
 Unsellable Products:
- FNSKU: X002A05YW5 Quantity: 1
 For more information about the disposal order process, see Remove inventory from a fulfilment centre .
 To monitor your unfulfillable inventory, see the Manage FBA Inventory for total unsellable quantities or the Recommended Removal report for unsellable and aged inventory details.
 The Fulfilment by Amazon Team
 Report an issue with this email
 If you have any questions visit: Seller Central
 To change your email preferences visit: Notification Preferen",2026-07-18 06:12:51,RETR,xtbBsxqVe2pRwdrf4gAA3a
货件/库存类,older,account_4,weihaizhongxin2024@126.com,"Sat, 11 Jul 2026 03:06:39 +0000",Fulfilment by Amazon <donotreply@amazon.com>,Create FBA removal order by 2026-07-23,,"96
Automated removals of unfulfillable inventory
 Required removals: First notification
 Required removals: First notification
 Hello,
Your FBA inventory listed below became unsellable in the past seven days. You must create a removal order by 2026-07-23 or these items will be disposed of. Removal fees will apply. Review the affected items and next steps below.
Unsellable products:
- FNSKU: B0DRC8LPGS Quantity: 2
- FNSKU: B0DRCB74YN Quantity: 7
- FNSKU: B0DRCF83VZ Quantity: 10
 Why is this happening?
This action is required because these items are no longer in sellable condition in our fulfilment centres. According to our FBA Required Removals policy, all unsuitable units must be removed within 14 days of notification. To learn more, go to our FBA Required Removals policy .
We leveraged a combination of automated means to identify this issue and make this decision.
 How do I address this?
Follow these steps to manage your unsellable inventory:
- Check your complete list and quantity of unsellable items in the Manage FBA inventory .
- Create a removal order (removal fees apply) by following the instructions in Remove inventory overview .
 To avoid future manual inventory removal ord",2026-07-18 06:12:51,RETR,xtbBswPr0WpRs0OGzAAA3L
货件/库存类,older,account_4,weihaizhongxin2024@126.com,"Sat, 4 Jul 2026 04:34:30 +0000",Fulfilment by Amazon <donotreply@amazon.com>,Disposal order created for unsellable FBA inventory,,"96
Automated Removals of Unfulfillable Inventory
 Final notice: Disposal order for your unfulfillable FBA inventory
 Final notice: Disposal order for your unfulfillable FBA inventory
 Hello,
You have unfulfillable inventory that has been in a fulfilment centre for more than 14 days. We have created a disposal order for these items.
 Why is this happening?
This action is required because these unfulfillable items have remained in our fulfilment centres for more than 14 days after notification. According to our FBA Required Removals policy, cancelling a required removal order is not permitted. To learn more, visit our FBA Required Removals policy .
 Removal order ID:
- 0uWEj59btv
 Unsellable Products:
- FNSKU: B0DRC8LPGS Quantity: 1
- FNSKU: X002A05YW5 Quantity: 2
 For more information about the disposal order process, see Remove inventory from a fulfilment centre .
 To monitor your unfulfillable inventory, see the Manage FBA Inventory for total unsellable quantities or the Recommended Removal report for unsellable and aged inventory details.
 The Fulfilment by Amazon Team
 Report an issue with this email
 If you have any questions visit: Seller Central
 To change your email preferen",2026-07-18 06:11:57,RETR,xtbBpBomDGpIjVoVjgAA36
货件/库存类,older,account_4,weihaizhongxin2024@126.com,"Sat, 4 Jul 2026 03:35:02 +0000",Fulfilment by Amazon <donotreply@amazon.com>,Create FBA removal order by 2026-07-16,,"96
Automated removals of unfulfillable inventory
 Required removals: First notification
 Required removals: First notification
 Hello,
Your FBA inventory listed below became unsellable in the past seven days. You must create a removal order by 2026-07-16 or these items will be disposed of. Removal fees will apply. Review the affected items and next steps below.
Unsellable products:
- FNSKU: B0DRCB74YN Quantity: 4
- FNSKU: B0DRCC2H56 Quantity: 1
- FNSKU: B0DRCF83VZ Quantity: 4
 Why is this happening?
This action is required because these items are no longer in sellable condition in our fulfilment centres. According to our FBA Required Removals policy, all unsuitable units must be removed within 14 days of notification. To learn more, go to our FBA Required Removals policy .
We leveraged a combination of automated means to identify this issue and make this decision.
 How do I address this?
Follow these steps to manage your unsellable inventory:
- Check your complete list and quantity of unsellable items in the Manage FBA inventory .
- Create a removal order (removal fees apply) by following the instructions in Remove inventory overview .
 To avoid future manual inventory removal orde",2026-07-18 06:11:57,RETR,xtbBswimjGpIf2jWMAAA3C
货件/库存类,older,account_4,weihaizhongxin2024@126.com,"Sat, 4 Jul 2026 03:23:13 +0000",Fulfilment by Amazon <donotreply@amazon.com>,Create FBA removal order by 2026-07-16,,"96
Automated removals of unfulfillable inventory
 Required removals: First notification
 Required removals: First notification
 Hello,
Your FBA inventory listed below became unsellable in the past seven days. You must create a removal order by 2026-07-16 or these items will be disposed of. Removal fees will apply. Review the affected items and next steps below.
Unsellable products:
- FNSKU: B0DRCF83VZ Quantity: 1
 Why is this happening?
This action is required because these items are no longer in sellable condition in our fulfilment centres. According to our FBA Required Removals policy, all unsuitable units must be removed within 14 days of notification. To learn more, go to our FBA Required Removals policy .
We leveraged a combination of automated means to identify this issue and make this decision.
 How do I address this?
Follow these steps to manage your unsellable inventory:
- Check your complete list and quantity of unsellable items in the Manage FBA inventory .
- Create a removal order (removal fees apply) by following the instructions in Remove inventory overview .
 To avoid future manual inventory removal orders, set up Automated Unfulfillable Removals function in your FBA",2026-07-18 06:11:57,RETR,xtbBswT02mpIfKTBwAAA3i
货件/库存类,older,account_4,weihaizhongxin2024@126.com,"Sat, 27 Jun 2026 04:46:44 +0000",Fulfilment by Amazon <donotreply@amazon.com>,Disposal order created for unsellable FBA inventory,,"96
Automated Removals of Unfulfillable Inventory
 Final notice: Disposal order for your unfulfillable FBA inventory
 Final notice: Disposal order for your unfulfillable FBA inventory
 Hello,
You have unfulfillable inventory that has been in a fulfilment centre for more than 14 days. We have created a disposal order for these items.
 Why is this happening?
This action is required because these unfulfillable items have remained in our fulfilment centres for more than 14 days after notification. According to our FBA Required Removals policy, cancelling a required removal order is not permitted. To learn more, visit our FBA Required Removals policy .
 Removal order ID:
- j2cKowrwuw
 Unsellable Products:
- FNSKU: X002A02JJ1 Quantity: 2
- FNSKU: X002A05YW5 Quantity: 1
 For more information about the disposal order process, see Remove inventory from a fulfilment centre .
 To monitor your unfulfillable inventory, see the Manage FBA Inventory for total unsellable quantities or the Recommended Removal report for unsellable and aged inventory details.
 The Fulfilment by Amazon Team
 Report an issue with this email
 If you have any questions visit: Seller Central
 To change your email preferen",2026-07-18 06:11:31,RETR,xtbBpRfs0mo-VbcwLQAA3m
货件/库存类,older,account_4,weihaizhongxin2024@126.com,"Sat, 27 Jun 2026 04:45:39 +0000",Fulfilment by Amazon <donotreply@amazon.com>,Disposal order created for unsellable FBA inventory,,"96
Automated Removals of Unfulfillable Inventory
 Final notice: Disposal order for your unfulfillable FBA inventory
 Final notice: Disposal order for your unfulfillable FBA inventory
 Hello,
You have unfulfillable inventory that has been in a fulfilment centre for more than 14 days. We have created a disposal order for these items.
 Why is this happening?
This action is required because these unfulfillable items have remained in our fulfilment centres for more than 14 days after notification. According to our FBA Required Removals policy, cancelling a required removal order is not permitted. To learn more, visit our FBA Required Removals policy .
 Removal order ID:
- go0BbIMUoR
 Unsellable Products:
- FNSKU: B0DRCC2H56 Quantity: 1
- FNSKU: B0DRCF83VZ Quantity: 2
- FNSKU: X002A05YW5 Quantity: 5
 For more information about the disposal order process, see Remove inventory from a fulfilment centre .
 To monitor your unfulfillable inventory, see the Manage FBA Inventory for total unsellable quantities or the Recommended Removal report for unsellable and aged inventory details.
 The Fulfilment by Amazon Team
 Report an issue with this email
 If you have any questions visit: Seller Centra",2026-07-18 06:11:31,RETR,xtbBpRbcwmo-VXYufwAA3K
货件/库存类,older,account_4,weihaizhongxin2024@126.com,"Sat, 27 Jun 2026 03:25:54 +0000",Fulfilment by Amazon <donotreply@amazon.com>,Create FBA removal order by 2026-07-09,,"96
Automated removals of unfulfillable inventory
 Required removals: First notification
 Required removals: First notification
 Hello,
Your FBA inventory listed below became unsellable in the past seven days. You must create a removal order by 2026-07-09 or these items will be disposed of. Removal fees will apply. Review the affected items and next steps below.
Unsellable products:
- FNSKU: B0DRCB74YN Quantity: 3
- FNSKU: B0DRCF83VZ Quantity: 2
 Why is this happening?
This action is required because these items are no longer in sellable condition in our fulfilment centres. According to our FBA Required Removals policy, all unsuitable units must be removed within 14 days of notification. To learn more, go to our FBA Required Removals policy .
We leveraged a combination of automated means to identify this issue and make this decision.
 How do I address this?
Follow these steps to manage your unsellable inventory:
- Check your complete list and quantity of unsellable items in the Manage FBA inventory .
- Create a removal order (removal fees apply) by following the instructions in Remove inventory overview .
 To avoid future manual inventory removal orders, set up Automated Unfulfillab",2026-07-18 06:11:30,RETR,xtbBswUsEmo-QsXGRwAA3b
货件/库存类,older,account_4,weihaizhongxin2024@126.com,"Sat, 20 Jun 2026 04:59:29 +0000",Fulfilment by Amazon <donotreply@amazon.com>,Disposal order created for unsellable FBA inventory,,"96
Automated Removals of Unfulfillable Inventory
 Final notice: Disposal order for your unfulfillable FBA inventory
 Final notice: Disposal order for your unfulfillable FBA inventory
 Hello,
You have unfulfillable inventory that has been in a fulfilment centre for more than 14 days. We have created a disposal order for these items.
 Why is this happening?
This action is required because these unfulfillable items have remained in our fulfilment centres for more than 14 days after notification. According to our FBA Required Removals policy, cancelling a required removal order is not permitted. To learn more, visit our FBA Required Removals policy .
 Removal order ID:
- 9U/Ti42WHq
 Unsellable Products:
- FNSKU: B0DRC8LPGS Quantity: 1
- FNSKU: X002A05YW5 Quantity: 1
 For more information about the disposal order process, see Remove inventory from a fulfilment centre .
 To monitor your unfulfillable inventory, see the Manage FBA Inventory for total unsellable quantities or the Recommended Removal report for unsellable and aged inventory details.
 The Fulfilment by Amazon Team
 Report an issue with this email
 If you have any questions visit: Seller Central
 To change your email preferen",2026-07-18 06:10:48,RETR,xtbBpBW8omo2HjW6cwAA3R
货件/库存类,older,account_4,weihaizhongxin2024@126.com,"Sat, 20 Jun 2026 03:24:34 +0000",Fulfilment by Amazon <donotreply@amazon.com>,Create FBA removal order by 2026-07-02,,"96
Automated removals of unfulfillable inventory
 Required removals: First notification
 Required removals: First notification
 Hello,
Your FBA inventory listed below became unsellable in the past seven days. You must create a removal order by 2026-07-02 or these items will be disposed of. Removal fees will apply. Review the affected items and next steps below.
Unsellable products:
- FNSKU: B0DRCB74YN Quantity: 3
- FNSKU: B0DRCF83VZ Quantity: 2
 Why is this happening?
This action is required because these items are no longer in sellable condition in our fulfilment centres. According to our FBA Required Removals policy, all unsuitable units must be removed within 14 days of notification. To learn more, go to our FBA Required Removals policy .
We leveraged a combination of automated means to identify this issue and make this decision.
 How do I address this?
Follow these steps to manage your unsellable inventory:
- Check your complete list and quantity of unsellable items in the Manage FBA inventory .
- Create a removal order (removal fees apply) by following the instructions in Remove inventory overview .
 To avoid future manual inventory removal orders, set up Automated Unfulfillab",2026-07-18 06:10:47,RETR,xtbBpRUnDWo2B-VSSAAA3u
其他风险类,older,account_4,weihaizhongxin2024@126.com,"Mon, 6 Jul 2026 03:21:27 +0000","""Amazon Seller Central Communications (Do Not Reply)"" <donotreply@amazon.com>","[Amazon.co.uk] One or More of Your Amazon Listings Have Been Search
 Suppressed",,"96
[Amazon.co.uk] One or More of Your Amazon Listings Have Been Search Suppressed
 [Amazon.co.uk] One or More of Your Amazon Listings Have Been Search Suppressed
 One or more of your Amazon UK listings have been suppressed from search results
 Amazon took action on one or more of your listings. 1 listing(s) were quarantined and removed from search results on the Amazon website. The affected listings do not meet Amazon’s ASIN Creation Policy , Duplicate ASIN Creation Policy , Product Image Requirements or Product Title Requirements .
 Review and edit quarantined listings Affected Listings
 ASIN SKU Enforcement Reason B0H11DGDRL WH-DE-0508-HCGD-02 More Information Required
 How do I resolve quarantined listings?
 Review and edit the listing(s) on the Suppressed Inventory page in Seller Central to correct the affected attributes or images.
 Once the affected attributes or images have been corrected, the listing(s) will be removed from quarantine and made available in search results.
 Have your listings been quarantined by mistake?
 If you believe that there has been an error, please contact Amazon Selling Partner Support to provide details explaining how the listing(s) have not violat",2026-07-18 06:12:02,RETR,xtbBsxtDKWpLHzs1PgAA3M
其他风险类,older,account_4,weihaizhongxin2024@126.com,"Wed, 1 Jul 2026 00:16:50 +0000","""Amazon.com"" <donotreply@amazon.com>",View your US Q3-2026 CSBA fee rate,,"96
 (Important) CSBA US Fee rate for Q3-2026
 Review your updated Customer Service by Amazon fee rate and metrics
 Hello,
 This is your quarterly update regarding Customer Service by Amazon (CSBA) fees.
 Your CSBA fee rate for Q3-2026 (Jul 1, 2026 through Sep 30, 2026) will be based on your performance metrics from Q2-2026 (Apr 1, 2026 through Jun 25, 2026). To learn more about program fees, go to Customer Service by Amazon fees .
 Fee tier & rate
 Q2-2026 contacts
 0
 Q2-2026 self-fulfilled shipped units
 0
 Q2-2026 contacts per unit (CPU¹)
 N/A%
 Q3-2026 fee rate² ($ per self-fulfilled shipped unit)
 $0.00
 ¹ Contacts per unit (CPU) = CSBA contacts / self-fulfilled shipped units
 ² Your fee rate for the previous quarter was $0.00.
 CSBA Insights Dashboard
 Get the most out of Customer Service by Amazon
 Use the CSBA Insights dashboard in Seller Central to:
- Review customer service contacts handled by Amazon
- Find ways to improve customer experience
- Reduce contact and return rates
 Follow these practices to prevent customer confusion and minimize your workload:
- Monitor the Response Needed inbox within the Buyer-Seller Messaging Service . In the rare case that we need your he",2026-07-18 06:11:43,RETR,xtbBpRbfxWpEXHZ5RgAA3S
其他风险类,older,account_4,weihaizhongxin2024@126.com,"Thu, 25 Jun 2026 12:14:25 +0000",Sell with Amazon <no-reply@sell.amazon.com>,Connect with an Amazon expert at Seller Café—Save $100 with early-bird pricing,,"[Amazon logo](https://go.amazonsellerservices.com/e/229492/-ld-EM/7z46y96/6733799304/h/qLPgz01lmZlp6bu7C295K13RXyMwFkd7KKOkI6IliSc)
[Partner Connect at Accelerate 2026](https://go.amazonsellerservices.com/e/229492/4uHYwMZ-ld-EM/7z46y99/6733799304/h/qLPgz01lmZlp6bu7C295K13RXyMwFkd7KKOkI6IliSc)
Experts matched to your business needs
Some challenges don't have a one-size-fits-all answer. Seller Cafe gives you 30 minutes with an Amazon expert who can help you find yours. It's one of the most popular offerings at Amazon Accelerate, and this year, it's even better.
Join us from September 22 to 24, 2026, in Seattle, WA.
[Register now](https://go.amazonsellerservices.com/e/229492/4uHYwMZ-ld-EM/7z46y99/6733799304/h/qLPgz01lmZlp6bu7C295K13RXyMwFkd7KKOkI6IliSc)
“We brought up our questions and challenges when signing up at the Seller Cafe, the [subject matter expert] has tremendous knowledge in her field and she did deep dive into our Amazon account prior to the meeting and was totally prepared to answer our questions. The best of all, the SME and her manager helped us solved one of our biggest problems right there on spot. I am so thrilled.”
2025 attendee
How it works
[A checkmark icon]
Regi",2026-07-18 06:11:19,RETR,xtbBswTZv2o9G6QYAAAA3h
