category,time_bucket,account,account_user,date,from,subject,hit_keywords,body_preview,detected_at,fetch_mode,uid
付款/资金类,today,account_4,weihaizhongxin2024@126.com,"Wed, 27 May 2026 13:35:40 +0000",Amazon Services <donotreply@amazon.com>,Tu pago está en camino,,"96
This title will display on mobile devices
 ¡Enhorabuena! El pago está de camino y llegará pronto.
 El pago está en camino
Enhorabuena, Weihai EU. Tu pago está en camino y te llegará en un plazo de tres a cinco días.
El 05/27/26 13:35 WEST, iniciamos una transferencia a tu método de pago (cuenta bancaria terminado en 229) por un importe de €
 308,55.
 Si el importe es inferior a lo esperado, ten en cuenta las siguientes preguntas:
 ¿Tienes saldo no disponible en tu cuenta de vendedor? Puede que hayamos reservado algo de dinero para posibles devoluciones, reclamaciones o reversiones de cargo de clientes. En este caso, el saldo de cierre de tu informe de pagos te mostrará el saldo no disponible en reserva.
 ¿Cubren tus ventas las tarifas de Amazon y las devoluciones del periodo de liquidación? El importe del pago refleja las ventas que has hecho y las tarifas de venta aplicadas tanto a dichas ventas como a cualquier promoción o servicio que hayas utilizado. Te recomendamos que revises tu informe de pagos en ""Informes"" de Seller Central para conocer el saldo de cierre.
Para más información sobre los informes de pagos en Seller Central, visita nuestro curso oficial.
Te deseamos un éx",2026-05-27 23:11:45,RETR,xtbBpRApD2oW8zD+IQAA3z
产品链接/合规类,today,account_4,weihaizhongxin2024@126.com,"Wed, 27 May 2026 17:40:38 +0000",Fulfillment by Amazon Operations <fba-noreply@amazon.com>,Your Amazon.com Inventory - Action Required,,"Dear Weihai US,
We have recently restricted listings for the product(s) listed below on Amazon.com.
Please initiate a removal request for the ASIN(s) referenced below to have your inventory sent to a location of your choosing. If this inventory is not removed within 30 days of this notification (by 06/25/2026), we may dispose of it in accordance with FBA policies.
Thank you for your attention to this matter.
Regards,
Product Safety Team
Amazon.com
www.amazon.com
Please note: this e-mail was sent from a notification-only address that cannot accept incoming e-mail. Please do not reply to this message.
Affected Product(s):
B0FD8VC559
Was this email helpful?
 https://sellercentral.amazon.com/gp/satisfaction/survey-form.html?ie=UTF8&HMDName=NotificationBusEmailHMD&customAttribute1Value=RESTRICTED_LISTING_PRODUCTS_REMOVAL_REQUEST
SPC-USAmazon-2023103611500356",2026-05-27 23:11:45,RETR,xtbBpBmRd2oXLJmQ4gAA3h
产品链接/合规类,today,account_4,weihaizhongxin2024@126.com,"Wed, 27 May 2026 11:02:38 +0000","""toys-safety-mv@amazon.com"" <toys-safety-mv@amazon.com>","RE:[CASE 20326051091] SELLER: A192R36HNXVJ38, ASIN: B0DRTR7GYJ,
 MARKETPLACE: 1 - PS - APPEAL",,"96
RE:[CASE 20326051091] SELLER: A192R36HNXVJ38, ASIN: B0DRTR7GYJ, MARKETPLACE: 1 - PS - APPEAL
Hello,
Thank you for submitting a second appeal. Your request is still not approved because the issue remains and the product has characteristics of Toys for children.
We request you take the following action to fulfill the compliance requirements for this product:
To ensure that your product is not removed from Amazon's US store, you require a test result that confirms your product's compliance with Amazon's Policy. Please initiate a test request for each product to one of the third-party Testing, Inspection, and Certification organizations through Account Health dashboard. See our third-party TIC services help page to learn more: https://sellercentral.amazon.com/help/hub/reference/external/GUTZ2R2DD6P2UMVB .
For more information on compliance requirements for Toys, please visit: https://sellercentral.amazon.com/help/hub/reference/external/GKJRA3FRPRKVBJJS
Once testing or verification is requested, please work with the chosen source to provide all requested information to complete testing of your product or verification of your existing test documents. Once the third-party TIC services ",2026-05-27 23:11:44,RETR,xtbBshAoDmoWz1AF2wAA35
付款/资金类,last7,account_4,weihaizhongxin2024@126.com,"Mon, 25 May 2026 14:39:47 +0000",Amazon Services <donotreply@amazon.com>,Your payment is on the way,,"96
This title will display on mobile devices
 Congratulations! Your payment is on the way and will arrive soon.
 Disbursement attempted
Congratulations Weihai CA! Your payment is on the way and will arrive within three to five days.
On 05/25/26 14:39 EDT, we initiated a transfer to your payment method (bank account ending in 151) in the amount of CAD
 350.61.
 If the amount is less than expected, here are a few questions to consider:
 Do you have an unavailable balance? Amazon might be reserving money to cover potential returns, claims or chargebacks from buyers. If this is the case, the closing balance in your Payment Report will display the unavailable balance that is reserved.
 Did your sales cover all fees and returns for this statement period? The payment amount reflects sales activities, selling fees and fees for promotions or services. We recommend reviewing your Payment Report under the Reports tab in Seller Central to understand your closing balance.
To learn more about Payment Reports in Seller Central, please visit our official course.
We wish you continued success!
Thank you for selling in the Amazon Store,
Amazon Services
Help us improve your payment experience on Amaz",2026-05-27 23:11:41,RETR,xtbBpReEamoUXzch1AAA3-
付款/资金类,last7,account_4,weihaizhongxin2024@126.com,"Fri, 22 May 2026 15:30:35 +0000",Amazon Services <donotreply@amazon.com>,Your payment is on the way,,"96
This title will display on mobile devices
 Congratulations! Your payment is on the way and will arrive soon.
 Disbursement attempted
Congratulations Weihai CA! Your payment is on the way and will arrive within three to five days.
On 05/22/26 15:30 EDT, we initiated a transfer to your payment method (bank account ending in 151) in the amount of CAD
 300.27.
 If the amount is less than expected, here are a few questions to consider:
 Do you have an unavailable balance? Amazon might be reserving money to cover potential returns, claims or chargebacks from buyers. If this is the case, the closing balance in your Payment Report will display the unavailable balance that is reserved.
 Did your sales cover all fees and returns for this statement period? The payment amount reflects sales activities, selling fees and fees for promotions or services. We recommend reviewing your Payment Report under the Reports tab in Seller Central to understand your closing balance.
To learn more about Payment Reports in Seller Central, please visit our official course.
We wish you continued success!
Thank you for selling in the Amazon Store,
Amazon Services
Help us improve your payment experience on Amaz",2026-05-27 23:11:35,RETR,xtbBpR9jSWoQdp9lKQAA3P
付款/资金类,last7,account_4,weihaizhongxin2024@126.com,"Fri, 22 May 2026 15:29:45 +0000",Amazon Services <donotreply@amazon.com>,Tu pago está en camino,,"96
This title will display on mobile devices
 ¡Enhorabuena! El pago está de camino y llegará pronto.
 El pago está en camino
Enhorabuena, Weihai EU. Tu pago está en camino y te llegará en un plazo de tres a cinco días.
El 05/22/26 15:29 WEST, iniciamos una transferencia a tu método de pago (cuenta bancaria terminado en 229) por un importe de €
 229,88.
 Si el importe es inferior a lo esperado, ten en cuenta las siguientes preguntas:
 ¿Tienes saldo no disponible en tu cuenta de vendedor? Puede que hayamos reservado algo de dinero para posibles devoluciones, reclamaciones o reversiones de cargo de clientes. En este caso, el saldo de cierre de tu informe de pagos te mostrará el saldo no disponible en reserva.
 ¿Cubren tus ventas las tarifas de Amazon y las devoluciones del periodo de liquidación? El importe del pago refleja las ventas que has hecho y las tarifas de venta aplicadas tanto a dichas ventas como a cualquier promoción o servicio que hayas utilizado. Te recomendamos que revises tu informe de pagos en ""Informes"" de Seller Central para conocer el saldo de cierre.
Para más información sobre los informes de pagos en Seller Central, visita nuestro curso oficial.
Te deseamos un éx",2026-05-27 23:11:34,RETR,xtbBpAtWPGoQdmtmRQAA3B
付款/资金类,last7,account_4,weihaizhongxin2024@126.com,"Thu, 21 May 2026 14:22:00 +0000",Amazon Services <donotreply@amazon.com>,Your payment is on the way,,"96
This title will display on mobile devices
 Congratulations! Your payment is on the way and will arrive soon.
 Disbursement attempted
Congratulations Weihai CA! Your payment is on the way and will arrive within three to five days.
On 05/21/26 14:09 EDT, we initiated a transfer to your payment method (bank account ending in 151) in the amount of CAD
 358.48.
 If the amount is less than expected, here are a few questions to consider:
 Do you have an unavailable balance? Amazon might be reserving money to cover potential returns, claims or chargebacks from buyers. If this is the case, the closing balance in your Payment Report will display the unavailable balance that is reserved.
 Did your sales cover all fees and returns for this statement period? The payment amount reflects sales activities, selling fees and fees for promotions or services. We recommend reviewing your Payment Report under the Reports tab in Seller Central to understand your closing balance.
To learn more about Payment Reports in Seller Central, please visit our official course.
We wish you continued success!
Thank you for selling in the Amazon Store,
Amazon Services
Help us improve your payment experience on Amaz",2026-05-27 23:11:30,RETR,xtbBsgymjGoPFQz4qAAA34
产品链接/合规类,last7,account_4,weihaizhongxin2024@126.com,"Mon, 25 May 2026 03:58:41 +0000","""cscompliance-docreview-vendor@amazon.ca"" <cscompliance-docreview-vendor@amazon.ca>","SELLER: A192R36HNXVJ38, ASIN: B0FCDRNTT8, MARKETPLACE: 7 - CSC -
 DOC REVIEW",,"96
SELLER: A192R36HNXVJ38, ASIN: B0FCDRNTT8, MARKETPLACE: 7 - CSC - DOC REVIEW
 Do not reply back to this e-mail!
Hello,
Thank you for submitting a document to the Chemical Safety Compliance Team.
● The document uploaded for ""B0FCDRNTT8"" is incomplete, inaccurate or otherwise conflicting, and cannot be used for classification. Specifically:
→ The SDS must be composed in accordance with a valid regulation/legislation for Chemical Safety Compliance( for which your product is listed and stored ).
The SDS does not include the legislation/regulation in accordance with the document was created
Legislation/regulation should be also mentioned in section 2 “Hazard Identification”.
For guidance on Safety Data Sheet requirements, please refer to https://sellercentral.amazon.com/help/hub/reference/G5G6BBSA6FZQP9CP
Once you have corrected the problems listed above, please re-upload a valid document in Account Health Dashboard under ""Regulatory Compliance"" section. For any questions/appeals regarding these product/other products, please submit them ( for each ASIN separately ) in ""Account Health Dashboard"" under the relevant Appeal reason:
1. Go to the Account Health page and select the Regulato",2026-05-27 23:11:39,RETR,xtbBsxTOtGoTyPTpuAAA3J
产品链接/合规类,last7,account_4,weihaizhongxin2024@126.com,"Mon, 25 May 2026 03:53:39 +0000","""cscompliance-docreview-seller@amazon.com"" <cscompliance-docreview-seller@amazon.com>","SELLER: A192R36HNXVJ38, ASIN: B0FCDRNTT8, MARKETPLACE: 1 - CSC -
 DOC REVIEW",,"96
SELLER: A192R36HNXVJ38, ASIN: B0FCDRNTT8, MARKETPLACE: 1 - CSC - DOC REVIEW
 Do not reply back to this e-mail!
Hello,
Thank you for submitting a document to the Chemical Safety Compliance Team.
● The document uploaded for ""B0FCDRNTT8"" is incomplete, inaccurate or otherwise conflicting, and cannot be used for classification. Specifically:
→ The SDS must be composed in accordance with a valid regulation/legislation for Chemical Safety Compliance( for which your product is listed and stored ).
The SDS does not include the legislation/regulation in accordance with the document was created
Legislation/regulation should be also mentioned in section 2 “Hazard Identification”.
For guidance on Safety Data Sheet requirements, please refer to https://sellercentral.amazon.com/help/hub/reference/G5G6BBSA6FZQP9CP
Once you have corrected the problems listed above, please re-upload a valid document in Account Health Dashboard under ""Regulatory Compliance"" section. For any questions/appeals regarding these product/other products, please submit them ( for each ASIN separately ) in ""Account Health Dashboard"" under the relevant Appeal reason:
1. Go to the Account Health page and select the Regulato",2026-05-27 23:11:38,RETR,xtbBswWCaGoTx8XcfAAA3H
产品链接/合规类,last7,account_4,weihaizhongxin2024@126.com,"Mon, 25 May 2026 03:49:38 +0000","""cscompliance-docreview-vendor@amazon.com.mx"" <cscompliance-docreview-vendor@amazon.com.mx>","SELLER: A192R36HNXVJ38, ASIN: B0FCDRNTT8, MARKETPLACE: 771770 - CSC
 - DOC REVIEW",,"96
SELLER: A192R36HNXVJ38, ASIN: B0FCDRNTT8, MARKETPLACE: 771770 - CSC - DOC REVIEW
 Do not reply back to this e-mail!
Hello,
Thank you for submitting a document to the Chemical Safety Compliance Team.
● The document uploaded for ""B0FCDRNTT8"" is incomplete, inaccurate or otherwise conflicting, and cannot be used for classification. Specifically:
→ The SDS must be composed in accordance with a valid regulation/legislation for Chemical Safety Compliance( for which your product is listed and stored ).
The SDS does not include the legislation/regulation in accordance with the document was created
Legislation/regulation should be also mentioned in section 2 “Hazard Identification”.
For guidance on Safety Data Sheet requirements, please refer to https://sellercentral.amazon.com/help/hub/reference/G5G6BBSA6FZQP9CP
Once you have corrected the problems listed above, please re-upload a valid document in Account Health Dashboard under ""Regulatory Compliance"" section. For any questions/appeals regarding these product/other products, please submit them ( for each ASIN separately ) in ""Account Health Dashboard"" under the relevant Appeal reason:
1. Go to the Account Health page and select the Reg",2026-05-27 23:11:38,RETR,xtbBpBZGLGoTxtZlnwAA3L
产品链接/合规类,last7,account_4,weihaizhongxin2024@126.com,"Mon, 25 May 2026 03:02:52 +0000",Fulfillment by Amazon Operations <fba-noreply@amazon.com>,Your Amazon.com Inventory,,"Dear Weihai US,
You recently received a notice about the removal of your listing(s) for the product(s) listed below.
You were required to submit a removal request for the ASIN(s) referenced below to have your inventory sent to a location of your choosing within 30 days of the notification sent on 04/23/2026. Since a removal order was not submitted since the notification was sent, we have submitted a disposal order for this inventory in accordance with FBA policies.
For more information regarding the restriction of this product, see the notification e-mail you received from Product Safety. If you have additional questions, please contact Seller Support.
Thank you for your attention to this matter.
Regards,
Product Safety Team
Amazon.com
www.amazon.com
Please note: this e-mail was sent from a notification-only address that cannot accept incoming e-mail. Please do not reply to this message.
Affected Product(s):
B0FD8VC559
Was this email helpful?
 https://sellercentral.amazon.com/gp/satisfaction/survey-form.html?ie=UTF8&HMDName=NotificationBusEmailHMD&customAttribute1Value=RESTRICTED_PRODUCT_REMOVAL_ORDER_CREATED
SPC-USAmazon-1776813009307497",2026-05-27 23:11:38,RETR,xtbBpR+Fa2oTu9+4lwAA3m
产品链接/合规类,last7,account_4,weihaizhongxin2024@126.com,"Mon, 25 May 2026 02:57:24 +0000","""cscompliance-docreview-seller@amazon.de"" <cscompliance-docreview-seller@amazon.de>","SELLER: A1UYGOR4ZW45MU, ASIN: B0DD7R3PPG, MARKETPLACE:
 A1PA6795UKMFR9 - SPO - Seller Partner Outreach - Document Review",,"96
SELLER: A1UYGOR4ZW45MU, ASIN: B0DD7R3PPG, MARKETPLACE: A1PA6795UKMFR9 - SPO - Seller Partner Outreach - Document Review
 Do not reply back to this e-mail!
Hello,
Thank you for submitting a document to the Chemical Safety Compliance Team.
Upon review, we determined that the Safety Data Sheet ( SDS ) you uploaded for your ASIN is invalid due to it being incomplete, inaccurate, or otherwise conflicting, and thus, cannot be used for classification. Even though you've provided a written statement asserting that this SDS is the correct one, unfortunately, it doesn't validate its applicability for your product due to the following issues with the SDS:
→ The SDS must be composed in accordance with a valid regulation/legislation for Chemical Safety Compliance( for which your product is listed and stored ).
The SDS does not include the legislation/regulation in accordance with the document was created
Legislation/regulation should be also mentioned in section 2 “Hazard Identification”.
For guidance on Safety Data Sheet requirements, please refer to https://sellercentral.amazon.com/help/hub/reference/G5G6BBSA6FZQP9CP
Once you have corrected the problems listed above, please re-upload a val",2026-05-27 23:11:38,RETR,xtbBpRczGWoTupej3AAA3z
产品链接/合规类,last7,account_4,weihaizhongxin2024@126.com,"Mon, 25 May 2026 02:55:04 +0000","""cscompliance-docreview-seller@amazon.fr"" <cscompliance-docreview-seller@amazon.fr>","SELLER: A1UYGOR4ZW45MU, ASIN: B0DD7R3PPG, MARKETPLACE:
 A13V1IB3VIYZZH - SPO - Seller Partner Outreach - Document Review",,"96
SELLER: A1UYGOR4ZW45MU, ASIN: B0DD7R3PPG, MARKETPLACE: A13V1IB3VIYZZH - SPO - Seller Partner Outreach - Document Review
 Do not reply back to this e-mail!
Hello,
Thank you for submitting a document to the Chemical Safety Compliance Team.
Thank you for providing a written statement to confirm that the SDS you provided is the correct one for ASIN. Unfortunately, the written statement cannot be used to confirm applicability for the SDS uploaded due to the inaccurate or other conflicting reasons between these two documents. Specifically:
""I am reseller of the following product:"" : The name/title of the product on the declaration is ""12 color acrylic paint"" while the product name/title of the product from SDS section 1 ""See item 3 for details "".
It is necessary to upload new compliant documents - a valid safety data sheet and compliant declaration ( if applicable ) in ""Manage Your Compliance"" on ""Provide documents"" section.
→ The SDS must be composed in accordance with a valid regulation/legislation for Chemical Safety Compliance( for which your product is listed and stored ).
The SDS does not include the legislation/regulation in accordance with the document was created
Legislation/",2026-05-27 23:11:37,RETR,xtbBpQsQ9WoTugubuAAA3g
法务/侵权类,last7,account_4,weihaizhongxin2024@126.com,"Tue, 26 May 2026 12:22:30 +0000 (UTC)",TikTok Shop <tiktokshopseller@shop.tiktok.com>,借助这些高潜力商品加速你的业务成长,,"96
 借助这些高潜力商品加速你的业务成长
 ToyPuzzle
 ToyPuzzle，已有超 5 万名商家在使用“商品机会”提升销量。过去 30 天，你错失了一批热销商品，它们的销售潜力约为 TikTok Shop 其他商品的 3 倍（基于过去 30 天的销售数据）。我们为你精心定制了一份个性化商品清单，助你开启销售新机遇。
 为何要使用“商品机会”
 发现顾客正在主动搜索的热门商品。
 上架火爆热卖商品，助力你脱颖而出，增加曝光机会。
 解锁专属支持权益，帮助你更快打造热销商品。
 表现
 查看头部 10% 商家的表现，排名依据为“过去 30 天内通过‘商品机会’产生的销售额占总销售额的百分比”。
 月度平均指标
 发品总数
 613
 动销发品数
 327
 下单数
 20310
 店铺 GMV 贡献占比
 84.96
 为你推荐
 我们根据你的店铺类目，筛选了热门商品，助你快速提升销量。
 操作
 类型
 图片
 商品
 类目
 销量（过去 30 天）
 可上架商品数
 添加商品
 关键词
 gray stripe
 Stuffed Toys
 /
 0
 添加商品
 关键词
 plushie army
 Stuffed Toys
 /
 27
 添加商品
 关键词
 action figures
 Action & Toy Figures
 /
 883
 添加商品
 关键词
 tmnt fugglers
 Stuffed Toys
 /
 209
 添加商品
 关键词
 action figure
 Action & Toy Figures
 /
 493
 添加商品
 关键词
 halloween collection
 Stuffed Toys
 /
 24
 添加商品
 关键词
 cute capybara plush
 Stuffed Toys
 /
 150
 添加商品
 关键词
 cookie lover
 Stuffed Toys
 /
 24
 查看更多
 热销商品
 根据过去 30 天的销售数据，这些商品的成交概率是普通商品的 3 倍。
 操作
 图片
 商品
 类目
 添加商品
 4E&#39;s Novelty Inflatable Limbo Game for Kids Adults 62&#34; Luau Party Game, Indoor Outdoor Inflatable Lawn Yard Games, Summer Hawaiian Birthday Activity Carnival Game
 Floor Games
 添加商品
 Think Academy Learning Pad - Screen Free Tablet with Flash Cards Inserted to Learn Alph",2026-05-27 23:11:42,RETR,xtbBpAsmDGoVkIvBSAAA3o
法务/侵权类,last7,account_4,weihaizhongxin2024@126.com,"Mon, 25 May 2026 17:10:44 +0000",Luana Camargo <notifications@insgly.net>,Worten Marketplace - Portugal y España,,"Hola Weihai EU,
Soy Luana Camargo, Business Developer en Worten worten.pt / worten.es , el mayor marketplace de Portugal.
Nuestro equipo de análisis ha señalado que una asociación con usted sería una gran oportunidad para ambos.
¿Estaría disponible para una reunión online esta semana?
Acerca de Worten - Somos el líder del mercado portugués:
- Nº 1 del comercio electrónico portugués
- Sitio web con mayor tráfico de Portugal (más de 10 millones de visitas al mes) - Ranking de mercado
- Más de 200 tiendas físicas en Portugal y España, proporcionando una oportunidad omnicanal
- Plataforma de gestión: Mirakl (se puede integrar manualmente o vía API)
- Sin costes iniciales - 6 meses
Estaré encantado de ayudarle si tiene alguna pregunta.
Muchas gracias,
Saludos Cordiales",2026-05-27 23:11:41,RETR,xtbBsxhmTGoUgpj8jQAA3U
法务/侵权类,last7,account_4,weihaizhongxin2024@126.com,"Mon, 25 May 2026 08:12:17 +0000",Il team di Amazon Services <donotreply@amazon.com>,Nuova convalida dei numeri di spedizione attiva da oggi,,"96
 Aggiorniamo i parametri di convalida dei numeri di spedizione per le spedizioni con corrieri non affiliati, includendo controlli relativi alla lunghezza, al formato previsto del corriere e ai requisiti aggiuntivi relativi ai caratteri. Questo ci permetterà di elaborare il tuo inventario più velocemente.
 Buongiorno,
A partire da oggi, 25 maggio 2026, aggiorniamo i parametri di convalida del numero di spedizione per le spedizioni Invia ad Amazon effettuate con corrieri non affiliati. Questa modifica ci aiuterà a elaborare il tuo inventario più velocemente e a ridurre l'insorgere di eventuali problemi.
Il nostro flusso di creazione delle spedizioni Invia ad Amazon già verifica se i numeri di spedizione sono presenti, univoci o potenzialmente non validi. Ora controlleremo anche che la lunghezza sia corretta, che il formato del corriere sia quello previsto e ulteriori requisiti relativi ai caratteri. Questo avverrà automaticamente e non è richiesta alcuna azione da parte tua.
Disporre di informazioni di spedizione valide ci aiuta a pianificare meglio il tuo inventario, ridurre i ritardi e rendere l'inventario in transito disponibile per la vendita più velocemente. Inoltre, ciò ti o",2026-05-27 23:11:40,RETR,xtbBpQW5n2oUBGU4cgAA3T
法务/侵权类,last7,account_4,weihaizhongxin2024@126.com,"Mon, 25 May 2026 07:52:06 +0000",Amazon Services Europe <donotreply@amazon.com>,Disponible desde hoy la nueva validación del número de seguimiento,,"96
 Hemos añadido parámetros de validación del número de seguimiento en los envíos con transportistas no asociados para comprobar la longitud, formato previsto del transportista y requisitos de caracteres adicionales y así procesar tu inventario más rápido.
 Hola:
Con entrada en vigor hoy, 25 de mayo de 2026, vamos a actualizar los parámetros de validación del número de seguimiento de los envíos de Enviar a Amazon que utilicen transportistas no asociados. Este cambio nos ayudará a procesar tu inventario más rápido y a reducir los defectos.
El proceso de creación de envíos de Enviar a Amazon ya verifica si hay números de seguimiento, si son únicos o si no son válidos. También comprobaremos que la longitud sea correcta, formato previsto del transportista y requisitos de caracteres adicionales. Esto ocurrirá automáticamente y no es necesario que hagas nada.
Una información de seguimiento válida nos ayuda a planificar tu inventario, a reducir retrasos y a que tu inventario en tránsito esté disponible para la venta antes. También te permite ver cada paso de recepción. Sin información de seguimiento válida, no podemos proporcionar actualizaciones sobre el estado de entrega de tu envío.
P",2026-05-27 23:11:39,RETR,xtbBsgmJb2oT-6kQnAAA3+
法务/侵权类,last7,account_4,weihaizhongxin2024@126.com,"Fri, 22 May 2026 17:10:56 +0000",Luana Camargo <notifications@insgly.net>,Worten Marketplace - Portugal y España,,"¡Buenos días!
Espero que te encuentres bien.
Mi nombre es Luana Camargo y soy Business Developer en WORTEN Portugal y España, parte de Sonae, uno de los más grandes grupos empresariales en Portugal.
Te envío este mensaje porque nos gustaría hacer una colaboración entre Weihai EU y el Marketplace de Worten.
Sobre Worten.
Somos líderes en el mercado portugués, con 200 tiendas alcanzamos más de 1.2 billones de euros en ventas, de los cuales el 20% vienen del online.
En Portugal, Worten.pt es el sitio de comercio electrónico más visitado y con mejor desempeño, recibimos más visitas que los principales marketplaces del mundo, los que consideramos nuestra competencia. En compras online, el sitio web de Worten tiene el mayor tráfico de Portugal, más de 10 millones de visitas al mes.
Es en www.worten.pt y www.worten.es donde puedes mirar nuestro Marketplace.
Con más de 30 categorías, el Marketplace de Worten quiere ser la plataforma donde los clientes pueden encontrar todo lo que necesitan.
Con la gran demanda que sentimos, tenemos la oportunidad de aumentar nuestra gama de productos, ¡y trabajar con las mejores empresas es nuestra prioridad !
Worten Marketplace tiene una estrategia B2C, c",2026-05-27 23:11:35,RETR,xtbBpARLMWoQjiQ4ggAA3w
法务/侵权类,last7,account_4,weihaizhongxin2024@126.com,"Fri, 22 May 2026 08:56:06 +0000",Amazon Europe <no-reply@sell.amazon.com>,5月27日前入库助力Prime Day成功,,"最大化您的 Prime Day 业绩
尊敬的卖家，
为 2026 年 Prime Day做好准备 - 为数百万 Prime 会员打造不容错过的优惠！加入我们今年6月为期4天活动。通过提交促销，确保充足库存，提升曝光度以助力您冲刺最佳业绩！
关键日期
活动日期： 2026年6月 (具体日期待公布)
提报截止日期： 促销 – 2026 年 6 月 19 日，价格折扣 – 活动结束前 12 小时
FBA入仓截止日期：
欧盟 – 2026年5月27日，英国 – 2026年6月5日
提报您的促销 > https://go.amazonsellerservices.com/e/229492/reate-ld-DC-EM-D451714557-Wk21/7z3lbns/6671284268/h/XO6xqRB5QnJNOodb_HFNC6CACLL4FfjduGcHIOFlsI4
<table align=""center"" border=""0"" cellpadding=""0"" cellspacing=""0"" class=""section"" role=""presentation"" style=""width:100%;"">
	<tbody>
		<tr>
			<td align=""center"">
			<div role=""none"">
<!--[if(mso)|(IE)]>
<table align=""center"" border=""0"" cellpadding=""0"" cellspacing=""0"" class=""block-grid-outlook"" style=""width:600px;"" width=""600"" >
<tr>
<td style=""line-height:0px;font-size:0px;mso-line-height-rule:exactly;""><![endif]-->
			<div style=""margin:0 auto;border-radius:0px;max-width:600px;"">
			<table align=""center"" border=""0"" cellpadding=""0"" cellspacing=""0"" role=""presentation"" style=""width:100%;border-radius:0px;"">
				<tbody>
					<tr>
						<td class=""block-grid"" style=""border-radius:0px;font-size:0px;padding:12px 0px 12px 0px;text-align:center;vertical-align:top;"">
<!--[if(mso)|(IE)]>
<table role=""presentati",2026-05-27 23:11:34,RETR,xtbBpAovFWoQGipiawAA3X
法务/侵权类,last7,account_4,weihaizhongxin2024@126.com,"Thu, 21 May 2026 14:06:09 +0000",Amazon Seller Newsletter <donotreply@amazon.com>,Seller News: May 2026,,"Amazon Services
 96
 Updates to Supply Chain by Amazon, shipment of dangerous goods, Global Warehousing, Seller Assistant, and more.
 Our Seller Newsletter provides the most important policy, tool, and program updates from the past month. Stay informed about selling on Amazon.
 Supply Chain by Amazon is evolving into Amazon Supply Chain Services
 We're extending our full portfolio of freight, distribution, fulfillment, and parcel shipping solutions to businesses of all types and sizes, including those that operate beyond our store. Read more .
 You can ship dangerous goods with our Partnered Carrier program
 As of April 30, 2026, dangerous goods, or hazmat, can be shipped domestically in the US through our Partner Carrier program. Previously, the Partner Carrier program only allowed certain lithium battery products to be shipped. Now the program is expanding to all FBA-eligible dangerous goods. Read more .
 Global Warehousing & Distribution is now available in Shenzhen, China
 You can now store your inventory in bulk at a lower cost in our new Global Warehousing & Distribution (GWD) facility in Shenzhen, China, and seamlessly replenish to our US fulfillment network when needed. Rea",2026-05-27 23:11:30,RETR,xtbBsxS3nWoPEVRgVQAA3Y
法务/侵权类,last7,account_4,weihaizhongxin2024@126.com,"Thu, 21 May 2026 13:00:10 +0000",Amazon Europe <donotreply@amazon.com>,Seller News: May 2026,,"Amazon Services
 96
 Find out about the latest updates to VAT Calculation and more.
 Our Seller Newsletter provides the most important policy, tool and programme updates from the past month.
 VAT Calculation Services will calculate VAT by shipment as of June 1
 Effective from June 1, 2026, we’re updating Value Added Tax (VAT) Calculation Services (VCS) to comply with European e-invoicing mandates. Read more .
 Amazon Multi-Channel Fulfilment Shopify app is live in Europe, Japan and Canada
 Our Multi-Channel Fulfilment (MCF) Shopify app is now also available to sellers in Germany, France, Italy, Spain, Japan and Canada to fulfil your Shopify orders using your existing Amazon inventory. By using a single pool of Amazon inventory across all your sales channels, you can simplify operations without investing in additional fulfilment infrastructure. Read more .
 Check review sharing eligibility with Seller Assistant
 On January 7, 2026, we announced that reviews will only be shared between product variations with minor differences that don’t affect functionality, such as colour, pattern or pack quantity. To provide you with more clarity on how this policy update applies to your products,",2026-05-27 23:11:29,RETR,xtbBpBzVu2oPAdxIwwAA3l
法务/侵权类,last7,account_4,weihaizhongxin2024@126.com,"Thu, 21 May 2026 10:15:46 +0000",Amazon Europe <noreply@sell.amazon.com>,借助 Climate Pledge Friendly 推动业务增长,,"借助 Climate Pledge Friendly 推动业务增长
尊敬的卖家，
参与亚马逊 Climate Pledge Friendly 计划的商品，在获得资格后的第一年内，平均可实现超过 12% 的销售增长和 10% 的商品页面浏览量提升*。
我们诚邀您加入 Climate Pledge Friendly（CPF），提升您更具可持续性的商品曝光度，同时助力业务增长。
拥有认可的[可持续发展认证](https://go.amazonsellerservices.com/e/229492/50091915-Wk21-node-21221608011/7z3kx79/6669441179/h/SqSjcPLXswhALw7QU_Mu3JDkctMZvoMC0Tu5pqd9EiI)的商品，有机会获得 Climate Pledge Friendly 标识，从而在消费者中脱颖而出。
[立即开始](https://go.amazonsellerservices.com/e/229492/915-Wk21-mons-sel-locale-zh-CN/7z3kx7d/6669441179/h/SqSjcPLXswhALw7QU_Mu3JDkctMZvoMC0Tu5pqd9EiI)
[CPF banner](https://go.amazonsellerservices.com/e/229492/915-Wk21-mons-sel-locale-zh-CN/7z3kx7d/6669441179/h/SqSjcPLXswhALw7QU_Mu3JDkctMZvoMC0Tu5pqd9EiI)
优先审核的 ASIN
这些商品选自您的商品目录，可能是获得 Climate Pledge Friendly 认证的潜在候选。
<div style=""padding: 0 20px; ""><table style=""width:100%; border-collapse:collapse; text-align:center; font-family:Amazon Ember Display, Arial, sans-serif; border:2px solid #868D95; border-radius:10px 10px 0 0; overflow:hidden; ""><thead><tr style=""background-color:#dfdad5;""><th style=""padding:10px; border-right:2px solid #868D95; font-size:14px; letter-spacing:none; line-height:1.2; text-align:center; mso-line-height-alt:1.063em; color:",2026-05-27 23:11:29,RETR,xtbBsxQqEGoO21TmTQAA3d
货件/库存类,last7,account_4,weihaizhongxin2024@126.com,"Sat, 23 May 2026 04:06:08 +0000",Fulfilment by Amazon <donotreply@amazon.com>,Create FBA removal order by 2026-06-04,,"96
Automated removals of unfulfillable inventory
 Required removals: First notification
 Required removals: First notification
 Hello,
Your FBA inventory listed below became unsellable in the past seven days. You must create a removal order by 2026-06-04 or these items will be disposed of. Removal fees will apply. Review the affected items and next steps below.
Unsellable products:
- FNSKU: B0DRC8LPGS Quantity: 1
- FNSKU: B0DRCF83VZ Quantity: 3
- FNSKU: X002A05YW5 Quantity: 3
 Why is this happening?
This action is required because these items are no longer in sellable condition in our fulfilment centres. According to our FBA Required Removals policy, all unsuitable units must be removed within 14 days of notification. To learn more, go to our FBA Required Removals policy .
We leveraged a combination of automated means to identify this issue and make this decision.
 How do I address this?
Follow these steps to manage your unsellable inventory:
- Check your complete list and quantity of unsellable items in the Manage FBA inventory .
- Create a removal order (removal fees apply) by following the instructions in Remove inventory overview .
 To avoid future manual inventory removal orde",2026-05-27 23:11:36,RETR,xtbBpRTVu2oRJ7Rz8AAA30
货件/库存类,last7,account_4,weihaizhongxin2024@126.com,"Sat, 23 May 2026 03:17:21 +0000",Fulfilment by Amazon <donotreply@amazon.com>,Disposal order created for unsellable FBA inventory,,"96
Automated Removals of Unfulfillable Inventory
 Final notice: Disposal order for your unfulfillable FBA inventory
 Final notice: Disposal order for your unfulfillable FBA inventory
 Hello,
You have unfulfillable inventory that has been in a fulfilment centre for more than 14 days. We have created a disposal order for these items.
 Why is this happening?
This action is required because these unfulfillable items have remained in our fulfilment centres for more than 14 days after notification. According to our FBA Required Removals policy, cancelling a required removal order is not permitted. To learn more, visit our FBA Required Removals policy .
 Removal order ID:
- Iot4D83CtY
 Unsellable Products:
- FNSKU: B0DRCC2H56 Quantity: 1
- FNSKU: X002A05YW5 Quantity: 1
 For more information about the disposal order process, see Remove inventory from a fulfilment centre .
 To monitor your unfulfillable inventory, see the Manage FBA Inventory for total unsellable quantities or the Recommended Removal report for unsellable and aged inventory details.
 The Fulfilment by Amazon Team
 Report an issue with this email
 If you have any questions visit: Seller Central
 To change your email preferen",2026-05-27 23:11:36,RETR,xtbBswL122oRHELoyAAA3a
其他风险类,last7,account_4,weihaizhongxin2024@126.com,"Fri, 22 May 2026 07:25:40 +0000",Amazon Europe <donotreply@amazon.com>,"Update VAT registration information to reinstate Inventory and FBA
 functionality of your Amazon.it store",,"Amazon Services
 96
 Update VAT registration information to reinstate Inventory and FBA functionality of your Amazon.it store
 Hello,
 Your Amazon.it selling account is undergoing temporary inventory and FBA restrictions in Italy because we require you to provide a valid VAT registration number in Italy.
 Continue shipping orders and responding to customers to avoid further impact to your account. Review the details and next steps below.
 Why is this happening?
 We are taking this action because you have not provided or updated your VAT registration information in Seller Central or with respective Tax Authorities as required by Amazon's European VAT registration requirements. You must provide valid VAT registration numbers for all countries where you have VAT registration obligations, including countries where you store inventory through FBA. Your VAT registration number will only be considered valid when your legal name and address in Seller Central matches the information registered in Tax Authorities databases, and it must be activated for intra-EU transactions (VIES VAT number).
 To learn more visit our
 European VAT registration requirements help page.
 How do I restore invent",2026-05-27 23:11:31,RETR,xtbBpRXcwmoQBPVqiwAA3E
店铺绩效类,older,account_4,weihaizhongxin2024@126.com,"Wed, 20 May 2026 02:44:04 +0000","""Amazon.com"" <fba-noreply@amazon.com>",Your FBA request is complete (y8kVKdPDvp),,"Greetings from Amazon.com
We thought you'd like to know that we have completed your destroy request.
You can track the status of this request by visiting your Seller Account at:
https://sellercentral-europe.amazon.com/
For a complete list of inventory being destroyed, go to:
https://sellercentral-europe.amazon.com/gp/orders/fba-order-details.html?orderID=S02-5273452-7837647
Please note: this email was sent from a notification-only address that
cannot accept incoming e-mail. Please do not reply to this message.
Thank you for using Fulfillment by Amazon.
------------------------------------------------------------------------------
Fulfilment by Amazon – let Amazon pick, pack and ship your orders domestically
and EU wide.
------------------------------------------------------------------------------
Was this e-mail helpful? https://sellercentral.amazon.co.uk/gp/satisfaction/survey-form.html?ie=UTF8&HMDName=NotificationBusEmailHMD&customAttribute1Value=PRODUCT_REMOVAL_ORDER_SHIPPED_NOW
SPC-EUAmazon-1002756258554767",2026-05-27 23:11:22,RETR,xtbBpBfiyGoNH-eJzQAA3S
店铺绩效类,older,account_4,weihaizhongxin2024@126.com,"Sun, 17 May 2026 14:33:15 +0000",Amazon Services <seller-notification@amazon.com>,Balance paid on your Amazon seller account,,"Greetings from Amazon Services.
 We have charged your credit card for $105.47 in an attempt to settle your Amazon seller account balance.
 Note that the amount charged to your credit card may be less than the total amount you owe due to a credit limit imposed by your bank. If that is the case, we will continue to charge your credit card as often as every 24 hours until the remaining balance in your Amazon seller account is paid in full.
 You can also use the Make a Payment feature to repay the balance you owe. For more information, see Making a Payment .
 You can view your payment activity at any time by logging in to your seller account and going to your Payments Report .
 Thank you for selling on Amazon.
 Amazon Services
 Help us improve your experience on selling on Amazon through this brief survey:
 https://amazonexteu.qualtrics.com/jfe/form/SV_eUKdboEQhg1YpuK?cID=10038096056-202605171349
 Was this email helpful?
 SPC-USAmazon-211108450578443",2026-05-27 23:11:14,RETR,xtbBsw98YmoJ0a89QwAA3B
店铺绩效类,older,account_4,weihaizhongxin2024@126.com,"Thu, 14 May 2026 02:39:33 +0000","""Amazon.com"" <fba-noreply@amazon.com>",Your FBA removal request is complete (ZazNpo+O9J),,"Greetings from Amazon.com
We thought you'd like to know that we have completed and shipped your removal
request (ZazNpo+O9J) to the address you specified before.
Return Summary:
Quantity Requested: 1
Quantity Successfully Shipped: 1
Quantity Cancelled: 0
You can track the status of this request by visiting your Seller Account at:
https://sellercentral.amazon.com/
For a complete list of inventory being shipped, go to:
https://sellercentral.amazon.com/gp/orders/fba-order-details.html?orderID=S01-3833131-7439462
Please note: this email was sent from a notification-only address that
cannot accept incoming e-mail. Please do not reply to this message.
Thank you for using Fulfillment by Amazon.
--------------------------------------------------------------------------
Fulfillment by Amazon, professional packing, shipping and servicing of
online orders.
--------------------------------------------------------------------------
Was this email helpful?
 https://sellercentral.amazon.com/gp/satisfaction/survey-form.html?ie=UTF8&HMDName=NotificationBusEmailHMD&customAttribute1Value=PRODUCT_REMOVAL_ORDER_SHIPPED_NOW
SPC-USAmazon-633320912879363",2026-05-27 23:11:02,RETR,xtbBswhjSWoFNei6AgAA3b
店铺绩效类,older,account_4,weihaizhongxin2024@126.com,"Tue, 12 May 2026 02:56:06 +0000","""Fulfillment by Amazon (Do not reply)"" <donotreply@amazon.com>",FBA reimbursement notification,,"96
FBA reimbursement notification
 You have a reimbursement activity
 Hello from Fulfilment by Amazon,
We have initiated a reimbursement, a reimbursement reversal, or both due to recent activity on your selling account. No action is required from you.
Reimbursements can be initiated for an issue that you notified us about or one that we identified at a fulfilment centre. A reimbursement reversal occurs when a reimbursement decision has been reviewed and changed. Reimbursement amounts are determined in accordance with the FBA inventory reimbursement policy ( https://sellercentral.amazon.co.uk/gp/help/external/200213130 ).
Please note that it may take up to five business days for reimbursement transactions to appear in your seller account.
You can find details on your reimbursement or reversal transaction in the Reimbursements report ( https://sellercentral.amazon.co.uk/reportcentral/REIMBURSEMENTS/0 ) in Seller Central:
- In the Event Date drop-down menu, select a date range and click Generate report . You can use the date in the subject line of this email as a point of reference.
- To identify inventory reimbursements and reversals, see the Quantity reimbursed [inventory] column.
-",2026-05-27 23:10:58,RETR,xtbBswry2GoClsr8CQAA3S
店铺绩效类,older,account_4,weihaizhongxin2024@126.com,"Sun, 10 May 2026 16:45:41 +0000","""Amazon.com"" <fba-noreply@amazon.com>",Your FBA request is complete (Xq4e6nl040),,"Greetings from Amazon.com
We thought you'd like to know that we have completed your destroy request.
Disposal Summary:
Quantity Requested: 74
Quantity Successfully Destroyed: 54
Quantity Cancelled: 20
You can track the status of this request by visiting your Seller Account at:
https://sellercentral.amazon.com/
For a complete list of inventory being destroyed, go to:
https://sellercentral.amazon.com/gp/orders/fba-order-details.html?orderID=S01-7548142-6185749
Please note: this email was sent from a notification-only address that
cannot accept incoming e-mail. Please do not reply to this message.
Thank you for using Fulfillment by Amazon.
--------------------------------------------------------------------------
Fulfillment by Amazon, professional packing, shipping and servicing of
online orders.
--------------------------------------------------------------------------
Was this email helpful?
 https://sellercentral.amazon.com/gp/satisfaction/survey-form.html?ie=UTF8&HMDName=NotificationBusEmailHMD&customAttribute1Value=PRODUCT_REMOVAL_ORDER_SHIPPED_NOW
SPC-USAmazon-2216617652080224",2026-05-27 23:10:55,RETR,xtbBsxlWPGoAtjm3SgAA3Y
店铺绩效类,older,account_4,weihaizhongxin2024@126.com,"Fri, 8 May 2026 05:42:00 +0000","""Amazon.com"" <fba-noreply@amazon.com>",Your FBA request is complete (zl4CmeMn1C),,"Greetings from Amazon.com
We thought you'd like to know that we have completed your destroy request.
You can track the status of this request by visiting your Seller Account at:
https://sellercentral-europe.amazon.com/
For a complete list of inventory being destroyed, go to:
https://sellercentral-europe.amazon.com/gp/orders/fba-order-details.html?orderID=S02-4422594-1144120
Please note: this email was sent from a notification-only address that
cannot accept incoming e-mail. Please do not reply to this message.
Thank you for using Fulfillment by Amazon.
------------------------------------------------------------------------------
Fulfilment by Amazon – let Amazon pick, pack and ship your orders domestically
and EU wide.
------------------------------------------------------------------------------
Was this e-mail helpful? https://sellercentral.amazon.co.uk/gp/satisfaction/survey-form.html?ie=UTF8&HMDName=NotificationBusEmailHMD&customAttribute1Value=PRODUCT_REMOVAL_ORDER_SHIPPED_NOW
SPC-EUAmazon-1249046860357252",2026-05-27 23:10:33,RETR,xtbBpAvhx2n9d6sX3gAA3I
店铺绩效类,older,account_4,weihaizhongxin2024@126.com,"Thu, 7 May 2026 18:10:42 +0000","""Amazon.com"" <fba-noreply@amazon.com>",Your FBA request is complete (toabAY9R4I),,"Greetings from Amazon.com
We thought you'd like to know that we have completed your destroy request.
You can track the status of this request by visiting your Seller Account at:
https://sellercentral-europe.amazon.com/
For a complete list of inventory being destroyed, go to:
https://sellercentral-europe.amazon.com/gp/orders/fba-order-details.html?orderID=S02-6481250-1667106
Please note: this email was sent from a notification-only address that
cannot accept incoming e-mail. Please do not reply to this message.
Thank you for using Fulfillment by Amazon.
------------------------------------------------------------------------------
Fulfilment by Amazon – let Amazon pick, pack and ship your orders domestically
and EU wide.
------------------------------------------------------------------------------
Was this e-mail helpful? https://sellercentral.amazon.co.uk/gp/satisfaction/survey-form.html?ie=UTF8&HMDName=NotificationBusEmailHMD&customAttribute1Value=PRODUCT_REMOVAL_ORDER_SHIPPED_NOW
SPC-EUAmazon-1266639044756489",2026-05-27 23:10:32,RETR,xtbBsgU4Hmn81aVA7gAA3a
店铺绩效类,older,account_4,weihaizhongxin2024@126.com,"Thu, 7 May 2026 11:59:35 +0000","""Amazon.com"" <fba-noreply@amazon.com>",Your FBA request is complete (cp3IU6ppnV),,"Greetings from Amazon.com
We thought you'd like to know that we have completed your destroy request.
You can track the status of this request by visiting your Seller Account at:
https://sellercentral-europe.amazon.com/
For a complete list of inventory being destroyed, go to:
https://sellercentral-europe.amazon.com/gp/orders/fba-order-details.html?orderID=S02-3676204-4750143
Please note: this email was sent from a notification-only address that
cannot accept incoming e-mail. Please do not reply to this message.
Thank you for using Fulfillment by Amazon.
------------------------------------------------------------------------------
Fulfilment by Amazon – let Amazon pick, pack and ship your orders domestically
and EU wide.
------------------------------------------------------------------------------
Was this e-mail helpful? https://sellercentral.amazon.co.uk/gp/satisfaction/survey-form.html?ie=UTF8&HMDName=NotificationBusEmailHMD&customAttribute1Value=PRODUCT_REMOVAL_ORDER_SHIPPED_NOW
SPC-EUAmazon-756465651024921",2026-05-27 23:10:30,RETR,xtbBpAtjSWn8fqs0ogAA3T
店铺绩效类,older,account_4,weihaizhongxin2024@126.com,"Wed, 6 May 2026 16:07:01 +0000",Fulfillment by Amazon Operations <fba-noreply@amazon.com>,Automated unfulfillable FBA inventory removal notification,,"96
 Hello Weihai US,
The following automated unfulfillable FBA removal orders have been created based on your automated settings.
 Removal order ID ZazNpo+O9J
 You can view the removals on Removal Order Details in your seller account by using the Search tool.
The next removal order will be created as scheduled on May 20, 2026 in accordance with your settings if you have unfulfillable inventory at that time.
To make changes to the shipping address, frequency of your automated unfulfillable removals, or other settings, go to Automated unfulfillable removal settings in your seller account.
 Thank you.
The Fulfillment by Amazon team
Please note: This email was sent from a notification-only address that cannot accept incoming email. Please do not reply to this email.
 Report an issue with this email
 If you have any questions visit: Seller Central
 To change your email preferences visit: Notification Preferences
 Copyright 2026 Amazon, Inc, or its affiliates. All rights reserved.
 Amazon.com, 410 Terry Avenue North, Seattle, WA 98109-5210
 SPC-USAmazon-897203698552067",2026-05-27 23:10:30,RETR,xtbBpAo9I2n7ZyoOYAAA3B
店铺绩效类,older,account_4,weihaizhongxin2024@126.com,"Tue, 5 May 2026 13:03:07 +0000","""Amazon.com"" <fba-noreply@amazon.com>",Your FBA request is complete (2604121A02),,"Greetings from Amazon.com
We thought you'd like to know that we have completed your destroy request.
You can track the status of this request by visiting your Seller Account at:
https://sellercentral-europe.amazon.com/
For a complete list of inventory being destroyed, go to:
https://sellercentral-europe.amazon.com/gp/orders/fba-order-details.html?orderID=S02-8453509-8018713
Please note: this email was sent from a notification-only address that
cannot accept incoming e-mail. Please do not reply to this message.
Thank you for using Fulfillment by Amazon.
------------------------------------------------------------------------------
Fulfilment by Amazon – let Amazon pick, pack and ship your orders domestically
and EU wide.
------------------------------------------------------------------------------
Was this e-mail helpful? https://sellercentral.amazon.co.uk/gp/satisfaction/survey-form.html?ie=UTF8&HMDName=NotificationBusEmailHMD&customAttribute1Value=PRODUCT_REMOVAL_ORDER_SHIPPED_NOW
SPC-EUAmazon-1143493743309127",2026-05-27 23:10:26,RETR,xtbBsw62nGn56o6YbgAA3V
店铺绩效类,older,account_4,weihaizhongxin2024@126.com,"Mon, 4 May 2026 16:59:42 +0000","""Amazon.com"" <fba-noreply@amazon.com>",Your FBA request is complete (AOOD6vlnxr),,"Greetings from Amazon.com
We thought you'd like to know that we have completed your destroy request.
You can track the status of this request by visiting your Seller Account at:
https://sellercentral-europe.amazon.com/
For a complete list of inventory being destroyed, go to:
https://sellercentral-europe.amazon.com/gp/orders/fba-order-details.html?orderID=S02-7070838-6697752
Please note: this email was sent from a notification-only address that
cannot accept incoming e-mail. Please do not reply to this message.
Thank you for using Fulfillment by Amazon.
------------------------------------------------------------------------------
Fulfilment by Amazon – let Amazon pick, pack and ship your orders domestically
and EU wide.
------------------------------------------------------------------------------
Was this e-mail helpful? https://sellercentral.amazon.co.uk/gp/satisfaction/survey-form.html?ie=UTF8&HMDName=NotificationBusEmailHMD&customAttribute1Value=PRODUCT_REMOVAL_ORDER_SHIPPED_NOW
SPC-EUAmazon-897203139327859",2026-05-27 23:10:24,RETR,xtbBswLs0mn40ILwxAAA34
店铺绩效类,older,account_4,weihaizhongxin2024@126.com,"Sun, 3 May 2026 14:32:02 +0000",Amazon Services <seller-notification@amazon.com>,Balance paid on your Amazon seller account,,"Greetings from Amazon Services.
 We have charged your credit card for $69.79 in an attempt to settle your Amazon seller account balance.
 Note that the amount charged to your credit card may be less than the total amount you owe due to a credit limit imposed by your bank. If that is the case, we will continue to charge your credit card as often as every 24 hours until the remaining balance in your Amazon seller account is paid in full.
 You can also use the Make a Payment feature to repay the balance you owe. For more information, see Making a Payment .
 You can view your payment activity at any time by logging in to your seller account and going to your Payments Report .
 Thank you for selling on Amazon.
 Amazon Services
 Help us improve your experience on selling on Amazon through this brief survey:
 https://amazonexteu.qualtrics.com/jfe/form/SV_eUKdboEQhg1YpuK?cID=10038096056-202605031349
 Was this email helpful?
 SPC-USAmazon-1354600536714402",2026-05-27 23:10:20,RETR,xtbBpAaIbmn3XGYfSwAA30
店铺绩效类,older,account_4,weihaizhongxin2024@126.com,"Fri, 1 May 2026 07:28:26 +0000","""Amazon.com"" <fba-noreply@amazon.com>",Your FBA request is complete (5NT+O11io4),,"Greetings from Amazon.com
We thought you'd like to know that we have completed your destroy request.
You can track the status of this request by visiting your Seller Account at:
https://sellercentral-europe.amazon.com/
For a complete list of inventory being destroyed, go to:
https://sellercentral-europe.amazon.com/gp/orders/fba-order-details.html?orderID=S02-1039400-9149300
Please note: this email was sent from a notification-only address that
cannot accept incoming e-mail. Please do not reply to this message.
Thank you for using Fulfillment by Amazon.
------------------------------------------------------------------------------
Fulfilment by Amazon – let Amazon pick, pack and ship your orders domestically
and EU wide.
------------------------------------------------------------------------------
Was this e-mail helpful? https://sellercentral.amazon.co.uk/gp/satisfaction/survey-form.html?ie=UTF8&HMDName=NotificationBusEmailHMD&customAttribute1Value=PRODUCT_REMOVAL_ORDER_SHIPPED_NOW
SPC-EUAmazon-1196270299109386",2026-05-27 23:10:12,RETR,xtbBpR40Gmn0Vh4BdAAA31
付款/资金类,older,account_4,weihaizhongxin2024@126.com,"Wed, 20 May 2026 13:54:11 +0000",Amazon Services <donotreply@amazon.com>,Your payment is on the way,,"96
This title will display on mobile devices
 Congratulations! Your payment is on the way and will arrive soon.
 Disbursement Attempted
Congratulations Weihai EU! Your payment is on the way and will arrive within three to five days.
On 05/20/26 13:53 CEST, we initiated a transfer to your payment method (bank account ending in 229) in the amount of €
 240.42.
 If the amount is less than expected, here are a few questions to consider:
 Do you have an unavailable balance? Amazon might be reserving money to cover potential returns, claims, or chargebacks from buyers. If this is the case, the closing balance in your Payment Report will display the unavailable balance that is reserved.
 Did your sales cover all fees and returns for this statement period? The payment amount reflects sales activities, selling fees, and fees for promotions or services. We recommend reviewing your Payment Report under the Reports tab in Seller Central to understand your closing balance.
To learn more about Payment Reports in Seller Central, please visit our official course.
We wish you continued success!
Thank you for selling in the Amazon store,
Amazon Services
Help us improve your payment experience on Ama",2026-05-27 23:11:26,RETR,xtbBpQZONGoNvQZNqwAA3j
付款/资金类,older,account_4,weihaizhongxin2024@126.com,"Tue, 19 May 2026 15:21:19 +0000",The Amazon Services team <donotreply@amazon.com>,View your China tax report for January - March 2026,,"96
 We’ve submitted your quarterly tax report to the Chinese tax authority. You can now download the report for reference.
 Hello,
According to new rules for online stores issued by the State Council of China (Decree No. 810), we are required to provide information on China-based sellers to the Chinese tax authority on a quarterly basis.
We’ve submitted your quarterly tax report covering January to March 2026, which includes your identity information, number of transactions, revenue, and commission and service fees.
 Download your quarterly report (link active for seven days)
This report is provided for your reference only, no action is required.
Based on your feedback, we’ve also provided a more granular order-level report that displays your quarterly information by transaction.
 Download your order-level report (link active for seven days)
 Considering that the links are only valid for 7 days, we will resend the email to you again.
Note : Variation between the data in these reports and your payment and Amazon VAT transactions report is expected. Each report uses distinct methodology and serves a different purpose.
We’ll continue to provide you with quarterly updates on data share",2026-05-27 23:11:21,RETR,xtbBshO5n2oMf-N15AAA38
付款/资金类,older,account_4,weihaizhongxin2024@126.com,"Tue, 19 May 2026 15:07:05 +0000",The Amazon Services team <donotreply@amazon.com>,View your China tax report for January-March 2026,,"96
 We’ve submitted your quarterly tax report to the Chinese tax authority. You can now download the report for reference.
 Hello,
According to new rules for online stores issued by the State Council of China (Decree No. 810), we are required to provide information on China-based sellers to the Chinese tax authority on a quarterly basis.
We’ve submitted your quarterly tax report covering January to March 2026, which includes your identity information, number of transactions, revenue, and commission and service fees.
 Download your quarterly report (link active for seven days)
This report is provided for your reference only – no action is required.
Based on your feedback, we’ve also provided a more granular order-level report that displays your quarterly information by transaction.
 Download your order-level report (link active for seven days)
 Considering that the links are only valid for 7 days, we will resend the email to you again.
Note : Variation between the data in these reports and your payment and Amazon VAT transactions report is expected. Each report uses distinct methodology and serves a different purpose.
We’ll continue to provide you with quarterly updates on data shar",2026-05-27 23:11:20,RETR,xtbBpBviyGoMfJs4JgAA3K
付款/资金类,older,account_4,weihaizhongxin2024@126.com,"Tue, 19 May 2026 14:48:57 +0000",Amazon Services <donotreply@amazon.com>,Your payment is on the way,,"96
This title will display on mobile devices
 Congratulations! Your payment is on the way and will arrive soon.
 Disbursement attempted
Congratulations Weihai CA! Your payment is on the way and will arrive within three to five days.
On 05/19/26 14:48 EDT, we initiated a transfer to your payment method (bank account ending in 151) in the amount of CAD
 412.05.
 If the amount is less than expected, here are a few questions to consider:
 Do you have an unavailable balance? Amazon might be reserving money to cover potential returns, claims or chargebacks from buyers. If this is the case, the closing balance in your Payment Report will display the unavailable balance that is reserved.
 Did your sales cover all fees and returns for this statement period? The payment amount reflects sales activities, selling fees and fees for promotions or services. We recommend reviewing your Payment Report under the Reports tab in Seller Central to understand your closing balance.
To learn more about Payment Reports in Seller Central, please visit our official course.
We wish you continued success!
Thank you for selling in the Amazon Store,
Amazon Services
Help us improve your payment experience on Amaz",2026-05-27 23:11:20,RETR,xtbBpRzSuGoMeFwQawAA3q
付款/资金类,older,account_4,weihaizhongxin2024@126.com,"Tue, 19 May 2026 11:16:42 +0000","""donotreply@amazon.com"" <donotreply@amazon.com>",✅ Transparency Payment Confirmed!,,"96
 Hello,
Thank you for your purchase! Your payment has been successfully processed. Here is your payment summary:
Invoice Number: 1N3K-GFF4-JYTJ...
Hello,
Thank you for your purchase! Your payment has been successfully processed. Here is your payment summary:
Invoice Number: 1N3K-GFF4-JYTJ
Date: May 19, 2026
Amount Paid: 572.90 USD
Remaining Balance: 0.00 USD
Payment Method: Cash Transfer
You can access all your billing and payments related information by going to your Transactions Dashboard.
 [Link to invoice Dashboard]
 If you see an 'Access Denied' error message when you use the link below and are not able to access the invoice/credit note, then please email transparency-support@amazon.com with your profile link (see instructions below).
 Frequently Asked Questions (FAQ)
 I see 'Access Denied' message after logging into the Transparency Portal, what should I do?
- Please log into your Amazon.com account associated with this email address. If you don't have an account, please create one with this email address.
- Go to https://www.amazon.com/profile.
- Copy the URL that was generated in the search bar. The profile link you need to provide will look similar to this: https://www.",2026-05-27 23:11:19,RETR,xtbBpB9WPGoMRp9j+wAA32
付款/资金类,older,account_4,weihaizhongxin2024@126.com,"Tue, 19 May 2026 11:16:19 +0000","""donotreply@amazon.com"" <donotreply@amazon.com>",✅ Transparency Payment Confirmed!,,"96
 Hello,
Thank you for your purchase! Your payment has been successfully processed. Here is your payment summary:
Invoice Number: 137D-GY9D-LNDM...
Hello,
Thank you for your purchase! Your payment has been successfully processed. Here is your payment summary:
Invoice Number: 137D-GY9D-LNDM
Date: May 19, 2026
Amount Paid: 751.75 USD
Remaining Balance: 0.00 USD
Payment Method: Cash Transfer
You can access all your billing and payments related information by going to your Transactions Dashboard.
 [Link to invoice Dashboard]
 If you see an 'Access Denied' error message when you use the link below and are not able to access the invoice/credit note, then please email transparency-support@amazon.com with your profile link (see instructions below).
 Frequently Asked Questions (FAQ)
 I see 'Access Denied' message after logging into the Transparency Portal, what should I do?
- Please log into your Amazon.com account associated with this email address. If you don't have an account, please create one with this email address.
- Go to https://www.amazon.com/profile.
- Copy the URL that was generated in the search bar. The profile link you need to provide will look similar to this: https://www.",2026-05-27 23:11:19,RETR,xtbBsgdQNmoMRod5+AAA31
付款/资金类,older,account_4,weihaizhongxin2024@126.com,"Mon, 18 May 2026 13:46:45 +0000",Amazon Services <donotreply@amazon.com>,Your payment is on the way,,"96
This title will display on mobile devices
 Congratulations! Your payment is on the way and will arrive soon.
 Disbursement Attempted
Congratulations Weihai EU! Your payment is on the way and will arrive within three to five days.
On 05/18/26 13:46 CEST, we initiated a transfer to your payment method (bank account ending in 229) in the amount of €
 256.29.
 If the amount is less than expected, here are a few questions to consider:
 Do you have an unavailable balance? Amazon might be reserving money to cover potential returns, claims, or chargebacks from buyers. If this is the case, the closing balance in your Payment Report will display the unavailable balance that is reserved.
 Did your sales cover all fees and returns for this statement period? The payment amount reflects sales activities, selling fees, and fees for promotions or services. We recommend reviewing your Payment Report under the Reports tab in Seller Central to understand your closing balance.
To learn more about Payment Reports in Seller Central, please visit our official course.
We wish you continued success!
Thank you for selling in the Amazon store,
Amazon Services
Help us improve your payment experience on Ama",2026-05-27 23:11:17,RETR,xtbBpQh1W2oLGEjlEQAA3G
付款/资金类,older,account_4,weihaizhongxin2024@126.com,"Sun, 17 May 2026 08:49:45 +0000",Amazon Services <donotreply@amazon.com>,Your payment is on the way,,"96
This title will display on mobile devices
 Congratulations! Your payment is on the way and will arrive soon.
 Disbursement attempted
Congratulations Weihai CA! Your payment is on the way and will arrive within three to five days.
On 05/17/26 08:49 EDT, we initiated a transfer to your payment method (bank account ending in 151) in the amount of CAD
 210.40.
 If the amount is less than expected, here are a few questions to consider:
 Do you have an unavailable balance? Amazon might be reserving money to cover potential returns, claims or chargebacks from buyers. If this is the case, the closing balance in your Payment Report will display the unavailable balance that is reserved.
 Did your sales cover all fees and returns for this statement period? The payment amount reflects sales activities, selling fees and fees for promotions or services. We recommend reviewing your Payment Report under the Reports tab in Seller Central to understand your closing balance.
To learn more about Payment Reports in Seller Central, please visit our official course.
We wish you continued success!
Thank you for selling in the Amazon Store,
Amazon Services
Help us improve your payment experience on Amaz",2026-05-27 23:11:14,RETR,xtbBpQ1ILmoJgS3N1gAA3a
付款/资金类,older,account_4,weihaizhongxin2024@126.com,"Sun, 17 May 2026 08:47:51 +0000",Amazon Services <donotreply@amazon.com>,Your payment is on the way,,"96
This title will display on mobile devices
 Congratulations! Your payment is on the way and will arrive soon.
 Disbursement Attempted
Congratulations Weihai EU! Your payment is on the way and will arrive within three to five days.
On 05/17/26 08:47 BST, we initiated a transfer to your payment method (bank account ending in 191) in the amount of £
 329.80.
 If the amount is less than expected, here are a few questions to consider:
 Do you have an unavailable balance? Amazon might be reserving money to cover potential returns, claims or chargebacks from buyers. If this is the case, the closing balance in your Payment Report will display the unavailable balance that is reserved.
 Did your sales cover all fees and returns for this statement period? The payment amount reflects sales activities, selling fees and fees for promotions or services. We recommend reviewing your Payment Report under the Reports tab in Seller Central to understand your closing balance.
To find out more about Payment Reports in Seller Central, please visit our official course.
We wish you continued success!
Thank you for selling in the Amazon store,
Amazon Services
Help us improve your payment experience on Ama",2026-05-27 23:11:12,RETR,xtbBsxwsEmoJgLzcogAA3w
付款/资金类,older,account_4,weihaizhongxin2024@126.com,"Fri, 15 May 2026 15:36:52 +0000",Amazon Services <donotreply@amazon.com>,Your payment is on the way,,"96
This title will display on mobile devices
 Congratulations! Your payment is on the way and will arrive soon.
 Disbursement Attempted
Congratulations Weihai EU! Your payment is on the way and will arrive within three to five days.
On 05/15/26 15:36 CEST, we initiated a transfer to your payment method (bank account ending in 229) in the amount of €
 235.99.
 If the amount is less than expected, here are a few questions to consider:
 Do you have an unavailable balance? Amazon might be reserving money to cover potential returns, claims, or chargebacks from buyers. If this is the case, the closing balance in your Payment Report will display the unavailable balance that is reserved.
 Did your sales cover all fees and returns for this statement period? The payment amount reflects sales activities, selling fees, and fees for promotions or services. We recommend reviewing your Payment Report under the Reports tab in Seller Central to understand your closing balance.
To learn more about Payment Reports in Seller Central, please visit our official course.
We wish you continued success!
Thank you for selling in the Amazon store,
Amazon Services
Help us improve your payment experience on Ama",2026-05-27 23:11:09,RETR,xtbBpRnRt2oHPZnEwwAA3U
付款/资金类,older,account_4,weihaizhongxin2024@126.com,"Thu, 14 May 2026 14:51:22 +0000",Amazon Services <donotreply@amazon.com>,Twoja płatność jest już w drodze,,"96
Ten tytuł będzie wyświetlany na urządzeniach mobilnych
 Gratulujemy! Twoja płatność jest już w drodze, a środki powinny wkrótce do Ciebie dotrzeć.
 Próba wypłaty środków
Gratulacje, Weihai EU! Twoja płatność jest już w drodze, a środki powinny do Ciebie dotrzeć w terminie od trzech do pięciu dni.
Dnia 05/14/26 14:51 CEST zainicjowaliśmy przelew na kwotę PLN
 204.22 na konto powiązane z Twoją metodą płatności (rachunek bankowy o ostatnich cyfrach 229).
 Jeśli kwota jest mniejsza niż oczekiwana, oto kilka kwestii do wzięcia pod uwagę:
 Czy Twoje saldo jest niedostępne? Amazon może zatrzymać środki na pokrycie ewentualnych kosztów zwrotów towarów, roszczeń i obciążeń zwrotnych od kupujących. W takim przypadku saldo zamknięcia w raporcie płatności pokaże niedostępne saldo na zarezerwowaną w tym celu kwotę.
 Czy Twoja sprzedaż wystarczyła na pokrycie wszystkich opłat i zwrotów w tym okresie rozliczeniowym? Kwota płatności uwzględnia koszt działań sprzedażowych, opłaty za sprzedaż oraz opłaty za promocje i usługi. Aby lepiej zrozumieć wysokość salda zamknięcia, warto przeanalizować raport płatności, który znajdziesz w Seller Central w karcie „Raporty”.
Więcej o raportach płatności w S",2026-05-27 23:11:05,RETR,xtbBpQ9vVWoF4W-fdAAA3a
付款/资金类,older,account_4,weihaizhongxin2024@126.com,"Thu, 14 May 2026 14:50:04 +0000",Amazon Services <donotreply@amazon.com>,Tu pago está en camino,,"96
This title will display on mobile devices
 ¡Enhorabuena! El pago está de camino y llegará pronto.
 El pago está en camino
Enhorabuena, Weihai EU. Tu pago está en camino y te llegará en un plazo de tres a cinco días.
El 05/14/26 14:49 WEST, iniciamos una transferencia a tu método de pago (cuenta bancaria terminado en 229) por un importe de €
 296,54.
 Si el importe es inferior a lo esperado, ten en cuenta las siguientes preguntas:
 ¿Tienes saldo no disponible en tu cuenta de vendedor? Puede que hayamos reservado algo de dinero para posibles devoluciones, reclamaciones o reversiones de cargo de clientes. En este caso, el saldo de cierre de tu informe de pagos te mostrará el saldo no disponible en reserva.
 ¿Cubren tus ventas las tarifas de Amazon y las devoluciones del periodo de liquidación? El importe del pago refleja las ventas que has hecho y las tarifas de venta aplicadas tanto a dichas ventas como a cualquier promoción o servicio que hayas utilizado. Te recomendamos que revises tu informe de pagos en ""Informes"" de Seller Central para conocer el saldo de cierre.
Para más información sobre los informes de pagos en Seller Central, visita nuestro curso oficial.
Te deseamos un éx",2026-05-27 23:11:04,RETR,xtbBsx9bQWoF4R93PQAA3t
付款/资金类,older,account_4,weihaizhongxin2024@126.com,"Thu, 14 May 2026 14:49:55 +0000",Amazon Services <donotreply@amazon.com>,Your payment is on the way,,"96
This title will display on mobile devices
 Congratulations! Your payment is on the way and will arrive soon.
 Disbursement Attempted
Congratulations Weihai EU! Your payment is on the way and will arrive within three to five days.
On 05/14/26 14:49 CEST, we initiated a transfer to your payment method (bank account ending in 229) in the amount of €
 762.53.
 If the amount is less than expected, here are a few questions to consider:
 Do you have an unavailable balance? Amazon might be reserving money to cover potential returns, claims, or chargebacks from buyers. If this is the case, the closing balance in your Payment Report will display the unavailable balance that is reserved.
 Did your sales cover all fees and returns for this statement period? The payment amount reflects sales activities, selling fees, and fees for promotions or services. We recommend reviewing your Payment Report under the Reports tab in Seller Central to understand your closing balance.
To learn more about Payment Reports in Seller Central, please visit our official course.
We wish you continued success!
Thank you for selling in the Amazon store,
Amazon Services
Help us improve your payment experience on Ama",2026-05-27 23:11:04,RETR,xtbBshdZP2oF4Rf6mQAA35
付款/资金类,older,account_4,weihaizhongxin2024@126.com,"Wed, 13 May 2026 14:53:51 +0000",The Amazon Services team <donotreply@amazon.com>,Download your China tax report for October - December 2025,,"96
 You can now download your quarterly tax report which includes data such as identity information, number of transactions, revenue, and commission and service fees.
 Hello,
According to rules for online stores issued by the State Council of China (Decree No. 810), we are required to provide information on China-based sellers to the Chinese tax authority on a quarterly basis.
We’ve submitted your quarterly tax report covering October to December 2025, which includes your identity information, number of transactions, revenue, and commission and service fees.
We’re re-sending your quarterly China tax report in case you didn’t download it in April 2026. The links below are active for seven days.
 Download your quarterly report
This report is provided for your reference only, no action is required.
Based on your feedback, we’ve also provided a more granular order-level report that displays your quarterly information by transaction.
 Download your order-level report
 Note : Variation between the data in these reports and your payment and Amazon VAT transactions report is expected. Each report uses distinct methodology and serves a different purpose.
We’ll continue to provide you with q",2026-05-27 23:11:01,RETR,xtbBpQLfxWoEkILNnwAA3T
付款/资金类,older,account_4,weihaizhongxin2024@126.com,"Thu, 7 May 2026 15:03:42 +0000",Amazon Services <donotreply@amazon.com>,Tu pago está en camino,,"96
This title will display on mobile devices
 ¡Enhorabuena! El pago está de camino y llegará pronto.
 El pago está en camino
Enhorabuena, Weihai EU. Tu pago está en camino y te llegará en un plazo de tres a cinco días.
El 05/07/26 15:03 WEST, iniciamos una transferencia a tu método de pago (cuenta bancaria terminado en 229) por un importe de €
 259,07.
 Si el importe es inferior a lo esperado, ten en cuenta las siguientes preguntas:
 ¿Tienes saldo no disponible en tu cuenta de vendedor? Puede que hayamos reservado algo de dinero para posibles devoluciones, reclamaciones o reversiones de cargo de clientes. En este caso, el saldo de cierre de tu informe de pagos te mostrará el saldo no disponible en reserva.
 ¿Cubren tus ventas las tarifas de Amazon y las devoluciones del periodo de liquidación? El importe del pago refleja las ventas que has hecho y las tarifas de venta aplicadas tanto a dichas ventas como a cualquier promoción o servicio que hayas utilizado. Te recomendamos que revises tu informe de pagos en ""Informes"" de Seller Central para conocer el saldo de cierre.
Para más información sobre los informes de pagos en Seller Central, visita nuestro curso oficial.
Te deseamos un éx",2026-05-27 23:10:32,RETR,xtbBpBI4Hmn8qdJIgQAA33
付款/资金类,older,account_4,weihaizhongxin2024@126.com,"Thu, 7 May 2026 15:03:28 +0000",Amazon Services <donotreply@amazon.com>,Your payment is on the way,,"96
This title will display on mobile devices
 Congratulations! Your payment is on the way and will arrive soon.
 Disbursement Attempted
Congratulations Weihai EU! Your payment is on the way and will arrive within three to five days.
On 05/07/26 15:03 CEST, we initiated a transfer to your payment method (bank account ending in 229) in the amount of €
 401.51.
 If the amount is less than expected, here are a few questions to consider:
 Do you have an unavailable balance? Amazon might be reserving money to cover potential returns, claims, or chargebacks from buyers. If this is the case, the closing balance in your Payment Report will display the unavailable balance that is reserved.
 Did your sales cover all fees and returns for this statement period? The payment amount reflects sales activities, selling fees, and fees for promotions or services. We recommend reviewing your Payment Report under the Reports tab in Seller Central to understand your closing balance.
To learn more about Payment Reports in Seller Central, please visit our official course.
We wish you continued success!
Thank you for selling in the Amazon store,
Amazon Services
Help us improve your payment experience on Ama",2026-05-27 23:10:32,RETR,xtbBpAQ1G2n8qcRILwAA3R
付款/资金类,older,account_4,weihaizhongxin2024@126.com,"Thu, 7 May 2026 15:01:21 +0000",Amazon Services <donotreply@amazon.com>,Your payment is on the way,,"96
This title will display on mobile devices
 Congratulations! Your payment is on the way and will arrive soon.
 Disbursement attempted
Congratulations Weihai CA! Your payment is on the way and will arrive within three to five days.
On 05/07/26 15:01 EDT, we initiated a transfer to your payment method (bank account ending in 151) in the amount of CAD
 155.10.
 If the amount is less than expected, here are a few questions to consider:
 Do you have an unavailable balance? Amazon might be reserving money to cover potential returns, claims or chargebacks from buyers. If this is the case, the closing balance in your Payment Report will display the unavailable balance that is reserved.
 Did your sales cover all fees and returns for this statement period? The payment amount reflects sales activities, selling fees and fees for promotions or services. We recommend reviewing your Payment Report under the Reports tab in Seller Central to understand your closing balance.
To learn more about Payment Reports in Seller Central, please visit our official course.
We wish you continued success!
Thank you for selling in the Amazon Store,
Amazon Services
Help us improve your payment experience on Amaz",2026-05-27 23:10:31,RETR,xtbBsgQV+mn8qURZxQAA39
付款/资金类,older,account_4,weihaizhongxin2024@126.com,"Tue, 5 May 2026 03:44:19 +0000",Amazon Services <donotreply@amazon.com>,Tu pago está en camino,,"96
This title will display on mobile devices
 ¡Enhorabuena! El pago está de camino y llegará pronto.
 El pago está en camino
Enhorabuena, Weihai EU. Tu pago está en camino y te llegará en un plazo de tres a cinco días.
El 05/05/26 03:44 WEST, iniciamos una transferencia a tu método de pago (cuenta bancaria terminado en 229) por un importe de €
 272,22.
 Si el importe es inferior a lo esperado, ten en cuenta las siguientes preguntas:
 ¿Tienes saldo no disponible en tu cuenta de vendedor? Puede que hayamos reservado algo de dinero para posibles devoluciones, reclamaciones o reversiones de cargo de clientes. En este caso, el saldo de cierre de tu informe de pagos te mostrará el saldo no disponible en reserva.
 ¿Cubren tus ventas las tarifas de Amazon y las devoluciones del periodo de liquidación? El importe del pago refleja las ventas que has hecho y las tarifas de venta aplicadas tanto a dichas ventas como a cualquier promoción o servicio que hayas utilizado. Te recomendamos que revises tu informe de pagos en ""Informes"" de Seller Central para conocer el saldo de cierre.
Para más información sobre los informes de pagos en Seller Central, visita nuestro curso oficial.
Te deseamos un éx",2026-05-27 23:10:25,RETR,xtbBsxbXvWn5Z5ZZ3gAA3p
付款/资金类,older,account_4,weihaizhongxin2024@126.com,"Sun, 3 May 2026 15:00:39 +0000",Amazon Payments UK Limited <seller-notification@amazon.com>,Balance Paid on Your Selling on Amazon payment account,,"Dear Seller,
 We have charged your (Visa) credit card for 87.72 in an attempt to settle your account balance.
 Please note that the amount charged to your credit card may be less than the total amount you owe due to a credit limit imposed by your bank. In this case, we may continue to attempt charging your card until the remaining balance in your Amazon Selling on Amazon payment account is paid in full.
 You can also use the Make a Payment feature to repay the balance you owe. For details, refer “Making a Payment” in Seller Central Help.
 To view your payment activity anytime, please log in to your account and refer the Payments Report page.
 Thank you for selling on Amazon.
 Amazon Payments UK Limited
Amazon Payments UK Limited, a private company limited by shares, is a company registered in England and Wales (registration number 11049457; VAT number: GB295 7604 60) with its registered office at 1 Principal Place, Worship St, London, EC2A 2FA, United Kingdom. Amazon Payments UK Limited is authorised by the UK Financial Conduct Authority under the Payment Services Regulations 2017 (reference number 799814) for the provision of payment services.
 Was this e-mail helpful?
 SPC-EUAmaz",2026-05-27 23:10:21,RETR,xtbBpRo3HWn3Yxpx5wAA3k
付款/资金类,older,account_4,weihaizhongxin2024@126.com,"Sun, 3 May 2026 14:45:41 +0000",Amazon Services <donotreply@amazon.com>,Twoja płatność jest już w drodze,,"96
Ten tytuł będzie wyświetlany na urządzeniach mobilnych
 Gratulujemy! Twoja płatność jest już w drodze, a środki powinny wkrótce do Ciebie dotrzeć.
 Próba wypłaty środków
Gratulacje, Weihai EU! Twoja płatność jest już w drodze, a środki powinny do Ciebie dotrzeć w terminie od trzech do pięciu dni.
Dnia 05/03/26 14:45 CEST zainicjowaliśmy przelew na kwotę PLN
 223.89 na konto powiązane z Twoją metodą płatności (rachunek bankowy o ostatnich cyfrach 229).
 Jeśli kwota jest mniejsza niż oczekiwana, oto kilka kwestii do wzięcia pod uwagę:
 Czy Twoje saldo jest niedostępne? Amazon może zatrzymać środki na pokrycie ewentualnych kosztów zwrotów towarów, roszczeń i obciążeń zwrotnych od kupujących. W takim przypadku saldo zamknięcia w raporcie płatności pokaże niedostępne saldo na zarezerwowaną w tym celu kwotę.
 Czy Twoja sprzedaż wystarczyła na pokrycie wszystkich opłat i zwrotów w tym okresie rozliczeniowym? Kwota płatności uwzględnia koszt działań sprzedażowych, opłaty za sprzedaż oraz opłaty za promocje i usługi. Aby lepiej zrozumieć wysokość salda zamknięcia, warto przeanalizować raport płatności, który znajdziesz w Seller Central w karcie „Raporty”.
Więcej o raportach płatności w S",2026-05-27 23:10:21,RETR,xtbBpRhWPGn3X5hHvAAA31
付款/资金类,older,account_4,weihaizhongxin2024@126.com,"Sat, 2 May 2026 15:23:38 +0000",欧洲亚马逊 Payments <donotreply@amazon.com>,跨账户负余额调整,,"96
This title will display on mobile devices
 我们已于 五月 2, 2026使用您的 Amazon.es 账户中的可用资金调整了您的 Amazon.de 卖家账户上应付的 €69.53 的负余额。通过登录您的账户并导航至 付款控制面板 ，您可以随时查看您的账户余额。
有关更多信息，请访问 跨账户负余额调整 。
诚挚的问候！
欧洲亚马逊 Payments
 报告此电子邮件的问题
 如有任何疑问，请访问： 卖家平台
 要更改您的电子邮件首选项，请访问： 通知首选项
 2026 Amazon, Inc. 或其附属公司。保留所有权利。
 欧洲亚马逊 Payments S.C.A.（société en Commandite par actions），是一家在卢森堡注册的股份有限公司，注册号（RCS Luxembourg）B 153 265，公司总部位于 38 avenue J.F.Kennedy, L-1855 Luxembourg。增值税编号为 LU 24448288。
 欧洲亚马逊 Payments S.C.A. 由卢森堡金融行业监管委员会授权，并由爱尔兰中央银行对其业务行为规则的遵守情况进行监管。
 亚马逊 Payments 是欧洲亚马逊 Payments S.C.A. 的商业名称。
 此电子邮件发送自不受监控的电子邮件地址。
 SPC-EUAmazon-1724035883551525",2026-05-27 23:10:19,RETR,xtbBpB3cwmn2Fv0cEgAA3d
付款/资金类,older,account_4,weihaizhongxin2024@126.com,"Fri, 1 May 2026 23:31:40 +0000",Amazon Services <donotreply@amazon.com>,Your payment is on the way,,"96
This title will display on mobile devices
 Congratulations! Your payment is on the way and will arrive soon.
 Disbursement Attempted
Congratulations Weihai EU! Your payment is on the way and will arrive within three to five days.
On 05/01/26 23:31 GST, we initiated a transfer to your payment method (bank account ending in 229) in the amount of AED
 136.70.
 If the amount is less than expected, here are a few questions to consider:
 Do you have an unavailable balance? Amazon might be reserving money to cover potential returns, claims, or chargebacks from buyers. If this is the case, the closing balance in your Payment Report will display the unavailable balance that is reserved.
 Did your sales cover all fees and returns for this statement period? The payment amount reflects sales activities, selling fees, and fees for promotions or services. We recommend reviewing your Payment Report under the Reports tab in Seller Central to understand your closing balance.
To learn more about Payment Reports in Seller Central, please visit our official course.
We wish you continued success!
Thank you for selling in the Amazon store,
Amazon Services
Help us improve your payment experience on Am",2026-05-27 23:10:15,RETR,xtbBpQDdw2n1N+A3bQAA3q
付款/资金类,older,account_4,weihaizhongxin2024@126.com,"Fri, 1 May 2026 14:27:01 +0000",Amazon Services <donotreply@amazon.com>,Tu pago está en camino,,"96
This title will display on mobile devices
 ¡Enhorabuena! El pago está de camino y llegará pronto.
 El pago está en camino
Enhorabuena, Weihai EU. Tu pago está en camino y te llegará en un plazo de tres a cinco días.
El 05/01/26 14:26 WEST, iniciamos una transferencia a tu método de pago (cuenta bancaria terminado en 229) por un importe de €
 302,19.
 Si el importe es inferior a lo esperado, ten en cuenta las siguientes preguntas:
 ¿Tienes saldo no disponible en tu cuenta de vendedor? Puede que hayamos reservado algo de dinero para posibles devoluciones, reclamaciones o reversiones de cargo de clientes. En este caso, el saldo de cierre de tu informe de pagos te mostrará el saldo no disponible en reserva.
 ¿Cubren tus ventas las tarifas de Amazon y las devoluciones del periodo de liquidación? El importe del pago refleja las ventas que has hecho y las tarifas de venta aplicadas tanto a dichas ventas como a cualquier promoción o servicio que hayas utilizado. Te recomendamos que revises tu informe de pagos en ""Informes"" de Seller Central para conocer el saldo de cierre.
Para más información sobre los informes de pagos en Seller Central, visita nuestro curso oficial.
Te deseamos un éx",2026-05-27 23:10:14,RETR,xtbBpRnTuWn0uDkpcwAA3Q
付款/资金类,older,account_4,weihaizhongxin2024@126.com,"Fri, 1 May 2026 14:26:48 +0000",Amazon Services <donotreply@amazon.com>,Your payment is on the way,,"96
This title will display on mobile devices
 Congratulations! Your payment is on the way and will arrive soon.
 Disbursement Attempted
Congratulations Weihai EU! Your payment is on the way and will arrive within three to five days.
On 05/01/26 14:26 CEST, we initiated a transfer to your payment method (bank account ending in 229) in the amount of €
 315.67.
 If the amount is less than expected, here are a few questions to consider:
 Do you have an unavailable balance? Amazon might be reserving money to cover potential returns, claims, or chargebacks from buyers. If this is the case, the closing balance in your Payment Report will display the unavailable balance that is reserved.
 Did your sales cover all fees and returns for this statement period? The payment amount reflects sales activities, selling fees, and fees for promotions or services. We recommend reviewing your Payment Report under the Reports tab in Seller Central to understand your closing balance.
To learn more about Payment Reports in Seller Central, please visit our official course.
We wish you continued success!
Thank you for selling in the Amazon store,
Amazon Services
Help us improve your payment experience on Ama",2026-05-27 23:10:13,RETR,xtbBsgzQtmn0uCxPugAA3k
付款/资金类,older,account_4,weihaizhongxin2024@126.com,"Wed, 29 Apr 2026 17:03:06 +0000",Amazon Services <donotreply@amazon.com>,Your payment is on the way,,"96
This title will display on mobile devices
 Congratulations! Your payment is on the way and will arrive soon.
 Disbursement Attempted
Congratulations Weihai EU! Your payment is on the way and will arrive within three to five days.
On 04/29/26 17:02 CEST, we initiated a transfer to your payment method (bank account ending in 229) in the amount of €
 269.68.
 If the amount is less than expected, here are a few questions to consider:
 Do you have an unavailable balance? Amazon might be reserving money to cover potential returns, claims, or chargebacks from buyers. If this is the case, the closing balance in your Payment Report will display the unavailable balance that is reserved.
 Did your sales cover all fees and returns for this statement period? The payment amount reflects sales activities, selling fees, and fees for promotions or services. We recommend reviewing your Payment Report under the Reports tab in Seller Central to understand your closing balance.
To learn more about Payment Reports in Seller Central, please visit our official course.
We wish you continued success!
Thank you for selling in the Amazon store,
Amazon Services
Help us improve your payment experience on Ama",2026-05-27 23:10:01,RETR,xtbBpA6YfmnyOc5BggAA3j
产品链接/合规类,older,account_4,weihaizhongxin2024@126.com,"Tue, 19 May 2026 17:11:27 +0000",Fulfillment by Amazon Operations <fba-noreply@amazon.com>,Your Amazon.com Inventory - Action Required,,"Dear Weihai US,
We have recently restricted listings for the product(s) listed below on Amazon.com.
Please initiate a removal request for the ASIN(s) referenced below to have your inventory sent to a location of your choosing. If this inventory is not removed within 30 days of this notification (by 06/17/2026), we may dispose of it in accordance with FBA policies.
Thank you for your attention to this matter.
Regards,
Product Safety Team
Amazon.com
www.amazon.com
Please note: this e-mail was sent from a notification-only address that cannot accept incoming e-mail. Please do not reply to this message.
Affected Product(s):
B0FCDRNTT8
Was this email helpful?
 https://sellercentral.amazon.com/gp/satisfaction/survey-form.html?ie=UTF8&HMDName=NotificationBusEmailHMD&customAttribute1Value=RESTRICTED_LISTING_PRODUCTS_REMOVAL_REQUEST
SPC-USAmazon-474991238288257",2026-05-27 23:11:21,RETR,xtbBswM0GmoMmcMj5gAA3n
产品链接/合规类,older,account_4,weihaizhongxin2024@126.com,"Mon, 18 May 2026 07:24:17 +0000","""cscompliance-docreview-vendor@amazon.com.mx"" <cscompliance-docreview-vendor@amazon.com.mx>","SELLER: A192R36HNXVJ38, ASIN: B0FCDRNTT8, MARKETPLACE: 771770 - CSC
 - DOC REVIEW",,"Do not reply back to this e-mail!
Hello,
Thank you for submitting a document to the Chemical Safety Compliance Team.
● The document uploaded for ""B0FCDRNTT8"" is incomplete, inaccurate or otherwise conflicting, and cannot be used for classification. Specifically:
→ The SDS must be composed in accordance with a valid regulation/legislation for Chemical Safety Compliance( for which your product is listed and stored ).
The SDS does not include the legislation/regulation in accordance with the document was created
Legislation/regulation should be also mentioned in section 2 “Hazard Identification”.
For guidance on Safety Data Sheet requirements, please refer to https://sellercentral.amazon.com/help/hub/reference/G5G6BBSA6FZQP9CP
Once you have corrected the problems listed above, please re-upload a valid document in Account Health Dashboard under ""Regulatory Compliance"" section. For any questions/appeals regarding these product/other products, please submit them ( for each ASIN separately ) in ""Account Health Dashboard"" under the relevant Appeal reason:
1. Go to the Account Health page and select the Regulatory Compliance tab.
2. Click Submit button for the product you’re taking action o",2026-05-27 23:11:16,RETR,xtbBswT122oKvqQAqAAA3L
产品链接/合规类,older,account_4,weihaizhongxin2024@126.com,"Mon, 18 May 2026 07:03:38 +0000","""cscompliance-docreview-seller@amazon.it"" <cscompliance-docreview-seller@amazon.it>","SELLER: A1UYGOR4ZW45MU, ASIN: B0DD7R3PPG, MARKETPLACE:
 APJ6JRA9NG5V4 - SPO - Seller Partner Outreach - Document Review",,"Do not reply back to this e-mail!
Hello,
Thank you for submitting a document to the Chemical Safety Compliance Team.
Upon review, we determined that the Safety Data Sheet ( SDS ) you uploaded for your ASIN is invalid due to it being incomplete, inaccurate, or otherwise conflicting, and thus, cannot be used for classification. Even though you've provided a written statement asserting that this SDS is the correct one, unfortunately, it doesn't validate its applicability for your product due to the following issues with the SDS:
→ The SDS must be composed in accordance with a valid regulation/legislation for Chemical Safety Compliance( for which your product is listed and stored ).
The SDS does not include the legislation/regulation in accordance with the document was created
Legislation/regulation should be also mentioned in section 2 “Hazard Identification”.
For guidance on Safety Data Sheet requirements, please refer to https://sellercentral.amazon.com/help/hub/reference/G5G6BBSA6FZQP9CP
Once you have corrected the problems listed above, please re-upload a valid document in Account Health Dashboard under ""Regulatory Compliance"" section. For any questions/appeals regarding these pro",2026-05-27 23:11:15,RETR,xtbBpA6+pGoKuc5NrwAA3F
产品链接/合规类,older,account_4,weihaizhongxin2024@126.com,"Mon, 18 May 2026 07:02:28 +0000","""cscompliance-docreview-seller@amazon.it"" <cscompliance-docreview-seller@amazon.it>","SELLER: A1UYGOR4ZW45MU, ASIN: B0G6XCTGJC, MARKETPLACE:
 APJ6JRA9NG5V4 - SPO - Seller Partner Outreach - Document Review",,"Do not reply back to this e-mail!
Hello,
Thank you for submitting a document to the Chemical Safety Compliance Team.
The ASIN has been marked as compliant in our systems and will be reclassified in the shortest time possible.
No further action is required on your part in this matter.
We appreciate your prompt cooperation.
Thank you,
bpirvano
Amazon",2026-05-27 23:11:15,RETR,xtbBpAitk2oKuYhK4QAA3o
产品链接/合规类,older,account_4,weihaizhongxin2024@126.com,"Sun, 17 May 2026 14:07:57 +0000","""toys-safety-mv@amazon.com"" <toys-safety-mv@amazon.com>","RE:[CASE 20326051091] SELLER: A192R36HNXVJ38, ASIN: B0DRTR7GYJ,
 MARKETPLACE: 1 - PS - APPEAL",,"Hello,
We have reviewed your appeal request. We are rejecting your appeal because the detail page has an image of a child playing with the product. We request you take the following action:
Please remove the image from the detail page. This requirement helps ensure products are compliant with local laws and safe for customers.
For more information on compliance requirements for Arts & Crafts, please visit: https://sellercentral.amazon.com/help/hub/reference/external/GKJRA3FRPRKVBJJS
Once testing or verification is requested, please work with the chosen source to provide all requested information to complete testing of your product or verification of your existing test documents. Once the third-party TIC services provide Amazon with test or verification results confirming compliance with Amazon's policies, your product will be eligible for sale in US store. No further action will be required.
Without completing the steps mentioned above, we will not be able to proceed with your appeal/reinstatement.
We appreciate your cooperation on this important matter.
Note: This email was sent from a no-reply mailbox. Please don't reply to this email. Kindly navigate via Account Health Dashboard",2026-05-27 23:11:14,RETR,xtbBpQEA5WoJy8EBrAAA3F
产品链接/合规类,older,account_4,weihaizhongxin2024@126.com,"Sun, 17 May 2026 03:03:13 +0000",Fulfillment by Amazon Operations <fba-noreply@amazon.com>,Your Amazon.com Inventory,,"Dear Weihai US,
You recently received a notice about the removal of your listing(s) for the product(s) listed below.
You were required to submit a removal request for the ASIN(s) referenced below to have your inventory sent to a location of your choosing within 30 days of the notification sent on 04/15/2026. Since a removal order was not submitted since the notification was sent, we have submitted a disposal order for this inventory in accordance with FBA policies.
For more information regarding the restriction of this product, see the notification e-mail you received from Product Safety. If you have additional questions, please contact Seller Support.
Thank you for your attention to this matter.
Regards,
Product Safety Team
Amazon.com
www.amazon.com
Please note: this e-mail was sent from a notification-only address that cannot accept incoming e-mail. Please do not reply to this message.
Affected Product(s):
B0FCDRNTT8
Was this email helpful?
 https://sellercentral.amazon.com/gp/satisfaction/survey-form.html?ie=UTF8&HMDName=NotificationBusEmailHMD&customAttribute1Value=RESTRICTED_PRODUCT_REMOVAL_ORDER_CREATED
SPC-USAmazon-1653667702886332",2026-05-27 23:11:12,RETR,xtbBpBTly2oJL-RYWAAA3m
产品链接/合规类,older,account_4,weihaizhongxin2024@126.com,"Fri, 15 May 2026 07:42:16 +0000","""fba-3p-buyability-improvement-de@amazon.com"" <fba-3p-buyability-improvement-de@amazon.com>",主题：需要采取的行动：网站禁止的 ASIN,,"尊敬的卖家，
我们与您联系是为了让您知道，由于您的某些 ASIN 被禁止显示，您可能会错失销售机会.
我们建议您提交所需的文件以取消禁止显示您的 ASIN 并激活您的列表。
以下是您被屏蔽的 ASIN 的示例：
B0F1R6Y4JL
如果您想了解当前被禁止的所有 ASIN 以及被禁止的原因，请登录您的卖家中心帐户并转至 “目录“ >> “补全您的草稿“ >>“有问题的已发布商品信息“ >> “详情页面已删除“. 您所有的 ASIN 都将列在这里
https://sellercentral-europe.amazon.com/fixyourproducts/drafts
要上传所需文件或提出申诉以解除对 ASIN 的压制，请遵循此路径  登录您的卖家中心账户并前往 “绩效“ >> “帐户健康“ >> “文件要求“ 在下面 “产品合规要求“ 在右下角 >> “提供文件“ 并选择上传文件或上诉。
https://sellercentral-europe.amazon.com/performance/account/health/compliance-request
如果您需要进一步的帮助，请通过联系我们提交案例。- https://sellercentral-europe.amazon.com/cu/contact-us?ref=xx_ContactUs_xxxx_helphub
如果您不是正确的联系人，请将此电子邮件重定向到正确的联系人。
如果您想退订，请回复所有主题行“退订”
注意：此电子邮件不受监控，任何有问题的回复都不会得到答复
请注意，所附表格属于亚马逊机密。不要打扰。
感谢您在亚马逊商店销售，
亚马逊购买团队
在我们的 10 秒调查中分享快速反馈，无需登录供应商/卖家中心。您的意见很重要！
单击此处，https://amazonexteu.qualtrics.com/jfe/form/SV_didQ0FJXzXequbQ?Condition=Singlelink&caseId=${print-case-id}
Amazon Services Europe S.à r.l.38 Avenue John F. Kennedy, L-1855 Luxembourg，卢森堡注册编号 B-93815，股本 37,551 欧元，营业执照编号： 132595，卢森堡增值税注册编号 LU 19647148。
© 2022 Amazon.com Inc. 或其关联公司。保留所有权利",2026-05-27 23:11:07,RETR,xtbBpBzmzGoGzlwguAAA30
产品链接/合规类,older,account_4,weihaizhongxin2024@126.com,"Thu, 14 May 2026 10:44:21 +0000","""fba-3p-buyability-improvement-it@amazon.com"" <fba-3p-buyability-improvement-it@amazon.com>",主题：需要采取的行动：网站禁止的 ASIN,,"尊敬的卖家，
我们与您联系是为了让您知道，由于您的某些 ASIN 被禁止显示，您可能会错失销售机会.
我们建议您提交所需的文件以取消禁止显示您的 ASIN 并激活您的列表。
以下是您被屏蔽的 ASIN 的示例：
B0F1R6Y4JL
如果您想了解当前被禁止的所有 ASIN 以及被禁止的原因，请登录您的卖家中心帐户并转至 “目录“ >> “补全您的草稿“ >>“有问题的已发布商品信息“ >> “详情页面已删除“. 您所有的 ASIN 都将列在这里
https://sellercentral-europe.amazon.com/fixyourproducts/drafts
要上传所需文件或提出申诉以解除对 ASIN 的压制，请遵循此路径  登录您的卖家中心账户并前往 “绩效“ >> “帐户健康“ >> “文件要求“ 在下面 “产品合规要求“ 在右下角 >> “提供文件“ 并选择上传文件或上诉。
https://sellercentral-europe.amazon.com/performance/account/health/compliance-request
如果您需要进一步的帮助，请通过联系我们提交案例。- https://sellercentral-europe.amazon.com/cu/contact-us?ref=xx_ContactUs_xxxx_helphub
如果您不是正确的联系人，请将此电子邮件重定向到正确的联系人。
如果您想退订，请回复所有主题行“退订”
注意：此电子邮件不受监控，任何有问题的回复都不会得到答复
请注意，所附表格属于亚马逊机密。不要打扰。
感谢您在亚马逊商店销售，
亚马逊购买团队
在我们的 10 秒调查中分享快速反馈，无需登录供应商/卖家中心。您的意见很重要！
单击此处，https://amazonexteu.qualtrics.com/jfe/form/SV_didQ0FJXzXequbQ?Condition=Singlelink&caseId=${print-case-id}
Amazon Services Europe S.à r.l.38 Avenue John F. Kennedy, L-1855 Luxembourg，卢森堡注册编号 B-93815，股本 37,551 欧元，营业执照编号： 132595，卢森堡增值税注册编号 LU 19647148。
© 2022 Amazon.com Inc. 或其关联公司。保留所有权利",2026-05-27 23:11:03,RETR,xtbBpQjnzWoFp4jVRwAA3V
产品链接/合规类,older,account_4,weihaizhongxin2024@126.com,"Mon, 11 May 2026 09:19:51 +0000","""cscompliance-docreview-seller@amazon.com"" <cscompliance-docreview-seller@amazon.com>","SELLER: A192R36HNXVJ38, ASIN: B0FCDRNTT8, MARKETPLACE: 1 - CSC -
 DOC REVIEW",,"Do not reply back to this e-mail!
Hello,
Thank you for submitting a document to the Chemical Safety Compliance Team.
Upon review, we determined that the Safety Data Sheet ( SDS ) you uploaded for your ASIN is invalid due to it being incomplete, inaccurate, or otherwise conflicting, and thus, cannot be used for classification. Even though you've provided a written statement asserting that this SDS is the correct one, unfortunately, it doesn't validate its applicability for your product due to the following issues with the SDS:
→ The name/title of the product on the SDS is "" See item 3 for details "" while the listing name/title of the product is ""12 color acrylic paint "".
→ The SDS must be composed in accordance with a valid regulation/legislation for Chemical Safety Compliance( for which your product is listed and stored ).
The SDS does not include the legislation/regulation in accordance with the document was created
Legislation/regulation should be also mentioned in section 2 “Hazard Identification”.
→ The SDS must be composed in accordance with a valid regulation/legislation for Chemical Safety Compliance( for which your product is listed and stored ).
The SDS does not include th",2026-05-27 23:10:56,RETR,xtbBsxvQtmoBnzu80AAA3t
产品链接/合规类,older,account_4,weihaizhongxin2024@126.com,"Mon, 11 May 2026 09:19:28 +0000","""cscompliance-docreview-vendor@amazon.com.mx"" <cscompliance-docreview-vendor@amazon.com.mx>","SELLER: A192R36HNXVJ38, ASIN: B0FCDRNTT8, MARKETPLACE: 771770 - CSC
 - DOC REVIEW",,"Do not reply back to this e-mail!
Hello,
Thank you for submitting a document to the Chemical Safety Compliance Team.
Upon review, we determined that the Safety Data Sheet ( SDS ) you uploaded for your ASIN is invalid due to it being incomplete, inaccurate, or otherwise conflicting, and thus, cannot be used for classification. Even though you've provided a written statement asserting that this SDS is the correct one, unfortunately, it doesn't validate its applicability for your product due to the following issues with the SDS:
→ The SDS must be composed in accordance with a valid regulation/legislation for Chemical Safety Compliance( for which your product is listed and stored ).
The SDS does not include the legislation/regulation in accordance with the document was created
Legislation/regulation should be also mentioned in section 2 “Hazard Identification”.
For guidance on Safety Data Sheet requirements, please refer to https://sellercentral.amazon.com/help/hub/reference/G5G6BBSA6FZQP9CP
Once you have corrected the problems listed above, please re-upload a valid document in Account Health Dashboard under ""Regulatory Compliance"" section. For any questions/appeals regarding these pro",2026-05-27 23:10:56,RETR,xtbBsgXLsWoBnyUO-AAA3u
产品链接/合规类,older,account_4,weihaizhongxin2024@126.com,"Mon, 11 May 2026 09:15:37 +0000","""cscompliance-docreview-seller@amazon.de"" <cscompliance-docreview-seller@amazon.de>","SELLER: A1UYGOR4ZW45MU, ASIN: B0G6XCTGJC, MARKETPLACE:
 A1PA6795UKMFR9 - SPO - Seller Partner Outreach - Document Review",,"Do not reply back to this e-mail!
Hello,
Thank you for submitting a document to the Chemical Safety Compliance Team.
Upon review, we determined that the Safety Data Sheet ( SDS ) you uploaded for your ASIN is invalid due to it being incomplete, inaccurate, or otherwise conflicting, and thus, cannot be used for classification. Even though you've provided a written statement asserting that this SDS is the correct one, unfortunately, it doesn't validate its applicability for your product due to the following issues with the SDS:
→ The SDS must be composed in accordance with a valid regulation/legislation for Chemical Safety Compliance( for which your product is listed and stored ).
The SDS does not include the legislation/regulation in accordance with the document was created
Legislation/regulation should be also mentioned in section 2 “Hazard Identification”.
For guidance on Safety Data Sheet requirements, please refer to https://sellercentral.amazon.com/help/hub/reference/G5G6BBSA6FZQP9CP
Once you have corrected the problems listed above, please re-upload a valid document in Account Health Dashboard under ""Regulatory Compliance"" section. For any questions/appeals regarding these pro",2026-05-27 23:10:55,RETR,xtbBpB2Rd2oBnj3zgAAA3k
产品链接/合规类,older,account_4,weihaizhongxin2024@126.com,"Fri, 8 May 2026 11:37:14 +0000",donotreply@amazon.com,"Votre facture pour les frais de paiement au titre de la REP pour
 les ventes sur Amazon.fr |   Your VAT invoice for EPR Pay on Behalf charges
 for Amazon.fr sales",,"Bonjour,
Votre facture pour couvrant les frais de paiement au titre de la Responsabilité élargie du producteur (REP) pour les ventes sur Amazon.fr est désormais disponible.
La facture comprend (1) les frais d’éco-contribution qu’Amazon a payé en votre nom pour les ventes de produits soumis à des obligations REP sur Amazon.fr au cours de la période de référence applicable et (2) les frais de service REP Nous payons en votre nom, pour les catégories de REP spécifiées dans le résumé au niveau de la catégorie et dans le résumé au niveau de l’ASIN.
Pour accéder à votre facture REP Nous Payons en votre nom , ouvrez la pièce jointe de cet e-mail ou accédez à la section Factures des frais du vendeur et recherchez « REP Nous payons en votre nom » dans la colonne « Type de facture ».
Pour afficher un résumé au niveau de la catégorie des frais facturés, des périodes de déclaration applicables et des catégories REP, accédez à la section Affichage des transactions avec les frais de service comme type de transaction, et recherchez « REP Nous payons en votre nom » dans la colonne « Détails sur le produit ».
Pour afficher le détail au niveau de l’ASIN de vos frais d’éco-contribution REP, des pério",2026-05-27 23:10:35,RETR,xtbBpQ3HrWn9yu197gAA3i
产品链接/合规类,older,account_4,weihaizhongxin2024@126.com,"Tue, 5 May 2026 17:50:39 +0000",Fulfillment by Amazon Operations <fba-noreply@amazon.com>,Your Amazon.com Inventory - Action Required,,"Dear Weihai US,
We have recently restricted listings for the product(s) listed below on Amazon.com.
Please initiate a removal request for the ASIN(s) referenced below to have your inventory sent to a location of your choosing. If this inventory is not removed within 30 days of this notification (by 06/03/2026), we may dispose of it in accordance with FBA policies.
Thank you for your attention to this matter.
Regards,
Product Safety Team
Amazon.com
www.amazon.com
Please note: this e-mail was sent from a notification-only address that cannot accept incoming e-mail. Please do not reply to this message.
Affected Product(s):
B0DRTR7GYJ
Was this email helpful?
 https://sellercentral.amazon.com/gp/satisfaction/survey-form.html?ie=UTF8&HMDName=NotificationBusEmailHMD&customAttribute1Value=RESTRICTED_LISTING_PRODUCTS_REMOVAL_REQUEST
SPC-USAmazon-1583298956134227",2026-05-27 23:10:27,RETR,xtbBsxOghmn6LfNGgwAA3O
产品链接/合规类,older,account_4,weihaizhongxin2024@126.com,"Tue, 5 May 2026 12:49:24 +0000",Amazon Europe <donotreply@amazon.com>,Submit missing VAT Registration Information,,"Amazon Services
 96
 Submit missing VAT Registration Information
 Hello,
 We are reaching out as we have identified that the following VAT registration information is missing in your Seller Central account:
 Country
 Details
 Poland
 Ship from Non-Place of Establishment
 Amazon requires Selling Partners to submit valid VAT Registration Numbers, to ensure compliance with tax requirements.
 What actions do I need to take?
 To avoid any impact to your account, we encourage you to submit this information at your earliest convenience. In your “Tax Settings” page , in Seller Central:
 1. Add a valid VAT registration number for the countries listed above , with an address linked to those VRNs and with address nature assigned.
 2. Verify that all your Tax Information in Seller Central matches the information provided to the Tax Authorities .
 Provide my VAT information
 We recommend that you contact your tax advisor to understand your obligations in each country that you sell in.
Make sure you always keep your Tax Information up-to-date in Seller Central, for all the countries in which you have an obligation.
For more information, visit European VAT registration requirements page .
 Amazon",2026-05-27 23:10:26,RETR,xtbBpBbnzWn551bT7gAA3E
产品链接/合规类,older,account_4,weihaizhongxin2024@126.com,"Tue, 5 May 2026 02:13:07 +0000",Amazon Services <donotreply@amazon.com>,Submit product safety documentation to reactivate listings,,"96
 Submit product safety documentation to reactivate listings
 Hello Weihai US,
 Some of your listings have been deactivated due to missing mandatory compliance requirements for your products. Review the details and next steps below. The affected listings are shown at the end of this email.
 Why is this happening?
 We are taking this action because these products are missing mandatory compliance information. Review our Product safety and compliance help page for information on applicable laws, regulations, and Amazon policies. We leveraged a combination of automated means and expert human review to identify this issue and make this decision.
 The table at the end of this email provides product-specific compliance requirements.
 How do I reactivate my listings?
 To provide the required compliance information, go to your Account Health page and locate the product compliance requests:
-
 If you have the required documentation, follow the instructions to submit your compliance documents. We will only reinstate products that fulfill the compliance requirements.
-
 If you believe your products are exempt from these requirements, submit documentation demonstrating why they are not subjec",2026-05-27 23:10:24,RETR,xtbBpBd6YGn5Uje59AAA3R
产品链接/合规类,older,account_4,weihaizhongxin2024@126.com,"Sun, 3 May 2026 13:18:47 +0000",Amazon Services <donotreply@amazon.com>,Submit product safety documentation to reactivate listings,,"96
 Submit product safety documentation to reactivate listings
 Hello Weihai EU,
 Some of your listings have been deactivated due to missing mandatory compliance requirements for your products. Review the details and next steps below. The affected listings are shown at the end of this email.
 Why is this happening?
 We are taking this action because these products are missing mandatory compliance information. Review our Product safety and compliance help page for information on applicable laws, regulations, and Amazon policies. We leveraged a combination of automated means and expert human review to identify this issue and make this decision.
 The table at the end of this email provides product-specific compliance requirements.
 How do I reactivate my listings?
 To provide the required compliance information, go to your Account Health page and locate the product compliance requests:
-
 If you have the required documentation, follow the instructions to submit your compliance documents. We will only reinstate products that fulfill the compliance requirements.
-
 If you believe your products are exempt from these requirements, submit documentation demonstrating why they are not subjec",2026-05-27 23:10:20,RETR,xtbBshs5H2n3SztuoQAA3u
产品链接/合规类,older,account_4,weihaizhongxin2024@126.com,"Sat, 2 May 2026 13:15:01 +0000",Amazon Services <donotreply@amazon.com>,Submit product safety documentation to reactivate listings,,"96
 Submit product safety documentation to reactivate listings
 Hello Weihai EU,
 Some of your listings have been deactivated due to missing mandatory compliance requirements for your products. Review the details and next steps below. The affected listings are shown at the end of this email.
 Why is this happening?
 We are taking this action because these products are missing mandatory compliance information. Review our Product safety and compliance help page for information on applicable laws, regulations, and Amazon policies. We leveraged a combination of automated means and expert human review to identify this issue and make this decision.
 The table at the end of this email provides product-specific compliance requirements.
 How do I reactivate my listings?
 To provide the required compliance information, go to your Account Health page and locate the product compliance requests:
-
 If you have the required documentation, follow the instructions to submit your compliance documents. We will only reinstate products that fulfill the compliance requirements.
-
 If you believe your products are exempt from these requirements, submit documentation demonstrating why they are not subjec",2026-05-27 23:10:18,RETR,xtbBpBdLMWn1+NeIywAA35
产品链接/合规类,older,account_4,weihaizhongxin2024@126.com,"Sat, 2 May 2026 02:13:49 +0000",Amazon Services <donotreply@amazon.com>,Submit product safety documentation to reactivate listings,,"96
 Submit product safety documentation to reactivate listings
 Hello Weihai EU,
 Some of your listings have been deactivated due to missing mandatory compliance requirements for your products. Review the details and next steps below. The affected listings are shown at the end of this email.
 Why is this happening?
 We are taking this action because these products are missing mandatory compliance information. Review our Product safety and compliance help page for information on applicable laws, regulations and Amazon policies. We leveraged a combination of automated means and expert human review to identify this issue and make this decision.
 The table at the end of this email provides product-specific compliance requirements.
 How do I reactivate my listing?
 To provide the required compliance information, go to your Account Health page and locate the product compliance requests:
-
 If you have the required documentation, follow the instructions to submit your compliance documents. We will only reinstate products that fulfil the compliance requirements.
-
 If you believe that your products are exempt from these requirements, submit documentation demonstrating why they are not subj",2026-05-27 23:10:16,RETR,xtbBswFnTWn1XeE8HwAA3b
产品链接/合规类,older,account_4,weihaizhongxin2024@126.com,"Fri, 1 May 2026 14:19:29 +0000",Amazon Services <donotreply@amazon.com>,Submit product safety documentation to reactivate listings,,"96
 Submit product safety documentation to reactivate listings
 Hello Weihai EU,
 Some of your listings have been deactivated due to missing mandatory compliance requirements for your products. Review the details and next steps below. The affected listings are shown at the end of this email.
 Why is this happening?
 We are taking this action because these products are missing mandatory compliance information. Review our Product safety and compliance help page for information on applicable laws, regulations, and Amazon policies. We leveraged a combination of automated means and expert human review to identify this issue and make this decision.
 The table at the end of this email provides product-specific compliance requirements.
 How do I reactivate my listings?
 To provide the required compliance information, go to your Account Health page and locate the product compliance requests:
-
 If you have the required documentation, follow the instructions to submit your compliance documents. We will only reinstate products that fulfill the compliance requirements.
-
 If you believe your products are exempt from these requirements, submit documentation demonstrating why they are not subjec",2026-05-27 23:10:13,RETR,xtbBpBViSGn0tnUSXAAA3L
产品链接/合规类,older,account_4,weihaizhongxin2024@126.com,"Fri, 1 May 2026 12:52:07 +0000",Fulfilment by Amazon Operations <fba-noreply@amazon.lu>,Your Amazon-Fulfilled Inventory - Action Required,,"Dear Seller,
You recently received a notice concerning the removal of your listing(s) for the product(s) below due to a safety recall.
Please create a removal request for the ASIN(s) listed below to have your inventory sent to a location of your choice. If this inventory is not removed within 30 days of this notification (by 30/05/2026), we shall dispose of it in accordance with our FBA policies.
For more information regarding the removal of this product, see the notification e-mail you received from our Seller Performance Team.
Thank you for your prompt attention to this matter.
Yours faithfully,
Fulfilment by Amazon Team
Please note: this e-mail was sent from a notification-only address that cannot accept incoming e-mail. Please do not reply to this message.
Affected Product(s):
B0FPC87B1W
 SPC-EUAmazon-1301823416934708",2026-05-27 23:10:12,RETR,xtbBsho+JGn0ofrBZQAA3Q
产品链接/合规类,older,account_4,weihaizhongxin2024@126.com,"Fri, 1 May 2026 02:11:27 +0000",Amazon Services <donotreply@amazon.com>,Submit product safety documentation to reactivate listings,,"96
 Submit product safety documentation to reactivate listings
 Hello Weihai EU,
 Some of your listings have been deactivated due to missing mandatory compliance requirements for your products. Review the details and next steps below. The affected listings are shown at the end of this email.
 Why is this happening?
 We are taking this action because these products are missing mandatory compliance information. Review our Product safety and compliance help page for information on applicable laws, regulations and Amazon policies. We leveraged a combination of automated means and expert human review to identify this issue and make this decision.
 The table at the end of this email provides product-specific compliance requirements.
 How do I reactivate my listing?
 To provide the required compliance information, go to your Account Health page and locate the product compliance requests:
-
 If you have the required documentation, follow the instructions to submit your compliance documents. We will only reinstate products that fulfil the compliance requirements.
-
 If you believe that your products are exempt from these requirements, submit documentation demonstrating why they are not subj",2026-05-27 23:10:10,RETR,xtbBpROOdGn0C9NDHQAA3X
产品链接/合规类,older,account_4,weihaizhongxin2024@126.com,"Thu, 30 Apr 2026 14:14:16 +0000",Amazon Services <donotreply@amazon.com>,Submit product safety documentation to reactivate listings,,"96
 Submit product safety documentation to reactivate listings
 Hello Weihai EU,
 Some of your listings have been deactivated due to missing mandatory compliance requirements for your products. Review the details and next steps below. The affected listings are shown at the end of this email.
 Why is this happening?
 We are taking this action because these products are missing mandatory compliance information. Review our Product safety and compliance help page for information on applicable laws, regulations, and Amazon policies. We leveraged a combination of automated means and expert human review to identify this issue and make this decision.
 The table at the end of this email provides product-specific compliance requirements.
 How do I reactivate my listings?
 To provide the required compliance information, go to your Account Health page and locate the product compliance requests:
-
 If you have the required documentation, follow the instructions to submit your compliance documents. We will only reinstate products that fulfill the compliance requirements.
-
 If you believe your products are exempt from these requirements, submit documentation demonstrating why they are not subjec",2026-05-27 23:10:07,RETR,xtbBpBteRGnzY7sK4QAA3M
产品链接/合规类,older,account_4,weihaizhongxin2024@126.com,"Thu, 30 Apr 2026 13:03:36 +0000",Amazon Europe <donotreply@amazon.com>,Add products to Amazon.nl for Pan EU eligibility,,"Add products to Amazon.nl for Pan EU eligibility 96
 Complete Pan EU enrollment: Add NL products now
                                                     ‍͏  ͏  ‍͏  ͏  ‍͏  ͏  ‍͏  ͏  ‍͏  ͏  ‍͏  ͏  ‍͏  ͏  ‍͏  ͏  ‍͏  ͏  ‍͏  ͏  ‍͏  ͏  ‍͏  ͏  ‍͏  ͏  ‍͏  ͏  ‍͏  ͏  ‍͏  ͏  ‍͏  ͏  ‍͏  ͏  ‍͏  ͏  ‍͏  ͏  ‍͏  ͏  ‍͏  ͏  ‍͏  ͏  ‍͏  ͏  ‍͏  ͏  ‍͏  ͏  ‍͏  ͏  ‍͏  ͏  ‍͏  ͏  ‍͏  ͏  ‍͏  ͏  ‍͏  ͏  ‍͏  ͏  ‍͏  ͏  ‍͏  ͏  ‍͏  ͏  ‍͏  ͏  ‍͏  ͏  ‍͏  ͏ ͏‌ ­ ­ ­ ­ ͏‌ ­ ­ ­ ­ ͏‌ ­ ­ ­ ­ ͏‌ ­ ­ ­ ­ ͏‌ ­ ­ ­ ­ ͏‌ ­ ­ ­ ­ ͏‌ ­ ­ ­ ­ ͏‌ ­ ­ ­ ­ ͏‌ ­ ­ ­ ­ ͏‌ ­ ­ ­ ­ ͏‌ ­ ­ ­ ­ ͏‌ ­ ­ ­ ­ ͏‌ ­ ­ ­ ­ ͏‌ ­ ­ ­ ­ ͏‌ ­ ­ ­ ­ ͏‌ ­ ­ ­ ­ ͏‌ ­ ­ ­ ­ ͏‌ ­ ­ ­ ­ ͏‌ ­ ­ ­ ­ ͏‌ ­ ­ ­ ­ ͏‌ ­ ­ ­ ­ ͏‌ ­ ­ ­ ­ ͏‌ ­ ­ ­ ­ ͏‌ ­ ­ ­ ­ ͏‌ ­ ­ ­ ­ ͏‌ ­ ­ ­ ­ ͏‌ ­ ­ ­ ­ ͏‌ ­ ­ ­ ­ ͏‌ ­ ­ ­ ­ ͏‌ ­ ­ ­ ­ ͏‌ ­ ­ ­ ­ ͏‌ ­ ­ ­ ­ ͏‌ ­ ­ ­ ­ ͏‌ ­ ­ ­ ­ ͏‌ ­ ­ ­ ­ ͏‌ ­ ­ ­ ­ ͏‌ ­ ­ ­ ­ ͏‌ ­ ­ ­ ­ ͏‌ ­ ­ ­ ­ ͏‌ ­ ­ ­ ­ ͏‌ ­ ­ ­ ­ ͏‌ ­ ­ ­ ­ ͏‌ ­ ­ ­ ­ ͏‌ ­ ­ ­ ­ ͏‌ ­ ­ ­ ­ ͏‌ ­ ­ ­ ­ ͏‌ ­ ­ ­ ­ ͏‌ ­ ­ ­ ­ ͏‌ ­ ­ ­ ­ ͏‌ ­ ­ ­ ­ ͏‌ ­ ­ ­ ­ ͏‌ ­ ­ ­ ­ ͏‌ ­ ­ ­ ­ ͏‌ ­ ­ ­ ­ ͏‌ ­ ­ ­ ­ ͏‌ ­ ­ ­ ­ ͏‌ ­ ­ ­ ­ ͏‌ ­ ­ ­ ­ ͏‌ ­ ­ ­ ­ ͏‌ ­ ­ ­ ­ ͏‌ ­ ­ ­ ­ ͏‌ ­ ­ ­ ­ ͏‌ ­ ­ ­ ­ ͏‌ ­ ­ ­ ­ ͏‌ ­ ­ ­ ­
 Complete Pan EU enrollment: Add NL products now
 Add an of",2026-05-27 23:10:06,RETR,xtbBsgw3HWnzUyxxkQAA3R
产品链接/合规类,older,account_4,weihaizhongxin2024@126.com,"Thu, 30 Apr 2026 09:05:17 +0000","""ppwr-cn-seller-compliance@amazon.com"" <ppwr-cn-seller-compliance@amazon.com>",RE:[CASE 12309992722] 需要采取行动：请向亚马逊提交您的EPR包装法注册号,,"【请勿回复此日志，如有问题请加入下方邮件中的企微群】
卖家您好，
系统数据显示您可能在以下站点尚未完成PPWR合规。提醒您务必尽快开始行动。如果您被认定为不合规，根据国家/地区不同，亚马逊可能需要停售您的不合规商品。
【您需要完成的事项】
1. 完成 IT, ES, NL, BE, PL, SE, IE 站点的包装法号码注册和上传。上传路径：绩效 → 账户状况 → 监管合规性 → 点击右上角【提交合规信息】→ 选择“EPR合规-包装“ → 上传号码。
2. 西班牙包装法注册需要西班牙本地税号，您目前可能尚未持有。请立刻开始注册流程，以确保在法规生效日（8月12日）前完成合规。
【资源链接】
- 服务商网络PPWR专属页面：https://spn.globalsellingcommunity.cn/dynamicMarketingLanding?id=16&launchPositionCode=5PCR95
- PPWR合规操作手册：https://m.media-amazon.com/images/G/01/CN_Compliance_Team/PPWR_Compliance_Guidebook.pdf
【问卷调查及问题反馈】
我们想了解下您当前在PPWR的合规进度以及收集您遇到的问题，还请填写下列问卷，谢谢：https://suv.ma.globalsellingcommunity.cn/t/5RRVUV
如有疑问，请扫码加入亚马逊卖家合规群：
https://m.media-amazon.com/images/G/01/CN_Compliance_Team/mass_wecom_yt.jpg
To contact us again about this issue, please use the Contact Us form in Seller Central using the following link:
https://sellercentral-europe.amazon.com/cu/case-dashboard/view-case?caseID=12309992722
Please note: this e-mail was sent from a notification-only address that cannot accept incoming e-mail. Please do not reply to this message.",2026-05-27 23:10:05,RETR,xtbBshEyGGnzG1FqJgAA3V
产品链接/合规类,older,account_4,weihaizhongxin2024@126.com,"Tue, 28 Apr 2026 17:13:11 +0000",Amazon Services <donotreply@amazon.com>,Submit product compliance documents to avoid listing removal,,"96
 Submit product compliance documents to avoid listing removal
 Hello Weihai EU,
 Your listings are at risk of removal due to missing Safety Data Sheets. Submit the required documentation by 2026-07-27 to continue selling these products. You can find examples of your at-risk listings at the bottom of this email.
 Why is this happening?
 We are taking this action because we identified hazardous products in your catalog that require Safety Data Sheets (SDS). These documents are required by law and provide critical safety information about chemical products, including proper handling, storage, and emergency procedures. This helps ensure the safety of our customers, employees, and anyone who handles these products.
 We leveraged a combination of automated means and expert human review to identify this issue and make this decision.
 To learn more, visit our Requirements and FAQ for the sale of chemicals .
 How do I continue to sell the affected products?
 To avoid listing removal and continue selling these products, upload the Safety Data Sheets (SDS) for each of the impacted products. Click the “View Compliance Requirements” button below to see all affected listings.
 View Compliance",2026-05-27 23:09:56,RETR,xtbBsgp7YWnw6qpANwAA3M
产品链接/合规类,older,account_4,weihaizhongxin2024@126.com,"Tue, 28 Apr 2026 16:52:19 +0000",Amazon Services <donotreply@amazon.com>,Submit product compliance documents to avoid listing removal,,"96
 Submit product compliance documents to avoid listing removal
 Hello Weihai EU,
 Your listings are at risk of removal due to missing Safety Data Sheets. Submit the required documentation by 2026-07-27 to continue selling these products. You can find examples of your at-risk listings at the bottom of this email.
 Why is this happening?
 We are taking this action because we identified hazardous products in your catalogue that require Safety Data Sheets (SDS). These documents are required by law and provide critical safety information about chemical products, including proper handling, storage and emergency procedures. This helps ensure the safety of our customers, employees and anyone who handles these products.
 To learn more, go to our Requirements and FAQ for the sale of chemicals .
 How do I continue to sell the affected products?
 To avoid listing removal and continue selling these products, upload the Safety Data Sheets (SDS) for each of the affected products. Click the “View Compliance Requirements” button below to see all affected listings.
 View Compliance Requirements
 What was affected?
 Reason
 At-risk sales
 Roaxkois Ceramic Painting Set | Cups Painting Set Includes C",2026-05-27 23:09:55,RETR,xtbBsgdBJ2nw5ccjMwAA34
产品链接/合规类,older,account_4,weihaizhongxin2024@126.com,"Tue, 28 Apr 2026 03:13:33 +0000",Amazon Seller Support <merch.service05@amazon.com>,RE:[CASE 20093870001] Other account issues,,"Hello from Amazon Selling Partner Support,
My name is Ritam. I am a Live Channel Specialist and I'm contacting you to follow up on your concern regarding the reinstatement of your listing B0FCDRNTT8.
Upon checking, I would like to inform you that your listing B0FCDRNTT8 comes under 2 separate policy violations - 'Food and Product Safety Issues' and 'Regulatory Compliance'.
You submission to address the Regulatory Compliance was rejected. This request applies to you if you are fulfilling your chemical products via the Amazon Fulfillment Network (AFN) and this compliance request is for a Safety Data Sheet (SDS). If you are using another method of fulfillment, such as the Merchant Fulfillment Network (MFN), please disregard this request.
Chemical Safety and Compliance (CSC) classifies Hazardous Goods (HG), which are a category of chemical products. These chemical products are regulated for storage, handling and waste by country or region level legislation, as they pose a risk to property, human health or the environment if spilled or released.
To mitigate this risk, CSC requires the submission of Safety Data Sheets (SDS), based on the Toxic Substances Control Act (TSCA) and Occupation",2026-05-27 23:09:53,RETR,xtbBswIY-WnwJeJh9wAA3c
法务/侵权类,older,account_4,weihaizhongxin2024@126.com,"Wed, 20 May 2026 15:00:47 +0000",Amazon Services <donotreply@amazon.com>,Votre paiement est en cours,,"96
This title will display on mobile devices
 Félicitations ! Votre paiement est en cours et arrivera sous peu.
 Tentative de versement
Félicitations, Weihai EU ! Votre paiement est en cours et arrivera sous trois à cinq jours.
Le 05/20/26 15:00 CEST, nous avons effectué un virement d’un montant de €
 176.44 sur le compte lié à votre méthode de paiement (compte bancaire se terminant par 229).
 Si le montant est inférieur au montant auquel vous vous attendiez, voici quelques questions à vous poser :
 Disposez-vous d’un solde de fonds non disponibles ? Amazon peut réserver des fonds afin de couvrir des retours, des réclamations ou des rétrofacturations potentiels des acheteurs. Si tel est le cas, le solde de fin de période de votre rapport sur les paiements affichera le solde des fonds non disponibles réservé.
 Vos ventes couvraient-elles l’ensemble des frais et des retours pour cette période de règlements ? Le montant du paiement reflète votre activité commerciale, les frais de vente et les frais relatifs aux promotions et aux services. Nous vous recommandons de consulter votre rapport sur les paiements sous l’onglet Rapports de Seller Central pour comprendre votre solde de fin de p",2026-05-27 23:11:27,RETR,xtbBpAM5H2oNzKPVxwAA3b
法务/侵权类,older,account_4,weihaizhongxin2024@126.com,"Wed, 20 May 2026 13:54:37 +0000",Amazon Services <donotreply@amazon.com>,Pagamento elaborato con successo,,"96
This title will display on mobile devices
 Congratulazioni. Il pagamento è stato elaborato con successo e ti sarà accreditato a breve.
 Tentativo di pagamento
Congratulazioni Weihai EU! Il pagamento è stato elaborato con successo e ti sarà accreditato nel giro di da tre a cinque giorni.
In data 05/20/26 13:54 CEST, abbiamo avviato un trasferimento sul tuo metodo di pagamento (conto bancario che termina con 229) dell’importo di €
 223,62.
 Se l’importo è inferiore a quanto atteso, tieni in considerazione le seguenti domande:
 Hai un saldo non disponibile? Amazon potrebbe trattenere una certa somma per coprire i costi di eventuali resi, reclami o contestazioni di una transazione (chargeback) da parte degli acquirenti. In questo caso, il saldo finale nel tuo report sui pagamenti mostrerà il saldo non disponibile corrispondente alla cifra trattenuta.
 Le tue vendite coprono tutte le commissioni e i resi per questo ciclo di fatturazione? L’importo del pagamento rispecchia le attività di vendita, le commissioni di vendita e le tariffe per promozioni o servizi. Ti consigliamo di rivedere il report sui pagamenti nella scheda Report di Seller Central per comprendere le diverse spese che ",2026-05-27 23:11:27,RETR,xtbBswBVO2oNvSCUmQAA3q
法务/侵权类,older,account_4,weihaizhongxin2024@126.com,"Tue, 19 May 2026 17:10:53 +0000",Luana Camargo <notifications@insgly.net>,Worten Marketplace - Portugal y España,,"Hola Weihai EU,
Soy Luana Camargo, Business Developer en Worten worten.pt / worten.es , el mayor marketplace de Portugal.
Nuestro equipo de análisis ha señalado que una asociación con usted sería una gran oportunidad para ambos.
¿Estaría disponible para una reunión online esta semana?
Acerca de Worten - Somos el líder del mercado portugués:
- Nº 1 del comercio electrónico portugués
- Sitio web con mayor tráfico de Portugal (más de 10 millones de visitas al mes) - Ranking de mercado
- Más de 200 tiendas físicas en Portugal y España, proporcionando una oportunidad omnicanal
- Plataforma de gestión: Mirakl (se puede integrar manualmente o vía API)
- Sin costes iniciales - 6 meses
Estaré encantado de ayudarle si tiene alguna pregunta.
Muchas gracias,
Saludos Cordiales",2026-05-27 23:11:21,RETR,xtbBpQEsEmoMmaFirwAA3J
法务/侵权类,older,account_4,weihaizhongxin2024@126.com,"Tue, 19 May 2026 15:55:42 +0000",Amazon Europe <noreply@sell.amazon.com>,Ship Smarter: Get 3 FREE Brokerage Fees: Limited Time C2S2 Offer 🚀,,"[Amazon logo](https://go.amazonsellerservices.com/e/229492/-logo/7z3hy11/6664114770/h/cIM7P1R6ABFsNRmzeIU2ASpTCxzOevVrUjDi2lts12A)
Ship Cross-Border & Save Big. Get Started with C2S2 Today.
Dear Selling Partner,
Great news! For a limited time, we're supercharging our Customs Clearance and Shipping Services (C2S2) sign-up offer to help you move your inventory between the UK and EU. Getting set up with C2S2 now helps you stay ahead of upcoming EU customs reforms that will introduce new duties and fees on cross-border shipments. C2S2's per-shipment pricing model helps you manage these rising costs and with this limited-time offer, you'll also save on your first 3 shipments.
Your Enhanced Sign-Up Offer
From May 1 to July 31, 2026, eligible sellers who have not yet shipped with C2S2 can receive:
- 3 FREE shipment brokerage fees (triple the standard offer)
- 1st year Indirect Representation (IR) FREE (€200 value)
That's up to €380 in savings on shipping with AVASK or €740 in savings on shipping with RXO, supporting both Small Parcel Delivery (SPD) and Less than Truckload (LTL) pallet solutions.
How to Get Started
- New to Amazon Cross-Border Shipping?
Sign up now and claim your 3 FREE br",2026-05-27 23:11:21,RETR,xtbBswO-pWoMiANo2QAA32
法务/侵权类,older,account_4,weihaizhongxin2024@126.com,"Tue, 19 May 2026 06:33:16 +0000",The Fulfillment by Amazon team <donotreply@amazon.com>,Act today & improve Sales on Excess Inventory,,"96
This title will display on mobile devices
 Optional preview text
 Hello,
We noticed you have a number of ASIN(s) that have excess levels of inventory. We are reaching out to inform you about multiple options to improve your Unit Sales on your aged and/or excess inventory in Amazon Fulfillment Centers. Our goal is to help you increase the sales on this excess inventory:
X004QEYPRL, X004QEVV05
We encourage you to take Amazon recommended actions such as Create Outlet deals, Sponsor Products Ad, to improve sell through of this excess inventory and potentially reduce your chances of incurring aged inventory fee.
 Outlet deals
 Amazon Outlet is a great place for customers to shop for overstock deals, which offers a selection of items, such as electronics, toys, beauty, and kitchen.
 Create Outlet Deal Today!
 Sponsored Product Ads
 Sponsored Products is a cost-per-click advertising solution that provides advertisers with a foundation of controls and visibility to help get their individual products discovered, and help generate sales from traffic sources in the Amazon store and on select premium apps and websites.
 Create Sponsored Products Ad Today!
We encourage you to view and execut",2026-05-27 23:11:18,RETR,xtbBpBCqkGoMBDAP+wAA3o
法务/侵权类,older,account_4,weihaizhongxin2024@126.com,"Sun, 17 May 2026 08:48:46 +0000",Amazon Services <donotreply@amazon.com>,Pagamento elaborato con successo,,"96
This title will display on mobile devices
 Congratulazioni. Il pagamento è stato elaborato con successo e ti sarà accreditato a breve.
 Tentativo di pagamento
Congratulazioni Weihai EU! Il pagamento è stato elaborato con successo e ti sarà accreditato nel giro di da tre a cinque giorni.
In data 05/17/26 08:48 CEST, abbiamo avviato un trasferimento sul tuo metodo di pagamento (conto bancario che termina con 229) dell’importo di €
 386,80.
 Se l’importo è inferiore a quanto atteso, tieni in considerazione le seguenti domande:
 Hai un saldo non disponibile? Amazon potrebbe trattenere una certa somma per coprire i costi di eventuali resi, reclami o contestazioni di una transazione (chargeback) da parte degli acquirenti. In questo caso, il saldo finale nel tuo report sui pagamenti mostrerà il saldo non disponibile corrispondente alla cifra trattenuta.
 Le tue vendite coprono tutte le commissioni e i resi per questo ciclo di fatturazione? L’importo del pagamento rispecchia le attività di vendita, le commissioni di vendita e le tariffe per promozioni o servizi. Ti consigliamo di rivedere il report sui pagamenti nella scheda Report di Seller Central per comprendere le diverse spese che ",2026-05-27 23:11:13,RETR,xtbBshE5H2oJgPHfuQAA3x
法务/侵权类,older,account_4,weihaizhongxin2024@126.com,"Sun, 17 May 2026 05:21:00 +0000","""Amazon.co.uk"" <store-news@amazon.co.uk>","Swimming Training Belt, 2.5-7.5M Adjustable Swimming Resistance
 Bands is still in your basket",,"https://www.amazon.co.uk/gp/cart/view.html?ref_=cor
Schwimmgurt für Pool, Schwimmhilfe Erwachsene Pool, Schwimmgurt Pool Erwachsene, Schwimmwiderstand Gürtel mit 2.5-7.5M Einstellbare Schwimmseil für Jedes Schwimmbad Ohne Gegenstromanlage
 £17.46
https://www.amazon.co.uk/gp/product/B0DRCF83VZ/?ref_=
View your basket
https://www.amazon.co.uk/gp/cart/view.html?ref_=cor
Manage your preferences https://www.amazon.co.uk/gp/cpc/homepage?ref_=pe_ob_ftr_comm_prfs
Unsubscribe https://www.amazon.co.uk/gp/gss/o/1.pmxVEqsT3gXrFh88fSyuCe6DI9uiuU4C0KKMhooAImAzSBJB.D2l6BmGyrhR2QU
Amazon.co.uk is a trading name for Amazon EU Sarl, for Amazon Europe Core Sarl, and for Amazon Media EU Sarl, all of which have their registered office at 38 avenue John F. Kennedy, L-1855 Luxembourg. ©2026 Amazon.com, Inc. or its affiliates. Amazon and all related marks are trademarks of Amazon.com, Inc. or its affiliates. Shipping costs may apply. The price and availability displayed on amazon.co.uk at the time of purchase will apply to your purchase. Ref: 1253060271.
Privacy Notice https://www.amazon.co.uk/gp/help/customer/display.html?nodeId=201909010
Amazon.co.uk",2026-05-27 23:11:12,RETR,xtbBsgAB5moJUEAMeAAA3S
法务/侵权类,older,account_4,weihaizhongxin2024@126.com,"Sat, 16 May 2026 17:10:29 +0000",Luana Camargo <notifications@insgly.net>,Worten Marketplace - Portugal y España,,"¡Buenos días!
Espero que te encuentres bien.
Mi nombre es Luana Camargo y soy Business Developer en WORTEN Portugal y España, parte de Sonae, uno de los más grandes grupos empresariales en Portugal.
Te envío este mensaje porque nos gustaría hacer una colaboración entre Weihai EU y el Marketplace de Worten.
Sobre Worten.
Somos líderes en el mercado portugués, con 200 tiendas alcanzamos más de 1.2 billones de euros en ventas, de los cuales el 20% vienen del online.
En Portugal, Worten.pt es el sitio de comercio electrónico más visitado y con mejor desempeño, recibimos más visitas que los principales marketplaces del mundo, los que consideramos nuestra competencia. En compras online, el sitio web de Worten tiene el mayor tráfico de Portugal, más de 10 millones de visitas al mes.
Es en www.worten.pt y www.worten.es donde puedes mirar nuestro Marketplace.
Con más de 30 categorías, el Marketplace de Worten quiere ser la plataforma donde los clientes pueden encontrar todo lo que necesitan.
Con la gran demanda que sentimos, tenemos la oportunidad de aumentar nuestra gama de productos, ¡y trabajar con las mejores empresas es nuestra prioridad !
Worten Marketplace tiene una estrategia B2C, c",2026-05-27 23:11:11,RETR,xtbBswkI7WoIpQnKwgAA3Z
法务/侵权类,older,account_4,weihaizhongxin2024@126.com,"Fri, 15 May 2026 15:52:25 +0000","""Amazon.com"" <store-news@amazon.com>",EchoPlan Magnetic Blocks is still in your cart,,"Still thinking about it? https://www.amazon.com/gp/cart/view.html?ref_=cor
EchoPlan 200PCS Magnetic Blocks, Magnetic Building Blocks, Magnet Blocks Cubes, STEM Educational Stacking Magnet Toy for Kids Ages 3 4 5 6 7 8 9 10 11, Birthday Gifts for Boys and Girls, 1&quot; Large Size
 -42% $34.99 List Price: $59.99
https://www.amazon.com/gp/product/B0G4CS3GV9/?ref_=
View Your Cart
https://www.amazon.com/gp/cart/view.html?ref_=cor
Check out more options
Magneverse 200 PCS 0.8in Magnetic Blocks - Magnet Toys for Boys, Magnetic Building Blocks Cubes, Stacking Magnets, School STEM Toys Birthday Gifts for Boys and Girls Age 3+ Years Old (Theme: Portal)
 $45.98
https://www.amazon.com/gp/product/B0DPZY5X12/?ref_=ci_mcx_mr_2p_0_lm
Goody King 200 PCS Magnetic Blocks - Forest Magnetic Building Blocks, Stacking Magnets for Kids, Strong Magnets, Sensory Toy for STEM Learning Toys for Kids 3+ Boys and Girls Christmas Birthday Gifts
 $39.99
https://www.amazon.com/gp/product/B0FBGHLBCK/?ref_=ci_mcx_mr_2p_1_lm
QBI Magnetic Blocks Play Starter Set – STEM Magnet Building Toys for Kids Ages 3-5, 4-in-1 Race Car Track with 4 Cars &amp; 2 Ramps, Birthday Gift (36 PCS)
 -17% $99.79 List Price: $119.79
https",2026-05-27 23:11:09,RETR,xtbBpR27oWoHQT3clgAA35
法务/侵权类,older,account_4,weihaizhongxin2024@126.com,"Thu, 14 May 2026 14:07:42 +0000",Amazon Services <donotreply@amazon.com>,Pagamento elaborato con successo,,"96
This title will display on mobile devices
 Congratulazioni. Il pagamento è stato elaborato con successo e ti sarà accreditato a breve.
 Tentativo di pagamento
Congratulazioni Weihai EU! Il pagamento è stato elaborato con successo e ti sarà accreditato nel giro di da tre a cinque giorni.
In data 05/14/26 14:07 CEST, abbiamo avviato un trasferimento sul tuo metodo di pagamento (conto bancario che termina con 229) dell’importo di €
 350,84.
 Se l’importo è inferiore a quanto atteso, tieni in considerazione le seguenti domande:
 Hai un saldo non disponibile? Amazon potrebbe trattenere una certa somma per coprire i costi di eventuali resi, reclami o contestazioni di una transazione (chargeback) da parte degli acquirenti. In questo caso, il saldo finale nel tuo report sui pagamenti mostrerà il saldo non disponibile corrispondente alla cifra trattenuta.
 Le tue vendite coprono tutte le commissioni e i resi per questo ciclo di fatturazione? L’importo del pagamento rispecchia le attività di vendita, le commissioni di vendita e le tariffe per promozioni o servizi. Ti consigliamo di rivedere il report sui pagamenti nella scheda Report di Seller Central per comprendere le diverse spese che ",2026-05-27 23:11:03,RETR,xtbBshLdw2oF1zKcFwAA3-
法务/侵权类,older,account_4,weihaizhongxin2024@126.com,"Thu, 14 May 2026 03:00:00 +0000",Amazon Europe <no-reply@sell.amazon.com>,最大化您的 Prime Day 业绩,,"最大化您的 Prime Day 业绩
尊敬的卖家，
为 2026 年 Prime Day做好准备 - 为数百万 Prime 会员打造不容错过的优惠！加入我们今年6月为期4天活动。通过提交促销，确保充足库存，提升曝光度以助力您冲刺最佳业绩！
关键日期
活动日期： 2026年6月 (具体日期待公布)
提报截止日期： 促销 – 2026 年 6 月 19 日，价格折扣 – 活动结束前 12 小时
FBA入仓截止日期：
欧盟 – 2026年5月27日，英国 – 2026年6月5日
提报您的促销 > https://go.amazonsellerservices.com/e/229492/reate-ld-DC-EM-D448077710-Wk20/7z3d8gb/6653207154/h/6CLWu2W4fKzXAhce-EQn20MSg278mQHtkVfxmtI7vHk
<table align=""center"" border=""0"" cellpadding=""0"" cellspacing=""0"" class=""section"" role=""presentation"" style=""width:100%;"">
	<tbody>
		<tr>
			<td align=""center"">
			<div role=""none"">
<!--[if(mso)|(IE)]>
<table align=""center"" border=""0"" cellpadding=""0"" cellspacing=""0"" class=""block-grid-outlook"" style=""width:600px;"" width=""600"" >
<tr>
<td style=""line-height:0px;font-size:0px;mso-line-height-rule:exactly;""><![endif]-->
			<div style=""margin:0 auto;border-radius:0px;max-width:600px;"">
			<table align=""center"" border=""0"" cellpadding=""0"" cellspacing=""0"" role=""presentation"" style=""width:100%;border-radius:0px;"">
				<tbody>
					<tr>
						<td class=""block-grid"" style=""border-radius:0px;font-size:0px;padding:12px 0px 12px 0px;text-align:center;vertical-align:top;"">
<!--[if(mso)|(IE)]>
<table role=""presentati",2026-05-27 23:11:03,RETR,xtbBpRSXfWoFOrRdtgAA3R
法务/侵权类,older,account_4,weihaizhongxin2024@126.com,"Wed, 13 May 2026 16:40:18 +0000",Luana Camargo <notifications@insgly.net>,Worten Marketplace - Portugal y España,,"Hola Weihai EU,
Soy Luana Camargo, Business Developer en Worten worten.pt / worten.es , el mayor marketplace de Portugal.
Nuestro equipo de
análisis ha señalado que una asociación con usted sería una gran oportunidad
para ambos.
¿Estaría
disponible para una reunión online esta semana?
Acerca de Worten
- Somos el líder del mercado portugués:
- Nº 1 del
comercio electrónico portugués
- Sitio web con
mayor tráfico de Portugal (más de 10 millones de visitas al mes) - Ranking de mercado
- Más de 200
tiendas físicas en Portugal y España, proporcionando una oportunidad omnicanal
- Plataforma de
gestión: Mirakl (se puede integrar manualmente o vía API)
- Sin costes los 6 meses iniciales
Estaré encantado
de ayudarle si tiene alguna pregunta.
Muchas gracias,
Saludos
Cordiales",2026-05-27 23:11:02,RETR,xtbBpRUjCWoEqXWrpwAA3k
法务/侵权类,older,account_4,weihaizhongxin2024@126.com,"Wed, 13 May 2026 14:51:48 +0000",Zespół Amazon Services <donotreply@amazon.com>,Pobierz raport podatkowy dla Chin za okres od października do grudnia 2025 r.,,"96
 Możesz teraz pobrać kwartalny raport podatkowy, który zawiera dane, takie jak informacje identyfikacyjne, liczba transakcji, przychody oraz prowizje i opłaty za usługi.
 Dzień dobry,
zgodnie z zasadami dotyczącymi sklepów internetowych wydanymi przez Radę Państwa Chin (dekret nr 810) jesteśmy zobowiązani do przekazywania informacji o sprzedawcach z siedzibą w Chinach tamtejszemu organowi podatkowemu w cyklach kwartalnych.
Przesłaliśmy Twój kwartalny raport podatkowy za okres od października do grudnia 2025 r., który zawiera Twoje dane identyfikacyjne, liczbę transakcji, przychody oraz prowizje i opłaty za usługi.
Ponownie wysyłamy Twój kwartalny raport podatkowy dla Chin na wypadek, gdyby nie został on pobrany w kwietniu 2026 r. Poniższe linki są aktywne przez siedem dni.
 Pobierz raport kwartalny
Raport ten jest przeznaczony wyłącznie do wglądu. Nie jest wymagane żadne działanie.
Na podstawie opinii udostępniliśmy również bardziej szczegółowy raport na poziomie zamówienia, który przedstawia informacje kwartalne z podziałem na transakcje.
 Pobierz raport z informacjami na poziomie zamówienia
 Uwaga: Mogą wystąpić różnice między danymi w tych raportach a raportem o płatnościach ",2026-05-27 23:11:01,RETR,xtbBsgbApmoEkAbPQAAA3l
法务/侵权类,older,account_4,weihaizhongxin2024@126.com,"Tue, 12 May 2026 10:10:51 +0000",Amazon Europe <donotreply@amazon.com>,EPR Pay on Behalf charges for 2024 Amazon.co.uk sales,,"Amazon Services
 96
 You’ll be charged for EPR eco-contribution fees paid for your sales on Amazon.co.uk in 2024 and EPR Pay on Behalf service fees
 Hello,
In 01-04-2026, you’ll be charged eco-contribution fees for your sales of products subject to Extended Producer Responsibility (EPR) obligations on Amazon.co.uk in 2024, along with EPR Pay on Behalf service fees, for the following category:
 - Packaging
 How much will I be charged?
 For 2024 sales, you’ll be charged the following:
 The eco-contribution fees that we paid for your sales of products subject to EPR obligations on Amazon.co.uk during the applicable reporting period.
 EPR Pay on Behalf service fees of £20 for each applicable EPR category.
 You can review the charges in eco-contributions report on the EPR Pay on Behalf dashboard , which will be available after the charges are processed.
 Why will I be charged?
 Effective January 1, 2025, EPR requirements apply to packaging sold in the UK, under the Packaging (EPR) Regulations 2024. Additionally, effective August 12, 2025, EPR requirements also apply to Waste Electrical and Electronic Equipment (WEEE) sold in the UK, under an amendment to the WEEE Regulations 2013.
 If y",2026-05-27 23:10:59,RETR,xtbBpQ6Fa2oC-K6gXAAA3D
法务/侵权类,older,account_4,weihaizhongxin2024@126.com,"Mon, 11 May 2026 12:21:34 +0000","""Amazon.de"" <store-news@amazon.de>",Dein Einkaufswagen wartet,,"https://www.amazon.de/gp/cart/view.html?ref_=cor
Feuerfeste Unterlage, 100 × 150cm Hitzebeständig bis 1800°F Hitzeschutzmatte, Grillmatte, Feuerschutzmatte, Fallschutzmatten Outdoor, Bodenschutzmatte, BBQ Gril Matte
 -7 % 21,81 € UVP: 23,49 €
https://www.amazon.de/gp/product/B0DRCB74YN/?ref_=
Einkaufswagen anzeigen
https://www.amazon.de/gp/cart/view.html?ref_=cor
Schaue dir weitere Optionen an
75x120 cm Feuerfeste Unterlage, Hitzeschutzmatte, Antihaft-Material Bodenschutzmatte, Grill Matten, Bodenmatte Feuerstellenmatte Outdoor BBQ Matte für Gasgrill Holzkohlegrill
 16,80 €
https://www.amazon.de/gp/product/B0DBLM41YS/?ref_=ci_mcx_mr_2p_0_lm
Alckijy Feuerfeste Unterlage | 100 * 150cm Faltbare Hitzeschutzmatte | Bodenschutzmatte | Grillmatten | Bodenmatte | Grillteppich | Funkenschutzplatte | für BBQ Grills Kaminöfen Boden Rasen usw
 -4 % 20,15 € UVP: 20,97 €
https://www.amazon.de/gp/product/B0CSGBZG8W/?ref_=ci_mcx_mr_2p_1_lm
FLASLD Feuerfeste Matte Hitzebeständig Grillmatte unter Blackgrillstone, 40 x 60 cm schützt Ihren Vorbereitungstisch und Grilltisch im Freien – hitzebeständige Grilltischmatte schwarz
 8,39 €
https://www.amazon.de/gp/product/B0C9ZR7PGP/?ref_=ci_mcx_mr_2p_2_lm
We",2026-05-27 23:10:56,RETR,xtbBpBKBZ2oBydKreAAA3z
法务/侵权类,older,account_4,weihaizhongxin2024@126.com,"Sun, 10 May 2026 16:22:50 +0000","""Amazon.de"" <store-news@amazon.de>",Dein Einkaufswagen wartet,,"https://www.amazon.de/gp/cart/view.html?ref_=cor
Schwimmgurt für Pool, Schwimmhilfe Erwachsene Pool, Schwimmgurt Pool Erwachsene, Schwimmwiderstand Gürtel mit 2.5-7.5M Einstellbare Schwimmseil für Jedes Schwimmbad Ohne Gegenstromanlage
 21,81 €
https://www.amazon.de/gp/product/B0DRCC2H56/?ref_=
Einkaufswagen anzeigen
https://www.amazon.de/gp/cart/view.html?ref_=cor
Schaue dir weitere Optionen an
SWIMLOOP Premium Schwimmgurt Schwimmtrainer mit 2 x 2 Meter elastischen Gummibändern - Zugseil - Schwimmseil für Pool wie Gegenstromanlage zum Einhängen - Bauchgurt mit Schwimmband Widerstandstraining
 69,99 €
https://www.amazon.de/gp/product/B0C7PJVJK3/?ref_=ci_mcx_mr_2p_0_lm
Schwimmgurt Erwachsene,4m Einstellbare Schwimmgurt Für Pool,Schwimmtrainer Gegenstromanlage Für Pool, Benutzt Für Schwimmingpools Widerstandstraining （Mit Ohrstöpseln und Nasenclip）
 9,24 €
https://www.amazon.de/gp/product/B097SKBN2X/?ref_=ci_mcx_mr_2p_1_lm
BodyCROSS Premium Schwimmtrainer Outdoor – Schwimmgürtel für Kinder &amp; Erwachsene mit Tube (1–20kg), Pool Zubehör, Pull Buoy, Schwimmbrett
 -9 % 114,08 € UVP: 125,97 €
https://www.amazon.de/gp/product/B01GIMZV8O/?ref_=ci_mcx_mr_2p_2_lm
TUT Schwimmgürtel, 4-10M S",2026-05-27 23:10:54,RETR,xtbBsh7942oAsN5nAwAA3S
法务/侵权类,older,account_4,weihaizhongxin2024@126.com,"Sat, 9 May 2026 16:23:48 +0000",donotreply@amazon.com,Your Amazon.ca Fulfillment by Amazon Merchant Invoice for 4/2026 (Votre Facture Expédié Par Amazon Amazon.ca pour le mois de 4/2026),,"Dear Shen zhen shi wei hai zhong xin ke ji you xian,
We are writing to inform you that your electronic Fulfillment by Amazon Merchant Invoice for the month of 4/2026 is now available in your Seller Central Account.
To access your invoice, go to your Seller Central Account > Reports > Tax Document Library > Seller Fee Tax Invoices.
In your Seller Central account, you will be able to view, download or print your invoice.
If you have any questions, please contact Seller Support.
Best regards,
Amazon.ca
 Monsieur/Madame Shen zhen shi wei hai zhong xin ke ji you xian,
Nous vous écrivons pour vous informer que votre Facture Expédié Par Amazon pour le mois de 4/2026 est maintenant disponible dans votre compte Seller Central.
Pour accéder à votre facture, rendez-vous sur votre compte Seller Central et veuillez accéder à la page Rapports > Bibliothèque d'informations fiscales > Factures des frais du vendeur.
Dans votre compte Seller Central, vous pourrez afficher, télécharger ou imprimer votre facture.
Pour toute question, contactez le Support Vendeur.
Cordialement,
Amazon.ca",2026-05-27 23:10:51,RETR,xtbBsxhYPmn-X5iScgAA38
法务/侵权类,older,account_4,weihaizhongxin2024@126.com,"Sat, 9 May 2026 08:34:05 +0000",donotreply@amazon.com,Ihr Dokument Rechnungskorrektur Versand durch Amazon von Amazon.de für 4.2026,,"Guten Tag Shen zhen shi wei hai zhong xin ke ji you xian!
Wir möchten Sie darüber informieren, dass Ihr elektronisches Dokument Rechnungskorrektur Versand durch Amazon für 4.2026 ab sofort in Ihrem Seller Central-Konto verfügbar ist.
Navigieren Sie in Ihrem Seller Central-Konto zu Berichte > Steuerdokumente > Rechnungen über Verkaufsgebühren, um auf Ihr Dokument (Rechnungskorrektur) zuzugreifen.
In Ihrem Seller Central-Konto können Sie Ihr Dokument (Rechnungskorrektur) anzeigen, herunterladen oder ausdrucken.
Wenden Sie sich bei weiteren Fragen bitte an die Verkäuferhilfe.
Freundliche Grüße,
Amazon.de",2026-05-27 23:10:49,RETR,xtbBpAC2nGn+8YBZXgAA3v
法务/侵权类,older,account_4,weihaizhongxin2024@126.com,"Sat, 9 May 2026 07:22:14 +0000",donotreply@amazon.com,Ihr Dokument Rechnungskorrektur Verkäufer von Amazon.de für 4.2026,,"Guten Tag Shen zhen shi wei hai zhong xin ke ji you xian!
Wir möchten Sie darüber informieren, dass Ihr elektronisches Dokument Rechnungskorrektur Verkäufer für 4.2026 ab sofort in Ihrem Seller Central-Konto verfügbar ist.
Navigieren Sie in Ihrem Seller Central-Konto zu Berichte > Steuerdokumente > Rechnungen über Verkaufsgebühren, um auf Ihr Dokument (Rechnungskorrektur) zuzugreifen.
In Ihrem Seller Central-Konto können Sie Ihr Dokument (Rechnungskorrektur) anzeigen, herunterladen oder ausdrucken.
Wenden Sie sich bei weiteren Fragen bitte an die Verkäuferhilfe.
Freundliche Grüße,
Amazon.de",2026-05-27 23:10:48,RETR,xtbBswl8Ymn+4KnD2gAA3j
法务/侵权类,older,account_4,weihaizhongxin2024@126.com,"Sat, 9 May 2026 07:02:56 +0000",donotreply@amazon.com,Your Amazon.co.uk Merchant Credit Note for 4/2026,,"Dear Shen zhen shi wei hai zhong xin ke ji you xian,
We are writing to inform you that your electronic Merchant Credit Note for the month of 4/2026 is now available in your Seller Central Account.
To access your credit note, go to your Seller Central Account > Reports > Tax Document Library > Seller Fee Tax Invoices.
In your Seller Central account, you will be able to view, download or print your credit note.
If you have any questions, please contact Seller Support.
Best regards,
Amazon.co.uk",2026-05-27 23:10:47,RETR,xtbBpANZP2n+3CObCwAA35
法务/侵权类,older,account_4,weihaizhongxin2024@126.com,"Fri, 8 May 2026 22:29:17 +0000",donotreply@amazon.com,Ihr Dokument Rechnung Versand durch Amazon von Amazon.de für 4.2026,,"Guten Tag Shen zhen shi wei hai zhong xin ke ji you xian!
Wir möchten Sie darüber informieren, dass Ihr elektronisches Dokument Rechnung Versand durch Amazon für 4.2026 ab sofort in Ihrem Seller Central-Konto verfügbar ist.
Navigieren Sie in Ihrem Seller Central-Konto zu Berichte > Steuerdokumente > Rechnungen über Verkaufsgebühren, um auf Ihr Dokument (Rechnung) zuzugreifen.
In Ihrem Seller Central-Konto können Sie Ihr Dokument (Rechnung) anzeigen, herunterladen oder ausdrucken.
Wenden Sie sich bei weiteren Fragen bitte an die Verkäuferhilfe.
Freundliche Grüße,
Amazon.de",2026-05-27 23:10:45,RETR,xtbBsgAjCWn+Y8AGzwAA3l
法务/侵权类,older,account_4,weihaizhongxin2024@126.com,"Fri, 8 May 2026 22:25:39 +0000",donotreply@amazon.com,Din Faktura Fraktas Av Amazon Amazon.se för 4/2026,,"Hej Shen zhen shi wei hai zhong xin ke ji you xian!
Vi skriver för att informera dig om att din elektroniska Faktura Fraktas Av Amazon för månaden 4/2026 nu finns tillgänglig på ditt Seller Central-konto.
För att komma åt ditt fakturagår du till ditt Seller Central-konto > Rapporter > Bibliotek för skattedokument > Skattefakturor för säljaravgifter.
På ditt Seller Central-konto kan du se, ladda ner eller skriva ut ditt faktura.
Om du har några frågor, kontakta säljarsupport.
Vänliga hälsningar,
Amazon.se",2026-05-27 23:10:45,RETR,xtbBsgbr0Wn+YuYCfwAA3g
法务/侵权类,older,account_4,weihaizhongxin2024@126.com,"Fri, 8 May 2026 22:10:57 +0000",donotreply@amazon.com,Ihr Dokument Rechnung Versand durch Amazon von Amazon.de für 4.2026,,"Guten Tag Shen zhen shi wei hai zhong xin ke ji you xian!
Wir möchten Sie darüber informieren, dass Ihr elektronisches Dokument Rechnung Versand durch Amazon für 4.2026 ab sofort in Ihrem Seller Central-Konto verfügbar ist.
Navigieren Sie in Ihrem Seller Central-Konto zu Berichte > Steuerdokumente > Rechnungen über Verkaufsgebühren, um auf Ihr Dokument (Rechnung) zuzugreifen.
In Ihrem Seller Central-Konto können Sie Ihr Dokument (Rechnung) anzeigen, herunterladen oder ausdrucken.
Wenden Sie sich bei weiteren Fragen bitte an die Verkäuferhilfe.
Freundliche Grüße,
Amazon.de",2026-05-27 23:10:44,RETR,xtbBsxQP9Gn+X3R-ZgAA35
法务/侵权类,older,account_4,weihaizhongxin2024@126.com,"Fri, 8 May 2026 22:09:44 +0000",donotreply@amazon.com,Je Factuur Fulfilled by Amazon Amazon.com.be voor 4/2026 (Votre Facture Expédié Par Amazon Amazon.com.be pour le mois de 4/2026),,"Beste Shen zhen shi wei hai zhong xin ke ji you xian,
We sturen je dit bericht om je te laten weten dat je elektronische Factuur Fulfilled by Amazon voor de maand 4 2026 nu beschikbaar is in je Seller Central-account.
Als je toegang wilt krijgen tot je factuur, ga je naar je Seller Central-account > Overzichten > Bibliotheek met belastingdocumenten > Belastingfacturen voor kosten verkoper.
In je Seller Central-account kun je je factuur bekijken, downloaden of afdrukken.
Als je nog vragen hebt, kun je contact opnemen met de Ondersteuning voor verkopers.
Met vriendelijke groeten,
Amazon.com.be
 Monsieur/Madame Shen zhen shi wei hai zhong xin ke ji you xian,
Nous vous écrivons pour vous informer que votre Facture Expédié Par Amazon pour le mois de 4/2026 est maintenant disponible dans votre compte Seller Central.
Pour accéder à votre facture, rendez-vous sur votre compte Seller Central et veuillez accéder à la page Rapports > Bibliothèque d'informations fiscales > Factures des frais du vendeur.
Dans votre compte Seller Central, vous pourrez afficher, télécharger ou imprimer votre facture.
Pour toute question, contactez le Support Vendeur.
Cordialement,
Amazon.com.be",2026-05-27 23:10:44,RETR,xtbBswz84mn+Xyx9hgAA3+
法务/侵权类,older,account_4,weihaizhongxin2024@126.com,"Fri, 8 May 2026 22:01:18 +0000",donotreply@amazon.com,Je Factuur Fulfilled by Amazon Amazon.com.be voor 4/2026 (Votre Facture Expédié Par Amazon Amazon.com.be pour le mois de 4/2026),,"Beste Shen zhen shi wei hai zhong xin ke ji you xian,
We sturen je dit bericht om je te laten weten dat je elektronische Factuur Fulfilled by Amazon voor de maand 4 2026 nu beschikbaar is in je Seller Central-account.
Als je toegang wilt krijgen tot je factuur, ga je naar je Seller Central-account > Overzichten > Bibliotheek met belastingdocumenten > Belastingfacturen voor kosten verkoper.
In je Seller Central-account kun je je factuur bekijken, downloaden of afdrukken.
Als je nog vragen hebt, kun je contact opnemen met de Ondersteuning voor verkopers.
Met vriendelijke groeten,
Amazon.com.be
 Monsieur/Madame Shen zhen shi wei hai zhong xin ke ji you xian,
Nous vous écrivons pour vous informer que votre Facture Expédié Par Amazon pour le mois de 4/2026 est maintenant disponible dans votre compte Seller Central.
Pour accéder à votre facture, rendez-vous sur votre compte Seller Central et veuillez accéder à la page Rapports > Bibliothèque d'informations fiscales > Factures des frais du vendeur.
Dans votre compte Seller Central, vous pourrez afficher, télécharger ou imprimer votre facture.
Pour toute question, contactez le Support Vendeur.
Cordialement,
Amazon.com.be",2026-05-27 23:10:44,RETR,xtbBpBF9Y2n+XTHIZAAA38
法务/侵权类,older,account_4,weihaizhongxin2024@126.com,"Fri, 8 May 2026 21:25:07 +0000",donotreply@amazon.com,Amazon.pl – Faktura Realizacja przez Amazon za 4 2026,,"Cześć Shen zhen shi wei hai zhong xin ke ji you xian,
Pragniemy poinformować, że ten elektroniczny dokument jest już dostępny na Twoim koncie Seller Central: Faktura Realizacja przez Amazon za miesiąc 4 i rok 2026.
Aby uzyskać dostęp do tego dokumentu typu faktura, przejdź na konto Seller Central > Raporty > Dokumenty podatkowe > Faktury podatkowe z tytułu opłat od sprzedawcy.
Na koncie Seller Central możesz wyświetlić, pobrać i wydrukować taki dokument (faktura).
Jeśli masz jakieś pytania, skontaktuj się z działem pomocy dla sprzedawców.
Pozdrawiamy,
Amazon.pl",2026-05-27 23:10:44,RETR,xtbBshdcQmn+VLesjQAA3u
法务/侵权类,older,account_4,weihaizhongxin2024@126.com,"Fri, 8 May 2026 21:24:35 +0000",donotreply@amazon.com,Your Amazon.co.uk Fulfillment by Amazon Merchant Invoice for 4/2026,,"Dear Shen zhen shi wei hai zhong xin ke ji you xian,
We are writing to inform you that your electronic Fulfillment by Amazon Merchant Invoice for the month of 4/2026 is now available in your Seller Central Account.
To access your invoice, go to your Seller Central Account > Reports > Tax Document Library > Seller Fee Tax Invoices.
In your Seller Central account, you will be able to view, download or print your invoice.
If you have any questions, please contact Seller Support.
Best regards,
Amazon.co.uk",2026-05-27 23:10:43,RETR,xtbBpRVUOmn+VJWc7gAA36
法务/侵权类,older,account_4,weihaizhongxin2024@126.com,"Fri, 8 May 2026 21:03:04 +0000",donotreply@amazon.com,Je Factuur Fulfilled by Amazon Amazon.nl voor 4/2026,,"Beste Shen zhen shi wei hai zhong xin ke ji you xian,
We sturen je dit bericht om je te laten weten dat je elektronische Factuur Fulfilled by Amazon voor de maand 4 2026 nu beschikbaar is in je Seller Central-account.
Als je toegang wilt krijgen tot je factuur, ga je naar je Seller Central-account > Overzichten > Bibliotheek met belastingdocumenten > Belastingfacturen voor kosten verkoper.
In je Seller Central-account kun je je factuur bekijken, downloaden of afdrukken.
Als je nog vragen hebt, kun je contact opnemen met de Ondersteuning voor verkopers.
Met vriendelijke groeten,
Amazon.nl",2026-05-27 23:10:43,RETR,xtbBsgwR9mn+T4yJLAAA3o
法务/侵权类,older,account_4,weihaizhongxin2024@126.com,"Fri, 8 May 2026 20:51:50 +0000",donotreply@amazon.com,Din Faktura Fraktas Av Amazon Amazon.se för 4/2026,,"Hej Shen zhen shi wei hai zhong xin ke ji you xian!
Vi skriver för att informera dig om att din elektroniska Faktura Fraktas Av Amazon för månaden 4/2026 nu finns tillgänglig på ditt Seller Central-konto.
För att komma åt ditt fakturagår du till ditt Seller Central-konto > Rapporter > Bibliotek för skattedokument > Skattefakturor för säljaravgifter.
På ditt Seller Central-konto kan du se, ladda ner eller skriva ut ditt faktura.
Om du har några frågor, kontakta säljarsupport.
Vänliga hälsningar,
Amazon.se",2026-05-27 23:10:42,RETR,xtbBpQlnTWn+TOlqPgAA3g
法务/侵权类,older,account_4,weihaizhongxin2024@126.com,"Fri, 8 May 2026 18:44:14 +0000",donotreply@amazon.com,Amazon.pl – Faktura Sprzedawcy za 4 2026,,"Cześć Shen zhen shi wei hai zhong xin ke ji you xian,
Pragniemy poinformować, że ten elektroniczny dokument jest już dostępny na Twoim koncie Seller Central: Faktura Sprzedawcy za miesiąc 4 i rok 2026.
Aby uzyskać dostęp do tego dokumentu typu faktura, przejdź na konto Seller Central > Raporty > Dokumenty podatkowe > Faktury podatkowe z tytułu opłat od sprzedawcy.
Na koncie Seller Central możesz wyświetlić, pobrać i wydrukować taki dokument (faktura).
Jeśli masz jakieś pytania, skontaktuj się z działem pomocy dla sprzedawców.
Pozdrawiamy,
Amazon.pl",2026-05-27 23:10:41,RETR,xtbBsgHly2n+LwFytQAA3j
法务/侵权类,older,account_4,weihaizhongxin2024@126.com,"Fri, 8 May 2026 18:35:59 +0000",donotreply@amazon.com,Je Factuur Verkoper Amazon.nl voor 4/2026,,"Beste Shen zhen shi wei hai zhong xin ke ji you xian,
We sturen je dit bericht om je te laten weten dat je elektronische Factuur Verkoper voor de maand 4 2026 nu beschikbaar is in je Seller Central-account.
Als je toegang wilt krijgen tot je factuur, ga je naar je Seller Central-account > Overzichten > Bibliotheek met belastingdocumenten > Belastingfacturen voor kosten verkoper.
In je Seller Central-account kun je je factuur bekijken, downloaden of afdrukken.
Als je nog vragen hebt, kun je contact opnemen met de Ondersteuning voor verkopers.
Met vriendelijke groeten,
Amazon.nl",2026-05-27 23:10:41,RETR,xtbBsxJpT2n+LRL4HgAA3J
法务/侵权类,older,account_4,weihaizhongxin2024@126.com,"Fri, 8 May 2026 18:24:07 +0000",donotreply@amazon.com,Ihr Dokument Rechnung Verkäufer von Amazon.de für 4.2026,,"Guten Tag Shen zhen shi wei hai zhong xin ke ji you xian!
Wir möchten Sie darüber informieren, dass Ihr elektronisches Dokument Rechnung Verkäufer für 4.2026 ab sofort in Ihrem Seller Central-Konto verfügbar ist.
Navigieren Sie in Ihrem Seller Central-Konto zu Berichte > Steuerdokumente > Rechnungen über Verkaufsgebühren, um auf Ihr Dokument (Rechnung) zuzugreifen.
In Ihrem Seller Central-Konto können Sie Ihr Dokument (Rechnung) anzeigen, herunterladen oder ausdrucken.
Wenden Sie sich bei weiteren Fragen bitte an die Verkäuferhilfe.
Freundliche Grüße,
Amazon.de",2026-05-27 23:10:41,RETR,xtbBsgq2nGn+KkpS-gAA3J
法务/侵权类,older,account_4,weihaizhongxin2024@126.com,"Fri, 8 May 2026 18:18:06 +0000",donotreply@amazon.com,Din Faktura Säljare Amazon.se för 4/2026,,"Hej Shen zhen shi wei hai zhong xin ke ji you xian!
Vi skriver för att informera dig om att din elektroniska Faktura Säljare för månaden 4/2026 nu finns tillgänglig på ditt Seller Central-konto.
För att komma åt ditt fakturagår du till ditt Seller Central-konto > Rapporter > Bibliotek för skattedokument > Skattefakturor för säljaravgifter.
På ditt Seller Central-konto kan du se, ladda ner eller skriva ut ditt faktura.
Om du har några frågor, kontakta säljarsupport.
Vänliga hälsningar,
Amazon.se",2026-05-27 23:10:41,RETR,xtbBsgFcQmn+KOFJ9AAA3O
法务/侵权类,older,account_4,weihaizhongxin2024@126.com,"Fri, 8 May 2026 16:33:15 +0000",donotreply@amazon.com,Your Amazon.ae Fulfillment by Amazon Merchant Invoice for 4/2026,,"Dear Shen zhen shi wei hai zhong xin ke ji you xian,
We are writing to inform you that your electronic Fulfillment by Amazon Merchant Invoice for the month of 4/2026 is now available in your Seller Central Account.
To access your invoice, go to your Seller Central Account > Reports > Tax Document Library > Seller Fee Tax Invoices.
In your Seller Central account, you will be able to view, download or print your invoice.
If you have any questions, please contact Seller Support.
Best regards,
Amazon.ae",2026-05-27 23:10:39,RETR,xtbBpQ4xF2n+EE6EBwAA3H
法务/侵权类,older,account_4,weihaizhongxin2024@126.com,"Fri, 8 May 2026 16:20:52 +0000",donotreply@amazon.com,Ihr Dokument Rechnung Versand durch Amazon von Amazon.de für 4.2026,,"Guten Tag Shen zhen shi wei hai zhong xin ke ji you xian!
Wir möchten Sie darüber informieren, dass Ihr elektronisches Dokument Rechnung Versand durch Amazon für 4.2026 ab sofort in Ihrem Seller Central-Konto verfügbar ist.
Navigieren Sie in Ihrem Seller Central-Konto zu Berichte > Steuerdokumente > Rechnungen über Verkaufsgebühren, um auf Ihr Dokument (Rechnung) zuzugreifen.
In Ihrem Seller Central-Konto können Sie Ihr Dokument (Rechnung) anzeigen, herunterladen oder ausdrucken.
Wenden Sie sich bei weiteren Fragen bitte an die Verkäuferhilfe.
Freundliche Grüße,
Amazon.de",2026-05-27 23:10:39,RETR,xtbBpAd2XGn+DWdkIgAA3y
法务/侵权类,older,account_4,weihaizhongxin2024@126.com,"Fri, 8 May 2026 15:43:38 +0000",donotreply@amazon.com,Je Factuur Fulfilled by Amazon Amazon.nl voor 4/2026,,"Beste Shen zhen shi wei hai zhong xin ke ji you xian,
We sturen je dit bericht om je te laten weten dat je elektronische Factuur Fulfilled by Amazon voor de maand 4 2026 nu beschikbaar is in je Seller Central-account.
Als je toegang wilt krijgen tot je factuur, ga je naar je Seller Central-account > Overzichten > Bibliotheek met belastingdocumenten > Belastingfacturen voor kosten verkoper.
In je Seller Central-account kun je je factuur bekijken, downloaden of afdrukken.
Als je nog vragen hebt, kun je contact opnemen met de Ondersteuning voor verkopers.
Met vriendelijke groeten,
Amazon.nl",2026-05-27 23:10:38,RETR,xtbBpA1GLGn+BK0PUwAA3h
法务/侵权类,older,account_4,weihaizhongxin2024@126.com,"Fri, 8 May 2026 15:17:48 +0000",donotreply@amazon.com,Your Amazon.co.uk Fulfillment by Amazon Merchant Invoice for 4/2026,,"Dear Shen zhen shi wei hai zhong xin ke ji you xian,
We are writing to inform you that your electronic Fulfillment by Amazon Merchant Invoice for the month of 4/2026 is now available in your Seller Central Account.
To access your invoice, go to your Seller Central Account > Reports > Tax Document Library > Seller Fee Tax Invoices.
In your Seller Central account, you will be able to view, download or print your invoice.
If you have any questions, please contact Seller Support.
Best regards,
Amazon.co.uk",2026-05-27 23:10:38,RETR,xtbBpB-Apmn9-p-jtAAA3-
法务/侵权类,older,account_4,weihaizhongxin2024@126.com,"Fri, 8 May 2026 14:52:53 +0000",donotreply@amazon.com,Ihr Dokument Rechnung Versand durch Amazon von Amazon.de für 4.2026,,"Guten Tag Shen zhen shi wei hai zhong xin ke ji you xian!
Wir möchten Sie darüber informieren, dass Ihr elektronisches Dokument Rechnung Versand durch Amazon für 4.2026 ab sofort in Ihrem Seller Central-Konto verfügbar ist.
Navigieren Sie in Ihrem Seller Central-Konto zu Berichte > Steuerdokumente > Rechnungen über Verkaufsgebühren, um auf Ihr Dokument (Rechnung) zuzugreifen.
In Ihrem Seller Central-Konto können Sie Ihr Dokument (Rechnung) anzeigen, herunterladen oder ausdrucken.
Wenden Sie sich bei weiteren Fragen bitte an die Verkäuferhilfe.
Freundliche Grüße,
Amazon.de",2026-05-27 23:10:38,RETR,xtbBpAhKMGn9+Mi6DgAA3G
法务/侵权类,older,account_4,weihaizhongxin2024@126.com,"Fri, 8 May 2026 14:40:42 +0000",donotreply@amazon.com,"Je Factuur Verkoper Amazon.com.be voor 4/2026 (Votre Facture
 Vendeur Amazon.com.be pour le mois de 4/2026)",,"Beste Shen zhen shi wei hai zhong xin ke ji you xian,
We sturen je dit bericht om je te laten weten dat je elektronische Factuur Verkoper voor de maand 4 2026 nu beschikbaar is in je Seller Central-account.
Als je toegang wilt krijgen tot je factuur, ga je naar je Seller Central-account > Overzichten > Bibliotheek met belastingdocumenten > Belastingfacturen voor kosten verkoper.
In je Seller Central-account kun je je factuur bekijken, downloaden of afdrukken.
Als je nog vragen hebt, kun je contact opnemen met de Ondersteuning voor verkopers.
Met vriendelijke groeten,
Amazon.com.be
 Monsieur/Madame Shen zhen shi wei hai zhong xin ke ji you xian,
Nous vous écrivons pour vous informer que votre Facture Vendeur pour le mois de 4/2026 est maintenant disponible dans votre compte Seller Central.
Pour accéder à votre facture, rendez-vous sur votre compte Seller Central et veuillez accéder à la page Rapports > Bibliothèque d'informations fiscales > Factures des frais du vendeur.
Dans votre compte Seller Central, vous pourrez afficher, télécharger ou imprimer votre facture.
Pour toute question, contactez le Support Vendeur.
Cordialement,
Amazon.com.be",2026-05-27 23:10:37,RETR,xtbBsg6SeGn99e69tQAA3R
法务/侵权类,older,account_4,weihaizhongxin2024@126.com,"Fri, 8 May 2026 13:57:28 +0000",donotreply@amazon.com,Your Amazon.co.uk Merchant Invoice for 4/2026,,"Dear Shen zhen shi wei hai zhong xin ke ji you xian,
We are writing to inform you that your electronic Merchant Invoice for the month of 4/2026 is now available in your Seller Central Account.
To access your invoice, go to your Seller Central Account > Reports > Tax Document Library > Seller Fee Tax Invoices.
In your Seller Central account, you will be able to view, download or print your invoice.
If you have any questions, please contact Seller Support.
Best regards,
Amazon.co.uk",2026-05-27 23:10:36,RETR,xtbBpQsH7Gn968tg1gAA3H
法务/侵权类,older,account_4,weihaizhongxin2024@126.com,"Fri, 8 May 2026 13:43:13 +0000",donotreply@amazon.com,Din Faktura Fraktas Av Amazon Amazon.se för 4/2026,,"Hej Shen zhen shi wei hai zhong xin ke ji you xian!
Vi skriver för att informera dig om att din elektroniska Faktura Fraktas Av Amazon för månaden 4/2026 nu finns tillgänglig på ditt Seller Central-konto.
För att komma åt ditt fakturagår du till ditt Seller Central-konto > Rapporter > Bibliotek för skattedokument > Skattefakturor för säljaravgifter.
På ditt Seller Central-konto kan du se, ladda ner eller skriva ut ditt faktura.
Om du har några frågor, kontakta säljarsupport.
Vänliga hälsningar,
Amazon.se",2026-05-27 23:10:36,RETR,xtbBshQxF2n96HRWsQAA3v
法务/侵权类,older,account_4,weihaizhongxin2024@126.com,"Fri, 8 May 2026 13:40:52 +0000",donotreply@amazon.com,Ihr Dokument Rechnung Versand durch Amazon von Amazon.de für 4.2026,,"Guten Tag Shen zhen shi wei hai zhong xin ke ji you xian!
Wir möchten Sie darüber informieren, dass Ihr elektronisches Dokument Rechnung Versand durch Amazon für 4.2026 ab sofort in Ihrem Seller Central-Konto verfügbar ist.
Navigieren Sie in Ihrem Seller Central-Konto zu Berichte > Steuerdokumente > Rechnungen über Verkaufsgebühren, um auf Ihr Dokument (Rechnung) zuzugreifen.
In Ihrem Seller Central-Konto können Sie Ihr Dokument (Rechnung) anzeigen, herunterladen oder ausdrucken.
Wenden Sie sich bei weiteren Fragen bitte an die Verkäuferhilfe.
Freundliche Grüße,
Amazon.de",2026-05-27 23:10:35,RETR,xtbBswcN8mn95+figAAA39
法务/侵权类,older,account_4,weihaizhongxin2024@126.com,"Fri, 8 May 2026 11:55:06 +0000",donotreply@amazon.com,Ihr Dokument Selbstfakturierung AGL von Amazon.de für 4.2026,,"Guten Tag Shen zhen shi wei hai zhong xin ke ji you xian!
Wir möchten Sie darüber informieren, dass Ihr elektronisches Dokument Selbstfakturierung AGL für 4.2026 ab sofort in Ihrem Seller Central-Konto verfügbar ist.
Navigieren Sie in Ihrem Seller Central-Konto zu Berichte > Steuerdokumente > Rechnungen über Verkaufsgebühren, um auf Ihr Dokument (Rechnung) zuzugreifen.
In Ihrem Seller Central-Konto können Sie Ihr Dokument (Rechnung) anzeigen, herunterladen oder ausdrucken.
Wenden Sie sich bei weiteren Fragen bitte an die Verkäuferhilfe.
Freundliche Grüße,
Amazon.de",2026-05-27 23:10:35,RETR,xtbBpB3Uumn9zx2VJwAA3j
法务/侵权类,older,account_4,weihaizhongxin2024@126.com,"Fri, 8 May 2026 11:49:29 +0000",donotreply@amazon.com,Your Amazon.co.uk AGL Merchant Self-Billing Invoice for 4/2026,,"Dear Shen zhen shi wei hai zhong xin ke ji you xian,
We are writing to inform you that your electronic AGL Merchant Self-Billing Invoice for the month of 4/2026 is now available in your Seller Central Account.
To access your invoice, go to your Seller Central Account > Reports > Tax Document Library > Seller Fee Tax Invoices.
In your Seller Central account, you will be able to view, download or print your invoice.
If you have any questions, please contact Seller Support.
Best regards,
Amazon.co.uk",2026-05-27 23:10:35,RETR,xtbBpAyAZmn9zcyLoQAA3x
法务/侵权类,older,account_4,weihaizhongxin2024@126.com,"Fri, 8 May 2026 11:20:15 +0000","""Amazon.de"" <store-news@amazon.de>",Dein Einkaufswagen wartet,,"https://www.amazon.de/gp/cart/view.html?ref_=cor
Feuerfeste Unterlage, 100 × 150cm Hitzebeständig bis 1800°F Hitzeschutzmatte, Grillmatte, Feuerschutzmatte, Fallschutzmatten Outdoor, Bodenschutzmatte, BBQ Gril Matte
 23,49 €
https://www.amazon.de/gp/product/B0DRCB74YN/?ref_=
Einkaufswagen anzeigen
https://www.amazon.de/gp/cart/view.html?ref_=cor
Schaue dir weitere Optionen an
75x120 cm Feuerfeste Unterlage, Hitzeschutzmatte, Antihaft-Material Bodenschutzmatte, Grill Matten, Bodenmatte Feuerstellenmatte Outdoor BBQ Matte für Gasgrill Holzkohlegrill
 16,80 €
https://www.amazon.de/gp/product/B0DBLM41YS/?ref_=ci_mcx_mr_2p_0_lm
100 * 150cm Feuerfeste Unterlage - Hitzebeständig bis 1800°F Hitzeschutzmatte - Grillteppich Bodenschutzmatte Grillmatten Bodenmatte Feuerstellenmatte Outdoor BBQ Matte für Gasgrill Holzkohlegrill
 -17 % 25,19 € UVP: 30,24 €
https://www.amazon.de/gp/product/B0BRTPDYMV/?ref_=ci_mcx_mr_2p_1_lm
Alckijy Feuerfeste Unterlage | 100 * 150cm Faltbare Hitzeschutzmatte | Bodenschutzmatte | Grillmatten | Bodenmatte | Grillteppich | Funkenschutzplatte | für BBQ Grills Kaminöfen Boden Rasen usw
 -4 % 20,15 € UVP: 20,97 €
https://www.amazon.de/gp/product/B0CSGBZG8W/?ref_=ci_mc",2026-05-27 23:10:34,RETR,xtbBpRPHrWn9xvNfCAAA3q
法务/侵权类,older,account_4,weihaizhongxin2024@126.com,"Wed, 6 May 2026 15:00:42 +0000",Amazon Services <donotreply@amazon.com>,Votre paiement est en cours,,"96
This title will display on mobile devices
 Félicitations ! Votre paiement est en cours et arrivera sous peu.
 Tentative de versement
Félicitations, Weihai EU ! Votre paiement est en cours et arrivera sous trois à cinq jours.
Le 05/06/26 15:00 CEST, nous avons effectué un virement d’un montant de €
 110.91 sur le compte lié à votre méthode de paiement (compte bancaire se terminant par 229).
 Si le montant est inférieur au montant auquel vous vous attendiez, voici quelques questions à vous poser :
 Disposez-vous d’un solde de fonds non disponibles ? Amazon peut réserver des fonds afin de couvrir des retours, des réclamations ou des rétrofacturations potentiels des acheteurs. Si tel est le cas, le solde de fin de période de votre rapport sur les paiements affichera le solde des fonds non disponibles réservé.
 Vos ventes couvraient-elles l’ensemble des frais et des retours pour cette période de règlements ? Le montant du paiement reflète votre activité commerciale, les frais de vente et les frais relatifs aux promotions et aux services. Nous vous recommandons de consulter votre rapport sur les paiements sous l’onglet Rapports de Seller Central pour comprendre votre solde de fin de p",2026-05-27 23:10:29,RETR,xtbBsx9WPGn7V59bWAAA3f
法务/侵权类,older,account_4,weihaizhongxin2024@126.com,"Wed, 6 May 2026 14:24:59 +0000",donotreply@amazon.com,Your Amazon.ae Merchant Invoice for 4/2026 (Amazon.ae فاتورة ضريبة القيمة المضافة (VAT) الخاصة بالتاجر الخاصة بك لشهر 4/2026),,"Dear Shen zhen shi wei hai zhong xin ke ji you xian,
We are writing to inform you that your electronic Merchant Invoice for the month of 4/2026 is now available in your Seller Central Account.
To access your invoice, go to your Seller Central Account > Reports > Tax Document Library > Seller Fee Tax Invoices.
In your Seller Central account, you will be able to view, download or print your invoice.
If you have any questions, please contact Seller Support.
Best regards,
Amazon.ae
 عزيزي Shen zhen shi wei hai zhong xin ke ji you xian،
نراسلك لإبلاغك بأن فاتورة ضريبة القيمة المضافة (VAT) الخاصة بالتاجر الخاص بك لشهر 4/2026 متاح الآن في حساب Seller Central الخاص بك.
للوصول إلى فاتورة الخاص بك، انتقل إلى حساب Seller Central الخاص بك > التقارير > مكتبة المستندات الضريبية > فواتير ضريبة رسم البائع.
في حساب Seller Central الخاص بك، ستتمكن من عرض {documentType}$ الخاص بك أو تنزيله أو طباعته.
إذا كانت لديك أي أسئلة، فالمرجو التواصل مع دعم البائع.
 مع أطيب التحيات،
Amazon.ae",2026-05-27 23:10:29,RETR,xtbBpR48Imn7Tz56UAAA3s
法务/侵权类,older,account_4,weihaizhongxin2024@126.com,"Sun, 3 May 2026 05:32:15 +0000","""Amazon.de"" <store-news@amazon.de>",Dein Einkaufswagen wartet,,"https://www.amazon.de/gp/cart/view.html?ref_=cor
Feuerfeste Unterlage, 100 × 150cm Hitzebeständig bis 1800°F Hitzeschutzmatte, Grillmatte, Feuerschutzmatte, Fallschutzmatten Outdoor, Bodenschutzmatte, BBQ Gril Matte
 23,95 €
https://www.amazon.de/gp/product/B0DRCB74YN/?ref_=
Einkaufswagen anzeigen
https://www.amazon.de/gp/cart/view.html?ref_=cor
Schaue dir weitere Optionen an
Roaxkois Keramik Bemalen Set - Kreatives Keramik Bastelset mit Farben, Pinseln und Anleitungen, Perfektes Tassen Bemalen Set für individuelle Geschenke und Freizeitgestaltung
 24,95 €
https://www.amazon.de/gp/product/B0FD8PWPNK/?ref_=ci_mcx_mr_2p_0_lm
Roaxkois Keramik Bemalen Set - Kreatives Keramik Bastelset mit Farben, Pinseln und Anleitungen, Perfektes Tassen Bemalen Set für individuelle Geschenke und Freizeitgestaltung (Glatt) (Welle)
Befristetes Angebot -30 % 20,85 € UVP: 29,95 €
https://www.amazon.de/gp/product/B0G6XCTGJC/?ref_=ci_mcx_mr_2p_1_lm
Keramik Tassen Bemalen Set für Erwachsene, DIY Keramik Bemalen Set mit Tassen, Porzellanstifte und Aufkleber, Kreatives Geschenk für Kinder &amp; Erwachsene
 -13 % 25,99 € UVP: 29,99 €
https://www.amazon.de/gp/product/B0FJR124C5/?ref_=ci_mcx_mr_2p_2_lm
STRUCT® Ke",2026-05-27 23:10:20,RETR,xtbBsgPHrWn23eODvgAA3H
法务/侵权类,older,account_4,weihaizhongxin2024@126.com,"Sat, 2 May 2026 15:27:47 +0600",Amazon Review Deals <amazonreviewsdeals1@gmail.com>,Amazon Review Rating Deals,,"Not getting sales on Amazon? Even after doing everything right? Then this
message is for you!
Have you properly created your Amazon seller account, selected a good
product, used strong keywords - yet still getting very low sales?
 The problem is simple — your product lacks trustworthy reviews and ratings!
Today’s customers check reviews first, then decide to buy.without strong
reviews—sales won’t come.
 That’s where we come in!
We have Amazon Top Reviewers + Vine Buyers from Germany 🇩🇪, Spain 🇪🇸,
Italy 🇮🇹, USA 🇺🇸, UK 🇬🇧, Canada 🇨🇦, and France 🇫🇷.
✅ What we offer:
⭐ 5-Star Text Reviews
📸 5-Star Photo Reviews
🎥 5-Star Video Reviews
👉 All from real and authentic buyers!
If you are satisfied with the review rating, you will provide a full refund
to the buyer. For each review, you will also pay me a commission.
✨ We manage your feedback, handle your reviews, and take your business to
the next level!
📩 Interested? Contact us now!
👇 +1 (778) 721-5486",2026-05-27 23:10:18,RETR,xtbBsgLw1mn1w6KltQAA37
法务/侵权类,older,account_4,weihaizhongxin2024@126.com,"Sat, 2 May 2026 03:15:52 +0000",Amazon Services <donotreply@amazon.com>,"Dien productveiligheidsdocumentatie in om productvermeldingen
 opnieuw te activeren",,"96
 Dien productveiligheidsdocumentatie in om productvermeldingen opnieuw te activeren
 Hallo Weihai EU,
 Sommige van je productvermeldingen zijn gedeactiveerd omdat er verplichte nalevingsvereisten voor je producten ontbreken. Bekijk de gegevens en de stappen hieronder. De betreffende productvermeldingen worden aan het einde van deze e-mail weergegeven.
 Waarom gebeurt dit?
 We hebben deze actie ondernomen omdat voor deze producten verplichte nalevingsinformatie ontbreekt. Raadpleeg onze hulp-pagina Productveiligheid en -conformiteit voor informatie over de toepasselijke wet- en regelgeving en het Amazon-beleid. We hebben gebruikgemaakt van een combinatie van geautomatiseerde middelen en deskundige menselijke beoordeling om dit probleem te identificeren en deze beslissing te nemen.
 De tabel aan het einde van deze e-mail bevat productspecifieke nalevingsvereisten.
 Hoe activeer ik mijn productvermeldingen opnieuw?
 Als je de vereiste nalevingsgegevens wilt verstrekken, ga je naar de pagina Accountstatus en zoek je de aanvragen voor productconformiteit:
-
 Als je over de vereiste documentatie beschikt, volg je de instructies om je nalevingsdocumenten in te dienen. We zullen alleen ",2026-05-27 23:10:17,RETR,xtbBpAsN8mn1bGu0wQAA3+
法务/侵权类,older,account_4,weihaizhongxin2024@126.com,"Sat, 2 May 2026 02:15:51 +0000",Amazon Services <donotreply@amazon.com>,"Invia la documentazione sulla sicurezza del prodotto per riattivare
 le offerte",,"96
 Invia la documentazione sulla sicurezza del prodotto per riattivare le offerte
 Gentile Weihai EU,
 Alcune delle tue offerte sono state disattivate a causa della mancanza di alcuni requisiti di conformità obbligatori per i tuoi prodotti. Rivedi i dettagli e i passi successivi riportati di seguito. Puoi visualizzare le offerte interessate in fondo a questa e-mail.
 Ciò a cosa è dovuto?
 Abbiamo intrapreso questo provvedimento in quanto i tuoi prodotti non dispongono delle informazioni obbligatorie sulla conformità. Consulta la pagina di aiuto Sicurezza e conformità dei prodotti per informazioni sulle leggi, le normative e le politiche di Amazon applicabili. Questa decisione è stata presa sulla base dei risultati di un'analisi effettuata in parte tramite revisione umana e in parte per mezzo di sistemi automatizzati.
 La tabella alla fine di questa e-mail contiene i requisiti di conformità specifici per i prodotti.
 Come faccio a riattivare le mie offerte?
 Per fornire le informazioni di conformità richieste, vai alla pagina Stato dell'account per individuare le richieste di conformità dei prodotti:
-
 Se disponi della documentazione richiesta, segui le istruzioni per inviare i do",2026-05-27 23:10:17,RETR,xtbBshmFa2n1XllslgAA3k
法务/侵权类,older,account_4,weihaizhongxin2024@126.com,"Sat, 2 May 2026 02:15:45 +0000",Amazon Services <donotreply@amazon.com>,Skicka in produktsäkerhetsdokumentation för att återaktivera produktposter,,"96
 Skicka in produktsäkerhetsdokumentation för att återaktivera produktposter
 Hej Weihai EU!
 Vissa av dina produktposter har inaktiverats på grund av att det saknas obligatorisk överensstämmelse för dina produkter. Granska informationen och följande steg nedan. De berörda produktposterna visas i slutet av det här e-postmeddelandet.
 Varför händer det här?
 Vi vidtar den här åtgärden eftersom det saknas obligatorisk information om överensstämmelse för de här produkterna. Läs vår hjälpsida för Produktsäkerhet och -överensstämmelse för information om tillämpliga lagar, förordningar och Amazons policyer. Vi har använt oss av både automatiserade metoder och mänskliga expertgranskare för att identifiera problemet och fatta det här beslutet.
 Tabellen i slutet av detta e-postmeddelande innehåller produktspecifika krav för överensstämmelse.
 Hur återaktiverar jag mina produktposter?
 Om du vill tillhandahålla den begärda överensstämmelseinformationen går du till sidan Kontostatus och letar upp begäranden om produktöverensstämmelse:
-
 Om du har den obligatoriska dokumentationen ska du skicka in dina överensstämmelsedokument enligt instruktionerna. Vi återaktiverar endast produkter som u",2026-05-27 23:10:17,RETR,xtbBsxSEamn1XlQ-HQAA39
法务/侵权类,older,account_4,weihaizhongxin2024@126.com,"Sat, 2 May 2026 01:23:15 +0000",Amazon Services <donotreply@amazon.com>,Presenta la documentación sobre seguridad del producto para reactivar los listings,,"96
 Presenta la documentación sobre seguridad del producto para reactivar los listings
 Hola, Weihai EU:
 Algunos de tus listings se han desactivado debido a que tus productos no cumplen los requisitos obligatorios. Revisa a continuación los detalles y siguientes pasos. Los listings afectados aparecen al final de este correo electrónico.
 ¿A qué se debe esto?
 Tomamos esta medida porque a estos productos les falta información de cumplimiento normativo obligatoria. Para más información sobre las leyes, normativas y políticas de Amazon aplicables, consulta Cumplimiento y seguridad de los productos . Hemos usado una combinación de medios automatizados y revisión humana experta para identificar la incidencia y tomar una decisión.
 En la tabla que aparece al final de este correo electrónico se proporcionan los requisitos de cumplimiento normativo específicos del producto.
 ¿Cómo puedo reactivar mis listings?
 Para proporcionar la información de cumplimiento normativo obligatoria, ve a la página Estado de la cuenta y localiza las solicitudes de cumplimiento normativo del producto:
-
 Si dispones de la documentación obligatoria, sigue las instrucciones para presentar los documentos de cum",2026-05-27 23:10:16,RETR,xtbBsgZtU2n1UgYTDQAA3c
法务/侵权类,older,account_4,weihaizhongxin2024@126.com,"Fri, 1 May 2026 15:09:15 +0000",Amazon Services <donotreply@amazon.com>,Soumettre la documentation de sécurité des produits pour réactiver les mises en vente,,"96
 Soumettre la documentation de sécurité des produits pour réactiver les mises en vente
 Bonjour Weihai EU,
 Certaines de vos mises en vente ont été désactivées, car vos produits ne respectaient pas des exigences de conformité obligatoires. Consultez les détails et les étapes suivantes ci-dessous. Les produits mis en vente concernés figurent à la fin de cet e-mail.
 Pourquoi cela se produit-il ?
 Nous prenons cette mesure, car ces produits ne présentent pas les informations de conformité obligatoires. Consultez notre page d’aide Sécurité et conformité des produits pour obtenir des informations sur les lois, réglementations et politiques Amazon applicables. Nous nous sommes appuyés sur une combinaison de moyens automatisés et de contrôles menés par des personnes expérimentées pour identifier ce problème et prendre cette décision.
 Le tableau situé à la fin de cet e-mail présente les exigences de conformité spécifiques aux produits.
 Comment réactiver mes produits mis en vente ?
 Pour fournir les informations de conformité requises, accédez à la page État du compte et localisez les demandes de conformité des produits :
-
 Si vous disposez des documents requis, suivez les instructio",2026-05-27 23:10:14,RETR,xtbBpQBQNmn0wiB4sgAA32
法务/侵权类,older,account_4,weihaizhongxin2024@126.com,"Fri, 1 May 2026 14:16:19 +0000",Amazon Services <donotreply@amazon.com>,Przesyłanie dokumentacji dotyczącej bezpieczeństwa produktu w celu ponownego aktywowania ofert,,"96
 Przesyłanie dokumentacji dotyczącej bezpieczeństwa produktu w celu ponownego aktywowania ofert
 Dzień dobry Weihai EU,
 niektóre z Twoich ofert zostały zdezaktywowane z powodu niespełnienia obowiązków dotyczących zgodności wystawianych przez Ciebie produktów z wymogami. Poniżej znajdziesz szczegółowe informacje oraz dalsze instrukcje. Oferty produktów, których dotyczy problem, wskazano na końcu niniejszej wiadomości e-mail.
 Dlaczego tak się stało?
 Podjęliśmy to działanie, ponieważ w przypadku tych produktów nie dostarczono obowiązkowych informacji dotyczących zgodności z wymogami. Więcej informacji na temat mających zastosowanie przepisów ustawowych i wykonawczych oraz zasad Amazon znajdziesz na stronie Bezpieczeństwo i zgodność produktu z wymogami . Do identyfikacji problemu i podjęcia decyzji wykorzystaliśmy zautomatyzowane narzędzia, a otrzymane za ich pomocą wyniki poddaliśmy weryfikacji przez eksperta.
 Informacje na temat wymogów dotyczących zgodności dla poszczególnych produktów znajdziesz w tabeli na końcu tej wiadomości e-mail.
 Jak mogę ponownie aktywować oferty?
 Aby dostarczyć niezbędne informacje dotyczące zgodności z wymogami, przejdź do panelu Kondycja konta i ",2026-05-27 23:10:13,RETR,xtbBshcyGGn0tbc4oAAA3I
法务/侵权类,older,account_4,weihaizhongxin2024@126.com,"Fri, 1 May 2026 02:33:13 +0000","""donotreply@amazon.com"" <donotreply@amazon.com>",Transparency Invoice/Credit note for 04/2026,,"96
 Dear Customer,
 Please click on the link below to access your Transparency electronic invoice/credit note in the Transparency Portal. If you see an '...
 Dear Customer,
 Please click on the link below to access your Transparency electronic invoice/credit note in the Transparency Portal. If you see an 'Access Denied' error message when you use the link below and are not able to access the invoice/credit note, then please email transparency-support@amazon.com with your profile link (see instructions below).
 [Link to invoice Dashboard]
 Frequently Asked Questions (FAQ)
- I see 'Access Denied' message after logging into the Transparency Portal, what should I do?
- Please log into your Amazon.com account associated with this email address. If you don't have an account, please create one with this email address.
- Go to http://www.amazon.com/profile .
- Copy the URL that was generated in the search bar. The profile link you need to provide will look similar to this: https://www.amazon.com/gp/profile/amzn1.account.XXXXXXXXXXXXXXXXXXXXXXXX
- Create an email to transparency-support@amazon.com , paste the URL that you copied into the body of the email, and click 'Send'.
 We will provide",2026-05-27 23:10:11,RETR,xtbBpQvVu2n0EOtsHAAA3W
法务/侵权类,older,account_4,weihaizhongxin2024@126.com,"Fri, 1 May 2026 02:13:34 +0000",Amazon Services <donotreply@amazon.com>,"Invia la documentazione sulla sicurezza del prodotto per riattivare
 le offerte",,"96
 Invia la documentazione sulla sicurezza del prodotto per riattivare le offerte
 Gentile Weihai EU,
 Alcune delle tue offerte sono state disattivate a causa della mancanza di alcuni requisiti di conformità obbligatori per i tuoi prodotti. Rivedi i dettagli e i passi successivi riportati di seguito. Puoi visualizzare le offerte interessate in fondo a questa e-mail.
 Ciò a cosa è dovuto?
 Abbiamo intrapreso questo provvedimento in quanto i tuoi prodotti non dispongono delle informazioni obbligatorie sulla conformità. Consulta la pagina di aiuto Sicurezza e conformità dei prodotti per informazioni sulle leggi, le normative e le politiche di Amazon applicabili. Questa decisione è stata presa sulla base dei risultati di un'analisi effettuata in parte tramite revisione umana e in parte per mezzo di sistemi automatizzati.
 La tabella alla fine di questa e-mail contiene i requisiti di conformità specifici per i prodotti.
 Come faccio a riattivare le mie offerte?
 Per fornire le informazioni di conformità richieste, vai alla pagina Stato dell'account per individuare le richieste di conformità dei prodotti:
-
 Se disponi della documentazione richiesta, segui le istruzioni per inviare i do",2026-05-27 23:10:11,RETR,xtbBpRKulGn0DFJGgQAA3J
法务/侵权类,older,account_4,weihaizhongxin2024@126.com,"Fri, 1 May 2026 02:13:30 +0000",Amazon Services <donotreply@amazon.com>,Skicka in produktsäkerhetsdokumentation för att återaktivera produktposter,,"96
 Skicka in produktsäkerhetsdokumentation för att återaktivera produktposter
 Hej Weihai EU!
 Vissa av dina produktposter har inaktiverats på grund av att det saknas obligatorisk överensstämmelse för dina produkter. Granska informationen och följande steg nedan. De berörda produktposterna visas i slutet av det här e-postmeddelandet.
 Varför händer det här?
 Vi vidtar den här åtgärden eftersom det saknas obligatorisk information om överensstämmelse för de här produkterna. Läs vår hjälpsida för Produktsäkerhet och -överensstämmelse för information om tillämpliga lagar, förordningar och Amazons policyer. Vi har använt oss av både automatiserade metoder och mänskliga expertgranskare för att identifiera problemet och fatta det här beslutet.
 Tabellen i slutet av detta e-postmeddelande innehåller produktspecifika krav för överensstämmelse.
 Hur återaktiverar jag mina produktposter?
 Om du vill tillhandahålla den begärda överensstämmelseinformationen går du till sidan Kontostatus och letar upp begäranden om produktöverensstämmelse:
-
 Om du har den obligatoriska dokumentationen ska du skicka in dina överensstämmelsedokument enligt instruktionerna. Vi återaktiverar endast produkter som u",2026-05-27 23:10:10,RETR,xtbBswytk2n0DEw5vwAA3a
法务/侵权类,older,account_4,weihaizhongxin2024@126.com,"Fri, 1 May 2026 01:21:43 +0000",Amazon Services <donotreply@amazon.com>,Presenta la documentación sobre seguridad del producto para reactivar los listings,,"96
 Presenta la documentación sobre seguridad del producto para reactivar los listings
 Hola, Weihai EU:
 Algunos de tus listings se han desactivado debido a que tus productos no cumplen los requisitos obligatorios. Revisa a continuación los detalles y siguientes pasos. Los listings afectados aparecen al final de este correo electrónico.
 ¿A qué se debe esto?
 Tomamos esta medida porque a estos productos les falta información de cumplimiento normativo obligatoria. Para más información sobre las leyes, normativas y políticas de Amazon aplicables, consulta Cumplimiento y seguridad de los productos . Hemos usado una combinación de medios automatizados y revisión humana experta para identificar la incidencia y tomar una decisión.
 En la tabla que aparece al final de este correo electrónico se proporcionan los requisitos de cumplimiento normativo específicos del producto.
 ¿Cómo puedo reactivar mis listings?
 Para proporcionar la información de cumplimiento normativo obligatoria, ve a la página Estado de la cuenta y localiza las solicitudes de cumplimiento normativo del producto:
-
 Si dispones de la documentación obligatoria, sigue las instrucciones para presentar los documentos de cum",2026-05-27 23:10:10,RETR,xtbBsguhh2n0ACsVrwAA3T
法务/侵权类,older,account_4,weihaizhongxin2024@126.com,"Fri, 1 May 2026 01:18:50 +0000",Amazon Services <donotreply@amazon.com>,"Dien productveiligheidsdocumentatie in om productvermeldingen
 opnieuw te activeren",,"96
 Dien productveiligheidsdocumentatie in om productvermeldingen opnieuw te activeren
 Hallo Weihai EU,
 Sommige van je productvermeldingen zijn gedeactiveerd omdat er verplichte nalevingsvereisten voor je producten ontbreken. Bekijk de gegevens en de stappen hieronder. De betreffende productvermeldingen worden aan het einde van deze e-mail weergegeven.
 Waarom gebeurt dit?
 We hebben deze actie ondernomen omdat voor deze producten verplichte nalevingsinformatie ontbreekt. Raadpleeg onze hulp-pagina Productveiligheid en -conformiteit voor informatie over de toepasselijke wet- en regelgeving en het Amazon-beleid. We hebben gebruikgemaakt van een combinatie van geautomatiseerde middelen en deskundige menselijke beoordeling om dit probleem te identificeren en deze beslissing te nemen.
 De tabel aan het einde van deze e-mail bevat productspecifieke nalevingsvereisten.
 Hoe activeer ik mijn productvermeldingen opnieuw?
 Als je de vereiste nalevingsgegevens wilt verstrekken, ga je naar de pagina Accountstatus en zoek je de aanvragen voor productconformiteit:
-
 Als je over de vereiste documentatie beschikt, volg je de instructies om je nalevingsdocumenten in te dienen. We zullen alleen ",2026-05-27 23:10:09,RETR,xtbBpB52XGnz-37pDgAA3s
法务/侵权类,older,account_4,weihaizhongxin2024@126.com,"Thu, 30 Apr 2026 21:55:17 +0000",Amazon Europe <noreply@sell.amazon.com>,规划您的 La French Week 促销活动,,"立即规划您的促销
尊敬的卖家：
通过为您选定的商品提报Z划算和促销（价格折扣和优惠券），为亚马逊 La French Week 做好准备。
请为您的产品提报活动期间的促销。
关键日期
活动日期： 2026年4月29日至5月5日
Z划算提报截止日期： 开始日期前1天
优惠券和价格折扣提报截止日期： 活动结束前 12 小时
即刻提报您的促销活动 > https://go.amazonsellerservices.com/e/229492/-ld-DC-EM-D440543605-Wk18/7z351dt/6634643451/h/aAlToMVZuL9Pf26IUgl4EwypMRINffcPORYtB0qJpQs
您的 ASIN 推荐清单
以下为您精选推荐的 ASIN，可用于提交至 La French Week。
<div style=""padding: 0 20px; ""><table style=""width:100%; border-collapse:collapse; text-align:center; font-family:Amazon Ember Display, Arial, sans-serif; border:2px solid #868D95; border-radius:10px 10px 0 0; overflow:hidden; ""><thead><tr style=""background-color:#dfdad5;""><th style=""padding:10px; border-right:2px solid #868D95; font-size:14px; letter-spacing:none; line-height:1.2; text-align:center; mso-line-height-alt:1.063em; color:#000000;"">站点</th><th style=""padding:10px; border-right:2px solid #868D95; font-size:14px; letter-spacing:none; line-height:1.2; text-align:center; mso-line-height-alt:1.063em; color:#000000;"">ASIN</th></tr></thead><tbody><tr><td style=""padding:10px; border-top:2px solid #868D95; border-right:2px solid #868D95; font-size:14px; letter-spacing:none; line-height:1.2; text-align:center; mso-line-height",2026-05-27 23:10:08,RETR,xtbBswt9Y2nzz8vUJgAA3K
法务/侵权类,older,account_4,weihaizhongxin2024@126.com,"Thu, 30 Apr 2026 21:32:46 +0000",Amazon Europe <no-reply@sell.amazon.com>,最大化您的 Prime Day 业绩,,"最大化您的 Prime Day 业绩
尊敬的卖家，
为 2026 年 Prime Day做好准备 - 为数百万 Prime 会员打造不容错过的优惠！加入我们今年6月为期4天活动。通过提交促销，确保充足库存，提升曝光度以助力您冲刺最佳业绩！
如果您在 2026 年 4 月 30 日前提报秒杀或 Z 划算，您将获得每笔固定预付费 30% 的折扣。
关键日期
活动日期： 2026年6月 (具体日期待公布)
提报截止日期： 促销 – 2026 年 6 月 19 日，价格折扣 – 活动结束前 12 小时
FBA入仓截止日期：
欧盟 – 2026年5月27日，英国 – 2026年6月5日
提报您的促销 > https://go.amazonsellerservices.com/e/229492/reate-ld-DC-EM-D436798875-Wk18/7z351cx/6634608921/h/wJh8FOptIJNxQjFcUNHXJOBSSiJAYJe5bu6P0nX78jo
<table align=""center"" border=""0"" cellpadding=""0"" cellspacing=""0"" class=""section"" role=""presentation"" style=""width:100%;"">
	<tbody>
		<tr>
			<td align=""center"">
			<div role=""none"">
<!--[if(mso)|(IE)]>
<table align=""center"" border=""0"" cellpadding=""0"" cellspacing=""0"" class=""block-grid-outlook"" style=""width:600px;"" width=""600"" >
<tr>
<td style=""line-height:0px;font-size:0px;mso-line-height-rule:exactly;""><![endif]-->
			<div style=""margin:0 auto;border-radius:0px;max-width:600px;"">
			<table align=""center"" border=""0"" cellpadding=""0"" cellspacing=""0"" role=""presentation"" style=""width:100%;border-radius:0px;"">
				<tbody>
					<tr>
						<td class=""block-grid"" style=""border-radius:0px;font-size:0px;padding:12px 0px 12px 0px;text-align:center;vertical-ali",2026-05-27 23:10:08,RETR,xtbBpQEqEGnzyoGd2AAA3K
法务/侵权类,older,account_4,weihaizhongxin2024@126.com,"Thu, 30 Apr 2026 15:08:42 +0000",Amazon Services <donotreply@amazon.com>,Soumettre la documentation de sécurité des produits pour réactiver les mises en vente,,"96
 Soumettre la documentation de sécurité des produits pour réactiver les mises en vente
 Bonjour Weihai EU,
 Certaines de vos mises en vente ont été désactivées, car vos produits ne respectaient pas des exigences de conformité obligatoires. Consultez les détails et les étapes suivantes ci-dessous. Les produits mis en vente concernés figurent à la fin de cet e-mail.
 Pourquoi cela se produit-il ?
 Nous prenons cette mesure, car ces produits ne présentent pas les informations de conformité obligatoires. Consultez notre page d’aide Sécurité et conformité des produits pour obtenir des informations sur les lois, réglementations et politiques Amazon applicables. Nous nous sommes appuyés sur une combinaison de moyens automatisés et de contrôles menés par des personnes expérimentées pour identifier ce problème et prendre cette décision.
 Le tableau situé à la fin de cet e-mail présente les exigences de conformité spécifiques aux produits.
 Comment réactiver mes produits mis en vente ?
 Pour fournir les informations de conformité requises, accédez à la page État du compte et localisez les demandes de conformité des produits :
-
 Si vous disposez des documents requis, suivez les instructio",2026-05-27 23:10:07,RETR,xtbBsx6SeGnzcH5fsAAA38
法务/侵权类,older,account_4,weihaizhongxin2024@126.com,"Thu, 30 Apr 2026 14:12:49 +0000",Amazon Services <donotreply@amazon.com>,Przesyłanie dokumentacji dotyczącej bezpieczeństwa produktu w celu ponownego aktywowania ofert,,"96
 Przesyłanie dokumentacji dotyczącej bezpieczeństwa produktu w celu ponownego aktywowania ofert
 Dzień dobry Weihai EU,
 niektóre z Twoich ofert zostały zdezaktywowane z powodu niespełnienia obowiązków dotyczących zgodności wystawianych przez Ciebie produktów z wymogami. Poniżej znajdziesz szczegółowe informacje oraz dalsze instrukcje. Oferty produktów, których dotyczy problem, wskazano na końcu niniejszej wiadomości e-mail.
 Dlaczego tak się stało?
 Podjęliśmy to działanie, ponieważ w przypadku tych produktów nie dostarczono obowiązkowych informacji dotyczących zgodności z wymogami. Więcej informacji na temat mających zastosowanie przepisów ustawowych i wykonawczych oraz zasad Amazon znajdziesz na stronie Bezpieczeństwo i zgodność produktu z wymogami . Do identyfikacji problemu i podjęcia decyzji wykorzystaliśmy zautomatyzowane narzędzia, a otrzymane za ich pomocą wyniki poddaliśmy weryfikacji przez eksperta.
 Informacje na temat wymogów dotyczących zgodności dla poszczególnych produktów znajdziesz w tabeli na końcu tej wiadomości e-mail.
 Jak mogę ponownie aktywować oferty?
 Aby dostarczyć niezbędne informacje dotyczące zgodności z wymogami, przejdź do panelu Kondycja konta i ",2026-05-27 23:10:06,RETR,xtbBpQVJL2nzY2X-mgAA3-
法务/侵权类,older,account_4,weihaizhongxin2024@126.com,"Thu, 30 Apr 2026 14:07:32 +0000",Amazon Services <donotreply@amazon.com>,Pagamento elaborato con successo,,"96
This title will display on mobile devices
 Congratulazioni. Il pagamento è stato elaborato con successo e ti sarà accreditato a breve.
 Tentativo di pagamento
Congratulazioni Weihai EU! Il pagamento è stato elaborato con successo e ti sarà accreditato nel giro di da tre a cinque giorni.
In data 04/30/26 14:07 CEST, abbiamo avviato un trasferimento sul tuo metodo di pagamento (conto bancario che termina con 229) dell’importo di €
 215,29.
 Se l’importo è inferiore a quanto atteso, tieni in considerazione le seguenti domande:
 Hai un saldo non disponibile? Amazon potrebbe trattenere una certa somma per coprire i costi di eventuali resi, reclami o contestazioni di una transazione (chargeback) da parte degli acquirenti. In questo caso, il saldo finale nel tuo report sui pagamenti mostrerà il saldo non disponibile corrispondente alla cifra trattenuta.
 Le tue vendite coprono tutte le commissioni e i resi per questo ciclo di fatturazione? L’importo del pagamento rispecchia le attività di vendita, le commissioni di vendita e le tariffe per promozioni o servizi. Ti consigliamo di rivedere il report sui pagamenti nella scheda Report di Seller Central per comprendere le diverse spese che ",2026-05-27 23:10:06,RETR,xtbBpAf43mnzYif6MwAA3T
法务/侵权类,older,account_4,weihaizhongxin2024@126.com,"Thu, 30 Apr 2026 10:18:53 +0000","""Amazon.de"" <store-news@amazon.de>",Dein Einkaufswagen wartet,,"https://www.amazon.de/gp/cart/view.html?ref_=cor
Feuerfeste Unterlage, 100 × 150cm Hitzebeständig bis 1800°F Hitzeschutzmatte, Grillmatte, Feuerschutzmatte, Fallschutzmatten Outdoor, Bodenschutzmatte, BBQ Gril Matte
Befristetes Angebot -15 % 20,36 € Statt: 23,95 €
https://www.amazon.de/gp/product/B0DRCB74YN/?ref_=
Einkaufswagen anzeigen
https://www.amazon.de/gp/cart/view.html?ref_=cor
Schaue dir weitere Optionen an
75x120 cm Feuerfeste Unterlage, Hitzeschutzmatte, Antihaft-Material Bodenschutzmatte, Grill Matten, Bodenmatte Feuerstellenmatte Outdoor BBQ Matte für Gasgrill Holzkohlegrill
 19,99 €
https://www.amazon.de/gp/product/B0DBLM41YS/?ref_=ci_mcx_mr_2p_0_lm
100 * 150cm Feuerfeste Unterlage - Hitzebeständig bis 1800°F Hitzeschutzmatte - Grillteppich Bodenschutzmatte Grillmatten Bodenmatte Feuerstellenmatte Outdoor BBQ Matte für Gasgrill Holzkohlegrill
 -17 % 29,98 € UVP: 35,99 €
https://www.amazon.de/gp/product/B0BRTPDYMV/?ref_=ci_mcx_mr_2p_1_lm
Alckijy Feuerfeste Unterlage | 100 * 150cm Faltbare Hitzeschutzmatte | Bodenschutzmatte | Grillmatten | Bodenmatte | Grillteppich | Funkenschutzplatte | für BBQ Grills Kaminöfen Boden Rasen usw
Befristetes Angebot -18 % 20,38 € UVP: 24,",2026-05-27 23:10:05,RETR,xtbBpRGGbGnzLJEF2gAA3m
法务/侵权类,older,account_4,weihaizhongxin2024@126.com,"Wed, 29 Apr 2026 20:59:56 +0000",Fulfillment by Amazon <no-reply@amazon.com>,Tus límites de capacidad de Logística de Amazon para mayo,,"96
 Tus límites de capacidad de Logística de Amazon para mayo
 Hola:
 Se confirmaron tus límites de capacidad para el próximo periodo.
 Pronóstico de capacidad para el periodo del may. 1 al 31, a partir del abr. 29:
 Tipo de almacenamiento
 Límite de capacidad total (metros cúbicos)
 Tamaño estándar
 16.42
 Tamaño grande
 21.66
 Para ver tus límites más actualizados, así como los límites de capacidad estimados para los dos meses siguientes, ve a los envíos de Logística de Amazon .
 En la siguiente tabla, se muestra el uso de la capacidad de Logística de Amazon a partir del abr. 28.
 Tipo de almacenamiento
 Uso sin los envíos abiertos incluidos (metros cúbicos)
 Uso con los envíos abiertos incluidos (metros cúbicos)
 Tamaño estándar
 0.00
 0.00
 Tamaño grande
 0.00
 0.00
 Cómo se establecen los límites de capacidad de Logística de Amazon
 Tus límites de capacidad dependen de tu puntuación del índice de desempeño de inventario y otros factores, como las proyecciones de ventas para tus ASIN, la capacidad del centro de distribución y el plazo de entrega de los envíos. Las estimaciones variarán en función de los cambios en tu puntuación del índice de desempeño de inventario y pueden aum",2026-05-27 23:10:03,RETR,xtbBsw+GbGnycU+GXwAA3q
法务/侵权类,older,account_4,weihaizhongxin2024@126.com,"Wed, 29 Apr 2026 14:37:52 +0000",Il team di Gestione multicanale <donotreply@amazon.com>,"Aggiornamenti ai costi di Gestione multicanale in vigore dal 29
 maggio 2026",,"96
 Stiamo aggiornando le tariffe di Gestione multicanale per aiutarti a ridurre i costi e investire nella crescita della tua attività.
 Buongiorno,
 desideriamo ringraziarti per la tua collaborazione in quello che è stato un altro anno entusiasmante di innovazione nei nostri servizi di Gestione multicanale. Abbiamo ampliato le nostre capacità di spedizione transfrontaliera e migliorato i tempi di consegna per aiutarti a raggiungere un maggior numero di clienti e a far crescere la tua attività con la massima tranquillità e sicurezza. La nuova app di Gestione multicanale per Shopify rende l'avvio più semplice che mai. Bastano pochi clic per offrire consegne rapide e affidabili su tutti i canali di vendita.
 Il 29 maggio 2026 apporteremo le seguenti modifiche alla struttura tariffaria per aiutarti a ridurre i costi e investire nella crescita della tua attività.
 La maggior parte dei sovrapprezzi del Programma Paneuropeo verranno rimossi per ridurre i costi totali:
- Verranno rimossi tutti i sovrapprezzi del Programma Paneuropeo sugli ordini a gestione multicanale di articoli in buste e colli. Riduzione dei costi del Programma Paneuropeo:
- Ridurremo la maggior parte dei costi di bust",2026-05-27 23:10:01,RETR,xtbBpQUO82nyF8U1WgAA37
法务/侵权类,older,account_4,weihaizhongxin2024@126.com,"Wed, 29 Apr 2026 14:30:37 +0000",The Multichannel Fulfillment team <donotreply@amazon.com>,"MCF fee updates effective May 29, 2026",,"96
 We’re updating our Multichannel Fulfillment fees to help you reduce your costs so you can invest in growing your business.
 Hello,
 We want to thank you for your partnership in what has been another exciting year of innovation for Multichannel Fulfillment (MCF). We've expanded our cross-border shipping capabilities and improved delivery speeds to help you reach more customers and scale with confidence. Our new MCF app for Shopify makes getting started easier than ever - just a few clicks, and you're ready to offer fast, reliable delivery across all of your sales channels.
 On May 29, 2026, we will make the following fee changes to help you reduce your costs so you can invest in growing your business.
 Most Pan-EU surcharges removed to lower total costs:
- We will waive all Pan-EU surcharges on MCF orders of envelope and parcel items. Pan-EU rates reduced:
- We will reduce the majority of our Pan-EU envelope and parcel fees , with rates reduced most in high-demand areas.
- You’ll continue to benefit from domestic rates in Germany, France, Italy, and Spain. Balanced domestic fee structure:
- We will increase fees for single-unit orders of envelope, parcel, and all oversize items ",2026-05-27 23:10:00,RETR,xtbBsxGghmnyFhHsSAAA38
法务/侵权类,older,account_4,weihaizhongxin2024@126.com,"Wed, 29 Apr 2026 14:25:56 +0000",El Departamento de Logística Multicanal <donotreply@amazon.com>,Actualización de las tarifas de Logística Multicanal en vigor a partir del 29 de mayo de 2026,,"96
 Vamos a actualizar nuestras tarifas de Logística Multicanal para ayudarte a reducir los costes y así puedas invertir en hacer crecer tu negocio.
 Hola:
 Queremos agradecerte tu colaboración durante todo este año, lleno de emocionantes innovaciones en Logística Multicanal. Hemos ampliado nuestras capacidades de envío transfronterizo y mejorado las velocidades de entrega para ayudarte a llegar a más clientes y hacer crecer tu negocio con confianza. La nueva aplicación de Logística Multicanal para Shopify hace que empezar sea más fácil que nunca: con sólo unos pocos clics puedes ofrecer entregas rápidas y fiables en todos tus canales de venta.
 El 29 de mayo de 2026, haremos los siguientes cambios en las tarifas para ayudarte a reducir los costes y así puedas invertir en el crecimiento de tu negocio.
 Se han retirado la mayoría de los recargos del Programa paneuropeo para reducir el coste total:
- no aplicaremos ningún recargo del Programa paneuropeo en pedidos de Logística Multicanal de sobres y paquetes. Tarifas reducidas del Programa paneuropeo:
- reduciremos la mayoría de las tarifas de paquetes y sobres del Programa paneuropeo , con unas tarifas más reducidas en zonas de much",2026-05-27 23:09:59,RETR,xtbBpBZZP2nyFPYZ4gAA3W
法务/侵权类,older,account_4,weihaizhongxin2024@126.com,"Tue, 28 Apr 2026 17:38:42 +0000",Amazon Services <donotreply@amazon.com>,"Presenta documentos de cumplimiento normativo del producto para
 evitar que se retiren los listings",,"96
 Presenta documentos de cumplimiento normativo del producto para evitar que se retiren los listings
 Hola, Weihai EU:
 Tus listings están en riesgo de retirada porque faltan fichas de datos de seguridad (FDS). Presenta la documentación necesaria a más tardar el 2026-07-27 para seguir vendiendo estos productos. Encontrarás ejemplos de los listings en riesgo al final de este correo electrónico.
 ¿A qué se debe esto?
 Hemos tomado esta medida porque hemos identificado que hay productos peligrosos en tu catálogo que requieren fichas de datos de seguridad (FDS). Estos documentos son obligatorios por ley y proporcionan información importante sobre la seguridad de los productos químicos, como los procedimientos adecuados de manipulación, almacenamiento y emergencia. Así podemos garantizar la seguridad de nuestros clientes, empleados y cualquier persona que se encargue de estos productos.
 Hemos usado una combinación de medios automatizados y revisión humana experta para identificar la incidencia y tomar esta decisión.
 Para más información, consulta Requisitos y preguntas frecuentes para la venta de productos químicos .
 ¿Cómo puedo seguir vendiendo los productos afectados?
 Para evita",2026-05-27 23:09:57,RETR,xtbBswb74Wnw8Ka13wAA3K
法务/侵权类,older,account_4,weihaizhongxin2024@126.com,"Tue, 28 Apr 2026 17:25:34 +0000",Amazon Services <donotreply@amazon.com>,"Documenten over productconformiteit indienen om verwijdering van
 productvermeldingen te voorkomen",,"96
 Documenten over productconformiteit indienen om verwijdering van productvermeldingen te voorkomen
 Hallo Weihai EU,
 Je productvermeldingen lopen het risico te worden verwijderd vanwege ontbrekende veiligheidsinformatiebladen. Dien de vereiste documentatie uiterlijk 2026-07-27 in om door te gaan met het verkopen van deze producten. Onderaan deze e-mail vind je voorbeelden van je productvermeldingen met een verhoogd risico.
 Waarom gebeurt dit?
 We ondernemen deze actie omdat we gevaarlijke producten in je catalogus hebben geïdentificeerd waarvoor veiligheidsinformatiebladen (SDS) nodig zijn. Deze documenten zijn wettelijk vereist en bieden kritieke veiligheidsinformatie over chemische producten, inclusief correcte verwerking, opslag en noodprocedures. Dit helpt de veiligheid te waarborgen van onze klanten, medewerkers en iedereen die met deze producten omgaat.
 We hebben gebruikgemaakt van een combinatie van geautomatiseerde middelen en deskundige menselijke beoordeling om dit probleem te identificeren en deze beslissing te nemen.
 Ga voor meer informatie naar onze Vereisten en veelgestelde vragen voor de verkoop van chemische stoffen .
 Hoe kan ik de getroffen producten blijve",2026-05-27 23:09:57,RETR,xtbBpRI2HGnw7ZJLEQAA3h
法务/侵权类,older,account_4,weihaizhongxin2024@126.com,"Tue, 28 Apr 2026 17:06:50 +0000",Amazon Services <donotreply@amazon.com>,"Prześlij dokumenty zgodności dotyczące produktu, aby zapobiec usunięciu oferty",,"96
 Prześlij dokumenty zgodności dotyczące produktu, aby zapobiec usunięciu oferty
 Dzień dobry Weihai EU,
 Twoje oferty mogą zostać usunięte z powodu braku kart charakterystyki. Aby móc dalej sprzedawać te produkty, prześlij wymaganą dokumentację do 2026-07-27. Przykłady zagrożonych ofert znajdziesz na dole tej wiadomości e-mail.
 Dlaczego tak się stało?
 Podejmujemy te działania, ponieważ stwierdziliśmy, że w Twoim katalogu znajdują się produkty niebezpieczne, dla których wymagane są karty charakterystyki. Dokumenty te są wymagane przepisami prawa i zawierają istotne informacje związane z bezpieczeństwem produktów chemicznych, w tym dotyczące prawidłowego obchodzenia się z nimi, przechowywania ich oraz postępowania w nagłych wypadkach. Pomaga to zapewnić bezpieczeństwo naszym klientom, pracownikom i każdej osobie mającej styczność z tymi produktami.
 Do identyfikacji problemu i podjęcia decyzji wykorzystaliśmy zautomatyzowane narzędzia, a otrzymane za ich pomocą wyniki poddaliśmy weryfikacji przez eksperta.
 Więcej informacji znajdziesz na stronie Wymagania i często zadawane pytania dotyczące sprzedaży chemikaliów .
 Co mogę zrobić, aby dalej sprzedawać produkty, których dotyczy ",2026-05-27 23:09:56,RETR,xtbBsw4cAmnw6S6UZAAA3N
法务/侵权类,older,account_4,weihaizhongxin2024@126.com,"Tue, 28 Apr 2026 16:58:32 +0000",Amazon Services <donotreply@amazon.com>,Skicka in dokument om produktöverensstämmelse för att undvika att produktposter tas bort,,"96
 Skicka in dokument om produktöverensstämmelse för att undvika att produktposter tas bort
 Hej Weihai EU!
 Dina annonser riskerar att tas bort på grund av att säkerhetsdatablad saknas. Skicka in den dokumentation som krävs senast 2026-07-27 för att fortsätta sälja dessa produkter. Vid slutet av det här e-postmeddelandet kan du se exempel på dina produktposter i riskzonen.
 Varför händer det här?
 Vi vidtar denna åtgärd eftersom vi identifierade farliga produkter som kräver säkerhetsdatablad (SDS) i din katalog. Dessa dokument är obligatoriska enligt lag och tillhandahåller viktig säkerhetsinformation om kemiska produkter, inklusive korrekt hantering, lagring och nödrutiner. Detta bidrar till att säkerställa säkerheten för våra kunder, anställda och alla som hanterar dessa produkter.
 Vi har använt oss av både automatiserade metoder och mänskliga expertgranskare för att identifiera problemet och fatta det här beslutet.
 Du hittar mer information i Krav och Vanliga frågor för försäljning av kemikalier .
 Hur fortsätter jag att sälja de berörda produkterna?
 För att fortsätta sälja dessa produkter och undvika att produktposterna tas bort ska du ladda upp säkerhetsdatablad för var o",2026-05-27 23:09:56,RETR,xtbBsxqehGnw5zqJOgAA3E
法务/侵权类,older,account_4,weihaizhongxin2024@126.com,"Tue, 28 Apr 2026 16:54:06 +0000",Amazon Services <donotreply@amazon.com>,Invia la documentazione di conformità dei prodotti per evitare la rimozione delle offerte,,"96
 Invia la documentazione di conformità dei prodotti per evitare la rimozione delle offerte
 Gentile Weihai EU,
 Le tue offerte sono a rischio di rimozione a causa della mancanza delle schede di dati di sicurezza. Invia la documentazione richiesta entro il 2026-07-27 per continuare a vendere questi prodotti. In fondo a questa e-mail, puoi trovare alcuni esempi di offerte a rischio.
 Ciò a cosa è dovuto?
 Stiamo intraprendendo questa azione perché abbiamo identificato nel tuo catalogo dei prodotti pericolosi che richiedono schede di dati di sicurezza (SDS). Questi documenti sono obbligatori per legge e forniscono informazioni essenziali sulla sicurezza dei prodotti chimici, incluse indicazioni per la manipolazione, lo stoccaggio e le procedure di emergenza appropriate. Ciò contribuisce a garantire la sicurezza dei nostri clienti, dipendenti e di chiunque manipoli questi prodotti.
 Questa decisione è stata presa sulla base dei risultati di un'analisi effettuata in parte tramite revisione umana e in parte per mezzo di sistemi automatizzati.
 Per maggiori informazioni, consulta la pagina Requisiti e domande frequenti per la vendita di sostanze chimiche .
 Come faccio a continuare a v",2026-05-27 23:09:55,RETR,xtbBshFcQmnw5jElzwAA3Z
法务/侵权类,older,account_4,weihaizhongxin2024@126.com,"Tue, 28 Apr 2026 16:50:08 +0000",Amazon Services <donotreply@amazon.com>,Soumettez les documents de conformité des produits pour éviter le retrait de la mise en vente,,"96
 Soumettez les documents de conformité des produits pour éviter le retrait de la mise en vente
 Bonjour Weihai EU,
 Vos mises en vente risquent d’être supprimées en raison de l’absence de fiches de sécurité. Soumettez les documents requis avant le 2026-07-27 pour continuer à vendre ces produits. Vous trouverez des exemples de vos mises en vente à risque en bas de cet e-mail.
 Pourquoi cela se produit-il ?
 Nous prenons cette mesure car nous avons identifié des produits dangereux dans votre catalogue qui nécessitent des fiches de sécurité. Ces documents sont requis par la loi et fournissent des informations essentielles de sécurité sur les produits chimiques, y compris les procédures de manipulation, de stockage et d’urgence appropriées. Cela permet d’assurer la sécurité de nos clients, de nos employés et de toute personne manipulant ces produits.
 Nous avons utilisé une combinaison de moyens automatisés et de contrôles par des experts humains pour identifier ce problème et prendre cette décision.
 Pour en savoir plus, consultez nos Exigences et FAQ pour la mise en vente de produits chimiques .
 Comment continuer à vendre les produits concernés ?
 Pour éviter le retrait d’une mis",2026-05-27 23:09:55,RETR,xtbBswIgBmnw5UJ9YAAA30
法务/侵权类,older,account_4,weihaizhongxin2024@126.com,"Tue, 28 Apr 2026 15:58:40 +0000",Amazon Services <donotreply@amazon.com>,Pagamento elaborato con successo,,"96
This title will display on mobile devices
 Congratulazioni. Il pagamento è stato elaborato con successo e ti sarà accreditato a breve.
 Tentativo di pagamento
Congratulazioni Weihai EU! Il pagamento è stato elaborato con successo e ti sarà accreditato nel giro di da tre a cinque giorni.
In data 04/28/26 15:58 CEST, abbiamo avviato un trasferimento sul tuo metodo di pagamento (conto bancario che termina con 229) dell’importo di €
 213,19.
 Se l’importo è inferiore a quanto atteso, tieni in considerazione le seguenti domande:
 Hai un saldo non disponibile? Amazon potrebbe trattenere una certa somma per coprire i costi di eventuali resi, reclami o contestazioni di una transazione (chargeback) da parte degli acquirenti. In questo caso, il saldo finale nel tuo report sui pagamenti mostrerà il saldo non disponibile corrispondente alla cifra trattenuta.
 Le tue vendite coprono tutte le commissioni e i resi per questo ciclo di fatturazione? L’importo del pagamento rispecchia le attività di vendita, le commissioni di vendita e le tariffe per promozioni o servizi. Ti consigliamo di rivedere il report sui pagamenti nella scheda Report di Seller Central per comprendere le diverse spese che ",2026-05-27 23:09:54,RETR,xtbBsxQaAGnw2TQZJAAA30
货件/库存类,older,account_4,weihaizhongxin2024@126.com,"Sat, 16 May 2026 04:51:55 +0000",Fulfilment by Amazon <donotreply@amazon.com>,Create FBA removal order by 2026-05-28,,"96
Automated removals of unfulfillable inventory
 Required removals: First notification
 Required removals: First notification
 Hello,
Your FBA inventory listed below became unsellable in the past seven days. You must create a removal order by 2026-05-28 or these items will be disposed of. Removal fees will apply. Review the affected items and next steps below.
Unsellable products:
- FNSKU: B0DRC8LPGS Quantity: 1
- FNSKU: B0DRCB74YN Quantity: 1
- FNSKU: B0DRCF83VZ Quantity: 2
- FNSKU: X002A05YW5 Quantity: 1
 Why is this happening?
This action is required because these items are no longer in sellable condition in our fulfilment centres. According to our FBA Required Removals policy, all unsuitable units must be removed within 14 days of notification. To learn more, go to our FBA Required Removals policy .
We leveraged a combination of automated means to identify this issue and make this decision.
 How do I address this?
Follow these steps to manage your unsellable inventory:
- Check your complete list and quantity of unsellable items in the Manage FBA inventory .
- Create a removal order (removal fees apply) by following the instructions in Remove inventory overview .
 To avoid futu",2026-05-27 23:11:11,RETR,xtbBsw+Ve2oH9+-JywAA3l
货件/库存类,older,account_4,weihaizhongxin2024@126.com,"Sat, 16 May 2026 03:58:34 +0000",Fulfilment by Amazon <donotreply@amazon.com>,Create FBA removal order by 2026-05-28,,"96
Automated removals of unfulfillable inventory
 Required removals: First notification
 Required removals: First notification
 Hello,
Your FBA inventory listed below became unsellable in the past seven days. You must create a removal order by 2026-05-28 or these items will be disposed of. Removal fees will apply. Review the affected items and next steps below.
Unsellable products:
- FNSKU: X0022EYL2D Quantity: 1
 Why is this happening?
This action is required because these items are no longer in sellable condition in our fulfilment centres. According to our FBA Required Removals policy, all unsuitable units must be removed within 14 days of notification. To learn more, go to our FBA Required Removals policy .
We leveraged a combination of automated means to identify this issue and make this decision.
 How do I address this?
Follow these steps to manage your unsellable inventory:
- Check your complete list and quantity of unsellable items in the Manage FBA inventory .
- Create a removal order (removal fees apply) by following the instructions in Remove inventory overview .
 To avoid future manual inventory removal orders, set up Automated Unfulfillable Removals function in your FBA",2026-05-27 23:11:10,RETR,xtbBpQ5yWGoH626JcAAA3Q
货件/库存类,older,account_4,weihaizhongxin2024@126.com,"Sat, 16 May 2026 03:50:26 +0000",Fulfilment by Amazon <donotreply@amazon.com>,Disposal order created for unsellable FBA inventory,,"96
Automated Removals of Unfulfillable Inventory
 Final notice: Disposal order for your unfulfillable FBA inventory
 Final notice: Disposal order for your unfulfillable FBA inventory
 Hello,
You have unfulfillable inventory that has been in a fulfilment centre for more than 14 days. We have created a disposal order for these items.
 Why is this happening?
This action is required because these unfulfillable items have remained in our fulfilment centres for more than 14 days after notification. According to our FBA Required Removals policy, cancelling a required removal order is not permitted. To learn more, visit our FBA Required Removals policy .
 Removal order ID:
- HEAoKwMmcW
 Unsellable Products:
- FNSKU: X002A05YW5 Quantity: 1
 For more information about the disposal order process, see Remove inventory from a fulfilment centre .
 To monitor your unfulfillable inventory, see the Manage FBA Inventory for total unsellable quantities or the Recommended Removal report for unsellable and aged inventory details.
 The Fulfilment by Amazon Team
 Report an issue with this email
 If you have any questions visit: Seller Central
 To change your email preferences visit: Notification Preferen",2026-05-27 23:11:10,RETR,xtbBpQX33WoH6YV2EgAA3v
货件/库存类,older,account_4,weihaizhongxin2024@126.com,"Sat, 9 May 2026 04:43:42 +0000",Fulfilment by Amazon <donotreply@amazon.com>,Create FBA removal order by 2026-05-21,,"96
Automated removals of unfulfillable inventory
 Required removals: First notification
 Required removals: First notification
 Hello,
Your FBA inventory listed below became unsellable in the past seven days. You must create a removal order by 2026-05-21 or these items will be disposed of. Removal fees will apply. Review the affected items and next steps below.
Unsellable products:
- FNSKU: B0DRCB74YN Quantity: 1
- FNSKU: B0DRCC2H56 Quantity: 1
- FNSKU: B0DRCF83VZ Quantity: 1
- FNSKU: X002A05YW5 Quantity: 2
 Why is this happening?
This action is required because these items are no longer in sellable condition in our fulfilment centres. According to our FBA Required Removals policy, all unsuitable units must be removed within 14 days of notification. To learn more, go to our FBA Required Removals policy .
We leveraged a combination of automated means to identify this issue and make this decision.
 How do I address this?
Follow these steps to manage your unsellable inventory:
- Check your complete list and quantity of unsellable items in the Manage FBA inventory .
- Create a removal order (removal fees apply) by following the instructions in Remove inventory overview .
 To avoid futu",2026-05-27 23:10:47,RETR,xtbBpQEpD2n+u4GJmQAA3-
货件/库存类,older,account_4,weihaizhongxin2024@126.com,"Sat, 9 May 2026 03:34:49 +0000",Fulfilment by Amazon <donotreply@amazon.com>,Disposal order created for unsellable FBA inventory,,"96
Automated Removals of Unfulfillable Inventory
 Final notice: Disposal order for your unfulfillable FBA inventory
 Final notice: Disposal order for your unfulfillable FBA inventory
 Hello,
You have unfulfillable inventory that has been in a fulfilment centre for more than 14 days. We have created a disposal order for these items.
 Why is this happening?
This action is required because these unfulfillable items have remained in our fulfilment centres for more than 14 days after notification. According to our FBA Required Removals policy, cancelling a required removal order is not permitted. To learn more, visit our FBA Required Removals policy .
 Removal order ID:
- Fplv/oMrq+
 Unsellable Products:
- FNSKU: X002A05YW5 Quantity: 1
 For more information about the disposal order process, see Remove inventory from a fulfilment centre .
 To monitor your unfulfillable inventory, see the Manage FBA Inventory for total unsellable quantities or the Recommended Removal report for unsellable and aged inventory details.
 The Fulfilment by Amazon Team
 Report an issue with this email
 If you have any questions visit: Seller Central
 To change your email preferences visit: Notification Preferen",2026-05-27 23:10:46,RETR,xtbBsxwcAmn+q1wDiwAA3Z
货件/库存类,older,account_4,weihaizhongxin2024@126.com,"Sat, 2 May 2026 04:46:00 +0000",Fulfilment by Amazon <donotreply@amazon.com>,Disposal order created for unsellable FBA inventory,,"96
Automated Removals of Unfulfillable Inventory
 Final notice: Disposal order for your unfulfillable FBA inventory
 Final notice: Disposal order for your unfulfillable FBA inventory
 Hello,
You have unfulfillable inventory that has been in a fulfilment centre for more than 14 days. We have created a disposal order for these items.
 Why is this happening?
This action is required because these unfulfillable items have remained in our fulfilment centres for more than 14 days after notification. According to our FBA Required Removals policy, cancelling a required removal order is not permitted. To learn more, visit our FBA Required Removals policy .
 Removal order ID:
- toabAY9R4I
 Unsellable Products:
- FNSKU: X0025OEJ4F Quantity: 1
- FNSKU: X002A05YW5 Quantity: 2
 For more information about the disposal order process, see Remove inventory from a fulfilment centre .
 To monitor your unfulfillable inventory, see the Manage FBA Inventory for total unsellable quantities or the Recommended Removal report for unsellable and aged inventory details.
 The Fulfilment by Amazon Team
 Report an issue with this email
 If you have any questions visit: Seller Central
 To change your email preferen",2026-05-27 23:10:18,RETR,xtbBswtaQGn1gYsdLgAA3H
其他风险类,older,account_4,weihaizhongxin2024@126.com,"Mon, 11 May 2026 11:38:29 +0000",Amazon Europe <donotreply@amazon.com>,You have until July 11 to verify FBA dimensions for fee calculation,,"As previously communicated, we've updated the way we collect Fulfilment by Amazon (FBA) item package dimensions for products listed in our UK, Germany, France, Italy and Spain stores.
 96
 As previously communicated, we've updated the way we collect Fulfilment by Amazon (FBA) item package dimensions for products listed in our UK, Germany, France, Italy and Spain stores.
                                                     ‍͏  ͏  ‍͏  ͏  ‍͏  ͏  ‍͏  ͏  ‍͏  ͏  ‍͏  ͏  ‍͏  ͏  ‍͏  ͏  ‍͏  ͏  ‍͏  ͏  ‍͏  ͏  ‍͏  ͏  ‍͏  ͏  ‍͏  ͏  ‍͏  ͏  ‍͏  ͏  ‍͏  ͏  ‍͏  ͏  ‍͏  ͏  ‍͏  ͏  ‍͏  ͏  ‍͏  ͏  ‍͏  ͏  ‍͏  ͏  ‍͏  ͏  ‍͏  ͏  ‍͏  ͏  ‍͏  ͏  ‍͏  ͏  ‍͏  ͏  ‍͏  ͏  ‍͏  ͏  ‍͏  ͏  ‍͏  ͏  ‍͏  ͏  ‍͏  ͏  ‍͏  ͏  ‍͏  ͏  ‍͏  ͏ ͏‌ ­ ­ ­ ­ ͏‌ ­ ­ ­ ­ ͏‌ ­ ­ ­ ­ ͏‌ ­ ­ ­ ­ ͏‌ ­ ­ ­ ­ ͏‌ ­ ­ ­ ­ ͏‌ ­ ­ ­ ­ ͏‌ ­ ­ ­ ­ ͏‌ ­ ­ ­ ­ ͏‌ ­ ­ ­ ­ ͏‌ ­ ­ ­ ­ ͏‌ ­ ­ ­ ­ ͏‌ ­ ­ ­ ­ ͏‌ ­ ­ ­ ­ ͏‌ ­ ­ ­ ­ ͏‌ ­ ­ ­ ­ ͏‌ ­ ­ ­ ­ ͏‌ ­ ­ ­ ­ ͏‌ ­ ­ ­ ­ ͏‌ ­ ­ ­ ­ ͏‌ ­ ­ ­ ­ ͏‌ ­ ­ ­ ­ ͏‌ ­ ­ ­ ­ ͏‌ ­ ­ ­ ­ ͏‌ ­ ­ ­ ­ ͏‌ ­ ­ ­ ­ ͏‌ ­ ­ ­ ­ ͏‌ ­ ­ ­ ­ ͏‌ ­ ­ ­ ­ ͏‌ ­ ­ ­ ­ ͏‌ ­ ­ ­ ­ ͏‌ ­ ­ ­ ­ ͏‌ ­ ­ ­ ­ ͏‌ ­ ­ ­ ­ ͏‌ ­ ­ ­ ­ ͏‌ ­ ­ ­ ­ ͏‌ ­ ­ ­ ­ ͏‌ ­ ­ ­ ­ ͏‌ ­ ­ ­ ­ ͏‌ ­ ­ ­ ­ ͏‌ ­ ­ ­ ­ ͏‌ ­ ­ ­ ­ ͏‌ ­ ­ ­ ­ ͏‌ ­ ­ ­ ­ ͏‌ ­ ­ ­ ­ ͏‌ ­ ­ ",2026-05-27 23:10:56,RETR,xtbBpBf33WoBv7c9pwAA3g
其他风险类,older,account_4,weihaizhongxin2024@126.com,"Fri, 1 May 2026 00:16:37 +0000","""Amazon.com"" <donotreply@amazon.com>",View your US Q2-2026 CSBA fee rate,,"96
 (Important) CSBA US Fee rate for Q2-2026
 Review your updated Customer Service by Amazon fee rate and metrics
 Hello,
 This is your quarterly update regarding Customer Service by Amazon (CSBA) fees.
 Your CSBA fee rate for Q2-2026 (Apr 1, 2026 through Jun 30, 2026) will be based on your performance metrics from Q1-2026 (Jan 1, 2026 through Mar 25, 2026). To learn more about program fees, go to Customer Service by Amazon fees .
 Fee tier & rate
 Q1-2026 contacts
 0
 Q1-2026 self-fulfilled shipped units
 0
 Q1-2026 contacts per unit (CPU¹)
 N/A%
 Q2-2026 fee rate² ($ per self-fulfilled shipped unit)
 $0.00
 ¹ Contacts per unit (CPU) = CSBA contacts / self-fulfilled shipped units
 ² Your fee rate for the previous quarter was $0.00.
 CSBA Insights Dashboard
 Get the most out of Customer Service by Amazon
 Use the CSBA Insights dashboard in Seller Central to:
- Review customer service contacts handled by Amazon
- Find ways to improve customer experience
- Reduce contact and return rates
 Follow these practices to prevent customer confusion and minimize your workload:
- Monitor the Response Needed inbox within the Buyer-Seller Messaging Service . In the rare case that we need your he",2026-05-27 23:10:09,RETR,xtbBsgfMsmnz8OewNAAA3C
其他风险类,older,account_4,weihaizhongxin2024@126.com,"Tue, 28 Apr 2026 18:05:15 +0000",亚马逊开店服务 <donotreply@amazon.com>,提交商品合规文件，以避免商品被移除,,"96
 提交商品合规文件，以避免商品被移除
 尊敬的 Weihai EU：
您好！
 由于缺少安全数据表，您的商品有被移除的风险。请在 2026-07-27之前提交所需文件，以继续销售这些商品。您可以在此电子邮件的底部找到您的存在风险的商品示例。
 为什么会发生这种情况？
 我们之所以采取此措施，是因为我们在您的目录中发现了需要安全数据表 (SDS) 的危险品。这些文件是法律要求的，提供有关化学品的重要安全信息，包括妥善处理、储存和应急程序。这有助于确保买家、员工及处理这些商品的每一个人的安全。
 为了确定该问题，我们同时采用了自动化技术和专家评审，最终做出了这一决定。
 要了解更多信息，请访问我们 有关化学品销售的要求和常见问题 。
 如何继续销售受影响的商品？
 为避免商品被移除并继续销售这些商品，请为每个受影响的商品上传安全数据表 (SDS)。点击下方的“查看合规要求”按钮，查看所有受影响的商品。
 查看合规性要求
 哪些商品会受到影响？
 原因
 存在风险的销售
 Roaxkois Keramik Bemalen Set - Kreatives Keramik Bastelset mit...
 ASIN: B0G6XCTGJC
 SKU: WH-DE-BZ-1214-01
 HazardousGoods
 2153.13
 如果存在错误？
 如果您确信无需为自己的商品提交文件：
- 点击“查看合规性要求”。
- 点击商品旁边的“提交”。
- 点击“申诉要求”，然后按照提供的说明操作。
 如果未提交要求的文件，会怎么样？
 如果您未在 2026-07-27之前提交所需的安全数据表 (SDS)，则受影响的商品将从所有亚马逊商城中移除。除非您提供所需文件，否则您无法在亚马逊上销售这些商品。
 我们愿意随时为您提供帮助。
 如果您对此政策有任何疑问，请联系 销售伙伴支持 。
 谢谢！
 亚马逊开店服务
 报告此电子邮件的问题
 如果您有任何问题，请访问: Seller Central
 要更改您的电子邮件首选项，请访问： 通知首选项
 2026 Amazon.com 旗下公司 保留所有权利
 Amazon EU S.à r.l.
38 avenue John F. Kennedy,
L-1855 Luxembourg,
注册于卢森堡，
注册编号 B-101818，
股本 165.833 欧元，
营业执照编号： 134248，
卢森堡增值税注册编号 LU 20260743。
 SPC-EUAmazon-1899957743924552",2026-05-27 23:09:58,RETR,xtbBpR+LcWnw9t9yfwAA39
