category,time_bucket,account,account_user,date,from,subject,hit_keywords,body_preview,detected_at,fetch_mode,uid
店铺绩效类,older,account_4,weihaizhongxin2024@126.com,"Sun, 20 Sep 2026 14:23:10 +0000",Amazon Services <donotreply@amazon.com>,Balance paid on your Amazon seller account,,"96
Balance paid on your Amazon seller account
 Hello,
 We have charged the credit card registered to your Amazon account for 261.26 USD to settle your seller account balance.
 Please note that the amount charged may be less than the total balance due. If a full payment is not received, we may continue to initiate additional charges, up to once every 24 hours, until the remaining balance is fully paid.
 To pay your outstanding balance at any time, go to your Payments Dashboard , go to Statement View and click Repay Balance .
 To view your payment activity, go to Payments Dashboard .
 For more information, see Making a Payment .
 Thank you for selling on Amazon.
 Amazon Services
 Help us improve your experience on selling on Amazon through this brief survey:
 https://amazonexteu.qualtrics.com/jfe/form/SV_eUKdboEQhg1YpuK?cID=10038096056-202609201349
 Report an issue with this email
 If you have any questions visit: Seller Central
 To change your email preferences visit: Notification Preferences
 Copyright 2026 Amazon, Inc, or its affiliates. All rights reserved.
 Amazon.com, 410 Terry Avenue North, Seattle, WA 98109-5210
 SPC-USAmazon-1125902158850074",2026-10-08 01:29:28,RETR,xtbBpBPVu2qv7FNPMQAA3d
店铺绩效类,older,account_4,weihaizhongxin2024@126.com,"Sat, 19 Sep 2026 04:50:14 +0000","""Fulfillment by Amazon (Do not reply)"" <donotreply@amazon.com>",FBA reimbursement notification,,"96
FBA reimbursement notification
 You have a reimbursement activity
 Hello from Fulfilment by Amazon,
We have initiated a reimbursement, a reimbursement reversal, or both due to recent activity on your selling account. No action is required from you.
Reimbursements can be initiated for an issue that you notified us about or one that we identified at a fulfilment centre. A reimbursement reversal occurs when a reimbursement decision has been reviewed and changed. Reimbursement amounts are determined in accordance with the FBA inventory reimbursement policy ( https://sellercentral.amazon.co.uk/gp/help/external/200213130 ).
Please note that it may take up to five business days for reimbursement transactions to appear in your seller account.
You can find details on your reimbursement or reversal transaction in the Reimbursements report ( https://sellercentral.amazon.co.uk/reportcentral/REIMBURSEMENTS/0 ) in Seller Central:
- In the Event Date drop-down menu, select a date range and click Generate report . You can use the date in the subject line of this email as a point of reference.
- To identify inventory reimbursements and reversals, see the Quantity reimbursed [inventory] column.
-",2026-10-08 01:29:26,RETR,xtbBpQttU2quFIt2EQAA3s
店铺绩效类,older,account_4,weihaizhongxin2024@126.com,"Fri, 18 Sep 2026 05:13:12 +0000","""Fulfillment by Amazon (Do not reply)"" <donotreply@amazon.com>",FBA reimbursement notification,,"96
FBA reimbursement notification
 You have a reimbursement activity
 Hello from Fulfilment by Amazon,
We have initiated a reimbursement, a reimbursement reversal, or both due to recent activity on your selling account. No action is required from you.
Reimbursements can be initiated for an issue that you notified us about or one that we identified at a fulfilment centre. A reimbursement reversal occurs when a reimbursement decision has been reviewed and changed. Reimbursement amounts are determined in accordance with the FBA inventory reimbursement policy ( https://sellercentral.amazon.co.uk/gp/help/external/200213130 ).
Please note that it may take up to five business days for reimbursement transactions to appear in your seller account.
You can find details on your reimbursement or reversal transaction in the Reimbursements report ( https://sellercentral.amazon.co.uk/reportcentral/REIMBURSEMENTS/0 ) in Seller Central:
- In the Event Date drop-down menu, select a date range and click Generate report . You can use the date in the subject line of this email as a point of reference.
- To identify inventory reimbursements and reversals, see the Quantity reimbursed [inventory] column.
-",2026-10-08 01:29:22,RETR,xtbBsg0T+GqsyG0eUgAA37
店铺绩效类,older,account_4,weihaizhongxin2024@126.com,"Thu, 17 Sep 2026 04:57:09 +0000","""Fulfillment by Amazon (Do not reply)"" <donotreply@amazon.com>",FBA reimbursement notification,,"96
FBA reimbursement notification
 You have a reimbursement activity
 Hello from Fulfilment by Amazon,
We have initiated a reimbursement, a reimbursement reversal, or both due to recent activity on your selling account. No action is required from you.
Reimbursements can be initiated for an issue that you notified us about or one that we identified at a fulfilment centre. A reimbursement reversal occurs when a reimbursement decision has been reviewed and changed. Reimbursement amounts are determined in accordance with the FBA inventory reimbursement policy ( https://sellercentral.amazon.co.uk/gp/help/external/200213130 ).
Please note that it may take up to five business days for reimbursement transactions to appear in your seller account.
You can find details on your reimbursement or reversal transaction in the Reimbursements report ( https://sellercentral.amazon.co.uk/reportcentral/REIMBURSEMENTS/0 ) in Seller Central:
- In the Event Date drop-down menu, select a date range and click Generate report . You can use the date in the subject line of this email as a point of reference.
- To identify inventory reimbursements and reversals, see the Quantity reimbursed [inventory] column.
-",2026-10-08 01:29:19,RETR,xtbBsgpsUmqrcypUNgAA38
店铺绩效类,older,account_4,weihaizhongxin2024@126.com,"Wed, 16 Sep 2026 07:03:28 +0000","""Fulfillment by Amazon (Do not reply)"" <donotreply@amazon.com>",FBA reimbursement notification,,"96
FBA reimbursement notification
 You have a reimbursement activity
 Hello from Fulfilment by Amazon,
We have initiated a reimbursement, a reimbursement reversal, or both due to recent activity on your selling account. No action is required from you.
Reimbursements can be initiated for an issue that you notified us about or one that we identified at a fulfilment centre. A reimbursement reversal occurs when a reimbursement decision has been reviewed and changed. Reimbursement amounts are determined in accordance with the FBA inventory reimbursement policy ( https://sellercentral.amazon.co.uk/gp/help/external/200213130 ).
Please note that it may take up to five business days for reimbursement transactions to appear in your seller account.
You can find details on your reimbursement or reversal transaction in the Reimbursements report ( https://sellercentral.amazon.co.uk/reportcentral/REIMBURSEMENTS/0 ) in Seller Central:
- In the Event Date drop-down menu, select a date range and click Generate report . You can use the date in the subject line of this email as a point of reference.
- To identify inventory reimbursements and reversals, see the Quantity reimbursed [inventory] column.
-",2026-10-08 01:29:17,RETR,xtbBpAUmDGqqP0UWvwAA3Y
店铺绩效类,older,account_4,weihaizhongxin2024@126.com,"Tue, 15 Sep 2026 09:36:39 +0000","""Fulfillment by Amazon (Do not reply)"" <donotreply@amazon.com>",FBA reimbursement notification,,"96
FBA reimbursement notification
 You have a reimbursement activity
 Hello from Fulfillment by Amazon,
We have initiated a reimbursement, a reimbursement reversal, or both due to recent activity on your selling account. No action is required from you.
Reimbursements can be initiated for an issue that you notified us about or one that we identified at a fulfillment center. A reimbursement reversal occurs when a reimbursement decision has been reviewed and changed. Reimbursement amounts are determined in accordance with the FBA inventory reimbursement policy ( https://sellercentral.amazon.com/gp/help/external/200213130 ).
Please note that it may take up to five business days for reimbursement transactions to appear in your seller account.
You can find details on your reimbursement or reversal transaction in the Reimbursements report ( https://sellercentral.amazon.com/reportcentral/REIMBURSEMENTS/0 ) in Seller Central:
- In the Event Date drop-down menu, select a date range and click Generate report . You can use the date in the subject line of this email as a point of reference.
- To identify inventory reimbursements and reversals, see the Quantity reimbursed [inventory] column.
- T",2026-10-08 01:29:12,RETR,xtbBpQtzWWqpEasJIAAA3U
店铺绩效类,older,account_4,weihaizhongxin2024@126.com,"Sun, 13 Sep 2026 04:42:34 +0000","""Fulfillment by Amazon (Do not reply)"" <donotreply@amazon.com>",FBA reimbursement notification,,"96
FBA reimbursement notification
 You have a reimbursement activity
 Hello from Fulfilment by Amazon,
We have initiated a reimbursement, a reimbursement reversal, or both due to recent activity on your selling account. No action is required from you.
Reimbursements can be initiated for an issue that you notified us about or one that we identified at a fulfilment centre. A reimbursement reversal occurs when a reimbursement decision has been reviewed and changed. Reimbursement amounts are determined in accordance with the FBA inventory reimbursement policy ( https://sellercentral.amazon.co.uk/gp/help/external/200213130 ).
Please note that it may take up to five business days for reimbursement transactions to appear in your seller account.
You can find details on your reimbursement or reversal transaction in the Reimbursements report ( https://sellercentral.amazon.co.uk/reportcentral/REIMBURSEMENTS/0 ) in Seller Central:
- In the Event Date drop-down menu, select a date range and click Generate report . You can use the date in the subject line of this email as a point of reference.
- To identify inventory reimbursements and reversals, see the Quantity reimbursed [inventory] column.
-",2026-10-08 01:29:07,RETR,xtbBsx29o2qmKb1L9QAA3W
店铺绩效类,older,account_4,weihaizhongxin2024@126.com,"Sat, 12 Sep 2026 04:52:40 +0000","""Fulfillment by Amazon (Do not reply)"" <donotreply@amazon.com>",FBA reimbursement notification,,"96
FBA reimbursement notification
 You have a reimbursement activity
 Hello from Fulfilment by Amazon,
We have initiated a reimbursement, a reimbursement reversal, or both due to recent activity on your selling account. No action is required from you.
Reimbursements can be initiated for an issue that you notified us about or one that we identified at a fulfilment centre. A reimbursement reversal occurs when a reimbursement decision has been reviewed and changed. Reimbursement amounts are determined in accordance with the FBA inventory reimbursement policy ( https://sellercentral.amazon.co.uk/gp/help/external/200213130 ).
Please note that it may take up to five business days for reimbursement transactions to appear in your seller account.
You can find details on your reimbursement or reversal transaction in the Reimbursements report ( https://sellercentral.amazon.co.uk/reportcentral/REIMBURSEMENTS/0 ) in Seller Central:
- In the Event Date drop-down menu, select a date range and click Generate report . You can use the date in the subject line of this email as a point of reference.
- To identify inventory reimbursements and reversals, see the Quantity reimbursed [inventory] column.
-",2026-10-08 01:29:05,RETR,xtbBsh2hh2qk2p1AhQAA3F
店铺绩效类,older,account_4,weihaizhongxin2024@126.com,"Fri, 11 Sep 2026 09:37:22 +0000","""Fulfillment by Amazon (Do not reply)"" <donotreply@amazon.com>",FBA reimbursement notification,,"96
FBA reimbursement notification
 You have a reimbursement activity
 Hello from Fulfillment by Amazon,
We have initiated a reimbursement, a reimbursement reversal, or both due to recent activity on your selling account. No action is required from you.
Reimbursements can be initiated for an issue that you notified us about or one that we identified at a fulfillment center. A reimbursement reversal occurs when a reimbursement decision has been reviewed and changed. Reimbursement amounts are determined in accordance with the FBA inventory reimbursement policy ( https://sellercentral.amazon.com/gp/help/external/200213130 ).
Please note that it may take up to five business days for reimbursement transactions to appear in your seller account.
You can find details on your reimbursement or reversal transaction in the Reimbursements report ( https://sellercentral.amazon.com/reportcentral/REIMBURSEMENTS/0 ) in Seller Central:
- In the Event Date drop-down menu, select a date range and click Generate report . You can use the date in the subject line of this email as a point of reference.
- To identify inventory reimbursements and reversals, see the Quantity reimbursed [inventory] column.
- T",2026-10-08 01:27:54,RETR,xtbBshSrkWqjy9S4xAAA32
店铺绩效类,older,account_4,weihaizhongxin2024@126.com,"Fri, 11 Sep 2026 05:39:06 +0000","""Fulfillment by Amazon (Do not reply)"" <donotreply@amazon.com>",FBA reimbursement notification,,"96
FBA reimbursement notification
 You have a reimbursement activity
 Hello from Fulfilment by Amazon,
We have initiated a reimbursement, a reimbursement reversal, or both due to recent activity on your selling account. No action is required from you.
Reimbursements can be initiated for an issue that you notified us about or one that we identified at a fulfilment centre. A reimbursement reversal occurs when a reimbursement decision has been reviewed and changed. Reimbursement amounts are determined in accordance with the FBA inventory reimbursement policy ( https://sellercentral.amazon.co.uk/gp/help/external/200213130 ).
Please note that it may take up to five business days for reimbursement transactions to appear in your seller account.
You can find details on your reimbursement or reversal transaction in the Reimbursements report ( https://sellercentral.amazon.co.uk/reportcentral/REIMBURSEMENTS/0 ) in Seller Central:
- In the Event Date drop-down menu, select a date range and click Generate report . You can use the date in the subject line of this email as a point of reference.
- To identify inventory reimbursements and reversals, see the Quantity reimbursed [inventory] column.
-",2026-10-08 01:27:44,RETR,xtbBpB+njWqjk-+AUAAA3k
店铺绩效类,older,account_4,weihaizhongxin2024@126.com,"Thu, 10 Sep 2026 09:08:38 +0000","""Fulfillment by Amazon (Do not reply)"" <donotreply@amazon.com>",FBA reimbursement notification,,"96
FBA reimbursement notification
 You have a reimbursement activity
 Hello from Fulfillment by Amazon,
We have initiated a reimbursement, a reimbursement reversal, or both due to recent activity on your selling account. No action is required from you.
Reimbursements can be initiated for an issue that you notified us about or one that we identified at a fulfillment center. A reimbursement reversal occurs when a reimbursement decision has been reviewed and changed. Reimbursement amounts are determined in accordance with the FBA inventory reimbursement policy ( https://sellercentral.amazon.com/gp/help/external/200213130 ).
Please note that it may take up to five business days for reimbursement transactions to appear in your seller account.
You can find details on your reimbursement or reversal transaction in the Reimbursements report ( https://sellercentral.amazon.com/reportcentral/REIMBURSEMENTS/0 ) in Seller Central:
- In the Event Date drop-down menu, select a date range and click Generate report . You can use the date in the subject line of this email as a point of reference.
- To identify inventory reimbursements and reversals, see the Quantity reimbursed [inventory] column.
- T",2026-10-08 01:27:20,RETR,xtbBsxlGLGqic5mf5QAA3Y
店铺绩效类,older,account_4,weihaizhongxin2024@126.com,"Thu, 10 Sep 2026 05:04:40 +0000","""Fulfillment by Amazon (Do not reply)"" <donotreply@amazon.com>",FBA reimbursement notification,,"96
FBA reimbursement notification
 You have a reimbursement activity
 Hello from Fulfilment by Amazon,
We have initiated a reimbursement, a reimbursement reversal, or both due to recent activity on your selling account. No action is required from you.
Reimbursements can be initiated for an issue that you notified us about or one that we identified at a fulfilment centre. A reimbursement reversal occurs when a reimbursement decision has been reviewed and changed. Reimbursement amounts are determined in accordance with the FBA inventory reimbursement policy ( https://sellercentral.amazon.co.uk/gp/help/external/200213130 ).
Please note that it may take up to five business days for reimbursement transactions to appear in your seller account.
You can find details on your reimbursement or reversal transaction in the Reimbursements report ( https://sellercentral.amazon.co.uk/reportcentral/REIMBURSEMENTS/0 ) in Seller Central:
- In the Event Date drop-down menu, select a date range and click Generate report . You can use the date in the subject line of this email as a point of reference.
- To identify inventory reimbursements and reversals, see the Quantity reimbursed [inventory] column.
-",2026-10-08 01:27:20,RETR,xtbBsgrr0WqiOmpgtAAA3O
店铺绩效类,older,account_4,weihaizhongxin2024@126.com,"Wed, 9 Sep 2026 11:29:22 +0000","""Amazon.com"" <fba-noreply@amazon.com>",Your FBA request is complete (YHD3zckrc9),,"Greetings from Amazon.com
We thought you'd like to know that we have completed your destroy request.
You can track the status of this request by visiting your Seller Account at:
https://sellercentral-europe.amazon.com/
For a complete list of inventory being destroyed, go to:
https://sellercentral-europe.amazon.com/gp/orders/fba-order-details.html?orderID=S02-3468543-8575644
Please note: this email was sent from a notification-only address that
cannot accept incoming e-mail. Please do not reply to this message.
Thank you for using Fulfillment by Amazon.
------------------------------------------------------------------------------
Fulfilment by Amazon – let Amazon pick, pack and ship your orders domestically
and EU wide.
------------------------------------------------------------------------------
Was this e-mail helpful? https://sellercentral.amazon.co.uk/gp/satisfaction/survey-form.html?ie=UTF8&HMDName=NotificationBusEmailHMD&customAttribute1Value=PRODUCT_REMOVAL_ORDER_SHIPPED_NOW
SPC-EUAmazon-175923552124772",2026-10-08 01:27:12,RETR,xtbBpRvpz2qhQ1uo3wAA38
店铺绩效类,older,account_4,weihaizhongxin2024@126.com,"Tue, 8 Sep 2026 09:22:19 +0000","""Fulfillment by Amazon (Do not reply)"" <donotreply@amazon.com>",FBA reimbursement notification,,"96
FBA reimbursement notification
 You have a reimbursement activity
 Hello from Fulfillment by Amazon,
We have initiated a reimbursement, a reimbursement reversal, or both due to recent activity on your selling account. No action is required from you.
Reimbursements can be initiated for an issue that you notified us about or one that we identified at a fulfillment center. A reimbursement reversal occurs when a reimbursement decision has been reviewed and changed. Reimbursement amounts are determined in accordance with the FBA inventory reimbursement policy ( https://sellercentral.amazon.com/gp/help/external/200213130 ).
Please note that it may take up to five business days for reimbursement transactions to appear in your seller account.
You can find details on your reimbursement or reversal transaction in the Reimbursements report ( https://sellercentral.amazon.com/reportcentral/REIMBURSEMENTS/0 ) in Seller Central:
- In the Event Date drop-down menu, select a date range and click Generate report . You can use the date in the subject line of this email as a point of reference.
- To identify inventory reimbursements and reversals, see the Quantity reimbursed [inventory] column.
- T",2026-10-08 01:27:08,RETR,xtbBsg2qkGqf083VnAAA3n
店铺绩效类,older,account_4,weihaizhongxin2024@126.com,"Tue, 8 Sep 2026 04:57:55 +0000","""Fulfillment by Amazon (Do not reply)"" <donotreply@amazon.com>",FBA reimbursement notification,,"96
FBA reimbursement notification
 You have a reimbursement activity
 Hello from Fulfilment by Amazon,
We have initiated a reimbursement, a reimbursement reversal, or both due to recent activity on your selling account. No action is required from you.
Reimbursements can be initiated for an issue that you notified us about or one that we identified at a fulfilment centre. A reimbursement reversal occurs when a reimbursement decision has been reviewed and changed. Reimbursement amounts are determined in accordance with the FBA inventory reimbursement policy ( https://sellercentral.amazon.co.uk/gp/help/external/200213130 ).
Please note that it may take up to five business days for reimbursement transactions to appear in your seller account.
You can find details on your reimbursement or reversal transaction in the Reimbursements report ( https://sellercentral.amazon.co.uk/reportcentral/REIMBURSEMENTS/0 ) in Seller Central:
- In the Event Date drop-down menu, select a date range and click Generate report . You can use the date in the subject line of this email as a point of reference.
- To identify inventory reimbursements and reversals, see the Quantity reimbursed [inventory] column.
-",2026-10-08 01:27:07,RETR,xtbBshgeBGqfldhrYwAA3A
KYC审核类,older,account_4,weihaizhongxin2024@126.com,"Sun, 20 Sep 2026 05:13:35 +0000","""Amazon.it"" <store-news@amazon.it>",Il tuo carrello chiama,,"https://www.amazon.it/gp/cart/view.html?ref_=cor
Pista ferroviaria elettrica a cubi da 145 pezzi, set trenino 3D antigravità, gioco fai da te per costruire percorsi, giocattolo educativo STEM e idea regalo creativa per bambini da 3 a 8 anni
 52,95 €
https://www.amazon.it/gp/product/B0H11DGDRL/?ref_=
Visualizza il carrello
https://www.amazon.it/gp/cart/view.html?ref_=cor
Scopri altre opzioni
Set di Pittura su Ceramica, Bianco Tazze Kit Ceramica Fai Da Te,Ceramica Pittura Set, Tazze Pittura Set Contiene Tazze, Pennello, Colori E Istruzioni Per Dipingere, Pentole Per Casa, tazza di caffè
 -13% 22,12 € Prezzo mediano: 25,40 €
https://www.amazon.it/gp/product/B0GHCSY2WQ/?ref_=ci_mcx_mr_2p_0_lm
Roaxkois Set di pittura in ceramica – Set creativo in ceramica con colori, pennelli e istruzioni, set perfetto per regali personalizzati e tempo libero (Liscio)
 28,95 €
https://www.amazon.it/gp/product/B0G6ZCHV7Z/?ref_=ci_mcx_mr_2p_1_lm
Roaxkois Set di pittura in ceramica | Set di tazze da pittura include tazze, pennelli, colori e istruzioni per dipingere, set di ceramiche per la casa, set fai da te per adulti (Ondulato)
 24,95 €
https://www.amazon.it/gp/product/B0GKPTF1T7/?ref_=ci_mcx_mr_2p_2_lm",2026-10-08 01:29:27,RETR,xtbBsgaCaGqva4ZhPwAA3o
付款/资金类,older,account_4,weihaizhongxin2024@126.com,"Sun, 20 Sep 2026 14:07:50 +0000",Amazon Services <donotreply@amazon.com>,Your payment is on the way,,"96
This title will display on mobile devices
 Congratulations! Your payment is on the way and will arrive soon.
 Disbursement attempted
Congratulations Weihai CA! Your payment is on the way and will arrive within 3 to 5 days.
On 09/20/26 14:07 EDT, we initiated a transfer to your payment method (bank account ending in 151) in the amount of CAD
 212.04.
 If the amount is less than expected, here are a few questions to consider:
 Do you have an unavailable balance? Amazon might be reserving money to cover potential returns, claims or chargebacks from buyers. If this is the case, the closing balance in your Payment Report will display the unavailable balance that is reserved.
 Did your sales cover all fees and returns for this statement period? The payment amount reflects sales activities, selling fees and fees for promotions or services. We recommend reviewing your Payment Report under the Reports tab in Seller Central to understand your closing balance.
To learn more about Payment Reports in Seller Central, please visit our official course.
We wish you continued success!
Thank you for selling in the Amazon Store,
Amazon Services
Help us improve your payment experience on Amazon by t",2026-10-08 01:29:28,RETR,xtbBshru1Gqv6LpC-gAA35
付款/资金类,older,account_4,weihaizhongxin2024@126.com,"Thu, 17 Sep 2026 12:34:14 +0000",Sell with Amazon <no-reply@sell.amazon.com>,Registration closes this Friday—save $200 with your exclusive code,,"[Amazon logo](https://go.amazonsellerservices.com/e/229492/2026-09-15/7z5szk3/6892578632/h/_CYRbTDGVtA_TsyRgyvyoHjCej_EjJw20h52f6bfhUo)
[Partner Connect at Accelerate 2026](https://go.amazonsellerservices.com/e/229492/-medium-email-utm-source-email/7z5szk6/6892578632/h/_CYRbTDGVtA_TsyRgyvyoHjCej_EjJw20h52f6bfhUo)
Final days to register
This September 22 to 24 in Seattle, Accelerate brings you sessions, networking, and 1:1 expert access designed to meet you where you are. Registration closes this Friday, September 18—just 2 days away. Don't miss your chance to be in the room.
Use code FLASH200 at checkout to save $200 and register for just $399. This offer won't last and spots are limited, so don't wait.
[Register now](https://go.amazonsellerservices.com/e/229492/-medium-email-utm-source-email/7z5szk6/6892578632/h/_CYRbTDGVtA_TsyRgyvyoHjCej_EjJw20h52f6bfhUo)
Register now for access to:
- New leadership on the mainstage
Amit Agarwal, SVP of Worldwide Selling Partner Services & International Emerging Markets, makes his Accelerate debut alongside Mary Beth Westmoreland, VP of Worldwide Selling Partner Experience, for a day one fireside chat. They'll cover how AI is already working on s",2026-10-08 01:29:21,RETR,xtbBpQlPNWqr3kkZBwAA3e
付款/资金类,older,account_4,weihaizhongxin2024@126.com,"Wed, 16 Sep 2026 12:07:50 +0000",Sell with Amazon <no-reply@sell.amazon.com>,Strategies built for sellers at your stage—plus $200 off,,"[Amazon logo](https://go.amazonsellerservices.com/e/229492/2026-09-10/7z5qrvp/6889941143/h/MQuKVqSCTubvlftYjmZsRYwIhpcMmpopXweaNOtgp5c)
[Secure your spot](https://go.amazonsellerservices.com/e/229492/-medium-email-utm-source-email/7z5qrvs/6889941143/h/MQuKVqSCTubvlftYjmZsRYwIhpcMmpopXweaNOtgp5c)
Grow at any size
This is the final week to register for Amazon Accelerate 2026! From September 22 to 24 in Seattle, get access to sessions, networking, and 1:1 expert access designed to meet you where you are.
For a limited time, use code FLASH200 at checkout to save $200 and register for just $399. This offer won't last, so don't wait.
[Register now](https://go.amazonsellerservices.com/e/229492/-medium-email-utm-source-email/7z5qrvs/6889941143/h/MQuKVqSCTubvlftYjmZsRYwIhpcMmpopXweaNOtgp5c)
There's still time to register and experience:
- New leadership on the mainstage
Amit Agarwal, SVP of Worldwide Selling Partner Services & International Emerging Markets, makes his Accelerate debut alongside Mary Beth Westmoreland, VP of Worldwide Selling Partner Experience, for a day one fireside chat. They'll cover how AI is already working on sellers' behalf, why the cost of selling is coming down, an",2026-10-08 01:29:18,RETR,xtbBshoN8mqqhppr-QAA3d
付款/资金类,older,account_4,weihaizhongxin2024@126.com,"Tue, 15 Sep 2026 15:16:31 +0000",Amazon Services <donotreply@amazon.com>,Your payment is on the way,,"96
This title will display on mobile devices
 Congratulations! Your payment is on the way and will arrive soon.
 Disbursement attempted
Congratulations Weihai CA! Your payment is on the way and will arrive within three to five days.
On 09/15/26 15:11 EDT, we initiated a transfer to your payment method (bank account ending in 151) in the amount of CAD
 430.18.
 If the amount is less than expected, here are a few questions to consider:
 Do you have an unavailable balance? Amazon might be reserving money to cover potential returns, claims or chargebacks from buyers. If this is the case, the closing balance in your Payment Report will display the unavailable balance that is reserved.
 Did your sales cover all fees and returns for this statement period? The payment amount reflects sales activities, selling fees and fees for promotions or services. We recommend reviewing your Payment Report under the Reports tab in Seller Central to understand your closing balance.
To learn more about Payment Reports in Seller Central, please visit our official course.
We wish you continued success!
Thank you for selling in the Amazon Store,
Amazon Services
Help us improve your payment experience on Amaz",2026-10-08 01:29:14,RETR,xtbBpRNxV2qpYVMkDAAA3J
付款/资金类,older,account_4,weihaizhongxin2024@126.com,"Tue, 15 Sep 2026 14:49:51 +0000",Amazon Services <donotreply@amazon.com>,Tu pago está en camino,,"96
This title will display on mobile devices
 ¡Enhorabuena! El pago está de camino y llegará pronto.
 El pago está en camino
Enhorabuena, Weihai EU. Tu pago está en camino y te llegará en un plazo de tres a cinco días.
El 09/15/26 14:49 WEST, iniciamos una transferencia a tu método de pago (cuenta bancaria terminado en 229) por un importe de €
 232,19.
 Si el importe es inferior a lo esperado, ten en cuenta las siguientes preguntas:
 ¿Tienes saldo no disponible en tu cuenta de vendedor? Puede que hayamos reservado algo de dinero para posibles devoluciones, reclamaciones o reversiones de cargo de clientes. En este caso, el saldo de cierre de tu informe de pagos te mostrará el saldo no disponible en reserva.
 ¿Cubren tus ventas las tarifas de Amazon y las devoluciones del periodo de liquidación? El importe del pago refleja las ventas que has hecho y las tarifas de venta aplicadas tanto a dichas ventas como a cualquier promoción o servicio que hayas utilizado. Te recomendamos que revises tu informe de pagos en ""Informes"" de Seller Central para conocer el saldo de cierre.
Para más información sobre los informes de pagos en Seller Central, visita nuestro curso oficial.
Te deseamos un éx",2026-10-08 01:29:14,RETR,xtbBsxTgxmqpWxSa+AAA3v
付款/资金类,older,account_4,weihaizhongxin2024@126.com,"Tue, 15 Sep 2026 13:38:38 +0000",Amazon Services <donotreply@amazon.com>,Your payment is on the way,,"96
This title will display on mobile devices
 Congratulations! Your payment is on the way and will arrive soon.
 Disbursement Attempted
Congratulations Weihai EU! Your payment is on the way and will arrive within three to five days.
On 09/15/26 13:38 CEST, we initiated a transfer to your payment method (bank account ending in 229) in the amount of €
 136.84.
 If the amount is less than expected, here are a few questions to consider:
 Do you have an unavailable balance? Amazon might be reserving money to cover potential returns, claims, or chargebacks from buyers. If this is the case, the closing balance in your Payment Report will display the unavailable balance that is reserved.
 Did your sales cover all fees and returns for this statement period? The payment amount reflects sales activities, selling fees, and fees for promotions or services. We recommend reviewing your Payment Report under the Reports tab in Seller Central to understand your closing balance.
To learn more about Payment Reports in Seller Central, please visit our official course.
We wish you continued success!
Thank you for selling in the Amazon store,
Amazon Services
Help us improve your payment experience on Ama",2026-10-08 01:29:13,RETR,xtbBpA7CqGqpSq6UrQAA3e
付款/资金类,older,account_4,weihaizhongxin2024@126.com,"Mon, 14 Sep 2026 13:11:23 +0000",Amazon Accelerate <no-reply@sell.amazon.com>,The Accelerate 2026 agenda got even better. See what's new.,,"[Amazon logo](https://go.amazonsellerservices.com/e/229492/2026-09-04/7z5l4gm/6885907415/h/1g4K0sP-fwBdUvnQHTI9XLWTzXNhSmHYs6__l_Evdwk)
[Early-bird ending soon](https://go.amazonsellerservices.com/e/229492/-medium-email-utm-source-email/7z5l4gq/6885907415/h/1g4K0sP-fwBdUvnQHTI9XLWTzXNhSmHYs6__l_Evdwk)
New content. Same packed lineup. More reasons to be there.
The Amazon Accelerate 2026 agenda keeps getting better. We've added new sessions and experiences we think you’ll love.
[Register now](https://go.amazonsellerservices.com/e/229492/-medium-email-utm-source-email/7z5l4gq/6885907415/h/1g4K0sP-fwBdUvnQHTI9XLWTzXNhSmHYs6__l_Evdwk)
Here's what's new on the agenda:
- AI tools you can use today
New sessions on how to use AI-powered tools for listing creation, A+ Content optimization, and inventory planning—with step-by-step guidance you can apply immediately.
- Brand building programs
Learn how to use Brand Registry, A+ Content, and Brand Tailored Promotions to protect and grow your brand.
- Account health essentials
New workshops on proactively managing your account health, understanding policies, and staying in good standing—so you can focus on growing instead of troubleshooting.
- W",2026-10-08 01:29:09,RETR,xtbBsh5gRmqn8n7k1QAA36
付款/资金类,older,account_4,weihaizhongxin2024@126.com,"Sat, 12 Sep 2026 00:41:46 +0000",Amazon Services <donotreply@amazon.com>,Your payment is on the way,,"96
This title will display on mobile devices
 Congratulations! Your payment is on the way and will arrive soon.
 Disbursement Attempted
Congratulations Weihai EU! Your payment is on the way and will arrive within three to five days.
On 09/12/26 00:41 BST, we initiated a transfer to your payment method (bank account ending in 191) in the amount of £
 254.73.
 If the amount is less than expected, here are a few questions to consider:
 Do you have an unavailable balance? Amazon might be reserving money to cover potential returns, claims or chargebacks from buyers. If this is the case, the closing balance in your Payment Report will display the unavailable balance that is reserved.
 Did your sales cover all fees and returns for this statement period? The payment amount reflects sales activities, selling fees and fees for promotions or services. We recommend reviewing your Payment Report under the Reports tab in Seller Central to understand your closing balance.
To find out more about Payment Reports in Seller Central, please visit our official course.
We wish you continued success!
Thank you for selling in the Amazon store,
Amazon Services
Help us improve your payment experience on Ama",2026-10-08 01:29:04,RETR,xtbBpA-exGqkn8+X1wAA3v
付款/资金类,older,account_4,weihaizhongxin2024@126.com,"Fri, 11 Sep 2026 14:52:08 +0000",Amazon Accelerate <no-reply@sell.amazon.com>,"Discover sessions built for growing businesses, and save $200",,"[Amazon logo](https://go.amazonsellerservices.com/e/229492/2026-09-10/7z5qrws/6883537229/h/8hGIqk3myHUPoHwg1cA2VFOh0rQM9Qk9zX-mp3ce36Q)
[Partner Connect at Accelerate 2026](https://go.amazonsellerservices.com/e/229492/-medium-email-utm-source-email/7z5qrww/6883537229/h/8hGIqk3myHUPoHwg1cA2VFOh0rQM9Qk9zX-mp3ce36Q)
Your next level starts here
Amazon Accelerate is meant for sellers at every level and all stages of growth, from your first sale to your ten-thousandth. Last year, 4 out of 5 attendees left feeling more confident in growing their business.
This September 22–24 in Seattle, Accelerate brings you sessions, networking, and 1:1 expert access designed to meet you where you are.
For a limited time, use code FLASH200 at checkout to save $200 and register for just $399. This offer won't last, so don't wait.
[Register now](https://go.amazonsellerservices.com/e/229492/-medium-email-utm-source-email/7z5qrww/6883537229/h/8hGIqk3myHUPoHwg1cA2VFOh0rQM9Qk9zX-mp3ce36Q)
""We brought up our questions and challenges when signing up at the Seller Café, the SME has tremendous knowledge in her field and she did a deep dive into our Amazon account prior to the meeting and was totally prepared to a",2026-10-08 01:29:03,RETR,xtbBsxsvFWqkFZtfYAAA3t
付款/资金类,older,account_4,weihaizhongxin2024@126.com,"Thu, 10 Sep 2026 12:33:05 +0000",Amazon Services <donotreply@amazon.com>,Your payment is on the way,,"96
This title will display on mobile devices
 Congratulations! Your payment is on the way and will arrive soon.
 Disbursement attempted
Congratulations Weihai CA! Your payment is on the way and will arrive within three to five days.
On 09/10/26 12:27 EDT, we initiated a transfer to your payment method (bank account ending in 151) in the amount of CAD
 387.93.
 If the amount is less than expected, here are a few questions to consider:
 Do you have an unavailable balance? Amazon might be reserving money to cover potential returns, claims or chargebacks from buyers. If this is the case, the closing balance in your Payment Report will display the unavailable balance that is reserved.
 Did your sales cover all fees and returns for this statement period? The payment amount reflects sales activities, selling fees and fees for promotions or services. We recommend reviewing your Payment Report under the Reports tab in Seller Central to understand your closing balance.
To learn more about Payment Reports in Seller Central, please visit our official course.
We wish you continued success!
Thank you for selling in the Amazon Store,
Amazon Services
Help us improve your payment experience on Amaz",2026-10-08 01:27:21,RETR,xtbBpQpeRGqio8p2AQAA3j
付款/资金类,older,account_4,weihaizhongxin2024@126.com,"Thu, 10 Sep 2026 12:27:50 +0000",Amazon Services <donotreply@amazon.com>,Tu pago está en camino,,"96
This title will display on mobile devices
 ¡Enhorabuena! El pago está de camino y llegará pronto.
 El pago está en camino
Enhorabuena, Weihai EU. Tu pago está en camino y te llegará en un plazo de tres a cinco días.
El 09/10/26 12:27 WEST, iniciamos una transferencia a tu método de pago (cuenta bancaria terminado en 229) por un importe de €
 201,69.
 Si el importe es inferior a lo esperado, ten en cuenta las siguientes preguntas:
 ¿Tienes saldo no disponible en tu cuenta de vendedor? Puede que hayamos reservado algo de dinero para posibles devoluciones, reclamaciones o reversiones de cargo de clientes. En este caso, el saldo de cierre de tu informe de pagos te mostrará el saldo no disponible en reserva.
 ¿Cubren tus ventas las tarifas de Amazon y las devoluciones del periodo de liquidación? El importe del pago refleja las ventas que has hecho y las tarifas de venta aplicadas tanto a dichas ventas como a cualquier promoción o servicio que hayas utilizado. Te recomendamos que revises tu informe de pagos en ""Informes"" de Seller Central para conocer el saldo de cierre.
Para más información sobre los informes de pagos en Seller Central, visita nuestro curso oficial.
Te deseamos un éx",2026-10-08 01:27:20,RETR,xtbBpAv942qioktfdwAA34
付款/资金类,older,account_4,weihaizhongxin2024@126.com,"Wed, 9 Sep 2026 14:22:12 +0000",Amazon Payments Europe <donotreply@amazon.com>,Rettifica del saldo negativo nei tuoi account,,"96
This title will display on mobile devices
 Abbiamo rettificato il tuo saldo negativo di 149.05 € dovuto dal tuo account venditore Amazon.it in data settembre 9, 2026, utilizzando i fondi disponibili nel tuo account Amazon.fr. Puoi visualizzare il saldo del tuo account in qualsiasi momento accedendo al tuo account e quindi alla dashboard dei pagamenti .
Per maggiori informazioni, vai a Rettifica del saldo negativo nei tuoi account .
Distinti saluti,
Amazon Payments Europe
 Segnala un problema con questa e-mail
 Per qualsiasi domanda consulta: Seller Central
 Per modificare le preferenze sulle e-mail consulta: Preferenze sulle notifiche
 Copyright 2026 Amazon, Inc. o società affiliate. Tutti i diritti riservati.
 Amazon Payments Europe
 38 avenue John F. Kennedy,
 L-1855 Lussemburgo,
 Numero di registrazione in Lussemburgo: B-101818,
 Capitale Sociale 165.833 EUR,
 Numero di licenza di attività commerciale: 134248,
 Partita IVA n. LU 20260743.
 Questa e-mail è stata inviata da un indirizzo e-mail non monitorato.
 SPC-EUAmazon-738873504346435",2026-10-08 01:27:14,RETR,xtbBsxkE6Wqha5lBVgAA3p
付款/资金类,older,account_4,weihaizhongxin2024@126.com,"Wed, 9 Sep 2026 13:24:25 +0000",Sell with Amazon <no-reply@sell.amazon.com>,"New sessions on AI, brand building, and account health",,"[Amazon logo](https://go.amazonsellerservices.com/e/229492/2026-09-04/7z5l4fj/6879091625/h/N9M90HPlPpU67n4uE_mKTweCIMAyiYf9R4WAB4ShsLU)
[Early-bird ending soon](https://go.amazonsellerservices.com/e/229492/-medium-email-utm-source-email/7z5l4fm/6879091625/h/N9M90HPlPpU67n4uE_mKTweCIMAyiYf9R4WAB4ShsLU)
New sessions. Built for where you are right now.
The Amazon Accelerate 2026 agenda keeps getting better. We've added new sessions and experiences we think you’ll love.
[Register now](https://go.amazonsellerservices.com/e/229492/-medium-email-utm-source-email/7z5l4fm/6879091625/h/N9M90HPlPpU67n4uE_mKTweCIMAyiYf9R4WAB4ShsLU)
“Being in the room where it happened. Nothing replaces the energy of a live room full of real people... was an awesome experience. I learned new ways to connect with our consumers while growing profitably on Amazon. There's no other retailer that listens better to small business sellers, owners and brands than Amazon.”
2025 attendee
Here's what's new on the agenda:
- AI tools you can use today
New sessions on how to use AI-powered tools for listing creation, A+ Content optimization, and inventory planning—with step-by-step guidance you can apply immediately.
- Brand",2026-10-08 01:27:13,RETR,xtbBsg6tk2qhXk5ungAA3p
付款/资金类,older,account_4,weihaizhongxin2024@126.com,"Tue, 8 Sep 2026 12:29:09 +0000",Amazon Accelerate <no-reply@sell.amazon.com>,Grow your Amazon business this September—$200 off registration,,"[Amazon logo](https://go.amazonsellerservices.com/e/229492/2026-09-03/7z5kmdj/6877034516/h/rztcP4y8gTis_yypujjYm1jG3dK9ZVpI_qeU8WzLMjQ)
[Early-bird ending soon](https://go.amazonsellerservices.com/e/229492/-medium-email-utm-source-email/7z5kmdm/6877034516/h/rztcP4y8gTis_yypujjYm1jG3dK9ZVpI_qeU8WzLMjQ)
Your next growth move starts here
Secure your spot at Accelerate 2026 (September 22–24) in Seattle. Just over two weeks to go!
Register with this limited-time offer: $399 with code FLASH200 at checkout.
Supplies are limited, so don't wait—offer ends September 15.
[Register now](https://go.amazonsellerservices.com/e/229492/-medium-email-utm-source-email/7z5kmdm/6877034516/h/rztcP4y8gTis_yypujjYm1jG3dK9ZVpI_qeU8WzLMjQ)
Here's what's waiting for you:
- 1:1 expert access at Seller Café: Bring your biggest challenge and leave with a game plan. Book a focused 30-minute appointment with an Amazon subject matter expert who understands the details of your business. Last year, 9 in 10 sellers left their appointment satisfied, and this is one of the highest-rated features of the event.
- Sessions built for where you are: 150+ sessions across 11 topics, filtered by experience level so you're alwa",2026-10-08 01:27:10,RETR,xtbBsxiojmqf-5juKQAA3Y
产品链接/合规类,older,account_4,weihaizhongxin2024@126.com,"Fri, 18 Sep 2026 15:44:09 +0000",cscompliance-docreview-seller@amazon.de,Problem gelöst (Anfrage Nr.: 13280404852),,"96
Problem gelöst (Anfrage Nr.: 13280404852)
 To help us continually improve, we ask that you take a moment to complete our survey below. This would help us understand your overall compliance experience.
Were you satisfied with the support provided?
If yes, please click here:
 http://www.amazon.de/gp/help/survey?p=A2JQW6BD7KIY4S&k=hy
If no, please click here:
 http://www.amazon.de/gp/help/survey?p=A2JQW6BD7KIY4S&k=hn
 Copyright 2026 Amazon Inc. oder Tochtergesellschaften. Alle Rechte vorbehalten.
 Amazon EU S.à r.l.
38 avenue John F. Kennedy,
L-1855 Luxemburg,
Handelsregisternummer Luxemburg: B-101818,
 Gesellschaftskapital: 165.833 EUR,
Gewerbelizenznummer: 134248,
USt.-Identifikationsnummer Luxemburg: LU 20260743.
 SPC-EUAmazon-1512929692398933",2026-10-08 01:29:24,RETR,xtbBpA8wFmqtXE+GpAAA37
产品链接/合规类,older,account_4,weihaizhongxin2024@126.com,"Fri, 18 Sep 2026 15:42:38 +0000","""cscompliance-docreview-seller@amazon.de"" <cscompliance-docreview-seller@amazon.de>","RE:[CASE 13280404852] SELLER: A1UYGOR4ZW45MU, ASIN: B0GYPZ58JY,
 MARKETPLACE: A1PA6795UKMFR9 - SPO - Seller Partner Outreach - Document
 Review",,"96
RE:[CASE 13280404852] SELLER: A1UYGOR4ZW45MU, ASIN: B0GYPZ58JY, MARKETPLACE: A1PA6795UKMFR9 - SPO - Seller Partner Outreach - Document Review
Do not reply back to this e-mail!
Hello,
Thank you for submitting a document to the Chemical Safety Compliance Team.
Your product is a kit/set/pack. A Safety Data Sheet is required for each possible hazardous product from the kit/set/pack, as indicated below:
color acrylic paint
Air dry clay
● We already received a compliant documentation for ""color acrylic paint""
● There are missing document( s ). We are also awaiting valid documentation/ SDS/( s ) for ""Air dry clay"".
Until we receive the entire valid documentation, for all the possible hazardous products from the kit/set/pack, the hazard warnings for your products may not appear on the ASIN's product detail page and your products may be rejected by some fulfillment centers.
For guidance on Safety Data Sheet requirements, please refer to https://sellercentral.amazon.com/help/hub/reference/G5G6BBSA6FZQP9CP
Once you have corrected the problems listed above, please re-upload a valid document in Account Health Dashboard under ""Regulatory Compliance"" section. For any questions/appeals regardin",2026-10-08 01:29:24,RETR,xtbBsxQaAGqtW-RJwwAA3f
产品链接/合规类,older,account_4,weihaizhongxin2024@126.com,"Fri, 18 Sep 2026 08:56:32 +0000","""cscompliance-docreview-seller@amazon.de"" <cscompliance-docreview-seller@amazon.de>","SELLER: A1UYGOR4ZW45MU, ASIN: B0GYPZ58JY, MARKETPLACE:
 A1PA6795UKMFR9 - SPO - Seller Partner Outreach - Document Review",,"96
SELLER: A1UYGOR4ZW45MU, ASIN: B0GYPZ58JY, MARKETPLACE: A1PA6795UKMFR9 - SPO - Seller Partner Outreach - Document Review
 Do not reply back to this e-mail!
Hello,
Thank you for submitting a document to the Chemical Safety Compliance Team.
The ASIN has been marked as compliant in our systems and will be reclassified in the shortest time possible.
No further action is required on your part in this matter.
We appreciate your prompt cooperation.
Thank you,
aadhiii
Amazon
 Copyright 2026 Amazon Inc. oder Tochtergesellschaften. Alle Rechte vorbehalten.
 Amazon EU S.à r.l.
38 avenue John F. Kennedy,
L-1855 Luxemburg,
Handelsregisternummer Luxemburg: B-101818,
 Gesellschaftskapital: 165.833 EUR,
Gewerbelizenznummer: 134248,
USt.-Identifikationsnummer Luxemburg: LU 20260743.
 SPC-EUAmazon-844426623225284",2026-10-08 01:29:23,RETR,xtbBpAM1G2qs-MP3MgAA31
产品链接/合规类,older,account_4,weihaizhongxin2024@126.com,"Wed, 16 Sep 2026 07:08:09 +0000","""ppwr-cn-seller-compliance@amazon.com"" <ppwr-cn-seller-compliance@amazon.com>",RE:[CASE 12309992722] 需要采取行动：请向亚马逊提交您的EPR包装法注册号,,"96
RE:[CASE 12309992722] 需要采取行动：请向亚马逊提交您的EPR包装法注册号
尊敬的销售伙伴： 您好！
PPWR法规已于8月12日生效，但现有数据提示您可能尚未完成合规。
请您尽快优先上传以下站点的包装法注册号 (ERN)，以避免商品被下架：【西班牙、爱尔兰、波兰】
如果您的号码在注册中，且此前从未回复告知过您的号码注册进度，请您务必回复反馈最新的注册情况以及预计合规时间以便为您记录。
有关更多信息，请参阅 EPR 要求:新的欧盟包装废弃物法规帮助页面：
 https://sellercentral-europe.amazon.com/help/hub/reference/external/G22AA5MS5P7TLNYM?mons_sel_locale=zh_CN
或
卖家合规操作手册： https://m.media-amazon.com/images/G/01/CN_Compliance_Team/PPWR_Compliance_Guidebook.pdf
To contact us again about this issue, please use the Contact Us form in Seller Central using the following link:
 https://sellercentral-europe.amazon.com/cu/case-dashboard/view-case?caseID=12309992722
Please note: this e-mail was sent from a notification-only address that cannot accept incoming e-mail. Please do not reply to this message.
 Copyright 2026 Amazon, Inc, or its affiliates. All rights reserved.
 Amazon EU S.à r.l.
38 avenue John F. Kennedy
L-1855 Luxembourg
Registered in Luxembourg No. B-101818
Share Capital 165.833 EUR
Business License Number: 134248
Luxembourg VAT Reg. No. LU 20260743.
 SPC-EUAmazon-193515739880118",2026-10-08 01:29:17,RETR,xtbBsh9sUmqqQF8ligAA3j
产品链接/合规类,older,account_4,weihaizhongxin2024@126.com,"Tue, 15 Sep 2026 20:32:42 +0000",The Amazon Services team <donotreply@amazon.com>,"Submit proof of insurance by January 18 to avoid listing
 deactivation",,"96
 Review your impacted products and categories and submit proof of insurance before January 18, 2027 to avoid listing deactivation.
 Hello,
Submit proof of commercial liability insurance by January 18, 2027, to continue selling categories with enhanced safety listing requirements on Amazon.com.
 To view your impacted products and categories, visit: Link to ASIN . Review the requirements and next steps below.
 Why is proof of insurance required?
 We are requiring proof of insurance because your listings in categories with enhanced safety require commercial liability insurance with a minimum coverage of $1 million per occurrence and in aggregate. Effective January 18, 2027, sellers with listings in these categories must maintain this coverage regardless of their gross proceeds. This requirement also applies to sellers who exceed USD $10,000 in gross proceeds in any month on Amazon.com, regardless of category.
 To learn more, go to Commercial Liability Insurance Requirements .
 How do I avoid listing deactivation?
 Complete the following steps by January 18, 2027:
- Get insurance: Obtain a commercial general, excess, or umbrella liability insurance policy with minimum coverage of $1",2026-10-08 01:29:15,RETR,xtbBsg4L8Gqpq26iGQAA36
产品链接/合规类,older,account_4,weihaizhongxin2024@126.com,"Mon, 14 Sep 2026 05:40:35 +0000","""cscompliance-docreview-seller@amazon.de"" <cscompliance-docreview-seller@amazon.de>","SELLER: A1UYGOR4ZW45MU, ASIN: B0GYPZ58JY, MARKETPLACE:
 A1PA6795UKMFR9 - SPO - Seller Partner Outreach - Document Review",,"96
SELLER: A1UYGOR4ZW45MU, ASIN: B0GYPZ58JY, MARKETPLACE: A1PA6795UKMFR9 - SPO - Seller Partner Outreach - Document Review
 Do not reply back to this e-mail!
Hello,
Thank you for submitting a document to the Chemical Safety Compliance Team.
Your product is a kit/set/pack. A Safety Data Sheet is required for each possible hazardous product from the kit/set/pack, as indicated below:
color acrylic paint;
Ceramic clay
● We already received a compliant documentation for ""color acrylic paint""
● The document uploaded for ""Ceramic clay"" is incomplete, inaccurate or otherwise conflicting, and cannot be used for classification. Specifically:
→ The SDS does not match the ( branding/manufacturer/logo of the product ):
The manufacturer/brand/logo of the product on the SDS is ""Eternity Commerce LTD"" while the listing manufacturer/brand/logo of the product is ""Roaxkois"".
Until we receive the entire valid documentation, for all the possible hazardous products from the kit/set/pack, the hazard warnings for your products may not appear on the ASIN's product detail page and your products may be rejected by some fulfillment centers.
For guidance on Safety Data Sheet requirements, please refer to https",2026-10-08 01:29:09,RETR,xtbBshjcwmqniNiOdQAA3S
产品链接/合规类,older,account_4,weihaizhongxin2024@126.com,"Thu, 10 Sep 2026 15:50:06 +0000",Amazon Services <donotreply@amazon.com>,Submit product compliance documents to avoid listing removal,,"96
 Submit product compliance documents to avoid listing removal
 Hello Weihai EU,
 Your listings are at risk of removal due to missing Safety Data Sheets. Submit the required documentation by 2026-11-08 to continue selling these products. You can find examples of your at-risk listings at the bottom of this email.
 Why is this happening?
 We are taking this action because we identified hazardous products in your catalogue that require Safety Data Sheets (SDS). These documents are required by law and provide critical safety information about chemical products, including proper handling, storage and emergency procedures. This helps ensure the safety of our customers, employees and anyone who handles these products.
 To learn more, go to our Requirements and FAQ for the sale of chemicals .
 How do I continue to sell the affected products?
 To avoid listing removal and continue selling these products, upload the Safety Data Sheets (SDS) for each of the affected products. Click the “View Compliance Requirements” button below to see all affected listings.
 View Compliance Requirements
 What was affected?
 Reason
 At-risk sales
 B0GYPZ58JY
 ASIN: B0GYPZ58JY
 SKU: WH-TCJ-EU-0427-01
 Hazard",2026-10-08 01:27:21,RETR,xtbBsxHjyWqi0bFnrgAA3p
产品链接/合规类,older,account_4,weihaizhongxin2024@126.com,"Wed, 9 Sep 2026 18:07:39 +0000",Amazon Services <donotreply@amazon.com>,Submit product safety documentation to reactivate listings,,"96
 Submit product safety documentation to reactivate listings
 Hello Weihai CA,
 Some of your listings have been deactivated due to missing mandatory compliance requirements for your products. Review the details and next steps below. The affected listings are shown at the end of this email.
 Why is this happening?
 We are taking this action because these products are missing mandatory compliance information. Review our Product safety and compliance help page for information on applicable laws, regulations and Amazon policies. We leveraged a combination of automated means and expert human review to identify this issue and make this decision.
 The table at the end of this email provides product-specific compliance requirements.
 How do I reactivate my listings?
 To provide the required compliance information, go to your Account Health page and locate the product compliance requests:
-
 If you have the required documentation, follow the instructions to submit your compliance documents. We will only reinstate products that fulfil the compliance requirements.
-
 If you believe your products are exempt from these requirements, submit documentation demonstrating why they are not subject ",2026-10-08 01:27:15,RETR,xtbBsg9GLGqhoG-uVQAA3o
产品链接/合规类,older,account_4,weihaizhongxin2024@126.com,"Wed, 9 Sep 2026 15:09:01 +0000",Amazon Services <donotreply@amazon.com>,Submit product safety documentation to reactivate listings,,"96
 Submit product safety documentation to reactivate listings
 Hello Weihai US,
 Some of your listings have been deactivated due to missing mandatory compliance requirements for your products. Review the details and next steps below. The affected listings are shown at the end of this email.
 Why is this happening?
 We are taking this action because these products are missing mandatory compliance information. Review our Product safety and compliance help page for information on applicable laws, regulations, and Amazon policies. We leveraged a combination of automated means and expert human review to identify this issue and make this decision.
 The table at the end of this email provides product-specific compliance requirements.
 How do I reactivate my listings?
 To provide the required compliance information, go to your Account Health page and locate the product compliance requests:
-
 If you have the required documentation, follow the instructions to submit your compliance documents. We will only reinstate products that fulfill the compliance requirements.
-
 If you believe your products are exempt from these requirements, submit documentation demonstrating why they are not subjec",2026-10-08 01:27:15,RETR,xtbBpQ-DqWqhdo8BTAAA3-
产品链接/合规类,older,account_4,weihaizhongxin2024@126.com,"Tue, 8 Sep 2026 08:06:37 +0000",Amazon Services <donotreply@amazon.com>,Submit product safety documentation to reactivate listings,,"96
 Submit product safety documentation to reactivate listings
 Hello Weihai EU,
 Some of your listings have been deactivated due to missing mandatory compliance requirements for your products. Review the details and next steps below. The affected listings are shown at the end of this email.
 Why is this happening?
 We are taking this action because these products are missing mandatory compliance information. Review our Product safety and compliance help page for information on applicable laws, regulations and Amazon policies. We leveraged a combination of automated means and expert human review to identify this issue and make this decision.
 The table at the end of this email provides product-specific compliance requirements.
 How do I reactivate my listing?
 To provide the required compliance information, go to your Account Health page and locate the product compliance requests:
-
 If you have the required documentation, follow the instructions to submit your compliance documents. We will only reinstate products that fulfil the compliance requirements.
-
 If you believe that your products are exempt from these requirements, submit documentation demonstrating why they are not subj",2026-10-08 01:27:08,RETR,xtbBsg82HGqfwg8k4wAA3o
产品链接/合规类,older,account_4,weihaizhongxin2024@126.com,"Mon, 7 Sep 2026 17:08:09 +0000",Amazon Services <donotreply@amazon.com>,Submit product safety documentation to reactivate listings,,"96
 Submit product safety documentation to reactivate listings
 Hello Weihai US,
 Some of your listings have been deactivated due to missing mandatory compliance requirements for your products. Review the details and next steps below. The affected listings are shown at the end of this email.
 Why is this happening?
 We are taking this action because these products are missing mandatory compliance information. Review our Product safety and compliance help page for information on applicable laws, regulations, and Amazon policies. We leveraged a combination of automated means and expert human review to identify this issue and make this decision.
 The table at the end of this email provides product-specific compliance requirements.
 How do I reactivate my listings?
 To provide the required compliance information, go to your Account Health page and locate the product compliance requests:
-
 If you have the required documentation, follow the instructions to submit your compliance documents. We will only reinstate products that fulfill the compliance requirements.
-
 If you believe your products are exempt from these requirements, submit documentation demonstrating why they are not subjec",2026-10-08 01:27:04,RETR,xtbBpB1dQ2qe731oXwAA32
法务/侵权类,older,account_4,weihaizhongxin2024@126.com,"Sun, 20 Sep 2026 15:02:02 +0000",Support Vendeur Amazon <merch.service05@amazon.fr>,<p>Merci d'avoir créé un nouveau Cas: -- 13291403212</p>,,"96
<p>Merci d'avoir créé un nouveau Cas: -- 13291403212</p>
 Nous vous remercions d'avoir pris contact avec l'équipe de Support technique d'Amazon.fr.
Nous avons créé un cas afin de régler votre problème. Un membre de notre équipe vous contactera le plus rapidement possible pour assurer le suivi de votre cas. Nous répondons à la plupart des courriels dans les 12 heures.
Pour voir vos commandes ou pour les actions liées aux commandes telles que les remboursements, rendez-vous sur Seller Central à http://sellercentral-europe.amazon.com . Vous pouvez aussi trouver des renseignements détaillés sur la gestion de vos produits, de vos commandes et de votre magasin dans l'Aide de Seller Central.
Si vous désirez nous contacter de nouveau, veuillez utiliser le formulaire Contactez-nous dans Seller Central en cliquant sur le lien suivant :
 https://sellercentral-europe.amazon.com/cu/case-dashboard/view-case?caseID=13291403212
Merci de ne pas répondre à ce message. Ce courriel vous a été envoyé depuis une adresse électronique ne servant qu'à l'envoi de messages. Elle ne peut pas recevoir de courriels entrants.
=======================================
Obtenez de l'aide auprès d’autres vendeurs s",2026-10-08 01:29:28,RETR,xtbBpQ0fBWqv9W1+OwAA3q
法务/侵权类,older,account_4,weihaizhongxin2024@126.com,"Fri, 18 Sep 2026 16:29:22 +0000",Support Vendeur Amazon <merch.service05@amazon.fr>,<p>Merci d'avoir créé un nouveau Cas: -- 13289094602</p>,,"96
<p>Merci d'avoir créé un nouveau Cas: -- 13289094602</p>
 Nous vous remercions d'avoir pris contact avec l'équipe de Support technique d'Amazon.fr.
Nous avons créé un cas afin de régler votre problème. Un membre de notre équipe vous contactera le plus rapidement possible pour assurer le suivi de votre cas. Nous répondons à la plupart des courriels dans les 12 heures.
Pour voir vos commandes ou pour les actions liées aux commandes telles que les remboursements, rendez-vous sur Seller Central à http://sellercentral-europe.amazon.com . Vous pouvez aussi trouver des renseignements détaillés sur la gestion de vos produits, de vos commandes et de votre magasin dans l'Aide de Seller Central.
Si vous désirez nous contacter de nouveau, veuillez utiliser le formulaire Contactez-nous dans Seller Central en cliquant sur le lien suivant :
 https://sellercentral-europe.amazon.com/cu/case-dashboard/view-case?caseID=13289094602
Merci de ne pas répondre à ce message. Ce courriel vous a été envoyé depuis une adresse électronique ne servant qu'à l'envoi de messages. Elle ne peut pas recevoir de courriels entrants.
=======================================
Obtenez de l'aide auprès d’autres vendeurs s",2026-10-08 01:29:25,RETR,xtbBpAfYvmqtZufBrwAA3t
法务/侵权类,older,account_4,weihaizhongxin2024@126.com,"Wed, 16 Sep 2026 01:36:30 +0000",Notificaciones de Seller Central (sin buzón electrónico) <donotreply@amazon.com>,Actualización de estado de mercancías peligrosas,,"96
 Actualización de estado de mercancías peligrosas
 Actualización de estado de mercancías peligrosas
 Estimado vendedor:
 Estamos llevando a cabo una revisión de mercancías peligrosas sobre uno o varios de tus productos:
 FALTA DOCUMENTACIÓN DE MERCANCÍAS PELIGROSAS O ES CONTRADICTORIA
 ASIN
 SKU del vendedor
 FNSKU
 Título
 B0HDVC3BVM
 WH-DE-811-WJJVINE-01
 Excavadora de Juguete 3 en 1 con Control Remoto para niños de 6 a 12 años, Control Remoto de 2.4 GHz, Accesorios metálicos y vehículo de orugas con rotación de 680° para Jugar al Aire Libre.
 B0HDVC3BVM
 WH-DE-911-WJJVINE-01
 Excavadora de Juguete 3 en 1 con Control Remoto para niños de 6 a 12 años, Control Remoto de 2.4 GHz, Accesorios metálicos y vehículo de orugas con rotación de 680° para Jugar al Aire Libre.
 ¿A qué se debe esto?
 No podemos clasificar correctamente los productos mencionados debido a que no tenemos suficiente información sobre las mercancías peligrosas. Ten en cuenta que, hasta que proporciones toda la información necesaria, los productos no estarán disponibles para la venta y no podrás continuar enviando unidades a los centros logísticos de Amazon. Tienes que proporcionar la ficha de datos de seguridad ",2026-10-08 01:29:16,RETR,xtbBpQHpz2qp8qEPjgAA3T
法务/侵权类,older,account_4,weihaizhongxin2024@126.com,"Wed, 16 Sep 2026 01:32:49 +0000","""Powiadomienia z Amazon Seller Central (nie odpowiadaj)"" <donotreply@amazon.com>",Status materiałów niebezpiecznych (hazmat),,"96
 Status materiałów niebezpiecznych (hazmat)
 Status materiałów niebezpiecznych (hazmat)
 Witamy w Fulfillment by Amazon
 Obecnie przeprowadzamy przegląd materiałów niebezpiecznych (hazmat) jednego produktu lub większej liczby produktów:
 SPRZECZNA LUB BRAKUJĄCA DOKUMENTACJA DG
 ASIN
 SKU sprzedawcy
 SKU sieci logistycznej
 Tytuł
 B0HDVC3BVM
 WH-DE-811-WJJVINE-01
 3 w 1 zdalnie sterowana koparka dla dzieci w wieku od 6 do 12 lat z pilotem 2,4 GHz i metalowymi akcesoriami, gąsienicowy pojazd gąsienicowy 680° do zabawy w piaskownicy i na zewnątrz
 B0HDVC3BVM
 WH-DE-911-WJJVINE-01
 3 w 1 zdalnie sterowana koparka dla dzieci w wieku od 6 do 12 lat z pilotem 2,4 GHz i metalowymi akcesoriami, gąsienicowy pojazd gąsienicowy 680° do zabawy w piaskownicy i na zewnątrz
 Jaka jest tego przyczyna
 Nie mamy wystarczającej ilości informacji o materiałach niebezpiecznych, aby prawidłowo sklasyfikować ww. produkty; dopóki nie dostarczysz niezbędnych informacji, produkty nie będą dostępne do sprzedaży i nie będziesz mógł wysłać więcej jednostek do centrów logistycznych Amazon. Musisz dostarczyć odpowiednią kartę charakterystyki dla każdego ww. produktu. Arkusz zwolnienia z obowiązku dostarczenia ",2026-10-08 01:29:16,RETR,xtbBsgSymGqp8cQQNwAA3N
法务/侵权类,older,account_4,weihaizhongxin2024@126.com,"Wed, 16 Sep 2026 01:02:50 +0000","""Notifiche di Amazon Seller Central (non rispondere)"" <donotreply@amazon.com>",Aggiornamento dello stato delle merci pericolose,,"96
 Aggiornamento dello stato delle merci pericolose
 Aggiornamento dello stato delle merci pericolose
 Buongiorno da Logistica di Amazon.
 Al momento stiamo effettuando una revisione delle merci pericolose di uno o più dei suoi prodotti:
 DOCUMENTAZIONE MERCI PERICOLOSE DISCORDANTE O MANCANTE
 ASIN
 SKU venditore
 FNSKU
 Titolo
 B0HDVC3BVM
 WH-DE-811-WJJVINE-01
 Escavatore radiocomandato 3 in 1 per bambini dai 6 ai 12 anni, con telecomando a 2,4 GHz e accessori in metallo. Veicolo cingolato con rotazione a 680° per giocare nella sabbiera e all'aperto.
 B0HDVC3BVM
 WH-DE-911-WJJVINE-01
 Escavatore radiocomandato 3 in 1 per bambini dai 6 ai 12 anni, con telecomando a 2,4 GHz e accessori in metallo. Veicolo cingolato con rotazione a 680° per giocare nella sabbiera e all'aperto.
 Qual è il problema?
 Non disponiamo di informazioni sufficienti sulle merci pericolose per classificare correttamente i prodotti di cui sopra. Inoltre, finché non fornisci le informazioni necessarie, i prodotti non saranno disponibili per la vendita e non potrai inviare più unità ai centri logistici Amazon. Dovrai fornire una corretta scheda di sicurezza (SDS) per ogni prodotto sopra elencato. È possibile pre",2026-10-08 01:29:15,RETR,xtbBsgDv1Wqp6sDIsQAA3Y
法务/侵权类,older,account_4,weihaizhongxin2024@126.com,"Tue, 15 Sep 2026 19:03:56 +0000",Amazon Services <donotreply@amazon.com>,Recover between 60-80%* from returns,,"96
 We handle the grading and reselling. You keep control of pricing and recover value.
 Your returns are worth more than you think.
 Every returned unit sitting idle is value left on the table. FBA Grade and Resell puts it back to work, we grade your returns and list them as Used for you, so you recover value without the extra manual effort.
 You stay in control. We do the heavy lifting.
 Recover value now
 Here's how it works:
 We grade every eligible unit — Returns are assessed and graded to the right condition, ready to sell as Used.
 You set your prices — Graded units enter the Used channel with you as the seller, at the recovery prices you set.
 You recover between 60 to 80%* — Reclaim value between 60–80%* from inventory that would otherwise go to waste, with none of the operational burden.
 Learn about Grade and Resell
 *Recovery rates are based on historical program performance data and represent gross recovery percentages before applicable fees. Individual recovery rates may vary.
 Report an issue with this email
 If you have any questions visit:
 Seller Central
 To change your email preferences visit:
 Notification Preferences
 We hope you found this message to be useful",2026-10-08 01:29:14,RETR,xtbBsx7Rt2qplp7dmgAA3H
法务/侵权类,older,account_4,weihaizhongxin2024@126.com,"Tue, 15 Sep 2026 15:54:49 +0000",Amazon Europe <donotreply@amazon.com>,Parcel Tax for Austrian B2C orders,,"Parcel Tax for Austrian B2C orders
 96
 No action is required from you. We’ll pay the tax to the Austrian Tax Authority.
                                                     ‍͏  ͏  ‍͏  ͏  ‍͏  ͏  ‍͏  ͏  ‍͏  ͏  ‍͏  ͏  ‍͏  ͏  ‍͏  ͏  ‍͏  ͏  ‍͏  ͏  ‍͏  ͏  ‍͏  ͏  ‍͏  ͏  ‍͏  ͏  ‍͏  ͏  ‍͏  ͏  ‍͏  ͏  ‍͏  ͏  ‍͏  ͏  ‍͏  ͏  ‍͏  ͏  ‍͏  ͏  ‍͏  ͏  ‍͏  ͏  ‍͏  ͏  ‍͏  ͏  ‍͏  ͏  ‍͏  ͏  ‍͏  ͏  ‍͏  ͏  ‍͏  ͏  ‍͏  ͏  ‍͏  ͏  ‍͏  ͏  ‍͏  ͏  ‍͏  ͏  ‍͏  ͏  ‍͏  ͏  ‍͏  ͏ ͏‌ ­ ­ ­ ­ ͏‌ ­ ­ ­ ­ ͏‌ ­ ­ ­ ­ ͏‌ ­ ­ ­ ­ ͏‌ ­ ­ ­ ­ ͏‌ ­ ­ ­ ­ ͏‌ ­ ­ ­ ­ ͏‌ ­ ­ ­ ­ ͏‌ ­ ­ ­ ­ ͏‌ ­ ­ ­ ­ ͏‌ ­ ­ ­ ­ ͏‌ ­ ­ ­ ­ ͏‌ ­ ­ ­ ­ ͏‌ ­ ­ ­ ­ ͏‌ ­ ­ ­ ­ ͏‌ ­ ­ ­ ­ ͏‌ ­ ­ ­ ­ ͏‌ ­ ­ ­ ­ ͏‌ ­ ­ ­ ­ ͏‌ ­ ­ ­ ­ ͏‌ ­ ­ ­ ­ ͏‌ ­ ­ ­ ­ ͏‌ ­ ­ ­ ­ ͏‌ ­ ­ ­ ­ ͏‌ ­ ­ ­ ­ ͏‌ ­ ­ ­ ­ ͏‌ ­ ­ ­ ­ ͏‌ ­ ­ ­ ­ ͏‌ ­ ­ ­ ­ ͏‌ ­ ­ ­ ­ ͏‌ ­ ­ ­ ­ ͏‌ ­ ­ ­ ­ ͏‌ ­ ­ ­ ­ ͏‌ ­ ­ ­ ­ ͏‌ ­ ­ ­ ­ ͏‌ ­ ­ ­ ­ ͏‌ ­ ­ ­ ­ ͏‌ ­ ­ ­ ­ ͏‌ ­ ­ ­ ­ ͏‌ ­ ­ ­ ­ ͏‌ ­ ­ ­ ­ ͏‌ ­ ­ ­ ­ ͏‌ ­ ­ ­ ­ ͏‌ ­ ­ ­ ­ ͏‌ ­ ­ ­ ­ ͏‌ ­ ­ ­ ­ ͏‌ ­ ­ ­ ­ ͏‌ ­ ­ ­ ­ ͏‌ ­ ­ ­ ­ ͏‌ ­ ­ ­ ­ ͏‌ ­ ­ ­ ­ ͏‌ ­ ­ ­ ­ ͏‌ ­ ­ ­ ­ ͏‌ ­ ­ ­ ­ ͏‌ ­ ­ ­ ­ ͏‌ ­ ­ ­ ­ ͏‌ ­ ­ ­ ­ ͏‌ ­ ­ ­ ­ ͏‌ ­ ­ ­ ­ ͏‌ ­ ­ ­ ­ ͏‌ ­ ­ ­ ­ ͏‌ ­ ­ ­ ­ ͏‌ ­ ­ ­ ­ ͏‌ ­ ­ ­ ­ ͏‌ ­ ­ ­ ­
 Parcel Tax for Austrian B2C orders
 He",2026-10-08 01:29:14,RETR,xtbBswyymGqpakz67gAA3k
法务/侵权类,older,account_4,weihaizhongxin2024@126.com,"Sat, 12 Sep 2026 00:43:23 +0000",Amazon Services <donotreply@amazon.com>,Votre paiement est en cours,,"96
This title will display on mobile devices
 Félicitations ! Votre paiement est en cours et arrivera sous peu.
 Tentative de versement
Félicitations, Weihai EU ! Votre paiement est en cours et arrivera sous trois à cinq jours.
Le 09/12/26 00:43 CEST, nous avons effectué un virement d’un montant de €
 124.75 sur le compte lié à votre méthode de paiement (compte bancaire se terminant par 229).
 Si le montant est inférieur au montant auquel vous vous attendiez, voici quelques questions à vous poser :
 Disposez-vous d’un solde de fonds non disponibles ? Amazon peut réserver des fonds afin de couvrir des retours, des réclamations ou des rétrofacturations potentiels des acheteurs. Si tel est le cas, le solde de fin de période de votre rapport sur les paiements affichera le solde des fonds non disponibles réservé.
 Vos ventes couvraient-elles l’ensemble des frais et des retours pour cette période de règlements ? Le montant du paiement reflète votre activité commerciale, les frais de vente et les frais relatifs aux promotions et aux services. Nous vous recommandons de consulter votre rapport sur les paiements sous l’onglet Rapports de Seller Central pour comprendre votre solde de fin de p",2026-10-08 01:29:04,RETR,xtbBshD33WqkoDCiKQAA3d
法务/侵权类,older,account_4,weihaizhongxin2024@126.com,"Fri, 11 Sep 2026 14:08:42 +0000",Amazon Europe <no-reply@sell.amazon.com>,通过 Q4 活动拓展您的业务 — 尽早提报，节省费用,,"最大化您的 Q4 业绩
尊敬的卖家，
为 Q4 活动做好准备 — 为数百万消费者打造不容错过的优惠！今年，Prime 会员大促（PBDD）将与去年同期回归，随后是黑色星期五活动周（BFW）。通过尽早提交促销并确保充足库存，助力您的业务增长。
关键日期
Prime 会员大促
活动日期： 与去年同期
提报截止日期 ：促销 – 2026 年 9 月 23 日，价格折扣 – 活动结束前 12 小时
入库截止日期：EU – 9 月 9 日，UK – 2026 年 9 月 18 日
黑色星期五活动周
活动日期：2026 年 11 月 19–30 日
提报截止日期 ：促销 – 2026 年 11 月 18 日，价格折扣 – 活动结束前 12 小时
入库截止日期：EU – 10 月 21 日，UK – 2026 年 10 月 30 日
提报您的促销 > https://go.amazonsellerservices.com/e/229492/reate-ld-DC-EM-D514911503-Wk37/7z5qv79/6882894728/h/XqWcbg61Zo_OyByX05WpPNV1SCsAbbuwtjfZ4XbUdJY
<table align=""center"" border=""0"" cellpadding=""0"" cellspacing=""0"" class=""section"" role=""presentation"" style=""width:100%;"">
	<tbody>
		<tr>
			<td align=""center"">
			<div role=""none"">
<!--[if(mso)|(IE)]>
<table align=""center"" border=""0"" cellpadding=""0"" cellspacing=""0"" class=""block-grid-outlook"" style=""width:600px;"" width=""600"" >
<tr>
<td style=""line-height:0px;font-size:0px;mso-line-height-rule:exactly;""><![endif]-->
			<div style=""margin:0 auto;border-radius:0px;max-width:600px;"">
			<table align=""center"" border=""0"" cellpadding=""0"" cellspacing=""0"" role=""presentation"" style=""width:100%;border-radius:0px;"">
				<tbody>
					<tr>
						<td class=""block-grid"" style=""border-radius:0",2026-10-08 01:29:02,RETR,xtbBpA6hh2qkC25hhAAA3C
法务/侵权类,older,account_4,weihaizhongxin2024@126.com,"Thu, 10 Sep 2026 03:39:41 +0000","""Comunicados de Amazon Seller Central (no responder)"" <donotreply@amazon.com>",[Amazon.es] Hemos suprimido uno o varios de tus listings de las búsquedas en la web de Amazon,,"96
[Amazon.es] Hemos suprimido uno o varios de tus listings de las búsquedas en la web de Amazon
 [Amazon.es] Hemos suprimido uno o varios de tus listings de las búsquedas en la web de Amazon
 Hemos suprimido uno o varios de tus listings de Amazon ES de los resultados de búsqueda
 Hemos tomado medidas con respecto a uno o varios de tus listings. Hemos puesto en cuarentena y hemos eliminado de los resultados de búsqueda de nuestra web 1 de tus listings. Los listings en cuestión no cumplen la política de creación de ASIN , la política de creación de ASIN duplicados , los requisitos de las imágenes del producto o los requisitos de los títulos del producto .
 Revisar y modificar listings en cuarentena Listings afectados
 ASIN SKU Motivo de la medida B0GYPZ58JY WH-TCJ-EU-0427-01 Necesitamos más información.
 ¿Cómo puedo resolver los listings en cuarentena?
 Revisa y modifica los listings en la página Inventario suprimido de Seller Central para corregir los atributos o imágenes afectados.
 Cuando hayas corregido los atributos o imágenes en cuestión, los listings dejarán de estar en cuarentena y pasarán a estar disponibles en los resultados de búsqueda.
 ¿Tus listings están en cuarentena ",2026-10-08 01:27:20,RETR,xtbBsgDs0mqiJoCYCgAA3w
法务/侵权类,older,account_4,weihaizhongxin2024@126.com,"Wed, 9 Sep 2026 16:45:36 +0000",Transparency No Reply <noreply-transparency@amazon.com>,OPR 体验优化——无需再手动追踪货件  /  Improvement to Your OPR Experience — No More Manual Shipment Tracking,,"尊敬的 Crifeton 团队：
我们很高兴地通知您，OPR（Operational Performance Review运营表现评估）流程迎来一项优化，这将使开启 OPR 变得更加简单，并且您无需再手动追踪货件。
变更内容：亚马逊的系统现在会自动识别在您开启 OPR 之前发出的货件，并将其从 OPR 扫描评估范围中排除。这意味着您不再需要等待所有未应用 Transparency 透明计划标签的库存全部到达亚马逊运营中心后，再开启 OPR。
这对您意味着什么?
  1.  准备就绪（从现在开始所有商品都将正确应用 Transparency 透明计划标签）即可开启 OPR，无需再等待在途未应用 Transparency 透明计划标签货件全部入仓后再开启。
  2.  无需再人工追踪未应用 Transparency 透明计划标签货件的入仓时间。
  3.  您的 OPR 绩效数据将更加准确，因为仅包含应用了 Transparency 透明计划标签的产品的扫描结果。
  4.  更快、更顺畅地让您的产品获得 Transparency 透明计划保护。
您需要做什么？ 您的操作流程无需任何更改。请在您确保未来发出的货件（包括此前已创建但尚未发出的货件）都会正确应用 Transparency 透明计划标签时，即可开启 OPR。
若您需要帮助：请联系您的 Transparency 透明计划经理或客户管理团队协助。
常见问题
Q1: OPR 扫描有哪些变化？
亚马逊推出了货件感知处理流程（Shipment-Aware Processing），这是一项自动化流程旨在让您的 OPR 开启变得更加简单。在过去您需要谨慎考虑开启 OPR 的时间，以避免（已在途的）未应用 Transparency 透明计划标签的库存在亚马逊运营中心扫描时失败，从而影响您的运营表现评估的结果。而现在我们的系统会自动追踪您的货件日期，只扫描在您开启 OPR 之后发出的货件。任何在开启之前已经在途的库存都不会被扫描。
Q2: 我需要有哪些不同的操作？
您的操作流程无需更改。如果您能确保未来发出的货件（包括此前已创建但尚未发出的货件）都会正确应用 Transparency 透明计划标签时，那么就可以开启 OPR。您不再需要等待所有未应用 Transparency 透明计划标签的库存全部被亚马逊运营中心接收后再开启 OPR，系统会自动处理这一切。
Q3: 我现有的未应用 Transparency 透明计划标签的库存会导致扫码失败吗？
不会。任何在您开启 OPR 之前发出的货件都会被扫描系统自动跳过。只有在您 OPR 开启日期之后发出的货件才会进行运营表现评估。
Q4: 这会影响 OPR 通过（Graduation）的时间吗？
不会。此项变更旨在优化您的 OPR 体验，消除 OPR 开启前库存因缺失 Trans",2026-10-08 01:27:15,RETR,xtbBsg15X2qhjU2YAQAA3L
法务/侵权类,older,account_4,weihaizhongxin2024@126.com,"Wed, 9 Sep 2026 16:45:33 +0000",Transparency No Reply <noreply-transparency@amazon.com>,OPR 体验优化——无需再手动追踪货件  /  Improvement to Your OPR Experience — No More Manual Shipment Tracking,,"尊敬的 Crifeton 团队：
我们很高兴地通知您，OPR（Operational Performance Review运营表现评估）流程迎来一项优化，这将使开启 OPR 变得更加简单，并且您无需再手动追踪货件。
变更内容：亚马逊的系统现在会自动识别在您开启 OPR 之前发出的货件，并将其从 OPR 扫描评估范围中排除。这意味着您不再需要等待所有未应用 Transparency 透明计划标签的库存全部到达亚马逊运营中心后，再开启 OPR。
这对您意味着什么?
  1.  准备就绪（从现在开始所有商品都将正确应用 Transparency 透明计划标签）即可开启 OPR，无需再等待在途未应用 Transparency 透明计划标签货件全部入仓后再开启。
  2.  无需再人工追踪未应用 Transparency 透明计划标签货件的入仓时间。
  3.  您的 OPR 绩效数据将更加准确，因为仅包含应用了 Transparency 透明计划标签的产品的扫描结果。
  4.  更快、更顺畅地让您的产品获得 Transparency 透明计划保护。
您需要做什么？ 您的操作流程无需任何更改。请在您确保未来发出的货件（包括此前已创建但尚未发出的货件）都会正确应用 Transparency 透明计划标签时，即可开启 OPR。
若您需要帮助：请联系您的 Transparency 透明计划经理或客户管理团队协助。
常见问题
Q1: OPR 扫描有哪些变化？
亚马逊推出了货件感知处理流程（Shipment-Aware Processing），这是一项自动化流程旨在让您的 OPR 开启变得更加简单。在过去您需要谨慎考虑开启 OPR 的时间，以避免（已在途的）未应用 Transparency 透明计划标签的库存在亚马逊运营中心扫描时失败，从而影响您的运营表现评估的结果。而现在我们的系统会自动追踪您的货件日期，只扫描在您开启 OPR 之后发出的货件。任何在开启之前已经在途的库存都不会被扫描。
Q2: 我需要有哪些不同的操作？
您的操作流程无需更改。如果您能确保未来发出的货件（包括此前已创建但尚未发出的货件）都会正确应用 Transparency 透明计划标签时，那么就可以开启 OPR。您不再需要等待所有未应用 Transparency 透明计划标签的库存全部被亚马逊运营中心接收后再开启 OPR，系统会自动处理这一切。
Q3: 我现有的未应用 Transparency 透明计划标签的库存会导致扫码失败吗？
不会。任何在您开启 OPR 之前发出的货件都会被扫描系统自动跳过。只有在您 OPR 开启日期之后发出的货件才会进行运营表现评估。
Q4: 这会影响 OPR 通过（Graduation）的时间吗？
不会。此项变更旨在优化您的 OPR 体验，消除 OPR 开启前库存因缺失 Trans",2026-10-08 01:27:15,RETR,xtbBpQt4XmqhjUuDeQAA3-
法务/侵权类,older,account_4,weihaizhongxin2024@126.com,"Wed, 9 Sep 2026 14:40:23 +0000",Amazon Seller Central <donotreply@amazon.com>,Your Amazon.ca Fulfillment by Amazon Merchant Invoice for 8/2026,,"Your Amazon.ca Fulfillment by Amazon Merchant Invoice for 8/2026
 96
Hello,
We are writing to inform you that your electronic Fulfillment by Amazon Merchant Invoice for the month of 8/2026 is now available in your Seller Central Account.
To access your invoice, go to your Tax Document Library . In your Tax Document Library, you will be able to view, download or print your invoice.
The Amazon Services Team
 Monsieur/Madame Shen zhen shi wei hai zhong xin ke ji you xian,
Nous vous écrivons pour vous informer que votre Facture Expédié Par Amazon pour le mois de 8/2026 est maintenant disponible dans votre compte Seller Central.
Pour accéder à votre facture, rendez-vous sur votre compte Seller Central et veuillez accéder à la page Rapports > Bibliothèque d'informations fiscales > Factures des frais du vendeur.
Dans votre compte Seller Central, vous pourrez afficher, télécharger ou imprimer votre facture.
Pour toute question, contactez le Support Vendeur.
Cordialement,
Amazon.ca
 Report an issue with this email
 If you have any questions visit: Seller Central
 To change your email preferences visit: Notification Preferences
 We hope you found this message to be useful. However, if you'd ",2026-10-08 01:27:14,RETR,xtbBshsV+mqhb9vobgAA3-
法务/侵权类,older,account_4,weihaizhongxin2024@126.com,"Tue, 8 Sep 2026 22:05:50 +0000",Amazon Services <donotreply@amazon.com>,Envía la documentación de seguridad del producto para evitar la desactivación de los listados,,"96
 Hola, Weihai MX:
 Algunos de tus listados están en riesgo de desactivación debido a que los productos no cumplen los requisitos de cumplimiento normativo obligatorios. Revisa a continuación los detalles y siguientes pasos. Los listados afectados aparecen al final de este correo electrónico.
 ¿A qué se debe?
 Tomamos esta medida porque a estos productos les falta información de cumplimiento normativo obligatoria. Para más información sobre las leyes, normativas y políticas de Amazon aplicables, consulta Seguridad y cumplimiento del producto .
 En la tabla que aparece al final de este correo electrónico encontrarás los requisitos de cumplimiento normativo específicos del producto.
 ¿Cómo puedo reactivar mi listado?
 Para proporcionar la información de cumplimiento obligatoria, ve al panel de control Estado de la cuenta para localizar las solicitudes de cumplimiento normativo del producto:
-
 Si dispones de la documentación obligatoria, sigue las instrucciones para enviar los documentos de cumplimiento normativo.
-
 Si consideras que tus productos están exentos de estos requisitos, envía documentación que demuestre por qué no están sujetos a estos requisitos de cumplimiento normat",2026-10-08 01:27:11,RETR,xtbBpQKUemqghsJYxQAA3a
法务/侵权类,older,account_4,weihaizhongxin2024@126.com,"Tue, 8 Sep 2026 16:05:13 +0000",Amazon Services Europe <donotreply@amazon.com>,Actualiza los precios de venta recomendados a más tardar el 9 de septiembre de 2026,,"96
 Las nuevas reglas para validar los precios de referencia entran en vigor el 9 de septiembre de 2026.
 Hola:
 A partir del 9 de septiembre de 2026, vamos a cambiar cómo validamos el precio de venta recomendado que nos proporcionas, y algunos de tus precios de referencia actuales podrían verse afectados.
 Hace poco lanzamos en Rufus un gráfico del historial de precios que muestra a los clientes el precio más bajo de la Oferta destacada de un producto cada día. Vamos a actualizar nuestros requisitos de validación de los precios de venta recomendados para que los precios de referencia que mostramos coincidan con los que ven los clientes en el gráfico. Así mantenemos unos ahorros claros y significativos para los clientes y ayudamos a mantener la confianza en los precios de nuestra tienda.
 ¿Qué cambia?
Actualmente, el precio de venta recomendado que indiques se valida si cumple uno de estos requisitos:
- El producto se ha ofrecido hace poco a ese precio de venta recomendado en otra tienda minorista de confianza.
- El producto se compró como Oferta destacada en Amazon a ese precio de venta recomendado, con al menos nueve días de datos de la Oferta destacada. A partir del 9 de septiem",2026-10-08 01:27:10,RETR,xtbBsxxeRGqgMjxDnAAA3u
法务/侵权类,older,account_4,weihaizhongxin2024@126.com,"Tue, 8 Sep 2026 09:38:25 +0000",Amazon Europe <donotreply@amazon.com>,Ottieni la tua garanzia IVA in Italia €2.350 rimborso fino a 31 dicembre,,"Amazon Services
 96
 Invia i documenti di garanzia individuale IVA per l'Italia per ottenere il rimborso di € 2.350.
 Buongiorno,
 Le autorità fiscali italiane potrebbero richiedere ai contribuenti residenti al di fuori dell'Unione europea o dello Spazio economico europeo di fornire due garanzie finanziarie separate per assicurare che il loro numero di partita IVA italiano rimanga valido nel sistema elettronico di scambio di dati sull'IVA (VIES). Queste garanzie sono:
- Una garanzia del rappresentante fiscale: predisposta dal tuo rappresentante fiscale.
- una garanzia individuale: dovrai fornire una garanzia di almeno € 50.000 per un periodo minimo di 36 mesi che può essere fornita mediante fideiussione bancaria o tramite una soluzione assicurativa che non richieda il blocco o il versamento di € 50.000.
 Per aiutarti a rispettare questo requisito, ti offriamo una promozione di rimborso di 2.350 EUR per coprire i costi della tua garanzia individuale.
 Come posso ottenere il rimborso?
Una volta ottenuta la tua garanzia individuale, ti invitiamo a fornire tramite e-mail il documento di prova emesso da un fornitore autorizzato all'indirizzo
it-vat-guarantee-doc-validation@amazon.it dal",2026-10-08 01:27:09,RETR,xtbBsxSdg2qf15S9vgAA3M
货件/库存类,older,account_4,weihaizhongxin2024@126.com,"Sat, 19 Sep 2026 04:29:10 +0000",Fulfilment by Amazon <donotreply@amazon.com>,Create FBA removal order by 2026-10-01,,"96
Automated removals of unfulfillable inventory
 Required removals: First notification
 Required removals: First notification
 Hello,
Your FBA inventory listed below became unsellable in the past seven days. You must create a removal order by 2026-10-01 or these items will be disposed of. Removal fees will apply. Review the affected items and next steps below.
Unsellable products:
- FNSKU: B0DRCF83VZ Quantity: 14
 Why is this happening?
This action is required because these items are no longer in sellable condition in our fulfilment centres. According to our FBA Required Removals policy, all unsuitable units must be removed within 14 days of notification. To learn more, go to our FBA Required Removals policy .
We leveraged a combination of automated means to identify this issue and make this decision.
 How do I address this?
Follow these steps to manage your unsellable inventory:
- Check your complete list and quantity of unsellable items in the Manage FBA inventory .
- Create a removal order (removal fees apply) by following the instructions in Remove inventory overview .
 To avoid future manual inventory removal orders, set up Automated Unfulfillable Removals function in your FB",2026-10-08 01:29:25,RETR,xtbBpRswFmquD5tWawAA31
货件/库存类,older,account_4,weihaizhongxin2024@126.com,"Sat, 19 Sep 2026 03:52:36 +0000",Fulfilment by Amazon <donotreply@amazon.com>,Disposal order created for unsellable FBA inventory,,"96
Automated Removals of Unfulfillable Inventory
 Final notice: Disposal order for your unfulfillable FBA inventory
 Final notice: Disposal order for your unfulfillable FBA inventory
 Hello,
You have unfulfillable inventory that has been in a fulfilment centre for more than 14 days. We have created a disposal order for these items.
 Why is this happening?
This action is required because these unfulfillable items have remained in our fulfilment centres for more than 14 days after notification. According to our FBA Required Removals policy, cancelling a required removal order is not permitted. To learn more, visit our FBA Required Removals policy .
 Removal order ID:
- 7iKN0D3u4y
 Unsellable Products:
- FNSKU: B0DRC8LPGS Quantity: 1
- FNSKU: B0DRCB74YN Quantity: 2
 For more information about the disposal order process, see Remove inventory from a fulfilment centre .
 To monitor your unfulfillable inventory, see the Manage FBA Inventory for total unsellable quantities or the Recommended Removal report for unsellable and aged inventory details.
 The Fulfilment by Amazon Team
 Report an issue with this email
 If you have any questions visit: Seller Central
 To change your email preferen",2026-10-08 01:29:25,RETR,xtbBsgkK72quBwkqkgAA3s
货件/库存类,older,account_4,weihaizhongxin2024@126.com,"Thu, 17 Sep 2026 13:54:38 +0000",Fulfilment by Amazon <donotreply@amazon.com>,Stranded SKUs scheduled for automatic removal,,"96
Stranded SKUs scheduled for automatic removal
 Hello,
 You are receiving this message because you have stranded inventory in an Amazon fulfilment centre that is scheduled for automatic removal. Stranded inventory is inventory without a buyable offer and requires you to either reactivate the listing or remove the inventory.
 As of 2026-09-17, you have 1 new stranded SKUs scheduled for automatic removal, with the first 50 of these listed further below. You may have additional units scheduled for automatic removal from previous email notifications. For a full view of units scheduled for automatic removal, visit Fix stranded inventory and sort by Automatic Removal date .
 Your inventory will be returned or disposed of based on the settings you selected on the Fix stranded inventory page. If you have not selected any settings, your inventory will be removed in 45 days from today’s date. To customise your settings, go to Fix stranded inventory and select Edit automatic-action settings .
 If you need more time to appeal or fix a stranded inventory issue, go to Fix stranded inventory and select Delay removal for 30 days from the drop-down menu for each listing. Note: No additional notif",2026-10-08 01:29:21,RETR,xtbBsgMK72qr8SOeygAA3T
货件/库存类,older,account_4,weihaizhongxin2024@126.com,"Thu, 17 Sep 2026 09:46:06 +0000","""seller-coaching-m@amazon.com"" <seller-coaching-m@amazon.com>","[Case ID:13247704742]""Your Case Resolved"" Optimize Your Next EU FBA
 Shipment Based on Inventory Health [A-AWD]",,"96
[Case ID:13247704742]""Your Case Resolved"" Optimize Your Next EU FBA Shipment Based on Inventory Health [A-AWD]
 Because we haven’t received a response from you, we’re assuming that your issue is resolved. We have now closed this case.
If this issue is not resolved, please reopen this case and provide the requested information.
Thank you,
Amazon Support
-- Original Message --
Dear Weihai EU,
We are reaching out regarding your current FBA inventory health in the EU marketplace.
A review of your account indicates that your inventory either has excess stock or low/out-of-stock items, which may lead to increased storage costs, reduced sell-through efficiency, or may impact order fulfillment continuity and customer delivery experience.
To help you plan your next shipment more effectively and maintain balanced stock levels across the network, you may consider the following options:
- Split your next shipment between FBA and upstream storage via Amazon Warehousing and Distribution (AWD). More info: https://sellercentral-europe.amazon.com/help/hub/reference/GF6ZC8VEBM7HCEGV
 Create shipment and send to AWD: https://sellercentral-europe.amazon.com/asdn/about
- Run promotions on slow-movin",2026-10-08 01:29:20,RETR,xtbBsgBrUWqrtuD4BgAA3h
货件/库存类,older,account_4,weihaizhongxin2024@126.com,"Sat, 12 Sep 2026 04:18:39 +0000",Fulfilment by Amazon <donotreply@amazon.com>,Create FBA removal order by 2026-09-24,,"96
Automated removals of unfulfillable inventory
 Required removals: First notification
 Required removals: First notification
 Hello,
Your FBA inventory listed below became unsellable in the past seven days. You must create a removal order by 2026-09-24 or these items will be disposed of. Removal fees will apply. Review the affected items and next steps below.
Unsellable products:
- FNSKU: B0DRC8LPGS Quantity: 1
- FNSKU: B0DRCB74YN Quantity: 1
- FNSKU: B0DRCF83VZ Quantity: 11
 Why is this happening?
This action is required because these items are no longer in sellable condition in our fulfilment centres. According to our FBA Required Removals policy, all unsuitable units must be removed within 14 days of notification. To learn more, go to our FBA Required Removals policy .
We leveraged a combination of automated means to identify this issue and make this decision.
 How do I address this?
Follow these steps to manage your unsellable inventory:
- Check your complete list and quantity of unsellable items in the Manage FBA inventory .
- Create a removal order (removal fees apply) by following the instructions in Remove inventory overview .
 To avoid future manual inventory removal ord",2026-10-08 01:29:04,RETR,xtbBswShh2qk0qQHlAAA36
货件/库存类,older,account_4,weihaizhongxin2024@126.com,"Fri, 11 Sep 2026 09:43:34 +0000","""seller-coaching-m@amazon.com"" <seller-coaching-m@amazon.com>","[Case ID:13247704742]""Your Help Needed"" Optimize Your Next EU FBA
 Shipment Based on Inventory Health [A-AWD]",,"96
[Case ID:13247704742]""Your Help Needed"" Optimize Your Next EU FBA Shipment Based on Inventory Health [A-AWD]
 This is a reminder to let you know that we need more information to resolve your case. If you still need assistance, please respond to this message and provide the details we’ve requested below.
If we’ve resolved your issue, no further action is needed and we’ll close your case.
Thank you,
Amazon Support
-- Original Message --
Dear Weihai EU,
We are reaching out regarding your current FBA inventory health in the EU marketplace.
A review of your account indicates that your inventory either has excess stock or low/out-of-stock items, which may lead to increased storage costs, reduced sell-through efficiency, or may impact order fulfillment continuity and customer delivery experience.
To help you plan your next shipment more effectively and maintain balanced stock levels across the network, you may consider the following options:
- Split your next shipment between FBA and upstream storage via Amazon Warehousing and Distribution (AWD). More info: https://sellercentral-europe.amazon.com/help/hub/reference/GF6ZC8VEBM7HCEGV
 Create shipment and send to AWD: https://sellercentra",2026-10-08 01:28:01,RETR,xtbBpBQcAmqjzZSy-gAA3y
货件/库存类,older,account_4,weihaizhongxin2024@126.com,"Tue, 8 Sep 2026 09:37:46 +0000","""seller-coaching-m@amazon.com"" <seller-coaching-m@amazon.com>","RE:[CASE 13247704742] Optimize Your Next EU FBA Shipment Based on
 Inventory Health [A-AWD]",,"96
RE:[CASE 13247704742] Optimize Your Next EU FBA Shipment Based on Inventory Health [A-AWD]
Dear Weihai EU,
We are reaching out regarding your current FBA inventory health in the EU marketplace.
A review of your account indicates that your inventory either has excess stock or low/out-of-stock items, which may lead to increased storage costs, reduced sell-through efficiency, or may impact order fulfillment continuity and customer delivery experience.
To help you plan your next shipment more effectively and maintain balanced stock levels across the network, you may consider the following options:
- Split your next shipment between FBA and upstream storage via Amazon Warehousing and Distribution (AWD). More info: https://sellercentral-europe.amazon.com/help/hub/reference/GF6ZC8VEBM7HCEGV
 Create shipment and send to AWD: https://sellercentral-europe.amazon.com/asdn/about
- Run promotions on slow-moving stock via outlet deals or price adjustments to improve sell-through on existing excess inventory for eligible ASINs.
- Create removal orders for aged inventory to reduce long-term storage fees. More info: https://sellercentral-europe.amazon.com/gp/help/200280650
- Review your Restock ",2026-10-08 01:27:08,RETR,xtbBsg+TeWqf12-3wAAA3t
其他风险类,older,account_4,weihaizhongxin2024@126.com,"Mon, 21 Sep 2026 10:15:39 +0800 (CST)",能标检测(NBTS）亚马逊DV-TRF号管理 <fli.lin@nbtscn.com>,能标检测(NBTS）亚马逊DV-TRF号情况跟进,,"尊敬的客户：
您好！
温馨提醒：收到贵司在亚马逊平台选择NBTS检测并提交了的 TR178988845431168, TR178989007592954 申请。
为确保测试/验证流程顺利推进，请尽快联系我们完成信息确认。
若 3 天内我们仍未收到贵司回应，我们将该 TRF 标记为 Unresponsive Seller（无响应卖家）。
如后续仍需继续此 TRID 的测试与验证，可随时与我们联系并提交样品/测试报告，我们将协助该 TRF的后台状态更新。
如有疑问，欢迎随时联系我们。
谢谢！
能标检测NBTS
--------------------------------------------------------------------
Dear Valued Customer,
Greetings!
Friendly Reminder: We have received application TR178988845431168, TR178989007592954 submitted by your company, where NBTS was selected as the notified body on Amazon.
To ensure the smooth progress of the testing and verification process, please contact us at your earliest convenience to complete information confirmation.
If we do not receive your response within 3 days, this TRF will be marked as Unresponsive Seller.
Should you need to resume testing and verification for this TRID at a later time, please feel free to contact us and submit samples / test reports. We will assist with updating the backend status of this TRF.
Should you have any questions, please do not hesitate to contact us.
Thank you!
NBTS
-----------------------------------
-----------------------------------
TEL:18998060978    TEL: 400-877-6107
E-mail: fil.lin@n",2026-10-08 01:29:29,RETR,xtbBsgu9o2qwk0vDowAA3F
其他风险类,older,account_4,weihaizhongxin2024@126.com,"Thu, 17 Sep 2026 13:51:44 +0000",Amazon Multichannel Fulfilment Team <multichannelfulfillment@supplychain.amazon.com>,Your peak prep checklist is ready,,"Your peak prep checklist is ready
Position inventory, activate savings, and make your delivery speed visible. ‌ ‌ ‌ ‌ ‌ ‌ ‌ ‌ ‌ ‌ ‌ ‌ ‌ ‌ ‌ ‌ ‌ ‌
View this email online https://go.amazonsupplychain.com/webmail/949422/1439353524/b5cbaf5782343b9bfea90c2e807d21bcc4c0517813e1b17959ff473f7ca35eea
Peak Prep Checklist
Hi there,
The holiday season is your biggest revenue opportunity of the year, and those who prep early to avoid stockouts and delays make the most revenue. We’ve put together a handy, step-by-step readiness guide to help you optimize your marketing to turn peak traffic into peak sales: https://go.amazonsupplychain.com/e/949422/tent-readiness-guide-inline-en/61qp2f/1439353524/h/TAmnuwRV3yQQm-oH2gVSL_8t_cg1uOThWEn8SeyxWqo
3 things to do now
1. Position your inventory before October 21
Amazon's fulfillment network shifts to outbound mode in November and receiving capacity drops significantly. Have your inventory in place by 10/21 and target 4–6 weeks of stock for your top-selling SKUs heading into Black Friday/Cyber Monday (BFCM).
View your Capacity Monitor in Seller Central→
https://go.amazonsupplychain.com/e/949422/tent-capacitymonitor-inline-en/61qp2j/1439353524/h/TAmnuwRV3y",2026-10-08 01:29:21,RETR,xtbBpBHdw2qr8HGKWQAA34
其他风险类,older,account_4,weihaizhongxin2024@126.com,"Wed, 16 Sep 2026 01:31:48 +0000","""Amazon Seller Central Notifications (Do Not Reply)"" <donotreply@amazon.com>",Dangerous goods (hazmat) status update,,"96
 Dangerous goods (hazmat) status update
 Dangerous goods (hazmat) status update
 Hello from Fulfillment by Amazon,
 We are currently conducting a dangerous goods (hazmat) review of one or more of your products:
 CONFLICTING OR MISSING DG DOCUMENTATION
 ASIN
 Merchant SKU
 FNSKU
 Title
 B0HDVC3BVM
 WH-DE-811-WJJVINE-01
 Roaxkois Pelle mécanique télécommandée 3 en 1 pour Enfants de 6 à 12 Ans, télécommande 2,4 GHz, Accessoires métalliques, chenilles pivotantes à 680°. Idéale pour bac à Sable et Jeux extérieurs.
 B0HDVC3BVM
 WH-DE-911-WJJVINE-01
 Roaxkois Pelle mécanique télécommandée 3 en 1 pour Enfants de 6 à 12 Ans, télécommande 2,4 GHz, Accessoires métalliques, chenilles pivotantes à 680°. Idéale pour bac à Sable et Jeux extérieurs.
 Why this is happening
 We do not have enough dangerous goods information to correctly classify the above products, and until you provide the necessary information, the products will not be available for sale and you will not be able to send more units to Amazon fulfillment centers. We need you to provide a proper Safety Data Sheet (SDS) for each product listed above. You may submit an exemption sheet only if the product does not have an SDS and doe",2026-10-08 01:29:15,RETR,xtbBswmjiWqp8YnCRwAA3u
其他风险类,older,account_4,weihaizhongxin2024@126.com,"Tue, 15 Sep 2026 10:27:49 +0800 (CST)",能标检测(NBTS）亚马逊DV-TRF号管理 <fli.lin@nbtscn.com>,能标检测(NBTS）亚马逊DV-TRF号情况跟进,,"尊敬的客户：
您好！
温馨提醒：收到贵司在亚马逊平台选择NBTS检测并提交了的 TR178939056213413, TR178939083153293 申请。
为确保测试/验证流程顺利推进，请尽快联系我们完成信息确认。
若 3 天内我们仍未收到贵司回应，我们将该 TRF 标记为 Unresponsive Seller（无响应卖家）。
如后续仍需继续此 TRID 的测试与验证，可随时与我们联系并提交样品/测试报告，我们将协助该 TRF的后台状态更新。
如有疑问，欢迎随时联系我们。
谢谢！
能标检测NBTS
--------------------------------------------------------------------
Dear Valued Customer,
Greetings!
Friendly Reminder: We have received application TR178939056213413, TR178939083153293 submitted by your company, where NBTS was selected as the notified body on Amazon.
To ensure the smooth progress of the testing and verification process, please contact us at your earliest convenience to complete information confirmation.
If we do not receive your response within 3 days, this TRF will be marked as Unresponsive Seller.
Should you need to resume testing and verification for this TRID at a later time, please feel free to contact us and submit samples / test reports. We will assist with updating the backend status of this TRF.
Should you have any questions, please do not hesitate to contact us.
Thank you!
NBTS
-----------------------------------
-----------------------------------
TEL:18998060978    TEL: 400-877-6107
E-mail: fil.lin@n",2026-10-08 01:29:11,RETR,xtbBsgU5H2qorSUbTQAA3N
其他风险类,older,account_4,weihaizhongxin2024@126.com,"Mon, 14 Sep 2026 14:01:06 +0000",The Amazon Services team <donotreply@amazon.com>,Redesigned Seller Central becomes default 24 Sep,,"96
 Same powerful tools, built to grow with your business.
 Hello,
 As of 24 September 2026, you’ll be welcomed back to the new Seller Central, a selling experience shaped by feedback from seller like you. Since you last tried the new Seller Central experience, we’ve made meaningful improvements based on your input.
 We've streamlined navigation to make your daily tools easier to access. Product and shipment management now feature faster search and side-panel details. Seller Assistant is built into Manage Products to surface insights and take actions on your behalf. Plus, customisable workspaces let you choose what data to see and save your preferred views.
 To get familiar with the new Seller Central experience and to find all the tools you need:
- Get to know the new layout with the full guide to finding your favourite tools .
- Discover every tool and page in one place with the site MAP , also accessible at the bottom left corner of the menu.
- Locate any tool instantly using the search bar at the top of any page.
- Stay on top of what matters with the Action Center in the left panel for your most important next STEP across all workspaces. You can still access classic Seller Cen",2026-10-08 01:29:10,RETR,xtbBsgRNM2qn-iQkuwAA3A
其他风险类,older,account_4,weihaizhongxin2024@126.com,"Thu, 10 Sep 2026 03:24:54 +0000","""Amazon Seller Central Communications (Do Not Reply)"" <donotreply@amazon.com>","[Amazon.fr] One or More of Your Amazon Listings Have Been Search
 Suppressed",,"96
[Amazon.fr] One or More of Your Amazon Listings Have Been Search Suppressed
 [Amazon.fr] One or More of Your Amazon Listings Have Been Search Suppressed
 One or more of your Amazon FR listings have been suppressed from search results
 Amazon took action on one or more of your listings. 1 listing(s) were quarantined and removed from search results on the Amazon website. The affected listings do not meet Amazon's ASIN Creation Policy , Duplicate ASIN Creation Policy , Product Image Requirements or Product Title Requirements .
 Review and edit quarantined listings Affected Listings
 ASIN SKU Enforcement Reason B0GYPZ58JY WH-TCJ-EU-0427-01 More Information Required
 How do I resolve quarantined listings?
 Review and edit the listing(s) on the Suppressed Inventory page in Seller Central to correct the affected attributes or images.
 Once the affected attributes or images have been corrected, the listing(s) will be removed from quarantine and made available in search results.
 Have your listings been quarantined by mistake?
 If you believe there has been an error, please contact Amazon Seller Support to provide details explaining how the listing(s) have not violated Amazon policies an",2026-10-08 01:27:16,RETR,xtbBpAsO82qiIwtgVQAA3H
