category,time_bucket,account,account_user,date,from,subject,hit_keywords,body_preview,detected_at,fetch_mode,uid
店铺绩效类,today,account_4,weihaizhongxin2024@126.com,"Wed, 2 Sep 2026 04:50:31 +0000","""Fulfillment by Amazon (Do not reply)"" <donotreply@amazon.com>",FBA reimbursement notification,,"96
FBA reimbursement notification
 You have a reimbursement activity
 Hello from Fulfilment by Amazon,
We have initiated a reimbursement, a reimbursement reversal, or both due to recent activity on your selling account. No action is required from you.
Reimbursements can be initiated for an issue that you notified us about or one that we identified at a fulfilment centre. A reimbursement reversal occurs when a reimbursement decision has been reviewed and changed. Reimbursement amounts are determined in accordance with the FBA inventory reimbursement policy ( https://sellercentral.amazon.co.uk/gp/help/external/200213130 ).
Please note that it may take up to five business days for reimbursement transactions to appear in your seller account.
You can find details on your reimbursement or reversal transaction in the Reimbursements report ( https://sellercentral.amazon.co.uk/reportcentral/REIMBURSEMENTS/0 ) in Seller Central:
- In the Event Date drop-down menu, select a date range and click Generate report . You can use the date in the subject line of this email as a point of reference.
- To identify inventory reimbursements and reversals, see the Quantity reimbursed [inventory] column.
-",2026-09-02 08:42:49,RETR,xtbBpBpxV2qXqxpAjQAA3Z
店铺绩效类,last7,account_4,weihaizhongxin2024@126.com,"Tue, 1 Sep 2026 19:31:35 +0000","""Amazon.com"" <fba-noreply@amazon.com>",Your FBA request is complete (TrF4EN0N6o),,"Greetings from Amazon.com
We thought you'd like to know that we have completed your destroy request.
Disposal Summary:
Quantity Requested: 1
Quantity Successfully Destroyed: 1
Quantity Cancelled: 0
You can track the status of this request by visiting your Seller Account at:
https://sellercentral.amazon.com/
For a complete list of inventory being destroyed, go to:
https://sellercentral.amazon.com/gp/orders/fba-order-details.html?orderID=S01-3466953-4664826
Please note: this email was sent from a notification-only address that
cannot accept incoming e-mail. Please do not reply to this message.
Thank you for using Fulfillment by Amazon.
--------------------------------------------------------------------------
Fulfillment by Amazon, professional packing, shipping and servicing of
online orders.
--------------------------------------------------------------------------
Was this email helpful?
 https://sellercentral.amazon.com/gp/satisfaction/survey-form.html?ie=UTF8&HMDName=NotificationBusEmailHMD&customAttribute1Value=PRODUCT_REMOVAL_ORDER_SHIPPED_NOW
SPC-USAmazon-457399084289619",2026-09-02 08:42:48,RETR,xtbBpBqQdmqXKBoTXwAA3b
店铺绩效类,last7,account_4,weihaizhongxin2024@126.com,"Tue, 1 Sep 2026 15:06:42 +0000","""dg-seller-enrollment@amazon.com"" <dg-seller-enrollment@amazon.com>",[Case ID:21758925371]*Your Case Resolved* You’re invited to the Dangerous Goods (Hazmat) Program US,,"96
[Case ID:21758925371]*Your Case Resolved* You’re invited to the Dangerous Goods (Hazmat) Program US
 Hello from Fulfillment by Amazon,
We’ve received no response from you regarding the invitation to participate in the FBA Dangerous Goods (Hazmat) Program. We’ll keep your name on our program waitlist and may consider you for future program enrollment. You may or may not potentially sell Dangerous Goods (Hazmat) products at this time, however in the future you may be a seller who would like to grow their business by starting to sell Dangerous Goods ASIN(s) through Fulfillment by Amazon. Should you have any further issues/questions regarding your seller account, inventory, or future enrollment to the FBA Dangerous Goods program- please feel free to contact Amazon seller support at any time by opening a new case. If enrollment related please use this case # as a reference. Thank you for selling on Amazon. Thank you for selling on Amazon.
-- Original Message --
Greetings from Fulfillment by Amazon,
I am an Amazon associate extending an invitation to you, on behalf of our research team for FBA Dangerous Goods (Hazmat) Program US.
Our program research team has identified you as a Selle",2026-09-02 08:42:47,RETR,xtbBpAb74WqW6ga9-gAA3r
店铺绩效类,last7,account_4,weihaizhongxin2024@126.com,"Tue, 1 Sep 2026 05:00:11 +0000","""Fulfillment by Amazon (Do not reply)"" <donotreply@amazon.com>",FBA reimbursement notification,,"96
FBA reimbursement notification
 You have a reimbursement activity
 Hello from Fulfilment by Amazon,
We have initiated a reimbursement, a reimbursement reversal, or both due to recent activity on your selling account. No action is required from you.
Reimbursements can be initiated for an issue that you notified us about or one that we identified at a fulfilment centre. A reimbursement reversal occurs when a reimbursement decision has been reviewed and changed. Reimbursement amounts are determined in accordance with the FBA inventory reimbursement policy ( https://sellercentral.amazon.co.uk/gp/help/external/200213130 ).
Please note that it may take up to five business days for reimbursement transactions to appear in your seller account.
You can find details on your reimbursement or reversal transaction in the Reimbursements report ( https://sellercentral.amazon.co.uk/reportcentral/REIMBURSEMENTS/0 ) in Seller Central:
- In the Event Date drop-down menu, select a date range and click Generate report . You can use the date in the subject line of this email as a point of reference.
- To identify inventory reimbursements and reversals, see the Quantity reimbursed [inventory] column.
-",2026-09-02 08:42:44,RETR,xtbBsgBPNWqWW+BfQwAA3T
店铺绩效类,last7,account_4,weihaizhongxin2024@126.com,"Sun, 30 Aug 2026 14:03:08 +0000",Fulfillment by Amazon Operations <fba-noreply@amazon.com>,Automated unfulfillable FBA inventory removal notification,,"96
 Hello Weihai US,
The following automated unfulfillable FBA removal orders have been created based on your automated settings.
 Removal order ID TrF4EN0N6o
 You can view the removals on Removal Order Details in your seller account by using the Search tool.
The next removal order will be created as scheduled on August 31, 2026 in accordance with your settings if you have unfulfillable inventory at that time.
To make changes to the shipping address, frequency of your automated unfulfillable removals, or other settings, go to Automated unfulfillable removal settings in your seller account.
 Thank you.
The Fulfillment by Amazon team
Please note: This email was sent from a notification-only address that cannot accept incoming email. Please do not reply to this email.
 Report an issue with this email
 If you have any questions visit: Seller Central
 To change your email preferences visit: Notification Preferences
 Copyright 2026 Amazon, Inc, or its affiliates. All rights reserved.
 Amazon.com, 410 Terry Avenue North, Seattle, WA 98109-5210
 SPC-USAmazon-879611544482927",2026-09-02 08:42:40,RETR,xtbBpB-UumqUOB-mVwAA39
店铺绩效类,last7,account_4,weihaizhongxin2024@126.com,"Sat, 29 Aug 2026 04:40:08 +0000","""Fulfillment by Amazon (Do not reply)"" <donotreply@amazon.com>",FBA reimbursement notification,,"96
FBA reimbursement notification
 You have a reimbursement activity
 Hello from Fulfilment by Amazon,
We have initiated a reimbursement, a reimbursement reversal, or both due to recent activity on your selling account. No action is required from you.
Reimbursements can be initiated for an issue that you notified us about or one that we identified at a fulfilment centre. A reimbursement reversal occurs when a reimbursement decision has been reviewed and changed. Reimbursement amounts are determined in accordance with the FBA inventory reimbursement policy ( https://sellercentral.amazon.co.uk/gp/help/external/200213130 ).
Please note that it may take up to five business days for reimbursement transactions to appear in your seller account.
You can find details on your reimbursement or reversal transaction in the Reimbursements report ( https://sellercentral.amazon.co.uk/reportcentral/REIMBURSEMENTS/0 ) in Seller Central:
- In the Event Date drop-down menu, select a date range and click Generate report . You can use the date in the subject line of this email as a point of reference.
- To identify inventory reimbursements and reversals, see the Quantity reimbursed [inventory] column.
-",2026-09-02 08:42:39,RETR,xtbBsw4D6GqSYq4WegAA3O
店铺绩效类,last7,account_4,weihaizhongxin2024@126.com,"Fri, 28 Aug 2026 16:34:35 +0000","""Amazon.com"" <fba-noreply@amazon.com>",Your FBA request is complete (0QNxXwzJgp),,"Greetings from Amazon.com
We thought you'd like to know that we have completed your destroy request.
You can track the status of this request by visiting your Seller Account at:
https://sellercentral-europe.amazon.com/
For a complete list of inventory being destroyed, go to:
https://sellercentral-europe.amazon.com/gp/orders/fba-order-details.html?orderID=S02-7696423-7233432
Please note: this email was sent from a notification-only address that
cannot accept incoming e-mail. Please do not reply to this message.
Thank you for using Fulfillment by Amazon.
------------------------------------------------------------------------------
Fulfilment by Amazon – let Amazon pick, pack and ship your orders domestically
and EU wide.
------------------------------------------------------------------------------
Was this e-mail helpful? https://sellercentral.amazon.co.uk/gp/satisfaction/survey-form.html?ie=UTF8&HMDName=NotificationBusEmailHMD&customAttribute1Value=PRODUCT_REMOVAL_ORDER_SHIPPED_NOW
SPC-EUAmazon-1829589036692155",2026-09-02 08:42:35,RETR,xtbBpB1UOmqRuJ29swAA3H
店铺绩效类,last7,account_4,weihaizhongxin2024@126.com,"Fri, 28 Aug 2026 15:00:25 +0000","""dg-seller-enrollment@amazon.com"" <dg-seller-enrollment@amazon.com>",[Case ID:21758925371]*Your Help Needed* You’re invited to the Dangerous Goods (Hazmat) Program US,,"96
[Case ID:21758925371]*Your Help Needed* You’re invited to the Dangerous Goods (Hazmat) Program US
 Greetings from Amazon,
This is a friendly reminder that we are still waiting for your feedback on our request to provide the necessary information. Please let us know if we can be of any further assistance.
-- Original Message --
Greetings from Fulfillment by Amazon,
I am an Amazon associate extending an invitation to you, on behalf of our research team for FBA Dangerous Goods (Hazmat) Program US.
Our program research team has identified you as a Seller that is not currently enrolled to our program. You may or may not potentially sell Dangerous Goods (Hazmat) products at this time, however you may be a Seller who would like to grow their business by starting to sell Dangerous Goods (Hazmat) ASIN(s) through Fulfillment By Amazon. Enrollment into the FBA Dangerous Goods Hazmat program allows sellers to continue offering/selling ASIN(s) on Fulfillment by Amazon, that have been reviewed and classified as Dangerous Goods (Hazmat) and are approved for sale through FBA.
What are dangerous goods? Dangerous goods (also called hazardous materials, or hazmat) are substances or materials that ",2026-09-02 08:42:35,RETR,xtbBpA3KsGqRoo1PRQAA3N
店铺绩效类,last7,account_4,weihaizhongxin2024@126.com,"Fri, 28 Aug 2026 09:22:31 +0000","""Fulfillment by Amazon (Do not reply)"" <donotreply@amazon.com>",FBA reimbursement notification,,"96
FBA reimbursement notification
 You have a reimbursement activity
 Hello from Fulfillment by Amazon,
We have initiated a reimbursement, a reimbursement reversal, or both due to recent activity on your selling account. No action is required from you.
Reimbursements can be initiated for an issue that you notified us about or one that we identified at a fulfillment center. A reimbursement reversal occurs when a reimbursement decision has been reviewed and changed. Reimbursement amounts are determined in accordance with the FBA inventory reimbursement policy ( https://sellercentral.amazon.com/gp/help/external/200213130 ).
Please note that it may take up to five business days for reimbursement transactions to appear in your seller account.
You can find details on your reimbursement or reversal transaction in the Reimbursements report ( https://sellercentral.amazon.com/reportcentral/REIMBURSEMENTS/0 ) in Seller Central:
- In the Event Date drop-down menu, select a date range and click Generate report . You can use the date in the subject line of this email as a point of reference.
- To identify inventory reimbursements and reversals, see the Quantity reimbursed [inventory] column.
- T",2026-09-02 08:42:35,RETR,xtbBpBnpz2qRU1mHRgAA3r
店铺绩效类,last7,account_4,weihaizhongxin2024@126.com,"Fri, 28 Aug 2026 04:53:03 +0000","""Fulfillment by Amazon (Do not reply)"" <donotreply@amazon.com>",FBA reimbursement notification,,"96
FBA reimbursement notification
 You have a reimbursement activity
 Hello from Fulfilment by Amazon,
We have initiated a reimbursement, a reimbursement reversal, or both due to recent activity on your selling account. No action is required from you.
Reimbursements can be initiated for an issue that you notified us about or one that we identified at a fulfilment centre. A reimbursement reversal occurs when a reimbursement decision has been reviewed and changed. Reimbursement amounts are determined in accordance with the FBA inventory reimbursement policy ( https://sellercentral.amazon.co.uk/gp/help/external/200213130 ).
Please note that it may take up to five business days for reimbursement transactions to appear in your seller account.
You can find details on your reimbursement or reversal transaction in the Reimbursements report ( https://sellercentral.amazon.co.uk/reportcentral/REIMBURSEMENTS/0 ) in Seller Central:
- In the Event Date drop-down menu, select a date range and click Generate report . You can use the date in the subject line of this email as a point of reference.
- To identify inventory reimbursements and reversals, see the Quantity reimbursed [inventory] column.
-",2026-09-02 08:42:34,RETR,xtbBpRQR9mqRFDRYuwAA3u
店铺绩效类,last7,account_4,weihaizhongxin2024@126.com,"Thu, 27 Aug 2026 05:02:47 +0000","""Fulfillment by Amazon (Do not reply)"" <donotreply@amazon.com>",FBA reimbursement notification,,"96
FBA reimbursement notification
 You have a reimbursement activity
 Hello from Fulfilment by Amazon,
We have initiated a reimbursement, a reimbursement reversal, or both due to recent activity on your selling account. No action is required from you.
Reimbursements can be initiated for an issue that you notified us about or one that we identified at a fulfilment centre. A reimbursement reversal occurs when a reimbursement decision has been reviewed and changed. Reimbursement amounts are determined in accordance with the FBA inventory reimbursement policy ( https://sellercentral.amazon.co.uk/gp/help/external/200213130 ).
Please note that it may take up to five business days for reimbursement transactions to appear in your seller account.
You can find details on your reimbursement or reversal transaction in the Reimbursements report ( https://sellercentral.amazon.co.uk/reportcentral/REIMBURSEMENTS/0 ) in Seller Central:
- In the Event Date drop-down menu, select a date range and click Generate report . You can use the date in the subject line of this email as a point of reference.
- To identify inventory reimbursements and reversals, see the Quantity reimbursed [inventory] column.
-",2026-09-02 08:42:30,RETR,xtbBpRrt02qPxPqJ3gAA3N
店铺绩效类,last7,account_4,weihaizhongxin2024@126.com,"Wed, 26 Aug 2026 23:58:41 +0000","""Amazon.com"" <fba-noreply@amazon.com>",Your FBA request is complete (0Bix9UfQE5),,"Greetings from Amazon.com
We thought you'd like to know that we have completed your destroy request.
You can track the status of this request by visiting your Seller Account at:
https://sellercentral-europe.amazon.com/
For a complete list of inventory being destroyed, go to:
https://sellercentral-europe.amazon.com/gp/orders/fba-order-details.html?orderID=S02-5374707-9009810
Please note: this email was sent from a notification-only address that
cannot accept incoming e-mail. Please do not reply to this message.
Thank you for using Fulfillment by Amazon.
------------------------------------------------------------------------------
Fulfilment by Amazon – let Amazon pick, pack and ship your orders domestically
and EU wide.
------------------------------------------------------------------------------
Was this e-mail helpful? https://sellercentral.amazon.co.uk/gp/satisfaction/survey-form.html?ie=UTF8&HMDName=NotificationBusEmailHMD&customAttribute1Value=PRODUCT_REMOVAL_ORDER_SHIPPED_NOW
SPC-EUAmazon-1020348475616097",2026-09-02 08:42:30,RETR,xtbBshQL8GqPfbRd9AAA3Y
店铺绩效类,last7,account_4,weihaizhongxin2024@126.com,"Wed, 26 Aug 2026 15:00:02 +0000","""dg-seller-enrollment@amazon.com"" <dg-seller-enrollment@amazon.com>",RE:[CASE 21758925371] You’re invited to the Dangerous Goods (Hazmat) Program US,,"96
RE:[CASE 21758925371] You’re invited to the Dangerous Goods (Hazmat) Program US
Greetings from Fulfillment by Amazon,
I am an Amazon associate extending an invitation to you, on behalf of our research team for FBA Dangerous Goods (Hazmat) Program US.
Our program research team has identified you as a Seller that is not currently enrolled to our program. You may or may not potentially sell Dangerous Goods (Hazmat) products at this time, however you may be a Seller who would like to grow their business by starting to sell Dangerous Goods (Hazmat) ASIN(s) through Fulfillment By Amazon. Enrollment into the FBA Dangerous Goods Hazmat program allows sellers to continue offering/selling ASIN(s) on Fulfillment by Amazon, that have been reviewed and classified as Dangerous Goods (Hazmat) and are approved for sale through FBA.
What are dangerous goods? Dangerous goods (also called hazardous materials, or hazmat) are substances or materials that may pose a risk to health, safety, property, or the environment while storing, handling, or transporting because they contain flammable, pressurized, corrosive, or otherwise harmful substances. This may include many consumer-grade products such as p",2026-09-02 08:42:30,RETR,xtbBpRRbQWqO-3T9awAA3S
付款/资金类,last7,account_4,weihaizhongxin2024@126.com,"Tue, 1 Sep 2026 15:50:35 +0000",The Amazon Services team <donotreply@amazon.com>,Download your China tax report for October - December 2025,,"96
 You can now download your quarterly tax report which includes data such as identity information, number of transactions, revenue, and commission and service fees.
 Hello,
 According to rules for online stores issued by the State Council of China (Decree No. 810) and China State Taxation Administration Public Notice [2025] No.15 (""PN15""), we provide information on China-based sellers to the Chinese tax authority on a quarterly basis.
 Some sellers identified potential data discrepancies with the first quarterly tax report covering October to December 2025. Our team has carefully reviewed all reporting to ensure it accurately reflects your activity in our store, and resubmitted Q4 2025 reports to the Chinese tax authority where necessary.
 We’re re-sending your quarterly China tax report. The links below are active for seven days.
 Download your quarterly report
 This report is provided for your reference only, no action is required.
 We’ve also provided a more granular order-level report that displays your quarterly information by transaction.
 Download your order-level report
 Variation between the data in these reports and your payment and Amazon VAT transactions report is exp",2026-09-02 08:42:48,RETR,xtbBsg+QdmqW9E-5+wAA3e
付款/资金类,last7,account_4,weihaizhongxin2024@126.com,"Tue, 1 Sep 2026 15:34:38 +0000",Amazon Accelerate <no-reply@sell.amazon.com>,Three weeks out. Have you registered?,,"[Amazon logo](https://go.amazonsellerservices.com/e/229492/2026-08-31/7z5hj8h/6865258013/h/R4H_C9NHvcjNXDhguSu8h5kLS8rvmJFLgxujNzlVtzg)
[Partner Connect at Accelerate 2026](https://go.amazonsellerservices.com/e/229492/-medium-email-utm-source-email/7z5hj8l/6865258013/h/R4H_C9NHvcjNXDhguSu8h5kLS8rvmJFLgxujNzlVtzg)
Still time left to join us
In three weeks, thousands of sellers will fill a room in Seattle to experience the latest innovations firsthand, meet the people building them, and walk out with a plan for the year ahead. I want to see you there.
Join us from September 22 to 24 for Amazon Accelerate 2026. Three days of sessions, one-on-one support, and a community of sellers like you.
[Register now](https://go.amazonsellerservices.com/e/229492/-medium-email-utm-source-email/7z5hj8l/6865258013/h/R4H_C9NHvcjNXDhguSu8h5kLS8rvmJFLgxujNzlVtzg)
[Partner Connect at Accelerate 2026](https://go.amazonsellerservices.com/e/229492/-medium-email-utm-source-email/7z5hj8l/6865258013/h/R4H_C9NHvcjNXDhguSu8h5kLS8rvmJFLgxujNzlVtzg)
- Learn from the people building your tools
From keynotes with Amazon senior leaders to interactive workshops and demos, sessions are built around where you actually a",2026-09-02 08:42:47,RETR,xtbBpRKghmqW8JLWsQAA3o
付款/资金类,last7,account_4,weihaizhongxin2024@126.com,"Tue, 1 Sep 2026 13:47:19 +0000",Amazon Services <donotreply@amazon.com>,Your payment is on the way,,"96
This title will display on mobile devices
 Congratulations! Your payment is on the way and will arrive soon.
 Disbursement attempted
Congratulations Weihai CA! Your payment is on the way and will arrive within three to five days.
On 09/01/26 13:42 EDT, we initiated a transfer to your payment method (bank account ending in 151) in the amount of CAD
 336.97.
 If the amount is less than expected, here are a few questions to consider:
 Do you have an unavailable balance? Amazon might be reserving money to cover potential returns, claims or chargebacks from buyers. If this is the case, the closing balance in your Payment Report will display the unavailable balance that is reserved.
 Did your sales cover all fees and returns for this statement period? The payment amount reflects sales activities, selling fees and fees for promotions or services. We recommend reviewing your Payment Report under the Reports tab in Seller Central to understand your closing balance.
To learn more about Payment Reports in Seller Central, please visit our official course.
We wish you continued success!
Thank you for selling in the Amazon Store,
Amazon Services
Help us improve your payment experience on Amaz",2026-09-02 08:42:46,RETR,xtbBsgtQNmqW12tNawAA35
付款/资金类,last7,account_4,weihaizhongxin2024@126.com,"Tue, 1 Sep 2026 13:38:54 +0000",Amazon Services <donotreply@amazon.com>,Tu pago está en camino,,"96
This title will display on mobile devices
 ¡Enhorabuena! El pago está de camino y llegará pronto.
 El pago está en camino
Enhorabuena, Weihai EU. Tu pago está en camino y te llegará en un plazo de tres a cinco días.
El 09/01/26 13:38 WEST, iniciamos una transferencia a tu método de pago (cuenta bancaria terminado en 229) por un importe de €
 464,24.
 Si el importe es inferior a lo esperado, ten en cuenta las siguientes preguntas:
 ¿Tienes saldo no disponible en tu cuenta de vendedor? Puede que hayamos reservado algo de dinero para posibles devoluciones, reclamaciones o reversiones de cargo de clientes. En este caso, el saldo de cierre de tu informe de pagos te mostrará el saldo no disponible en reserva.
 ¿Cubren tus ventas las tarifas de Amazon y las devoluciones del periodo de liquidación? El importe del pago refleja las ventas que has hecho y las tarifas de venta aplicadas tanto a dichas ventas como a cualquier promoción o servicio que hayas utilizado. Te recomendamos que revises tu informe de pagos en ""Informes"" de Seller Central para conocer el saldo de cierre.
Para más información sobre los informes de pagos en Seller Central, visita nuestro curso oficial.
Te deseamos un éx",2026-09-02 08:42:46,RETR,xtbBpRPRt2qW1XMxQAAA37
付款/资金类,last7,account_4,weihaizhongxin2024@126.com,"Tue, 1 Sep 2026 13:38:25 +0000",Amazon Services <donotreply@amazon.com>,Your payment is on the way,,"96
This title will display on mobile devices
 Congratulations! Your payment is on the way and will arrive soon.
 Disbursement Attempted
Congratulations Weihai EU! Your payment is on the way and will arrive within three to five days.
On 09/01/26 13:38 CEST, we initiated a transfer to your payment method (bank account ending in 229) in the amount of €
 285.30.
 If the amount is less than expected, here are a few questions to consider:
 Do you have an unavailable balance? Amazon might be reserving money to cover potential returns, claims, or chargebacks from buyers. If this is the case, the closing balance in your Payment Report will display the unavailable balance that is reserved.
 Did your sales cover all fees and returns for this statement period? The payment amount reflects sales activities, selling fees, and fees for promotions or services. We recommend reviewing your Payment Report under the Reports tab in Seller Central to understand your closing balance.
To learn more about Payment Reports in Seller Central, please visit our official course.
We wish you continued success!
Thank you for selling in the Amazon store,
Amazon Services
Help us improve your payment experience on Ama",2026-09-02 08:42:46,RETR,xtbBpBPJr2qW1VM6kQAA3A
付款/资金类,last7,account_4,weihaizhongxin2024@126.com,"Tue, 1 Sep 2026 10:39:58 +0000",Amazon Europe <donotreply@amazon.com>,Envía los números de registro de RAP antes del 30 de junio,,"96
 You’ll be enrolled in EPR Pay on Behalf unless you provide valid Extended Producer Responsibility registration numbers by June 30
                                                     ‍͏  ͏  ‍͏  ͏  ‍͏  ͏  ‍͏  ͏  ‍͏  ͏  ‍͏  ͏  ‍͏  ͏  ‍͏  ͏  ‍͏  ͏  ‍͏  ͏  ‍͏  ͏  ‍͏  ͏  ‍͏  ͏  ‍͏  ͏  ‍͏  ͏  ‍͏  ͏  ‍͏  ͏  ‍͏  ͏  ‍͏  ͏  ‍͏  ͏  ‍͏  ͏  ‍͏  ͏  ‍͏  ͏  ‍͏  ͏  ‍͏  ͏  ‍͏  ͏  ‍͏  ͏  ‍͏  ͏  ‍͏  ͏  ‍͏  ͏  ‍͏  ͏  ‍͏  ͏  ‍͏  ͏  ‍͏  ͏  ‍͏  ͏  ‍͏  ͏  ‍͏  ͏  ‍͏  ͏  ‍͏  ͏ ͏‌ ­ ­ ­ ­ ͏‌ ­ ­ ­ ­ ͏‌ ­ ­ ­ ­ ͏‌ ­ ­ ­ ­ ͏‌ ­ ­ ­ ­ ͏‌ ­ ­ ­ ­ ͏‌ ­ ­ ­ ­ ͏‌ ­ ­ ­ ­ ͏‌ ­ ­ ­ ­ ͏‌ ­ ­ ­ ­ ͏‌ ­ ­ ­ ­ ͏‌ ­ ­ ­ ­ ͏‌ ­ ­ ­ ­ ͏‌ ­ ­ ­ ­ ͏‌ ­ ­ ­ ­ ͏‌ ­ ­ ­ ­ ͏‌ ­ ­ ­ ­ ͏‌ ­ ­ ­ ­ ͏‌ ­ ­ ­ ­ ͏‌ ­ ­ ­ ­ ͏‌ ­ ­ ­ ­ ͏‌ ­ ­ ­ ­ ͏‌ ­ ­ ­ ­ ͏‌ ­ ­ ­ ­ ͏‌ ­ ­ ­ ­ ͏‌ ­ ­ ­ ­ ͏‌ ­ ­ ­ ­ ͏‌ ­ ­ ­ ­ ͏‌ ­ ­ ­ ­ ͏‌ ­ ­ ­ ­ ͏‌ ­ ­ ­ ­ ͏‌ ­ ­ ­ ­ ͏‌ ­ ­ ­ ­ ͏‌ ­ ­ ­ ­ ͏‌ ­ ­ ­ ­ ͏‌ ­ ­ ­ ­ ͏‌ ­ ­ ­ ­ ͏‌ ­ ­ ­ ­ ͏‌ ­ ­ ­ ­ ͏‌ ­ ­ ­ ­ ͏‌ ­ ­ ­ ­ ͏‌ ­ ­ ­ ­ ͏‌ ­ ­ ­ ­ ͏‌ ­ ­ ­ ­ ͏‌ ­ ­ ­ ­ ͏‌ ­ ­ ­ ­ ͏‌ ­ ­ ­ ­ ͏‌ ­ ­ ­ ­ ͏‌ ­ ­ ­ ­ ͏‌ ­ ­ ­ ­ ͏‌ ­ ­ ­ ­ ͏‌ ­ ­ ­ ­ ͏‌ ­ ­ ­ ­ ͏‌ ­ ­ ­ ­ ͏‌ ­ ­ ­ ­ ͏‌ ­ ­ ­ ­ ͏‌ ­ ­ ­ ­ ͏‌ ­ ­ ­ ­ ͏‌ ­ ­ ­ ­ ͏‌ ­ ­ ­ ­ ͏‌ ­ ­ ­ ­ ͏‌ ­ ­ ­ ­ ͏‌ ­ ­ ­ ­ ͏‌ ­ ­ ­ ­ ͏‌ ­ ­ ­ ­
 Se te registrará en el pr",2026-09-02 08:42:45,RETR,xtbBpQFLMWqWq4EukgAA30
付款/资金类,last7,account_4,weihaizhongxin2024@126.com,"Sat, 29 Aug 2026 10:29:17 +0000",Amazon Accelerate <no-reply@sell.amazon.com>,Early-bird pricing ends this Saturday—Register now,,"[Amazon logo](https://go.amazonsellerservices.com/e/229492/2026-08-26/7z5f1dw/6858839240/h/an0hGAbEsn_GcD7m8vCy3PA0zGSpSHw1r6FwW9L-zGQ)
[Early-bird ending soon](https://go.amazonsellerservices.com/e/229492/-medium-email-utm-source-email/7z5f1dz/6858839240/h/an0hGAbEsn_GcD7m8vCy3PA0zGSpSHw1r6FwW9L-zGQ)
Just hours to go on early-bird pricing
Early-bird pricing ends in 48 hours—and thousands of sellers have already locked in their $499 rate.
Lock in your registration before the price jumps to $599 on August 29.
[Register now](https://go.amazonsellerservices.com/e/229492/-medium-email-utm-source-email/7z5f1dz/6858839240/h/an0hGAbEsn_GcD7m8vCy3PA0zGSpSHw1r6FwW9L-zGQ)
Need more reasons to register? Here are some highlights:
- ​[Limited availability] Seller CaféOne on one expert sessions fill up quickly. Bring your toughest challenge, leave with an action plan.
- ​150+ Sessions Across 11 Tracks
Build a custom schedule tailored to your growth stage, from launch to scale. No two agendas look the same.
- Founder's Table
Intimate 60-minute roundtables with sellers matched by category. One of the highest-rated experiences from 2025, back and expanded.​​
- ​Real strategies from sellers
The Sell",2026-09-02 08:42:40,RETR,xtbBsgGMcmqStIFnPQAA3a
付款/资金类,last7,account_4,weihaizhongxin2024@126.com,"Sat, 29 Aug 2026 00:42:21 +0000",Amazon Services <donotreply@amazon.com>,Tu pago está en camino,,"96
This title will display on mobile devices
 ¡Enhorabuena! El pago está de camino y llegará pronto.
 El pago está en camino
Enhorabuena, Weihai EU. Tu pago está en camino y te llegará en un plazo de tres a cinco días.
El 08/29/26 00:42 WEST, iniciamos una transferencia a tu método de pago (cuenta bancaria terminado en 229) por un importe de €
 686,88.
 Si el importe es inferior a lo esperado, ten en cuenta las siguientes preguntas:
 ¿Tienes saldo no disponible en tu cuenta de vendedor? Puede que hayamos reservado algo de dinero para posibles devoluciones, reclamaciones o reversiones de cargo de clientes. En este caso, el saldo de cierre de tu informe de pagos te mostrará el saldo no disponible en reserva.
 ¿Cubren tus ventas las tarifas de Amazon y las devoluciones del periodo de liquidación? El importe del pago refleja las ventas que has hecho y las tarifas de venta aplicadas tanto a dichas ventas como a cualquier promoción o servicio que hayas utilizado. Te recomendamos que revises tu informe de pagos en ""Informes"" de Seller Central para conocer el saldo de cierre.
Para más información sobre los informes de pagos en Seller Central, visita nuestro curso oficial.
Te deseamos un éx",2026-09-02 08:42:37,RETR,xtbBpRIG62qSKvJuQgAA3W
付款/资金类,last7,account_4,weihaizhongxin2024@126.com,"Sat, 29 Aug 2026 00:41:47 +0000",Amazon Services <donotreply@amazon.com>,Your payment is on the way,,"96
This title will display on mobile devices
 Congratulations! Your payment is on the way and will arrive soon.
 Disbursement Attempted
Congratulations Weihai EU! Your payment is on the way and will arrive within three to five days.
On 08/29/26 00:41 BST, we initiated a transfer to your payment method (bank account ending in 191) in the amount of £
 375.84.
 If the amount is less than expected, here are a few questions to consider:
 Do you have an unavailable balance? Amazon might be reserving money to cover potential returns, claims or chargebacks from buyers. If this is the case, the closing balance in your Payment Report will display the unavailable balance that is reserved.
 Did your sales cover all fees and returns for this statement period? The payment amount reflects sales activities, selling fees and fees for promotions or services. We recommend reviewing your Payment Report under the Reports tab in Seller Central to understand your closing balance.
To find out more about Payment Reports in Seller Central, please visit our official course.
We wish you continued success!
Thank you for selling in the Amazon store,
Amazon Services
Help us improve your payment experience on Ama",2026-09-02 08:42:37,RETR,xtbBpRD942qSKtBtjwAA3L
付款/资金类,last7,account_4,weihaizhongxin2024@126.com,"Thu, 27 Aug 2026 10:23:35 +0000",Amazon Accelerate <no-reply@sell.amazon.com>,"Final Call: Early-bird pricing ends this Saturday, 8/29—Register now",,"[Amazon logo](https://go.amazonsellerservices.com/e/229492/2026-08-25/7z5dp4h/6853578557/h/fMcSGqjdqgEDoIsJN08zOUUgHxkKkP49uaYlySvIDk8)
[Early-bird ending soon](https://go.amazonsellerservices.com/e/229492/-medium-email-utm-source-email/7z5dp4l/6853578557/h/fMcSGqjdqgEDoIsJN08zOUUgHxkKkP49uaYlySvIDk8)
Your last week to save
​​This is your last week to save on Amazon Accelerate 2026. We extended it by popular demand, but early-bird pricing ends this Saturday.
Lock in your $100 savings before the price jumps to $599 on August 29.
[Register now](https://go.amazonsellerservices.com/e/229492/-medium-email-utm-source-email/7z5dp4l/6853578557/h/fMcSGqjdqgEDoIsJN08zOUUgHxkKkP49uaYlySvIDk8)
​​​""Every year, Accelerate continues to improve. This is the main event all sellers should attend.""
2025 attendee
Here's what registering gives you access to:
- ​[Limited availability] Seller CaféOne on one expert sessions fill up quickly. Bring your toughest challenge, leave with an action plan.
- ​150+ Sessions Across 11 Tracks
Build a custom schedule tailored to your growth stage, from launch to scale. No two agendas look the same.
- Founder's Table
Intimate 60-minute roundtables with sellers matched ",2026-09-02 08:42:33,RETR,xtbBsgrMsmqQECpJgQAA3O
付款/资金类,last7,account_4,weihaizhongxin2024@126.com,"Wed, 26 Aug 2026 12:33:59 +0000",Amazon Accelerate <no-reply@sell.amazon.com>,Sellers called this one of the highlights of Accelerate,,"[Amazon logo](https://go.amazonsellerservices.com/e/229492/2026-08-24/7z5dhr3/6851676170/h/Wjp-bmbnJMm0YNVflBOldr6STH8h5YJsrXHhgAzeKUo)
[Partner Connect at Accelerate 2026](https://go.amazonsellerservices.com/e/229492/-medium-email-utm-source-email/7z5dhr6/6851676170/h/Wjp-bmbnJMm0YNVflBOldr6STH8h5YJsrXHhgAzeKUo)
Unwind. Connect. Celebrate what you're building.
Early-bird pricing ends this Saturday (Aug. 29), this is your final opportunity to save $100!
The sessions will teach you plenty. The Block Party is where you will celebrate.
On Wednesday evening, September 23 from 6 p.m. to 9 p.m. Pacific Time, we are throwing open the doors to two Seattle icons for a night to remember at Amazon Accelerate 2026.
[Register now](https://go.amazonsellerservices.com/e/229492/-medium-email-utm-source-email/7z5dhr6/6851676170/h/Wjp-bmbnJMm0YNVflBOldr6STH8h5YJsrXHhgAzeKUo)
“The event space and atmosphere, especially the evening networking at the Space Needle, were absolutely top-notch.”
2025 attendee
This is what's waiting for you
[An image showcasing the key elements of a product listing page.](https://go.amazonsellerservices.com/e/229492/shorts-f7YEeTDtIOY/7z5dhr9/6851676170/h/Wjp-bmbnJMm0YNVflB",2026-09-02 08:42:29,RETR,xtbBpBvDqWqO3TtDmAAA3M
产品链接/合规类,last7,account_4,weihaizhongxin2024@126.com,"Tue, 1 Sep 2026 10:41:56 +0000",Amazon Europe <donotreply@amazon.com>,Submit EPR registration numbers by June 30,,"96
 You’ll be enrolled in EPR Pay on Behalf unless you provide valid Extended Producer Responsibility registration numbers by June 30
                                                     ‍͏  ͏  ‍͏  ͏  ‍͏  ͏  ‍͏  ͏  ‍͏  ͏  ‍͏  ͏  ‍͏  ͏  ‍͏  ͏  ‍͏  ͏  ‍͏  ͏  ‍͏  ͏  ‍͏  ͏  ‍͏  ͏  ‍͏  ͏  ‍͏  ͏  ‍͏  ͏  ‍͏  ͏  ‍͏  ͏  ‍͏  ͏  ‍͏  ͏  ‍͏  ͏  ‍͏  ͏  ‍͏  ͏  ‍͏  ͏  ‍͏  ͏  ‍͏  ͏  ‍͏  ͏  ‍͏  ͏  ‍͏  ͏  ‍͏  ͏  ‍͏  ͏  ‍͏  ͏  ‍͏  ͏  ‍͏  ͏  ‍͏  ͏  ‍͏  ͏  ‍͏  ͏  ‍͏  ͏  ‍͏  ͏ ͏‌ ­ ­ ­ ­ ͏‌ ­ ­ ­ ­ ͏‌ ­ ­ ­ ­ ͏‌ ­ ­ ­ ­ ͏‌ ­ ­ ­ ­ ͏‌ ­ ­ ­ ­ ͏‌ ­ ­ ­ ­ ͏‌ ­ ­ ­ ­ ͏‌ ­ ­ ­ ­ ͏‌ ­ ­ ­ ­ ͏‌ ­ ­ ­ ­ ͏‌ ­ ­ ­ ­ ͏‌ ­ ­ ­ ­ ͏‌ ­ ­ ­ ­ ͏‌ ­ ­ ­ ­ ͏‌ ­ ­ ­ ­ ͏‌ ­ ­ ­ ­ ͏‌ ­ ­ ­ ­ ͏‌ ­ ­ ­ ­ ͏‌ ­ ­ ­ ­ ͏‌ ­ ­ ­ ­ ͏‌ ­ ­ ­ ­ ͏‌ ­ ­ ­ ­ ͏‌ ­ ­ ­ ­ ͏‌ ­ ­ ­ ­ ͏‌ ­ ­ ­ ­ ͏‌ ­ ­ ­ ­ ͏‌ ­ ­ ­ ­ ͏‌ ­ ­ ­ ­ ͏‌ ­ ­ ­ ­ ͏‌ ­ ­ ­ ­ ͏‌ ­ ­ ­ ­ ͏‌ ­ ­ ­ ­ ͏‌ ­ ­ ­ ­ ͏‌ ­ ­ ­ ­ ͏‌ ­ ­ ­ ­ ͏‌ ­ ­ ­ ­ ͏‌ ­ ­ ­ ­ ͏‌ ­ ­ ­ ­ ͏‌ ­ ­ ­ ­ ͏‌ ­ ­ ­ ­ ͏‌ ­ ­ ­ ­ ͏‌ ­ ­ ­ ­ ͏‌ ­ ­ ­ ­ ͏‌ ­ ­ ­ ­ ͏‌ ­ ­ ­ ­ ͏‌ ­ ­ ­ ­ ͏‌ ­ ­ ­ ­ ͏‌ ­ ­ ­ ­ ͏‌ ­ ­ ­ ­ ͏‌ ­ ­ ­ ­ ͏‌ ­ ­ ­ ­ ͏‌ ­ ­ ­ ­ ͏‌ ­ ­ ­ ­ ͏‌ ­ ­ ­ ­ ͏‌ ­ ­ ­ ­ ͏‌ ­ ­ ­ ­ ͏‌ ­ ­ ­ ­ ͏‌ ­ ­ ­ ­ ͏‌ ­ ­ ­ ­ ͏‌ ­ ­ ­ ­ ͏‌ ­ ­ ­ ­ ͏‌ ­ ­ ­ ­ ͏‌ ­ ­ ­ ­ ͏‌ ­ ­ ­ ­
 You’ll be enrolled in EPR",2026-09-02 08:42:45,RETR,xtbBshdoTmqWq-dB3gAA38
产品链接/合规类,last7,account_4,weihaizhongxin2024@126.com,"Tue, 1 Sep 2026 16:03:11 +0800 (GMT+08:00)",苏浩然 <suhr@cvc.org.cn>,Amazon DV TIC,,"尊敬的卖家，您好。
我们可以为您提供亚马逊DV验证报告服务。
验证费用：
【玩具】500元（RMB）/ASIN；
【电动自行车用充电器及电池】4500元（RMB）/ASIN；
【移动电源及便携式电源产品】5000元（RMB）/ASIN；
【锂离子电池】3500元（RMB）/ASIN；
【激光商品】2000元（RMB）/ASIN；
【儿童沙子商品】500元（RMB)/ASIN；
我们将会评估您的测试报告实验室是否被我们采纳，如不采纳建议寄送样品检测及验证
如涉及较多ASIN或有其他需求，我们将根据具体情况提供优惠报价。
商品测试：
如您的商品需额外进行合规测试，请提供实物图片和商品参数以及销售国家等，以便评估测试费用。
服务流程如下：
登录卖家中心 “合规管理”（MYC）；
针对待处理 ASIN，选择 “CVC威凯” 提交验证申请；
提供所需资料：申请表、测试报告、产品六面实物照片（非包装图）、标签警示语、用户手册/使用说明书等；
CVC威凯将进行检测或合规验证，并将结果直接提交亚马逊；如需整改，我们会及时与您沟通。
如需进一步了解或希望直接安排服务，可直接通过以下方式联系我，我们将全程协助您完成验证流程。
您可以根据不同品类联系对应官方邮箱专员咨询：
1、【玩具】【电动自行车用充电器及电池】【移动电源及便携式电源产品】【锂离子电池】
联系 suhr@cvc.org.cn
2、【激光商品】联系lixb@cvc.org.cn
3、【儿童沙子商品】联系xiaoli@cvc.org.cn
感谢您的支持，期待与您合作！
如您已经对接我司业务员，请忽略此信息，不便之处敬请谅解。
Dear Seller,
Greetings.
We are pleased to offer Amazon DV Verification Report services to support your compliance needs.
Verification Fee:
【Toys】¥500 (RMB) per ASIN.
【E-bikes lithium-ion batteries and chargers】¥4500 (RMB) per ASIN.
【Power Bank and Portable Power Station】¥5000 (RMB) per ASIN.
【Lithium-ion batteries】¥3500 (RMB) per ASIN.
【Laser products】¥2000 (RMB) per ASIN.
【Children’s sand products】¥500 (RMB) per ASIN.
If you have multiple ASINs or special requirements, we can provide a customized di",2026-09-02 08:42:44,RETR,xtbBswISk2qWhsK6-QAA3P
产品链接/合规类,last7,account_4,weihaizhongxin2024@126.com,"Sat, 29 Aug 2026 03:08:21 +0000",Amazon Services <donotreply@amazon.com>,Submit product safety documentation to avoid listing deactivation,,"96
 Hello Weihai US,
 Some of your listings are at risk of deactivation due to missing mandatory compliance requirements for your products. Review the details and next steps below. The affected listings are shown at the end of this email.
 Why is this happening?
 We are taking this action because these products are missing mandatory compliance information. Review our Product safety and compliance help page for information on applicable laws, regulations, and Amazon policies.
 The table at the end of this email provides product-specific compliance requirements.
 How do I reactivate my listings?
 To provide the required compliance information, go to your Account Health page and locate the product compliance requests:
-
 If you have the required documentation, follow the instructions to submit your compliance documents.
-
 If you believe your products are exempt from these requirements, submit documentation demonstrating why they are not subject to these compliance requirements.
 For step-by-step instructions, see our Submit compliance documents or appeal a documentation request help page.
 To avoid further impact to your account, close or delete any non-compliant listings that you do",2026-09-02 08:42:38,RETR,xtbBpQebgWqSTSdOTAAA3o
产品链接/合规类,last7,account_4,weihaizhongxin2024@126.com,"Thu, 27 Aug 2026 15:47:49 +0000",Amazon Europe <donotreply@amazon.com>,Seller News: August 2026,,"Seller News: August 2026
 96
 Updates to AI‑generated product images, title guidelines, and more.
                                                     ‍͏  ͏  ‍͏  ͏  ‍͏  ͏  ‍͏  ͏  ‍͏  ͏  ‍͏  ͏  ‍͏  ͏  ‍͏  ͏  ‍͏  ͏  ‍͏  ͏  ‍͏  ͏  ‍͏  ͏  ‍͏  ͏  ‍͏  ͏  ‍͏  ͏  ‍͏  ͏  ‍͏  ͏  ‍͏  ͏  ‍͏  ͏  ‍͏  ͏  ‍͏  ͏  ‍͏  ͏  ‍͏  ͏  ‍͏  ͏  ‍͏  ͏  ‍͏  ͏  ‍͏  ͏  ‍͏  ͏  ‍͏  ͏  ‍͏  ͏  ‍͏  ͏  ‍͏  ͏  ‍͏  ͏  ‍͏  ͏  ‍͏  ͏  ‍͏  ͏  ‍͏  ͏  ‍͏  ͏  ‍͏  ͏ ͏‌ ­ ­ ­ ­ ͏‌ ­ ­ ­ ­ ͏‌ ­ ­ ­ ­ ͏‌ ­ ­ ­ ­ ͏‌ ­ ­ ­ ­ ͏‌ ­ ­ ­ ­ ͏‌ ­ ­ ­ ­ ͏‌ ­ ­ ­ ­ ͏‌ ­ ­ ­ ­ ͏‌ ­ ­ ­ ­ ͏‌ ­ ­ ­ ­ ͏‌ ­ ­ ­ ­ ͏‌ ­ ­ ­ ­ ͏‌ ­ ­ ­ ­ ͏‌ ­ ­ ­ ­ ͏‌ ­ ­ ­ ­ ͏‌ ­ ­ ­ ­ ͏‌ ­ ­ ­ ­ ͏‌ ­ ­ ­ ­ ͏‌ ­ ­ ­ ­ ͏‌ ­ ­ ­ ­ ͏‌ ­ ­ ­ ­ ͏‌ ­ ­ ­ ­ ͏‌ ­ ­ ­ ­ ͏‌ ­ ­ ­ ­ ͏‌ ­ ­ ­ ­ ͏‌ ­ ­ ­ ­ ͏‌ ­ ­ ­ ­ ͏‌ ­ ­ ­ ­ ͏‌ ­ ­ ­ ­ ͏‌ ­ ­ ­ ­ ͏‌ ­ ­ ­ ­ ͏‌ ­ ­ ­ ­ ͏‌ ­ ­ ­ ­ ͏‌ ­ ­ ­ ­ ͏‌ ­ ­ ­ ­ ͏‌ ­ ­ ­ ­ ͏‌ ­ ­ ­ ­ ͏‌ ­ ­ ­ ­ ͏‌ ­ ­ ­ ­ ͏‌ ­ ­ ­ ­ ͏‌ ­ ­ ­ ­ ͏‌ ­ ­ ­ ­ ͏‌ ­ ­ ­ ­ ͏‌ ­ ­ ­ ­ ͏‌ ­ ­ ­ ­ ͏‌ ­ ­ ­ ­ ͏‌ ­ ­ ­ ­ ͏‌ ­ ­ ­ ­ ͏‌ ­ ­ ­ ­ ͏‌ ­ ­ ­ ­ ͏‌ ­ ­ ­ ­ ͏‌ ­ ­ ­ ­ ͏‌ ­ ­ ­ ­ ͏‌ ­ ­ ­ ­ ͏‌ ­ ­ ­ ­ ͏‌ ­ ­ ­ ­ ͏‌ ­ ­ ­ ­ ͏‌ ­ ­ ­ ­ ͏‌ ­ ­ ­ ­ ͏‌ ­ ­ ­ ­ ͏‌ ­ ­ ­ ­ ͏‌ ­ ­ ­ ­ ͏‌ ­ ­ ­ ­ ͏‌ ­ ­ ­ ­
 Our Seller Newsletter provides the most important policy, too",2026-09-02 08:42:34,RETR,xtbBpAjfxWqQXCjsigAA3e
产品链接/合规类,last7,account_4,weihaizhongxin2024@126.com,"Thu, 27 Aug 2026 08:15:11 +0000",Amazon Services <donotreply@amazon.com>,Submit product safety documentation to avoid listing deactivation,,"96
 Hello Weihai EU,
 Some of your listings are at risk of deactivation due to missing mandatory compliance requirements for your products. Review the details and next steps below. The affected listings are shown at the end of this email.
 Why is this happening?
 We are taking this action because these products are missing mandatory compliance information. Review our Product safety and compliance help page for information on applicable laws, regulations, and Amazon policies.
 The table at the end of this email provides product-specific compliance requirements.
 How do I reactivate my listings?
 To provide the required compliance information, go to your Account Health page and locate the product compliance requests:
-
 If you have the required documentation, follow the instructions to submit your compliance documents.
-
 If you believe your products are exempt from these requirements, submit documentation demonstrating why they are not subject to these compliance requirements.
 For step-by-step instructions, see our Submit compliance documents or appeal a documentation request help page.
 To avoid further impact to your account, close or delete any non-compliant listings that you do",2026-09-02 08:42:33,RETR,xtbBpRdQNmqP8ldD3QAA3K
产品链接/合规类,last7,account_4,weihaizhongxin2024@126.com,"Thu, 27 Aug 2026 08:11:05 +0000",Amazon Services <donotreply@amazon.com>,Submit product safety documentation to avoid listing deactivation,,"96
 Hello Weihai EU,
 Some of your listings are at risk of deactivation due to missing mandatory compliance requirements for your products. Review the details and next steps below. The affected listings are shown at the end of this email.
 Why is this happening?
 We are taking this action because these products are missing mandatory compliance information. Review our Product safety and compliance help page for information on applicable laws, regulations and Amazon policies.
 The table at the end of this email provides product-specific compliance requirements.
 How do I reactivate my listing?
 To provide the required compliance information, go to your Account Health page and locate the product compliance requests:
-
 If you have the required documentation, follow the instructions to submit your compliance documents.
-
 If you believe that your products are exempt from these requirements, submit documentation demonstrating why they are not subject to these compliance requirements.
 For step-by-step instructions, see our Submit compliance documents or appeal a documentation request help page.
 To avoid further impact on your account, close or delete any non-compliant listings that you",2026-09-02 08:42:32,RETR,xtbBshwC52qP8RxD9wAA33
产品链接/合规类,last7,account_4,weihaizhongxin2024@126.com,"Wed, 26 Aug 2026 14:08:01 +0000",Amazon Services <donotreply@amazon.com>,Submit product safety documentation to reactivate listings,,"96
 Submit product safety documentation to reactivate listings
 Hello Weihai CA,
 Some of your listings have been deactivated due to missing mandatory compliance requirements for your products. Review the details and next steps below. The affected listings are shown at the end of this email.
 Why is this happening?
 We are taking this action because these products are missing mandatory compliance information. Review our Product safety and compliance help page for information on applicable laws, regulations and Amazon policies. We leveraged a combination of automated means and expert human review to identify this issue and make this decision.
 The table at the end of this email provides product-specific compliance requirements.
 How do I reactivate my listings?
 To provide the required compliance information, go to your Account Health page and locate the product compliance requests:
-
 If you have the required documentation, follow the instructions to submit your compliance documents. We will only reinstate products that fulfil the compliance requirements.
-
 If you believe your products are exempt from these requirements, submit documentation demonstrating why they are not subject ",2026-09-02 08:42:29,RETR,xtbBpQVMMmqO80W5IwAA3W
法务/侵权类,last7,account_4,weihaizhongxin2024@126.com,"Tue, 1 Sep 2026 15:32:04 +0000",Zespół Amazon Services <donotreply@amazon.com>,Pobierz raport podatkowy dla Chin za okres od października do grudnia 2025 r.,,"96
 Możesz teraz pobrać kwartalny raport podatkowy, który zawiera dane, takie jak informacje identyfikacyjne, liczba transakcji, przychody oraz prowizje i opłaty za usługi.
 Dzień dobry,
 Zgodnie z zasadami dotyczącymi sklepów internetowych wydanymi przez Radę Państwa Chin (dekret nr 810) oraz obwieszczeniem publicznym Państwowego Urzędu Podatkowego Chin [2025] nr 15 („PN15”) co kwartał przekazujemy chińskim organom podatkowym informacje o sprzedawcach z siedzibą w Chinach.
 Niektórzy sprzedawcy znaleźli potencjalne rozbieżności w danych zawartych w pierwszym kwartalnym raporcie podatkowym za okres od października do grudnia 2025 r. Nasz zespół dokładnie sprawdził wszystkie raporty, aby upewnić się, że prawidłowo odzwierciedlają Twoją aktywność w sklepie Amazon, i w stosownych przypadkach ponownie przesłał chińskiemu organowi podatkowemu zaktualizowane raporty za czwarty kwartał 2025 r.
 Wysyłamy ponownie Twój kwartalny raport podatkowy dotyczący Chin. Poniższe linki są aktywne przez siedem dni.
 Pobierz raport kwartalny
 Ten raport udostępniamy tylko w celach informacyjnych. Nie musisz nic robić.
 Udostępniliśmy również bardziej szczegółowy raport na poziomie zamówień, który przed",2026-09-02 08:42:47,RETR,xtbBpBZ5X2qW7-bepAAA3L
法务/侵权类,last7,account_4,weihaizhongxin2024@126.com,"Tue, 1 Sep 2026 02:41:37 +0000","""donotreply@amazon.com"" <donotreply@amazon.com>",Transparency Invoice/Credit note for 08/2026,,"96
 Dear Customer,
 Please click on the link below to access your Transparency electronic invoice/credit note in the Transparency Portal. If you see an '...
 Dear Customer,
 Please click on the link below to access your Transparency electronic invoice/credit note in the Transparency Portal. If you see an 'Access Denied' error message when you use the link below and are not able to access the invoice/credit note, then please email transparency-support@amazon.com with your profile link (see instructions below).
 [Link to invoice Dashboard]
 Frequently Asked Questions (FAQ)
- I see 'Access Denied' message after logging into the Transparency Portal, what should I do?
- Please log into your Amazon.com account associated with this email address. If you don't have an account, please create one with this email address.
- Go to http://www.amazon.com/profile .
- Copy the URL that was generated in the search bar. The profile link you need to provide will look similar to this: https://www.amazon.com/gp/profile/amzn1.account.XXXXXXXXXXXXXXXXXXXXXXXX
- Create an email to transparency-support@amazon.com , paste the URL that you copied into the body of the email, and click 'Send'.
 We will provide",2026-09-02 08:42:43,RETR,xtbBpQMnDWqWO2P+kAAA3G
法务/侵权类,last7,account_4,weihaizhongxin2024@126.com,"Sun, 30 Aug 2026 13:18:02 +0000",Assistenza venditori Amazon <merch.service05@amazon.it>,"RE:[CASE 13223475262]  Removing ASIN:B0DYTQ745J from existing
 variation with Parent ASIN:B0HG43RTJ1",,"96
RE:[CASE 13223475262] Removing ASIN:B0DYTQ745J from existing variation with Parent ASIN:B0HG43RTJ1
尊敬的销售伙伴：您好！
我们了解到，您想要从现有变体中移除子ASIN B0DYTQ745J。
很高兴地通知您，此ASIN现已成功从变体系列中移除，目前已不存在任何父体。
温馨提示：此问题已根据现有流程为您处理完毕，本案例正常关闭，后续无需回复。
如有任何（新）疑问，请通过以下链接创建新案例联系我们：
https://sellercentral-europe.amazon.com/help/center?redirectSource=HelpHub
欢迎向亚马逊提交反馈，从而帮助亚马逊改善您的开店体验。
您对我们提供的支持是否满意？
 Yes
 No
La ringraziamo per aver scelto Amazon.
Chengli H.
Supporto al venditore
=======================================
Se desidera ricevere aiuto da altri venditori, visiti il nostro Forum per i venditori a questo link: https://sellercentral.amazon.it/forums/
Vuole aumentare le vendite? Provi Logistica di Amazon: http://www.amazon.it/LogisticaDiAmazon
Per maggiori informazioni, visiti: http://sellercentral-europe.amazon.com/gp/help
 Copyright 2026 Amazon.com, Inc. o le relative società affiliate. Tutti i diritti riservati.
 Amazon EU S.à r.l.
38 avenue John F. Kennedy,
L-1855 Lussemburgo,
Numero di registrazione in Lussemburgo: B-101818,
Capitale Sociale 165.833 EUR,
Numero di licenza di attività commerciale: 134248,
Partita IVA n. LU 20260743.
 SPC-EUAmazon-334253222991396",2026-09-02 08:42:40,RETR,xtbBshAvFWqULZDKfAAA3t
法务/侵权类,last7,account_4,weihaizhongxin2024@126.com,"Sat, 29 Aug 2026 00:43:19 +0000",Amazon Services <donotreply@amazon.com>,Votre paiement est en cours,,"96
This title will display on mobile devices
 Félicitations ! Votre paiement est en cours et arrivera sous peu.
 Tentative de versement
Félicitations, Weihai EU ! Votre paiement est en cours et arrivera sous trois à cinq jours.
Le 08/29/26 00:43 CEST, nous avons effectué un virement d’un montant de €
 257.91 sur le compte lié à votre méthode de paiement (compte bancaire se terminant par 229).
 Si le montant est inférieur au montant auquel vous vous attendiez, voici quelques questions à vous poser :
 Disposez-vous d’un solde de fonds non disponibles ? Amazon peut réserver des fonds afin de couvrir des retours, des réclamations ou des rétrofacturations potentiels des acheteurs. Si tel est le cas, le solde de fin de période de votre rapport sur les paiements affichera le solde des fonds non disponibles réservé.
 Vos ventes couvraient-elles l’ensemble des frais et des retours pour cette période de règlements ? Le montant du paiement reflète votre activité commerciale, les frais de vente et les frais relatifs aux promotions et aux services. Nous vous recommandons de consulter votre rapport sur les paiements sous l’onglet Rapports de Seller Central pour comprendre votre solde de fin de p",2026-09-02 08:42:38,RETR,xtbBsgwV+mqSKyx2NwAA3v
法务/侵权类,last7,account_4,weihaizhongxin2024@126.com,"Thu, 27 Aug 2026 08:15:03 +0000",Amazon Services <donotreply@amazon.com>,Przesyłanie dokumentacji dotyczącej bezpieczeństwa produktu w celu niedopuszczenia do dezaktywacji oferty,,"96
 Dzień dobry Weihai EU,
 niektóre z Twoich ofert są zagrożone dezaktywacją z powodu niespełnienia obowiązków dotyczących zgodności wystawianych przez Ciebie produktów z wymogami. Poniżej znajdziesz szczegółowe informacje oraz dalsze instrukcje. Oferty produktów, których dotyczy problem, wskazano na końcu niniejszej wiadomości e-mail.
 Dlaczego tak się stało?
 Podjęliśmy to działanie, ponieważ w przypadku tych produktów nie dostarczono obowiązkowych informacji dotyczących zgodności z wymogami. Więcej informacji na temat mających zastosowanie przepisów ustawowych i wykonawczych oraz zasad Amazon znajdziesz na stronie Bezpieczeństwo i zgodność produktu z wymogami .
 Informacje na temat wymogów dotyczących zgodności dla poszczególnych produktów znajdziesz w tabeli na końcu tej wiadomości e-mail.
 Jak mogę ponownie aktywować oferty?
 Aby dostarczyć niezbędne informacje dotyczące zgodności z wymogami, przejdź do panelu Kondycja konta i znajdź żądania dotyczące zgodności produktu z wymogami:
-
 Jeśli dysponujesz wymaganymi dokumentami zgodności, postępuj zgodnie z instrukcjami, aby je przesłać.
-
 Jeśli uważasz, że Twoje produkty są zwolnione z wymogów dotyczących zgodności, prześlij d",2026-09-02 08:42:32,RETR,xtbBpAw+JGqP8gw7CAAA3a
法务/侵权类,last7,account_4,weihaizhongxin2024@126.com,"Thu, 27 Aug 2026 08:13:08 +0000",Amazon Services <donotreply@amazon.com>,Skicka in produktsäkerhetsdokumentation för att undvika att produktposterna inaktiveras,,"96
 Hej Weihai EU!
 Vissa av dina produktposter riskerar att inaktiveras på grund av att det saknas obligatorisk information om överensstämmelse för produkterna. Granska informationen och följande steg nedan. De berörda produktposterna visas i slutet av det här e-postmeddelandet.
 Varför händer det här?
 Vi vidtar den här åtgärden eftersom det saknas obligatorisk information om överensstämmelse för de här produkterna. Läs vår hjälpsida för Produktsäkerhet och -överensstämmelse för information om tillämpliga lagar, förordningar och Amazons policyer.
 Tabellen i slutet av detta e-postmeddelande innehåller produktspecifika krav för överensstämmelse.
 Hur återaktiverar jag mina produktposter?
 Om du vill tillhandahålla den begärda överensstämmelseinformationen går du till sidan Kontostatus och letar upp begäranden om produktöverensstämmelse:
-
 Om du har den obligatoriska dokumentationen ska du skicka in dina överensstämmelsedokument enligt instruktionerna.
-
 Om du tror att dina produkter är undantagna från dessa krav skickar du in dokumentation som visar varför de inte omfattas av dessa överensstämmelsekrav.
 Du hittar stegvisa instruktioner på vår hjälpsida om Skicka in intyg om öve",2026-09-02 08:42:32,RETR,xtbBsxkhB2qP8ZkFvwAA37
法务/侵权类,last7,account_4,weihaizhongxin2024@126.com,"Thu, 27 Aug 2026 08:10:41 +0000",Amazon Services <donotreply@amazon.com>,"Invia la documentazione sulla sicurezza del prodotto per evitare la
 disattivazione dell'offerta",,"96
 Gentile Weihai EU,
 Alcune delle tue offerte sono a rischio di disattivazione perché i relativi prodotti non soddisfano i requisiti obbligatori sulla conformità. Rivedi i dettagli e i passi successivi riportati di seguito. Puoi visualizzare le offerte interessate in fondo a questa e-mail.
 Ciò a cosa è dovuto?
 Abbiamo intrapreso questo provvedimento in quanto i tuoi prodotti non dispongono delle informazioni obbligatorie sulla conformità. Consulta la pagina di aiuto Sicurezza e conformità dei prodotti per informazioni sulle leggi, le normative e le politiche di Amazon applicabili.
 La tabella alla fine di questa e-mail contiene i requisiti di conformità specifici per i prodotti.
 Come faccio a riattivare le mie offerte?
 Per fornire le informazioni di conformità richieste, vai alla pagina Stato dell'account per individuare le richieste di conformità dei prodotti:
-
 Se disponi della documentazione richiesta, segui le istruzioni per inviare i documenti di conformità.
-
 Se ritieni che i tuoi prodotti siano esenti da questi requisiti, invia la documentazione che dimostra il motivo per cui non sono soggetti a questi requisiti di conformità.
 Per istruzioni dettagliate, consulta l",2026-09-02 08:42:31,RETR,xtbBsgb74WqP8QZDIQAA3e
法务/侵权类,last7,account_4,weihaizhongxin2024@126.com,"Thu, 27 Aug 2026 08:08:46 +0000",Amazon Services <donotreply@amazon.com>,Soumettre la documentation de sécurité des produits pour éviter la désactivation des mises en vente,,"96
 Bonjour Weihai EU,
 Certaines de vos mises en vente risquent d’être désactivées, car vos produits ne respectent pas les exigences de conformité obligatoires. Consultez les détails et les étapes suivantes ci-dessous. Les produits mis en vente concernés figurent à la fin de cet e-mail.
 Pourquoi cela se produit-il ?
 Nous prenons cette mesure, car ces produits ne présentent pas les informations de conformité obligatoires. Consultez notre page d’aide Sécurité et conformité des produits pour obtenir des informations sur les lois, réglementations et politiques Amazon applicables.
 Le tableau situé à la fin de cet e-mail présente les exigences de conformité spécifiques aux produits.
 Comment réactiver mes produits mis en vente ?
 Pour fournir les informations de conformité requises, accédez à la page État du compte et localisez les demandes de conformité des produits :
-
 Si vous disposez des documents requis, suivez les instructions pour soumettre vos documents de conformité.
-
 Si vous pensez que vos produits sont exemptés de ces exigences, soumettez des pièces justificatives prouvant les raisons pour lesquelles ils ne sont pas soumis à ces exigences de conformité.
 Pour des instru",2026-09-02 08:42:31,RETR,xtbBshTfxWqP8JQ-JAAA3m
法务/侵权类,last7,account_4,weihaizhongxin2024@126.com,"Thu, 27 Aug 2026 07:12:52 +0000",Amazon Services <donotreply@amazon.com>,Presenta la documentación sobre seguridad del producto para evitar la desactivación de los listings,,"96
 Hola, Weihai EU:
 Algunos de tus listings están en riesgo de desactivación debido a que tus productos no cumplen los requisitos obligatorios. Revisa a continuación los detalles y siguientes pasos. Los listings afectados aparecen al final de este correo electrónico.
 ¿A qué se debe esto?
 Tomamos esta medida porque a estos productos les falta información de cumplimiento normativo obligatoria. Para más información sobre las leyes, normativas y políticas de Amazon aplicables, consulta Cumplimiento y seguridad de los productos .
 En la tabla que aparece al final de este correo electrónico se proporcionan los requisitos de cumplimiento normativo específicos del producto.
 ¿Cómo puedo reactivar mis listings?
 Para proporcionar la información de cumplimiento normativo obligatoria, ve a la página Estado de la cuenta y localiza las solicitudes de cumplimiento normativo del producto:
-
 Si dispones de la documentación obligatoria, sigue las instrucciones para presentar los documentos de cumplimiento normativo.
-
 Si crees que tus productos están exentos de estos requisitos, presenta documentación que demuestre por qué no están sujetos a estos requisitos de cumplimiento normativo.
 Para v",2026-09-02 08:42:31,RETR,xtbBpRqVe2qP43qziAAA3W
法务/侵权类,last7,account_4,weihaizhongxin2024@126.com,"Thu, 27 Aug 2026 07:12:42 +0000",Amazon Services <donotreply@amazon.com>,"Dien productveiligheidsdocumentatie in om de deactivering van de
 productvermelding te voorkomen",,"96
 Hallo Weihai EU,
 Enkele van je productvermeldingen lopen het risico op deactivering omdat er verplichte nalevingsvereisten voor je producten ontbreken. Bekijk de gegevens en de stappen hieronder. De betreffende productvermeldingen worden aan het einde van deze e-mail weergegeven.
 Waarom gebeurt dit?
 We hebben deze actie ondernomen omdat voor deze producten verplichte nalevingsinformatie ontbreekt. Raadpleeg onze hulp-pagina Productveiligheid en -conformiteit voor informatie over de toepasselijke wet- en regelgeving en het Amazon-beleid.
 De tabel aan het einde van deze e-mail bevat productspecifieke nalevingsvereisten.
 Hoe activeer ik mijn productvermeldingen opnieuw?
 Als je de vereiste nalevingsgegevens wilt verstrekken, ga je naar de pagina Accountstatus en zoek je de aanvragen voor productconformiteit:
-
 Als je over de vereiste documentatie beschikt, volg je de instructies om je nalevingsdocumenten in te dienen.
-
 Als je van mening bent dat je producten zijn vrijgesteld van deze vereisten, dien dan documentatie in waaruit blijkt wat de reden is dat ze niet aan deze nalevingsvereisten zijn onderworpen.
 Raadpleeg voor stapsgewijze instructies onze hulp-pagina Documente",2026-09-02 08:42:30,RETR,xtbBsw2SeGqP42175wAA3j
法务/侵权类,last7,account_4,weihaizhongxin2024@126.com,"Wed, 26 Aug 2026 10:00:43 +0000",Amazon Seller Support <merch.service05@amazon.pl>,RE:[CASE 13214292782] 创建或更新 ASIN 变体,,"96
RE:[CASE 13214292782] 创建或更新 ASIN 变体
尊敬的卖家/供应商：您好！ ​​
​
关于您询问请求拆分B0H11DGDRL、B0HBL6XB1M B0H11D2KV8 B0HBJVSDT7变体关系的相关问题，邮件回复如下：
拆分子ASIN：B0H11DGDRL、B0HBL6XB1M B0H11D2KV8 B0HBJVSDT7的变体关系请求已提交，目前系统端已确认拆分操作完成。
由于前台页面同步可能需要最长24小时，届时卖家平台（Seller Central）将完整反映拆分结果。
如您在管理库存页面仍看到旧的变体关系，建议您可以尝试使用模板删除后台商品，再重新上传的方式以刷新后台变体显示。”
​⭐温馨提示⭐：
感谢您的信任与配合！如上所述，当前案件中的问题已处理完毕。
如后续还有其他问题的话，请您重新开一个CASE联系我们处理​​​
如您需要后续跟进补充，或希望我们协助调查其他疑问/产品等，请点击下方链接创建新案例，
系统将自动分配至相应团队为您跟进处理：
 https://sellercentral-europe.amazon.com/help/center?redirectSource=HelpHub ​
祝您生活愉快，工作顺利！
欢迎向亚马逊提交反馈，从而帮助亚马逊改善您的开店体验。
您对我们提供的支持是否满意？
如果是，请单击此处
 https://sellercentral-europe.amazon.com/hz/case-dashboard/hmd?p=A294QMKA74K1OW&c=13214292782&k=hy
如果否，请单击此处
 https://sellercentral-europe.amazon.com/hz/case-dashboard/hmd?p=A294QMKA74K1OW&c=13214292782&k=hn
Thank you for selling with Amazon.
Qiuping L.
Amazon.pl Seller Support
=======================================
Interested in boosting sales? Try Fulfilment by Amazon (FBA): https://sell.amazon.pl/tjanster/fulfilment-by-amazon/funktioner-och-fordelar.html
MORE WAYS TO GET HELP:
Visit our seller forums for help from other sellers: https://sellercentral.amazon.pl/forums
Browse all Seller Help topic",2026-09-02 08:42:27,RETR,xtbBpRDApmqOuVBg0QAA3v
法务/侵权类,last7,account_4,weihaizhongxin2024@126.com,"Wed, 26 Aug 2026 10:00:35 +0000",Assistenza venditori Amazon <merch.service05@amazon.it>,RE:[CASE 13214194642] 创建或更新 ASIN 变体,,"96
RE:[CASE 13214194642] 创建或更新 ASIN 变体
尊敬的卖家：您好！
⭐温馨提示⭐：
感谢您的信任与配合！如上所述，当前案件中您的疑问已按照流程处理完毕，在情况无变化的前提下，重新打开此案件通常不会改变处理结果。
如果您有新的疑问，建议您点击下方链接创建新案例，系统将自动分配至对应团队，我们将竭诚为您服务。
https://sellercentral-europe.amazon.com/help/center?redirectSource=HelpHub
祝您生活愉快，工作顺利！
欢迎向亚马逊提交反馈，从而帮助亚马逊改善您的开店体验。
您对我们提供的支持是否满意？
 Yes
 No
La ringraziamo per aver scelto Amazon.
Chunxiao T.
Supporto al venditore
=======================================
Se desidera ricevere aiuto da altri venditori, visiti il nostro Forum per i venditori a questo link: https://sellercentral.amazon.it/forums/
Vuole aumentare le vendite? Provi Logistica di Amazon: http://www.amazon.it/LogisticaDiAmazon
Per maggiori informazioni, visiti: http://sellercentral-europe.amazon.com/gp/help
 Copyright 2026 Amazon.com, Inc. o le relative società affiliate. Tutti i diritti riservati.
 Amazon EU S.à r.l.
38 avenue John F. Kennedy,
L-1855 Lussemburgo,
Numero di registrazione in Lussemburgo: B-101818,
Capitale Sociale 165.833 EUR,
Numero di licenza di attività commerciale: 134248,
Partita IVA n. LU 20260743.
 SPC-EUAmazon-52778244475184",2026-09-02 08:42:27,RETR,xtbBpQi+pGqOuUhgaQAA3r
法务/侵权类,last7,account_4,weihaizhongxin2024@126.com,"Wed, 26 Aug 2026 08:59:03 +0000",Asistencia al Vendedor de Amazon <merch.service05@amazon.es>,Resolución del número de caso: 13214253602,,"96
Resolución del número de caso: 13214253602
 欢迎向亚马逊提交反馈，从而帮助亚马逊改善您的开店体验。
您对我们提供的支持是否满意？
 Yes
 No
 Copyright 2026 Amazon.com.mx, Inc. o sus afiliados. Todos los derechos reservados.
 Amazon EU S.à r.l.
38 avenue John F. Kennedy,
L-1855 Luxemburgo,
Número de Registro en Luxemburgo: No. B-101818,
Capital Social 165.833 EUR,
Número de licencia de actividad: 134248,
Nº de Registro IVA en Luxemburgo: LU 20260743.
 SPC-EUAmazon-52778244452663",2026-09-02 08:42:26,RETR,xtbBsx0gBmqOqt3FmQAA3H
货件/库存类,last7,account_4,weihaizhongxin2024@126.com,"Sat, 29 Aug 2026 04:57:59 +0000",Fulfilment by Amazon <donotreply@amazon.com>,Create FBA removal order by 2026-09-10,,"96
Automated removals of unfulfillable inventory
 Required removals: First notification
 Required removals: First notification
 Hello,
Your FBA inventory listed below became unsellable in the past seven days. You must create a removal order by 2026-09-10 or these items will be disposed of. Removal fees will apply. Review the affected items and next steps below.
Unsellable products:
- FNSKU: B0DRC8LPGS Quantity: 2
- FNSKU: B0DRCB74YN Quantity: 1
- FNSKU: B0DRCF83VZ Quantity: 5
 Why is this happening?
This action is required because these items are no longer in sellable condition in our fulfilment centres. According to our FBA Required Removals policy, all unsuitable units must be removed within 14 days of notification. To learn more, go to our FBA Required Removals policy .
We leveraged a combination of automated means to identify this issue and make this decision.
 How do I address this?
Follow these steps to manage your unsellable inventory:
- Check your complete list and quantity of unsellable items in the Manage FBA inventory .
- Create a removal order (removal fees apply) by following the instructions in Remove inventory overview .
 To avoid future manual inventory removal orde",2026-09-02 08:42:39,RETR,xtbBshwQ9WqSZtzrewAA3Z
货件/库存类,last7,account_4,weihaizhongxin2024@126.com,"Sat, 29 Aug 2026 03:20:04 +0000",Fulfilment by Amazon <donotreply@amazon.com>,Disposal order created for unsellable FBA inventory,,"96
Automated Removals of Unfulfillable Inventory
 Final notice: Disposal order for your unfulfillable FBA inventory
 Final notice: Disposal order for your unfulfillable FBA inventory
 Hello,
You have unfulfillable inventory that has been in a fulfilment centre for more than 14 days. We have created a disposal order for these items.
 Why is this happening?
This action is required because these unfulfillable items have remained in our fulfilment centres for more than 14 days after notification. According to our FBA Required Removals policy, cancelling a required removal order is not permitted. To learn more, visit our FBA Required Removals policy .
 Removal order ID:
- 4rjrNkqMZx
 Unsellable Products:
- FNSKU: X0027HYVT3 Quantity: 1
- FNSKU: X002A05YW5 Quantity: 1
 For more information about the disposal order process, see Remove inventory from a fulfilment centre .
 To monitor your unfulfillable inventory, see the Manage FBA Inventory for total unsellable quantities or the Recommended Removal report for unsellable and aged inventory details.
 The Fulfilment by Amazon Team
 Report an issue with this email
 If you have any questions visit: Seller Central
 To change your email preferen",2026-09-02 08:42:38,RETR,xtbBpQZMMmqST+ZiawAA3F
其他风险类,last7,account_4,weihaizhongxin2024@126.com,"Tue, 1 Sep 2026 00:17:14 +0000","""Amazon.com"" <donotreply@amazon.com>",View your US Q3-2026 CSBA fee rate,,"96
 (Important) CSBA US Fee rate for Q3-2026
 Review your updated Customer Service by Amazon fee rate and metrics
 Hello,
 This is your quarterly update regarding Customer Service by Amazon (CSBA) fees.
 Your CSBA fee rate for Q3-2026 (Jul 1, 2026 through Sep 30, 2026) will be based on your performance metrics from Q2-2026 (Apr 1, 2026 through Jun 25, 2026). To learn more about program fees, go to Customer Service by Amazon fees .
 Fee tier & rate
 Q2-2026 contacts
 0
 Q2-2026 self-fulfilled shipped units
 0
 Q2-2026 contacts per unit (CPU¹)
 N/A%
 Q3-2026 fee rate² ($ per self-fulfilled shipped unit)
 $0.00
 ¹ Contacts per unit (CPU) = CSBA contacts / self-fulfilled shipped units
 ² Your fee rate for the previous quarter was $0.00.
 CSBA Insights Dashboard
 Get the most out of Customer Service by Amazon
 Use the CSBA Insights dashboard in Seller Central to:
- Review customer service contacts handled by Amazon
- Find ways to improve customer experience
- Reduce contact and return rates
 Follow these practices to prevent customer confusion and minimize your workload:
- Monitor the Response Needed inbox within the Buyer-Seller Messaging Service . In the rare case that we need your he",2026-09-02 08:42:43,RETR,xtbBpQ6pj2qWGY5sZgAA3s
其他风险类,last7,account_4,weihaizhongxin2024@126.com,"Thu, 27 Aug 2026 15:43:49 +0000",Amazon Seller Newsletter <donotreply@amazon.com>,Seller News: August 2026,,"Seller News: August 2026
 96
 Updates to AI-generated product images, title guidelines, Brand Registry administration, and more.
                                                     ‍͏  ͏  ‍͏  ͏  ‍͏  ͏  ‍͏  ͏  ‍͏  ͏  ‍͏  ͏  ‍͏  ͏  ‍͏  ͏  ‍͏  ͏  ‍͏  ͏  ‍͏  ͏  ‍͏  ͏  ‍͏  ͏  ‍͏  ͏  ‍͏  ͏  ‍͏  ͏  ‍͏  ͏  ‍͏  ͏  ‍͏  ͏  ‍͏  ͏  ‍͏  ͏  ‍͏  ͏  ‍͏  ͏  ‍͏  ͏  ‍͏  ͏  ‍͏  ͏  ‍͏  ͏  ‍͏  ͏  ‍͏  ͏  ‍͏  ͏  ‍͏  ͏  ‍͏  ͏  ‍͏  ͏  ‍͏  ͏  ‍͏  ͏  ‍͏  ͏  ‍͏  ͏  ‍͏  ͏  ‍͏  ͏ ͏‌ ­ ­ ­ ­ ͏‌ ­ ­ ­ ­ ͏‌ ­ ­ ­ ­ ͏‌ ­ ­ ­ ­ ͏‌ ­ ­ ­ ­ ͏‌ ­ ­ ­ ­ ͏‌ ­ ­ ­ ­ ͏‌ ­ ­ ­ ­ ͏‌ ­ ­ ­ ­ ͏‌ ­ ­ ­ ­ ͏‌ ­ ­ ­ ­ ͏‌ ­ ­ ­ ­ ͏‌ ­ ­ ­ ­ ͏‌ ­ ­ ­ ­ ͏‌ ­ ­ ­ ­ ͏‌ ­ ­ ­ ­ ͏‌ ­ ­ ­ ­ ͏‌ ­ ­ ­ ­ ͏‌ ­ ­ ­ ­ ͏‌ ­ ­ ­ ­ ͏‌ ­ ­ ­ ­ ͏‌ ­ ­ ­ ­ ͏‌ ­ ­ ­ ­ ͏‌ ­ ­ ­ ­ ͏‌ ­ ­ ­ ­ ͏‌ ­ ­ ­ ­ ͏‌ ­ ­ ­ ­ ͏‌ ­ ­ ­ ­ ͏‌ ­ ­ ­ ­ ͏‌ ­ ­ ­ ­ ͏‌ ­ ­ ­ ­ ͏‌ ­ ­ ­ ­ ͏‌ ­ ­ ­ ­ ͏‌ ­ ­ ­ ­ ͏‌ ­ ­ ­ ­ ͏‌ ­ ­ ­ ­ ͏‌ ­ ­ ­ ­ ͏‌ ­ ­ ­ ­ ͏‌ ­ ­ ­ ­ ͏‌ ­ ­ ­ ­ ͏‌ ­ ­ ­ ­ ͏‌ ­ ­ ­ ­ ͏‌ ­ ­ ­ ­ ͏‌ ­ ­ ­ ­ ͏‌ ­ ­ ­ ­ ͏‌ ­ ­ ­ ­ ͏‌ ­ ­ ­ ­ ͏‌ ­ ­ ­ ­ ͏‌ ­ ­ ­ ­ ͏‌ ­ ­ ­ ­ ͏‌ ­ ­ ­ ­ ͏‌ ­ ­ ­ ­ ͏‌ ­ ­ ­ ­ ͏‌ ­ ­ ­ ­ ͏‌ ­ ­ ­ ­ ͏‌ ­ ­ ­ ­ ͏‌ ­ ­ ­ ­ ͏‌ ­ ­ ­ ­ ͏‌ ­ ­ ­ ­ ͏‌ ­ ­ ­ ­ ͏‌ ­ ­ ­ ­ ͏‌ ­ ­ ­ ­ ͏‌ ­ ­ ­ ­ ͏‌ ­ ­ ­ ­ ͏‌ ­ ­ ­ ­
 Our Seller Newsletter provides",2026-09-02 08:42:33,RETR,xtbBpRmjiWqQWzns2QAA37
其他风险类,last7,account_4,weihaizhongxin2024@126.com,"Wed, 26 Aug 2026 14:03:19 +0000",Amazon Multichannel Fulfillment Team <multichannelfulfillment@supplychain.amazon.com>,"Early access: Bring the trust of Prime to your ecommerce site with
 MCF",,"Early access: Bring the trust of Prime to your ecommerce site with MCF
Hi there,
As an existing Multichannel Fulfillment (MCF) customer, you now have early access to MCF with Prime, a new feature that lets you offer Fast, Free Delivery for Prime members on your ecommerce site. Display the Prime badge on eligible product pages to build shopper confidence with the trust of Prime while maintaining your existing checkout experience. Shoppers don't even need to sign in to their Amazon account to receive Prime delivery.
This feature is currently available to you at no additional cost beyond your existing MCF fulfillment, storage, and surcharge rates.
Get started now https://www2.amazonsupplychain.com/e/949422/t-top-cta-utm-term-get-started/61pb2m/1432406019/h/fP8T0oPNUrdJZOMcQM4ricL3oCRc16K6DoVRFQfB7fE
With MCF with Prime, you can:
 - Leverage the trust of Prime: 40% of Prime members indicated that they are more likely to place a first-time purchase with a direct-to-consumer (DTC) store that features the Amazon Prime logo.*
 - Offer Fast, Free Delivery for Prime members: Deliver eligible orders through Amazon's fulfillment network.
 - Encourage repeat purchases: Strengthen customer loyal",2026-09-02 08:42:29,RETR,xtbBpAkF6mqO8im0eAAA3x
店铺绩效类,older,account_4,weihaizhongxin2024@126.com,"Wed, 26 Aug 2026 04:58:09 +0000","""Fulfillment by Amazon (Do not reply)"" <donotreply@amazon.com>",FBA reimbursement notification,,"96
FBA reimbursement notification
 You have a reimbursement activity
 Hello from Fulfilment by Amazon,
We have initiated a reimbursement, a reimbursement reversal, or both due to recent activity on your selling account. No action is required from you.
Reimbursements can be initiated for an issue that you notified us about or one that we identified at a fulfilment centre. A reimbursement reversal occurs when a reimbursement decision has been reviewed and changed. Reimbursement amounts are determined in accordance with the FBA inventory reimbursement policy ( https://sellercentral.amazon.co.uk/gp/help/external/200213130 ).
Please note that it may take up to five business days for reimbursement transactions to appear in your seller account.
You can find details on your reimbursement or reversal transaction in the Reimbursements report ( https://sellercentral.amazon.co.uk/reportcentral/REIMBURSEMENTS/0 ) in Seller Central:
- In the Event Date drop-down menu, select a date range and click Generate report . You can use the date in the subject line of this email as a point of reference.
- To identify inventory reimbursements and reversals, see the Quantity reimbursed [inventory] column.
-",2026-09-02 08:42:23,RETR,xtbBswkF6mqOcqncmgAA3s
店铺绩效类,older,account_4,weihaizhongxin2024@126.com,"Tue, 25 Aug 2026 18:49:27 +0000","""Amazon.com"" <fba-noreply@amazon.com>",Your FBA request is complete (qO7a7il03F),,"Greetings from Amazon.com
We thought you'd like to know that we have completed your destroy request.
You can track the status of this request by visiting your Seller Account at:
https://sellercentral-europe.amazon.com/
For a complete list of inventory being destroyed, go to:
https://sellercentral-europe.amazon.com/gp/orders/fba-order-details.html?orderID=S02-0721908-9822845
Please note: this email was sent from a notification-only address that
cannot accept incoming e-mail. Please do not reply to this message.
Thank you for using Fulfillment by Amazon.
------------------------------------------------------------------------------
Fulfilment by Amazon – let Amazon pick, pack and ship your orders domestically
and EU wide.
------------------------------------------------------------------------------
Was this e-mail helpful? https://sellercentral.amazon.co.uk/gp/satisfaction/survey-form.html?ie=UTF8&HMDName=NotificationBusEmailHMD&customAttribute1Value=PRODUCT_REMOVAL_ORDER_SHIPPED_NOW
SPC-EUAmazon-439806335018069",2026-09-02 08:42:22,RETR,xtbBpBwmDGqN47wPNAAA3R
店铺绩效类,older,account_4,weihaizhongxin2024@126.com,"Tue, 25 Aug 2026 12:33:42 +0000","""Amazon.com"" <fba-noreply@amazon.com>",Your FBA request is complete (aVWN9vWwFe),,"Greetings from Amazon.com
We thought you'd like to know that we have completed your destroy request.
You can track the status of this request by visiting your Seller Account at:
https://sellercentral-europe.amazon.com/
For a complete list of inventory being destroyed, go to:
https://sellercentral-europe.amazon.com/gp/orders/fba-order-details.html?orderID=S02-0641781-2371055
Please note: this email was sent from a notification-only address that
cannot accept incoming e-mail. Please do not reply to this message.
Thank you for using Fulfillment by Amazon.
------------------------------------------------------------------------------
Fulfilment by Amazon – let Amazon pick, pack and ship your orders domestically
and EU wide.
------------------------------------------------------------------------------
Was this e-mail helpful? https://sellercentral.amazon.co.uk/gp/satisfaction/survey-form.html?ie=UTF8&HMDName=NotificationBusEmailHMD&customAttribute1Value=PRODUCT_REMOVAL_ORDER_SHIPPED_NOW
SPC-EUAmazon-2058287453759714",2026-09-02 08:42:21,RETR,xtbBswgL8GqNi6hj3AAA37
店铺绩效类,older,account_4,weihaizhongxin2024@126.com,"Tue, 25 Aug 2026 05:00:58 +0000","""Fulfillment by Amazon (Do not reply)"" <donotreply@amazon.com>",FBA reimbursement notification,,"96
FBA reimbursement notification
 You have a reimbursement activity
 Hello from Fulfilment by Amazon,
We have initiated a reimbursement, a reimbursement reversal, or both due to recent activity on your selling account. No action is required from you.
Reimbursements can be initiated for an issue that you notified us about or one that we identified at a fulfilment centre. A reimbursement reversal occurs when a reimbursement decision has been reviewed and changed. Reimbursement amounts are determined in accordance with the FBA inventory reimbursement policy ( https://sellercentral.amazon.co.uk/gp/help/external/200213130 ).
Please note that it may take up to five business days for reimbursement transactions to appear in your seller account.
You can find details on your reimbursement or reversal transaction in the Reimbursements report ( https://sellercentral.amazon.co.uk/reportcentral/REIMBURSEMENTS/0 ) in Seller Central:
- In the Event Date drop-down menu, select a date range and click Generate report . You can use the date in the subject line of this email as a point of reference.
- To identify inventory reimbursements and reversals, see the Quantity reimbursed [inventory] column.
-",2026-09-02 08:42:20,RETR,xtbBsw9pT2qNIY8FYQAA33
店铺绩效类,older,account_4,weihaizhongxin2024@126.com,"Sun, 23 Aug 2026 14:55:04 +0000",Amazon Services <donotreply@amazon.com>,Balance paid on your Amazon seller account,,"96
Balance paid on your Amazon seller account
 Hello,
 We have charged the credit card registered to your Amazon account for 89.42 USD to settle your seller account balance.
 Please note that the amount charged may be less than the total balance due. If a full payment is not received, we may continue to initiate additional charges, up to once every 24 hours, until the remaining balance is fully paid.
 To pay your outstanding balance at any time, go to your Payments Dashboard , go to Statement View and click Repay Balance .
 To view your payment activity, go to Payments Dashboard .
 For more information, see Making a Payment .
 Thank you for selling on Amazon.
 Amazon Services
 Help us improve your experience on selling on Amazon through this brief survey:
 https://amazonexteu.qualtrics.com/jfe/form/SV_eUKdboEQhg1YpuK?cID=10038096056-202608231349
 Report an issue with this email
 If you have any questions visit: Seller Central
 To change your email preferences visit: Notification Preferences
 Copyright 2026 Amazon, Inc, or its affiliates. All rights reserved.
 Amazon.com, 410 Terry Avenue North, Seattle, WA 98109-5210
 SPC-USAmazon-2058288011913862",2026-09-02 08:42:14,RETR,xtbBswvx12qLCcsezgAA3t
店铺绩效类,older,account_4,weihaizhongxin2024@126.com,"Sun, 23 Aug 2026 14:36:21 +0000","""Amazon.co.uk"" <donotreply@amazon.com>",Balance paid on your Amazon seller account,,"96
Balance paid on your Amazon seller account
 Hello,
 We have charged the credit card registered to your Amazon account for 126.35 GBP to settle your seller account balance.
 Please note that the amount charged may be less than the total balance due. If a full payment is not received, we may continue to initiate additional charges, up to once every 24 hours, until the remaining balance is fully paid.
 To pay your outstanding balance at any time, go to your Payments Dashboard , then go to Statement View and click Repay Balance .
 To view your payment activity, go to Payments Dashboard .
 For more information, see Making a Payment .
 Thank you for selling on Amazon.
 Amazon Services Europe
 Amazon Payments UK Limited, a private company limited by shares, is a company registered in England and Wales (registration number 11049457; VAT number: GB295 7604 60) with its registered office at 1 Principal Place, Worship St, London, EC2A 2FA, United Kingdom. Amazon Payments UK Limited is authorised by the UK Financial Conduct Authority under the Payment Services Regulations 2017 (reference number 799814) for the provision of payment services.
 Report an issue with this email
 If you have any ",2026-09-02 08:42:14,RETR,xtbBpArYvmqLBWrfRwAA3e
店铺绩效类,older,account_4,weihaizhongxin2024@126.com,"Sun, 23 Aug 2026 04:55:13 +0000","""Fulfillment by Amazon (Do not reply)"" <donotreply@amazon.com>",FBA reimbursement notification,,"96
FBA reimbursement notification
 You have a reimbursement activity
 Hello from Fulfilment by Amazon,
We have initiated a reimbursement, a reimbursement reversal, or both due to recent activity on your selling account. No action is required from you.
Reimbursements can be initiated for an issue that you notified us about or one that we identified at a fulfilment centre. A reimbursement reversal occurs when a reimbursement decision has been reviewed and changed. Reimbursement amounts are determined in accordance with the FBA inventory reimbursement policy ( https://sellercentral.amazon.co.uk/gp/help/external/200213130 ).
Please note that it may take up to five business days for reimbursement transactions to appear in your seller account.
You can find details on your reimbursement or reversal transaction in the Reimbursements report ( https://sellercentral.amazon.co.uk/reportcentral/REIMBURSEMENTS/0 ) in Seller Central:
- In the Event Date drop-down menu, select a date range and click Generate report . You can use the date in the subject line of this email as a point of reference.
- To identify inventory reimbursements and reversals, see the Quantity reimbursed [inventory] column.
-",2026-09-02 08:42:13,RETR,xtbBpQC8omqKfYAP3AAA31
店铺绩效类,older,account_4,weihaizhongxin2024@126.com,"Sat, 22 Aug 2026 03:28:54 +0000","""Fulfillment by Amazon (Do not reply)"" <donotreply@amazon.com>",FBA reimbursement notification,,"96
FBA reimbursement notification
 You have a reimbursement activity
 Hello from Fulfilment by Amazon,
We have initiated a reimbursement, a reimbursement reversal, or both due to recent activity on your selling account. No action is required from you.
Reimbursements can be initiated for an issue that you notified us about or one that we identified at a fulfilment centre. A reimbursement reversal occurs when a reimbursement decision has been reviewed and changed. Reimbursement amounts are determined in accordance with the FBA inventory reimbursement policy ( https://sellercentral.amazon.co.uk/gp/help/external/200213130 ).
Please note that it may take up to five business days for reimbursement transactions to appear in your seller account.
You can find details on your reimbursement or reversal transaction in the Reimbursements report ( https://sellercentral.amazon.co.uk/reportcentral/REIMBURSEMENTS/0 ) in Seller Central:
- In the Event Date drop-down menu, select a date range and click Generate report . You can use the date in the subject line of this email as a point of reference.
- To identify inventory reimbursements and reversals, see the Quantity reimbursed [inventory] column.
-",2026-09-02 08:42:08,RETR,xtbBsxngxmqJF3mqIAAA3L
店铺绩效类,older,account_4,weihaizhongxin2024@126.com,"Fri, 21 Aug 2026 16:10:20 +0000",Fulfillment by Amazon Operations <fba-noreply@amazon.com>,Automated unfulfillable FBA inventory removal notification,,"96
 Hello Weihai US,
The following automated unfulfillable FBA removal orders have been created based on your automated settings.
 Removal order ID XOcHJRsQHC
 You can view the removals on Removal Order Details in your seller account by using the Search tool.
The next removal order will be created as scheduled on August 22, 2026 in accordance with your settings if you have unfulfillable inventory at that time.
To make changes to the shipping address, frequency of your automated unfulfillable removals, or other settings, go to Automated unfulfillable removal settings in your seller account.
 Thank you.
The Fulfillment by Amazon team
Please note: This email was sent from a notification-only address that cannot accept incoming email. Please do not reply to this email.
 Report an issue with this email
 If you have any questions visit: Seller Central
 To change your email preferences visit: Notification Preferences
 Copyright 2026 Amazon, Inc, or its affiliates. All rights reserved.
 Amazon.com, 410 Terry Avenue North, Seattle, WA 98109-5210
 SPC-USAmazon-1776813036158592",2026-09-02 08:42:05,RETR,xtbBshD23GqIeHD3dAAA3h
店铺绩效类,older,account_4,weihaizhongxin2024@126.com,"Thu, 20 Aug 2026 15:24:40 +0000",Fulfillment by Amazon Operations <fba-noreply@amazon.com>,Automated unfulfillable FBA inventory removal notification,,"96
 Hello Weihai US,
The following automated unfulfillable FBA removal orders have been created based on your automated settings.
 Removal order ID OTe/t6gOEA
 You can view the removals on Removal Order Details in your seller account by using the Search tool.
The next removal order will be created as scheduled on August 21, 2026 in accordance with your settings if you have unfulfillable inventory at that time.
To make changes to the shipping address, frequency of your automated unfulfillable removals, or other settings, go to Automated unfulfillable removal settings in your seller account.
 Thank you.
The Fulfillment by Amazon team
Please note: This email was sent from a notification-only address that cannot accept incoming email. Please do not reply to this email.
 Report an issue with this email
 If you have any questions visit: Seller Central
 To change your email preferences visit: Notification Preferences
 Copyright 2026 Amazon, Inc, or its affiliates. All rights reserved.
 Amazon.com, 410 Terry Avenue North, Seattle, WA 98109-5210
 SPC-USAmazon-334253779112132",2026-09-02 08:42:01,RETR,xtbBsh2SeGqHHD1SCgAA3R
店铺绩效类,older,account_4,weihaizhongxin2024@126.com,"Thu, 20 Aug 2026 04:58:18 +0000","""Fulfillment by Amazon (Do not reply)"" <donotreply@amazon.com>",FBA reimbursement notification,,"96
FBA reimbursement notification
 You have a reimbursement activity
 Hello from Fulfilment by Amazon,
We have initiated a reimbursement, a reimbursement reversal, or both due to recent activity on your selling account. No action is required from you.
Reimbursements can be initiated for an issue that you notified us about or one that we identified at a fulfilment centre. A reimbursement reversal occurs when a reimbursement decision has been reviewed and changed. Reimbursement amounts are determined in accordance with the FBA inventory reimbursement policy ( https://sellercentral.amazon.co.uk/gp/help/external/200213130 ).
Please note that it may take up to five business days for reimbursement transactions to appear in your seller account.
You can find details on your reimbursement or reversal transaction in the Reimbursements report ( https://sellercentral.amazon.co.uk/reportcentral/REIMBURSEMENTS/0 ) in Seller Central:
- In the Event Date drop-down menu, select a date range and click Generate report . You can use the date in the subject line of this email as a point of reference.
- To identify inventory reimbursements and reversals, see the Quantity reimbursed [inventory] column.
-",2026-09-02 08:42:00,RETR,xtbBpQX942qGwkXYeQAA30
店铺绩效类,older,account_4,weihaizhongxin2024@126.com,"Wed, 19 Aug 2026 16:12:03 +0000",Fulfillment by Amazon Operations <fba-noreply@amazon.com>,Automated unfulfillable FBA inventory removal notification,,"96
 Hello Weihai US,
The following automated unfulfillable FBA removal orders have been created based on your automated settings.
 Removal order ID nUP0JBgWBp
 You can view the removals on Removal Order Details in your seller account by using the Search tool.
The next removal order will be created as scheduled on August 20, 2026 in accordance with your settings if you have unfulfillable inventory at that time.
To make changes to the shipping address, frequency of your automated unfulfillable removals, or other settings, go to Automated unfulfillable removal settings in your seller account.
 Thank you.
The Fulfillment by Amazon team
Please note: This email was sent from a notification-only address that cannot accept incoming email. Please do not reply to this email.
 Report an issue with this email
 If you have any questions visit: Seller Central
 To change your email preferences visit: Notification Preferences
 Copyright 2026 Amazon, Inc, or its affiliates. All rights reserved.
 Amazon.com, 410 Terry Avenue North, Seattle, WA 98109-5210
 SPC-USAmazon-879611541224250",2026-09-02 08:41:59,RETR,xtbBshOrkWqF7dMf1AAA3B
店铺绩效类,older,account_4,weihaizhongxin2024@126.com,"Tue, 18 Aug 2026 05:03:01 +0000","""Fulfillment by Amazon (Do not reply)"" <donotreply@amazon.com>",FBA reimbursement notification,,"96
FBA reimbursement notification
 You have a reimbursement activity
 Hello from Fulfilment by Amazon,
We have initiated a reimbursement, a reimbursement reversal, or both due to recent activity on your selling account. No action is required from you.
Reimbursements can be initiated for an issue that you notified us about or one that we identified at a fulfilment centre. A reimbursement reversal occurs when a reimbursement decision has been reviewed and changed. Reimbursement amounts are determined in accordance with the FBA inventory reimbursement policy ( https://sellercentral.amazon.co.uk/gp/help/external/200213130 ).
Please note that it may take up to five business days for reimbursement transactions to appear in your seller account.
You can find details on your reimbursement or reversal transaction in the Reimbursements report ( https://sellercentral.amazon.co.uk/reportcentral/REIMBURSEMENTS/0 ) in Seller Central:
- In the Event Date drop-down menu, select a date range and click Generate report . You can use the date in the subject line of this email as a point of reference.
- To identify inventory reimbursements and reversals, see the Quantity reimbursed [inventory] column.
-",2026-09-02 08:41:57,RETR,xtbBpQyYfmqD54wvfQAA3f
店铺绩效类,older,account_4,weihaizhongxin2024@126.com,"Mon, 17 Aug 2026 04:53:18 +0000","""Fulfillment by Amazon (Do not reply)"" <donotreply@amazon.com>",FBA reimbursement notification,,"96
FBA reimbursement notification
 You have a reimbursement activity
 Hello from Fulfilment by Amazon,
We have initiated a reimbursement, a reimbursement reversal, or both due to recent activity on your selling account. No action is required from you.
Reimbursements can be initiated for an issue that you notified us about or one that we identified at a fulfilment centre. A reimbursement reversal occurs when a reimbursement decision has been reviewed and changed. Reimbursement amounts are determined in accordance with the FBA inventory reimbursement policy ( https://sellercentral.amazon.co.uk/gp/help/external/200213130 ).
Please note that it may take up to five business days for reimbursement transactions to appear in your seller account.
You can find details on your reimbursement or reversal transaction in the Reimbursements report ( https://sellercentral.amazon.co.uk/reportcentral/REIMBURSEMENTS/0 ) in Seller Central:
- In the Event Date drop-down menu, select a date range and click Generate report . You can use the date in the subject line of this email as a point of reference.
- To identify inventory reimbursements and reversals, see the Quantity reimbursed [inventory] column.
-",2026-09-02 08:41:55,RETR,xtbBsgJQNmqCk8IQiQAA32
店铺绩效类,older,account_4,weihaizhongxin2024@126.com,"Sun, 16 Aug 2026 04:55:15 +0000","""Fulfillment by Amazon (Do not reply)"" <donotreply@amazon.com>",FBA reimbursement notification,,"96
FBA reimbursement notification
 You have a reimbursement activity
 Hello from Fulfilment by Amazon,
We have initiated a reimbursement, a reimbursement reversal, or both due to recent activity on your selling account. No action is required from you.
Reimbursements can be initiated for an issue that you notified us about or one that we identified at a fulfilment centre. A reimbursement reversal occurs when a reimbursement decision has been reviewed and changed. Reimbursement amounts are determined in accordance with the FBA inventory reimbursement policy ( https://sellercentral.amazon.co.uk/gp/help/external/200213130 ).
Please note that it may take up to five business days for reimbursement transactions to appear in your seller account.
You can find details on your reimbursement or reversal transaction in the Reimbursements report ( https://sellercentral.amazon.co.uk/reportcentral/REIMBURSEMENTS/0 ) in Seller Central:
- In the Event Date drop-down menu, select a date range and click Generate report . You can use the date in the subject line of this email as a point of reference.
- To identify inventory reimbursements and reversals, see the Quantity reimbursed [inventory] column.
-",2026-09-02 08:41:53,RETR,xtbBsxa4nmqBQrbuHwAA3t
店铺绩效类,older,account_4,weihaizhongxin2024@126.com,"Sun, 16 Aug 2026 02:33:51 +0000","""Amazon.com"" <fba-noreply@amazon.com>",Your FBA request is complete (TGTg3P+M9T),,"Greetings from Amazon.com
We thought you'd like to know that we have completed your destroy request.
Disposal Summary:
Quantity Requested: 1
Quantity Successfully Destroyed: 1
Quantity Cancelled: 0
You can track the status of this request by visiting your Seller Account at:
https://sellercentral.amazon.com/
For a complete list of inventory being destroyed, go to:
https://sellercentral.amazon.com/gp/orders/fba-order-details.html?orderID=S01-5234497-1039427
Please note: this email was sent from a notification-only address that
cannot accept incoming e-mail. Please do not reply to this message.
Thank you for using Fulfillment by Amazon.
--------------------------------------------------------------------------
Fulfillment by Amazon, professional packing, shipping and servicing of
online orders.
--------------------------------------------------------------------------
Was this email helpful?
 https://sellercentral.amazon.com/gp/satisfaction/survey-form.html?ie=UTF8&HMDName=NotificationBusEmailHMD&customAttribute1Value=PRODUCT_REMOVAL_ORDER_SHIPPED_NOW
SPC-USAmazon-211108477828160",2026-09-02 08:41:53,RETR,xtbBshR4XmqBIdTe7wAA3v
店铺绩效类,older,account_4,weihaizhongxin2024@126.com,"Sat, 15 Aug 2026 09:36:41 +0000","""Fulfillment by Amazon (Do not reply)"" <donotreply@amazon.com>",FBA reimbursement notification,,"96
FBA reimbursement notification
 You have a reimbursement activity
 Hello from Fulfillment by Amazon,
We have initiated a reimbursement, a reimbursement reversal, or both due to recent activity on your selling account. No action is required from you.
Reimbursements can be initiated for an issue that you notified us about or one that we identified at a fulfillment center. A reimbursement reversal occurs when a reimbursement decision has been reviewed and changed. Reimbursement amounts are determined in accordance with the FBA inventory reimbursement policy ( https://sellercentral.amazon.com/gp/help/external/200213130 ).
Please note that it may take up to five business days for reimbursement transactions to appear in your seller account.
You can find details on your reimbursement or reversal transaction in the Reimbursements report ( https://sellercentral.amazon.com/reportcentral/REIMBURSEMENTS/0 ) in Seller Central:
- In the Event Date drop-down menu, select a date range and click Generate report . You can use the date in the subject line of this email as a point of reference.
- To identify inventory reimbursements and reversals, see the Quantity reimbursed [inventory] column.
- T",2026-09-02 08:41:51,RETR,xtbBsw6SeGqAMy5LMgAA3Z
店铺绩效类,older,account_4,weihaizhongxin2024@126.com,"Sat, 15 Aug 2026 04:42:49 +0000","""Fulfillment by Amazon (Do not reply)"" <donotreply@amazon.com>",FBA reimbursement notification,,"96
FBA reimbursement notification
 You have a reimbursement activity
 Hello from Fulfilment by Amazon,
We have initiated a reimbursement, a reimbursement reversal, or both due to recent activity on your selling account. No action is required from you.
Reimbursements can be initiated for an issue that you notified us about or one that we identified at a fulfilment centre. A reimbursement reversal occurs when a reimbursement decision has been reviewed and changed. Reimbursement amounts are determined in accordance with the FBA inventory reimbursement policy ( https://sellercentral.amazon.co.uk/gp/help/external/200213130 ).
Please note that it may take up to five business days for reimbursement transactions to appear in your seller account.
You can find details on your reimbursement or reversal transaction in the Reimbursements report ( https://sellercentral.amazon.co.uk/reportcentral/REIMBURSEMENTS/0 ) in Seller Central:
- In the Event Date drop-down menu, select a date range and click Generate report . You can use the date in the subject line of this email as a point of reference.
- To identify inventory reimbursements and reversals, see the Quantity reimbursed [inventory] column.
-",2026-09-02 08:41:51,RETR,xtbBpAxJL2p-7kzThwAA3t
店铺绩效类,older,account_4,weihaizhongxin2024@126.com,"Sat, 15 Aug 2026 01:29:59 +0000",Fulfillment by Amazon Operations <fba-noreply@amazon.com>,Automated unfulfillable FBA inventory removal notification,,"96
 Hello Weihai US,
The following automated unfulfillable FBA removal orders have been created based on your automated settings.
 Removal order ID TGTg3P+M9T
 You can view the removals on Removal Order Details in your seller account by using the Search tool.
The next removal order will be created as scheduled on August 15, 2026 in accordance with your settings if you have unfulfillable inventory at that time.
To make changes to the shipping address, frequency of your automated unfulfillable removals, or other settings, go to Automated unfulfillable removal settings in your seller account.
 Thank you.
The Fulfillment by Amazon team
Please note: This email was sent from a notification-only address that cannot accept incoming email. Please do not reply to this email.
 Report an issue with this email
 If you have any questions visit: Seller Central
 To change your email preferences visit: Notification Preferences
 Copyright 2026 Amazon, Inc, or its affiliates. All rights reserved.
 Amazon.com, 410 Terry Avenue North, Seattle, WA 98109-5210
 SPC-USAmazon-422214705607011",2026-09-02 08:41:50,RETR,xtbBshnw1mp-wRnKRgAA3M
店铺绩效类,older,account_4,weihaizhongxin2024@126.com,"Thu, 13 Aug 2026 04:59:33 +0000","""Fulfillment by Amazon (Do not reply)"" <donotreply@amazon.com>",FBA reimbursement notification,,"96
FBA reimbursement notification
 You have a reimbursement activity
 Hello from Fulfilment by Amazon,
We have initiated a reimbursement, a reimbursement reversal, or both due to recent activity on your selling account. No action is required from you.
Reimbursements can be initiated for an issue that you notified us about or one that we identified at a fulfilment centre. A reimbursement reversal occurs when a reimbursement decision has been reviewed and changed. Reimbursement amounts are determined in accordance with the FBA inventory reimbursement policy ( https://sellercentral.amazon.co.uk/gp/help/external/200213130 ).
Please note that it may take up to five business days for reimbursement transactions to appear in your seller account.
You can find details on your reimbursement or reversal transaction in the Reimbursements report ( https://sellercentral.amazon.co.uk/reportcentral/REIMBURSEMENTS/0 ) in Seller Central:
- In the Event Date drop-down menu, select a date range and click Generate report . You can use the date in the subject line of this email as a point of reference.
- To identify inventory reimbursements and reversals, see the Quantity reimbursed [inventory] column.
-",2026-09-02 08:41:44,RETR,xtbBsxrbwWp9TzrjagAA3Y
店铺绩效类,older,account_4,weihaizhongxin2024@126.com,"Wed, 12 Aug 2026 12:15:45 +0000","""Amazon.com"" <fba-noreply@amazon.com>",Your FBA request is complete (tynmf1KRa8),,"Greetings from Amazon.com
We thought you'd like to know that we have completed your destroy request.
You can track the status of this request by visiting your Seller Account at:
https://sellercentral-europe.amazon.com/
For a complete list of inventory being destroyed, go to:
https://sellercentral-europe.amazon.com/gp/orders/fba-order-details.html?orderID=S02-0080378-8359167
Please note: this email was sent from a notification-only address that
cannot accept incoming e-mail. Please do not reply to this message.
Thank you for using Fulfillment by Amazon.
------------------------------------------------------------------------------
Fulfilment by Amazon – let Amazon pick, pack and ship your orders domestically
and EU wide.
------------------------------------------------------------------------------
Was this e-mail helpful? https://sellercentral.amazon.co.uk/gp/satisfaction/survey-form.html?ie=UTF8&HMDName=NotificationBusEmailHMD&customAttribute1Value=PRODUCT_REMOVAL_ORDER_SHIPPED_NOW
SPC-EUAmazon-1196270331805994",2026-09-02 08:41:39,RETR,xtbBpRXPtWp8Y-XwswAA3J
店铺绩效类,older,account_4,weihaizhongxin2024@126.com,"Wed, 12 Aug 2026 05:20:43 +0000","""Fulfillment by Amazon (Do not reply)"" <donotreply@amazon.com>",FBA reimbursement notification,,"96
FBA reimbursement notification
 You have a reimbursement activity
 Hello from Fulfilment by Amazon,
We have initiated a reimbursement, a reimbursement reversal, or both due to recent activity on your selling account. No action is required from you.
Reimbursements can be initiated for an issue that you notified us about or one that we identified at a fulfilment centre. A reimbursement reversal occurs when a reimbursement decision has been reviewed and changed. Reimbursement amounts are determined in accordance with the FBA inventory reimbursement policy ( https://sellercentral.amazon.co.uk/gp/help/external/200213130 ).
Please note that it may take up to five business days for reimbursement transactions to appear in your seller account.
You can find details on your reimbursement or reversal transaction in the Reimbursements report ( https://sellercentral.amazon.co.uk/reportcentral/REIMBURSEMENTS/0 ) in Seller Central:
- In the Event Date drop-down menu, select a date range and click Generate report . You can use the date in the subject line of this email as a point of reference.
- To identify inventory reimbursements and reversals, see the Quantity reimbursed [inventory] column.
-",2026-09-02 08:41:39,RETR,xtbBpQ5lS2p8Aq4O1AAA3l
店铺绩效类,older,account_4,weihaizhongxin2024@126.com,"Tue, 11 Aug 2026 05:46:43 +0000","""Amazon.com"" <fba-noreply@amazon.com>",Your FBA request is complete (m4n18h8HiD),,"Greetings from Amazon.com
We thought you'd like to know that we have completed your destroy request.
Disposal Summary:
Quantity Requested: 1
Quantity Successfully Destroyed: 1
Quantity Cancelled: 0
You can track the status of this request by visiting your Seller Account at:
https://sellercentral.amazon.com/
For a complete list of inventory being destroyed, go to:
https://sellercentral.amazon.com/gp/orders/fba-order-details.html?orderID=S01-0952757-7435615
Please note: this email was sent from a notification-only address that
cannot accept incoming e-mail. Please do not reply to this message.
Thank you for using Fulfillment by Amazon.
--------------------------------------------------------------------------
Fulfillment by Amazon, professional packing, shipping and servicing of
online orders.
--------------------------------------------------------------------------
Was this email helpful?
 https://sellercentral.amazon.com/gp/satisfaction/survey-form.html?ie=UTF8&HMDName=NotificationBusEmailHMD&customAttribute1Value=PRODUCT_REMOVAL_ORDER_SHIPPED_NOW
SPC-USAmazon-70370984290263",2026-09-02 08:41:30,RETR,xtbBpQY4Hmp6t0b9aQAA3w
店铺绩效类,older,account_4,weihaizhongxin2024@126.com,"Tue, 11 Aug 2026 05:00:42 +0000","""Fulfillment by Amazon (Do not reply)"" <donotreply@amazon.com>",FBA reimbursement notification,,"96
FBA reimbursement notification
 You have a reimbursement activity
 Hello from Fulfilment by Amazon,
We have initiated a reimbursement, a reimbursement reversal, or both due to recent activity on your selling account. No action is required from you.
Reimbursements can be initiated for an issue that you notified us about or one that we identified at a fulfilment centre. A reimbursement reversal occurs when a reimbursement decision has been reviewed and changed. Reimbursement amounts are determined in accordance with the FBA inventory reimbursement policy ( https://sellercentral.amazon.co.uk/gp/help/external/200213130 ).
Please note that it may take up to five business days for reimbursement transactions to appear in your seller account.
You can find details on your reimbursement or reversal transaction in the Reimbursements report ( https://sellercentral.amazon.co.uk/reportcentral/REIMBURSEMENTS/0 ) in Seller Central:
- In the Event Date drop-down menu, select a date range and click Generate report . You can use the date in the subject line of this email as a point of reference.
- To identify inventory reimbursements and reversals, see the Quantity reimbursed [inventory] column.
-",2026-09-02 08:41:29,RETR,xtbBsh6DaWp6rH66pwAA3Z
店铺绩效类,older,account_4,weihaizhongxin2024@126.com,"Mon, 10 Aug 2026 09:16:35 +0000","""Fulfillment by Amazon (Do not reply)"" <donotreply@amazon.com>",FBA reimbursement notification,,"96
FBA reimbursement notification
 You have a reimbursement activity
 Hello from Fulfillment by Amazon,
We have initiated a reimbursement, a reimbursement reversal, or both due to recent activity on your selling account. No action is required from you.
Reimbursements can be initiated for an issue that you notified us about or one that we identified at a fulfillment center. A reimbursement reversal occurs when a reimbursement decision has been reviewed and changed. Reimbursement amounts are determined in accordance with the FBA inventory reimbursement policy ( https://sellercentral.amazon.com/gp/help/external/200213130 ).
Please note that it may take up to five business days for reimbursement transactions to appear in your seller account.
You can find details on your reimbursement or reversal transaction in the Reimbursements report ( https://sellercentral.amazon.com/reportcentral/REIMBURSEMENTS/0 ) in Seller Central:
- In the Event Date drop-down menu, select a date range and click Generate report . You can use the date in the subject line of this email as a point of reference.
- To identify inventory reimbursements and reversals, see the Quantity reimbursed [inventory] column.
- T",2026-09-02 08:41:26,RETR,xtbBshfbwWp5lvflYwAA3L
店铺绩效类,older,account_4,weihaizhongxin2024@126.com,"Sun, 9 Aug 2026 14:33:13 +0000",Amazon Services <seller-notification@amazon.com>,Balance paid on your Amazon seller account,,"Greetings from Amazon Services.
 We have charged your credit card for $126.79 in an attempt to settle your Amazon seller account balance.
 Note that the amount charged to your credit card may be less than the total amount you owe due to a credit limit imposed by your bank. If that is the case, we will continue to charge your credit card as often as every 24 hours until the remaining balance in your Amazon seller account is paid in full.
 You can also use the Make a Payment feature to repay the balance you owe. For more information, see Making a Payment .
 You can view your payment activity at any time by logging in to your seller account and going to your Payments Report .
 Thank you for selling on Amazon.
 Amazon Services
 Help us improve your experience on selling on Amazon through this brief survey:
 https://amazonexteu.qualtrics.com/jfe/form/SV_eUKdboEQhg1YpuK?cID=10038096056-202608091349
 Was this email helpful?
 SPC-USAmazon-1811997402620609",2026-09-02 08:41:24,RETR,xtbBsg7HrWp4j64LkgAA38
店铺绩效类,older,account_4,weihaizhongxin2024@126.com,"Sun, 9 Aug 2026 04:49:49 +0000","""Fulfillment by Amazon (Do not reply)"" <donotreply@amazon.com>",FBA reimbursement notification,,"96
FBA reimbursement notification
 You have a reimbursement activity
 Hello from Fulfilment by Amazon,
We have initiated a reimbursement, a reimbursement reversal, or both due to recent activity on your selling account. No action is required from you.
Reimbursements can be initiated for an issue that you notified us about or one that we identified at a fulfilment centre. A reimbursement reversal occurs when a reimbursement decision has been reviewed and changed. Reimbursement amounts are determined in accordance with the FBA inventory reimbursement policy ( https://sellercentral.amazon.co.uk/gp/help/external/200213130 ).
Please note that it may take up to five business days for reimbursement transactions to appear in your seller account.
You can find details on your reimbursement or reversal transaction in the Reimbursements report ( https://sellercentral.amazon.co.uk/reportcentral/REIMBURSEMENTS/0 ) in Seller Central:
- In the Event Date drop-down menu, select a date range and click Generate report . You can use the date in the subject line of this email as a point of reference.
- To identify inventory reimbursements and reversals, see the Quantity reimbursed [inventory] column.
-",2026-09-02 08:41:24,RETR,xtbBpA91W2p4Bu9qCAAA3c
店铺绩效类,older,account_4,weihaizhongxin2024@126.com,"Sat, 8 Aug 2026 14:11:22 +0000",Fulfillment by Amazon Operations <fba-noreply@amazon.com>,Automated unfulfillable FBA inventory removal notification,,"96
 Hello Weihai US,
The following automated unfulfillable FBA removal orders have been created based on your automated settings.
 Removal order ID gQuMIftpdt
 You can view the removals on Removal Order Details in your seller account by using the Search tool.
The next removal order will be created as scheduled on August 9, 2026 in accordance with your settings if you have unfulfillable inventory at that time.
To make changes to the shipping address, frequency of your automated unfulfillable removals, or other settings, go to Automated unfulfillable removal settings in your seller account.
 Thank you.
The Fulfillment by Amazon team
Please note: This email was sent from a notification-only address that cannot accept incoming email. Please do not reply to this email.
 Report an issue with this email
 If you have any questions visit: Seller Central
 To change your email preferences visit: Notification Preferences
 Copyright 2026 Amazon, Inc, or its affiliates. All rights reserved.
 Amazon.com, 410 Terry Avenue North, Seattle, WA 98109-5210
 SPC-USAmazon-492583445591433",2026-09-02 08:41:23,RETR,xtbBsg7Jr2p3OQ616wAA3u
店铺绩效类,older,account_4,weihaizhongxin2024@126.com,"Sat, 8 Aug 2026 05:00:20 +0000","""Fulfillment by Amazon (Do not reply)"" <donotreply@amazon.com>",FBA reimbursement notification,,"96
FBA reimbursement notification
 You have a reimbursement activity
 Hello from Fulfilment by Amazon,
We have initiated a reimbursement, a reimbursement reversal, or both due to recent activity on your selling account. No action is required from you.
Reimbursements can be initiated for an issue that you notified us about or one that we identified at a fulfilment centre. A reimbursement reversal occurs when a reimbursement decision has been reviewed and changed. Reimbursement amounts are determined in accordance with the FBA inventory reimbursement policy ( https://sellercentral.amazon.co.uk/gp/help/external/200213130 ).
Please note that it may take up to five business days for reimbursement transactions to appear in your seller account.
You can find details on your reimbursement or reversal transaction in the Reimbursements report ( https://sellercentral.amazon.co.uk/reportcentral/REIMBURSEMENTS/0 ) in Seller Central:
- In the Event Date drop-down menu, select a date range and click Generate report . You can use the date in the subject line of this email as a point of reference.
- To identify inventory reimbursements and reversals, see the Quantity reimbursed [inventory] column.
-",2026-09-02 08:41:23,RETR,xtbBpAdfRWp2t+fpwwAA3f
店铺绩效类,older,account_4,weihaizhongxin2024@126.com,"Fri, 7 Aug 2026 17:55:17 +0000",Fulfillment by Amazon Operations <fba-noreply@amazon.com>,Automated unfulfillable FBA inventory removal notification,,"96
 Hello Weihai US,
The following automated unfulfillable FBA removal orders have been created based on your automated settings.
 Removal order ID m4n18h8HiD
 You can view the removals on Removal Order Details in your seller account by using the Search tool.
The next removal order will be created as scheduled on August 8, 2026 in accordance with your settings if you have unfulfillable inventory at that time.
To make changes to the shipping address, frequency of your automated unfulfillable removals, or other settings, go to Automated unfulfillable removal settings in your seller account.
 Thank you.
The Fulfillment by Amazon team
Please note: This email was sent from a notification-only address that cannot accept incoming email. Please do not reply to this email.
 Report an issue with this email
 If you have any questions visit: Seller Central
 To change your email preferences visit: Notification Preferences
 Copyright 2026 Amazon, Inc, or its affiliates. All rights reserved.
 Amazon.com, 410 Terry Avenue North, Seattle, WA 98109-5210
 SPC-USAmazon-228700655009658",2026-09-02 08:41:21,RETR,xtbBpAdAJmp2HAf+AAAA38
店铺绩效类,older,account_4,weihaizhongxin2024@126.com,"Fri, 7 Aug 2026 04:52:01 +0000","""Fulfillment by Amazon (Do not reply)"" <donotreply@amazon.com>",FBA reimbursement notification,,"96
FBA reimbursement notification
 You have a reimbursement activity
 Hello from Fulfilment by Amazon,
We have initiated a reimbursement, a reimbursement reversal, or both due to recent activity on your selling account. No action is required from you.
Reimbursements can be initiated for an issue that you notified us about or one that we identified at a fulfilment centre. A reimbursement reversal occurs when a reimbursement decision has been reviewed and changed. Reimbursement amounts are determined in accordance with the FBA inventory reimbursement policy ( https://sellercentral.amazon.co.uk/gp/help/external/200213130 ).
Please note that it may take up to five business days for reimbursement transactions to appear in your seller account.
You can find details on your reimbursement or reversal transaction in the Reimbursements report ( https://sellercentral.amazon.co.uk/reportcentral/REIMBURSEMENTS/0 ) in Seller Central:
- In the Event Date drop-down menu, select a date range and click Generate report . You can use the date in the subject line of this email as a point of reference.
- To identify inventory reimbursements and reversals, see the Quantity reimbursed [inventory] column.
-",2026-09-02 08:41:17,RETR,xtbBpRItE2p1ZHIIrgAA3m
店铺绩效类,older,account_4,weihaizhongxin2024@126.com,"Thu, 6 Aug 2026 17:19:22 +0000","""Amazon.com"" <fba-noreply@amazon.com>",Your FBA request is complete (PLBovnqz6i),,"Greetings from Amazon.com
We thought you'd like to know that we have completed your destroy request.
You can track the status of this request by visiting your Seller Account at:
https://sellercentral-europe.amazon.com/
For a complete list of inventory being destroyed, go to:
https://sellercentral-europe.amazon.com/gp/orders/fba-order-details.html?orderID=S02-2890328-1129528
Please note: this email was sent from a notification-only address that
cannot accept incoming e-mail. Please do not reply to this message.
Thank you for using Fulfillment by Amazon.
------------------------------------------------------------------------------
Fulfilment by Amazon – let Amazon pick, pack and ship your orders domestically
and EU wide.
------------------------------------------------------------------------------
Was this e-mail helpful? https://sellercentral.amazon.co.uk/gp/satisfaction/survey-form.html?ie=UTF8&HMDName=NotificationBusEmailHMD&customAttribute1Value=PRODUCT_REMOVAL_ORDER_SHIPPED_NOW
SPC-EUAmazon-439806329246859",2026-09-02 08:40:50,RETR,xtbBsh1vVWp0wh3HzgAA3d
店铺绩效类,older,account_4,weihaizhongxin2024@126.com,"Thu, 6 Aug 2026 05:43:06 +0000","""Fulfillment by Amazon (Do not reply)"" <donotreply@amazon.com>",FBA reimbursement notification,,"96
FBA reimbursement notification
 You have a reimbursement activity
 Hello from Fulfilment by Amazon,
We have initiated a reimbursement, a reimbursement reversal, or both due to recent activity on your selling account. No action is required from you.
Reimbursements can be initiated for an issue that you notified us about or one that we identified at a fulfilment centre. A reimbursement reversal occurs when a reimbursement decision has been reviewed and changed. Reimbursement amounts are determined in accordance with the FBA inventory reimbursement policy ( https://sellercentral.amazon.co.uk/gp/help/external/200213130 ).
Please note that it may take up to five business days for reimbursement transactions to appear in your seller account.
You can find details on your reimbursement or reversal transaction in the Reimbursements report ( https://sellercentral.amazon.co.uk/reportcentral/REIMBURSEMENTS/0 ) in Seller Central:
- In the Event Date drop-down menu, select a date range and click Generate report . You can use the date in the subject line of this email as a point of reference.
- To identify inventory reimbursements and reversals, see the Quantity reimbursed [inventory] column.
-",2026-09-02 08:40:44,RETR,xtbBpQ16YGp0Hu0opAAA3T
店铺绩效类,older,account_4,weihaizhongxin2024@126.com,"Tue, 4 Aug 2026 04:57:39 +0000","""Fulfillment by Amazon (Do not reply)"" <donotreply@amazon.com>",FBA reimbursement notification,,"96
FBA reimbursement notification
 You have a reimbursement activity
 Hello from Fulfilment by Amazon,
We have initiated a reimbursement, a reimbursement reversal, or both due to recent activity on your selling account. No action is required from you.
Reimbursements can be initiated for an issue that you notified us about or one that we identified at a fulfilment centre. A reimbursement reversal occurs when a reimbursement decision has been reviewed and changed. Reimbursement amounts are determined in accordance with the FBA inventory reimbursement policy ( https://sellercentral.amazon.co.uk/gp/help/external/200213130 ).
Please note that it may take up to five business days for reimbursement transactions to appear in your seller account.
You can find details on your reimbursement or reversal transaction in the Reimbursements report ( https://sellercentral.amazon.co.uk/reportcentral/REIMBURSEMENTS/0 ) in Seller Central:
- In the Event Date drop-down menu, select a date range and click Generate report . You can use the date in the subject line of this email as a point of reference.
- To identify inventory reimbursements and reversals, see the Quantity reimbursed [inventory] column.
-",2026-09-02 08:40:30,RETR,xtbBswZkSmpxcUbLNQAA3J
店铺绩效类,older,account_4,weihaizhongxin2024@126.com,"Mon, 3 Aug 2026 16:27:49 +0000","""Amazon.com"" <fba-noreply@amazon.com>",Your FBA request is complete (3rwPw0NlBZ),,"Greetings from Amazon.com
We thought you'd like to know that we have completed your destroy request.
You can track the status of this request by visiting your Seller Account at:
https://sellercentral-europe.amazon.com/
For a complete list of inventory being destroyed, go to:
https://sellercentral-europe.amazon.com/gp/orders/fba-order-details.html?orderID=S02-5427954-3195428
Please note: this email was sent from a notification-only address that
cannot accept incoming e-mail. Please do not reply to this message.
Thank you for using Fulfillment by Amazon.
------------------------------------------------------------------------------
Fulfilment by Amazon – let Amazon pick, pack and ship your orders domestically
and EU wide.
------------------------------------------------------------------------------
Was this e-mail helpful? https://sellercentral.amazon.co.uk/gp/satisfaction/survey-form.html?ie=UTF8&HMDName=NotificationBusEmailHMD&customAttribute1Value=PRODUCT_REMOVAL_ORDER_SHIPPED_NOW
SPC-EUAmazon-492582888031003",2026-09-02 08:40:26,RETR,xtbBswhJL2pwwYim+wAA3T
店铺绩效类,older,account_4,weihaizhongxin2024@126.com,"Mon, 3 Aug 2026 04:52:33 +0000","""Fulfillment by Amazon (Do not reply)"" <donotreply@amazon.com>",FBA reimbursement notification,,"96
FBA reimbursement notification
 You have a reimbursement activity
 Hello from Fulfilment by Amazon,
We have initiated a reimbursement, a reimbursement reversal, or both due to recent activity on your selling account. No action is required from you.
Reimbursements can be initiated for an issue that you notified us about or one that we identified at a fulfilment centre. A reimbursement reversal occurs when a reimbursement decision has been reviewed and changed. Reimbursement amounts are determined in accordance with the FBA inventory reimbursement policy ( https://sellercentral.amazon.co.uk/gp/help/external/200213130 ).
Please note that it may take up to five business days for reimbursement transactions to appear in your seller account.
You can find details on your reimbursement or reversal transaction in the Reimbursements report ( https://sellercentral.amazon.co.uk/reportcentral/REIMBURSEMENTS/0 ) in Seller Central:
- In the Event Date drop-down menu, select a date range and click Generate report . You can use the date in the subject line of this email as a point of reference.
- To identify inventory reimbursements and reversals, see the Quantity reimbursed [inventory] column.
-",2026-09-02 08:40:23,RETR,xtbBshZjSWpwHpbVIAAA3p
付款/资金类,older,account_4,weihaizhongxin2024@126.com,"Tue, 25 Aug 2026 12:24:04 +0000","""donotreply@amazon.com"" <donotreply@amazon.com>",✅ Transparency Payment Confirmed!,,"96
 Hello,
Thank you for your purchase! Your payment has been successfully processed. Here is your payment summary:
Invoice Number: 17XL-Y1CQ-Y617...
Hello,
Thank you for your purchase! Your payment has been successfully processed. Here is your payment summary:
Invoice Number: 17XL-Y1CQ-Y617
Date: August 25, 2026
Amount Paid: 631.05 USD
Remaining Balance: 0.00 USD
Payment Method: Cash Transfer
You can access all your billing and payments related information by going to your Transactions Dashboard.
 [Link to invoice Dashboard]
 If you see an 'Access Denied' error message when you use the link below and are not able to access the invoice/credit note, then please email transparency-support@amazon.com with your profile link (see instructions below).
 Frequently Asked Questions (FAQ)
 I see 'Access Denied' message after logging into the Transparency Portal, what should I do?
- Please log into your Amazon.com account associated with this email address. If you don't have an account, please create one with this email address.
- Go to https://www.amazon.com/profile.
- Copy the URL that was generated in the search bar. The profile link you need to provide will look similar to this: https://w",2026-09-02 08:42:21,RETR,xtbBswh6YGqNiWhYmgAA3l
付款/资金类,older,account_4,weihaizhongxin2024@126.com,"Mon, 24 Aug 2026 12:38:26 +0000",Amazon Accelerate <no-reply@sell.amazon.com>,Early-bird pricing ends August 29. Save $100 now,,"[Amazon logo](https://go.amazonsellerservices.com/e/229492/2026-08-19/7z596lw/6847886297/h/fajszjfN78xb3oKGP7qMLJQXUM-VqKc8irnBicIIs-Y)
[Early-bird ending soon](https://go.amazonsellerservices.com/e/229492/-medium-email-utm-source-email/7z596lz/6847886297/h/fajszjfN78xb3oKGP7qMLJQXUM-VqKc8irnBicIIs-Y)
Your last window to save $100
Join us in Seattle from September 22 to 24—three days where real problems get addressed, connections get made, and you leave with a plan.
Final week to save: Lock in your $100 savings before the price jumps to $599 on August 29.
[Register now](https://go.amazonsellerservices.com/e/229492/-medium-email-utm-source-email/7z596lz/6847886297/h/fajszjfN78xb3oKGP7qMLJQXUM-VqKc8irnBicIIs-Y)
Here's what registering gives you access to:
- ​​​150+ sessions across 11 topicsBuild your own schedule with sessions designed for every stage of growth.​​
- ​​​Seller Café appointmentFocused 30-minute one-to-one with an Amazon expert. Bring your toughest challenge, leave with an action plan. Spots are filling up fast.​​
- Partner ConnectBrowse 70+ Amazon-vetted service providers across advertising, logistics, fulfillment, and more. No pitch decks, just real conversations.​​
-",2026-09-02 08:42:18,RETR,xtbBswWdg2qMO0VszwAA3T
付款/资金类,older,account_4,weihaizhongxin2024@126.com,"Sat, 22 Aug 2026 17:14:31 +0000",Amazon Services <donotreply@amazon.com>,Tu pago está en camino,,"96
This title will display on mobile devices
 ¡Enhorabuena! El pago está de camino y llegará pronto.
 El pago está en camino
Enhorabuena, Weihai EU. Tu pago está en camino y te llegará en un plazo de tres a cinco días.
El 08/22/26 17:14 WEST, iniciamos una transferencia a tu método de pago (cuenta bancaria terminado en 229) por un importe de €
 646,15.
 Si el importe es inferior a lo esperado, ten en cuenta las siguientes preguntas:
 ¿Tienes saldo no disponible en tu cuenta de vendedor? Puede que hayamos reservado algo de dinero para posibles devoluciones, reclamaciones o reversiones de cargo de clientes. En este caso, el saldo de cierre de tu informe de pagos te mostrará el saldo no disponible en reserva.
 ¿Cubren tus ventas las tarifas de Amazon y las devoluciones del periodo de liquidación? El importe del pago refleja las ventas que has hecho y las tarifas de venta aplicadas tanto a dichas ventas como a cualquier promoción o servicio que hayas utilizado. Te recomendamos que revises tu informe de pagos en ""Informes"" de Seller Central para conocer el saldo de cierre.
Para más información sobre los informes de pagos en Seller Central, visita nuestro curso oficial.
Te deseamos un éx",2026-09-02 08:42:12,RETR,xtbBsxtxV2qJ2PszLAAA3R
付款/资金类,older,account_4,weihaizhongxin2024@126.com,"Sat, 22 Aug 2026 17:14:20 +0000",Amazon Services <donotreply@amazon.com>,Your payment is on the way,,"96
This title will display on mobile devices
 Congratulations! Your payment is on the way and will arrive soon.
 Disbursement Attempted
Congratulations Weihai EU! Your payment is on the way and will arrive within three to five days.
On 08/22/26 17:14 CEST, we initiated a transfer to your payment method (bank account ending in 229) in the amount of €
 397.48.
 If the amount is less than expected, here are a few questions to consider:
 Do you have an unavailable balance? Amazon might be reserving money to cover potential returns, claims, or chargebacks from buyers. If this is the case, the closing balance in your Payment Report will display the unavailable balance that is reserved.
 Did your sales cover all fees and returns for this statement period? The payment amount reflects sales activities, selling fees, and fees for promotions or services. We recommend reviewing your Payment Report under the Reports tab in Seller Central to understand your closing balance.
To learn more about Payment Reports in Seller Central, please visit our official course.
We wish you continued success!
Thank you for selling in the Amazon store,
Amazon Services
Help us improve your payment experience on Ama",2026-09-02 08:42:11,RETR,xtbBpRFvVWqJ2PH2GgAA3o
付款/资金类,older,account_4,weihaizhongxin2024@126.com,"Sat, 22 Aug 2026 12:13:14 +0000",Amazon Accelerate <no-reply@sell.amazon.com>,"Early-bird pricing ends Saturday, Aug. 29—Save $100 before it's full price",,"[Amazon logo](https://go.amazonsellerservices.com/e/229492/2026-08-19/7z596mz/6845766770/h/4MOe7WIB0iKog9ZJ2gooAw5JI3-zJ2xmrM13S4lZjTw)
[Early-bird ending soon](https://go.amazonsellerservices.com/e/229492/-medium-email-utm-source-email/7z596n3/6845766770/h/4MOe7WIB0iKog9ZJ2gooAw5JI3-zJ2xmrM13S4lZjTw)
Early-bird pricing ends soon
​​​​​​Back by popular demand, we've extended early-bird pricing one last time. Join us in Seattle from September 22 to 24—registered attendees are already building their schedules, booking Seller Café appointments, and reserving spots at Founder's Table.
Lock in your $100 savings before the price jumps to $599 on August 29.
[Register now](https://go.amazonsellerservices.com/e/229492/-medium-email-utm-source-email/7z596n3/6845766770/h/4MOe7WIB0iKog9ZJ2gooAw5JI3-zJ2xmrM13S4lZjTw)
​​​""My biggest mistake was not attending all those years prior. There is unmeasurable value on many fronts to attending this conference.""
2025 Attendee
Here's what registering gives you access to:
- ​​​150+ sessions across 11 topicsBuild your own schedule with sessions designed for every stage of growth.​​
- ​​​Seller Café appointmentFocused 30-minute one-to-one with an Amazon exper",2026-09-02 08:42:10,RETR,xtbBsh64nmqJkl6bxgAA34
付款/资金类,older,account_4,weihaizhongxin2024@126.com,"Fri, 21 Aug 2026 10:16:19 +0000",Amazon Accelerate <no-reply@sell.amazon.com>,"The fireside chat we teased is here. Early-bird pricing ends next
 week.",,"[Amazon logo](https://go.amazonsellerservices.com/e/229492/2026-08-17/7z58bwt/6843878552/h/i5ZL7d6_GwNwKOo6-EVWTgdYbnnn0rhnWQ2kP-UgsCs)
[Partner Connect at Accelerate 2026](https://go.amazonsellerservices.com/e/229492/-medium-email-utm-source-email/7z58bwx/6843878552/h/i5ZL7d6_GwNwKOo6-EVWTgdYbnnn0rhnWQ2kP-UgsCs)
A candid conversation on what’s next for selling on Amazon
Mary Beth Westmoreland will be sitting down with Amit Agarwal, Senior Vice President of International Stores and Selling Partner Services, for a candid fireside chat about where selling on Amazon is headed. They’ll talk about how Amazon is investing to help you operate with ease, grow sales, and make money, the three things this conference is built around.
Early-bird pricing ends August 29—don't miss your last chance to save!
[Register now](https://go.amazonsellerservices.com/e/229492/-medium-email-utm-source-email/7z58bwx/6843878552/h/i5ZL7d6_GwNwKOo6-EVWTgdYbnnn0rhnWQ2kP-UgsCs)
Join us from September 22 to 24 in Seattle for:
- A candid fireside chat with Amit Agarwal and Mary Beth Westmoreland.
- One-on-one expert guidance at Seller Café (50+ categories).
- 150+ sessions across 11 breakout topics.
- 70+ programs ",2026-09-02 08:42:05,RETR,xtbBpRcjCWqIJXckUAAA3c
付款/资金类,older,account_4,weihaizhongxin2024@126.com,"Thu, 20 Aug 2026 16:05:40 +0000",Amazon Services <donotreply@amazon.com>,Your payment is on the way,,"96
This title will display on mobile devices
 Congratulations! Your payment is on the way and will arrive soon.
 Disbursement attempted
Congratulations Weihai CA! Your payment is on the way and will arrive within three to five days.
On 08/20/26 16:05 EDT, we initiated a transfer to your payment method (bank account ending in 151) in the amount of CAD
 420.18.
 If the amount is less than expected, here are a few questions to consider:
 Do you have an unavailable balance? Amazon might be reserving money to cover potential returns, claims or chargebacks from buyers. If this is the case, the closing balance in your Payment Report will display the unavailable balance that is reserved.
 Did your sales cover all fees and returns for this statement period? The payment amount reflects sales activities, selling fees and fees for promotions or services. We recommend reviewing your Payment Report under the Reports tab in Seller Central to understand your closing balance.
To learn more about Payment Reports in Seller Central, please visit our official course.
We wish you continued success!
Thank you for selling in the Amazon Store,
Amazon Services
Help us improve your payment experience on Amaz",2026-09-02 08:42:03,RETR,xtbBshj74WqHJdiC6wAA3J
付款/资金类,older,account_4,weihaizhongxin2024@126.com,"Thu, 20 Aug 2026 16:03:47 +0000",Amazon Services <donotreply@amazon.com>,Tu pago está en camino,,"96
This title will display on mobile devices
 ¡Enhorabuena! El pago está de camino y llegará pronto.
 El pago está en camino
Enhorabuena, Weihai EU. Tu pago está en camino y te llegará en un plazo de tres a cinco días.
El 08/20/26 16:03 WEST, iniciamos una transferencia a tu método de pago (cuenta bancaria terminado en 229) por un importe de €
 1.195,03.
 Si el importe es inferior a lo esperado, ten en cuenta las siguientes preguntas:
 ¿Tienes saldo no disponible en tu cuenta de vendedor? Puede que hayamos reservado algo de dinero para posibles devoluciones, reclamaciones o reversiones de cargo de clientes. En este caso, el saldo de cierre de tu informe de pagos te mostrará el saldo no disponible en reserva.
 ¿Cubren tus ventas las tarifas de Amazon y las devoluciones del periodo de liquidación? El importe del pago refleja las ventas que has hecho y las tarifas de venta aplicadas tanto a dichas ventas como a cualquier promoción o servicio que hayas utilizado. Te recomendamos que revises tu informe de pagos en ""Informes"" de Seller Central para conocer el saldo de cierre.
Para más información sobre los informes de pagos en Seller Central, visita nuestro curso oficial.
Te deseamos un ",2026-09-02 08:42:02,RETR,xtbBsgrfxWqHJWqACwAA3L
付款/资金类,older,account_4,weihaizhongxin2024@126.com,"Thu, 20 Aug 2026 16:03:34 +0000",Amazon Services <donotreply@amazon.com>,Your payment is on the way,,"96
This title will display on mobile devices
 Congratulations! Your payment is on the way and will arrive soon.
 Disbursement Attempted
Congratulations Weihai EU! Your payment is on the way and will arrive within three to five days.
On 08/20/26 16:03 CEST, we initiated a transfer to your payment method (bank account ending in 229) in the amount of €
 1042.32.
 If the amount is less than expected, here are a few questions to consider:
 Do you have an unavailable balance? Amazon might be reserving money to cover potential returns, claims, or chargebacks from buyers. If this is the case, the closing balance in your Payment Report will display the unavailable balance that is reserved.
 Did your sales cover all fees and returns for this statement period? The payment amount reflects sales activities, selling fees, and fees for promotions or services. We recommend reviewing your Payment Report under the Reports tab in Seller Central to understand your closing balance.
To learn more about Payment Reports in Seller Central, please visit our official course.
We wish you continued success!
Thank you for selling in the Amazon store,
Amazon Services
Help us improve your payment experience on Am",2026-09-02 08:42:02,RETR,xtbBpBvbwWqHJVtdCAAA3j
付款/资金类,older,account_4,weihaizhongxin2024@126.com,"Thu, 20 Aug 2026 12:23:03 +0000",Amazon Accelerate <no-reply@sell.amazon.com>,You're exactly who Accelerate was designed for,,"[Amazon logo](https://go.amazonsellerservices.com/e/229492/2026-08-18/7z58zcm/6842423531/h/zqV8R_k6k7yKhqDq4dX1yXmefn5JIN40lXum5Y6M4KM)
[Your next level starts here](https://go.amazonsellerservices.com/e/229492/-medium-email-utm-source-email/7z58zcq/6842423531/h/zqV8R_k6k7yKhqDq4dX1yXmefn5JIN40lXum5Y6M4KM)
Built for every stage
Amazon ​Accelerate is meant for sellers at every level and all stages of growth, from your first sale to your ten-thousandth. Last year, 4 out of 5 attendees left feeling more confident in growing their business. ​
From September 22 to 24 in Seattle, Accelerate brings you sessions, networking, and 1:1 expert access designed to meet you where you are.
Early-bird pricing is ending next week—this is your final chance to save $100!
[Register now](https://go.amazonsellerservices.com/e/229492/-medium-email-utm-source-email/7z58zcq/6842423531/h/zqV8R_k6k7yKhqDq4dX1yXmefn5JIN40lXum5Y6M4KM)
Here's what's waiting for you:
- Seller Café
Connect with Amazon subject matter experts across 50+ appointment categories for a focused, 30-minute session tailored to your business needs. Almost 9 in 10 sellers left their Seller Café appointment satisfied, and this is one of the h",2026-09-02 08:42:00,RETR,xtbBpQniyGqG8akm1gAA3C
付款/资金类,older,account_4,weihaizhongxin2024@126.com,"Tue, 18 Aug 2026 12:13:14 +0000",Amazon Accelerate <no-reply@sell.amazon.com>,"Live at Accelerate 2026: Mary Beth Westmoreland and Amit Agarwal
 fireside chat",,"[Amazon logo](https://go.amazonsellerservices.com/e/229492/2026-08-17/7z58bxx/6837257199/h/ROTGYDonH0Pvpb92J9CZAGdoz2-iazjSlqoOkDG1azg)
[Partner Connect at Accelerate 2026](https://go.amazonsellerservices.com/e/229492/-medium-email-utm-source-email/7z58by1/6837257199/h/ROTGYDonH0Pvpb92J9CZAGdoz2-iazjSlqoOkDG1azg)
Fireside chat with Mary Beth Westmoreland and Amit Agarwal
Mary Beth Westmoreland will be sitting down with Amit Agarwal, Senior Vice President of International Stores and Selling Partner Services, for a candid fireside chat about where selling on Amazon is headed. They’ll talk about how Amazon is investing to help you operate with ease, grow sales, and make money, the three things this conference is built around.
Early-bird pricing ends next week—don't miss your last chance to save!
[Register now](https://go.amazonsellerservices.com/e/229492/-medium-email-utm-source-email/7z58by1/6837257199/h/ROTGYDonH0Pvpb92J9CZAGdoz2-iazjSlqoOkDG1azg)
[Partner Connect at Accelerate 2026](https://go.amazonsellerservices.com/e/229492/-medium-email-utm-source-email/7z58by1/6837257199/h/ROTGYDonH0Pvpb92J9CZAGdoz2-iazjSlqoOkDG1azg)
""A few weeks ago, I shared that we were planning something s",2026-09-02 08:41:58,RETR,xtbBpB3ly2qETF0sNQAA3x
付款/资金类,older,account_4,weihaizhongxin2024@126.com,"Mon, 17 Aug 2026 18:27:13 +0000",Amazon Services <donotreply@amazon.com>,Tu pago está en camino,,"96
This title will display on mobile devices
 ¡Enhorabuena! El pago está de camino y llegará pronto.
 El pago está en camino
Enhorabuena, Weihai EU. Tu pago está en camino y te llegará en un plazo de tres a cinco días.
El 08/17/26 18:26 WEST, iniciamos una transferencia a tu método de pago (cuenta bancaria terminado en 229) por un importe de €
 765,30.
 Si el importe es inferior a lo esperado, ten en cuenta las siguientes preguntas:
 ¿Tienes saldo no disponible en tu cuenta de vendedor? Puede que hayamos reservado algo de dinero para posibles devoluciones, reclamaciones o reversiones de cargo de clientes. En este caso, el saldo de cierre de tu informe de pagos te mostrará el saldo no disponible en reserva.
 ¿Cubren tus ventas las tarifas de Amazon y las devoluciones del periodo de liquidación? El importe del pago refleja las ventas que has hecho y las tarifas de venta aplicadas tanto a dichas ventas como a cualquier promoción o servicio que hayas utilizado. Te recomendamos que revises tu informe de pagos en ""Informes"" de Seller Central para conocer el saldo de cierre.
Para más información sobre los informes de pagos en Seller Central, visita nuestro curso oficial.
Te deseamos un éx",2026-09-02 08:41:56,RETR,xtbBpQgyGGqDUojLBgAA35
付款/资金类,older,account_4,weihaizhongxin2024@126.com,"Mon, 17 Aug 2026 18:26:45 +0000",Amazon Services <donotreply@amazon.com>,Your payment is on the way,,"96
This title will display on mobile devices
 Congratulations! Your payment is on the way and will arrive soon.
 Disbursement Attempted
Congratulations Weihai EU! Your payment is on the way and will arrive within three to five days.
On 08/17/26 18:26 CEST, we initiated a transfer to your payment method (bank account ending in 229) in the amount of €
 712.69.
 If the amount is less than expected, here are a few questions to consider:
 Do you have an unavailable balance? Amazon might be reserving money to cover potential returns, claims, or chargebacks from buyers. If this is the case, the closing balance in your Payment Report will display the unavailable balance that is reserved.
 Did your sales cover all fees and returns for this statement period? The payment amount reflects sales activities, selling fees, and fees for promotions or services. We recommend reviewing your Payment Report under the Reports tab in Seller Central to understand your closing balance.
To learn more about Payment Reports in Seller Central, please visit our official course.
We wish you continued success!
Thank you for selling in the Amazon store,
Amazon Services
Help us improve your payment experience on Ama",2026-09-02 08:41:56,RETR,xtbBswkqEGqDUmmsKAAA3W
付款/资金类,older,account_4,weihaizhongxin2024@126.com,"Sat, 15 Aug 2026 13:39:43 +0000",Amazon Services <donotreply@amazon.com>,Your payment is on the way,,"96
This title will display on mobile devices
 Congratulations! Your payment is on the way and will arrive soon.
 Disbursement Attempted
Congratulations Weihai EU! Your payment is on the way and will arrive within three to five days.
On 08/15/26 13:39 CEST, we initiated a transfer to your payment method (bank account ending in 229) in the amount of €
 645.37.
 If the amount is less than expected, here are a few questions to consider:
 Do you have an unavailable balance? Amazon might be reserving money to cover potential returns, claims, or chargebacks from buyers. If this is the case, the closing balance in your Payment Report will display the unavailable balance that is reserved.
 Did your sales cover all fees and returns for this statement period? The payment amount reflects sales activities, selling fees, and fees for promotions or services. We recommend reviewing your Payment Report under the Reports tab in Seller Central to understand your closing balance.
To learn more about Payment Reports in Seller Central, please visit our official course.
We wish you continued success!
Thank you for selling in the Amazon store,
Amazon Services
Help us improve your payment experience on Ama",2026-09-02 08:41:52,RETR,xtbBswLdw2qAbCI2iQAA30
付款/资金类,older,account_4,weihaizhongxin2024@126.com,"Sat, 15 Aug 2026 13:38:59 +0000",Amazon Services <donotreply@amazon.com>,Tu pago está en camino,,"96
This title will display on mobile devices
 ¡Enhorabuena! El pago está de camino y llegará pronto.
 El pago está en camino
Enhorabuena, Weihai EU. Tu pago está en camino y te llegará en un plazo de tres a cinco días.
El 08/15/26 13:38 WEST, iniciamos una transferencia a tu método de pago (cuenta bancaria terminado en 229) por un importe de €
 353,79.
 Si el importe es inferior a lo esperado, ten en cuenta las siguientes preguntas:
 ¿Tienes saldo no disponible en tu cuenta de vendedor? Puede que hayamos reservado algo de dinero para posibles devoluciones, reclamaciones o reversiones de cargo de clientes. En este caso, el saldo de cierre de tu informe de pagos te mostrará el saldo no disponible en reserva.
 ¿Cubren tus ventas las tarifas de Amazon y las devoluciones del periodo de liquidación? El importe del pago refleja las ventas que has hecho y las tarifas de venta aplicadas tanto a dichas ventas como a cualquier promoción o servicio que hayas utilizado. Te recomendamos que revises tu informe de pagos en ""Informes"" de Seller Central para conocer el saldo de cierre.
Para más información sobre los informes de pagos en Seller Central, visita nuestro curso oficial.
Te deseamos un éx",2026-09-02 08:41:51,RETR,xtbBshfSuGqAa-cFtgAA3K
付款/资金类,older,account_4,weihaizhongxin2024@126.com,"Fri, 14 Aug 2026 10:11:50 +0000",Amazon Services <donotreply@amazon.com>,Tu pago está en camino,,"96
This title will display on mobile devices
 ¡Enhorabuena! El pago está de camino y llegará pronto.
 El pago está en camino
Enhorabuena, Weihai EU. Tu pago está en camino y te llegará en un plazo de tres a cinco días.
El 08/14/26 10:11 WEST, iniciamos una transferencia a tu método de pago (cuenta bancaria terminado en 229) por un importe de €
 504,77.
 Si el importe es inferior a lo esperado, ten en cuenta las siguientes preguntas:
 ¿Tienes saldo no disponible en tu cuenta de vendedor? Puede que hayamos reservado algo de dinero para posibles devoluciones, reclamaciones o reversiones de cargo de clientes. En este caso, el saldo de cierre de tu informe de pagos te mostrará el saldo no disponible en reserva.
 ¿Cubren tus ventas las tarifas de Amazon y las devoluciones del periodo de liquidación? El importe del pago refleja las ventas que has hecho y las tarifas de venta aplicadas tanto a dichas ventas como a cualquier promoción o servicio que hayas utilizado. Te recomendamos que revises tu informe de pagos en ""Informes"" de Seller Central para conocer el saldo de cierre.
Para más información sobre los informes de pagos en Seller Central, visita nuestro curso oficial.
Te deseamos un éx",2026-09-02 08:41:49,RETR,xtbBpAnu1Gp+6ekCwwAA3C
付款/资金类,older,account_4,weihaizhongxin2024@126.com,"Fri, 14 Aug 2026 10:11:23 +0000",Amazon Services <donotreply@amazon.com>,Your payment is on the way,,"96
This title will display on mobile devices
 Congratulations! Your payment is on the way and will arrive soon.
 Disbursement Attempted
Congratulations Weihai EU! Your payment is on the way and will arrive within three to five days.
On 08/14/26 10:11 CEST, we initiated a transfer to your payment method (bank account ending in 229) in the amount of €
 628.85.
 If the amount is less than expected, here are a few questions to consider:
 Do you have an unavailable balance? Amazon might be reserving money to cover potential returns, claims, or chargebacks from buyers. If this is the case, the closing balance in your Payment Report will display the unavailable balance that is reserved.
 Did your sales cover all fees and returns for this statement period? The payment amount reflects sales activities, selling fees, and fees for promotions or services. We recommend reviewing your Payment Report under the Reports tab in Seller Central to understand your closing balance.
To learn more about Payment Reports in Seller Central, please visit our official course.
We wish you continued success!
Thank you for selling in the Amazon store,
Amazon Services
Help us improve your payment experience on Ama",2026-09-02 08:41:49,RETR,xtbBsg-nzWp+6c8QoQAA3U
付款/资金类,older,account_4,weihaizhongxin2024@126.com,"Fri, 14 Aug 2026 07:03:07 +0000",Amazon Services Europe <donotreply@amazon.com>,您的亚马逊卖家账户支付的余额,,"96
您的亚马逊卖家账户支付的余额
 您好！
 为了尝试结算您的卖家账户余额，我们已从您在亚马逊账户中登记的3.82 EUR收取了 credit card。
 请注意，实际收取金额可能低于应付总余额。如果未收到全额付款，我们可能会继续收取额外费用，最多每 24 小时一次，直到剩余余额全部付清为止。
 任何时候，如要支付应付余额，请前往您的 付款控制面板 ，转到 对账单视图 ，并点击 重新支付余额 。
 要查看您的付款活动，请前往 付款控制面板 。
 有关详细信息，请参阅 付款 。
 感谢您在亚马逊开店。
 Amazon Services Europe
 Amazon Payments Europe SCA (société en commandite par actions), partnership limited by shares, is a company registered in Luxembourg, Registration Number (RCS Luxembourg) B 153 265, with its corporate office at 38 avenue John F. Kennedy, L-1855 Luxembourg. VAT Number LU 24448288. Amazon Payments Europe SCA is authorised by the Commission de Surveillance du Secteur Financier as an Electronic Money Issuer (licence number 36/10).
 报告此电子邮件的问题
 如果您有任何问题，请访问: Seller Central
 要更改您的电子邮件首选项，请访问： 通知首选项
 2026 Amazon.com 旗下公司 保留所有权利
 Amazon EU S.à r.l.
38 avenue John F. Kennedy,
L-1855 Luxembourg,
注册于卢森堡，
注册编号 B-101818，
股本 165.833 欧元，
营业执照编号： 134248，
卢森堡增值税注册编号 LU 20260743。
 SPC-EUAmazon-967571915403155",2026-09-02 08:41:48,RETR,xtbBpQ-Uump+va+NSgAA3F
付款/资金类,older,account_4,weihaizhongxin2024@126.com,"Thu, 13 Aug 2026 13:25:55 +0000",Amazon Accelerate <no-reply@sell.amazon.com>,"Did you catch Mary Beth's message? Early-bird extension ends August
 29",,"[Amazon logo](https://go.amazonsellerservices.com/e/229492/2026-08-07/7z543yq/6828853872/h/09uV_tsw5XUFTzEZF_b-1pdSpEuhEDbCowtX9OlIcwk)
[Partner Connect at Accelerate 2026](https://go.amazonsellerservices.com/e/229492/-medium-email-utm-source-email/7z543yt/6828853872/h/09uV_tsw5XUFTzEZF_b-1pdSpEuhEDbCowtX9OlIcwk)
Where your next year of growth starts
I want to personally invite you to join me at Amazon Accelerate 2026 in Seattle from September 22 to 24.
I recorded a short message to share why this event means so much to me. I hope you’ll watch it.
[Register now](https://go.amazonsellerservices.com/e/229492/-medium-email-utm-source-email/7z543yt/6828853872/h/09uV_tsw5XUFTzEZF_b-1pdSpEuhEDbCowtX9OlIcwk)
[An image showcasing the key elements of a product listing page.](https://go.amazonsellerservices.com/e/229492/watch-v-qBwS3fdidZo/7z543yx/6828853872/h/09uV_tsw5XUFTzEZF_b-1pdSpEuhEDbCowtX9OlIcwk)
[Partner Connect at Accelerate 2026](https://go.amazonsellerservices.com/e/229492/-medium-email-utm-source-email/7z543yt/6828853872/h/09uV_tsw5XUFTzEZF_b-1pdSpEuhEDbCowtX9OlIcwk)
This year, based on your feedback, we’ve expanded nearly every part of the conference. More interactive breakout ",2026-09-02 08:41:45,RETR,xtbBswekimp9xedIRQAA3i
付款/资金类,older,account_4,weihaizhongxin2024@126.com,"Wed, 12 Aug 2026 15:01:57 +0000",Amazon Services <donotreply@amazon.com>,Tu pago está en camino,,"96
This title will display on mobile devices
 ¡Enhorabuena! El pago está de camino y llegará pronto.
 El pago está en camino
Enhorabuena, Weihai EU. Tu pago está en camino y te llegará en un plazo de tres a cinco días.
El 08/12/26 15:01 WEST, iniciamos una transferencia a tu método de pago (cuenta bancaria terminado en 229) por un importe de €
 786,87.
 Si el importe es inferior a lo esperado, ten en cuenta las siguientes preguntas:
 ¿Tienes saldo no disponible en tu cuenta de vendedor? Puede que hayamos reservado algo de dinero para posibles devoluciones, reclamaciones o reversiones de cargo de clientes. En este caso, el saldo de cierre de tu informe de pagos te mostrará el saldo no disponible en reserva.
 ¿Cubren tus ventas las tarifas de Amazon y las devoluciones del periodo de liquidación? El importe del pago refleja las ventas que has hecho y las tarifas de venta aplicadas tanto a dichas ventas como a cualquier promoción o servicio que hayas utilizado. Te recomendamos que revises tu informe de pagos en ""Informes"" de Seller Central para conocer el saldo de cierre.
Para más información sobre los informes de pagos en Seller Central, visita nuestro curso oficial.
Te deseamos un éx",2026-09-02 08:41:41,RETR,xtbBswiWfGp8iuit+wAA3z
付款/资金类,older,account_4,weihaizhongxin2024@126.com,"Wed, 12 Aug 2026 15:01:21 +0000",Amazon Services <donotreply@amazon.com>,Your payment is on the way,,"96
This title will display on mobile devices
 Congratulations! Your payment is on the way and will arrive soon.
 Disbursement attempted
Congratulations Weihai CA! Your payment is on the way and will arrive within three to five days.
On 08/12/26 15:00 EDT, we initiated a transfer to your payment method (bank account ending in 151) in the amount of CAD
 261.52.
 If the amount is less than expected, here are a few questions to consider:
 Do you have an unavailable balance? Amazon might be reserving money to cover potential returns, claims or chargebacks from buyers. If this is the case, the closing balance in your Payment Report will display the unavailable balance that is reserved.
 Did your sales cover all fees and returns for this statement period? The payment amount reflects sales activities, selling fees and fees for promotions or services. We recommend reviewing your Payment Report under the Reports tab in Seller Central to understand your closing balance.
To learn more about Payment Reports in Seller Central, please visit our official course.
We wish you continued success!
Thank you for selling in the Amazon Store,
Amazon Services
Help us improve your payment experience on Amaz",2026-09-02 08:41:40,RETR,xtbBsgWNc2p8isXZOAAA3x
付款/资金类,older,account_4,weihaizhongxin2024@126.com,"Wed, 12 Aug 2026 13:10:07 +0000",Sell with Amazon <no-reply@sell.amazon.com>,Hear from sellers who've been to Accelerate—92.9% of sellers said it was worth it,,"[Amazon logo](https://go.amazonsellerservices.com/e/229492/2026-08-11/7z56gp4/6826508754/h/QiUyqAFaZJ8bybuETp2Zaj1aeQqep5gBwkvyQ1nNdro)
[Partner Connect at Accelerate 2026](https://go.amazonsellerservices.com/e/229492/-medium-email-utm-source-email/7z56gp7/6826508754/h/QiUyqAFaZJ8bybuETp2Zaj1aeQqep5gBwkvyQ1nNdro)
​Sellers share their experience
​​You've heard us talk about Amazon Accelerate. Now hear it from sellers who've actually been there.​​​
In case you missed it, early-bird pricing has been extended through August 29! Save $100 and experience Accelerate 2026 for yourself.
[Register now](https://go.amazonsellerservices.com/e/229492/-medium-email-utm-source-email/7z56gp7/6826508754/h/QiUyqAFaZJ8bybuETp2Zaj1aeQqep5gBwkvyQ1nNdro)
Watch these Accelerate experience videos:
[An image showcasing the key elements of a product listing page.](https://go.amazonsellerservices.com/e/229492/watch-v-UYDBZyysioA/7z56gpb/6826508754/h/QiUyqAFaZJ8bybuETp2Zaj1aeQqep5gBwkvyQ1nNdro)
[An image showcasing the key elements of a product listing page.](https://go.amazonsellerservices.com/e/229492/watch-v-htHY-VVc3mE/7z56gpf/6826508754/h/QiUyqAFaZJ8bybuETp2Zaj1aeQqep5gBwkvyQ1nNdro)
​​​92.9% of 2025 atten",2026-09-02 08:41:40,RETR,xtbBpRIC52p8cLI3QwAA3y
付款/资金类,older,account_4,weihaizhongxin2024@126.com,"Tue, 11 Aug 2026 12:45:09 +0000",Amazon Accelerate <no-reply@sell.amazon.com>,Mary Beth Westmoreland invites you to Amazon Accelerate 2026,,"[Amazon logo](https://go.amazonsellerservices.com/e/229492/2026-08-07/7z543zx/6824284947/h/IMGEB96CBgyW2DY04pRCmrOMWOWCmWx4Su6ckkT2afE)
[Partner Connect at Accelerate 2026](https://go.amazonsellerservices.com/e/229492/-medium-email-utm-source-email/7z54411/6824284947/h/IMGEB96CBgyW2DY04pRCmrOMWOWCmWx4Su6ckkT2afE)
A personal invitation from Mary Beth
There’s nothing I look forward to more than spending time with the sellers who inspire everything we do. That is why I want to personally invite you to join me at Amazon Accelerate 2026, from September 22 to 24 in Seattle.
I recorded a short message to share why this event means so much to me. I hope you’ll watch it.
[Register now](https://go.amazonsellerservices.com/e/229492/-medium-email-utm-source-email/7z54411/6824284947/h/IMGEB96CBgyW2DY04pRCmrOMWOWCmWx4Su6ckkT2afE)
[An image showcasing the key elements of a product listing page.](https://go.amazonsellerservices.com/e/229492/watch-v-qBwS3fdidZo/7z54414/6824284947/h/IMGEB96CBgyW2DY04pRCmrOMWOWCmWx4Su6ckkT2afE)
[Partner Connect at Accelerate 2026](https://go.amazonsellerservices.com/e/229492/-medium-email-utm-source-email/7z54411/6824284947/h/IMGEB96CBgyW2DY04pRCmrOMWOWCmWx4Su6ckkT2a",2026-09-02 08:41:32,RETR,xtbBsxnVu2p7GVnj+AAA3O
付款/资金类,older,account_4,weihaizhongxin2024@126.com,"Tue, 11 Aug 2026 11:39:46 +0000",Amazon Services <donotreply@amazon.com>,Tu pago está en camino,,"96
This title will display on mobile devices
 ¡Enhorabuena! El pago está de camino y llegará pronto.
 El pago está en camino
Enhorabuena, Weihai EU. Tu pago está en camino y te llegará en un plazo de tres a cinco días.
El 08/11/26 11:39 WEST, iniciamos una transferencia a tu método de pago (cuenta bancaria terminado en 229) por un importe de €
 1.702,92.
 Si el importe es inferior a lo esperado, ten en cuenta las siguientes preguntas:
 ¿Tienes saldo no disponible en tu cuenta de vendedor? Puede que hayamos reservado algo de dinero para posibles devoluciones, reclamaciones o reversiones de cargo de clientes. En este caso, el saldo de cierre de tu informe de pagos te mostrará el saldo no disponible en reserva.
 ¿Cubren tus ventas las tarifas de Amazon y las devoluciones del periodo de liquidación? El importe del pago refleja las ventas que has hecho y las tarifas de venta aplicadas tanto a dichas ventas como a cualquier promoción o servicio que hayas utilizado. Te recomendamos que revises tu informe de pagos en ""Informes"" de Seller Central para conocer el saldo de cierre.
Para más información sobre los informes de pagos en Seller Central, visita nuestro curso oficial.
Te deseamos un ",2026-09-02 08:41:30,RETR,xtbBsgb84mp7CgaKtwAA3K
付款/资金类,older,account_4,weihaizhongxin2024@126.com,"Tue, 11 Aug 2026 11:39:19 +0000",Amazon Services <donotreply@amazon.com>,Your payment is on the way,,"96
This title will display on mobile devices
 Congratulations! Your payment is on the way and will arrive soon.
 Disbursement Attempted
Congratulations Weihai EU! Your payment is on the way and will arrive within three to five days.
On 08/11/26 11:39 CEST, we initiated a transfer to your payment method (bank account ending in 229) in the amount of €
 674.77.
 If the amount is less than expected, here are a few questions to consider:
 Do you have an unavailable balance? Amazon might be reserving money to cover potential returns, claims, or chargebacks from buyers. If this is the case, the closing balance in your Payment Report will display the unavailable balance that is reserved.
 Did your sales cover all fees and returns for this statement period? The payment amount reflects sales activities, selling fees, and fees for promotions or services. We recommend reviewing your Payment Report under the Reports tab in Seller Central to understand your closing balance.
To learn more about Payment Reports in Seller Central, please visit our official course.
We wish you continued success!
Thank you for selling in the Amazon store,
Amazon Services
Help us improve your payment experience on Ama",2026-09-02 08:41:30,RETR,xtbBpAr122p7Cep53AAA3X
付款/资金类,older,account_4,weihaizhongxin2024@126.com,"Sun, 9 Aug 2026 14:20:11 +0000",Amazon Services <donotreply@amazon.com>,Your payment is on the way,,"96
This title will display on mobile devices
 Congratulations! Your payment is on the way and will arrive soon.
 Disbursement Attempted
Congratulations Weihai EU! Your payment is on the way and will arrive within three to five days.
On 08/09/26 14:20 BST, we initiated a transfer to your payment method (bank account ending in 191) in the amount of £
 200.53.
 If the amount is less than expected, here are a few questions to consider:
 Do you have an unavailable balance? Amazon might be reserving money to cover potential returns, claims or chargebacks from buyers. If this is the case, the closing balance in your Payment Report will display the unavailable balance that is reserved.
 Did your sales cover all fees and returns for this statement period? The payment amount reflects sales activities, selling fees and fees for promotions or services. We recommend reviewing your Payment Report under the Reports tab in Seller Central to understand your closing balance.
To find out more about Payment Reports in Seller Central, please visit our official course.
We wish you continued success!
Thank you for selling in the Amazon store,
Amazon Services
Help us improve your payment experience on Ama",2026-09-02 08:41:24,RETR,xtbBpB8D6Gp4jJ-spAAA3Z
付款/资金类,older,account_4,weihaizhongxin2024@126.com,"Fri, 7 Aug 2026 23:31:39 +0000",Amazon Services <donotreply@amazon.com>,Your payment is on the way,,"96
This title will display on mobile devices
 Congratulations! Your payment is on the way and will arrive soon.
 Disbursement Attempted
Congratulations Weihai EU! Your payment is on the way and will arrive within three to five days.
On 08/07/26 23:31 GST, we initiated a transfer to your payment method (bank account ending in 229) in the amount of AED
 85.79.
 If the amount is less than expected, here are a few questions to consider:
 Do you have an unavailable balance? Amazon might be reserving money to cover potential returns, claims, or chargebacks from buyers. If this is the case, the closing balance in your Payment Report will display the unavailable balance that is reserved.
 Did your sales cover all fees and returns for this statement period? The payment amount reflects sales activities, selling fees, and fees for promotions or services. We recommend reviewing your Payment Report under the Reports tab in Seller Central to understand your closing balance.
To learn more about Payment Reports in Seller Central, please visit our official course.
We wish you continued success!
Thank you for selling in the Amazon store,
Amazon Services
Help us improve your payment experience on Ama",2026-09-02 08:41:21,RETR,xtbBpR4K72p2at4m5gAA32
付款/资金类,older,account_4,weihaizhongxin2024@126.com,"Fri, 7 Aug 2026 15:18:33 +0000",Amazon Services <donotreply@amazon.com>,Your payment is on the way,,"96
This title will display on mobile devices
 Congratulations! Your payment is on the way and will arrive soon.
 Disbursement Attempted
Congratulations Weihai EU! Your payment is on the way and will arrive within three to five days.
On 08/07/26 15:18 CEST, we initiated a transfer to your payment method (bank account ending in 229) in the amount of €
 287.73.
 If the amount is less than expected, here are a few questions to consider:
 Do you have an unavailable balance? Amazon might be reserving money to cover potential returns, claims, or chargebacks from buyers. If this is the case, the closing balance in your Payment Report will display the unavailable balance that is reserved.
 Did your sales cover all fees and returns for this statement period? The payment amount reflects sales activities, selling fees, and fees for promotions or services. We recommend reviewing your Payment Report under the Reports tab in Seller Central to understand your closing balance.
To learn more about Payment Reports in Seller Central, please visit our official course.
We wish you continued success!
Thank you for selling in the Amazon store,
Amazon Services
Help us improve your payment experience on Ama",2026-09-02 08:41:21,RETR,xtbBsw4J7mp1907XAwAA3o
付款/资金类,older,account_4,weihaizhongxin2024@126.com,"Fri, 7 Aug 2026 15:18:03 +0000",Amazon Services <donotreply@amazon.com>,Tu pago está en camino,,"96
This title will display on mobile devices
 ¡Enhorabuena! El pago está de camino y llegará pronto.
 El pago está en camino
Enhorabuena, Weihai EU. Tu pago está en camino y te llegará en un plazo de tres a cinco días.
El 08/07/26 15:17 WEST, iniciamos una transferencia a tu método de pago (cuenta bancaria terminado en 229) por un importe de €
 1.218,16.
 Si el importe es inferior a lo esperado, ten en cuenta las siguientes preguntas:
 ¿Tienes saldo no disponible en tu cuenta de vendedor? Puede que hayamos reservado algo de dinero para posibles devoluciones, reclamaciones o reversiones de cargo de clientes. En este caso, el saldo de cierre de tu informe de pagos te mostrará el saldo no disponible en reserva.
 ¿Cubren tus ventas las tarifas de Amazon y las devoluciones del periodo de liquidación? El importe del pago refleja las ventas que has hecho y las tarifas de venta aplicadas tanto a dichas ventas como a cualquier promoción o servicio que hayas utilizado. Te recomendamos que revises tu informe de pagos en ""Informes"" de Seller Central para conocer el saldo de cierre.
Para más información sobre los informes de pagos en Seller Central, visita nuestro curso oficial.
Te deseamos un ",2026-09-02 08:41:20,RETR,xtbBpA8B5mp19y8I0wAA3Q
付款/资金类,older,account_4,weihaizhongxin2024@126.com,"Fri, 7 Aug 2026 15:17:38 +0000",Amazon Services <donotreply@amazon.com>,Your payment is on the way,,"96
This title will display on mobile devices
 Congratulations! Your payment is on the way and will arrive soon.
 Disbursement attempted
Congratulations Weihai CA! Your payment is on the way and will arrive within three to five days.
On 08/07/26 15:17 EDT, we initiated a transfer to your payment method (bank account ending in 151) in the amount of CAD
 325.57.
 If the amount is less than expected, here are a few questions to consider:
 Do you have an unavailable balance? Amazon might be reserving money to cover potential returns, claims or chargebacks from buyers. If this is the case, the closing balance in your Payment Report will display the unavailable balance that is reserved.
 Did your sales cover all fees and returns for this statement period? The payment amount reflects sales activities, selling fees and fees for promotions or services. We recommend reviewing your Payment Report under the Reports tab in Seller Central to understand your closing balance.
To learn more about Payment Reports in Seller Central, please visit our official course.
We wish you continued success!
Thank you for selling in the Amazon Store,
Amazon Services
Help us improve your payment experience on Amaz",2026-09-02 08:41:20,RETR,xtbBpBb64Gp19xYIOAAA3m
付款/资金类,older,account_4,weihaizhongxin2024@126.com,"Thu, 6 Aug 2026 15:49:22 +0000",Amazon Services <seller-notification@amazon.pl>,Nieuregulowane saldo na koncie Amazon,,"Witamy!
 Masz na swoim koncie nieuregulowane saldo w wysokośc PLN 45.36. Obciążymy tą kwotą kartę kredytową zarejestrowaną jako metoda płatności dla Twojego konta
 Jeśli ta karta ma limit kredytowy, możemy ją obciążać do momentu pełnej spłaty nieuregulowanego salda.
 Aby uzyskać więcej informacji, wyszukaj Dokonaj płatności w Pomocy Seller Central.
 Aby dowiedzieć się więcej na temat raportów płatności i Twoich działań, wyszukaj Wyświetl moje raporty o płatnościach w Pomocy Seller Central.
 Z poważaniem,
 Amazon Payments Europe SCA (société en commandite par actions) to spółka komandytowo-akcyjna zarejestrowana w Luksemburgu, numer rejestracyjny (RCS Luxembourg) B 153 265, z siedzibą pod adresem 38 avenue J.F. Kennedy, L-1855 Luxembourg. Numer VAT: LU 24448288. Amazon Payments Europe SCA posiada upoważnienie Komisji Nadzoru Sektora Finansowego w Luksemburgu do emisji pieniądza elektronicznego (numer licencji 36/10)
 Czy ten e-mail był pomocny?
 SPC-EUAmazon-1372192191405433",2026-09-02 08:40:47,RETR,xtbBpAMjCWp0rQOHLgAA3U
付款/资金类,older,account_4,weihaizhongxin2024@126.com,"Thu, 6 Aug 2026 15:22:13 +0000",Amazon Payments Europe <donotreply@amazon.com>,Rettifica del saldo negativo nei tuoi account,,"96
This title will display on mobile devices
 Abbiamo rettificato il tuo saldo negativo di 234.50 € dovuto dal tuo account venditore Amazon.it in data agosto 6, 2026, utilizzando i fondi disponibili nel tuo account Amazon.fr. Puoi visualizzare il saldo del tuo account in qualsiasi momento accedendo al tuo account e quindi alla dashboard dei pagamenti .
Per maggiori informazioni, vai a Rettifica del saldo negativo nei tuoi account .
Distinti saluti,
Amazon Payments Europe
 Segnala un problema con questa e-mail
 Per qualsiasi domanda consulta: Seller Central
 Per modificare le preferenze sulle e-mail consulta: Preferenze sulle notifiche
 Copyright 2026 Amazon, Inc. o società affiliate. Tutti i diritti riservati.
 Amazon Payments Europe
 38 avenue John F. Kennedy,
 L-1855 Lussemburgo,
 Numero di registrazione in Lussemburgo: B-101818,
 Capitale Sociale 165.833 EUR,
 Numero di licenza di attività commerciale: 134248,
 Partita IVA n. LU 20260743.
 Questa e-mail è stata inviata da un indirizzo e-mail non monitorato.
 SPC-EUAmazon-1935142143857114",2026-09-02 08:40:46,RETR,xtbBsgiLcWp0pqjqpQAA3f
付款/资金类,older,account_4,weihaizhongxin2024@126.com,"Tue, 4 Aug 2026 12:59:47 +0000",Amazon Services <donotreply@amazon.com>,Tu pago está en camino,,"96
This title will display on mobile devices
 ¡Enhorabuena! El pago está de camino y llegará pronto.
 El pago está en camino
Enhorabuena, Weihai EU. Tu pago está en camino y te llegará en un plazo de tres a cinco días.
El 08/04/26 12:59 WEST, iniciamos una transferencia a tu método de pago (cuenta bancaria terminado en 229) por un importe de €
 371,43.
 Si el importe es inferior a lo esperado, ten en cuenta las siguientes preguntas:
 ¿Tienes saldo no disponible en tu cuenta de vendedor? Puede que hayamos reservado algo de dinero para posibles devoluciones, reclamaciones o reversiones de cargo de clientes. En este caso, el saldo de cierre de tu informe de pagos te mostrará el saldo no disponible en reserva.
 ¿Cubren tus ventas las tarifas de Amazon y las devoluciones del periodo de liquidación? El importe del pago refleja las ventas que has hecho y las tarifas de venta aplicadas tanto a dichas ventas como a cualquier promoción o servicio que hayas utilizado. Te recomendamos que revises tu informe de pagos en ""Informes"" de Seller Central para conocer el saldo de cierre.
Para más información sobre los informes de pagos en Seller Central, visita nuestro curso oficial.
Te deseamos un éx",2026-09-02 08:40:31,RETR,xtbBsgfApmpx4kcD0gAA38
付款/资金类,older,account_4,weihaizhongxin2024@126.com,"Mon, 3 Aug 2026 12:39:35 +0000",Amazon Accelerate <no-reply@sell.amazon.com>,Final week of early-bird pricing for Amazon Accelerate 2026—ends August 8,,"[Amazon logo](https://go.amazonsellerservices.com/e/229492/2026-07-29/7z4ytv7/6806510535/h/ebUC-rn_gdmnOZgc0Tgqz8DiEn0AwvkMsQeazFirtjo)
[Partner Connect at Accelerate 2026](https://go.amazonsellerservices.com/e/229492/-medium-email-utm-source-email/7z4ytvb/6806510535/h/ebUC-rn_gdmnOZgc0Tgqz8DiEn0AwvkMsQeazFirtjo)
Save before it's gone
We wanted to make sure you saw this—your $100 discount for Amazon Accelerate 2026 expires next week.
[Register now](https://go.amazonsellerservices.com/e/229492/-medium-email-utm-source-email/7z4ytvb/6806510535/h/ebUC-rn_gdmnOZgc0Tgqz8DiEn0AwvkMsQeazFirtjo)
Here’s what you get access to:
​Build your schedule from 150+ sessions
The full catalog is live across 11 topics. Register now to access the Agenda Builder and start favoriting sessions.
Book your Seller Café appointment
Choose from 50+ expert categories for a 1:1, 30-minute session tailored to your business needs. Popular time slots are already filling up.
​Be first to experience new tools
Seller Sandbox provides opportunities to test unreleased tools, give direct feedback to product teams, and see what's launching next.
​Explore 70+ partners in one room
Our largest Partner Connect yet. Browse Ama",2026-09-02 08:40:25,RETR,xtbBpAzcwmpwjAwGbgAA3E
付款/资金类,older,account_4,weihaizhongxin2024@126.com,"Mon, 3 Aug 2026 12:14:10 +0000",Amazon Services <donotreply@amazon.com>,Your payment is on the way,,"96
This title will display on mobile devices
 Congratulations! Your payment is on the way and will arrive soon.
 Disbursement Attempted
Congratulations Weihai EU! Your payment is on the way and will arrive within three to five days.
On 08/03/26 12:14 CEST, we initiated a transfer to your payment method (bank account ending in 229) in the amount of €
 458.09.
 If the amount is less than expected, here are a few questions to consider:
 Do you have an unavailable balance? Amazon might be reserving money to cover potential returns, claims, or chargebacks from buyers. If this is the case, the closing balance in your Payment Report will display the unavailable balance that is reserved.
 Did your sales cover all fees and returns for this statement period? The payment amount reflects sales activities, selling fees, and fees for promotions or services. We recommend reviewing your Payment Report under the Reports tab in Seller Central to understand your closing balance.
To learn more about Payment Reports in Seller Central, please visit our official course.
We wish you continued success!
Thank you for selling in the Amazon store,
Amazon Services
Help us improve your payment experience on Ama",2026-09-02 08:40:25,RETR,xtbBsxRdQ2pwhhQgFgAA3H
付款/资金类,older,account_4,weihaizhongxin2024@126.com,"Mon, 3 Aug 2026 12:13:54 +0000",Amazon Services <donotreply@amazon.com>,Tu pago está en camino,,"96
This title will display on mobile devices
 ¡Enhorabuena! El pago está de camino y llegará pronto.
 El pago está en camino
Enhorabuena, Weihai EU. Tu pago está en camino y te llegará en un plazo de tres a cinco días.
El 08/03/26 12:13 WEST, iniciamos una transferencia a tu método de pago (cuenta bancaria terminado en 229) por un importe de €
 1.216,78.
 Si el importe es inferior a lo esperado, ten en cuenta las siguientes preguntas:
 ¿Tienes saldo no disponible en tu cuenta de vendedor? Puede que hayamos reservado algo de dinero para posibles devoluciones, reclamaciones o reversiones de cargo de clientes. En este caso, el saldo de cierre de tu informe de pagos te mostrará el saldo no disponible en reserva.
 ¿Cubren tus ventas las tarifas de Amazon y las devoluciones del periodo de liquidación? El importe del pago refleja las ventas que has hecho y las tarifas de venta aplicadas tanto a dichas ventas como a cualquier promoción o servicio que hayas utilizado. Te recomendamos que revises tu informe de pagos en ""Informes"" de Seller Central para conocer el saldo de cierre.
Para más información sobre los informes de pagos en Seller Central, visita nuestro curso oficial.
Te deseamos un ",2026-09-02 08:40:25,RETR,xtbBsgZZP2pwhgb4wwAA3z
付款/资金类,older,account_4,weihaizhongxin2024@126.com,"Mon, 3 Aug 2026 09:02:05 +0000",Amazon Europe <donotreply@amazon.com>,Managing compliance across Europe? There's a simpler way.,,"Managing compliance across Europe? There's a simpler way.
 96
 Discover, compare, and enroll — all on Seller Central
                                                     ‍͏  ͏  ‍͏  ͏  ‍͏  ͏  ‍͏  ͏  ‍͏  ͏  ‍͏  ͏  ‍͏  ͏  ‍͏  ͏  ‍͏  ͏  ‍͏  ͏  ‍͏  ͏  ‍͏  ͏  ‍͏  ͏  ‍͏  ͏  ‍͏  ͏  ‍͏  ͏  ‍͏  ͏  ‍͏  ͏  ‍͏  ͏  ‍͏  ͏  ‍͏  ͏  ‍͏  ͏  ‍͏  ͏  ‍͏  ͏  ‍͏  ͏  ‍͏  ͏  ‍͏  ͏  ‍͏  ͏  ‍͏  ͏  ‍͏  ͏  ‍͏  ͏  ‍͏  ͏  ‍͏  ͏  ‍͏  ͏  ‍͏  ͏  ‍͏  ͏  ‍͏  ͏  ‍͏  ͏  ‍͏  ͏ ͏‌ ­ ­ ­ ­ ͏‌ ­ ­ ­ ­ ͏‌ ­ ­ ­ ­ ͏‌ ­ ­ ­ ­ ͏‌ ­ ­ ­ ­ ͏‌ ­ ­ ­ ­ ͏‌ ­ ­ ­ ­ ͏‌ ­ ­ ­ ­ ͏‌ ­ ­ ­ ­ ͏‌ ­ ­ ­ ­ ͏‌ ­ ­ ­ ­ ͏‌ ­ ­ ­ ­ ͏‌ ­ ­ ­ ­ ͏‌ ­ ­ ­ ­ ͏‌ ­ ­ ­ ­ ͏‌ ­ ­ ­ ­ ͏‌ ­ ­ ­ ­ ͏‌ ­ ­ ­ ­ ͏‌ ­ ­ ­ ­ ͏‌ ­ ­ ­ ­ ͏‌ ­ ­ ­ ­ ͏‌ ­ ­ ­ ­ ͏‌ ­ ­ ­ ­ ͏‌ ­ ­ ­ ­ ͏‌ ­ ­ ­ ­ ͏‌ ­ ­ ­ ­ ͏‌ ­ ­ ­ ­ ͏‌ ­ ­ ­ ­ ͏‌ ­ ­ ­ ­ ͏‌ ­ ­ ­ ­ ͏‌ ­ ­ ­ ­ ͏‌ ­ ­ ­ ­ ͏‌ ­ ­ ­ ­ ͏‌ ­ ­ ­ ­ ͏‌ ­ ­ ­ ­ ͏‌ ­ ­ ­ ­ ͏‌ ­ ­ ­ ­ ͏‌ ­ ­ ­ ­ ͏‌ ­ ­ ­ ­ ͏‌ ­ ­ ­ ­ ͏‌ ­ ­ ­ ­ ͏‌ ­ ­ ­ ­ ͏‌ ­ ­ ­ ­ ͏‌ ­ ­ ­ ­ ͏‌ ­ ­ ­ ­ ͏‌ ­ ­ ­ ­ ͏‌ ­ ­ ­ ­ ͏‌ ­ ­ ­ ­ ͏‌ ­ ­ ­ ­ ͏‌ ­ ­ ­ ­ ͏‌ ­ ­ ­ ­ ͏‌ ­ ­ ­ ­ ͏‌ ­ ­ ­ ­ ͏‌ ­ ­ ­ ­ ͏‌ ­ ­ ­ ­ ͏‌ ­ ­ ­ ­ ͏‌ ­ ­ ­ ­ ͏‌ ­ ­ ­ ­ ͏‌ ­ ­ ­ ­ ͏‌ ­ ­ ­ ­ ͏‌ ­ ­ ­ ­ ͏‌ ­ ­ ­ ­ ͏‌ ­ ­ ­ ­ ͏‌ ­ ­ ­ ­ ͏‌ ­ ­ ­ ­
 Discover, compare, and enroll — all on Sel",2026-09-02 08:40:23,RETR,xtbBshAR9mpwWRDKMAAA3s
产品链接/合规类,older,account_4,weihaizhongxin2024@126.com,"Wed, 26 Aug 2026 08:11:28 +0000",Amazon Services <donotreply@amazon.com>,Submit product safety documentation to avoid listing deactivation,,"96
 Hello Weihai EU,
 Some of your listings are at risk of deactivation due to missing mandatory compliance requirements for your products. Review the details and next steps below. The affected listings are shown at the end of this email.
 Why is this happening?
 We are taking this action because these products are missing mandatory compliance information. Review our Product safety and compliance help page for information on applicable laws, regulations, and Amazon policies.
 The table at the end of this email provides product-specific compliance requirements.
 How do I reactivate my listings?
 To provide the required compliance information, go to your Account Health page and locate the product compliance requests:
-
 If you have the required documentation, follow the instructions to submit your compliance documents.
-
 If you believe your products are exempt from these requirements, submit documentation demonstrating why they are not subject to these compliance requirements.
 For step-by-step instructions, see our Submit compliance documents or appeal a documentation request help page.
 To avoid further impact to your account, close or delete any non-compliant listings that you do",2026-09-02 08:42:26,RETR,xtbBshNSOGqOn7OU1AAA3D
产品链接/合规类,older,account_4,weihaizhongxin2024@126.com,"Wed, 26 Aug 2026 08:08:21 +0000",Amazon Services <donotreply@amazon.com>,Submit product safety documentation to avoid listing deactivation,,"96
 Hello Weihai EU,
 Some of your listings are at risk of deactivation due to missing mandatory compliance requirements for your products. Review the details and next steps below. The affected listings are shown at the end of this email.
 Why is this happening?
 We are taking this action because these products are missing mandatory compliance information. Review our Product safety and compliance help page for information on applicable laws, regulations, and Amazon policies.
 The table at the end of this email provides product-specific compliance requirements.
 How do I reactivate my listings?
 To provide the required compliance information, go to your Account Health page and locate the product compliance requests:
-
 If you have the required documentation, follow the instructions to submit your compliance documents.
-
 If you believe your products are exempt from these requirements, submit documentation demonstrating why they are not subject to these compliance requirements.
 For step-by-step instructions, see our Submit compliance documents or appeal a documentation request help page.
 To avoid further impact to your account, close or delete any non-compliant listings that you do",2026-09-02 08:42:25,RETR,xtbBsgY3HWqOn0aQ+AAA3L
产品链接/合规类,older,account_4,weihaizhongxin2024@126.com,"Wed, 26 Aug 2026 08:07:34 +0000",Amazon Services <donotreply@amazon.com>,Submit product safety documentation to avoid listing deactivation,,"96
 Hello Weihai EU,
 Some of your listings are at risk of deactivation due to missing mandatory compliance requirements for your products. Review the details and next steps below. The affected listings are shown at the end of this email.
 Why is this happening?
 We are taking this action because these products are missing mandatory compliance information. Review our Product safety and compliance help page for information on applicable laws, regulations and Amazon policies.
 The table at the end of this email provides product-specific compliance requirements.
 How do I reactivate my listing?
 To provide the required compliance information, go to your Account Health page and locate the product compliance requests:
-
 If you have the required documentation, follow the instructions to submit your compliance documents.
-
 If you believe that your products are exempt from these requirements, submit documentation demonstrating why they are not subject to these compliance requirements.
 For step-by-step instructions, see our Submit compliance documents or appeal a documentation request help page.
 To avoid further impact on your account, close or delete any non-compliant listings that you",2026-09-02 08:42:24,RETR,xtbBsgkY-WqOnsmMUAAA3x
产品链接/合规类,older,account_4,weihaizhongxin2024@126.com,"Wed, 26 Aug 2026 08:07:29 +0000",Amazon Services <donotreply@amazon.com>,Submit product safety documentation to avoid listing deactivation,,"96
 Hello Weihai EU,
 Some of your listings are at risk of deactivation due to missing mandatory compliance requirements for your products. Review the details and next steps below. The affected listings are shown at the end of this email.
 Why is this happening?
 We are taking this action because these products are missing mandatory compliance information. Review our Product safety and compliance help page for information on applicable laws, regulations, and Amazon policies.
 The table at the end of this email provides product-specific compliance requirements.
 How do I reactivate my listings?
 To provide the required compliance information, go to your Account Health page and locate the product compliance requests:
-
 If you have the required documentation, follow the instructions to submit your compliance documents.
-
 If you believe your products are exempt from these requirements, submit documentation demonstrating why they are not subject to these compliance requirements.
 For step-by-step instructions, see our Submit compliance documents or appeal a documentation request help page.
 To avoid further impact to your account, close or delete any non-compliant listings that you do",2026-09-02 08:42:24,RETR,xtbBswQX-GqOnsRYuAAA3C
产品链接/合规类,older,account_4,weihaizhongxin2024@126.com,"Tue, 25 Aug 2026 14:07:29 +0000",Amazon Services <donotreply@amazon.com>,Submit product safety documentation to reactivate listings,,"96
 Submit product safety documentation to reactivate listings
 Hello Weihai CA,
 Some of your listings have been deactivated due to missing mandatory compliance requirements for your products. Review the details and next steps below. The affected listings are shown at the end of this email.
 Why is this happening?
 We are taking this action because these products are missing mandatory compliance information. Review our Product safety and compliance help page for information on applicable laws, regulations and Amazon policies. We leveraged a combination of automated means and expert human review to identify this issue and make this decision.
 The table at the end of this email provides product-specific compliance requirements.
 How do I reactivate my listings?
 To provide the required compliance information, go to your Account Health page and locate the product compliance requests:
-
 If you have the required documentation, follow the instructions to submit your compliance documents. We will only reinstate products that fulfil the compliance requirements.
-
 If you believe your products are exempt from these requirements, submit documentation demonstrating why they are not subject ",2026-09-02 08:42:22,RETR,xtbBswWPdWqNoaXc-gAA3N
产品链接/合规类,older,account_4,weihaizhongxin2024@126.com,"Tue, 25 Aug 2026 13:07:04 +0000",Amazon Services <donotreply@amazon.com>,Submit product safety documentation to avoid listing deactivation,,"96
 Hello Weihai CA,
 Some of your listings are at risk of deactivation due to missing mandatory compliance requirements for your products. Review the details and next steps below. The affected listings are shown at the end of this email.
 Why is this happening?
 We are taking this action because these products are missing mandatory compliance information. Review our Product safety and compliance help page for information on applicable laws, regulations and Amazon policies.
 The table at the end of this email provides product-specific compliance requirements.
 How do I reactivate my listings?
 To provide the required compliance information, go to your Account Health page and locate the product compliance requests:
-
 If you have the required documentation, follow the instructions to submit your compliance documents.
-
 If you believe your products are exempt from these requirements, submit documentation demonstrating why they are not subject to these compliance requirements.
 For step-by-step instructions, see our Submit compliance documents or appeal a documentation request help page.
 To avoid further impact to your account, close or delete any non-compliant listings that you do ",2026-09-02 08:42:21,RETR,xtbBsxwC52qNk3yM3AAA3S
产品链接/合规类,older,account_4,weihaizhongxin2024@126.com,"Tue, 25 Aug 2026 09:06:58 +0000",Amazon Services <donotreply@amazon.com>,Submit product safety documentation to reactivate listings,,"96
 Submit product safety documentation to reactivate listings
 Hello Weihai US,
 Some of your listings have been deactivated due to missing mandatory compliance requirements for your products. Review the details and next steps below. The affected listings are shown at the end of this email.
 Why is this happening?
 We are taking this action because these products are missing mandatory compliance information. Review our Product safety and compliance help page for information on applicable laws, regulations, and Amazon policies. We leveraged a combination of automated means and expert human review to identify this issue and make this decision.
 The table at the end of this email provides product-specific compliance requirements.
 How do I reactivate my listings?
 To provide the required compliance information, go to your Account Health page and locate the product compliance requests:
-
 If you have the required documentation, follow the instructions to submit your compliance documents. We will only reinstate products that fulfill the compliance requirements.
-
 If you believe your products are exempt from these requirements, submit documentation demonstrating why they are not subjec",2026-09-02 08:42:20,RETR,xtbBpB3z2WqNW30nsQAA3E
产品链接/合规类,older,account_4,weihaizhongxin2024@126.com,"Mon, 24 Aug 2026 16:31:11 +0000",Amazon Seller Support <merch.service05@amazon.co.uk>,RE:[CASE 13205236962] 【需立即行动】请通过亚马逊认可的TIC服务商完成儿童玩具合规,,"96
RE:[CASE 13205236962] 【需立即行动】请通过亚马逊认可的TIC服务商完成儿童玩具合规
尊敬的卖家，您好
：_x000D_
_x000D_
如果您要在亚马逊商城发布商品，则必须遵守与这些商品和商品信息相关的所有适用法律、法规、标准以及亚马逊的政策（包括本政策）。亚马逊要求您在【英国，德国，法国，意大利，西班牙，瑞典，波兰，荷兰，比利时】销售的所有【儿童玩具】需经过【亚马逊认可的第三方检测、检验和认证 (TIC) 服务提供商】完成检测验证并符合下列法规、标准和要求： _x000D_
_x000D_
【法规标准是什么？】_x000D_
儿童玩具：EN 71 (玩具安全 )_x000D_
电动儿童玩具：EN 71(玩具安全 ) 以及EN 62115（电动玩具安全）_x000D_
_x000D_
【商品详情页面要求】_x000D_
1.商品信息：型号、部件编号或商品编号、制造商或品牌名称、强制性警告声明、制造商建议的最低使用年龄（以月为单位）或制造商最低年龄（以月为单位）。_x000D_
2.图片要求：型号、部件编号或商品编号、制造商、进口商或私有品牌商、分销商或授权代表的名称和地址 、商品标签、合规标志、商品说明书与手册、CE标志。 _x000D_
_x000D_
【如何完成合规?】
1.您必须与第三方检测、检验和认证服务提供商合作，对收到通知的所有 ASIN 进行商品检测或验证现有的检测文件。请按照以下步骤操作：
1) 前往【绩效】-【账户状况】-【政策合规性】，点击【食品和商品安全问题】。
2) 在【后续步骤】列下，针对需操作的商品点击【提交】-【验证您的商品】。
3) 从清单中选择第三方检测提供商（如需比价，可先查看【从多个提供商获取报价的说明】后再返回选择），点击继续。
4) 确认详细联系信息，点击【确认并继续】。
5) 复制生成的检测申请表编号，提供给所选提供商完成检测。
如果验证现有文件，您必须将由 ISO 17025 认证实验室在过去 12 个月内出具的检测报告提交至检测、检验和认证服务提供商。
【重要提醒】_x000D_
为确保及时完成合规验证，请在截止日期之前完成TRF的创建，并确保TRF状态更新为【正在验证】或【已通过】_x000D_
如何查看TRF状态：在绩效 > 账户状况 > 食品和商品安全问题找到ASIN，点击右方“提交，查看或更新” > “验证您的商品”_x000D_
• 受影响的ASIN将陆续显示在【食品和商品安全问题】页面中，请保持密切关注。建议您提前通过“第三方检测、检验和认证服务”帮助页面联系亚马逊认可的TIC服务提供商，以便及时推进合规流程。_x000D_
_x000D_
【了解更多】_x000D_
儿童玩具帮助页面: https://sellercentral.amazon.de/help/hub/r",2026-09-02 08:42:19,RETR,xtbBsxRPNWqMcdSrJQAA3Q
产品链接/合规类,older,account_4,weihaizhongxin2024@126.com,"Mon, 24 Aug 2026 06:47:57 +0000","""cscompliance-docreview-seller@amazon.de"" <cscompliance-docreview-seller@amazon.de>","SELLER: A1UYGOR4ZW45MU, ASIN: B0GYPZ58JY, MARKETPLACE:
 A1PA6795UKMFR9 - SPO - Seller Partner Outreach - Document Review",,"96
SELLER: A1UYGOR4ZW45MU, ASIN: B0GYPZ58JY, MARKETPLACE: A1PA6795UKMFR9 - SPO - Seller Partner Outreach - Document Review
 Do not reply back to this e-mail!
Hello,
Thank you for submitting a document to the Chemical Safety Compliance Team.
Your product is a kit/set/pack. A Safety Data Sheet is required for each possible hazardous product from the kit/set/pack, as indicated below:
color acrylic paint
Air dry clay
We inform you that your documentation/ SDS( s ) for: ""color acrylic paint"" have been reviewed and approved in our systems.
● There are missing document( s ). We are also awaiting valid documentation/ SDS/( s ) for ""Air dry clay"".
Until we receive the entire valid documentation, for all the possible hazardous products from the kit/set/pack, the hazard warnings for your products may not appear on the ASIN's product detail page and your products may be rejected by some fulfillment centers.
For guidance on Safety Data Sheet requirements, please refer to https://sellercentral.amazon.com/help/hub/reference/G5G6BBSA6FZQP9CP
Once you have corrected the problems listed above, please re-upload a valid document in Account Health Dashboard under ""Regulatory Compliance"" section. For an",2026-09-02 08:42:17,RETR,xtbBswEA5WqL6SELHgAA3r
产品链接/合规类,older,account_4,weihaizhongxin2024@126.com,"Sun, 23 Aug 2026 16:08:02 +0000",Amazon Services <donotreply@amazon.com>,Submit product safety documentation to reactivate listings,,"96
 Submit product safety documentation to reactivate listings
 Hello Weihai US,
 Some of your listings have been deactivated due to missing mandatory compliance requirements for your products. Review the details and next steps below. The affected listings are shown at the end of this email.
 Why is this happening?
 We are taking this action because these products are missing mandatory compliance information. Review our Product safety and compliance help page for information on applicable laws, regulations, and Amazon policies. We leveraged a combination of automated means and expert human review to identify this issue and make this decision.
 The table at the end of this email provides product-specific compliance requirements.
 How do I reactivate my listings?
 To provide the required compliance information, go to your Account Health page and locate the product compliance requests:
-
 If you have the required documentation, follow the instructions to submit your compliance documents. We will only reinstate products that fulfill the compliance requirements.
-
 If you believe your products are exempt from these requirements, submit documentation demonstrating why they are not subjec",2026-09-02 08:42:14,RETR,xtbBpAY9I2qLGuZQVwAA3m
产品链接/合规类,older,account_4,weihaizhongxin2024@126.com,"Sat, 22 Aug 2026 23:14:29 +0000",Amazon Services <donotreply@amazon.com>,Submit product safety documentation to reactivate listings,,"96
 Submit product safety documentation to reactivate listings
 Hello Weihai EU,
 Some of your listings have been deactivated due to missing mandatory compliance requirements for your products. Review the details and next steps below. The affected listings are shown at the end of this email.
 Why is this happening?
 We are taking this action because these products are missing mandatory compliance information. Review our Product safety and compliance help page for information on applicable laws, regulations and Amazon policies. We leveraged a combination of automated means and expert human review to identify this issue and make this decision.
 The table at the end of this email provides product-specific compliance requirements.
 How do I reactivate my listing?
 To provide the required compliance information, go to your Account Health page and locate the product compliance requests:
-
 If you have the required documentation, follow the instructions to submit your compliance documents. We will only reinstate products that fulfil the compliance requirements.
-
 If you believe that your products are exempt from these requirements, submit documentation demonstrating why they are not subj",2026-09-02 08:42:13,RETR,xtbBsxqehGqKLVpezwAA31
产品链接/合规类,older,account_4,weihaizhongxin2024@126.com,"Sat, 22 Aug 2026 12:34:53 +0000",Fulfilment by Amazon Operations <fba-noreply@amazon.lu>,Your Amazon-Fulfilled Inventory - Action Required,,"Dear Seller,
You recently received a notice concerning the removal of your listing(s) for the product(s) below due to a safety recall.
Please create a removal request for the ASIN(s) listed below to have your inventory sent to a location of your choice. If this inventory is not removed within 30 days of this notification (by 20/09/2026), we shall dispose of it in accordance with our FBA policies.
For more information regarding the removal of this product, see the notification e-mail you received from our Seller Performance Team.
Thank you for your prompt attention to this matter.
Yours faithfully,
Fulfilment by Amazon Team
Please note: this e-mail was sent from a notification-only address that cannot accept incoming e-mail. Please do not reply to this message.
Affected Product(s):
B0F23SWF2P
 SPC-EUAmazon-2128656194908073",2026-09-02 08:42:10,RETR,xtbBpRH+5GqJl3Gs0gAA3V
产品链接/合规类,older,account_4,weihaizhongxin2024@126.com,"Fri, 21 Aug 2026 23:11:47 +0000",Amazon Services <donotreply@amazon.com>,Submit product safety documentation to reactivate listings,,"96
 Submit product safety documentation to reactivate listings
 Hello Weihai EU,
 Some of your listings have been deactivated due to missing mandatory compliance requirements for your products. Review the details and next steps below. The affected listings are shown at the end of this email.
 Why is this happening?
 We are taking this action because these products are missing mandatory compliance information. Review our Product safety and compliance help page for information on applicable laws, regulations and Amazon policies. We leveraged a combination of automated means and expert human review to identify this issue and make this decision.
 The table at the end of this email provides product-specific compliance requirements.
 How do I reactivate my listing?
 To provide the required compliance information, go to your Account Health page and locate the product compliance requests:
-
 If you have the required documentation, follow the instructions to submit your compliance documents. We will only reinstate products that fulfil the compliance requirements.
-
 If you believe that your products are exempt from these requirements, submit documentation demonstrating why they are not subj",2026-09-02 08:42:07,RETR,xtbBpBjBp2qI2zgO-QAA3o
产品链接/合规类,older,account_4,weihaizhongxin2024@126.com,"Tue, 18 Aug 2026 10:06:05 +0000",Amazon Europe <donotreply@amazon.com>,Submit missing VAT Registration Information,,"Amazon Services
 96
 Submit missing VAT Registration Information
 Hello,
 We are reaching out as we have identified that the following VAT registration information is missing in your Seller Central account:
 Country
 Details
 Spain
 Inventory
 Czech Republic
 Inventory
 Italy
 Ship from Non-Place of Establishment
 Amazon requires Selling Partners to submit valid VAT Registration Numbers, to ensure compliance with tax requirements.
 What actions do I need to take?
 To avoid any impact to your account, we encourage you to submit this information at your earliest convenience. In your “Tax Settings” page , in Seller Central:
 1. Add a valid VAT registration number for the countries listed above , with an address linked to those VRNs and with address nature assigned.
 2. Verify that all your Tax Information in Seller Central matches the information provided to the Tax Authorities .
 Provide my VAT information
 We recommend that you contact your tax advisor to understand your obligations in each country that you sell in.
Make sure you always keep your Tax Information up-to-date in Seller Central, for all the countries in which you have an obligation.
For more information, visit European ",2026-09-02 08:41:57,RETR,xtbBpQ9qUGqELo922QAA3w
产品链接/合规类,older,account_4,weihaizhongxin2024@126.com,"Thu, 13 Aug 2026 16:08:49 +0000",Amazon Services <donotreply@amazon.com>,Submit product safety documentation to reactivate listings,,"96
 Submit product safety documentation to reactivate listings
 Hello Weihai CA,
 Some of your listings have been deactivated due to missing mandatory compliance requirements for your products. Review the details and next steps below. The affected listings are shown at the end of this email.
 Why is this happening?
 We are taking this action because these products are missing mandatory compliance information. Review our Product safety and compliance help page for information on applicable laws, regulations and Amazon policies. We leveraged a combination of automated means and expert human review to identify this issue and make this decision.
 The table at the end of this email provides product-specific compliance requirements.
 How do I reactivate my listings?
 To provide the required compliance information, go to your Account Health page and locate the product compliance requests:
-
 If you have the required documentation, follow the instructions to submit your compliance documents. We will only reinstate products that fulfil the compliance requirements.
-
 If you believe your products are exempt from these requirements, submit documentation demonstrating why they are not subject ",2026-09-02 08:41:45,RETR,xtbBpRU6IGp97BUQswAA3n
产品链接/合规类,older,account_4,weihaizhongxin2024@126.com,"Thu, 13 Aug 2026 04:08:25 +0000",Amazon Services <donotreply@amazon.com>,Submit product safety documentation to reactivate listings,,"96
 Submit product safety documentation to reactivate listings
 Hello Weihai US,
 Some of your listings have been deactivated due to missing mandatory compliance requirements for your products. Review the details and next steps below. The affected listings are shown at the end of this email.
 Why is this happening?
 We are taking this action because these products are missing mandatory compliance information. Review our Product safety and compliance help page for information on applicable laws, regulations, and Amazon policies. We leveraged a combination of automated means and expert human review to identify this issue and make this decision.
 The table at the end of this email provides product-specific compliance requirements.
 How do I reactivate my listings?
 To provide the required compliance information, go to your Account Health page and locate the product compliance requests:
-
 If you have the required documentation, follow the instructions to submit your compliance documents. We will only reinstate products that fulfill the compliance requirements.
-
 If you believe your products are exempt from these requirements, submit documentation demonstrating why they are not subjec",2026-09-02 08:41:43,RETR,xtbBpAPawGp9Q0OmLwAA3j
产品链接/合规类,older,account_4,weihaizhongxin2024@126.com,"Wed, 12 Aug 2026 16:13:04 +0000",The Amazon Services team <donotreply@amazon.com>,Update tax information to prepare for UAE e-invoicing requirements,,"96
 Update tax information to prepare for UAE e-invoicing requirements
 Hello,
Starting January 1, 2027, the United Arab Emirates (UAE) will introduce mandatory electronic invoicing (e-invoicing) for business-to-business and business-to-government transactions.
To ensure compliance, we'll use your account's tax and legal information to determine your eligibility to receive e-invoices for seller fees, and to populate invoice information.
To prepare, complete the following steps by December 15, 2026:
- Go to Tax Settings to review and update your Value Added Tax (VAT) Registration Number.
- Ensure your Trade License, Emirates ID, and Passport number are valid in Identity Information .
- Confirm your legal name in Identity Information matches your Federal Tax Authority records exactly. If your information is incomplete or incorrect, your ability to claim VAT on our invoices may be impacted.
 If your business is subject to UAE e-invoicing requirements, you must register at a Federal Tax Authority-accredited UAE Peppol Access Point according to your implementation phase. This enables the exchange of e-invoices through the UAE e-invoicing network. You'll also need to issue compliant e-in",2026-09-02 08:41:41,RETR,xtbBshTFq2p8m5Q75gAA3M
产品链接/合规类,older,account_4,weihaizhongxin2024@126.com,"Tue, 11 Aug 2026 17:07:34 +0000",Amazon Services <donotreply@amazon.com>,Submit product safety documentation to reactivate listings,,"96
 Submit product safety documentation to reactivate listings
 Hello Weihai EU,
 Some of your listings have been deactivated due to missing mandatory compliance requirements for your products. Review the details and next steps below. The affected listings are shown at the end of this email.
 Why is this happening?
 We are taking this action because these products are missing mandatory compliance information. Review our Product safety and compliance help page for information on applicable laws, regulations, and Amazon policies. We leveraged a combination of automated means and expert human review to identify this issue and make this decision.
 The table at the end of this email provides product-specific compliance requirements.
 How do I reactivate my listings?
 To provide the required compliance information, go to your Account Health page and locate the product compliance requests:
-
 If you have the required documentation, follow the instructions to submit your compliance documents. We will only reinstate products that fulfill the compliance requirements.
-
 If you believe your products are exempt from these requirements, submit documentation demonstrating why they are not subjec",2026-09-02 08:41:34,RETR,xtbBpRlFK2p7VtknOAAA3T
产品链接/合规类,older,account_4,weihaizhongxin2024@126.com,"Tue, 11 Aug 2026 16:07:16 +0000",Amazon Services <donotreply@amazon.com>,Submit product safety documentation to avoid listing deactivation,,"96
 Hello Weihai EU,
 Some of your listings are at risk of deactivation due to missing mandatory compliance requirements for your products. Review the details and next steps below. The affected listings are shown at the end of this email.
 Why is this happening?
 We are taking this action because these products are missing mandatory compliance information. Review our Product safety and compliance help page for information on applicable laws, regulations and Amazon policies.
 The table at the end of this email provides product-specific compliance requirements.
 How do I reactivate my listing?
 To provide the required compliance information, go to your Account Health page and locate the product compliance requests:
-
 If you have the required documentation, follow the instructions to submit your compliance documents.
-
 If you believe that your products are exempt from these requirements, submit documentation demonstrating why they are not subject to these compliance requirements.
 For step-by-step instructions, see our Submit compliance documents or appeal a documentation request help page.
 To avoid further impact on your account, close or delete any non-compliant listings that you",2026-09-02 08:41:33,RETR,xtbBpBa4nmp7SLbV+wAA3V
产品链接/合规类,older,account_4,weihaizhongxin2024@126.com,"Mon, 10 Aug 2026 16:27:47 +0000",Amazon Canada <donotreply@amazon.com>,Your Tax Obligations on Amazon.ca,,"96
Your Tax Obligations on Amazon.ca
 Your Tax Obligations on Amazon.ca
 Your Tax Obligations on Amazon.ca
 Greetings from Amazon,
 This is an important reminder regarding your responsibility, as a Seller on Amazon, to understand and comply with any Canadian federal and provincial sales tax obligations that may apply to your sales on Amazon.ca. More information regarding your Canadian sales tax obligations, as well as information regarding Amazon-provided tools that can help you manage your sales tax compliance, can be found by visiting Amazon's Seller Central . If you have questions about your sales tax obligations, please contact your professional tax advisor or the tax authorities identified in our help page.
 Thank you for being a Seller on Amazon.ca.
 Report an issue with this email
 If you have any questions visit: Seller Central
 To change your email preferences visit: Notification Preferences
 Copyright 2026 Amazon, Inc, or its affiliates. All rights reserved.
 Amazon.com.ca ULC | 40 King Street W 47th Floor, Toronto, Ontario, Canada, M5H 3Y2 |1-877-586-3230
 SPC-USAmazon-1337008380814900",2026-09-02 08:41:28,RETR,xtbBpQlKMGp5-EnOfwAA3B
产品链接/合规类,older,account_4,weihaizhongxin2024@126.com,"Mon, 10 Aug 2026 11:54:13 +0000",Amazon Services <donotreply@amazon.com>,Submit product compliance documents to avoid listing removal,,"96
 Submit product compliance documents to avoid listing removal
 Hello Weihai EU,
 Your listings are at risk of removal due to missing Safety Data Sheets. Submit the required documentation by 2026-11-08 to continue selling these products. You can find examples of your at-risk listings at the bottom of this email.
 Why is this happening?
 We are taking this action because we identified hazardous products in your catalog that require Safety Data Sheets (SDS). These documents are required by law and provide critical safety information about chemical products, including proper handling, storage, and emergency procedures. This helps ensure the safety of our customers, employees, and anyone who handles these products.
 We leveraged a combination of automated means and expert human review to identify this issue and make this decision.
 To learn more, visit our Requirements and FAQ for the sale of chemicals .
 How do I continue to sell the affected products?
 To avoid listing removal and continue selling these products, upload the Safety Data Sheets (SDS) for each of the impacted products. Click the “View Compliance Requirements” button below to see all affected listings.
 View Compliance",2026-09-02 08:41:27,RETR,xtbBpQkiCGp5u+ns4QAA3K
产品链接/合规类,older,account_4,weihaizhongxin2024@126.com,"Thu, 6 Aug 2026 18:48:57 +0000",Amazon Services <donotreply@amazon.com>,Submit product safety documentation to avoid listing deactivation,,"96
 Hello Weihai EU,
 Some of your listings are at risk of deactivation due to missing mandatory compliance requirements for your products. Review the details and next steps below. The affected listings are shown at the end of this email.
 Why is this happening?
 We are taking this action because these products are missing mandatory compliance information. Review our Product safety and compliance help page for information on applicable laws, regulations, and Amazon policies.
 The table at the end of this email provides product-specific compliance requirements.
 How do I reactivate my listings?
 To provide the required compliance information, go to your Account Health page and locate the product compliance requests:
-
 If you have the required documentation, follow the instructions to submit your compliance documents.
-
 If you believe your products are exempt from these requirements, submit documentation demonstrating why they are not subject to these compliance requirements.
 For step-by-step instructions, see our Submit compliance documents or appeal a documentation request help page.
 To avoid further impact to your account, close or delete any non-compliant listings that you do",2026-09-02 08:40:53,RETR,xtbBshuzmWp01xteqQAA3m
产品链接/合规类,older,account_4,weihaizhongxin2024@126.com,"Thu, 6 Aug 2026 17:04:28 +0000",Amazon Seller Central <donotreply@amazon.com>,Your VAT invoice for EPR Pay on Behalf charges for Amazon.fr sales,,"Votre facture pour les frais de paiement au titre de la REP pour les ventes sur Amazon.fr |
Your VAT invoice for EPR Pay on Behalf charges for Amazon.fr sales
 96
 Bonjour,
Votre facture pour couvrant les frais de paiement au titre de la Responsabilité élargie du producteur (REP) pour les ventes sur Amazon.fr est désormais disponible.
La facture comprend (1) les frais d’éco-contribution qu’Amazon a payé en votre nom pour les ventes de produits soumis à des obligations REP sur Amazon.fr au cours de la période de référence applicable et (2) les frais de service REP Nous payons en votre nom, pour les catégories de REP spécifiées dans le résumé au niveau de la catégorie et dans le résumé au niveau de l’ASIN.
Pour accéder à votre facture REP Nous Payons en votre nom , ouvrez la pièce jointe de cet e-mail ou accédez à la section Factures des frais du vendeur et recherchez « REP Nous payons en votre nom » dans la colonne « Type de facture ».
Pour afficher un résumé au niveau de la catégorie des frais facturés, des périodes de déclaration applicables et des catégories REP, accédez à la section Affichage des transactions avec les frais de service comme type de transaction, et recherchez « R",2026-09-02 08:40:49,RETR,xtbBsgCPdWp0vqCsCgAA3u
产品链接/合规类,older,account_4,weihaizhongxin2024@126.com,"Thu, 6 Aug 2026 13:27:26 +0000",Amazon Services <donotreply@amazon.com>,Submit product safety documentation to avoid listing deactivation,,"96
 Hello Weihai EU,
 Some of your listings are at risk of deactivation due to missing mandatory compliance requirements for your products. Review the details and next steps below. The affected listings are shown at the end of this email.
 Why is this happening?
 We are taking this action because these products are missing mandatory compliance information. Review our Product safety and compliance help page for information on applicable laws, regulations and Amazon policies.
 The table at the end of this email provides product-specific compliance requirements.
 How do I reactivate my listing?
 To provide the required compliance information, go to your Account Health page and locate the product compliance requests:
-
 If you have the required documentation, follow the instructions to submit your compliance documents.
-
 If you believe that your products are exempt from these requirements, submit documentation demonstrating why they are not subject to these compliance requirements.
 For step-by-step instructions, see our Submit compliance documents or appeal a documentation request help page.
 To avoid further impact on your account, close or delete any non-compliant listings that you",2026-09-02 08:40:45,RETR,xtbBpQLKsGp0i8JRPQAA3m
产品链接/合规类,older,account_4,weihaizhongxin2024@126.com,"Wed, 5 Aug 2026 19:14:34 +0000",Amazon Services <donotreply@amazon.com>,Zwrot kosztów zgodności z wymogami w zakresie opakowań w ramach ROP,,"96
 Rozpocznij rejestrację w ramach ROP przed 12 sierpnia, aby uzyskać częściowy zwrot kosztów w Szwecji i Polsce
 Dzień dobry,
 niedawno przypominaliśmy o nowym unijnym rozporządzeniu w sprawie opakowań i odpadów opakowaniowych (PPWR), które wchodzi w życie 12 sierpnia 2026 r., a także o wynikającym z niego wymogu jednorazowej rejestracji producenta.
 Jeśli sprzedajesz w Szwecji lub Polsce, przysługuje Ci częściowy zwrot kosztów zapewnienia zgodności z wymogami w ramach rozszerzonej odpowiedzialności producenta (ROP) na mocy rozporządzenia PPWR.
 Aby skorzystać z tej promocji:
- Przejdź na stronę Seller Rewards .
- Zaznacz pole wyboru „Promocja dotycząca opakowań w ramach ROP”, a następnie kliknij przycisk Weź udział teraz .
- Uzyskaj numer rejestracyjny ROP (ERN) na potrzeby rozporządzenia PPWR w Szwecji i Polsce. Aby uzyskać pomoc w rejestracji, przejdź na stronę Compliance Services Store i wybierz dostawcę usług.
- Przejdź na stronę Zgodność z przepisami i kliknij opcję Przesyłanie informacji o zgodności z wymogami .
- Zaznacz pole wyboru „Rozszerzona odpowiedzialność producenta”, a następnie z menu rozwijanego wybierz opcję „Opakowania”.
- Wprowadź ERN i kliknij przycisk Zapis",2026-09-02 08:40:43,RETR,xtbBsxyBZ2pzi5x2tgAA3H
产品链接/合规类,older,account_4,weihaizhongxin2024@126.com,"Wed, 5 Aug 2026 18:39:18 +0000",Amazon Services <donotreply@amazon.com>,Submit product safety documentation to avoid listing deactivation,,"96
 Hello Weihai EU,
 Some of your listings are at risk of deactivation due to missing mandatory compliance requirements for your products. Review the details and next steps below. The affected listings are shown at the end of this email.
 Why is this happening?
 We are taking this action because these products are missing mandatory compliance information. Review our Product safety and compliance help page for information on applicable laws, regulations, and Amazon policies.
 The table at the end of this email provides product-specific compliance requirements.
 How do I reactivate my listings?
 To provide the required compliance information, go to your Account Health page and locate the product compliance requests:
-
 If you have the required documentation, follow the instructions to submit your compliance documents.
-
 If you believe your products are exempt from these requirements, submit documentation demonstrating why they are not subject to these compliance requirements.
 For step-by-step instructions, see our Submit compliance documents or appeal a documentation request help page.
 To avoid further impact to your account, close or delete any non-compliant listings that you do",2026-09-02 08:40:43,RETR,xtbBshluVGpzg1mPPwAA3i
产品链接/合规类,older,account_4,weihaizhongxin2024@126.com,"Wed, 5 Aug 2026 12:58:13 +0000",Amazon Europe <donotreply@amazon.com>,EPR Pay on Behalf charges for 2025 Amazon.fr sales,,"Amazon Europe
 96
 You’ll be charged for EPR eco-contribution fees paid on your behalf for sales on Amazon.fr in 2025 and EPR Pay on Behalf service fees
 You’ll be charged for EPR eco-contribution fees paid on your behalf for sales on Amazon.fr in 2025 and EPR Pay on Behalf service fees
 Reading Time: 1 minute 30 seconds
 Hello,
Between August and September 2026, you’ll be charged eco-contribution fees for your sales of products subject to Extended Producer Responsibility (EPR) obligations on Amazon.fr in 2025, along with EPR Pay on Behalf service fees, for the following categories:
 - Sports
 - Do-it-yourself (DIY)
 Why will I be charged?
 In line with EPR regulation, producers must pay eco-contribution fees to Producer Responsibility Organizations (PROs) for sales of affected products on Amazon.fr. As previously communicated, you were automatically enrolled in Amazon’s EPR Pay on Behalf service, and Amazon paid eco-contribution fees for your sales, because you met all of the following criteria:
 You were considered a producer under Environmental Code.
 You sold products subject to EPR obligations on Amazon.fr in the above categories.
 You didn’t submit a valid EPR Registration Nu",2026-09-02 08:40:40,RETR,xtbBswleRGpzM2lECgAA3t
产品链接/合规类,older,account_4,weihaizhongxin2024@126.com,"Tue, 4 Aug 2026 18:16:42 +0000",Amazon Services <donotreply@amazon.com>,Submit product safety documentation to avoid listing deactivation,,"96
 Hello Weihai EU,
 Some of your listings are at risk of deactivation due to missing mandatory compliance requirements for your products. Review the details and next steps below. The affected listings are shown at the end of this email.
 Why is this happening?
 We are taking this action because these products are missing mandatory compliance information. Review our Product safety and compliance help page for information on applicable laws, regulations, and Amazon policies.
 The table at the end of this email provides product-specific compliance requirements.
 How do I reactivate my listings?
 To provide the required compliance information, go to your Account Health page and locate the product compliance requests:
-
 If you have the required documentation, follow the instructions to submit your compliance documents.
-
 If you believe your products are exempt from these requirements, submit documentation demonstrating why they are not subject to these compliance requirements.
 For step-by-step instructions, see our Submit compliance documents or appeal a documentation request help page.
 To avoid further impact to your account, close or delete any non-compliant listings that you do",2026-09-02 08:40:35,RETR,xtbBswxlS2pyLIy9xgAA3S
产品链接/合规类,older,account_4,weihaizhongxin2024@126.com,"Tue, 4 Aug 2026 17:58:25 +0000",Amazon Services <donotreply@amazon.com>,Submit product safety documentation to avoid listing deactivation,,"96
 Hello Weihai EU,
 Some of your listings are at risk of deactivation due to missing mandatory compliance requirements for your products. Review the details and next steps below. The affected listings are shown at the end of this email.
 Why is this happening?
 We are taking this action because these products are missing mandatory compliance information. Review our Product safety and compliance help page for information on applicable laws, regulations and Amazon policies.
 The table at the end of this email provides product-specific compliance requirements.
 How do I reactivate my listing?
 To provide the required compliance information, go to your Account Health page and locate the product compliance requests:
-
 If you have the required documentation, follow the instructions to submit your compliance documents.
-
 If you believe that your products are exempt from these requirements, submit documentation demonstrating why they are not subject to these compliance requirements.
 For step-by-step instructions, see our Submit compliance documents or appeal a documentation request help page.
 To avoid further impact on your account, close or delete any non-compliant listings that you",2026-09-02 08:40:34,RETR,xtbBsgVSOGpyKEXKeQAA3b
产品链接/合规类,older,account_4,weihaizhongxin2024@126.com,"Mon, 3 Aug 2026 17:55:58 +0000",Amazon Services <donotreply@amazon.com>,Submit product safety documentation to avoid listing deactivation,,"96
 Hello Weihai EU,
 Some of your listings are at risk of deactivation due to missing mandatory compliance requirements for your products. Review the details and next steps below. The affected listings are shown at the end of this email.
 Why is this happening?
 We are taking this action because these products are missing mandatory compliance information. Review our Product safety and compliance help page for information on applicable laws, regulations, and Amazon policies.
 The table at the end of this email provides product-specific compliance requirements.
 How do I reactivate my listings?
 To provide the required compliance information, go to your Account Health page and locate the product compliance requests:
-
 If you have the required documentation, follow the instructions to submit your compliance documents.
-
 If you believe your products are exempt from these requirements, submit documentation demonstrating why they are not subject to these compliance requirements.
 For step-by-step instructions, see our Submit compliance documents or appeal a documentation request help page.
 To avoid further impact to your account, close or delete any non-compliant listings that you do",2026-09-02 08:40:29,RETR,xtbBshJ4Xmpw1jL-KQAA3u
产品链接/合规类,older,account_4,weihaizhongxin2024@126.com,"Mon, 3 Aug 2026 17:41:59 +0000",Amazon Services <donotreply@amazon.com>,Submit product safety documentation to avoid listing deactivation,,"96
 Hello Weihai EU,
 Some of your listings are at risk of deactivation due to missing mandatory compliance requirements for your products. Review the details and next steps below. The affected listings are shown at the end of this email.
 Why is this happening?
 We are taking this action because these products are missing mandatory compliance information. Review our Product safety and compliance help page for information on applicable laws, regulations and Amazon policies.
 The table at the end of this email provides product-specific compliance requirements.
 How do I reactivate my listing?
 To provide the required compliance information, go to your Account Health page and locate the product compliance requests:
-
 If you have the required documentation, follow the instructions to submit your compliance documents.
-
 If you believe that your products are exempt from these requirements, submit documentation demonstrating why they are not subject to these compliance requirements.
 For step-by-step instructions, see our Submit compliance documents or appeal a documentation request help page.
 To avoid further impact on your account, close or delete any non-compliant listings that you",2026-09-02 08:40:28,RETR,xtbBpAmli2pw0unW0wAA3n
产品链接/合规类,older,account_4,weihaizhongxin2024@126.com,"Mon, 3 Aug 2026 15:45:25 +0000","""ppwr-cn-seller-compliance@amazon.com"" <ppwr-cn-seller-compliance@amazon.com>",RE:[CASE 12309992722] 需要采取行动：请向亚马逊提交您的EPR包装法注册号,,"96
RE:[CASE 12309992722] 需要采取行动：请向亚马逊提交您的EPR包装法注册号
尊敬的销售伙伴： 您好！
我们近期已提醒过您，PPWR将于 2026 年 8 月 12 日 正式生效。请注意：如果您还没有 ERN（EPR 注册号），您必须在 2026 年 8 月 12 日 之前启动注册流程，否则我们将下架您的商品listing。如您现在已启动注册流程，请立刻回复此日志告知您各个国家的注册进度，以便为您记录。
您尚未合规需要立刻关注的站点: 【西班牙、波兰、瑞典、爱尔兰】
有关更多信息，请参阅 EPR 要求:新的欧盟包装废弃物法规帮助页面：
 https://sellercentral-europe.amazon.com/help/hub/reference/external/G22AA5MS5P7TLNYM?mons_sel_locale=zh_CN
另外，在比利时、意大利和荷兰，由于注册流程或注册系统延迟，我们会根据当地注册系统的可用情况调整执行时间表，并致力于推出生产者责任延伸代付，以帮助您履行义务并继续销售。一旦流程开放，我们就会分享注册详情。
如有疑问，请扫码加入亚马逊卖家合规群：
 https://m.media-amazon.com/images/G/01/CN_Compliance_Team/mass_wecom_yt.jpg
To contact us again about this issue, please use the Contact Us form in Seller Central using the following link:
 https://sellercentral-europe.amazon.com/cu/case-dashboard/view-case?caseID=12309992722
Please note: this e-mail was sent from a notification-only address that cannot accept incoming e-mail. Please do not reply to this message.
 Copyright 2026 Amazon, Inc, or its affiliates. All rights reserved.
 Amazon EU S.à r.l.
38 avenue John F. Kennedy
L-1855 Luxembourg
Registered in Luxembourg No. B-101818
Share Capital 165.833 EUR
Business License Number: 134248
Luxembourg VAT Reg. No. LU 20260743.
 SP",2026-09-02 08:40:26,RETR,xtbBpBnKsGpwt5kc3gAA3x
法务/侵权类,older,account_4,weihaizhongxin2024@126.com,"Wed, 26 Aug 2026 08:11:26 +0000",Amazon Services <donotreply@amazon.com>,Przesyłanie dokumentacji dotyczącej bezpieczeństwa produktu w celu niedopuszczenia do dezaktywacji oferty,,"96
 Dzień dobry Weihai EU,
 niektóre z Twoich ofert są zagrożone dezaktywacją z powodu niespełnienia obowiązków dotyczących zgodności wystawianych przez Ciebie produktów z wymogami. Poniżej znajdziesz szczegółowe informacje oraz dalsze instrukcje. Oferty produktów, których dotyczy problem, wskazano na końcu niniejszej wiadomości e-mail.
 Dlaczego tak się stało?
 Podjęliśmy to działanie, ponieważ w przypadku tych produktów nie dostarczono obowiązkowych informacji dotyczących zgodności z wymogami. Więcej informacji na temat mających zastosowanie przepisów ustawowych i wykonawczych oraz zasad Amazon znajdziesz na stronie Bezpieczeństwo i zgodność produktu z wymogami .
 Informacje na temat wymogów dotyczących zgodności dla poszczególnych produktów znajdziesz w tabeli na końcu tej wiadomości e-mail.
 Jak mogę ponownie aktywować oferty?
 Aby dostarczyć niezbędne informacje dotyczące zgodności z wymogami, przejdź do panelu Kondycja konta i znajdź żądania dotyczące zgodności produktu z wymogami:
-
 Jeśli dysponujesz wymaganymi dokumentami zgodności, postępuj zgodnie z instrukcjami, aby je przesłać.
-
 Jeśli uważasz, że Twoje produkty są zwolnione z wymogów dotyczących zgodności, prześlij d",2026-09-02 08:42:25,RETR,xtbBsxJSOGqOn7JhaQAA3K
法务/侵权类,older,account_4,weihaizhongxin2024@126.com,"Wed, 26 Aug 2026 08:10:20 +0000",Amazon Services <donotreply@amazon.com>,Skicka in produktsäkerhetsdokumentation för att undvika att produktposterna inaktiveras,,"96
 Hej Weihai EU!
 Vissa av dina produktposter riskerar att inaktiveras på grund av att det saknas obligatorisk information om överensstämmelse för produkterna. Granska informationen och följande steg nedan. De berörda produktposterna visas i slutet av det här e-postmeddelandet.
 Varför händer det här?
 Vi vidtar den här åtgärden eftersom det saknas obligatorisk information om överensstämmelse för de här produkterna. Läs vår hjälpsida för Produktsäkerhet och -överensstämmelse för information om tillämpliga lagar, förordningar och Amazons policyer.
 Tabellen i slutet av detta e-postmeddelande innehåller produktspecifika krav för överensstämmelse.
 Hur återaktiverar jag mina produktposter?
 Om du vill tillhandahålla den begärda överensstämmelseinformationen går du till sidan Kontostatus och letar upp begäranden om produktöverensstämmelse:
-
 Om du har den obligatoriska dokumentationen ska du skicka in dina överensstämmelsedokument enligt instruktionerna.
-
 Om du tror att dina produkter är undantagna från dessa krav skickar du in dokumentation som visar varför de inte omfattas av dessa överensstämmelsekrav.
 Du hittar stegvisa instruktioner på vår hjälpsida om Skicka in intyg om öve",2026-09-02 08:42:25,RETR,xtbBpA9BJ2qOn2+NgwAA3X
法务/侵权类,older,account_4,weihaizhongxin2024@126.com,"Wed, 26 Aug 2026 08:09:31 +0000",Amazon Services <donotreply@amazon.com>,"Invia la documentazione sulla sicurezza del prodotto per evitare la
 disattivazione dell'offerta",,"96
 Gentile Weihai EU,
 Alcune delle tue offerte sono a rischio di disattivazione perché i relativi prodotti non soddisfano i requisiti obbligatori sulla conformità. Rivedi i dettagli e i passi successivi riportati di seguito. Puoi visualizzare le offerte interessate in fondo a questa e-mail.
 Ciò a cosa è dovuto?
 Abbiamo intrapreso questo provvedimento in quanto i tuoi prodotti non dispongono delle informazioni obbligatorie sulla conformità. Consulta la pagina di aiuto Sicurezza e conformità dei prodotti per informazioni sulle leggi, le normative e le politiche di Amazon applicabili.
 La tabella alla fine di questa e-mail contiene i requisiti di conformità specifici per i prodotti.
 Come faccio a riattivare le mie offerte?
 Per fornire le informazioni di conformità richieste, vai alla pagina Stato dell'account per individuare le richieste di conformità dei prodotti:
-
 Se disponi della documentazione richiesta, segui le istruzioni per inviare i documenti di conformità.
-
 Se ritieni che i tuoi prodotti siano esenti da questi requisiti, invia la documentazione che dimostra il motivo per cui non sono soggetti a questi requisiti di conformità.
 Per istruzioni dettagliate, consulta l",2026-09-02 08:42:25,RETR,xtbBpB01G2qOnz2LmQAA3D
法务/侵权类,older,account_4,weihaizhongxin2024@126.com,"Wed, 26 Aug 2026 08:07:50 +0000",Amazon Services <donotreply@amazon.com>,Soumettre la documentation de sécurité des produits pour éviter la désactivation des mises en vente,,"96
 Bonjour Weihai EU,
 Certaines de vos mises en vente risquent d’être désactivées, car vos produits ne respectent pas les exigences de conformité obligatoires. Consultez les détails et les étapes suivantes ci-dessous. Les produits mis en vente concernés figurent à la fin de cet e-mail.
 Pourquoi cela se produit-il ?
 Nous prenons cette mesure, car ces produits ne présentent pas les informations de conformité obligatoires. Consultez notre page d’aide Sécurité et conformité des produits pour obtenir des informations sur les lois, réglementations et politiques Amazon applicables.
 Le tableau situé à la fin de cet e-mail présente les exigences de conformité spécifiques aux produits.
 Comment réactiver mes produits mis en vente ?
 Pour fournir les informations de conformité requises, accédez à la page État du compte et localisez les demandes de conformité des produits :
-
 Si vous disposez des documents requis, suivez les instructions pour soumettre vos documents de conformité.
-
 Si vous pensez que vos produits sont exemptés de ces exigences, soumettez des pièces justificatives prouvant les raisons pour lesquelles ils ne sont pas soumis à ces exigences de conformité.
 Pour des instru",2026-09-02 08:42:24,RETR,xtbBsxgcAmqOnthZmAAA3W
法务/侵权类,older,account_4,weihaizhongxin2024@126.com,"Wed, 26 Aug 2026 07:12:00 +0000",亚马逊开店服务 <donotreply@amazon.com>,提交商品安全文件以避免商品被停售,,"96
 尊敬的 Weihai EU：
您好！
 您的部分商品因缺少必要的商品合规信息而面临被停售的风险。查看下面的详细信息和后续步骤。受影响的商品显示在此电子邮件的末尾。
 为什么会发生这种情况？
 我们之所以采取此措施，是因为这些商品缺少必要的合规信息。请查看我们的 商品安全与合规 帮助页面，了解有关适用法律法规和亚马逊政策的信息。
 此电子邮件末尾的表格提供了特定于商品的合规性要求。
 如何重新启售商品？
 要提供所需的合规信息，请前往 账户状况 页面并找到商品合规性请求：
-
 如果您有所需的文件，请按照相关说明提交您的合规文件。
-
 如果您认为您的商品无需遵守这些要求，请提交相关文件，说明它们为何不受这些合规要求的约束。
 有关分步操作说明，请参阅 提交合规文件或对文件请求提出申诉 帮助页面。
 为避免进一步影响您的账户，请停售或删除您不打算销售或申诉的任何不合规商品。
 如果我未执行上述操作，会怎么样？
 如果您未在“账户状况”页面显示的截止日期之前提供所需的合规信息，我们可能会停售受影响的商品。
 我们愿意随时为您提供帮助。
 有关更多信息，请观看卖家大学中的 安全与合规简介 视频
 如果您有其他问题，请在您的 账户状况 控制面板上提交请求。
 亚马逊商品安全与合规性
 受影响的商品
 详情
 145 PCS Eisenbahn Elektrisch Cube Track, 3D Schwerkrafttrotzendes Zug Set, DIY Zugstrecken Spielzeug, STEM Lernspielzeug & Geschenkidee für Kinder 3–8 Jahre, Kreatives Bauen Spielzeug
 ASIN： B0H11DGDRL
 亚马逊要求您证明自己在亚马逊德国站上架的儿童玩具符合适用的法律、法规、标准和亚马逊政策。
要销售儿童玩具，您必须满足 儿童玩具帮助页面 上列出的要求，并与我们的合作伙伴第三方测试、检验和认证 (TIC) 服务提供商合作，验证您的商品符合这些要求。
儿童玩具是指供14岁或以下儿童在学习或玩耍时使用的商品。
亚马逊根据以下标准来确定商品是否为“儿童玩具”：
商品包装上的年龄分级标明该玩具专供 14 岁或以下儿童使用。
产品的包装、展示、促销或广告显示该产品适合 14 岁或以下儿童使用。
消费者通常认为该商品供 14 岁或以下儿童使用。
有关合规要求、如何与 TIC 服务提供商合作的更多信息，或者要观看有关本政策涵盖的儿童玩具的视频，请访问 儿童玩具帮助页面 。
 报告此电子邮件的问题
 如果您有任何问题，请访问: Seller Central
 要更改您的电子邮件首选项，请访问： 通知首选项
 2026 Amazon.com 旗下公司 保留所有权利
 Amaz",2026-09-02 08:42:24,RETR,xtbBpQLSuGqOkcIISwAA35
法务/侵权类,older,account_4,weihaizhongxin2024@126.com,"Wed, 26 Aug 2026 07:10:48 +0000",Amazon Services <donotreply@amazon.com>,"Dien productveiligheidsdocumentatie in om de deactivering van de
 productvermelding te voorkomen",,"96
 Hallo Weihai EU,
 Enkele van je productvermeldingen lopen het risico op deactivering omdat er verplichte nalevingsvereisten voor je producten ontbreken. Bekijk de gegevens en de stappen hieronder. De betreffende productvermeldingen worden aan het einde van deze e-mail weergegeven.
 Waarom gebeurt dit?
 We hebben deze actie ondernomen omdat voor deze producten verplichte nalevingsinformatie ontbreekt. Raadpleeg onze hulp-pagina Productveiligheid en -conformiteit voor informatie over de toepasselijke wet- en regelgeving en het Amazon-beleid.
 De tabel aan het einde van deze e-mail bevat productspecifieke nalevingsvereisten.
 Hoe activeer ik mijn productvermeldingen opnieuw?
 Als je de vereiste nalevingsgegevens wilt verstrekken, ga je naar de pagina Accountstatus en zoek je de aanvragen voor productconformiteit:
-
 Als je over de vereiste documentatie beschikt, volg je de instructies om je nalevingsdocumenten in te dienen.
-
 Als je van mening bent dat je producten zijn vrijgesteld van deze vereisten, dien dan documentatie in waaruit blijkt wat de reden is dat ze niet aan deze nalevingsvereisten zijn onderworpen.
 Raadpleeg voor stapsgewijze instructies onze hulp-pagina Documente",2026-09-02 08:42:23,RETR,xtbBpR3Bp2qOkX0F3AAA3P
法务/侵权类,older,account_4,weihaizhongxin2024@126.com,"Wed, 26 Aug 2026 07:10:45 +0000",Amazon Services <donotreply@amazon.com>,Presenta la documentación sobre seguridad del producto para evitar la desactivación de los listings,,"96
 Hola, Weihai EU:
 Algunos de tus listings están en riesgo de desactivación debido a que tus productos no cumplen los requisitos obligatorios. Revisa a continuación los detalles y siguientes pasos. Los listings afectados aparecen al final de este correo electrónico.
 ¿A qué se debe esto?
 Tomamos esta medida porque a estos productos les falta información de cumplimiento normativo obligatoria. Para más información sobre las leyes, normativas y políticas de Amazon aplicables, consulta Cumplimiento y seguridad de los productos .
 En la tabla que aparece al final de este correo electrónico se proporcionan los requisitos de cumplimiento normativo específicos del producto.
 ¿Cómo puedo reactivar mis listings?
 Para proporcionar la información de cumplimiento normativo obligatoria, ve a la página Estado de la cuenta y localiza las solicitudes de cumplimiento normativo del producto:
-
 Si dispones de la documentación obligatoria, sigue las instrucciones para presentar los documentos de cumplimiento normativo.
-
 Si crees que tus productos están exentos de estos requisitos, presenta documentación que demuestre por qué no están sujetos a estos requisitos de cumplimiento normativo.
 Para v",2026-09-02 08:42:23,RETR,xtbBsxrApmqOkXrcMgAA3u
法务/侵权类,older,account_4,weihaizhongxin2024@126.com,"Tue, 25 Aug 2026 13:09:12 +0000",Amazon Europe <donotreply@amazon.com>,New Selection Program benefits are now live,,"New Selection Program (2026) benefits are now live
 New Selection Program benefits are now live
 Effective July 30, 2026, the New Selection Program (2026) is now live with increased benefits to help you launch new branded products with reduced costs and complexity while boosting early sales.
 Enroll in New Selection Program (2026)
 If you’re currently enrolled in our existing New Selection Program , now automatically receiving New Selection Program (2026) benefits for new branded FBA ASINs that launch starting July 30, through October 31, 2026, as an introductory offer.
 To continue to receive New Selection Program (2026) benefits after October 31, you must confirm your enrollment on Enroll in New Selection Program (2026) .
 If you do not enroll by October 31, any new-to-FBA products launched after October 31 will not get benefits.
 Start making the most of your new benefits
 For an eligible new-to-FBA product, you now get (applicable from first inventory received date):
 Instant fee credits
 equivalent to capping referral fees to 10% (or your existing rate, whichever is lower) on your first 100 units and 5% (or your existing rate, whichever is lower) on the next 100 units. Credits",2026-09-02 08:42:21,RETR,xtbBpRohB2qNk-qdhgAA3M
法务/侵权类,older,account_4,weihaizhongxin2024@126.com,"Tue, 25 Aug 2026 00:16:32 +0000",Amazon Seller Services <donotreply@amazon.com>,FBA Grade and Resell is now available in Canada,,"96
 A new way to recover value from your FBA returns
 Maximise recovery from your FBA returns
 FBA Grade and Resell is now available in the Canada marketplace, giving you a new option to recover value from eligible customer returns without manual work at $0 processing fee.
 Enrol now
 How it works:
- When a customer returns an item, we'll inspect and grade it based on its condition.
- Eligible products can be automatically relisted in the appropriate condition (Like New, Very Good, Good, or Acceptable), helping you recapture revenue that might otherwise be lost.
- You maintain control over pricing and can set your preferences for which items to include in the program.
- FBA Grade and Resell takes the manual work out of processing returns, saving you time while helping you maximize the value of your inventory.
- Each relisted item includes condition notes based on Amazon's grading evaluation, providing buyers with clear information about item condition.
 Eligibility and results may vary based on product category, item condition, and market demand. Standard FBA fees apply.
 Report an issue with this email
 If you have any questions visit:
 Seller Central
 To change your email prefere",2026-09-02 08:42:19,RETR,xtbBswKtk2qM3uJ8KQAA3A
法务/侵权类,older,account_4,weihaizhongxin2024@126.com,"Mon, 24 Aug 2026 09:57:03 +0000",Amazon Europe <donotreply@amazon.com>,"Activeer je aanbod voor Nederland voor Pan-EU FBA op uiterlijk 3
 september",,"Voor Pan-EU FBA zijn aanbiedingen in Nederland vereist
 96
 Voor Pan-EU FBA zijn aanbiedingen in Nederland vereist
                                                     ‍͏  ͏  ‍͏  ͏  ‍͏  ͏  ‍͏  ͏  ‍͏  ͏  ‍͏  ͏  ‍͏  ͏  ‍͏  ͏  ‍͏  ͏  ‍͏  ͏  ‍͏  ͏  ‍͏  ͏  ‍͏  ͏  ‍͏  ͏  ‍͏  ͏  ‍͏  ͏  ‍͏  ͏  ‍͏  ͏  ‍͏  ͏  ‍͏  ͏  ‍͏  ͏  ‍͏  ͏  ‍͏  ͏  ‍͏  ͏  ‍͏  ͏  ‍͏  ͏  ‍͏  ͏  ‍͏  ͏  ‍͏  ͏  ‍͏  ͏  ‍͏  ͏  ‍͏  ͏  ‍͏  ͏  ‍͏  ͏  ‍͏  ͏  ‍͏  ͏  ‍͏  ͏  ‍͏  ͏  ‍͏  ͏ ͏‌ ­ ­ ­ ­ ͏‌ ­ ­ ­ ­ ͏‌ ­ ­ ­ ­ ͏‌ ­ ­ ­ ­ ͏‌ ­ ­ ­ ­ ͏‌ ­ ­ ­ ­ ͏‌ ­ ­ ­ ­ ͏‌ ­ ­ ­ ­ ͏‌ ­ ­ ­ ­ ͏‌ ­ ­ ­ ­ ͏‌ ­ ­ ­ ­ ͏‌ ­ ­ ­ ­ ͏‌ ­ ­ ­ ­ ͏‌ ­ ­ ­ ­ ͏‌ ­ ­ ­ ­ ͏‌ ­ ­ ­ ­ ͏‌ ­ ­ ­ ­ ͏‌ ­ ­ ­ ­ ͏‌ ­ ­ ­ ­ ͏‌ ­ ­ ­ ­ ͏‌ ­ ­ ­ ­ ͏‌ ­ ­ ­ ­ ͏‌ ­ ­ ­ ­ ͏‌ ­ ­ ­ ­ ͏‌ ­ ­ ­ ­ ͏‌ ­ ­ ­ ­ ͏‌ ­ ­ ­ ­ ͏‌ ­ ­ ­ ­ ͏‌ ­ ­ ­ ­ ͏‌ ­ ­ ­ ­ ͏‌ ­ ­ ­ ­ ͏‌ ­ ­ ­ ­ ͏‌ ­ ­ ­ ­ ͏‌ ­ ­ ­ ­ ͏‌ ­ ­ ­ ­ ͏‌ ­ ­ ­ ­ ͏‌ ­ ­ ­ ­ ͏‌ ­ ­ ­ ­ ͏‌ ­ ­ ­ ­ ͏‌ ­ ­ ­ ­ ͏‌ ­ ­ ­ ­ ͏‌ ­ ­ ­ ­ ͏‌ ­ ­ ­ ­ ͏‌ ­ ­ ­ ­ ͏‌ ­ ­ ­ ­ ͏‌ ­ ­ ­ ­ ͏‌ ­ ­ ­ ­ ͏‌ ­ ­ ­ ­ ͏‌ ­ ­ ­ ­ ͏‌ ­ ­ ­ ­ ͏‌ ­ ­ ­ ­ ͏‌ ­ ­ ­ ­ ͏‌ ­ ­ ­ ­ ͏‌ ­ ­ ­ ­ ͏‌ ­ ­ ­ ­ ͏‌ ­ ­ ­ ­ ͏‌ ­ ­ ­ ­ ͏‌ ­ ­ ­ ­ ͏‌ ­ ­ ­ ­ ͏‌ ­ ­ ­ ­ ͏‌ ­ ­ ­ ­ ͏‌ ­ ­ ­ ­ ͏‌ ­ ­ ­ ­ ͏‌ ­ ­ ­ ­ ͏‌ ­ ­ ­ ­
 Hallo,
 Vanaf 3 september 2026 moeten alle P",2026-09-02 08:42:18,RETR,xtbBpRQgBmqMFXSaTgAA3E
法务/侵权类,older,account_4,weihaizhongxin2024@126.com,"Sat, 22 Aug 2026 08:28:49 +0000",Powiadomienia Seller Central <donotreply@amazon.com>,"Rozwiąż błędy w obrębie cen, aby umożliwić ponowną aktywację ofert",,"96
 Zatrzymanie spowodowane błędem ceny
 Wykryliśmy potencjalne błędy cen w Twoich ofertach produktów na amazon.pl.
 Oferty zdezaktywowane z powodu podejrzenia błędów cenowych
 Dzień dobry,
 zdezaktywowaliśmy oferty wymienione w tej wiadomości z powodu wykrytych błędów cen lub z racji wymogów zasad Amazon Marketplace dotyczących uczciwego ustalania cen . Aby wyświetlić więcej informacji i podjąć kroki w celu przywrócenia tych ofert, odwiedź stronę Kondycja cen w Seller Central.
 Przywróć nieaktywne oferty
 ASIN
 SKU
 Tytuł
 Cena
 B0GYPZ58JY
 V4-KM0O-MXDQ
 Roaxkois Elektryczne koło garncarskie dla dzieci – zestaw garncarski DIY z gliną, farbami, narzędziami, fartuchem i naklejkami – mini koło garncarskie od 6 lat, 2 stopnie, wzór kota – prezent dla
 zł400
 B0H11D2KV8
 WH-EU-0705-HCGDVE-02
 15-elementowy elektryczny tor kolejowy z kostek, zestaw pociągu 3D przeciw grawitacji, tor DIY do samodzielnego budowania, zabawka edukacyjna STEM i kreatywny prezent dla dzieci 3–8 lat
 zł400
 Przykładami błędów cen są oferty wycenione poniżej określonej przez Ciebie ceny minimalnej lub powyżej określonej przez Ciebie ceny maksymalnej albo oferty wycenione znacznie wyżej niż ostatnie takie oferty",2026-09-02 08:42:09,RETR,xtbBpQeFa2qJXcetrwAA33
法务/侵权类,older,account_4,weihaizhongxin2024@126.com,"Sat, 22 Aug 2026 08:28:39 +0000",Amazon Seller Central-meddelanden <donotreply@amazon.com>,Åtgärda prissättningsfel för att återaktivera inaktiverade produktposter,,"96
 Undertryckande av prissättning
 Vi har upptäckt potentiella prissättningsfel i dina amazon.se produktposter.
 Produktposterna inaktiverades på grund av misstänkta prissättningsfel
 Hej!
 Vi har inaktiverat de produktposter som anges i det här e-postmeddelandet på grund av prissättningsfel som strider mot Policyn för rättvis prissättning på Amazon Marketplace . Du hittar mer information och kan vidta åtgärder för att återaktivera dina produktposter på sidan Prisstatus i Seller Central.
 Återaktivera inaktiverade produktposter
 ASIN
 SKU
 Titel
 Pris
 B0H11D2KV8
 WH-EU-0705-HCGDVE-02
 15 PCS Railway Cube Track, 3D Schwerkrafttrotzendes Zug Set, DIY Zugstrecken Toys, STEM LernsToys & Gift Ideas for Kids 3-8 Years, Kreatives Bauen Toys
 SEK 1000
 Prissättningsfel uppstår till exempel när erbjudanden har ett pris som är lägre än det lägsta pris som du har angett, ett pris som är högre än det högsta pris som du har angett eller om erbjudanden har ett pris som är betydligt högre än de senaste priserna som erbjuds på eller utanför Amazon. Säljare är ansvariga för sina egna priser i vår butik. När det är möjligt tillhandahåller vi referenspriser för produkter för att visa de typiska pri",2026-09-02 08:42:09,RETR,xtbBpByDaWqJXbytuQAA3E
法务/侵权类,older,account_4,weihaizhongxin2024@126.com,"Fri, 21 Aug 2026 20:28:12 +0000",Powiadomienia Seller Central <donotreply@amazon.com>,"Rozwiąż błędy w obrębie cen, aby umożliwić ponowną aktywację ofert",,"96
 Zatrzymanie spowodowane błędem ceny
 Wykryliśmy potencjalne błędy cen w Twoich ofertach produktów na amazon.pl.
 Oferty zdezaktywowane z powodu podejrzenia błędów cenowych
 Dzień dobry,
 zdezaktywowaliśmy oferty wymienione w tej wiadomości z powodu wykrytych błędów cen lub z racji wymogów zasad Amazon Marketplace dotyczących uczciwego ustalania cen . Aby wyświetlić więcej informacji i podjąć kroki w celu przywrócenia tych ofert, odwiedź stronę Kondycja cen w Seller Central.
 Przywróć nieaktywne oferty
 ASIN
 SKU
 Tytuł
 Cena
 B0H11D2KV8
 WH-EU-0705-HCGDVE-02
 15-elementowy elektryczny tor kolejowy z kostek, zestaw pociągu 3D przeciw grawitacji, tor DIY do samodzielnego budowania, zabawka edukacyjna STEM i kreatywny prezent dla dzieci 3–8 lat
 zł400
 Przykładami błędów cen są oferty wycenione poniżej określonej przez Ciebie ceny minimalnej lub powyżej określonej przez Ciebie ceny maksymalnej albo oferty wycenione znacznie wyżej niż ostatnie takie oferty zamieszczane na lub poza Amazon. Sprzedawcy są odpowiedzialni za ustalanie własnych cen w naszym sklepie. W miarę możliwości udostępniamy ceny referencyjne produktów, aby pomóc w określeniu typowych zakresów cenowych oczekiwanych",2026-09-02 08:42:07,RETR,xtbBpQIiCGqItOL28QAA3+
法务/侵权类,older,account_4,weihaizhongxin2024@126.com,"Fri, 21 Aug 2026 20:28:09 +0000",Notificaciones de Seller Central <donotreply@amazon.com>,"Soluciona los errores de precio para restablecer los listings
 desactivados.",,"96
 Eliminar errores de precio
 Te informamos de que hemos detectado posibles errores de precio en algunos de tus listados de productos de amazon.es.
 Listings desactivados debido a posibles errores de precio
 Hola:
 Hemos desactivado los listings que se indican en este correo electrónico o bien debido a errores de precio detectados o bien porque no cumplen con la Política de precios justos del sitio web de Amazon . Para obtener más información y tomar las medidas necesarias para restablecer estos listings, consulta la página Estado de los precios de Seller Central.
 Restablecer listings desactivados
 ASIN
 SKU
 Título
 Precio
 B0H11D2KV8
 WH-EU-0705-HCGDVE-02
 Circuito de Tren eléctrico de Cubos de 15 Piezas, Set de Tren 3D antigravedad, Juguete de vías DIY para Construir, Juguete Educativo Stem y Regalo Creativo para niños de 3 a 8 años
 €100
 Algunos ejemplos de errores de precio son ofertas con un precio inferior al precio mínimo especificado, por encima de tu precio máximo especificado, o con un precio considerablemente superior al de los precios ofrecidos recientemente en Amazon o en otros sitios web. Los vendedores son responsables de fijar sus propios precios en nuestra tie",2026-09-02 08:42:06,RETR,xtbBsx4hB2qItN71IAAA3W
法务/侵权类,older,account_4,weihaizhongxin2024@126.com,"Fri, 21 Aug 2026 20:28:08 +0000",Amazon Seller Central-meddelanden <donotreply@amazon.com>,Åtgärda prissättningsfel för att återaktivera inaktiverade produktposter,,"96
 Undertryckande av prissättning
 Vi har upptäckt potentiella prissättningsfel i dina amazon.se produktposter.
 Produktposterna inaktiverades på grund av misstänkta prissättningsfel
 Hej!
 Vi har inaktiverat de produktposter som anges i det här e-postmeddelandet på grund av prissättningsfel som strider mot Policyn för rättvis prissättning på Amazon Marketplace . Du hittar mer information och kan vidta åtgärder för att återaktivera dina produktposter på sidan Prisstatus i Seller Central.
 Återaktivera inaktiverade produktposter
 ASIN
 SKU
 Titel
 Pris
 B0H11D2KV8
 WH-EU-0705-HCGDVE-02
 15 PCS Järnväg Cube Track, 3D Schwerkrafttrotzendes Zug Set, DIY Zugstrecken Leksaker, STEM Lernsleksaker & Gåveideer för barn 3–8 år, Kreatives Bauen Leksaker
 SEK 1000
 Prissättningsfel uppstår till exempel när erbjudanden har ett pris som är lägre än det lägsta pris som du har angett, ett pris som är högre än det högsta pris som du har angett eller om erbjudanden har ett pris som är betydligt högre än de senaste priserna som erbjuds på eller utanför Amazon. Säljare är ansvariga för sina egna priser i vår butik. När det är möjligt tillhandahåller vi referenspriser för produkter för att visa de typ",2026-09-02 08:42:06,RETR,xtbBpBsgBmqItNvx3wAA36
法务/侵权类,older,account_4,weihaizhongxin2024@126.com,"Fri, 21 Aug 2026 20:28:04 +0000",Notifiche di Amazon Seller Central <donotreply@amazon.com>,Risolvi gli errori nel prezzo per riattivare le offerte disattivate,,"96
 Eliminazione per errori nel prezzo
 Abbiamo individuato dei potenziali errori nel prezzo delle sue offerte su amazon.it.
 Offerte disattivate a causa di possibili errori nei prezzi
 Buongiorno,
 abbiamo disattivato le offerte indicate in questa e-mail a causa di errori rilevati nei prezzi o in conformità alla Politica di assegnazione del prezzo equo del marketplace di Amazon. Per maggiori informazioni e per adottare le misure necessarie a riattivare queste offerte, visita la pagina Stato dei prezzi in Seller Central.
 Ripristinare le offerte disattivate
 ASIN
 SKU
 Titolo
 Prezzo
 B0H11D2KV8
 WH-EU-0705-HCGDVE-02
 Pista ferroviaria elettrica a cubi da 15 pezzi, set trenino 3D antigravità, gioco fai da te per costruire percorsi, giocattolo educativo STEM e idea regalo creativa per bambini da 3 a 8 anni
 €100
 Alcuni esempi di errori nei prezzi includono offerte il cui prezzo è inferiore al ""prezzo minimo"" specificato, superiore al ""prezzo massimo"" specificato o con un prezzo notevolmente più elevato rispetto a quelli recentemente offerti sia su Amazon che su altri siti. È responsabilità dei venditori stabilire i propri prezzi nel nostro negozio. Ove possibile, condividiamo i pre",2026-09-02 08:42:06,RETR,xtbBsxcfBWqItNf1DQAA3H
法务/侵权类,older,account_4,weihaizhongxin2024@126.com,"Fri, 21 Aug 2026 20:16:47 +0000",亚马逊卖家平台通知 <donotreply@amazon.com>,解决定价错误以重新启售停售商品,,"96
 因错价而被禁止显示
 我们检测到您的 amazon.de 商品信息中可能存在错价。
 商品因疑似定价错误而被停售
 尊敬的销售伙伴：
您好！
 由于发现定价错误，或者根据亚马逊 商城公平定价政策 的规定，我们已停售本邮件列出的商品。您可以访问卖家平台中的 定价状况 页面，查看更多信息并采取措施重新启售这些商品。
 重新启售停售商品
 ASIN
 SKU
 商品名称
 价格
 B0H11D2KV8
 WH-EU-0705-HCGDVE-02
 15 PCS Eisenbahn Cube Track, 3D Schwerkrafttrotzendes Zug Set, DIY Zugstrecken Spielzeug, STEM Lernspielzeug & Geschenkidee für Kinder 3–8 Jahre, Kreatives Bauen Spielzeug
 €100
 定价错误示例包括定价低于您指定的“您的最低价格”或高于您指定的“您的最高价格”的商品，或者定价明显高于亚马逊商城或其他平台近期提供的价格。卖家需要自行在亚马逊商城上设置价格。我们会尽可能分享相应商品的参考价，帮助您了解买家期望的有代表性的商品价格范围。
 如果您认为我们采取此措施有误，或者您对此有疑问或需要帮助，请点击卖家平台顶部的“帮助”链接。
 顺祝商祺！
 亚马逊开店服务
 报告此电子邮件的问题
 如果您有任何问题，请访问: Seller Central
 要更改您的电子邮件首选项，请访问： 通知首选项
 2026 Amazon.com 旗下公司 保留所有权利
 Amazon EU S.à r.l.
38 avenue John F. Kennedy,
L-1855 Luxembourg,
注册于卢森堡，
注册编号 B-101818，
股本 165.833 欧元，
营业执照编号： 134248，
卢森堡增值税注册编号 LU 20260743。
 SPC-EUAmazon-1389784382209747",2026-09-02 08:42:06,RETR,xtbBsxJ1W2qIsjLuDQAA3O
法务/侵权类,older,account_4,weihaizhongxin2024@126.com,"Fri, 21 Aug 2026 05:32:48 +0000","""Amazon.de"" <store-news@amazon.de>",Dein Einkaufswagen wartet,,"https://www.amazon.de/gp/cart/view.html?ref_=cor
145 PCS Eisenbahn Elektrisch Cube Track, 3D Schwerkrafttrotzendes Zug Set, DIY Zugstrecken Spielzeug, STEM Lernspielzeug &amp; Geschenkidee für Kinder 3–8 Jahre, Kreatives Bauen Spielzeug
 49,95 €
https://www.amazon.de/gp/product/B0H11DGDRL/?ref_=
Einkaufswagen anzeigen
https://www.amazon.de/gp/cart/view.html?ref_=cor
Schaue dir weitere Optionen an
Eisenbahn Elektrisch Set Kinder 3 4 5 6 7 8, 225 Teile, 80 Schienen 2 Zügen | USB-aufladbare DIY Zugstrecken-Set für umbaubare 3D-Strecken mit Kurven Steigungen Überkopfpassagen, STEM Geschenk Kinder 3–8
Befristetes Angebot -21 % 42,68 € Statt: 53,99 €
https://www.amazon.de/gp/product/B0GJSC6831/?ref_=ci_mcx_mr_2p_0_lm
Goody King Eisenbahn Kinder Elektrisch 110 Teile - 3D Magnetbahn mit Verkehrszeichen - DIY Cube Track &amp; Enthält Züge - Kreatives Konstruktionsspielzeug Geschenk für Kinder ab 4-12 Jahren
 66,68 €
https://www.amazon.de/gp/product/B0G28CZQ6G/?ref_=ci_mcx_mr_2p_1_lm
hahaland Elektrische Eisenbahn Kinder 3D Set, 115-tlg, Spielzeug ab 3 Jahre | Zug Spielzeug mit 2 Fahrzeugen, Anti-Schwerkraft-Bahn, Licht &amp; Musik, Montessori Spielzeug, Geschenk für Kinder ab 3+ Jahren
 -8 ",2026-09-02 08:42:04,RETR,xtbBsgd2XGqH4wfe0QAA3Z
法务/侵权类,older,account_4,weihaizhongxin2024@126.com,"Thu, 20 Aug 2026 14:31:59 +0000",Amazon Services <donotreply@amazon.com>,Pagamento elaborato con successo,,"96
This title will display on mobile devices
 Congratulazioni. Il pagamento è stato elaborato con successo e ti sarà accreditato a breve.
 Tentativo di pagamento
Congratulazioni Weihai EU! Il pagamento è stato elaborato con successo e ti sarà accreditato nel giro di da tre a cinque giorni.
In data 08/20/26 14:31 CEST, abbiamo avviato un trasferimento sul tuo metodo di pagamento (conto bancario che termina con 229) dell’importo di €
 235,47.
 Se l’importo è inferiore a quanto atteso, tieni in considerazione le seguenti domande:
 Hai un saldo non disponibile? Amazon potrebbe trattenere una certa somma per coprire i costi di eventuali resi, reclami o contestazioni di una transazione (chargeback) da parte degli acquirenti. In questo caso, il saldo finale nel tuo report sui pagamenti mostrerà il saldo non disponibile corrispondente alla cifra trattenuta.
 Le tue vendite coprono tutte le commissioni e i resi per questo ciclo di fatturazione? L’importo del pagamento rispecchia le attività di vendita, le commissioni di vendita e le tariffe per promozioni o servizi. Ti consigliamo di rivedere il report sui pagamenti nella scheda Report di Seller Central per comprendere le diverse spese che ",2026-09-02 08:42:00,RETR,xtbBsgR5X2qHD+QObwAA33
法务/侵权类,older,account_4,weihaizhongxin2024@126.com,"Mon, 17 Aug 2026 00:28:18 +0000",Amazon Europe <no-reply@sell.amazon.com>,通过 Q4 活动拓展您的业务 — 尽早提报，节省费用,,"最大化您的 Q4 业绩
尊敬的卖家，
为 Q4 活动做好准备 — 为数百万消费者打造不容错过的优惠！今年，Prime 会员大促（PBDD）将与去年同期回归，随后是黑色星期五活动周（BFW）。通过尽早提交促销并确保充足库存，助力您的业务增长。
早鸟折扣：如果您在截止日期前提报促销 — 黑色星期五活动周截止 9 月 5 日 — 您将获得每笔固定预付费的折扣：UK: £4, DE: €5, FR/IT/ES: €3。
关键日期
Prime 会员大促
活动日期： 与去年同期
提报截止日期 ：促销 – 2026 年 9 月 23 日，价格折扣 – 活动结束前 12 小时
入库截止日期：EU – 9 月 9 日，UK – 2026 年 9 月 18 日
黑色星期五活动周
活动日期：2026 年 11 月 19–30 日
提报截止日期 ：促销 – 2026 年 11 月 18 日，价格折扣 – 活动结束前 12 小时
入库截止日期：EU – 10 月 21 日，UK – 2026 年 10 月 30 日
提报您的促销 > https://go.amazonsellerservices.com/e/229492/reate-ld-DC-EM-D506286903-Wk33/7z57nq4/6833682036/h/EwqOpQDRvyzkesi0h5nPpxusBKgPYvfx-x83USAM_lc
<table align=""center"" border=""0"" cellpadding=""0"" cellspacing=""0"" class=""section"" role=""presentation"" style=""width:100%;"">
	<tbody>
		<tr>
			<td align=""center"">
			<div role=""none"">
<!--[if(mso)|(IE)]>
<table align=""center"" border=""0"" cellpadding=""0"" cellspacing=""0"" class=""block-grid-outlook"" style=""width:600px;"" width=""600"" >
<tr>
<td style=""line-height:0px;font-size:0px;mso-line-height-rule:exactly;""><![endif]-->
			<div style=""margin:0 auto;border-radius:0px;max-width:600px;"">
			<table align=""center"" border=""0"" cellpadding=""0"" cellspacing=""0"" role=""presentation"" style=""width:100%;border-",2026-09-02 08:41:53,RETR,xtbBsgW5n2qCVaWBpAAA3s
法务/侵权类,older,account_4,weihaizhongxin2024@126.com,"Sat, 15 Aug 2026 13:40:40 +0000",Amazon Services <donotreply@amazon.com>,Votre paiement est en cours,,"96
This title will display on mobile devices
 Félicitations ! Votre paiement est en cours et arrivera sous peu.
 Tentative de versement
Félicitations, Weihai EU ! Votre paiement est en cours et arrivera sous trois à cinq jours.
Le 08/15/26 13:40 CEST, nous avons effectué un virement d’un montant de €
 203.50 sur le compte lié à votre méthode de paiement (compte bancaire se terminant par 229).
 Si le montant est inférieur au montant auquel vous vous attendiez, voici quelques questions à vous poser :
 Disposez-vous d’un solde de fonds non disponibles ? Amazon peut réserver des fonds afin de couvrir des retours, des réclamations ou des rétrofacturations potentiels des acheteurs. Si tel est le cas, le solde de fin de période de votre rapport sur les paiements affichera le solde des fonds non disponibles réservé.
 Vos ventes couvraient-elles l’ensemble des frais et des retours pour cette période de règlements ? Le montant du paiement reflète votre activité commerciale, les frais de vente et les frais relatifs aux promotions et aux services. Nous vous recommandons de consulter votre rapport sur les paiements sous l’onglet Rapports de Seller Central pour comprendre votre solde de fin de p",2026-09-02 08:41:52,RETR,xtbBshzs0mqAbFwHvgAA3z
法务/侵权类,older,account_4,weihaizhongxin2024@126.com,"Fri, 14 Aug 2026 01:39:40 +0000",Notificaciones de Seller Central (sin buzón electrónico) <donotreply@amazon.com>,Actualización de estado de mercancías peligrosas,,"96
 Actualización de estado de mercancías peligrosas
 Actualización de estado de mercancías peligrosas
 Estimado vendedor:
 Estamos llevando a cabo una revisión de mercancías peligrosas sobre uno o varios de tus productos:
 FALTA DOCUMENTACIÓN DE MERCANCÍAS PELIGROSAS O ES CONTRADICTORIA
 ASIN
 SKU del vendedor
 FNSKU
 Título
 B0H11D2KV8
 WH-DE-0508-HCGDVE-01
 B0H11D2KV8
 Circuito de Tren eléctrico de Cubos de 15 Piezas, Set de Tren 3D antigravedad, Juguete de vías DIY para Construir, Juguete Educativo Stem y Regalo Creativo para niños de 3 a 8 años
 ¿A qué se debe esto?
 No podemos clasificar correctamente los productos mencionados debido a que no tenemos suficiente información sobre las mercancías peligrosas. Ten en cuenta que, hasta que proporciones toda la información necesaria, los productos no estarán disponibles para la venta y no podrás continuar enviando unidades a los centros logísticos de Amazon. Tienes que proporcionar la ficha de datos de seguridad (FDS) de cada producto mencionado. Sólo puedes enviar una ficha de exención si el producto no tiene una FDS y no contiene productos químicos nocivos como alcohol, ácido, sodio, etc., o si el producto es una batería o las con",2026-09-02 08:41:48,RETR,xtbBshTTuWp+cfQWHwAA3U
法务/侵权类,older,account_4,weihaizhongxin2024@126.com,"Fri, 14 Aug 2026 01:36:13 +0000","""Powiadomienia z Amazon Seller Central (nie odpowiadaj)"" <donotreply@amazon.com>",Status materiałów niebezpiecznych (hazmat),,"96
 Status materiałów niebezpiecznych (hazmat)
 Status materiałów niebezpiecznych (hazmat)
 Witamy w Fulfillment by Amazon
 Obecnie przeprowadzamy przegląd materiałów niebezpiecznych (hazmat) jednego produktu lub większej liczby produktów:
 SPRZECZNA LUB BRAKUJĄCA DOKUMENTACJA DG
 ASIN
 SKU sprzedawcy
 SKU sieci logistycznej
 Tytuł
 B0H11D2KV8
 WH-DE-0508-HCGDVE-01
 B0H11D2KV8
 15-elementowy elektryczny tor kolejowy z kostek, zestaw pociągu 3D przeciw grawitacji, tor DIY do samodzielnego budowania, zabawka edukacyjna STEM i kreatywny prezent dla dzieci 3–8 lat
 Jaka jest tego przyczyna
 Nie mamy wystarczającej ilości informacji o materiałach niebezpiecznych, aby prawidłowo sklasyfikować ww. produkty; dopóki nie dostarczysz niezbędnych informacji, produkty nie będą dostępne do sprzedaży i nie będziesz mógł wysłać więcej jednostek do centrów logistycznych Amazon. Musisz dostarczyć odpowiednią kartę charakterystyki dla każdego ww. produktu. Arkusz zwolnienia z obowiązku dostarczenia karty charakterystyki można złożyć tylko wtedy, kiedy produkt nie posiada szkodliwych substancji chemicznych, takich jak alkohol, kwas, sód itp., lub jeśli produkt jest bateriami, zawiera je lub jest sprze",2026-09-02 08:41:48,RETR,xtbBshydg2p+cRwPqQAA3v
法务/侵权类,older,account_4,weihaizhongxin2024@126.com,"Fri, 14 Aug 2026 01:35:04 +0000",亚马逊卖家平台通知（请勿回复） <donotreply@amazon.com>,危险品状态更新,,"96
 危险品状态更新
 危险品状态更新
 尊敬的亚马逊物流卖家：
您好！
 我们目前正在对您的一件或多件商品进行危险品审查：
 危险品文件中的信息相互冲突或缺失
 ASIN
 卖家 SKU
 FNSKU
 商品名称
 B0H11D2KV8
 WH-DE-0508-HCGDVE-01
 B0H11D2KV8
 15 PCS Eisenbahn Cube Track, 3D Schwerkrafttrotzendes Zug Set, DIY Zugstrecken Spielzeug, STEM Lernspielzeug & Geschenkidee für Kinder 3–8 Jahre, Kreatives Bauen Spielzeug
 为什么会发生这种情况
 我们获得的危险品信息不足，无法对以上商品进行正确分类，除非您提供必要的信息，否则您将无法销售商品，也将无法再向亚马逊运营中心发送更多商品。我们需要您为上述每件商品提供正确的安全数据表 (SDS)。仅当商品没有安全数据表且不含酒精、酸、钠等任何有害化学物质，或者商品是电池、包含电池或随电池一同销售时，您才需要提交豁免表。
 如何继续销售这些商品
 请确保安全数据表符合以下要求：
- 在过去五年内创建或有过更新
- 包含新的 GHS/CLP 危险品识别信息
- 包含标准安全数据表的所有 16 个部分
- 与商品详情页面上显示的商品名称匹配
- 与商品详情页面上显示的制造商或品牌名称匹配
 请确保 豁免表 符合以下要求：
- 与商品详情页面上显示的商品名称一致
- 包含您的全名（名字和姓氏）
- 包含当前日期
- 适用于您的商品（豁免表仅适用于不含有害化学物质的商品、电池、含电池或与电池一同销售的商品）
- 包含所有必填信息（确保填写所有红色单元格，并将黑色单元格留空）
 重要须知 ： 模板的 说明 选项卡中提供了有关如何填写豁免表的完整说明。
 文件（安全数据表或豁免表）准备就绪后，请通过卖家平台中的 上传页面 提交。
 提供了正确的信息之后，审核流程通常需要四个工作日才能完成。审核完成后，您将收到结果通知。温馨提醒，请确保商品名称、商品描述和要点充分且完整地描述了审核中的商品，并明确列出与该商品一同销售的所有商品（例如，电视机及其遥控器）。
 有关安全数据表和豁免表的更多信息，请参阅 所需的危险品信息和文件 。
 所有卖家应负责确保发送到亚马逊运营中心的所有商品均符合亚马逊物流政策以及关于危险品的所有法律要求，即使亚马逊物流目前并未对此进行限制。
 实用信息
 有关更多信息，请参阅 危险品识别指南 。
 谢谢！
 亚马逊物流团队
 此电子邮件地址仅用于发送通知，无法接收电子邮件。请勿回复此邮件。
 报告此电子邮件的问题
 如果您有任何问题，请访问: Seller Central
 要更改您的",2026-09-02 08:41:47,RETR,xtbBsxCKcGp+cNBtvAAA38
法务/侵权类,older,account_4,weihaizhongxin2024@126.com,"Fri, 14 Aug 2026 01:28:59 +0000",Aviseringar från Amazon Seller Central (svara inte) <donotreply@amazon.com>,Statusuppdatering för farligt gods,,"96
 Statusuppdatering för farligt gods
 Statusuppdatering för farligt gods
 Hej från Fraktas från Amazon,
 Vi genomför för närvarande en granskning av farligt gods för en eller flera av dina produkter:
 DG-DOKUMENTATION SOM ÄR MOTSTRIDIG ELLER SAKNAS
 ASIN
 Säljar-SKU
 Leveransnätverks-SKU
 Titel
 B0H11D2KV8
 WH-DE-0508-HCGDVE-01
 B0H11D2KV8
 15 PCS Järnväg Cube Track, 3D Schwerkrafttrotzendes Zug Set, DIY Zugstrecken Leksaker, STEM Lernsleksaker & Gåveideer för barn 3–8 år, Kreatives Bauen Leksaker
 Därför händer detta
 Vi har inte tillräckligt med information för att korrekt kunna klassificera ovanstående produkter beträffande farligt gods, och innan du tillhandahåller den nödvändiga informationen är produkterna inte tillgängliga för försäljning och du kan inte skicka fler enheter till Amazons distributionscentra. Vi ber dig tillhandahålla ett korrekt säkerhetsdatablad för varje produkt som listas ovan. Du får endast lämna in ett Undantag / Exemption sheet om produkten inte har ett säkerhetsdatablad och inte innehåller några skadliga kemikalier, t.ex. alkohol, syra, natrium etc., eller om produkten är, innehåller eller säljs med batterier.
 Gör så här för att fortsätta sälja de h",2026-09-02 08:41:47,RETR,xtbBpB0tE2p+b13z6wAA35
法务/侵权类,older,account_4,weihaizhongxin2024@126.com,"Fri, 14 Aug 2026 01:03:40 +0000","""Notifiche di Amazon Seller Central (non rispondere)"" <donotreply@amazon.com>",Aggiornamento dello stato delle merci pericolose,,"96
 Aggiornamento dello stato delle merci pericolose
 Aggiornamento dello stato delle merci pericolose
 Buongiorno da Logistica di Amazon.
 Al momento stiamo effettuando una revisione delle merci pericolose di uno o più dei suoi prodotti:
 DOCUMENTAZIONE MERCI PERICOLOSE DISCORDANTE O MANCANTE
 ASIN
 SKU venditore
 FNSKU
 Titolo
 B0H11D2KV8
 WH-DE-0508-HCGDVE-01
 B0H11D2KV8
 Pista ferroviaria elettrica a cubi da 15 pezzi, set trenino 3D antigravità, gioco fai da te per costruire percorsi, giocattolo educativo STEM e idea regalo creativa per bambini da 3 a 8 anni
 Qual è il problema?
 Non disponiamo di informazioni sufficienti sulle merci pericolose per classificare correttamente i prodotti di cui sopra. Inoltre, finché non fornisci le informazioni necessarie, i prodotti non saranno disponibili per la vendita e non potrai inviare più unità ai centri logistici Amazon. Dovrai fornire una corretta scheda di sicurezza (SDS) per ogni prodotto sopra elencato. È possibile presentare una scheda di esenzione solo se il prodotto non dispone di una scheda di sicurezza e non contiene sostanze chimiche nocive, come alcol, acido, sodio e così via, o se il prodotto è, contiene o viene venduto con ",2026-09-02 08:41:46,RETR,xtbBsg+vlWp+aW-D-wAA3p
法务/侵权类,older,account_4,weihaizhongxin2024@126.com,"Fri, 14 Aug 2026 01:03:04 +0000","""Amazon Seller Central-meldingen (niet beantwoorden)"" <donotreply@amazon.com>",Update van status gevaarlijke goederen,,"96
 Update van status gevaarlijke goederen
 Update van status gevaarlijke goederen
 Hallo van het Fulfillment by Amazon-team,
 Momenteel beoordelen we een of meer van jouw producten op eigenschappen van gevaarlijke goederen:
 CONFLICTERENDE OF ONTBREKENDE DOCUMENTATIE VAN GEVAARLIJKE GOEDEREN
 ASIN
 Verkoper-SKU
 FNSKU
 Titel
 B0H11D2KV8
 WH-DE-0508-HCGDVE-01
 B0H11D2KV8
 15 PCS Eisenbahn Cube Track, 3D zwaartekrachttrotzendes Zug Set, DIY Zugstrecken speelgoed, STEM leerspeelgoed & geschenkidee voor kinderen 3–8 jaar, creatief bouwspeelgoed
 Waarom dit gebeurt
 We hebben niet genoeg informatie over gevaarlijke goederen om bovenstaande producten correct te classificeren. Totdat je de nodige informatie verstrekt zijn de producten niet beschikbaar voor verkoop en kun je geen eenheden meer naar Amazon Fulfillment Centers sturen. Je moet voor elk hierboven vermeld product een correct veiligheidsinformatieblad (VIB) verstrekken. Je kunt alleen een vrijstellingsformulier indienen als het product geen SDS heeft en geen schadelijke chemische stoffen bevat, zoals alcohol, zuur, natrium enzovoort, of als het gaat om batterijen, of producten die een batterij bevatten of ermee worden verkocht.",2026-09-02 08:41:46,RETR,xtbBsg+njWp+aU-CZQAA3C
法务/侵权类,older,account_4,weihaizhongxin2024@126.com,"Wed, 12 Aug 2026 01:47:22 +0000",Notificaciones de Seller Central (sin buzón electrónico) <donotreply@amazon.com>,Actualización de estado de mercancías peligrosas,,"96
 Actualización de estado de mercancías peligrosas
 Actualización de estado de mercancías peligrosas
 Estimado vendedor:
 Estamos llevando a cabo una revisión de mercancías peligrosas sobre uno o varios de tus productos:
 INFORMACIÓN NECESARIA DE LA PILA O BATERÍA
 ASIN
 SKU del vendedor
 FNSKU
 Título
 B0H11D2KV8
 WH-DE-0508-HCGDVE-01
 B0H11D2KV8
 Circuito de Tren eléctrico de Cubos de 15 Piezas, Set de Tren 3D antigravedad, Juguete de vías DIY para Construir, Juguete Educativo Stem y Regalo Creativo para niños de 3 a 8 años
 ¿A qué se debe esto?
 Necesitamos información detallada sobre la pila o batería para clasificar correctamente los productos mencionados, debido a que no contamos con información suficiente. Hasta que proporciones toda la información necesaria, los productos no estarán disponibles para la venta y no podrás continuar enviándolos a los centros logísticos de Amazon.
 Cómo seguir vendiendo estos productos
 Carga una ficha de exención para baterías y productos alimentados por baterías siguiendo los pasos que se indican a continuación:
- Descarga una ficha de exención para baterías y productos alimentados por baterías. Las fichas de exención están disponibles en v",2026-09-02 08:41:39,RETR,xtbBpQ3Yvmp70K0wEAAA3C
法务/侵权类,older,account_4,weihaizhongxin2024@126.com,"Wed, 12 Aug 2026 01:39:03 +0000","""Powiadomienia z Amazon Seller Central (nie odpowiadaj)"" <donotreply@amazon.com>",Status materiałów niebezpiecznych (hazmat),,"96
 Status materiałów niebezpiecznych (hazmat)
 Status materiałów niebezpiecznych (hazmat)
 Witamy w Fulfillment by Amazon
 Obecnie przeprowadzamy przegląd materiałów niebezpiecznych (hazmat) jednego produktu lub większej liczby produktów:
 POTRZEBNE INFORMACJE O BATERIACH
 ASIN
 SKU sprzedawcy
 SKU sieci logistycznej
 Tytuł
 B0H11D2KV8
 WH-DE-0508-HCGDVE-01
 B0H11D2KV8
 15-elementowy elektryczny tor kolejowy z kostek, zestaw pociągu 3D przeciw grawitacji, tor DIY do samodzielnego budowania, zabawka edukacyjna STEM i kreatywny prezent dla dzieci 3–8 lat
 Jaka jest tego przyczyna
 Wymagamy szczegółowych informacji o bateriach, aby poprawnie sklasyfikować ww. produkty; dopóki nie dostarczysz niezbędnych informacji, produkty nie będą dostępne do sprzedaży i nie będziesz mógł wysłać więcej jednostek do centrów logistycznych Amazon.
 Jak możesz kontynuować sprzedaż tych produktów
 Prześlij arkusz zwolnienia z obowiązku dostarczenia karty charakterystyki dotyczący baterii i produktów zasilanych bateriami za pomocą niżej podanych kroków:
- Pobierz arkusz zwolnienia z obowiązku dostarczenia karty charakterystyki dotyczący baterii i produktów zasilanych bateriami. Arkusze zwolnienia są dost",2026-09-02 08:41:38,RETR,xtbBpBtbQWp7zrsZ+QAA3h
法务/侵权类,older,account_4,weihaizhongxin2024@126.com,"Wed, 12 Aug 2026 01:37:41 +0000","""Amazon Seller Central Notifications (Do Not Reply)"" <donotreply@amazon.com>",Dangerous goods (hazmat) status update,,"96
 Dangerous goods (hazmat) status update
 Dangerous goods (hazmat) status update
 Hello from Fulfillment by Amazon,
 We are currently conducting a dangerous goods (hazmat) review of one or more of your products:
 BATTERY INFORMATION NEEDED
 ASIN
 Merchant SKU
 FNSKU
 Title
 B0H11D2KV8
 WH-DE-0508-HCGDVE-01
 B0H11D2KV8
 Circuit de Train à Cubes 15 pièces, Coffret de Train 3D défiant la gravité, Circuit de DIY à Construire, Jouet éducatif STEM et idée Cadeau pour Enfants de 3 à 8 Ans, Jeu de Construction créatif
 Why this is happening
 We require detailed battery information to correctly classify the above products, and until you provide the necessary information, the products will not be available for sale and you will not be able to send more units to Amazon fulfillment centers.
 How to continue selling these products
 Please upload an exemption sheet for battery and battery-powered products using the steps below:
- Download an exemption sheet for battery and battery-powered products. Exemption sheets are available in multiple languages, so you can select the language that works best for you.
- Fill in all cells highlighted in red. Depending on your answers, other cells may turn ",2026-09-02 08:41:37,RETR,xtbBpQhHLWp7zmgZVAAA39
法务/侵权类,older,account_4,weihaizhongxin2024@126.com,"Wed, 12 Aug 2026 01:37:41 +0000",亚马逊卖家平台通知（请勿回复） <donotreply@amazon.com>,危险品状态更新,,"96
 危险品状态更新
 危险品状态更新
 尊敬的亚马逊物流卖家：
您好！
 我们目前正在对您的一件或多件商品进行危险品审查：
 需要电池信息
 ASIN
 卖家 SKU
 FNSKU
 商品名称
 B0H11D2KV8
 WH-DE-0508-HCGDVE-01
 B0H11D2KV8
 15 PCS Eisenbahn Cube Track, 3D Schwerkrafttrotzendes Zug Set, DIY Zugstrecken Spielzeug, STEM Lernspielzeug & Geschenkidee für Kinder 3–8 Jahre, Kreatives Bauen Spielzeug
 为什么会发生这种情况
 我们需要详细的电池信息来对以上商品进行正确分类，除非您提供必要的信息，否则商品将无法销售，您也将无法再向亚马逊运营中心发送更多商品。
 如何继续销售这些商品
 请按照以下步骤上传电池和电池驱动商品豁免表：
- 下载电池和电池驱动商品 豁免表 。豁免表有多种语言版本，因此您可以选择最适合您的语言。
- 填写以红色突出显示的所有单元格。根据您填写的内容，其他单元格可能会变为红色，这些单元格也需要填写。如果单元格变成黑色，您可以将其留空。
- 将该文件保存到您的电脑上。
- 前往 上传页面 ，并在 如何上传安全数据表或豁免表 部分输入商品的 ASIN。
- 选择您想要在其中销售商品的商城（例如 Amazon.com）以及豁免表的语言。
- 点击 浏览 并导航至您保存的文件，然后点击 上传文件 。
 重要须知 ： 模板的 说明 选项卡中提供了有关如何填写电池和电池驱动商品豁免表的完整说明。如果您的商品与多个电池驱动商品（例如，无线键盘和鼠标套装）一同销售，请务必按照 说明 选项卡中的说明在豁免表中列出包含的所有商品。
 在您上传文件后，审核流程通常需要四个工作日才能完成。审核完成后，您将收到结果通知。温馨提醒，请确保商品名称、商品描述和要点充分且完整地描述了审核中的商品，并明确列出与该商品一同销售的所有商品（例如，电视机及其遥控器）。
 有关豁免表的更多信息，请参阅 所需的危险品信息和文件 。
 所有卖家应负责确保发送到亚马逊运营中心的所有商品均符合亚马逊物流政策以及关于危险品的所有法律要求，即使亚马逊物流目前并未对此进行限制。
 实用信息
 有关更多信息，请参阅 危险品识别指南 。
 谢谢！
 亚马逊物流团队
 此电子邮件地址仅用于发送通知，无法接收电子邮件。请勿回复此邮件。
 报告此电子邮件的问题
 如果您有任何问题，请访问: Seller Central
 要更改您的电子邮件首选项，请访问： 通知首选项
 2026 Amazon.com 旗下公司 保留所有权利
 Amazon EU S.à r.l.
38 av",2026-09-02 08:41:38,RETR,xtbBsglHLWp7zmko-wAA3w
法务/侵权类,older,account_4,weihaizhongxin2024@126.com,"Wed, 12 Aug 2026 01:31:40 +0000",Aviseringar från Amazon Seller Central (svara inte) <donotreply@amazon.com>,Statusuppdatering för farligt gods,,"96
 Statusuppdatering för farligt gods
 Statusuppdatering för farligt gods
 Hej från Fraktas från Amazon,
 Vi genomför för närvarande en granskning av farligt gods för en eller flera av dina produkter:
 BATTERIINFORMATION BEHÖVS
 ASIN
 Säljar-SKU
 Leveransnätverks-SKU
 Titel
 B0H11D2KV8
 WH-DE-0508-HCGDVE-01
 B0H11D2KV8
 15 PCS Järnväg Cube Track, 3D Schwerkrafttrotzendes Zug Set, DIY Zugstrecken Leksaker, STEM Lernsleksaker & Gåveideer för barn 3–8 år, Kreatives Bauen Leksaker
 Därför händer detta
 Vi kräver detaljerad batteriinformation för att korrekt klassificera ovanstående produkter, och innan du tillhandahåller den nödvändiga informationen är produkterna inte tillgängliga för försäljning och du kan inte skicka fler enheter till Amazons distributionscentra.
 Gör så här för att fortsätta sälja de här produkterna
 Ladda upp ett Undantag / Exemption sheet för batteri och batteridrivna produkter med hjälp av stegen nedan:
- Ladda ned ett Undantag / Exemption sheet för batteri och batteridrivna produkter. Undantag / Exemption sheets finns på flera språk, så du kan välja det språk som fungerar bäst för dig.
- Fyll i alla celler markerade med rött. Beroende på dina svar kan andra ce",2026-09-02 08:41:37,RETR,xtbBpR-r0Wp7zP8KsQAA3Z
法务/侵权类,older,account_4,weihaizhongxin2024@126.com,"Wed, 12 Aug 2026 01:03:12 +0000","""Notifiche di Amazon Seller Central (non rispondere)"" <donotreply@amazon.com>",Aggiornamento dello stato delle merci pericolose,,"96
 Aggiornamento dello stato delle merci pericolose
 Aggiornamento dello stato delle merci pericolose
 Buongiorno da Logistica di Amazon.
 Al momento stiamo effettuando una revisione delle merci pericolose di uno o più dei suoi prodotti:
 SONO NECESSARIE INFORMAZIONI SULLA BATTERIA
 ASIN
 SKU venditore
 FNSKU
 Titolo
 B0H11D2KV8
 WH-DE-0508-HCGDVE-01
 B0H11D2KV8
 Pista ferroviaria elettrica a cubi da 15 pezzi, set trenino 3D antigravità, gioco fai da te per costruire percorsi, giocattolo educativo STEM e idea regalo creativa per bambini da 3 a 8 anni
 Qual è il problema?
 Richiediamo informazioni dettagliate sulla batteria per classificare correttamente i prodotti di cui sopra. Inoltre, finché non fornisce le informazioni necessarie, i prodotti non saranno disponibili per la vendita e non potrà inviare più unità ai centri logistici Amazon.
 Cosa fare per continuare a vendere questi prodotti
 Carica una scheda di esenzione per le batterie o i prodotti alimentati a batteria seguendo la procedura riportata di seguito:
- Scarica una scheda di esenzione per batterie e prodotti alimentati a batteria. Le schede di esenzione sono disponibili in più lingue, in modo da poter selezionare la ",2026-09-02 08:41:36,RETR,xtbBshM-JWp7xlPYmAAA3-
法务/侵权类,older,account_4,weihaizhongxin2024@126.com,"Wed, 12 Aug 2026 01:03:06 +0000","""Amazon Seller Central-meldingen (niet beantwoorden)"" <donotreply@amazon.com>",Update van status gevaarlijke goederen,,"96
 Update van status gevaarlijke goederen
 Update van status gevaarlijke goederen
 Hallo van het Fulfillment by Amazon-team,
 Momenteel beoordelen we een of meer van jouw producten op eigenschappen van gevaarlijke goederen:
 INFORMATIE OVER DE BATTERIJ NODIG
 ASIN
 Verkoper-SKU
 FNSKU
 Titel
 B0H11D2KV8
 WH-DE-0508-HCGDVE-01
 B0H11D2KV8
 15 PCS Eisenbahn Cube Track, 3D zwaartekrachttrotzendes Zug Set, DIY Zugstrecken speelgoed, STEM leerspeelgoed & geschenkidee voor kinderen 3–8 jaar, creatief bouwspeelgoed
 Waarom dit gebeurt
 We hebben gedetailleerde informatie over batterijen nodig om bovenstaande producten correct te classificeren. Totdat je de benodigde informatie verstrekt, zijn de producten niet beschikbaar voor verkoop en kun je geen eenheden meer naar Amazon Fulfillment Centers versturen.
 Doorgaan met het verkopen van deze producten
 Voer de volgende stappen uit om een vrijstellingsformulier te uploaden voor batterijen en producten die op batterijen werken:
- Download een vrijstellingsformulier voor batterijen en producten die op batterijen werken. Vrijstellingsformulieren zijn beschikbaar in meerdere talen. Kies de meest geschikte taal.
- Vul alle in rood gemarkeerde ce",2026-09-02 08:41:36,RETR,xtbBsw4+JGp7xk6iGAAA3E
法务/侵权类,older,account_4,weihaizhongxin2024@126.com,"Tue, 11 Aug 2026 18:16:53 +0000",Amazon Services <donotreply@amazon.com>,FBA Grade and Resell now available in Canada,,"96
 Recover value from returned inventory by relisting eligible items as Used
 Hello,
FBA Grade and Resell is now available in our Canada store. The program allows you to recover value from unfulfillable customer returned items by relisting them as Used and reduces waste by giving products a second life.
With FBA Grade and Resell, we automatically evaluate eligible returned products and relist them as Used in our Canada store. You have full control over pricing, and there are no program fees.
To enable FBA Grade and Resell:
- Go to Fulfilment by Amazon settings .
- Select Automated unfulfillable settings .
- Find FBA Grade and Resell in your recovery options and select the ASINs you’d like to enrol. To learn more about FBA Grade and Resell and product eligibility, go to FBA Grade and Resell .
 The Fulfilment by Amazon team
 Report an issue with this email
 If you have any questions visit: Seller Central
 To change your email preferences visit: Notification Preferences
 Copyright 2026 Amazon, Inc, or its affiliates. All rights reserved.
 Amazon.com.ca ULC | 40 King Street W 47th Floor, Toronto, Ontario, Canada, M5H 3Y2 |1-877-586-3230
 SPC-USAmazon-439806891811290",2026-09-02 08:41:35,RETR,xtbBpRhZP2p7Zxh8eAAA3x
法务/侵权类,older,account_4,weihaizhongxin2024@126.com,"Tue, 11 Aug 2026 17:07:48 +0000",Amazon Services <donotreply@amazon.com>,"Dien productveiligheidsdocumentatie in om productvermeldingen
 opnieuw te activeren",,"96
 Dien productveiligheidsdocumentatie in om productvermeldingen opnieuw te activeren
 Hallo Weihai EU,
 Sommige van je productvermeldingen zijn gedeactiveerd omdat er verplichte nalevingsvereisten voor je producten ontbreken. Bekijk de gegevens en de stappen hieronder. De betreffende productvermeldingen worden aan het einde van deze e-mail weergegeven.
 Waarom gebeurt dit?
 We hebben deze actie ondernomen omdat voor deze producten verplichte nalevingsinformatie ontbreekt. Raadpleeg onze hulp-pagina Productveiligheid en -conformiteit voor informatie over de toepasselijke wet- en regelgeving en het Amazon-beleid. We hebben gebruikgemaakt van een combinatie van geautomatiseerde middelen en deskundige menselijke beoordeling om dit probleem te identificeren en deze beslissing te nemen.
 De tabel aan het einde van deze e-mail bevat productspecifieke nalevingsvereisten.
 Hoe activeer ik mijn productvermeldingen opnieuw?
 Als je de vereiste nalevingsgegevens wilt verstrekken, ga je naar de pagina Accountstatus en zoek je de aanvragen voor productconformiteit:
-
 Als je over de vereiste documentatie beschikt, volg je de instructies om je nalevingsdocumenten in te dienen. We zullen alleen ",2026-09-02 08:41:35,RETR,xtbBswZILmp7VuYwvAAA3+
法务/侵权类,older,account_4,weihaizhongxin2024@126.com,"Tue, 11 Aug 2026 17:07:42 +0000",Amazon Services <donotreply@amazon.com>,Presenta la documentación sobre seguridad del producto para reactivar los listings,,"96
 Presenta la documentación sobre seguridad del producto para reactivar los listings
 Hola, Weihai EU:
 Algunos de tus listings se han desactivado debido a que tus productos no cumplen los requisitos obligatorios. Revisa a continuación los detalles y siguientes pasos. Los listings afectados aparecen al final de este correo electrónico.
 ¿A qué se debe esto?
 Tomamos esta medida porque a estos productos les falta información de cumplimiento normativo obligatoria. Para más información sobre las leyes, normativas y políticas de Amazon aplicables, consulta Cumplimiento y seguridad de los productos . Hemos usado una combinación de medios automatizados y revisión humana experta para identificar la incidencia y tomar una decisión.
 En la tabla que aparece al final de este correo electrónico se proporcionan los requisitos de cumplimiento normativo específicos del producto.
 ¿Cómo puedo reactivar mis listings?
 Para proporcionar la información de cumplimiento normativo obligatoria, ve a la página Estado de la cuenta y localiza las solicitudes de cumplimiento normativo del producto:
-
 Si dispones de la documentación obligatoria, sigue las instrucciones para presentar los documentos de cum",2026-09-02 08:41:34,RETR,xtbBpQBHLWp7VuAnbQAA3i
法务/侵权类,older,account_4,weihaizhongxin2024@126.com,"Tue, 11 Aug 2026 17:07:04 +0000",Amazon Services <donotreply@amazon.com>,Przesyłanie dokumentacji dotyczącej bezpieczeństwa produktu w celu ponownego aktywowania ofert,,"96
 Przesyłanie dokumentacji dotyczącej bezpieczeństwa produktu w celu ponownego aktywowania ofert
 Dzień dobry Weihai EU,
 niektóre z Twoich ofert zostały zdezaktywowane z powodu niespełnienia obowiązków dotyczących zgodności wystawianych przez Ciebie produktów z wymogami. Poniżej znajdziesz szczegółowe informacje oraz dalsze instrukcje. Oferty produktów, których dotyczy problem, wskazano na końcu niniejszej wiadomości e-mail.
 Dlaczego tak się stało?
 Podjęliśmy to działanie, ponieważ w przypadku tych produktów nie dostarczono obowiązkowych informacji dotyczących zgodności z wymogami. Więcej informacji na temat mających zastosowanie przepisów ustawowych i wykonawczych oraz zasad Amazon znajdziesz na stronie Bezpieczeństwo i zgodność produktu z wymogami . Do identyfikacji problemu i podjęcia decyzji wykorzystaliśmy zautomatyzowane narzędzia, a otrzymane za ich pomocą wyniki poddaliśmy weryfikacji przez eksperta.
 Informacje na temat wymogów dotyczących zgodności dla poszczególnych produktów znajdziesz w tabeli na końcu tej wiadomości e-mail.
 Jak mogę ponownie aktywować oferty?
 Aby dostarczyć niezbędne informacje dotyczące zgodności z wymogami, przejdź do panelu Kondycja konta i ",2026-09-02 08:41:34,RETR,xtbBpBw+JGp7VrwgogAA3b
法务/侵权类,older,account_4,weihaizhongxin2024@126.com,"Tue, 11 Aug 2026 17:06:43 +0000",Amazon Services <donotreply@amazon.com>,Skicka in produktsäkerhetsdokumentation för att återaktivera produktposter,,"96
 Skicka in produktsäkerhetsdokumentation för att återaktivera produktposter
 Hej Weihai EU!
 Vissa av dina produktposter har inaktiverats på grund av att det saknas obligatorisk överensstämmelse för dina produkter. Granska informationen och följande steg nedan. De berörda produktposterna visas i slutet av det här e-postmeddelandet.
 Varför händer det här?
 Vi vidtar den här åtgärden eftersom det saknas obligatorisk information om överensstämmelse för de här produkterna. Läs vår hjälpsida för Produktsäkerhet och -överensstämmelse för information om tillämpliga lagar, förordningar och Amazons policyer. Vi har använt oss av både automatiserade metoder och mänskliga expertgranskare för att identifiera problemet och fatta det här beslutet.
 Tabellen i slutet av detta e-postmeddelande innehåller produktspecifika krav för överensstämmelse.
 Hur återaktiverar jag mina produktposter?
 Om du vill tillhandahålla den begärda överensstämmelseinformationen går du till sidan Kontostatus och letar upp begäranden om produktöverensstämmelse:
-
 Om du har den obligatoriska dokumentationen ska du skicka in dina överensstämmelsedokument enligt instruktionerna. Vi återaktiverar endast produkter som u",2026-09-02 08:41:33,RETR,xtbBsgc4Hmp7VqctUgAA3M
法务/侵权类,older,account_4,weihaizhongxin2024@126.com,"Tue, 11 Aug 2026 16:06:24 +0000",Amazon Services <donotreply@amazon.com>,Soumettre la documentation de sécurité des produits pour réactiver les mises en vente,,"96
 Soumettre la documentation de sécurité des produits pour réactiver les mises en vente
 Bonjour Weihai EU,
 Certaines de vos mises en vente ont été désactivées, car vos produits ne respectaient pas des exigences de conformité obligatoires. Consultez les détails et les étapes suivantes ci-dessous. Les produits mis en vente concernés figurent à la fin de cet e-mail.
 Pourquoi cela se produit-il ?
 Nous prenons cette mesure, car ces produits ne présentent pas les informations de conformité obligatoires. Consultez notre page d’aide Sécurité et conformité des produits pour obtenir des informations sur les lois, réglementations et politiques Amazon applicables. Nous nous sommes appuyés sur une combinaison de moyens automatisés et de contrôles menés par des personnes expérimentées pour identifier ce problème et prendre cette décision.
 Le tableau situé à la fin de cet e-mail présente les exigences de conformité spécifiques aux produits.
 Comment réactiver mes produits mis en vente ?
 Pour fournir les informations de conformité requises, accédez à la page État du compte et localisez les demandes de conformité des produits :
-
 Si vous disposez des documents requis, suivez les instructio",2026-09-02 08:41:32,RETR,xtbBpASskmp7SITUxgAA3R
法务/侵权类,older,account_4,weihaizhongxin2024@126.com,"Tue, 11 Aug 2026 11:40:47 +0000",Amazon Services <donotreply@amazon.com>,Votre paiement est en cours,,"96
This title will display on mobile devices
 Félicitations ! Votre paiement est en cours et arrivera sous peu.
 Tentative de versement
Félicitations, Weihai EU ! Votre paiement est en cours et arrivera sous trois à cinq jours.
Le 08/11/26 11:40 CEST, nous avons effectué un virement d’un montant de €
 269.63 sur le compte lié à votre méthode de paiement (compte bancaire se terminant par 229).
 Si le montant est inférieur au montant auquel vous vous attendiez, voici quelques questions à vous poser :
 Disposez-vous d’un solde de fonds non disponibles ? Amazon peut réserver des fonds afin de couvrir des retours, des réclamations ou des rétrofacturations potentiels des acheteurs. Si tel est le cas, le solde de fin de période de votre rapport sur les paiements affichera le solde des fonds non disponibles réservé.
 Vos ventes couvraient-elles l’ensemble des frais et des retours pour cette période de règlements ? Le montant du paiement reflète votre activité commerciale, les frais de vente et les frais relatifs aux promotions et aux services. Nous vous recommandons de consulter votre rapport sur les paiements sous l’onglet Rapports de Seller Central pour comprendre votre solde de fin de p",2026-09-02 08:41:31,RETR,xtbBswEM8Wp7CkGNmQAA3B
法务/侵权类,older,account_4,weihaizhongxin2024@126.com,"Mon, 10 Aug 2026 19:03:51 +0000",Amazon Services <donotreply@amazon.com>,El programa de donaciones de Logística de Amazon ya está disponible para todos los vendedores de Logística de Amazon en España.,,"96
 Dona el inventario apto en lugar de ponerlo a disposición de Amazon (no requiere el Servicio de cálculo del IVA).
 Hola:
 El programa de donaciones de Logística de Amazon en España ya está disponible para todos los vendedores de Logística de Amazon, tanto si utilizas el Servicio de cálculo del IVA como si no.
 Puedes tener un impacto positivo a la vez que gestionas el inventario de forma eficiente. En lugar de poner los productos a disposición de Amazon, ahora puedes donar el inventario apto a organizaciones benéficas a través del programa de donaciones de Logística de Amazon.
 Si te has registrado en el programa de donaciones de Logística de Amazon , enviaremos automáticamente el inventario apto a organizaciones benéficas en tu nombre cada vez que crees una solicitud de puesta de inventario a disposición de Amazon. Esto ayuda a reducir los residuos y cumple las normativas de economía circular de la UE (como el Reglamento sobre diseño ecológico de productos sostenibles). Puedes darte de alta o baja del programa en la página ""Configuración de Logística de Amazon"".
 En España, las donaciones de productos a organizaciones sin ánimo de lucro que cumplan los requisitos pueden acoger",2026-09-02 08:41:29,RETR,xtbBpBlnTWp6IJmLJgAA3T
法务/侵权类,older,account_4,weihaizhongxin2024@126.com,"Mon, 10 Aug 2026 11:57:27 +0000",Amazon Services <donotreply@amazon.com>,"Presenta documentos de cumplimiento normativo del producto para
 evitar que se retiren los listings",,"96
 Presenta documentos de cumplimiento normativo del producto para evitar que se retiren los listings
 Hola, Weihai EU:
 Tus listings están en riesgo de retirada porque faltan fichas de datos de seguridad (FDS). Presenta la documentación necesaria a más tardar el 2026-11-08 para seguir vendiendo estos productos. Encontrarás ejemplos de los listings en riesgo al final de este correo electrónico.
 ¿A qué se debe esto?
 Hemos tomado esta medida porque hemos identificado que hay productos peligrosos en tu catálogo que requieren fichas de datos de seguridad (FDS). Estos documentos son obligatorios por ley y proporcionan información importante sobre la seguridad de los productos químicos, como los procedimientos adecuados de manipulación, almacenamiento y emergencia. Así podemos garantizar la seguridad de nuestros clientes, empleados y cualquier persona que se encargue de estos productos.
 Hemos usado una combinación de medios automatizados y revisión humana experta para identificar la incidencia y tomar esta decisión.
 Para más información, consulta Requisitos y preguntas frecuentes para la venta de productos químicos .
 ¿Cómo puedo seguir vendiendo los productos afectados?
 Para evita",2026-09-02 08:41:28,RETR,xtbBpAlSOGp5vKnwWQAA3o
法务/侵权类,older,account_4,weihaizhongxin2024@126.com,"Mon, 10 Aug 2026 11:56:09 +0000",Amazon Services <donotreply@amazon.com>,"Documenten over productconformiteit indienen om verwijdering van
 productvermeldingen te voorkomen",,"96
 Documenten over productconformiteit indienen om verwijdering van productvermeldingen te voorkomen
 Hallo Weihai EU,
 Je productvermeldingen lopen het risico te worden verwijderd vanwege ontbrekende veiligheidsinformatiebladen. Dien de vereiste documentatie uiterlijk 2026-11-08 in om door te gaan met het verkopen van deze producten. Onderaan deze e-mail vind je voorbeelden van je productvermeldingen met een verhoogd risico.
 Waarom gebeurt dit?
 We ondernemen deze actie omdat we gevaarlijke producten in je catalogus hebben geïdentificeerd waarvoor veiligheidsinformatiebladen (SDS) nodig zijn. Deze documenten zijn wettelijk vereist en bieden kritieke veiligheidsinformatie over chemische producten, inclusief correcte verwerking, opslag en noodprocedures. Dit helpt de veiligheid te waarborgen van onze klanten, medewerkers en iedereen die met deze producten omgaat.
 We hebben gebruikgemaakt van een combinatie van geautomatiseerde middelen en deskundige menselijke beoordeling om dit probleem te identificeren en deze beslissing te nemen.
 Ga voor meer informatie naar onze Vereisten en veelgestelde vragen voor de verkoop van chemische stoffen .
 Hoe kan ik de getroffen producten blijve",2026-09-02 08:41:27,RETR,xtbBshw-JWp5vFzxLwAA3Z
法务/侵权类,older,account_4,weihaizhongxin2024@126.com,"Mon, 10 Aug 2026 11:52:18 +0000",Amazon Services <donotreply@amazon.com>,"Prześlij dokumenty zgodności dotyczące produktu, aby zapobiec usunięciu oferty",,"96
 Prześlij dokumenty zgodności dotyczące produktu, aby zapobiec usunięciu oferty
 Dzień dobry Weihai EU,
 Twoje oferty mogą zostać usunięte z powodu braku kart charakterystyki. Aby móc dalej sprzedawać te produkty, prześlij wymaganą dokumentację do 2026-11-08. Przykłady zagrożonych ofert znajdziesz na dole tej wiadomości e-mail.
 Dlaczego tak się stało?
 Podejmujemy te działania, ponieważ stwierdziliśmy, że w Twoim katalogu znajdują się produkty niebezpieczne, dla których wymagane są karty charakterystyki. Dokumenty te są wymagane przepisami prawa i zawierają istotne informacje związane z bezpieczeństwem produktów chemicznych, w tym dotyczące prawidłowego obchodzenia się z nimi, przechowywania ich oraz postępowania w nagłych wypadkach. Pomaga to zapewnić bezpieczeństwo naszym klientom, pracownikom i każdej osobie mającej styczność z tymi produktami.
 Do identyfikacji problemu i podjęcia decyzji wykorzystaliśmy zautomatyzowane narzędzia, a otrzymane za ich pomocą wyniki poddaliśmy weryfikacji przez eksperta.
 Więcej informacji znajdziesz na stronie Wymagania i często zadawane pytania dotyczące sprzedaży chemikaliów .
 Co mogę zrobić, aby dalej sprzedawać produkty, których dotyczy ",2026-09-02 08:41:27,RETR,xtbBpBQF6mp5u3TmgAAA3l
法务/侵权类,older,account_4,weihaizhongxin2024@126.com,"Mon, 10 Aug 2026 11:51:22 +0000",Amazon Services <donotreply@amazon.com>,Skicka in dokument om produktöverensstämmelse för att undvika att produktposter tas bort,,"96
 Skicka in dokument om produktöverensstämmelse för att undvika att produktposter tas bort
 Hej Weihai EU!
 Dina annonser riskerar att tas bort på grund av att säkerhetsdatablad saknas. Skicka in den dokumentation som krävs senast 2026-11-08 för att fortsätta sälja dessa produkter. Vid slutet av det här e-postmeddelandet kan du se exempel på dina produktposter i riskzonen.
 Varför händer det här?
 Vi vidtar denna åtgärd eftersom vi identifierade farliga produkter som kräver säkerhetsdatablad (SDS) i din katalog. Dessa dokument är obligatoriska enligt lag och tillhandahåller viktig säkerhetsinformation om kemiska produkter, inklusive korrekt hantering, lagring och nödrutiner. Detta bidrar till att säkerställa säkerheten för våra kunder, anställda och alla som hanterar dessa produkter.
 Vi har använt oss av både automatiserade metoder och mänskliga expertgranskare för att identifiera problemet och fatta det här beslutet.
 Du hittar mer information i Krav och Vanliga frågor för försäljning av kemikalier .
 Hur fortsätter jag att sälja de berörda produkterna?
 För att fortsätta sälja dessa produkter och undvika att produktposterna tas bort ska du ladda upp säkerhetsdatablad för var o",2026-09-02 08:41:26,RETR,xtbBsxz23Gp5uzzoVAAA3t
法务/侵权类,older,account_4,weihaizhongxin2024@126.com,"Mon, 10 Aug 2026 11:50:10 +0000",Amazon Services <donotreply@amazon.com>,Invia la documentazione di conformità dei prodotti per evitare la rimozione delle offerte,,"96
 Invia la documentazione di conformità dei prodotti per evitare la rimozione delle offerte
 Gentile Weihai EU,
 Le tue offerte sono a rischio di rimozione a causa della mancanza delle schede di dati di sicurezza. Invia la documentazione richiesta entro il 2026-11-08 per continuare a vendere questi prodotti. In fondo a questa e-mail, puoi trovare alcuni esempi di offerte a rischio.
 Ciò a cosa è dovuto?
 Stiamo intraprendendo questa azione perché abbiamo identificato nel tuo catalogo dei prodotti pericolosi che richiedono schede di dati di sicurezza (SDS). Questi documenti sono obbligatori per legge e forniscono informazioni essenziali sulla sicurezza dei prodotti chimici, incluse indicazioni per la manipolazione, lo stoccaggio e le procedure di emergenza appropriate. Ciò contribuisce a garantire la sicurezza dei nostri clienti, dipendenti e di chiunque manipoli questi prodotti.
 Questa decisione è stata presa sulla base dei risultati di un'analisi effettuata in parte tramite revisione umana e in parte per mezzo di sistemi automatizzati.
 Per maggiori informazioni, consulta la pagina Requisiti e domande frequenti per la vendita di sostanze chimiche .
 Come faccio a continuare a v",2026-09-02 08:41:26,RETR,xtbBpBTkymp5uvTiVQAA30
法务/侵权类,older,account_4,weihaizhongxin2024@126.com,"Mon, 10 Aug 2026 11:46:34 +0000",Amazon Services <donotreply@amazon.com>,Soumettez les documents de conformité des produits pour éviter le retrait de la mise en vente,,"96
 Soumettez les documents de conformité des produits pour éviter le retrait de la mise en vente
 Bonjour Weihai EU,
 Vos mises en vente risquent d’être supprimées en raison de l’absence de fiches de sécurité. Soumettez les documents requis avant le 2026-11-08 pour continuer à vendre ces produits. Vous trouverez des exemples de vos mises en vente à risque en bas de cet e-mail.
 Pourquoi cela se produit-il ?
 Nous prenons cette mesure car nous avons identifié des produits dangereux dans votre catalogue qui nécessitent des fiches de sécurité. Ces documents sont requis par la loi et fournissent des informations essentielles de sécurité sur les produits chimiques, y compris les procédures de manipulation, de stockage et d’urgence appropriées. Cela permet d’assurer la sécurité de nos clients, de nos employés et de toute personne manipulant ces produits.
 Nous avons utilisé une combinaison de moyens automatisés et de contrôles par des experts humains pour identifier ce problème et prendre cette décision.
 Pour en savoir plus, consultez nos Exigences et FAQ pour la mise en vente de produits chimiques .
 Comment continuer à vendre les produits concernés ?
 Pour éviter le retrait d’une mis",2026-09-02 08:41:26,RETR,xtbBpR2ulGp5uh3fRgAA3v
法务/侵权类,older,account_4,weihaizhongxin2024@126.com,"Sun, 9 Aug 2026 14:58:41 +0000",Amazon Seller Central <donotreply@amazon.com>,Your Amazon.ca Fulfillment by Amazon Merchant Invoice for 7/2026,,"Your Amazon.ca Fulfillment by Amazon Merchant Invoice for 7/2026
 96
Hello,
We are writing to inform you that your electronic Fulfillment by Amazon Merchant Invoice for the month of 7/2026 is now available in your Seller Central Account.
To access your invoice, go to your Tax Document Library . In your Tax Document Library, you will be able to view, download or print your invoice.
The Amazon Services Team
 Monsieur/Madame Shen zhen shi wei hai zhong xin ke ji you xian,
Nous vous écrivons pour vous informer que votre Facture Expédié Par Amazon pour le mois de 7/2026 est maintenant disponible dans votre compte Seller Central.
Pour accéder à votre facture, rendez-vous sur votre compte Seller Central et veuillez accéder à la page Rapports > Bibliothèque d'informations fiscales > Factures des frais du vendeur.
Dans votre compte Seller Central, vous pourrez afficher, télécharger ou imprimer votre facture.
Pour toute question, contactez le Support Vendeur.
Cordialement,
Amazon.ca
 Report an issue with this email
 If you have any questions visit: Seller Central
 To change your email preferences visit: Notification Preferences
 We hope you found this message to be useful. However, if you'd ",2026-09-02 08:41:25,RETR,xtbBpAVHLWp4laUsvAAA35
法务/侵权类,older,account_4,weihaizhongxin2024@126.com,"Fri, 7 Aug 2026 06:04:52 +0000",Amazon Seller Central <donotreply@amazon.com>,Your Amazon.de Rechnungskorrektur Verkäufer for 7/2026,,"Your Amazon.de Rechnungskorrektur Verkäufer for 7/2026
 96
Guten Tag Shenzhen shi weihaizhongxin ke ji you xian gong si!
Wir möchten Sie darüber informieren, dass Ihr elektronisches Dokument Rechnungskorrektur Verkäufer für 7.2026 ab sofort in Ihrem Seller Central-Konto verfügbar ist.
Navigieren Sie in Ihrem Seller Central-Konto zu Berichte > Steuerdokumente > Rechnungen über Verkaufsgebühren, um auf Ihr Dokument (Rechnungskorrektur) zuzugreifen.
In Ihrem Seller Central-Konto können Sie Ihr Dokument (Rechnungskorrektur) anzeigen, herunterladen oder ausdrucken.
Wenden Sie sich bei weiteren Fragen bitte an die Verkäuferhilfe.
Freundliche Grüße,
Amazon.de
 Ein Problem mit dieser E-Mail melden
 Bei Fragen besuchen Sie: Seller Central
 Zum Ändern Ihrer E-Mail-Einstellungen, gehen Sie zu: Benachrichtigungseinstellungen
 Wir hoffen, diese Nachricht ist hilfreich für Sie. Falls Sie allerdings in Zukunft keine E-Mails dieser Art von Amazon.de erhalten möchten, melden Sie sich bitte ab.
 Copyright 2026 Amazon Inc. oder Tochtergesellschaften. Alle Rechte vorbehalten.
 Amazon EU S.à r.l.
38 avenue John F. Kennedy,
L-1855 Luxemburg,
Handelsregisternummer Luxemburg: B-101818,
 Gesellschaftskapit",2026-09-02 08:41:19,RETR,xtbBswZ2XGp1dYZlwwAA3V
法务/侵权类,older,account_4,weihaizhongxin2024@126.com,"Fri, 7 Aug 2026 05:28:31 +0000",Amazon Seller Central <donotreply@amazon.com>,Your Amazon.co.uk Merchant Credit Note for 7/2026,,"Your Amazon.co.uk Merchant Credit Note for 7/2026
 96
Hello,
We are writing to inform you that your electronic Merchant Credit Note for the month of 7/2026 is now available in your Seller Central Account.
To access your invoice, go to your Tax Document Library . In your Tax Document Library, you will be able to view, download or print your invoice.
The Amazon Services Team
 Report an issue with this email
 If you have any questions visit: Seller Central
 To change your email preferences visit: Notification Preferences
 We hope you found this message to be useful. However, if you'd rather not receive future e-mails of this sort from Amazon.com, please opt-out here.
 Copyright 2026 Amazon, Inc, or its affiliates. All rights reserved.
 Amazon.com, 410 Terry Avenue North, Seattle, WA 98109-5210
 SPC-EUAmazon-2058287448221880",2026-09-02 08:41:18,RETR,xtbBpAFTOWp1bQFPmQAA3q
法务/侵权类,older,account_4,weihaizhongxin2024@126.com,"Fri, 7 Aug 2026 05:05:23 +0000",Amazon Seller Central <donotreply@amazon.com>,Your Amazon.es Nota de Crédito Vendedor for 7/2026,,"Your Amazon.es Nota de Crédito Vendedor for 7/2026
 96
Hola, Shenzhen shi weihaizhongxin ke ji you xian gong si:
Te escribimos para comunicarte que tu Nota de Crédito Vendedor del mes de 7/2026 ya está disponible en tu cuenta de Seller Central.
Para acceder a la nota de crédito, ve a Seller Central > Informes > Biblioteca de documentos fiscales > Facturas de tarifas aplicables al vendedor.
Allí podrás ver, descargar o imprimir tu nota de crédito.
Para consultas, contacta con atención al vendedor.
Atentamente,
Amazon.es
 Informar de un problema con este correo electrónico
 Si tienes alguna pregunta, visita: Seller Central
 Para cambiar sus preferencias de correo electrónico visitan: Preferencias de Notificación
 Esperamos que este mensaje te haya parecido útil. Sin embargo, si prefieres no recibir correos electrónicos de Amazon.es de este tipo en el futuro, haz clic aquí.
 Copyright 2026 Amazon.com.mx, Inc. o sus afiliados. Todos los derechos reservados.
 Amazon EU S.à r.l.
38 avenue John F. Kennedy,
L-1855 Luxemburgo,
Número de Registro en Luxemburgo: No. B-101818,
Capital Social 165.833 EUR,
Número de licencia de actividad: 134248,
Nº de Registro IVA en Luxemburgo: LU 20260743.
 S",2026-09-02 08:41:17,RETR,xtbBpRb23Gp1Z5YekQAA34
法务/侵权类,older,account_4,weihaizhongxin2024@126.com,"Fri, 7 Aug 2026 04:33:49 +0000",Amazon Seller Central <donotreply@amazon.com>,Your Amazon.es Factura Logística de Amazon for 7/2026,,"Your Amazon.es Factura Logística de Amazon for 7/2026
 96
Hola, Shenzhen shi weihaizhongxin ke ji you xian gong si:
Te escribimos para comunicarte que tu Factura Logística de Amazon del mes de 7/2026 ya está disponible en tu cuenta de Seller Central.
Para acceder a la nota de crédito, ve a Seller Central > Informes > Biblioteca de documentos fiscales > Facturas de tarifas aplicables al vendedor.
Allí podrás ver, descargar o imprimir tu nota de crédito.
Para consultas, contacta con atención al vendedor.
Atentamente,
Amazon.es
 Informar de un problema con este correo electrónico
 Si tienes alguna pregunta, visita: Seller Central
 Para cambiar sus preferencias de correo electrónico visitan: Preferencias de Notificación
 Esperamos que este mensaje te haya parecido útil. Sin embargo, si prefieres no recibir correos electrónicos de Amazon.es de este tipo en el futuro, haz clic aquí.
 Copyright 2026 Amazon.com.mx, Inc. o sus afiliados. Todos los derechos reservados.
 Amazon EU S.à r.l.
38 avenue John F. Kennedy,
L-1855 Luxemburgo,
Número de Registro en Luxemburgo: No. B-101818,
Capital Social 165.833 EUR,
Número de licencia de actividad: 134248,
Nº de Registro IVA en Luxemburgo: LU 202607",2026-09-02 08:41:16,RETR,xtbBsxAcAmp1YDC8ngAA3Q
法务/侵权类,older,account_4,weihaizhongxin2024@126.com,"Fri, 7 Aug 2026 04:22:03 +0000",Amazon Seller Central <donotreply@amazon.com>,Your Amazon.se Kreditnota Säljare for 7/2026,,"Your Amazon.se Kreditnota Säljare for 7/2026
 96
Hej Shenzhen shi weihaizhongxin ke ji you xian gong si!
Vi skriver för att informera dig om att din elektroniska Kreditnota Säljare för månaden 7/2026 nu finns tillgänglig på ditt Seller Central-konto.
För att komma åt ditt kreditnotagår du till ditt Seller Central-konto > Rapporter > Bibliotek för skattedokument > Skattefakturor för säljaravgifter.
På ditt Seller Central-konto kan du se, ladda ner eller skriva ut ditt kreditnota.
Om du har några frågor, kontakta säljarsupport.
Vänliga hälsningar,
Amazon.se
 Rapportera ett problem med detta e-post
 Om du har några frågor besök: Seller Central
 För att ändra dina e-postinställningar, besök: Inställningar för meddelanden
 Vi hoppas att du tyckte att det här meddelandet var användbart. Om du föredrar att inte få framtida e-postmeddelanden av detta slag från Amazon.com, välj bort det här.
 Upphovsrätt 2026 Amazon, Inc, eller dess dotterbolag. Alla rättigheter förbehållna.
 Amazon EU S.à r.l.
38 avenue John F. Kennedy
L-1855 Luxemburg
Registrerat i Luxemburg No. B-101818
Aktiekapital 165 833 EUR
Företagets registreringsnummer: 134248
Momsregistrering för Luxemburg LU 20260743.
 SPC-EUAmaz",2026-09-02 08:41:16,RETR,xtbBsw1qUGp1XW2nXgAA3S
法务/侵权类,older,account_4,weihaizhongxin2024@126.com,"Fri, 7 Aug 2026 04:12:06 +0000",Amazon Seller Central <donotreply@amazon.com>,Your Amazon.co.uk Merchant Credit Note for 7/2026,,"Your Amazon.co.uk Merchant Credit Note for 7/2026
 96
Hello,
We are writing to inform you that your electronic Merchant Credit Note for the month of 7/2026 is now available in your Seller Central Account.
To access your invoice, go to your Tax Document Library . In your Tax Document Library, you will be able to view, download or print your invoice.
The Amazon Services Team
 Report an issue with this email
 If you have any questions visit: Seller Central
 To change your email preferences visit: Notification Preferences
 We hope you found this message to be useful. However, if you'd rather not receive future e-mails of this sort from Amazon.com, please opt-out here.
 Copyright 2026 Amazon, Inc, or its affiliates. All rights reserved.
 Amazon.com, 410 Terry Avenue North, Seattle, WA 98109-5210
 SPC-EUAmazon-598136007549850",2026-09-02 08:41:16,RETR,xtbBshrUump1WxrXHAAA3T
法务/侵权类,older,account_4,weihaizhongxin2024@126.com,"Fri, 7 Aug 2026 03:37:06 +0000",Amazon Seller Central <donotreply@amazon.com>,Your Amazon.co.uk Merchant Credit Note for 7/2026,,"Your Amazon.co.uk Merchant Credit Note for 7/2026
 96
Hello,
We are writing to inform you that your electronic Merchant Credit Note for the month of 7/2026 is now available in your Seller Central Account.
To access your invoice, go to your Tax Document Library . In your Tax Document Library, you will be able to view, download or print your invoice.
The Amazon Services Team
 Report an issue with this email
 If you have any questions visit: Seller Central
 To change your email preferences visit: Notification Preferences
 We hope you found this message to be useful. However, if you'd rather not receive future e-mails of this sort from Amazon.com, please opt-out here.
 Copyright 2026 Amazon, Inc, or its affiliates. All rights reserved.
 Amazon.com, 410 Terry Avenue North, Seattle, WA 98109-5210
 SPC-EUAmazon-1970326516008518",2026-09-02 08:41:15,RETR,xtbBsgTFq2p1UuSCTQAA3+
法务/侵权类,older,account_4,weihaizhongxin2024@126.com,"Fri, 7 Aug 2026 03:21:09 +0000",Amazon Seller Central <donotreply@amazon.com>,Your Amazon.se Kreditnota Fraktas Av Amazon for 7/2026,,"Your Amazon.se Kreditnota Fraktas Av Amazon for 7/2026
 96
Hej Shenzhen shi weihaizhongxin ke ji you xian gong si!
Vi skriver för att informera dig om att din elektroniska Kreditnota Fraktas Av Amazon för månaden 7/2026 nu finns tillgänglig på ditt Seller Central-konto.
För att komma åt ditt kreditnotagår du till ditt Seller Central-konto > Rapporter > Bibliotek för skattedokument > Skattefakturor för säljaravgifter.
På ditt Seller Central-konto kan du se, ladda ner eller skriva ut ditt kreditnota.
Om du har några frågor, kontakta säljarsupport.
Vänliga hälsningar,
Amazon.se
 Rapportera ett problem med detta e-post
 Om du har några frågor besök: Seller Central
 För att ändra dina e-postinställningar, besök: Inställningar för meddelanden
 Vi hoppas att du tyckte att det här meddelandet var användbart. Om du föredrar att inte få framtida e-postmeddelanden av detta slag från Amazon.com, välj bort det här.
 Upphovsrätt 2026 Amazon, Inc, eller dess dotterbolag. Alla rättigheter förbehållna.
 Amazon EU S.à r.l.
38 avenue John F. Kennedy
L-1855 Luxemburg
Registrerat i Luxemburg No. B-101818
Aktiekapital 165 833 EUR
Företagets registreringsnummer: 134248
Momsregistrering för Luxemburg LU 2",2026-09-02 08:41:14,RETR,xtbBpAnVu2p1TylIHQAA3v
法务/侵权类,older,account_4,weihaizhongxin2024@126.com,"Fri, 7 Aug 2026 03:13:42 +0000",Amazon Seller Central <donotreply@amazon.com>,Your Amazon.nl Creditnota Verkoper for 7/2026,,"Your Amazon.nl Creditnota Verkoper for 7/2026
 96
Beste Shenzhen shi weihaizhongxin ke ji you xian gong si,
We sturen je dit bericht om je te laten weten dat je elektronische Creditnota Verkoper voor de maand 7 2026 nu beschikbaar is in je Seller Central-account.
Als je toegang wilt krijgen tot je creditnota, ga je naar je Seller Central-account > Overzichten > Bibliotheek met belastingdocumenten > Belastingfacturen voor kosten verkoper.
In je Seller Central-account kun je je creditnota bekijken, downloaden of afdrukken.
Als je nog vragen hebt, kun je contact opnemen met de Ondersteuning voor verkopers.
Met vriendelijke groeten,
Amazon.nl
 Rapporteer een probleem met deze e-mail
 Als je vragen hebt, ga je naar: Seller Central
 Om je e-mailvoorkeuren te wijzigen, ga je naar: Voorkeuren voor meldingen
 We hopen dat je iets aan dit bericht hebt gehad. Als je in de toekomst echter liever niet meer van dit soort e-mails van Amazon.com wilt ontvangen, kun je je afmelden hier.
 Auteursrecht (copyright) 2026 Amazon, Inc. of haar dochterondernemingen. Alle rechten voorbehouden.
 Amazon Services Europe S.à r.l.
38 avenue John F. Kennedy
L-1855 Luxemburg
Geregistreerd in Luxemburg
RCS Luxembu",2026-09-02 08:41:14,RETR,xtbBpQhlS2p1TWgxMgAA36
法务/侵权类,older,account_4,weihaizhongxin2024@126.com,"Fri, 7 Aug 2026 02:53:15 +0000",Amazon Seller Central <donotreply@amazon.com>,Your Amazon.com.be Creditnota Verkoper for 7/2026,,"Your Amazon.com.be Creditnota Verkoper for 7/2026
 96
Beste Shenzhen shi weihaizhongxin ke ji you xian gong si,
We sturen je dit bericht om je te laten weten dat je elektronische Creditnota Verkoper voor de maand 7 2026 nu beschikbaar is in je Seller Central-account.
Als je toegang wilt krijgen tot je creditnota, ga je naar je Seller Central-account > Overzichten > Bibliotheek met belastingdocumenten > Belastingfacturen voor kosten verkoper.
In je Seller Central-account kun je je creditnota bekijken, downloaden of afdrukken.
Als je nog vragen hebt, kun je contact opnemen met de Ondersteuning voor verkopers.
Met vriendelijke groeten,
Amazon.com.be
 Monsieur/Madame Shenzhen shi weihaizhongxin ke ji you xian gong si,
Nous vous écrivons pour vous informer que votre Avoir Vendeur pour le mois de 7/2026 est maintenant disponible dans votre compte Seller Central.
Pour accéder à votre avoir, rendez-vous sur votre compte Seller Central et veuillez accéder à la page Rapports > Bibliothèque d'informations fiscales > Factures des frais du vendeur.
Dans votre compte Seller Central, vous pourrez afficher, télécharger ou imprimer votre avoir.
Pour toute question, contactez le Support Vendeur.
Cor",2026-09-02 08:41:14,RETR,xtbBshwxF2p1SJwN3gAA3Q
法务/侵权类,older,account_4,weihaizhongxin2024@126.com,"Fri, 7 Aug 2026 02:32:43 +0000",Amazon Seller Central <donotreply@amazon.com>,Your Amazon.es Nota de Crédito Vendedor for 7/2026,,"Your Amazon.es Nota de Crédito Vendedor for 7/2026
 96
Hola, Shenzhen shi weihaizhongxin ke ji you xian gong si:
Te escribimos para comunicarte que tu Nota de Crédito Vendedor del mes de 7/2026 ya está disponible en tu cuenta de Seller Central.
Para acceder a la nota de crédito, ve a Seller Central > Informes > Biblioteca de documentos fiscales > Facturas de tarifas aplicables al vendedor.
Allí podrás ver, descargar o imprimir tu nota de crédito.
Para consultas, contacta con atención al vendedor.
Atentamente,
Amazon.es
 Informar de un problema con este correo electrónico
 Si tienes alguna pregunta, visita: Seller Central
 Para cambiar sus preferencias de correo electrónico visitan: Preferencias de Notificación
 Esperamos que este mensaje te haya parecido útil. Sin embargo, si prefieres no recibir correos electrónicos de Amazon.es de este tipo en el futuro, haz clic aquí.
 Copyright 2026 Amazon.com.mx, Inc. o sus afiliados. Todos los derechos reservados.
 Amazon EU S.à r.l.
38 avenue John F. Kennedy,
L-1855 Luxemburgo,
Número de Registro en Luxemburgo: No. B-101818,
Capital Social 165.833 EUR,
Número de licencia de actividad: 134248,
Nº de Registro IVA en Luxemburgo: LU 20260743.
 S",2026-09-02 08:41:13,RETR,xtbBsg774Wp1Q87XwQAA3i
法务/侵权类,older,account_4,weihaizhongxin2024@126.com,"Fri, 7 Aug 2026 02:10:53 +0000",Amazon Seller Central <donotreply@amazon.com>,Your Amazon.de Rechnung Versand durch Amazon for 7/2026,,"Your Amazon.de Rechnung Versand durch Amazon for 7/2026
 96
Guten Tag Shenzhen shi weihaizhongxin ke ji you xian gong si!
Wir möchten Sie darüber informieren, dass Ihr elektronisches Dokument Rechnung Versand durch Amazon für 7.2026 ab sofort in Ihrem Seller Central-Konto verfügbar ist.
Navigieren Sie in Ihrem Seller Central-Konto zu Berichte > Steuerdokumente > Rechnungen über Verkaufsgebühren, um auf Ihr Dokument (Rechnung) zuzugreifen.
In Ihrem Seller Central-Konto können Sie Ihr Dokument (Rechnung) anzeigen, herunterladen oder ausdrucken.
Wenden Sie sich bei weiteren Fragen bitte an die Verkäuferhilfe.
Freundliche Grüße,
Amazon.de
 Ein Problem mit dieser E-Mail melden
 Bei Fragen besuchen Sie: Seller Central
 Zum Ändern Ihrer E-Mail-Einstellungen, gehen Sie zu: Benachrichtigungseinstellungen
 Wir hoffen, diese Nachricht ist hilfreich für Sie. Falls Sie allerdings in Zukunft keine E-Mails dieser Art von Amazon.de erhalten möchten, melden Sie sich bitte ab.
 Copyright 2026 Amazon Inc. oder Tochtergesellschaften. Alle Rechte vorbehalten.
 Amazon EU S.à r.l.
38 avenue John F. Kennedy,
L-1855 Luxemburg,
Handelsregisternummer Luxemburg: B-101818,
 Gesellschaftskapital: 165.833 EUR,
G",2026-09-02 08:41:13,RETR,xtbBpBGzmWp1PrGGZwAA3u
法务/侵权类,older,account_4,weihaizhongxin2024@126.com,"Fri, 7 Aug 2026 01:58:13 +0000",Amazon Seller Central <donotreply@amazon.com>,Your Amazon.es Factura Logística de Amazon for 7/2026,,"Your Amazon.es Factura Logística de Amazon for 7/2026
 96
Hola, Shenzhen shi weihaizhongxin ke ji you xian gong si:
Te escribimos para comunicarte que tu Factura Logística de Amazon del mes de 7/2026 ya está disponible en tu cuenta de Seller Central.
Para acceder a la factura, ve a Seller Central > Informes > Biblioteca de documentos fiscales > Facturas de tarifas aplicables al vendedor.
Allí podrás ver, descargar o imprimir tu factura.
Para consultas, contacta con atención al vendedor.
Atentamente,
Amazon.es
 Informar de un problema con este correo electrónico
 Si tienes alguna pregunta, visita: Seller Central
 Para cambiar sus preferencias de correo electrónico visitan: Preferencias de Notificación
 Esperamos que este mensaje te haya parecido útil. Sin embargo, si prefieres no recibir correos electrónicos de Amazon.es de este tipo en el futuro, haz clic aquí.
 Copyright 2026 Amazon.com.mx, Inc. o sus afiliados. Todos los derechos reservados.
 Amazon EU S.à r.l.
38 avenue John F. Kennedy,
L-1855 Luxemburgo,
Número de Registro en Luxemburgo: No. B-101818,
Capital Social 165.833 EUR,
Número de licencia de actividad: 134248,
Nº de Registro IVA en Luxemburgo: LU 20260743.
 SPC-EUAmazo",2026-09-02 08:41:13,RETR,xtbBpRn02mp1O7ldcQAA3j
法务/侵权类,older,account_4,weihaizhongxin2024@126.com,"Fri, 7 Aug 2026 01:55:47 +0000",Amazon Seller Central <donotreply@amazon.com>,Your Amazon.es Factura Logística de Amazon for 7/2026,,"Your Amazon.es Factura Logística de Amazon for 7/2026
 96
Hola, Shenzhen shi weihaizhongxin ke ji you xian gong si:
Te escribimos para comunicarte que tu Factura Logística de Amazon del mes de 7/2026 ya está disponible en tu cuenta de Seller Central.
Para acceder a la factura, ve a Seller Central > Informes > Biblioteca de documentos fiscales > Facturas de tarifas aplicables al vendedor.
Allí podrás ver, descargar o imprimir tu factura.
Para consultas, contacta con atención al vendedor.
Atentamente,
Amazon.es
 Informar de un problema con este correo electrónico
 Si tienes alguna pregunta, visita: Seller Central
 Para cambiar sus preferencias de correo electrónico visitan: Preferencias de Notificación
 Esperamos que este mensaje te haya parecido útil. Sin embargo, si prefieres no recibir correos electrónicos de Amazon.es de este tipo en el futuro, haz clic aquí.
 Copyright 2026 Amazon.com.mx, Inc. o sus afiliados. Todos los derechos reservados.
 Amazon EU S.à r.l.
38 avenue John F. Kennedy,
L-1855 Luxemburgo,
Número de Registro en Luxemburgo: No. B-101818,
Capital Social 165.833 EUR,
Número de licencia de actividad: 134248,
Nº de Registro IVA en Luxemburgo: LU 20260743.
 SPC-EUAmazo",2026-09-02 08:41:13,RETR,xtbBpQbPtWp1OyZXxwAA3L
法务/侵权类,older,account_4,weihaizhongxin2024@126.com,"Fri, 7 Aug 2026 01:53:41 +0000",Amazon Seller Central <donotreply@amazon.com>,Your Amazon.de Rechnung Versand durch Amazon for 7/2026,,"Your Amazon.de Rechnung Versand durch Amazon for 7/2026
 96
Guten Tag Shenzhen shi weihaizhongxin ke ji you xian gong si!
Wir möchten Sie darüber informieren, dass Ihr elektronisches Dokument Rechnung Versand durch Amazon für 7.2026 ab sofort in Ihrem Seller Central-Konto verfügbar ist.
Navigieren Sie in Ihrem Seller Central-Konto zu Berichte > Steuerdokumente > Rechnungen über Verkaufsgebühren, um auf Ihr Dokument (Rechnung) zuzugreifen.
In Ihrem Seller Central-Konto können Sie Ihr Dokument (Rechnung) anzeigen, herunterladen oder ausdrucken.
Wenden Sie sich bei weiteren Fragen bitte an die Verkäuferhilfe.
Freundliche Grüße,
Amazon.de
 Ein Problem mit dieser E-Mail melden
 Bei Fragen besuchen Sie: Seller Central
 Zum Ändern Ihrer E-Mail-Einstellungen, gehen Sie zu: Benachrichtigungseinstellungen
 Wir hoffen, diese Nachricht ist hilfreich für Sie. Falls Sie allerdings in Zukunft keine E-Mails dieser Art von Amazon.de erhalten möchten, melden Sie sich bitte ab.
 Copyright 2026 Amazon Inc. oder Tochtergesellschaften. Alle Rechte vorbehalten.
 Amazon EU S.à r.l.
38 avenue John F. Kennedy,
L-1855 Luxemburg,
Handelsregisternummer Luxemburg: B-101818,
 Gesellschaftskapital: 165.833 EUR,
G",2026-09-02 08:41:12,RETR,xtbBpQevlWp1OqdTIwAA3q
法务/侵权类,older,account_4,weihaizhongxin2024@126.com,"Fri, 7 Aug 2026 01:48:43 +0000",Amazon Seller Central <donotreply@amazon.com>,Your Amazon.co.uk Fulfillment by Amazon Merchant Invoice for 7/2026,,"Your Amazon.co.uk Fulfillment by Amazon Merchant Invoice for 7/2026
 96
Hello,
We are writing to inform you that your electronic Fulfillment by Amazon Merchant Invoice for the month of 7/2026 is now available in your Seller Central Account.
To access your invoice, go to your Tax Document Library . In your Tax Document Library, you will be able to view, download or print your invoice.
The Amazon Services Team
 Report an issue with this email
 If you have any questions visit: Seller Central
 To change your email preferences visit: Notification Preferences
 We hope you found this message to be useful. However, if you'd rather not receive future e-mails of this sort from Amazon.com, please opt-out here.
 Copyright 2026 Amazon, Inc, or its affiliates. All rights reserved.
 Amazon.com, 410 Terry Avenue North, Seattle, WA 98109-5210
 SPC-EUAmazon-1090717215980375",2026-09-02 08:41:12,RETR,xtbBsxxlS2p1OXwXPAAA3w
法务/侵权类,older,account_4,weihaizhongxin2024@126.com,"Fri, 7 Aug 2026 01:41:37 +0000",Notificaciones de Seller Central (sin buzón electrónico) <donotreply@amazon.com>,Actualización de estado de mercancías peligrosas,,"96
 Actualización de estado de mercancías peligrosas
 Actualización de estado de mercancías peligrosas
 Estimado vendedor:
 Estamos llevando a cabo una revisión de mercancías peligrosas sobre uno o varios de tus productos:
 FALTA DOCUMENTACIÓN DE MERCANCÍAS PELIGROSAS O ES CONTRADICTORIA
 ASIN
 SKU del vendedor
 FNSKU
 Título
 B0H11DGDRL
 WH-DE-0508-HCGD-02
 B0H11DGDRL
 Circuito de Tren eléctrico de Cubos de 145 Piezas, Set de Tren 3D antigravedad, Juguete de vías DIY para Construir, Juguete Educativo Stem y Regalo Creativo para niños de 3 a 8 años
 ¿A qué se debe esto?
 No podemos clasificar correctamente los productos mencionados debido a que no tenemos suficiente información sobre las mercancías peligrosas. Ten en cuenta que, hasta que proporciones toda la información necesaria, los productos no estarán disponibles para la venta y no podrás continuar enviando unidades a los centros logísticos de Amazon. Tienes que proporcionar la ficha de datos de seguridad (FDS) de cada producto mencionado. Sólo puedes enviar una ficha de exención si el producto no tiene una FDS y no contiene productos químicos nocivos como alcohol, ácido, sodio, etc., o si el producto es una batería o las cont",2026-09-02 08:41:12,RETR,xtbBpRP532p1N9M3JAAA34
法务/侵权类,older,account_4,weihaizhongxin2024@126.com,"Fri, 7 Aug 2026 01:37:48 +0000","""Powiadomienia z Amazon Seller Central (nie odpowiadaj)"" <donotreply@amazon.com>",Status materiałów niebezpiecznych (hazmat),,"96
 Status materiałów niebezpiecznych (hazmat)
 Status materiałów niebezpiecznych (hazmat)
 Witamy w Fulfillment by Amazon
 Obecnie przeprowadzamy przegląd materiałów niebezpiecznych (hazmat) jednego produktu lub większej liczby produktów:
 SPRZECZNA LUB BRAKUJĄCA DOKUMENTACJA DG
 ASIN
 SKU sprzedawcy
 SKU sieci logistycznej
 Tytuł
 B0H11DGDRL
 WH-DE-0508-HCGD-02
 B0H11DGDRL
 145-elementowy elektryczny tor kolejowy z kostek, zestaw pociągu 3D przeciw grawitacji, tor DIY do samodzielnego budowania, zabawka edukacyjna STEM i kreatywny prezent dla dzieci 3–8 lat
 Jaka jest tego przyczyna
 Nie mamy wystarczającej ilości informacji o materiałach niebezpiecznych, aby prawidłowo sklasyfikować ww. produkty; dopóki nie dostarczysz niezbędnych informacji, produkty nie będą dostępne do sprzedaży i nie będziesz mógł wysłać więcej jednostek do centrów logistycznych Amazon. Musisz dostarczyć odpowiednią kartę charakterystyki dla każdego ww. produktu. Arkusz zwolnienia z obowiązku dostarczenia karty charakterystyki można złożyć tylko wtedy, kiedy produkt nie posiada szkodliwych substancji chemicznych, takich jak alkohol, kwas, sód itp., lub jeśli produkt jest bateriami, zawiera je lub jest sprzed",2026-09-02 08:41:12,RETR,xtbBpBDBp2p1NvAwXwAA3k
法务/侵权类,older,account_4,weihaizhongxin2024@126.com,"Fri, 7 Aug 2026 01:36:25 +0000",亚马逊卖家平台通知（请勿回复） <donotreply@amazon.com>,危险品状态更新,,"96
 危险品状态更新
 危险品状态更新
 尊敬的亚马逊物流卖家：
您好！
 我们目前正在对您的一件或多件商品进行危险品审查：
 危险品文件中的信息相互冲突或缺失
 ASIN
 卖家 SKU
 FNSKU
 商品名称
 B0H11DGDRL
 WH-DE-0508-HCGD-02
 B0H11DGDRL
 145 PCS Eisenbahn Elektrisch Cube Track, 3D Schwerkrafttrotzendes Zug Set, DIY Zugstrecken Spielzeug, STEM Lernspielzeug & Geschenkidee für Kinder 3–8 Jahre, Kreatives Bauen Spielzeug
 为什么会发生这种情况
 我们获得的危险品信息不足，无法对以上商品进行正确分类，除非您提供必要的信息，否则您将无法销售商品，也将无法再向亚马逊运营中心发送更多商品。我们需要您为上述每件商品提供正确的安全数据表 (SDS)。仅当商品没有安全数据表且不含酒精、酸、钠等任何有害化学物质，或者商品是电池、包含电池或随电池一同销售时，您才需要提交豁免表。
 如何继续销售这些商品
 请确保安全数据表符合以下要求：
- 在过去五年内创建或有过更新
- 包含新的 GHS/CLP 危险品识别信息
- 包含标准安全数据表的所有 16 个部分
- 与商品详情页面上显示的商品名称匹配
- 与商品详情页面上显示的制造商或品牌名称匹配
 请确保 豁免表 符合以下要求：
- 与商品详情页面上显示的商品名称一致
- 包含您的全名（名字和姓氏）
- 包含当前日期
- 适用于您的商品（豁免表仅适用于不含有害化学物质的商品、电池、含电池或与电池一同销售的商品）
- 包含所有必填信息（确保填写所有红色单元格，并将黑色单元格留空）
 重要须知 ： 模板的 说明 选项卡中提供了有关如何填写豁免表的完整说明。
 文件（安全数据表或豁免表）准备就绪后，请通过卖家平台中的 上传页面 提交。
 提供了正确的信息之后，审核流程通常需要四个工作日才能完成。审核完成后，您将收到结果通知。温馨提醒，请确保商品名称、商品描述和要点充分且完整地描述了审核中的商品，并明确列出与该商品一同销售的所有商品（例如，电视机及其遥控器）。
 有关安全数据表和豁免表的更多信息，请参阅 所需的危险品信息和文件 。
 所有卖家应负责确保发送到亚马逊运营中心的所有商品均符合亚马逊物流政策以及关于危险品的所有法律要求，即使亚马逊物流目前并未对此进行限制。
 实用信息
 有关更多信息，请参阅 危险品识别指南 。
 谢谢！
 亚马逊物流团队
 此电子邮件地址仅用于发送通知，无法接收电子邮件。请勿回复此邮件。
 报告此电子邮件的问题
 如果您有任何问题，请访问: Seller Cent",2026-09-02 08:41:11,RETR,xtbBshurkWp1Nps9pAAA34
法务/侵权类,older,account_4,weihaizhongxin2024@126.com,"Fri, 7 Aug 2026 01:30:51 +0000",Aviseringar från Amazon Seller Central (svara inte) <donotreply@amazon.com>,Statusuppdatering för farligt gods,,"96
 Statusuppdatering för farligt gods
 Statusuppdatering för farligt gods
 Hej från Fraktas från Amazon,
 Vi genomför för närvarande en granskning av farligt gods för en eller flera av dina produkter:
 DG-DOKUMENTATION SOM ÄR MOTSTRIDIG ELLER SAKNAS
 ASIN
 Säljar-SKU
 Leveransnätverks-SKU
 Titel
 B0H11DGDRL
 WH-DE-0508-HCGD-02
 B0H11DGDRL
 145-delad elektrisk tågbana med kuber, 3D antigravitations-tågset, DIY tågbana att bygga själv, pedagogisk STEM-leksak och kreativ present för barn 3–8 år
 Därför händer detta
 Vi har inte tillräckligt med information för att korrekt kunna klassificera ovanstående produkter beträffande farligt gods, och innan du tillhandahåller den nödvändiga informationen är produkterna inte tillgängliga för försäljning och du kan inte skicka fler enheter till Amazons distributionscentra. Vi ber dig tillhandahålla ett korrekt säkerhetsdatablad för varje produkt som listas ovan. Du får endast lämna in ett Undantag / Exemption sheet om produkten inte har ett säkerhetsdatablad och inte innehåller några skadliga kemikalier, t.ex. alkohol, syra, natrium etc., eller om produkten är, innehåller eller säljs med batterier.
 Gör så här för att fortsätta sälja de här prod",2026-09-02 08:41:10,RETR,xtbBsg1YPmp1NU0v6AAA35
法务/侵权类,older,account_4,weihaizhongxin2024@126.com,"Fri, 7 Aug 2026 01:27:00 +0000",Amazon Seller Central <donotreply@amazon.com>,Your Amazon.com.be Factuur Fulfilled by Amazon for 7/2026,,"Your Amazon.com.be Factuur Fulfilled by Amazon for 7/2026
 96
Beste Shenzhen shi weihaizhongxin ke ji you xian gong si,
We sturen je dit bericht om je te laten weten dat je elektronische Factuur Fulfilled by Amazon voor de maand 7 2026 nu beschikbaar is in je Seller Central-account.
Als je toegang wilt krijgen tot je factuur, ga je naar je Seller Central-account > Overzichten > Bibliotheek met belastingdocumenten > Belastingfacturen voor kosten verkoper.
In je Seller Central-account kun je je factuur bekijken, downloaden of afdrukken.
Als je nog vragen hebt, kun je contact opnemen met de Ondersteuning voor verkopers.
Met vriendelijke groeten,
Amazon.com.be
 Monsieur/Madame Shenzhen shi weihaizhongxin ke ji you xian gong si,
Nous vous écrivons pour vous informer que votre Facture Expédié Par Amazon pour le mois de 7/2026 est maintenant disponible dans votre compte Seller Central.
Pour accéder à votre facture, rendez-vous sur votre compte Seller Central et veuillez accéder à la page Rapports > Bibliothèque d'informations fiscales > Factures des frais du vendeur.
Dans votre compte Seller Central, vous pourrez afficher, télécharger ou imprimer votre facture.
Pour toute question, contac",2026-09-02 08:41:10,RETR,xtbBpQgfBWp1NGgTKQAA3O
法务/侵权类,older,account_4,weihaizhongxin2024@126.com,"Fri, 7 Aug 2026 01:22:36 +0000",亚马逊卖家平台通知（请勿回复） <donotreply@amazon.com>,危险物品（危险品）状态更新,,"96
 危险物品（危险品）状态更新
 危险物品（危险品）状态更新
 尊敬的亚马逊物流卖家：
您好！
 我们目前正在对以下商品进行危险物品（危险品）审核：
 危险品文件中的信息相冲突或缺少危险品文件
 ASIN
 卖家 SKU
 FNSKU
 商品名称
 B0H11DGDRL
 WH-DE-0508-HCGD-02
 B0H11DGDRL
 Roaxkois 145 PCS Eisenbahn Elektrisch Cube Track, 3D Schwerkrafttrotzendes Zug Set, DIY Zugstrecken Spielzeug, STEM Lernspielzeug & Geschenkidee f ür Kinder 3–8 Jahre, Kreatives Bauen Spielzeug
 为什么会发生这种情况
 我们获得的危险品信息不足，无法对以上商品进行正确分类，除非您提供必要的信息，否则商品将无法销售，您也将无法再向亚马逊运营中心发送此类商品。我们需要您为随商品一起销售的每件商品提供正确的安全数据表 (SDS) 或豁免表（适用于不包含任何有害化学物质（如酒精、酸、钠）的商品，或者包含电池或随电池一同销售的商品）。
 如何继续销售这些商品
 请确保安全数据表符合以下要求：
- 在过去五 (5) 年内创建或进行过更新。
- 包含新的 GHS/CLP 危险品识别信息。
- 与您的商品信息相符：
- 商品名称（即详情页面上显示的商品名称）必须与安全数据表上显示的商品名称相同。
- 安全数据表上的商品制造商/品牌名称必须与详情页面上显示的制造商/品牌名称相同。
- 包含标准安全数据表的所有 16 个部分。
 请确保豁免表符合以下要求：
- 与您的商品信息相符： 商品名称（即详情页面上显示的商品名称）必须与豁免表上显示的商品名称相同。
- 包含您的全名（名字和姓氏）。
- 已标注日期。
- 适用于您的商品（豁免表仅适用于不含有害化学物质的商品、电池、含电池或与电池一同销售的商品）
- 所有“红色”单元格均提供信息。
- 所有“黑色”单元格均留空。
 重要须知： 模板的说明选项卡中提供了有关如何填写豁免表的完整说明。
 文件（安全数据表 (SDS) 或豁免表）准备就绪后，请通过以下页面上传 ：https://sellercentral.amazon.com/gp/fba/material-safety-data-sheet/index.html
 在您提供相应信息后，审核流程通常需要四个工作日。审核完成后，您将收到结果通知。谨在此提醒您，请确保商品描述充分描述了审核中的商品。
 有关安全数据表和豁免表的更多信息，请参阅 所需的危险品信息和文件 。
 所有卖家应负责确保运送到亚马逊运营中心的所有商品均符合亚马逊物流政策以及关于危险品的所",2026-09-02 08:41:10,RETR,xtbBpQDcwmp1M2AEIAAA3T
法务/侵权类,older,account_4,weihaizhongxin2024@126.com,"Fri, 7 Aug 2026 01:11:17 +0000",Amazon Seller Central <donotreply@amazon.com>,Your Amazon.co.uk Merchant Invoice for 7/2026,,"Your Amazon.co.uk Merchant Invoice for 7/2026
 96
Hello,
We are writing to inform you that your electronic Merchant Invoice for the month of 7/2026 is now available in your Seller Central Account.
To access your invoice, go to your Tax Document Library . In your Tax Document Library, you will be able to view, download or print your invoice.
The Amazon Services Team
 Report an issue with this email
 If you have any questions visit: Seller Central
 To change your email preferences visit: Notification Preferences
 We hope you found this message to be useful. However, if you'd rather not receive future e-mails of this sort from Amazon.com, please opt-out here.
 Copyright 2026 Amazon, Inc, or its affiliates. All rights reserved.
 Amazon.com, 410 Terry Avenue North, Seattle, WA 98109-5210
 SPC-EUAmazon-1354600006269038",2026-09-02 08:41:09,RETR,xtbBpBgyGGp1MLja6gAA3x
法务/侵权类,older,account_4,weihaizhongxin2024@126.com,"Fri, 7 Aug 2026 01:09:24 +0000",Amazon Seller Central <donotreply@amazon.com>,Your Amazon.com.be Factuur Fulfilled by Amazon for 7/2026,,"Your Amazon.com.be Factuur Fulfilled by Amazon for 7/2026
 96
Beste Shenzhen shi weihaizhongxin ke ji you xian gong si,
We sturen je dit bericht om je te laten weten dat je elektronische Factuur Fulfilled by Amazon voor de maand 7 2026 nu beschikbaar is in je Seller Central-account.
Als je toegang wilt krijgen tot je factuur, ga je naar je Seller Central-account > Overzichten > Bibliotheek met belastingdocumenten > Belastingfacturen voor kosten verkoper.
In je Seller Central-account kun je je factuur bekijken, downloaden of afdrukken.
Als je nog vragen hebt, kun je contact opnemen met de Ondersteuning voor verkopers.
Met vriendelijke groeten,
Amazon.com.be
 Monsieur/Madame Shenzhen shi weihaizhongxin ke ji you xian gong si,
Nous vous écrivons pour vous informer que votre Facture Expédié Par Amazon pour le mois de 7/2026 est maintenant disponible dans votre compte Seller Central.
Pour accéder à votre facture, rendez-vous sur votre compte Seller Central et veuillez accéder à la page Rapports > Bibliothèque d'informations fiscales > Factures des frais du vendeur.
Dans votre compte Seller Central, vous pourrez afficher, télécharger ou imprimer votre facture.
Pour toute question, contac",2026-09-02 08:41:09,RETR,xtbBsggW+2p1MEjmQgAA3U
法务/侵权类,older,account_4,weihaizhongxin2024@126.com,"Fri, 7 Aug 2026 01:05:23 +0000",Amazon Seller Central <donotreply@amazon.com>,Your Amazon.nl Factuur Fulfilled by Amazon for 7/2026,,"Your Amazon.nl Factuur Fulfilled by Amazon for 7/2026
 96
Beste Shenzhen shi weihaizhongxin ke ji you xian gong si,
We sturen je dit bericht om je te laten weten dat je elektronische Factuur Fulfilled by Amazon voor de maand 7 2026 nu beschikbaar is in je Seller Central-account.
Als je toegang wilt krijgen tot je factuur, ga je naar je Seller Central-account > Overzichten > Bibliotheek met belastingdocumenten > Belastingfacturen voor kosten verkoper.
In je Seller Central-account kun je je factuur bekijken, downloaden of afdrukken.
Als je nog vragen hebt, kun je contact opnemen met de Ondersteuning voor verkopers.
Met vriendelijke groeten,
Amazon.nl
 Rapporteer een probleem met deze e-mail
 Als je vragen hebt, ga je naar: Seller Central
 Om je e-mailvoorkeuren te wijzigen, ga je naar: Voorkeuren voor meldingen
 We hopen dat je iets aan dit bericht hebt gehad. Als je in de toekomst echter liever niet meer van dit soort e-mails van Amazon.com wilt ontvangen, kun je je afmelden hier.
 Auteursrecht (copyright) 2026 Amazon, Inc. of haar dochterondernemingen. Alle rechten voorbehouden.
 Amazon Services Europe S.à r.l.
38 avenue John F. Kennedy
L-1855 Luxemburg
Geregistreerd in Luxemburg
R",2026-09-02 08:41:08,RETR,xtbBpRXYvmp1L1XJvwAA3F
法务/侵权类,older,account_4,weihaizhongxin2024@126.com,"Fri, 7 Aug 2026 01:03:13 +0000","""Notifiche di Amazon Seller Central (non rispondere)"" <donotreply@amazon.com>",Aggiornamento dello stato delle merci pericolose,,"96
 Aggiornamento dello stato delle merci pericolose
 Aggiornamento dello stato delle merci pericolose
 Buongiorno da Logistica di Amazon.
 Al momento stiamo effettuando una revisione delle merci pericolose di uno o più dei suoi prodotti:
 DOCUMENTAZIONE MERCI PERICOLOSE DISCORDANTE O MANCANTE
 ASIN
 SKU venditore
 FNSKU
 Titolo
 B0H11DGDRL
 WH-DE-0508-HCGD-02
 B0H11DGDRL
 Pista ferroviaria elettrica a cubi da 145 pezzi, set trenino 3D antigravità, gioco fai da te per costruire percorsi, giocattolo educativo STEM e idea regalo creativa per bambini da 3 a 8 anni
 Qual è il problema?
 Non disponiamo di informazioni sufficienti sulle merci pericolose per classificare correttamente i prodotti di cui sopra. Inoltre, finché non fornisci le informazioni necessarie, i prodotti non saranno disponibili per la vendita e non potrai inviare più unità ai centri logistici Amazon. Dovrai fornire una corretta scheda di sicurezza (SDS) per ogni prodotto sopra elencato. È possibile presentare una scheda di esenzione solo se il prodotto non dispone di una scheda di sicurezza e non contiene sostanze chimiche nocive, come alcol, acido, sodio e così via, o se il prodotto è, contiene o viene venduto con b",2026-09-02 08:41:08,RETR,xtbBpBO3nWp1LtPFcQAA3L
法务/侵权类,older,account_4,weihaizhongxin2024@126.com,"Fri, 7 Aug 2026 01:03:04 +0000","""Amazon Seller Central-meldingen (niet beantwoorden)"" <donotreply@amazon.com>",Update van status gevaarlijke goederen,,"96
 Update van status gevaarlijke goederen
 Update van status gevaarlijke goederen
 Hallo van het Fulfillment by Amazon-team,
 Momenteel beoordelen we een of meer van jouw producten op eigenschappen van gevaarlijke goederen:
 CONFLICTERENDE OF ONTBREKENDE DOCUMENTATIE VAN GEVAARLIJKE GOEDEREN
 ASIN
 Verkoper-SKU
 FNSKU
 Titel
 B0H11DGDRL
 WH-DE-0508-HCGD-02
 B0H11DGDRL
 145-delige elektrische trein kubusbaan, 3D anti-zwaartekracht treinset, DIY treinbaan bouwspeelgoed, educatief STEM-speelgoed en creatief cadeau voor kinderen van 3–8 jaar
 Waarom dit gebeurt
 We hebben niet genoeg informatie over gevaarlijke goederen om bovenstaande producten correct te classificeren. Totdat je de nodige informatie verstrekt zijn de producten niet beschikbaar voor verkoop en kun je geen eenheden meer naar Amazon Fulfillment Centers sturen. Je moet voor elk hierboven vermeld product een correct veiligheidsinformatieblad (VIB) verstrekken. Je kunt alleen een vrijstellingsformulier indienen als het product geen SDS heeft en geen schadelijke chemische stoffen bevat, zoals alcohol, zuur, natrium enzovoort, of als het gaat om batterijen, of producten die een batterij bevatten of ermee worden verkocht.
 D",2026-09-02 08:41:08,RETR,xtbBpQu1m2p1LsvDiAAA3x
法务/侵权类,older,account_4,weihaizhongxin2024@126.com,"Fri, 7 Aug 2026 01:00:34 +0000",Amazon Seller Central <donotreply@amazon.com>,Your Amazon.com.be Factuur Fulfilled by Amazon for 7/2026,,"Your Amazon.com.be Factuur Fulfilled by Amazon for 7/2026
 96
Beste Shenzhen shi weihaizhongxin ke ji you xian gong si,
We sturen je dit bericht om je te laten weten dat je elektronische Factuur Fulfilled by Amazon voor de maand 7 2026 nu beschikbaar is in je Seller Central-account.
Als je toegang wilt krijgen tot je factuur, ga je naar je Seller Central-account > Overzichten > Bibliotheek met belastingdocumenten > Belastingfacturen voor kosten verkoper.
In je Seller Central-account kun je je factuur bekijken, downloaden of afdrukken.
Als je nog vragen hebt, kun je contact opnemen met de Ondersteuning voor verkopers.
Met vriendelijke groeten,
Amazon.com.be
 Monsieur/Madame Shenzhen shi weihaizhongxin ke ji you xian gong si,
Nous vous écrivons pour vous informer que votre Facture Expédié Par Amazon pour le mois de 7/2026 est maintenant disponible dans votre compte Seller Central.
Pour accéder à votre facture, rendez-vous sur votre compte Seller Central et veuillez accéder à la page Rapports > Bibliothèque d'informations fiscales > Factures des frais du vendeur.
Dans votre compte Seller Central, vous pourrez afficher, télécharger ou imprimer votre facture.
Pour toute question, contac",2026-09-02 08:41:07,RETR,xtbBsxWQdmp1LjWKqQAA3n
法务/侵权类,older,account_4,weihaizhongxin2024@126.com,"Fri, 7 Aug 2026 00:47:35 +0000",Amazon Seller Central <donotreply@amazon.com>,Your Amazon.de Rechnung Verkäufer for 7/2026,,"Your Amazon.de Rechnung Verkäufer for 7/2026
 96
Guten Tag Shenzhen shi weihaizhongxin ke ji you xian gong si!
Wir möchten Sie darüber informieren, dass Ihr elektronisches Dokument Rechnung Verkäufer für 7.2026 ab sofort in Ihrem Seller Central-Konto verfügbar ist.
Navigieren Sie in Ihrem Seller Central-Konto zu Berichte > Steuerdokumente > Rechnungen über Verkaufsgebühren, um auf Ihr Dokument (Rechnung) zuzugreifen.
In Ihrem Seller Central-Konto können Sie Ihr Dokument (Rechnung) anzeigen, herunterladen oder ausdrucken.
Wenden Sie sich bei weiteren Fragen bitte an die Verkäuferhilfe.
Freundliche Grüße,
Amazon.de
 Ein Problem mit dieser E-Mail melden
 Bei Fragen besuchen Sie: Seller Central
 Zum Ändern Ihrer E-Mail-Einstellungen, gehen Sie zu: Benachrichtigungseinstellungen
 Wir hoffen, diese Nachricht ist hilfreich für Sie. Falls Sie allerdings in Zukunft keine E-Mails dieser Art von Amazon.de erhalten möchten, melden Sie sich bitte ab.
 Copyright 2026 Amazon Inc. oder Tochtergesellschaften. Alle Rechte vorbehalten.
 Amazon EU S.à r.l.
38 avenue John F. Kennedy,
L-1855 Luxemburg,
Handelsregisternummer Luxemburg: B-101818,
 Gesellschaftskapital: 165.833 EUR,
Gewerbelizenznummer: 13",2026-09-02 08:41:07,RETR,xtbBswrMsmp1KypvoAAA3W
法务/侵权类,older,account_4,weihaizhongxin2024@126.com,"Fri, 7 Aug 2026 00:44:09 +0000",Amazon Seller Central <donotreply@amazon.com>,Your Amazon.es Factura Logística de Amazon for 7/2026,,"Your Amazon.es Factura Logística de Amazon for 7/2026
 96
Hola, Shenzhen shi weihaizhongxin ke ji you xian gong si:
Te escribimos para comunicarte que tu Factura Logística de Amazon del mes de 7/2026 ya está disponible en tu cuenta de Seller Central.
Para acceder a la factura, ve a Seller Central > Informes > Biblioteca de documentos fiscales > Facturas de tarifas aplicables al vendedor.
Allí podrás ver, descargar o imprimir tu factura.
Para consultas, contacta con atención al vendedor.
Atentamente,
Amazon.es
 Informar de un problema con este correo electrónico
 Si tienes alguna pregunta, visita: Seller Central
 Para cambiar sus preferencias de correo electrónico visitan: Preferencias de Notificación
 Esperamos que este mensaje te haya parecido útil. Sin embargo, si prefieres no recibir correos electrónicos de Amazon.es de este tipo en el futuro, haz clic aquí.
 Copyright 2026 Amazon.com.mx, Inc. o sus afiliados. Todos los derechos reservados.
 Amazon EU S.à r.l.
38 avenue John F. Kennedy,
L-1855 Luxemburgo,
Número de Registro en Luxemburgo: No. B-101818,
Capital Social 165.833 EUR,
Número de licencia de actividad: 134248,
Nº de Registro IVA en Luxemburgo: LU 20260743.
 SPC-EUAmazo",2026-09-02 08:41:07,RETR,xtbBsxyZf2p1KlxqFgAA3c
法务/侵权类,older,account_4,weihaizhongxin2024@126.com,"Fri, 7 Aug 2026 00:41:25 +0000",Amazon Seller Central <donotreply@amazon.com>,Your Amazon.de Rechnung Verkäufer for 7/2026,,"Your Amazon.de Rechnung Verkäufer for 7/2026
 96
Guten Tag Shenzhen shi weihaizhongxin ke ji you xian gong si!
Wir möchten Sie darüber informieren, dass Ihr elektronisches Dokument Rechnung Verkäufer für 7.2026 ab sofort in Ihrem Seller Central-Konto verfügbar ist.
Navigieren Sie in Ihrem Seller Central-Konto zu Berichte > Steuerdokumente > Rechnungen über Verkaufsgebühren, um auf Ihr Dokument (Rechnung) zuzugreifen.
In Ihrem Seller Central-Konto können Sie Ihr Dokument (Rechnung) anzeigen, herunterladen oder ausdrucken.
Wenden Sie sich bei weiteren Fragen bitte an die Verkäuferhilfe.
Freundliche Grüße,
Amazon.de
 Ein Problem mit dieser E-Mail melden
 Bei Fragen besuchen Sie: Seller Central
 Zum Ändern Ihrer E-Mail-Einstellungen, gehen Sie zu: Benachrichtigungseinstellungen
 Wir hoffen, diese Nachricht ist hilfreich für Sie. Falls Sie allerdings in Zukunft keine E-Mails dieser Art von Amazon.de erhalten möchten, melden Sie sich bitte ab.
 Copyright 2026 Amazon Inc. oder Tochtergesellschaften. Alle Rechte vorbehalten.
 Amazon EU S.à r.l.
38 avenue John F. Kennedy,
L-1855 Luxemburg,
Handelsregisternummer Luxemburg: B-101818,
 Gesellschaftskapital: 165.833 EUR,
Gewerbelizenznummer: 13",2026-09-02 08:41:07,RETR,xtbBsxdvVWp1KbdloAAA3a
法务/侵权类,older,account_4,weihaizhongxin2024@126.com,"Fri, 7 Aug 2026 00:29:05 +0000",Amazon Seller Central <donotreply@amazon.com>,Your Amazon.nl Factuur Fulfilled by Amazon for 7/2026,,"Your Amazon.nl Factuur Fulfilled by Amazon for 7/2026
 96
Beste Shenzhen shi weihaizhongxin ke ji you xian gong si,
We sturen je dit bericht om je te laten weten dat je elektronische Factuur Fulfilled by Amazon voor de maand 7 2026 nu beschikbaar is in je Seller Central-account.
Als je toegang wilt krijgen tot je factuur, ga je naar je Seller Central-account > Overzichten > Bibliotheek met belastingdocumenten > Belastingfacturen voor kosten verkoper.
In je Seller Central-account kun je je factuur bekijken, downloaden of afdrukken.
Als je nog vragen hebt, kun je contact opnemen met de Ondersteuning voor verkopers.
Met vriendelijke groeten,
Amazon.nl
 Rapporteer een probleem met deze e-mail
 Als je vragen hebt, ga je naar: Seller Central
 Om je e-mailvoorkeuren te wijzigen, ga je naar: Voorkeuren voor meldingen
 We hopen dat je iets aan dit bericht hebt gehad. Als je in de toekomst echter liever niet meer van dit soort e-mails van Amazon.com wilt ontvangen, kun je je afmelden hier.
 Auteursrecht (copyright) 2026 Amazon, Inc. of haar dochterondernemingen. Alle rechten voorbehouden.
 Amazon Services Europe S.à r.l.
38 avenue John F. Kennedy
L-1855 Luxemburg
Geregistreerd in Luxemburg
R",2026-09-02 08:41:06,RETR,xtbBpRO1m2p1JtN-fgAA3z
法务/侵权类,older,account_4,weihaizhongxin2024@126.com,"Fri, 7 Aug 2026 00:23:09 +0000",Amazon Seller Central <donotreply@amazon.com>,Your Amazon.co.uk Merchant Invoice for 7/2026,,"Your Amazon.co.uk Merchant Invoice for 7/2026
 96
Hello,
We are writing to inform you that your electronic Merchant Invoice for the month of 7/2026 is now available in your Seller Central Account.
To access your invoice, go to your Tax Document Library . In your Tax Document Library, you will be able to view, download or print your invoice.
The Amazon Services Team
 Report an issue with this email
 If you have any questions visit: Seller Central
 To change your email preferences visit: Notification Preferences
 We hope you found this message to be useful. However, if you'd rather not receive future e-mails of this sort from Amazon.com, please opt-out here.
 Copyright 2026 Amazon, Inc, or its affiliates. All rights reserved.
 Amazon.com, 410 Terry Avenue North, Seattle, WA 98109-5210
 SPC-EUAmazon-1653667170414074",2026-09-02 08:41:06,RETR,xtbBsg9cQmp1JW+IDgAA3w
法务/侵权类,older,account_4,weihaizhongxin2024@126.com,"Fri, 7 Aug 2026 00:20:16 +0000",Amazon Seller Central <donotreply@amazon.com>,Your Amazon.se Faktura Fraktas Av Amazon for 7/2026,,"Your Amazon.se Faktura Fraktas Av Amazon for 7/2026
 96
Hej Shenzhen shi weihaizhongxin ke ji you xian gong si!
Vi skriver för att informera dig om att din elektroniska Faktura Fraktas Av Amazon för månaden 7/2026 nu finns tillgänglig på ditt Seller Central-konto.
För att komma åt ditt fakturagår du till ditt Seller Central-konto > Rapporter > Bibliotek för skattedokument > Skattefakturor för säljaravgifter.
På ditt Seller Central-konto kan du se, ladda ner eller skriva ut ditt faktura.
Om du har några frågor, kontakta säljarsupport.
Vänliga hälsningar,
Amazon.se
 Rapportera ett problem med detta e-post
 Om du har några frågor besök: Seller Central
 För att ändra dina e-postinställningar, besök: Inställningar för meddelanden
 Vi hoppas att du tyckte att det här meddelandet var användbart. Om du föredrar att inte få framtida e-postmeddelanden av detta slag från Amazon.com, välj bort det här.
 Upphovsrätt 2026 Amazon, Inc, eller dess dotterbolag. Alla rättigheter förbehållna.
 Amazon EU S.à r.l.
38 avenue John F. Kennedy
L-1855 Luxemburg
Registrerat i Luxemburg No. B-101818
Aktiekapital 165 833 EUR
Företagets registreringsnummer: 134248
Momsregistrering för Luxemburg LU 20260743.
 SP",2026-09-02 08:41:06,RETR,xtbBpQQyGGp1JMRyCAAA3O
法务/侵权类,older,account_4,weihaizhongxin2024@126.com,"Fri, 7 Aug 2026 00:14:31 +0000",Amazon Seller Central <donotreply@amazon.com>,Your Amazon.ie Fulfillment by Amazon Merchant Invoice for 7/2026,,"Your Amazon.ie Fulfillment by Amazon Merchant Invoice for 7/2026
 96
Hello,
We are writing to inform you that your electronic Fulfillment by Amazon Merchant Invoice for the month of 7/2026 is now available in your Seller Central Account.
To access your invoice, go to your Tax Document Library . In your Tax Document Library, you will be able to view, download or print your invoice.
The Amazon Services Team
 Report an issue with this email
 If you have any questions visit: Seller Central
 To change your email preferences visit: Notification Preferences
 We hope you found this message to be useful. However, if you'd rather not receive future e-mails of this sort from Amazon.com, please opt-out here.
 Copyright 2026 Amazon, Inc, or its affiliates. All rights reserved.
 Amazon.com, 410 Terry Avenue North, Seattle, WA 98109-5210
 SPC-EUAmazon-2111064004448438",2026-09-02 08:41:05,RETR,xtbBswvawGp1I2s4SwAA3G
法务/侵权类,older,account_4,weihaizhongxin2024@126.com,"Fri, 7 Aug 2026 00:05:41 +0000",Amazon Seller Central <donotreply@amazon.com>,Your Amazon.de Rechnung Verkäufer for 7/2026,,"Your Amazon.de Rechnung Verkäufer for 7/2026
 96
Guten Tag Shenzhen shi weihaizhongxin ke ji you xian gong si!
Wir möchten Sie darüber informieren, dass Ihr elektronisches Dokument Rechnung Verkäufer für 7.2026 ab sofort in Ihrem Seller Central-Konto verfügbar ist.
Navigieren Sie in Ihrem Seller Central-Konto zu Berichte > Steuerdokumente > Rechnungen über Verkaufsgebühren, um auf Ihr Dokument (Rechnung) zuzugreifen.
In Ihrem Seller Central-Konto können Sie Ihr Dokument (Rechnung) anzeigen, herunterladen oder ausdrucken.
Wenden Sie sich bei weiteren Fragen bitte an die Verkäuferhilfe.
Freundliche Grüße,
Amazon.de
 Ein Problem mit dieser E-Mail melden
 Bei Fragen besuchen Sie: Seller Central
 Zum Ändern Ihrer E-Mail-Einstellungen, gehen Sie zu: Benachrichtigungseinstellungen
 Wir hoffen, diese Nachricht ist hilfreich für Sie. Falls Sie allerdings in Zukunft keine E-Mails dieser Art von Amazon.de erhalten möchten, melden Sie sich bitte ab.
 Copyright 2026 Amazon Inc. oder Tochtergesellschaften. Alle Rechte vorbehalten.
 Amazon EU S.à r.l.
38 avenue John F. Kennedy,
L-1855 Luxemburg,
Handelsregisternummer Luxemburg: B-101818,
 Gesellschaftskapital: 165.833 EUR,
Gewerbelizenznummer: 13",2026-09-02 08:41:04,RETR,xtbBsxhWPGp1IVgoYAAA3v
法务/侵权类,older,account_4,weihaizhongxin2024@126.com,"Thu, 6 Aug 2026 23:55:50 +0000",Amazon Seller Central <donotreply@amazon.com>,Your Amazon.se Faktura Fraktas Av Amazon for 7/2026,,"Your Amazon.se Faktura Fraktas Av Amazon for 7/2026
 96
Hej Shenzhen shi weihaizhongxin ke ji you xian gong si!
Vi skriver för att informera dig om att din elektroniska Faktura Fraktas Av Amazon för månaden 7/2026 nu finns tillgänglig på ditt Seller Central-konto.
För att komma åt ditt fakturagår du till ditt Seller Central-konto > Rapporter > Bibliotek för skattedokument > Skattefakturor för säljaravgifter.
På ditt Seller Central-konto kan du se, ladda ner eller skriva ut ditt faktura.
Om du har några frågor, kontakta säljarsupport.
Vänliga hälsningar,
Amazon.se
 Rapportera ett problem med detta e-post
 Om du har några frågor besök: Seller Central
 För att ändra dina e-postinställningar, besök: Inställningar för meddelanden
 Vi hoppas att du tyckte att det här meddelandet var användbart. Om du föredrar att inte få framtida e-postmeddelanden av detta slag från Amazon.com, välj bort det här.
 Upphovsrätt 2026 Amazon, Inc, eller dess dotterbolag. Alla rättigheter förbehållna.
 Amazon EU S.à r.l.
38 avenue John F. Kennedy
L-1855 Luxemburg
Registrerat i Luxemburg No. B-101818
Aktiekapital 165 833 EUR
Företagets registreringsnummer: 134248
Momsregistrering för Luxemburg LU 20260743.
 SP",2026-09-02 08:41:04,RETR,xtbBsgrBp2p1HwpWaAAA3q
法务/侵权类,older,account_4,weihaizhongxin2024@126.com,"Thu, 6 Aug 2026 23:48:52 +0000",Amazon Seller Central <donotreply@amazon.com>,Your Amazon.es Factura Vendedor for 7/2026,,"Your Amazon.es Factura Vendedor for 7/2026
 96
Hola, Shenzhen shi weihaizhongxin ke ji you xian gong si:
Te escribimos para comunicarte que tu Factura Vendedor del mes de 7/2026 ya está disponible en tu cuenta de Seller Central.
Para acceder a la factura, ve a Seller Central > Informes > Biblioteca de documentos fiscales > Facturas de tarifas aplicables al vendedor.
Allí podrás ver, descargar o imprimir tu factura.
Para consultas, contacta con atención al vendedor.
Atentamente,
Amazon.es
 Informar de un problema con este correo electrónico
 Si tienes alguna pregunta, visita: Seller Central
 Para cambiar sus preferencias de correo electrónico visitan: Preferencias de Notificación
 Esperamos que este mensaje te haya parecido útil. Sin embargo, si prefieres no recibir correos electrónicos de Amazon.es de este tipo en el futuro, haz clic aquí.
 Copyright 2026 Amazon.com.mx, Inc. o sus afiliados. Todos los derechos reservados.
 Amazon EU S.à r.l.
38 avenue John F. Kennedy,
L-1855 Luxemburgo,
Número de Registro en Luxemburgo: No. B-101818,
Capital Social 165.833 EUR,
Número de licencia de actividad: 134248,
Nº de Registro IVA en Luxemburgo: LU 20260743.
 SPC-EUAmazon-1090717215949583",2026-09-02 08:41:04,RETR,xtbBsgdYPmp1HWdOYgAA3a
法务/侵权类,older,account_4,weihaizhongxin2024@126.com,"Thu, 6 Aug 2026 23:42:14 +0000",Amazon Seller Central <donotreply@amazon.com>,Your Amazon.de Rechnung Versand durch Amazon for 7/2026,,"Your Amazon.de Rechnung Versand durch Amazon for 7/2026
 96
Guten Tag Shenzhen shi weihaizhongxin ke ji you xian gong si!
Wir möchten Sie darüber informieren, dass Ihr elektronisches Dokument Rechnung Versand durch Amazon für 7.2026 ab sofort in Ihrem Seller Central-Konto verfügbar ist.
Navigieren Sie in Ihrem Seller Central-Konto zu Berichte > Steuerdokumente > Rechnungen über Verkaufsgebühren, um auf Ihr Dokument (Rechnung) zuzugreifen.
In Ihrem Seller Central-Konto können Sie Ihr Dokument (Rechnung) anzeigen, herunterladen oder ausdrucken.
Wenden Sie sich bei weiteren Fragen bitte an die Verkäuferhilfe.
Freundliche Grüße,
Amazon.de
 Ein Problem mit dieser E-Mail melden
 Bei Fragen besuchen Sie: Seller Central
 Zum Ändern Ihrer E-Mail-Einstellungen, gehen Sie zu: Benachrichtigungseinstellungen
 Wir hoffen, diese Nachricht ist hilfreich für Sie. Falls Sie allerdings in Zukunft keine E-Mails dieser Art von Amazon.de erhalten möchten, melden Sie sich bitte ab.
 Copyright 2026 Amazon Inc. oder Tochtergesellschaften. Alle Rechte vorbehalten.
 Amazon EU S.à r.l.
38 avenue John F. Kennedy,
L-1855 Luxemburg,
Handelsregisternummer Luxemburg: B-101818,
 Gesellschaftskapital: 165.833 EUR,
G",2026-09-02 08:41:03,RETR,xtbBshfz2Wp1G9dHrgAA31
法务/侵权类,older,account_4,weihaizhongxin2024@126.com,"Thu, 6 Aug 2026 23:29:48 +0000",Amazon Seller Central <donotreply@amazon.com>,Your Amazon.de Rechnung Versand durch Amazon for 7/2026,,"Your Amazon.de Rechnung Versand durch Amazon for 7/2026
 96
Guten Tag Shenzhen shi weihaizhongxin ke ji you xian gong si!
Wir möchten Sie darüber informieren, dass Ihr elektronisches Dokument Rechnung Versand durch Amazon für 7.2026 ab sofort in Ihrem Seller Central-Konto verfügbar ist.
Navigieren Sie in Ihrem Seller Central-Konto zu Berichte > Steuerdokumente > Rechnungen über Verkaufsgebühren, um auf Ihr Dokument (Rechnung) zuzugreifen.
In Ihrem Seller Central-Konto können Sie Ihr Dokument (Rechnung) anzeigen, herunterladen oder ausdrucken.
Wenden Sie sich bei weiteren Fragen bitte an die Verkäuferhilfe.
Freundliche Grüße,
Amazon.de
 Ein Problem mit dieser E-Mail melden
 Bei Fragen besuchen Sie: Seller Central
 Zum Ändern Ihrer E-Mail-Einstellungen, gehen Sie zu: Benachrichtigungseinstellungen
 Wir hoffen, diese Nachricht ist hilfreich für Sie. Falls Sie allerdings in Zukunft keine E-Mails dieser Art von Amazon.de erhalten möchten, melden Sie sich bitte ab.
 Copyright 2026 Amazon Inc. oder Tochtergesellschaften. Alle Rechte vorbehalten.
 Amazon EU S.à r.l.
38 avenue John F. Kennedy,
L-1855 Luxemburg,
Handelsregisternummer Luxemburg: B-101818,
 Gesellschaftskapital: 165.833 EUR,
G",2026-09-02 08:41:03,RETR,xtbBsg45H2p1GO45JwAA3t
法务/侵权类,older,account_4,weihaizhongxin2024@126.com,"Thu, 6 Aug 2026 23:26:38 +0000",Amazon Seller Central <donotreply@amazon.com>,Your Amazon.de Rechnung Versand durch Amazon for 7/2026,,"Your Amazon.de Rechnung Versand durch Amazon for 7/2026
 96
Guten Tag Shenzhen shi weihaizhongxin ke ji you xian gong si!
Wir möchten Sie darüber informieren, dass Ihr elektronisches Dokument Rechnung Versand durch Amazon für 7.2026 ab sofort in Ihrem Seller Central-Konto verfügbar ist.
Navigieren Sie in Ihrem Seller Central-Konto zu Berichte > Steuerdokumente > Rechnungen über Verkaufsgebühren, um auf Ihr Dokument (Rechnung) zuzugreifen.
In Ihrem Seller Central-Konto können Sie Ihr Dokument (Rechnung) anzeigen, herunterladen oder ausdrucken.
Wenden Sie sich bei weiteren Fragen bitte an die Verkäuferhilfe.
Freundliche Grüße,
Amazon.de
 Ein Problem mit dieser E-Mail melden
 Bei Fragen besuchen Sie: Seller Central
 Zum Ändern Ihrer E-Mail-Einstellungen, gehen Sie zu: Benachrichtigungseinstellungen
 Wir hoffen, diese Nachricht ist hilfreich für Sie. Falls Sie allerdings in Zukunft keine E-Mails dieser Art von Amazon.de erhalten möchten, melden Sie sich bitte ab.
 Copyright 2026 Amazon Inc. oder Tochtergesellschaften. Alle Rechte vorbehalten.
 Amazon EU S.à r.l.
38 avenue John F. Kennedy,
L-1855 Luxemburg,
Handelsregisternummer Luxemburg: B-101818,
 Gesellschaftskapital: 165.833 EUR,
G",2026-09-02 08:41:03,RETR,xtbBshEK72p1GDE1eQAA38
法务/侵权类,older,account_4,weihaizhongxin2024@126.com,"Thu, 6 Aug 2026 23:22:55 +0000",Amazon Seller Central <donotreply@amazon.com>,Your Amazon.es Factura Logística de Amazon for 7/2026,,"Your Amazon.es Factura Logística de Amazon for 7/2026
 96
Hola, Shenzhen shi weihaizhongxin ke ji you xian gong si:
Te escribimos para comunicarte que tu Factura Logística de Amazon del mes de 7/2026 ya está disponible en tu cuenta de Seller Central.
Para acceder a la factura, ve a Seller Central > Informes > Biblioteca de documentos fiscales > Facturas de tarifas aplicables al vendedor.
Allí podrás ver, descargar o imprimir tu factura.
Para consultas, contacta con atención al vendedor.
Atentamente,
Amazon.es
 Informar de un problema con este correo electrónico
 Si tienes alguna pregunta, visita: Seller Central
 Para cambiar sus preferencias de correo electrónico visitan: Preferencias de Notificación
 Esperamos que este mensaje te haya parecido útil. Sin embargo, si prefieres no recibir correos electrónicos de Amazon.es de este tipo en el futuro, haz clic aquí.
 Copyright 2026 Amazon.com.mx, Inc. o sus afiliados. Todos los derechos reservados.
 Amazon EU S.à r.l.
38 avenue John F. Kennedy,
L-1855 Luxemburgo,
Número de Registro en Luxemburgo: No. B-101818,
Capital Social 165.833 EUR,
Número de licencia de actividad: 134248,
Nº de Registro IVA en Luxemburgo: LU 20260743.
 SPC-EUAmazo",2026-09-02 08:41:02,RETR,xtbBpBLRt2p1F1IhlgAA39
法务/侵权类,older,account_4,weihaizhongxin2024@126.com,"Thu, 6 Aug 2026 23:03:51 +0000",Amazon Seller Central <donotreply@amazon.com>,Your Amazon.pl Faktura Realizacja przez Amazon for 7/2026,,"Your Amazon.pl Faktura Realizacja przez Amazon for 7/2026
 96
Cześć Shenzhen shi weihaizhongxin ke ji you xian gong si,
Pragniemy poinformować, że ten elektroniczny dokument jest już dostępny na Twoim koncie Seller Central: Faktura Realizacja przez Amazon za miesiąc 7 i rok 2026.
Aby uzyskać dostęp do tego dokumentu typu faktura, przejdź na konto Seller Central > Raporty > Dokumenty podatkowe > Faktury podatkowe z tytułu opłat od sprzedawcy.
Na koncie Seller Central możesz wyświetlić, pobrać i wydrukować taki dokument (faktura).
Jeśli masz jakieś pytania, skontaktuj się z działem pomocy dla sprzedawców.
Pozdrawiamy,
Amazon.pl
 Zgłoś problem z tym e-mailem
 Jeśli masz pytania, odwiedź stronę: Seller Central
 Aby zmienić preferencje poczty e-mail, odwiedź: Preferencje powiadomień
 Mamy nadzieję, że ta wiadomość jest pomocna. Jeśli jednak wolisz nie otrzymywać przyszłych wiadomości e-mail tego typu z witryny Amazon.com, zrezygnuj z tej opcji tutaj.
 Prawa autorskie 2026 Amazon, Inc. lub jej podmioty stowarzyszone. Wszelkie prawa zastrzeżone.
 Amazon EU S.a.r.l.
38 avenue John F. Kennedy
L-1855 Luksemburg,
spółka zarejestrowana w Luksemburgu pod nr. B-101818,
kapitał zakładowy: 165,833",2026-09-02 08:41:02,RETR,xtbBsxuymGp1EtvdHAAA3V
法务/侵权类,older,account_4,weihaizhongxin2024@126.com,"Thu, 6 Aug 2026 22:59:34 +0000",Amazon Seller Central <donotreply@amazon.com>,Your Amazon.com.be Factuur Fulfilled by Amazon for 7/2026,,"Your Amazon.com.be Factuur Fulfilled by Amazon for 7/2026
 96
Beste Shenzhen shi weihaizhongxin ke ji you xian gong si,
We sturen je dit bericht om je te laten weten dat je elektronische Factuur Fulfilled by Amazon voor de maand 7 2026 nu beschikbaar is in je Seller Central-account.
Als je toegang wilt krijgen tot je factuur, ga je naar je Seller Central-account > Overzichten > Bibliotheek met belastingdocumenten > Belastingfacturen voor kosten verkoper.
In je Seller Central-account kun je je factuur bekijken, downloaden of afdrukken.
Als je nog vragen hebt, kun je contact opnemen met de Ondersteuning voor verkopers.
Met vriendelijke groeten,
Amazon.com.be
 Monsieur/Madame Shenzhen shi weihaizhongxin ke ji you xian gong si,
Nous vous écrivons pour vous informer que votre Facture Expédié Par Amazon pour le mois de 7/2026 est maintenant disponible dans votre compte Seller Central.
Pour accéder à votre facture, rendez-vous sur votre compte Seller Central et veuillez accéder à la page Rapports > Bibliothèque d'informations fiscales > Factures des frais du vendeur.
Dans votre compte Seller Central, vous pourrez afficher, télécharger ou imprimer votre facture.
Pour toute question, contac",2026-09-02 08:41:02,RETR,xtbBshlyWGp1EdkYnQAA3T
法务/侵权类,older,account_4,weihaizhongxin2024@126.com,"Thu, 6 Aug 2026 22:55:50 +0000",Amazon Seller Central <donotreply@amazon.com>,Your Amazon.nl Factuur Fulfilled by Amazon for 7/2026,,"Your Amazon.nl Factuur Fulfilled by Amazon for 7/2026
 96
Beste Shenzhen shi weihaizhongxin ke ji you xian gong si,
We sturen je dit bericht om je te laten weten dat je elektronische Factuur Fulfilled by Amazon voor de maand 7 2026 nu beschikbaar is in je Seller Central-account.
Als je toegang wilt krijgen tot je factuur, ga je naar je Seller Central-account > Overzichten > Bibliotheek met belastingdocumenten > Belastingfacturen voor kosten verkoper.
In je Seller Central-account kun je je factuur bekijken, downloaden of afdrukken.
Als je nog vragen hebt, kun je contact opnemen met de Ondersteuning voor verkopers.
Met vriendelijke groeten,
Amazon.nl
 Rapporteer een probleem met deze e-mail
 Als je vragen hebt, ga je naar: Seller Central
 Om je e-mailvoorkeuren te wijzigen, ga je naar: Voorkeuren voor meldingen
 We hopen dat je iets aan dit bericht hebt gehad. Als je in de toekomst echter liever niet meer van dit soort e-mails van Amazon.com wilt ontvangen, kun je je afmelden hier.
 Auteursrecht (copyright) 2026 Amazon, Inc. of haar dochterondernemingen. Alle rechten voorbehouden.
 Amazon Services Europe S.à r.l.
38 avenue John F. Kennedy
L-1855 Luxemburg
Geregistreerd in Luxemburg
R",2026-09-02 08:41:01,RETR,xtbBpRg6IGp1EPgD0wAA3A
法务/侵权类,older,account_4,weihaizhongxin2024@126.com,"Thu, 6 Aug 2026 22:41:34 +0000",Amazon Seller Central <donotreply@amazon.com>,Your Amazon.de Rechnung Versand durch Amazon for 7/2026,,"Your Amazon.de Rechnung Versand durch Amazon for 7/2026
 96
Guten Tag Shenzhen shi weihaizhongxin ke ji you xian gong si!
Wir möchten Sie darüber informieren, dass Ihr elektronisches Dokument Rechnung Versand durch Amazon für 7.2026 ab sofort in Ihrem Seller Central-Konto verfügbar ist.
Navigieren Sie in Ihrem Seller Central-Konto zu Berichte > Steuerdokumente > Rechnungen über Verkaufsgebühren, um auf Ihr Dokument (Rechnung) zuzugreifen.
In Ihrem Seller Central-Konto können Sie Ihr Dokument (Rechnung) anzeigen, herunterladen oder ausdrucken.
Wenden Sie sich bei weiteren Fragen bitte an die Verkäuferhilfe.
Freundliche Grüße,
Amazon.de
 Ein Problem mit dieser E-Mail melden
 Bei Fragen besuchen Sie: Seller Central
 Zum Ändern Ihrer E-Mail-Einstellungen, gehen Sie zu: Benachrichtigungseinstellungen
 Wir hoffen, diese Nachricht ist hilfreich für Sie. Falls Sie allerdings in Zukunft keine E-Mails dieser Art von Amazon.de erhalten möchten, melden Sie sich bitte ab.
 Copyright 2026 Amazon Inc. oder Tochtergesellschaften. Alle Rechte vorbehalten.
 Amazon EU S.à r.l.
38 avenue John F. Kennedy,
L-1855 Luxemburg,
Handelsregisternummer Luxemburg: B-101818,
 Gesellschaftskapital: 165.833 EUR,
G",2026-09-02 08:41:00,RETR,xtbBsgFjSWp1DaHUHAAA3i
法务/侵权类,older,account_4,weihaizhongxin2024@126.com,"Thu, 6 Aug 2026 22:37:53 +0000",Amazon Seller Central <donotreply@amazon.com>,Your Amazon.nl Factuur Fulfilled by Amazon for 7/2026,,"Your Amazon.nl Factuur Fulfilled by Amazon for 7/2026
 96
Beste Shenzhen shi weihaizhongxin ke ji you xian gong si,
We sturen je dit bericht om je te laten weten dat je elektronische Factuur Fulfilled by Amazon voor de maand 7 2026 nu beschikbaar is in je Seller Central-account.
Als je toegang wilt krijgen tot je factuur, ga je naar je Seller Central-account > Overzichten > Bibliotheek met belastingdocumenten > Belastingfacturen voor kosten verkoper.
In je Seller Central-account kun je je factuur bekijken, downloaden of afdrukken.
Als je nog vragen hebt, kun je contact opnemen met de Ondersteuning voor verkopers.
Met vriendelijke groeten,
Amazon.nl
 Rapporteer een probleem met deze e-mail
 Als je vragen hebt, ga je naar: Seller Central
 Om je e-mailvoorkeuren te wijzigen, ga je naar: Voorkeuren voor meldingen
 We hopen dat je iets aan dit bericht hebt gehad. Als je in de toekomst echter liever niet meer van dit soort e-mails van Amazon.com wilt ontvangen, kun je je afmelden hier.
 Auteursrecht (copyright) 2026 Amazon, Inc. of haar dochterondernemingen. Alle rechten voorbehouden.
 Amazon Services Europe S.à r.l.
38 avenue John F. Kennedy
L-1855 Luxemburg
Geregistreerd in Luxemburg
R",2026-09-02 08:41:00,RETR,xtbBsgUsEmp1DMXPVwAA3H
法务/侵权类,older,account_4,weihaizhongxin2024@126.com,"Thu, 6 Aug 2026 22:22:58 +0000",Amazon Seller Central <donotreply@amazon.com>,Your Amazon.co.uk Fulfillment by Amazon Merchant Invoice for 7/2026,,"Your Amazon.co.uk Fulfillment by Amazon Merchant Invoice for 7/2026
 96
Hello,
We are writing to inform you that your electronic Fulfillment by Amazon Merchant Invoice for the month of 7/2026 is now available in your Seller Central Account.
To access your invoice, go to your Tax Document Library . In your Tax Document Library, you will be able to view, download or print your invoice.
The Amazon Services Team
 Report an issue with this email
 If you have any questions visit: Seller Central
 To change your email preferences visit: Notification Preferences
 We hope you found this message to be useful. However, if you'd rather not receive future e-mails of this sort from Amazon.com, please opt-out here.
 Copyright 2026 Amazon, Inc, or its affiliates. All rights reserved.
 Amazon.com, 410 Terry Avenue North, Seattle, WA 98109-5210
 SPC-EUAmazon-1583298424764621",2026-09-02 08:40:59,RETR,xtbBpQVLMWp1CUWz7wAA3V
法务/侵权类,older,account_4,weihaizhongxin2024@126.com,"Thu, 6 Aug 2026 22:21:25 +0000",Amazon Seller Central <donotreply@amazon.com>,Your Amazon.de Rechnung Versand durch Amazon for 7/2026,,"Your Amazon.de Rechnung Versand durch Amazon for 7/2026
 96
Guten Tag Shenzhen shi weihaizhongxin ke ji you xian gong si!
Wir möchten Sie darüber informieren, dass Ihr elektronisches Dokument Rechnung Versand durch Amazon für 7.2026 ab sofort in Ihrem Seller Central-Konto verfügbar ist.
Navigieren Sie in Ihrem Seller Central-Konto zu Berichte > Steuerdokumente > Rechnungen über Verkaufsgebühren, um auf Ihr Dokument (Rechnung) zuzugreifen.
In Ihrem Seller Central-Konto können Sie Ihr Dokument (Rechnung) anzeigen, herunterladen oder ausdrucken.
Wenden Sie sich bei weiteren Fragen bitte an die Verkäuferhilfe.
Freundliche Grüße,
Amazon.de
 Ein Problem mit dieser E-Mail melden
 Bei Fragen besuchen Sie: Seller Central
 Zum Ändern Ihrer E-Mail-Einstellungen, gehen Sie zu: Benachrichtigungseinstellungen
 Wir hoffen, diese Nachricht ist hilfreich für Sie. Falls Sie allerdings in Zukunft keine E-Mails dieser Art von Amazon.de erhalten möchten, melden Sie sich bitte ab.
 Copyright 2026 Amazon Inc. oder Tochtergesellschaften. Alle Rechte vorbehalten.
 Amazon EU S.à r.l.
38 avenue John F. Kennedy,
L-1855 Luxemburg,
Handelsregisternummer Luxemburg: B-101818,
 Gesellschaftskapital: 165.833 EUR,
G",2026-09-02 08:40:59,RETR,xtbBpAg0Gmp1COgxbQAA3h
法务/侵权类,older,account_4,weihaizhongxin2024@126.com,"Thu, 6 Aug 2026 22:11:14 +0000",Amazon Seller Central <donotreply@amazon.com>,Your Amazon.se Faktura Säljare for 7/2026,,"Your Amazon.se Faktura Säljare for 7/2026
 96
Hej Shenzhen shi weihaizhongxin ke ji you xian gong si!
Vi skriver för att informera dig om att din elektroniska Faktura Säljare för månaden 7/2026 nu finns tillgänglig på ditt Seller Central-konto.
För att komma åt ditt fakturagår du till ditt Seller Central-konto > Rapporter > Bibliotek för skattedokument > Skattefakturor för säljaravgifter.
På ditt Seller Central-konto kan du se, ladda ner eller skriva ut ditt faktura.
Om du har några frågor, kontakta säljarsupport.
Vänliga hälsningar,
Amazon.se
 Rapportera ett problem med detta e-post
 Om du har några frågor besök: Seller Central
 För att ändra dina e-postinställningar, besök: Inställningar för meddelanden
 Vi hoppas att du tyckte att det här meddelandet var användbart. Om du föredrar att inte få framtida e-postmeddelanden av detta slag från Amazon.com, välj bort det här.
 Upphovsrätt 2026 Amazon, Inc, eller dess dotterbolag. Alla rättigheter förbehållna.
 Amazon EU S.à r.l.
38 avenue John F. Kennedy
L-1855 Luxemburg
Registrerat i Luxemburg No. B-101818
Aktiekapital 165 833 EUR
Företagets registreringsnummer: 134248
Momsregistrering för Luxemburg LU 20260743.
 SPC-EUAmazon-123145470",2026-09-02 08:40:58,RETR,xtbBswOZf2p1BoOORQAA3H
法务/侵权类,older,account_4,weihaizhongxin2024@126.com,"Thu, 6 Aug 2026 22:06:58 +0000",Amazon Seller Central <donotreply@amazon.com>,Your Amazon.de Rechnung Versand durch Amazon for 7/2026,,"Your Amazon.de Rechnung Versand durch Amazon for 7/2026
 96
Guten Tag Shenzhen shi weihaizhongxin ke ji you xian gong si!
Wir möchten Sie darüber informieren, dass Ihr elektronisches Dokument Rechnung Versand durch Amazon für 7.2026 ab sofort in Ihrem Seller Central-Konto verfügbar ist.
Navigieren Sie in Ihrem Seller Central-Konto zu Berichte > Steuerdokumente > Rechnungen über Verkaufsgebühren, um auf Ihr Dokument (Rechnung) zuzugreifen.
In Ihrem Seller Central-Konto können Sie Ihr Dokument (Rechnung) anzeigen, herunterladen oder ausdrucken.
Wenden Sie sich bei weiteren Fragen bitte an die Verkäuferhilfe.
Freundliche Grüße,
Amazon.de
 Ein Problem mit dieser E-Mail melden
 Bei Fragen besuchen Sie: Seller Central
 Zum Ändern Ihrer E-Mail-Einstellungen, gehen Sie zu: Benachrichtigungseinstellungen
 Wir hoffen, diese Nachricht ist hilfreich für Sie. Falls Sie allerdings in Zukunft keine E-Mails dieser Art von Amazon.de erhalten möchten, melden Sie sich bitte ab.
 Copyright 2026 Amazon Inc. oder Tochtergesellschaften. Alle Rechte vorbehalten.
 Amazon EU S.à r.l.
38 avenue John F. Kennedy,
L-1855 Luxemburg,
Handelsregisternummer Luxemburg: B-101818,
 Gesellschaftskapital: 165.833 EUR,
G",2026-09-02 08:40:58,RETR,xtbBsgZaQGp1BYacoQAA3P
法务/侵权类,older,account_4,weihaizhongxin2024@126.com,"Thu, 6 Aug 2026 22:04:25 +0000",Amazon Seller Central <donotreply@amazon.com>,Your Amazon.de Rechnung Versand durch Amazon for 7/2026,,"Your Amazon.de Rechnung Versand durch Amazon for 7/2026
 96
Guten Tag Shenzhen shi weihaizhongxin ke ji you xian gong si!
Wir möchten Sie darüber informieren, dass Ihr elektronisches Dokument Rechnung Versand durch Amazon für 7.2026 ab sofort in Ihrem Seller Central-Konto verfügbar ist.
Navigieren Sie in Ihrem Seller Central-Konto zu Berichte > Steuerdokumente > Rechnungen über Verkaufsgebühren, um auf Ihr Dokument (Rechnung) zuzugreifen.
In Ihrem Seller Central-Konto können Sie Ihr Dokument (Rechnung) anzeigen, herunterladen oder ausdrucken.
Wenden Sie sich bei weiteren Fragen bitte an die Verkäuferhilfe.
Freundliche Grüße,
Amazon.de
 Ein Problem mit dieser E-Mail melden
 Bei Fragen besuchen Sie: Seller Central
 Zum Ändern Ihrer E-Mail-Einstellungen, gehen Sie zu: Benachrichtigungseinstellungen
 Wir hoffen, diese Nachricht ist hilfreich für Sie. Falls Sie allerdings in Zukunft keine E-Mails dieser Art von Amazon.de erhalten möchten, melden Sie sich bitte ab.
 Copyright 2026 Amazon Inc. oder Tochtergesellschaften. Alle Rechte vorbehalten.
 Amazon EU S.à r.l.
38 avenue John F. Kennedy,
L-1855 Luxemburg,
Handelsregisternummer Luxemburg: B-101818,
 Gesellschaftskapital: 165.833 EUR,
G",2026-09-02 08:40:57,RETR,xtbBpQ00Gmp1BO2R8wAA3S
法务/侵权类,older,account_4,weihaizhongxin2024@126.com,"Thu, 6 Aug 2026 22:03:54 +0000",Amazon Seller Central <donotreply@amazon.com>,Your Amazon.es Factura Logística de Amazon for 7/2026,,"Your Amazon.es Factura Logística de Amazon for 7/2026
 96
Hola, Shenzhen shi weihaizhongxin ke ji you xian gong si:
Te escribimos para comunicarte que tu Factura Logística de Amazon del mes de 7/2026 ya está disponible en tu cuenta de Seller Central.
Para acceder a la factura, ve a Seller Central > Informes > Biblioteca de documentos fiscales > Facturas de tarifas aplicables al vendedor.
Allí podrás ver, descargar o imprimir tu factura.
Para consultas, contacta con atención al vendedor.
Atentamente,
Amazon.es
 Informar de un problema con este correo electrónico
 Si tienes alguna pregunta, visita: Seller Central
 Para cambiar sus preferencias de correo electrónico visitan: Preferencias de Notificación
 Esperamos que este mensaje te haya parecido útil. Sin embargo, si prefieres no recibir correos electrónicos de Amazon.es de este tipo en el futuro, haz clic aquí.
 Copyright 2026 Amazon.com.mx, Inc. o sus afiliados. Todos los derechos reservados.
 Amazon EU S.à r.l.
38 avenue John F. Kennedy,
L-1855 Luxemburgo,
Número de Registro en Luxemburgo: No. B-101818,
Capital Social 165.833 EUR,
Número de licencia de actividad: 134248,
Nº de Registro IVA en Luxemburgo: LU 20260743.
 SPC-EUAmazo",2026-09-02 08:40:57,RETR,xtbBpQ4sEmp1BM6QogAA3y
法务/侵权类,older,account_4,weihaizhongxin2024@126.com,"Thu, 6 Aug 2026 21:54:25 +0000",Amazon Seller Central <donotreply@amazon.com>,Your Amazon.se Faktura Säljare for 7/2026,,"Your Amazon.se Faktura Säljare for 7/2026
 96
Hej Shenzhen shi weihaizhongxin ke ji you xian gong si!
Vi skriver för att informera dig om att din elektroniska Faktura Säljare för månaden 7/2026 nu finns tillgänglig på ditt Seller Central-konto.
För att komma åt ditt fakturagår du till ditt Seller Central-konto > Rapporter > Bibliotek för skattedokument > Skattefakturor för säljaravgifter.
På ditt Seller Central-konto kan du se, ladda ner eller skriva ut ditt faktura.
Om du har några frågor, kontakta säljarsupport.
Vänliga hälsningar,
Amazon.se
 Rapportera ett problem med detta e-post
 Om du har några frågor besök: Seller Central
 För att ändra dina e-postinställningar, besök: Inställningar för meddelanden
 Vi hoppas att du tyckte att det här meddelandet var användbart. Om du föredrar att inte få framtida e-postmeddelanden av detta slag från Amazon.com, välj bort det här.
 Upphovsrätt 2026 Amazon, Inc, eller dess dotterbolag. Alla rättigheter förbehållna.
 Amazon EU S.à r.l.
38 avenue John F. Kennedy
L-1855 Luxemburg
Registrerat i Luxemburg No. B-101818
Aktiekapital 165 833 EUR
Företagets registreringsnummer: 134248
Momsregistrering för Luxemburg LU 20260743.
 SPC-EUAmazon-791650053",2026-09-02 08:40:57,RETR,xtbBpROcgmp1ApN-1AAA3N
法务/侵权类,older,account_4,weihaizhongxin2024@126.com,"Thu, 6 Aug 2026 21:47:37 +0000",Amazon Seller Central <donotreply@amazon.com>,Your Amazon.nl Factuur Fulfilled by Amazon for 7/2026,,"Your Amazon.nl Factuur Fulfilled by Amazon for 7/2026
 96
Beste Shenzhen shi weihaizhongxin ke ji you xian gong si,
We sturen je dit bericht om je te laten weten dat je elektronische Factuur Fulfilled by Amazon voor de maand 7 2026 nu beschikbaar is in je Seller Central-account.
Als je toegang wilt krijgen tot je factuur, ga je naar je Seller Central-account > Overzichten > Bibliotheek met belastingdocumenten > Belastingfacturen voor kosten verkoper.
In je Seller Central-account kun je je factuur bekijken, downloaden of afdrukken.
Als je nog vragen hebt, kun je contact opnemen met de Ondersteuning voor verkopers.
Met vriendelijke groeten,
Amazon.nl
 Rapporteer een probleem met deze e-mail
 Als je vragen hebt, ga je naar: Seller Central
 Om je e-mailvoorkeuren te wijzigen, ga je naar: Voorkeuren voor meldingen
 We hopen dat je iets aan dit bericht hebt gehad. Als je in de toekomst echter liever niet meer van dit soort e-mails van Amazon.com wilt ontvangen, kun je je afmelden hier.
 Auteursrecht (copyright) 2026 Amazon, Inc. of haar dochterondernemingen. Alle rechten voorbehouden.
 Amazon Services Europe S.à r.l.
38 avenue John F. Kennedy
L-1855 Luxemburg
Geregistreerd in Luxemburg
R",2026-09-02 08:40:57,RETR,xtbBpRs2HGp1APt2MAAA32
法务/侵权类,older,account_4,weihaizhongxin2024@126.com,"Thu, 6 Aug 2026 21:38:59 +0000",Amazon Seller Central <donotreply@amazon.com>,Your Amazon.co.uk Merchant Invoice for 7/2026,,"Your Amazon.co.uk Merchant Invoice for 7/2026
 96
Hello,
We are writing to inform you that your electronic Merchant Invoice for the month of 7/2026 is now available in your Seller Central Account.
To access your invoice, go to your Tax Document Library . In your Tax Document Library, you will be able to view, download or print your invoice.
The Amazon Services Team
 Report an issue with this email
 If you have any questions visit: Seller Central
 To change your email preferences visit: Notification Preferences
 We hope you found this message to be useful. However, if you'd rather not receive future e-mails of this sort from Amazon.com, please opt-out here.
 Copyright 2026 Amazon, Inc, or its affiliates. All rights reserved.
 Amazon.com, 410 Terry Avenue North, Seattle, WA 98109-5210
 SPC-EUAmazon-1249046889259836",2026-09-02 08:40:56,RETR,xtbBpBW0mmp0-vXo1wAA31
法务/侵权类,older,account_4,weihaizhongxin2024@126.com,"Thu, 6 Aug 2026 21:29:22 +0000",Amazon Seller Central <donotreply@amazon.com>,Your Amazon.nl Factuur Verkoper for 7/2026,,"Your Amazon.nl Factuur Verkoper for 7/2026
 96
Beste Shenzhen shi weihaizhongxin ke ji you xian gong si,
We sturen je dit bericht om je te laten weten dat je elektronische Factuur Verkoper voor de maand 7 2026 nu beschikbaar is in je Seller Central-account.
Als je toegang wilt krijgen tot je factuur, ga je naar je Seller Central-account > Overzichten > Bibliotheek met belastingdocumenten > Belastingfacturen voor kosten verkoper.
In je Seller Central-account kun je je factuur bekijken, downloaden of afdrukken.
Als je nog vragen hebt, kun je contact opnemen met de Ondersteuning voor verkopers.
Met vriendelijke groeten,
Amazon.nl
 Rapporteer een probleem met deze e-mail
 Als je vragen hebt, ga je naar: Seller Central
 Om je e-mailvoorkeuren te wijzigen, ga je naar: Voorkeuren voor meldingen
 We hopen dat je iets aan dit bericht hebt gehad. Als je in de toekomst echter liever niet meer van dit soort e-mails van Amazon.com wilt ontvangen, kun je je afmelden hier.
 Auteursrecht (copyright) 2026 Amazon, Inc. of haar dochterondernemingen. Alle rechten voorbehouden.
 Amazon Services Europe S.à r.l.
38 avenue John F. Kennedy
L-1855 Luxemburg
Geregistreerd in Luxemburg
RCS Luxemburg Nr: B-938",2026-09-02 08:40:56,RETR,xtbBsxUkCmp0-LVHFQAA3N
法务/侵权类,older,account_4,weihaizhongxin2024@126.com,"Thu, 6 Aug 2026 21:12:05 +0000",Amazon Seller Central <donotreply@amazon.com>,Your Amazon.com.be Factuur Fulfilled by Amazon for 7/2026,,"Your Amazon.com.be Factuur Fulfilled by Amazon for 7/2026
 96
Beste Shenzhen shi weihaizhongxin ke ji you xian gong si,
We sturen je dit bericht om je te laten weten dat je elektronische Factuur Fulfilled by Amazon voor de maand 7 2026 nu beschikbaar is in je Seller Central-account.
Als je toegang wilt krijgen tot je factuur, ga je naar je Seller Central-account > Overzichten > Bibliotheek met belastingdocumenten > Belastingfacturen voor kosten verkoper.
In je Seller Central-account kun je je factuur bekijken, downloaden of afdrukken.
Als je nog vragen hebt, kun je contact opnemen met de Ondersteuning voor verkopers.
Met vriendelijke groeten,
Amazon.com.be
 Monsieur/Madame Shenzhen shi weihaizhongxin ke ji you xian gong si,
Nous vous écrivons pour vous informer que votre Facture Expédié Par Amazon pour le mois de 7/2026 est maintenant disponible dans votre compte Seller Central.
Pour accéder à votre facture, rendez-vous sur votre compte Seller Central et veuillez accéder à la page Rapports > Bibliothèque d'informations fiscales > Factures des frais du vendeur.
Dans votre compte Seller Central, vous pourrez afficher, télécharger ou imprimer votre facture.
Pour toute question, contac",2026-09-02 08:40:56,RETR,xtbBswggBmp0+KgpwgAA34
法务/侵权类,older,account_4,weihaizhongxin2024@126.com,"Thu, 6 Aug 2026 20:48:48 +0000",Amazon Seller Central <donotreply@amazon.com>,Your Amazon.pl Faktura Sprzedawcy for 7/2026,,"Your Amazon.pl Faktura Sprzedawcy for 7/2026
 96
Cześć Shenzhen shi weihaizhongxin ke ji you xian gong si,
Pragniemy poinformować, że ten elektroniczny dokument jest już dostępny na Twoim koncie Seller Central: Faktura Sprzedawcy za miesiąc 7 i rok 2026.
Aby uzyskać dostęp do tego dokumentu typu faktura, przejdź na konto Seller Central > Raporty > Dokumenty podatkowe > Faktury podatkowe z tytułu opłat od sprzedawcy.
Na koncie Seller Central możesz wyświetlić, pobrać i wydrukować taki dokument (faktura).
Jeśli masz jakieś pytania, skontaktuj się z działem pomocy dla sprzedawców.
Pozdrawiamy,
Amazon.pl
 Zgłoś problem z tym e-mailem
 Jeśli masz pytania, odwiedź stronę: Seller Central
 Aby zmienić preferencje poczty e-mail, odwiedź: Preferencje powiadomień
 Mamy nadzieję, że ta wiadomość jest pomocna. Jeśli jednak wolisz nie otrzymywać przyszłych wiadomości e-mail tego typu z witryny Amazon.com, zrezygnuj z tej opcji tutaj.
 Prawa autorskie 2026 Amazon, Inc. lub jej podmioty stowarzyszone. Wszelkie prawa zastrzeżone.
 Amazon EU S.a.r.l.
38 avenue John F. Kennedy
L-1855 Luksemburg,
spółka zarejestrowana w Luksemburgu pod nr. B-101818,
kapitał zakładowy: 165,833 EUR,
numer zezwolenia na ",2026-09-02 08:40:55,RETR,xtbBshPApmp08zMb8gAA3w
法务/侵权类,older,account_4,weihaizhongxin2024@126.com,"Thu, 6 Aug 2026 20:17:41 +0000",Amazon Seller Central <donotreply@amazon.com>,Your Amazon.se Faktura Fraktas Av Amazon for 7/2026,,"Your Amazon.se Faktura Fraktas Av Amazon for 7/2026
 96
Hej Shenzhen shi weihaizhongxin ke ji you xian gong si!
Vi skriver för att informera dig om att din elektroniska Faktura Fraktas Av Amazon för månaden 7/2026 nu finns tillgänglig på ditt Seller Central-konto.
För att komma åt ditt fakturagår du till ditt Seller Central-konto > Rapporter > Bibliotek för skattedokument > Skattefakturor för säljaravgifter.
På ditt Seller Central-konto kan du se, ladda ner eller skriva ut ditt faktura.
Om du har några frågor, kontakta säljarsupport.
Vänliga hälsningar,
Amazon.se
 Rapportera ett problem med detta e-post
 Om du har några frågor besök: Seller Central
 För att ändra dina e-postinställningar, besök: Inställningar för meddelanden
 Vi hoppas att du tyckte att det här meddelandet var användbart. Om du föredrar att inte få framtida e-postmeddelanden av detta slag från Amazon.com, välj bort det här.
 Upphovsrätt 2026 Amazon, Inc, eller dess dotterbolag. Alla rättigheter förbehållna.
 Amazon EU S.à r.l.
38 avenue John F. Kennedy
L-1855 Luxemburg
Registrerat i Luxemburg No. B-101818
Aktiekapital 165 833 EUR
Företagets registreringsnummer: 134248
Momsregistrering för Luxemburg LU 20260743.
 SP",2026-09-02 08:40:55,RETR,xtbBpQjs0mp06+jlIQAA3K
法务/侵权类,older,account_4,weihaizhongxin2024@126.com,"Thu, 6 Aug 2026 20:06:31 +0000",Amazon Seller Central <donotreply@amazon.com>,Your Amazon.de Rechnung Versand durch Amazon for 7/2026,,"Your Amazon.de Rechnung Versand durch Amazon for 7/2026
 96
Guten Tag Shenzhen shi weihaizhongxin ke ji you xian gong si!
Wir möchten Sie darüber informieren, dass Ihr elektronisches Dokument Rechnung Versand durch Amazon für 7.2026 ab sofort in Ihrem Seller Central-Konto verfügbar ist.
Navigieren Sie in Ihrem Seller Central-Konto zu Berichte > Steuerdokumente > Rechnungen über Verkaufsgebühren, um auf Ihr Dokument (Rechnung) zuzugreifen.
In Ihrem Seller Central-Konto können Sie Ihr Dokument (Rechnung) anzeigen, herunterladen oder ausdrucken.
Wenden Sie sich bei weiteren Fragen bitte an die Verkäuferhilfe.
Freundliche Grüße,
Amazon.de
 Ein Problem mit dieser E-Mail melden
 Bei Fragen besuchen Sie: Seller Central
 Zum Ändern Ihrer E-Mail-Einstellungen, gehen Sie zu: Benachrichtigungseinstellungen
 Wir hoffen, diese Nachricht ist hilfreich für Sie. Falls Sie allerdings in Zukunft keine E-Mails dieser Art von Amazon.de erhalten möchten, melden Sie sich bitte ab.
 Copyright 2026 Amazon Inc. oder Tochtergesellschaften. Alle Rechte vorbehalten.
 Amazon EU S.à r.l.
38 avenue John F. Kennedy,
L-1855 Luxemburg,
Handelsregisternummer Luxemburg: B-101818,
 Gesellschaftskapital: 165.833 EUR,
G",2026-09-02 08:40:55,RETR,xtbBpQlEKmp06UnOwgAA3w
法务/侵权类,older,account_4,weihaizhongxin2024@126.com,"Thu, 6 Aug 2026 19:28:35 +0000",Amazon Seller Central <donotreply@amazon.com>,Your Amazon.ie Merchant Invoice for 7/2026,,"Your Amazon.ie Merchant Invoice for 7/2026
 96
Hello,
We are writing to inform you that your electronic Merchant Invoice for the month of 7/2026 is now available in your Seller Central Account.
To access your invoice, go to your Tax Document Library . In your Tax Document Library, you will be able to view, download or print your invoice.
The Amazon Services Team
 Report an issue with this email
 If you have any questions visit: Seller Central
 To change your email preferences visit: Notification Preferences
 We hope you found this message to be useful. However, if you'd rather not receive future e-mails of this sort from Amazon.com, please opt-out here.
 Copyright 2026 Amazon, Inc, or its affiliates. All rights reserved.
 Amazon.com, 410 Terry Avenue North, Seattle, WA 98109-5210
 SPC-EUAmazon-668504748077771",2026-09-02 08:40:55,RETR,xtbBpAYJ7mp04GYQZQAA3o
法务/侵权类,older,account_4,weihaizhongxin2024@126.com,"Thu, 6 Aug 2026 19:23:33 +0000",Amazon Seller Central <donotreply@amazon.com>,Your Amazon.de Rechnung Versand durch Amazon for 7/2026,,"Your Amazon.de Rechnung Versand durch Amazon for 7/2026
 96
Guten Tag Shenzhen shi weihaizhongxin ke ji you xian gong si!
Wir möchten Sie darüber informieren, dass Ihr elektronisches Dokument Rechnung Versand durch Amazon für 7.2026 ab sofort in Ihrem Seller Central-Konto verfügbar ist.
Navigieren Sie in Ihrem Seller Central-Konto zu Berichte > Steuerdokumente > Rechnungen über Verkaufsgebühren, um auf Ihr Dokument (Rechnung) zuzugreifen.
In Ihrem Seller Central-Konto können Sie Ihr Dokument (Rechnung) anzeigen, herunterladen oder ausdrucken.
Wenden Sie sich bei weiteren Fragen bitte an die Verkäuferhilfe.
Freundliche Grüße,
Amazon.de
 Ein Problem mit dieser E-Mail melden
 Bei Fragen besuchen Sie: Seller Central
 Zum Ändern Ihrer E-Mail-Einstellungen, gehen Sie zu: Benachrichtigungseinstellungen
 Wir hoffen, diese Nachricht ist hilfreich für Sie. Falls Sie allerdings in Zukunft keine E-Mails dieser Art von Amazon.de erhalten möchten, melden Sie sich bitte ab.
 Copyright 2026 Amazon Inc. oder Tochtergesellschaften. Alle Rechte vorbehalten.
 Amazon EU S.à r.l.
38 avenue John F. Kennedy,
L-1855 Luxemburg,
Handelsregisternummer Luxemburg: B-101818,
 Gesellschaftskapital: 165.833 EUR,
G",2026-09-02 08:40:54,RETR,xtbBsxi9o2p03zh8AwAA3z
法务/侵权类,older,account_4,weihaizhongxin2024@126.com,"Thu, 6 Aug 2026 19:12:53 +0000",Amazon Seller Central <donotreply@amazon.com>,Your Amazon.es Factura Logística de Amazon for 7/2026,,"Your Amazon.es Factura Logística de Amazon for 7/2026
 96
Hola, Shenzhen shi weihaizhongxin ke ji you xian gong si:
Te escribimos para comunicarte que tu Factura Logística de Amazon del mes de 7/2026 ya está disponible en tu cuenta de Seller Central.
Para acceder a la factura, ve a Seller Central > Informes > Biblioteca de documentos fiscales > Facturas de tarifas aplicables al vendedor.
Allí podrás ver, descargar o imprimir tu factura.
Para consultas, contacta con atención al vendedor.
Atentamente,
Amazon.es
 Informar de un problema con este correo electrónico
 Si tienes alguna pregunta, visita: Seller Central
 Para cambiar sus preferencias de correo electrónico visitan: Preferencias de Notificación
 Esperamos que este mensaje te haya parecido útil. Sin embargo, si prefieres no recibir correos electrónicos de Amazon.es de este tipo en el futuro, haz clic aquí.
 Copyright 2026 Amazon.com.mx, Inc. o sus afiliados. Todos los derechos reservados.
 Amazon EU S.à r.l.
38 avenue John F. Kennedy,
L-1855 Luxemburgo,
Número de Registro en Luxemburgo: No. B-101818,
Capital Social 165.833 EUR,
Número de licencia de actividad: 134248,
Nº de Registro IVA en Luxemburgo: LU 20260743.
 SPC-EUAmazo",2026-09-02 08:40:54,RETR,xtbBpRgdA2p03Lh7SgAA3o
法务/侵权类,older,account_4,weihaizhongxin2024@126.com,"Thu, 6 Aug 2026 18:53:35 +0000",Amazon Seller Central <donotreply@amazon.com>,Your Amazon.nl Factuur Verkoper for 7/2026,,"Your Amazon.nl Factuur Verkoper for 7/2026
 96
Beste Shenzhen shi weihaizhongxin ke ji you xian gong si,
We sturen je dit bericht om je te laten weten dat je elektronische Factuur Verkoper voor de maand 7 2026 nu beschikbaar is in je Seller Central-account.
Als je toegang wilt krijgen tot je factuur, ga je naar je Seller Central-account > Overzichten > Bibliotheek met belastingdocumenten > Belastingfacturen voor kosten verkoper.
In je Seller Central-account kun je je factuur bekijken, downloaden of afdrukken.
Als je nog vragen hebt, kun je contact opnemen met de Ondersteuning voor verkopers.
Met vriendelijke groeten,
Amazon.nl
 Rapporteer een probleem met deze e-mail
 Als je vragen hebt, ga je naar: Seller Central
 Om je e-mailvoorkeuren te wijzigen, ga je naar: Voorkeuren voor meldingen
 We hopen dat je iets aan dit bericht hebt gehad. Als je in de toekomst echter liever niet meer van dit soort e-mails van Amazon.com wilt ontvangen, kun je je afmelden hier.
 Auteursrecht (copyright) 2026 Amazon, Inc. of haar dochterondernemingen. Alle rechten voorbehouden.
 Amazon Services Europe S.à r.l.
38 avenue John F. Kennedy
L-1855 Luxemburg
Geregistreerd in Luxemburg
RCS Luxemburg Nr: B-938",2026-09-02 08:40:53,RETR,xtbBpBP532p02DPdkQAA3o
法务/侵权类,older,account_4,weihaizhongxin2024@126.com,"Thu, 6 Aug 2026 18:41:30 +0000",Amazon Seller Central <donotreply@amazon.com>,Your Amazon.co.uk Fulfillment by Amazon Merchant Invoice for 7/2026,,"Your Amazon.co.uk Fulfillment by Amazon Merchant Invoice for 7/2026
 96
Hello,
We are writing to inform you that your electronic Fulfillment by Amazon Merchant Invoice for the month of 7/2026 is now available in your Seller Central Account.
To access your invoice, go to your Tax Document Library . In your Tax Document Library, you will be able to view, download or print your invoice.
The Amazon Services Team
 Report an issue with this email
 If you have any questions visit: Seller Central
 To change your email preferences visit: Notification Preferences
 We hope you found this message to be useful. However, if you'd rather not receive future e-mails of this sort from Amazon.com, please opt-out here.
 Copyright 2026 Amazon, Inc, or its affiliates. All rights reserved.
 Amazon.com, 410 Terry Avenue North, Seattle, WA 98109-5210
 SPC-EUAmazon-1495337494867443",2026-09-02 08:40:53,RETR,xtbBsxxEKmp01Vw+xAAA3s
法务/侵权类,older,account_4,weihaizhongxin2024@126.com,"Thu, 6 Aug 2026 18:32:51 +0000",Amazon Seller Central <donotreply@amazon.com>,Your Amazon.com.be Factuur Fulfilled by Amazon for 7/2026,,"Your Amazon.com.be Factuur Fulfilled by Amazon for 7/2026
 96
Beste Shenzhen shi weihaizhongxin ke ji you xian gong si,
We sturen je dit bericht om je te laten weten dat je elektronische Factuur Fulfilled by Amazon voor de maand 7 2026 nu beschikbaar is in je Seller Central-account.
Als je toegang wilt krijgen tot je factuur, ga je naar je Seller Central-account > Overzichten > Bibliotheek met belastingdocumenten > Belastingfacturen voor kosten verkoper.
In je Seller Central-account kun je je factuur bekijken, downloaden of afdrukken.
Als je nog vragen hebt, kun je contact opnemen met de Ondersteuning voor verkopers.
Met vriendelijke groeten,
Amazon.com.be
 Monsieur/Madame Shenzhen shi weihaizhongxin ke ji you xian gong si,
Nous vous écrivons pour vous informer que votre Facture Expédié Par Amazon pour le mois de 7/2026 est maintenant disponible dans votre compte Seller Central.
Pour accéder à votre facture, rendez-vous sur votre compte Seller Central et veuillez accéder à la page Rapports > Bibliothèque d'informations fiscales > Factures des frais du vendeur.
Dans votre compte Seller Central, vous pourrez afficher, télécharger ou imprimer votre facture.
Pour toute question, contac",2026-09-02 08:40:52,RETR,xtbBshbBp2p001ZGwAAA3f
法务/侵权类,older,account_4,weihaizhongxin2024@126.com,"Thu, 6 Aug 2026 18:19:52 +0000",Amazon Services <donotreply@amazon.com>,"Invia la documentazione sulla sicurezza del prodotto per evitare la
 disattivazione dell'offerta",,"96
 Gentile Weihai EU,
 Alcune delle tue offerte sono a rischio di disattivazione perché i relativi prodotti non soddisfano i requisiti obbligatori sulla conformità. Rivedi i dettagli e i passi successivi riportati di seguito. Puoi visualizzare le offerte interessate in fondo a questa e-mail.
 Ciò a cosa è dovuto?
 Abbiamo intrapreso questo provvedimento in quanto i tuoi prodotti non dispongono delle informazioni obbligatorie sulla conformità. Consulta la pagina di aiuto Sicurezza e conformità dei prodotti per informazioni sulle leggi, le normative e le politiche di Amazon applicabili.
 La tabella alla fine di questa e-mail contiene i requisiti di conformità specifici per i prodotti.
 Come faccio a riattivare le mie offerte?
 Per fornire le informazioni di conformità richieste, vai alla pagina Stato dell'account per individuare le richieste di conformità dei prodotti:
-
 Se disponi della documentazione richiesta, segui le istruzioni per inviare i documenti di conformità.
-
 Se ritieni che i tuoi prodotti siano esenti da questi requisiti, invia la documentazione che dimostra il motivo per cui non sono soggetti a questi requisiti di conformità.
 Per istruzioni dettagliate, consulta l",2026-09-02 08:40:52,RETR,xtbBswr942p00EoccAAA3P
法务/侵权类,older,account_4,weihaizhongxin2024@126.com,"Thu, 6 Aug 2026 18:19:26 +0000",Amazon Services <donotreply@amazon.com>,Przesyłanie dokumentacji dotyczącej bezpieczeństwa produktu w celu niedopuszczenia do dezaktywacji oferty,,"96
 Dzień dobry Weihai EU,
 niektóre z Twoich ofert są zagrożone dezaktywacją z powodu niespełnienia obowiązków dotyczących zgodności wystawianych przez Ciebie produktów z wymogami. Poniżej znajdziesz szczegółowe informacje oraz dalsze instrukcje. Oferty produktów, których dotyczy problem, wskazano na końcu niniejszej wiadomości e-mail.
 Dlaczego tak się stało?
 Podjęliśmy to działanie, ponieważ w przypadku tych produktów nie dostarczono obowiązkowych informacji dotyczących zgodności z wymogami. Więcej informacji na temat mających zastosowanie przepisów ustawowych i wykonawczych oraz zasad Amazon znajdziesz na stronie Bezpieczeństwo i zgodność produktu z wymogami .
 Informacje na temat wymogów dotyczących zgodności dla poszczególnych produktów znajdziesz w tabeli na końcu tej wiadomości e-mail.
 Jak mogę ponownie aktywować oferty?
 Aby dostarczyć niezbędne informacje dotyczące zgodności z wymogami, przejdź do panelu Kondycja konta i znajdź żądania dotyczące zgodności produktu z wymogami:
-
 Jeśli dysponujesz wymaganymi dokumentami zgodności, postępuj zgodnie z instrukcjami, aby je przesłać.
-
 Jeśli uważasz, że Twoje produkty są zwolnione z wymogów dotyczących zgodności, prześlij d",2026-09-02 08:40:52,RETR,xtbBpRL33Wp00DIqDAAA3H
法务/侵权类,older,account_4,weihaizhongxin2024@126.com,"Thu, 6 Aug 2026 18:19:11 +0000",Amazon Services <donotreply@amazon.com>,Skicka in produktsäkerhetsdokumentation för att undvika att produktposterna inaktiveras,,"96
 Hej Weihai EU!
 Vissa av dina produktposter riskerar att inaktiveras på grund av att det saknas obligatorisk information om överensstämmelse för produkterna. Granska informationen och följande steg nedan. De berörda produktposterna visas i slutet av det här e-postmeddelandet.
 Varför händer det här?
 Vi vidtar den här åtgärden eftersom det saknas obligatorisk information om överensstämmelse för de här produkterna. Läs vår hjälpsida för Produktsäkerhet och -överensstämmelse för information om tillämpliga lagar, förordningar och Amazons policyer.
 Tabellen i slutet av detta e-postmeddelande innehåller produktspecifika krav för överensstämmelse.
 Hur återaktiverar jag mina produktposter?
 Om du vill tillhandahålla den begärda överensstämmelseinformationen går du till sidan Kontostatus och letar upp begäranden om produktöverensstämmelse:
-
 Om du har den obligatoriska dokumentationen ska du skicka in dina överensstämmelsedokument enligt instruktionerna.
-
 Om du tror att dina produkter är undantagna från dessa krav skickar du in dokumentation som visar varför de inte omfattas av dessa överensstämmelsekrav.
 Du hittar stegvisa instruktioner på vår hjälpsida om Skicka in intyg om öve",2026-09-02 08:40:51,RETR,xtbBswDz2Wp00CAbbAAA3A
法务/侵权类,older,account_4,weihaizhongxin2024@126.com,"Thu, 6 Aug 2026 18:11:19 +0000",Amazon Services <donotreply@amazon.com>,"Dien productveiligheidsdocumentatie in om de deactivering van de
 productvermelding te voorkomen",,"96
 Hallo Weihai EU,
 Enkele van je productvermeldingen lopen het risico op deactivering omdat er verplichte nalevingsvereisten voor je producten ontbreken. Bekijk de gegevens en de stappen hieronder. De betreffende productvermeldingen worden aan het einde van deze e-mail weergegeven.
 Waarom gebeurt dit?
 We hebben deze actie ondernomen omdat voor deze producten verplichte nalevingsinformatie ontbreekt. Raadpleeg onze hulp-pagina Productveiligheid en -conformiteit voor informatie over de toepasselijke wet- en regelgeving en het Amazon-beleid.
 De tabel aan het einde van deze e-mail bevat productspecifieke nalevingsvereisten.
 Hoe activeer ik mijn productvermeldingen opnieuw?
 Als je de vereiste nalevingsgegevens wilt verstrekken, ga je naar de pagina Accountstatus en zoek je de aanvragen voor productconformiteit:
-
 Als je over de vereiste documentatie beschikt, volg je de instructies om je nalevingsdocumenten in te dienen.
-
 Als je van mening bent dat je producten zijn vrijgesteld van deze vereisten, dien dan documentatie in waaruit blijkt wat de reden is dat ze niet aan deze nalevingsvereisten zijn onderworpen.
 Raadpleeg voor stapsgewijze instructies onze hulp-pagina Documente",2026-09-02 08:40:51,RETR,xtbBsgl9Y2p0zkkiawAA31
法务/侵权类,older,account_4,weihaizhongxin2024@126.com,"Thu, 6 Aug 2026 18:05:50 +0000",Amazon Seller Central <donotreply@amazon.com>,Your Amazon.nl Factuur Fulfilled by Amazon for 7/2026,,"Your Amazon.nl Factuur Fulfilled by Amazon for 7/2026
 96
Beste Shenzhen shi weihaizhongxin ke ji you xian gong si,
We sturen je dit bericht om je te laten weten dat je elektronische Factuur Fulfilled by Amazon voor de maand 7 2026 nu beschikbaar is in je Seller Central-account.
Als je toegang wilt krijgen tot je factuur, ga je naar je Seller Central-account > Overzichten > Bibliotheek met belastingdocumenten > Belastingfacturen voor kosten verkoper.
In je Seller Central-account kun je je factuur bekijken, downloaden of afdrukken.
Als je nog vragen hebt, kun je contact opnemen met de Ondersteuning voor verkopers.
Met vriendelijke groeten,
Amazon.nl
 Rapporteer een probleem met deze e-mail
 Als je vragen hebt, ga je naar: Seller Central
 Om je e-mailvoorkeuren te wijzigen, ga je naar: Voorkeuren voor meldingen
 We hopen dat je iets aan dit bericht hebt gehad. Als je in de toekomst echter liever niet meer van dit soort e-mails van Amazon.com wilt ontvangen, kun je je afmelden hier.
 Auteursrecht (copyright) 2026 Amazon, Inc. of haar dochterondernemingen. Alle rechten voorbehouden.
 Amazon Services Europe S.à r.l.
38 avenue John F. Kennedy
L-1855 Luxemburg
Geregistreerd in Luxemburg
R",2026-09-02 08:40:51,RETR,xtbBsgArEWp0zQAY3gAA3d
法务/侵权类,older,account_4,weihaizhongxin2024@126.com,"Thu, 6 Aug 2026 18:01:58 +0000",Amazon Services <donotreply@amazon.com>,Presenta la documentación sobre seguridad del producto para evitar la desactivación de los listings,,"96
 Hola, Weihai EU:
 Algunos de tus listings están en riesgo de desactivación debido a que tus productos no cumplen los requisitos obligatorios. Revisa a continuación los detalles y siguientes pasos. Los listings afectados aparecen al final de este correo electrónico.
 ¿A qué se debe esto?
 Tomamos esta medida porque a estos productos les falta información de cumplimiento normativo obligatoria. Para más información sobre las leyes, normativas y políticas de Amazon aplicables, consulta Cumplimiento y seguridad de los productos .
 En la tabla que aparece al final de este correo electrónico se proporcionan los requisitos de cumplimiento normativo específicos del producto.
 ¿Cómo puedo reactivar mis listings?
 Para proporcionar la información de cumplimiento normativo obligatoria, ve a la página Estado de la cuenta y localiza las solicitudes de cumplimiento normativo del producto:
-
 Si dispones de la documentación obligatoria, sigue las instrucciones para presentar los documentos de cumplimiento normativo.
-
 Si crees que tus productos están exentos de estos requisitos, presenta documentación que demuestre por qué no están sujetos a estos requisitos de cumplimiento normativo.
 Para v",2026-09-02 08:40:50,RETR,xtbBpRrw1mp0zBoKtgAA3t
法务/侵权类,older,account_4,weihaizhongxin2024@126.com,"Thu, 6 Aug 2026 17:51:18 +0000",Amazon Services <donotreply@amazon.com>,Soumettre la documentation de sécurité des produits pour éviter la désactivation des mises en vente,,"96
 Bonjour Weihai EU,
 Certaines de vos mises en vente risquent d’être désactivées, car vos produits ne respectent pas les exigences de conformité obligatoires. Consultez les détails et les étapes suivantes ci-dessous. Les produits mis en vente concernés figurent à la fin de cet e-mail.
 Pourquoi cela se produit-il ?
 Nous prenons cette mesure, car ces produits ne présentent pas les informations de conformité obligatoires. Consultez notre page d’aide Sécurité et conformité des produits pour obtenir des informations sur les lois, réglementations et politiques Amazon applicables.
 Le tableau situé à la fin de cet e-mail présente les exigences de conformité spécifiques aux produits.
 Comment réactiver mes produits mis en vente ?
 Pour fournir les informations de conformité requises, accédez à la page État du compte et localisez les demandes de conformité des produits :
-
 Si vous disposez des documents requis, suivez les instructions pour soumettre vos documents de conformité.
-
 Si vous pensez que vos produits sont exemptés de ces exigences, soumettez des pièces justificatives prouvant les raisons pour lesquelles ils ne sont pas soumis à ces exigences de conformité.
 Pour des instru",2026-09-02 08:40:50,RETR,xtbBshhQNmp0yZgDEgAA3S
法务/侵权类,older,account_4,weihaizhongxin2024@126.com,"Thu, 6 Aug 2026 17:34:44 +0000",Amazon Seller Central <donotreply@amazon.com>,Your Amazon.co.uk AGL Merchant Self-Billing Invoice for 7/2026,,"Your Amazon.co.uk AGL Merchant Self-Billing Invoice for 7/2026
 96
Hello,
We are writing to inform you that your electronic AGL Merchant Self-Billing Invoice for the month of 7/2026 is now available in your Seller Central Account.
To access your invoice, go to your Tax Document Library . In your Tax Document Library, you will be able to view, download or print your invoice.
The Amazon Services Team
 Report an issue with this email
 If you have any questions visit: Seller Central
 To change your email preferences visit: Notification Preferences
 We hope you found this message to be useful. However, if you'd rather not receive future e-mails of this sort from Amazon.com, please opt-out here.
 Copyright 2026 Amazon, Inc, or its affiliates. All rights reserved.
 Amazon.com, 410 Terry Avenue North, Seattle, WA 98109-5210
 SPC-EUAmazon-1759220283268036",2026-09-02 08:40:50,RETR,xtbBpBZWPGp0xbZcygAA3j
法务/侵权类,older,account_4,weihaizhongxin2024@126.com,"Thu, 6 Aug 2026 17:18:21 +0000",Amazon Seller Central <donotreply@amazon.com>,Your Amazon.de Selbstfakturierung AGL for 7/2026,,"Your Amazon.de Selbstfakturierung AGL for 7/2026
 96
Guten Tag Shenzhen shi weihaizhongxin ke ji you xian gong si!
Wir möchten Sie darüber informieren, dass Ihr elektronisches Dokument Selbstfakturierung AGL für 7.2026 ab sofort in Ihrem Seller Central-Konto verfügbar ist.
Navigieren Sie in Ihrem Seller Central-Konto zu Berichte > Steuerdokumente > Rechnungen über Verkaufsgebühren, um auf Ihr Dokument (Rechnung) zuzugreifen.
In Ihrem Seller Central-Konto können Sie Ihr Dokument (Rechnung) anzeigen, herunterladen oder ausdrucken.
Wenden Sie sich bei weiteren Fragen bitte an die Verkäuferhilfe.
Freundliche Grüße,
Amazon.de
 Ein Problem mit dieser E-Mail melden
 Bei Fragen besuchen Sie: Seller Central
 Zum Ändern Ihrer E-Mail-Einstellungen, gehen Sie zu: Benachrichtigungseinstellungen
 Wir hoffen, diese Nachricht ist hilfreich für Sie. Falls Sie allerdings in Zukunft keine E-Mails dieser Art von Amazon.de erhalten möchten, melden Sie sich bitte ab.
 Copyright 2026 Amazon Inc. oder Tochtergesellschaften. Alle Rechte vorbehalten.
 Amazon EU S.à r.l.
38 avenue John F. Kennedy,
L-1855 Luxemburg,
Handelsregisternummer Luxemburg: B-101818,
 Gesellschaftskapital: 165.833 EUR,
Gewerbelizenznu",2026-09-02 08:40:49,RETR,xtbBsx9fRWp0wd+w3AAA3a
法务/侵权类,older,account_4,weihaizhongxin2024@126.com,"Thu, 6 Aug 2026 16:03:24 +0000",Amazon Seller Central <donotreply@amazon.com>,Your Amazon.es Factura Vendedor for 7/2026,,"Your Amazon.es Factura Vendedor for 7/2026
 96
Hola, Shenzhen shi weihaizhongxin ke ji you xian gong si:
Te escribimos para comunicarte que tu Factura Vendedor del mes de 7/2026 ya está disponible en tu cuenta de Seller Central.
Para acceder a la factura, ve a Seller Central > Informes > Biblioteca de documentos fiscales > Facturas de tarifas aplicables al vendedor.
Allí podrás ver, descargar o imprimir tu factura.
Para consultas, contacta con atención al vendedor.
Atentamente,
Amazon.es
 Informar de un problema con este correo electrónico
 Si tienes alguna pregunta, visita: Seller Central
 Para cambiar sus preferencias de correo electrónico visitan: Preferencias de Notificación
 Esperamos que este mensaje te haya parecido útil. Sin embargo, si prefieres no recibir correos electrónicos de Amazon.es de este tipo en el futuro, haz clic aquí.
 Copyright 2026 Amazon.com.mx, Inc. o sus afiliados. Todos los derechos reservados.
 Amazon EU S.à r.l.
38 avenue John F. Kennedy,
L-1855 Luxemburgo,
Número de Registro en Luxemburgo: No. B-101818,
Capital Social 165.833 EUR,
Número de licencia de actividad: 134248,
Nº de Registro IVA en Luxemburgo: LU 20260743.
 SPC-EUAmazon-1002756283678822",2026-09-02 08:40:48,RETR,xtbBsw-23Gp0sE8WNwAA3W
法务/侵权类,older,account_4,weihaizhongxin2024@126.com,"Thu, 6 Aug 2026 15:58:38 +0000",Amazon Seller Central <donotreply@amazon.com>,Your Amazon.com.be Factuur Verkoper for 7/2026,,"Your Amazon.com.be Factuur Verkoper for 7/2026
 96
Beste Shenzhen shi weihaizhongxin ke ji you xian gong si,
We sturen je dit bericht om je te laten weten dat je elektronische Factuur Verkoper voor de maand 7 2026 nu beschikbaar is in je Seller Central-account.
Als je toegang wilt krijgen tot je factuur, ga je naar je Seller Central-account > Overzichten > Bibliotheek met belastingdocumenten > Belastingfacturen voor kosten verkoper.
In je Seller Central-account kun je je factuur bekijken, downloaden of afdrukken.
Als je nog vragen hebt, kun je contact opnemen met de Ondersteuning voor verkopers.
Met vriendelijke groeten,
Amazon.com.be
 Monsieur/Madame Shenzhen shi weihaizhongxin ke ji you xian gong si,
Nous vous écrivons pour vous informer que votre Facture Vendeur pour le mois de 7/2026 est maintenant disponible dans votre compte Seller Central.
Pour accéder à votre facture, rendez-vous sur votre compte Seller Central et veuillez accéder à la page Rapports > Bibliothèque d'informations fiscales > Factures des frais du vendeur.
Dans votre compte Seller Central, vous pourrez afficher, télécharger ou imprimer votre facture.
Pour toute question, contactez le Support Vendeur.
Cordialem",2026-09-02 08:40:48,RETR,xtbBshKvlWp0rzId5gAA3i
法务/侵权类,older,account_4,weihaizhongxin2024@126.com,"Thu, 6 Aug 2026 15:41:31 +0000",Amazon Seller Central <donotreply@amazon.com>,Your Amazon.ae Merchant Invoice for 7/2026,,"Your Amazon.ae Merchant Invoice for 7/2026
 96
Hello,
We are writing to inform you that your electronic Merchant Invoice for the month of 7/2026 is now available in your Seller Central Account.
To access your invoice, go to your Tax Document Library . In your Tax Document Library, you will be able to view, download or print your invoice.
The Amazon Services Team
 عزيزي Shenzhen shi weihaizhongxin ke ji you xian gong si،
نراسلك لإبلاغك بأن فاتورة ضريبة القيمة المضافة (VAT) الخاصة بالتاجر الخاص بك لشهر 7/2026 متاح الآن في حساب Seller Central الخاص بك.
للوصول إلى فاتورة الخاص بك، انتقل إلى حساب Seller Central الخاص بك > التقارير > مكتبة المستندات الضريبية > فواتير ضريبة رسم البائع.
في حساب Seller Central الخاص بك، ستتمكن من عرض {documentType}$ الخاص بك أو تنزيله أو طباعته.
إذا كانت لديك أي أسئلة، فالمرجو التواصل مع دعم البائع.
 مع أطيب التحيات،
Amazon.ae
 Report an issue with this email
 If you have any questions visit: Seller Central
 To change your email preferences visit: Notification Preferences
 We hope you found this message to be useful. However, if you'd rather not receive future e-mails of this sort from Amazon.com, please opt-out here.
 Copyright 2026 Amazon, Inc, or its aff",2026-09-02 08:40:47,RETR,xtbBpRCulGp0qzD+dwAA3D
法务/侵权类,older,account_4,weihaizhongxin2024@126.com,"Thu, 6 Aug 2026 15:39:36 +0000",Amazon Seller Central <donotreply@amazon.com>,Your Amazon.ae Fulfillment by Amazon Merchant Invoice for 7/2026,,"Your Amazon.ae Fulfillment by Amazon Merchant Invoice for 7/2026
 96
Hello,
We are writing to inform you that your electronic Fulfillment by Amazon Merchant Invoice for the month of 7/2026 is now available in your Seller Central Account.
To access your invoice, go to your Tax Document Library . In your Tax Document Library, you will be able to view, download or print your invoice.
The Amazon Services Team
 Report an issue with this email
 If you have any questions visit: Seller Central
 To change your email preferences visit: Notification Preferences
 We hope you found this message to be useful. However, if you'd rather not receive future e-mails of this sort from Amazon.com, please opt-out here.
 Copyright 2026 Amazon, Inc, or its affiliates. All rights reserved.
 Amazon.com, 410 Terry Avenue North, Seattle, WA 98109-5210
 SPC-EUAmazon-1424968751824033",2026-09-02 08:40:46,RETR,xtbBpBqQdmp0qrpRVgAA3R
法务/侵权类,older,account_4,weihaizhongxin2024@126.com,"Thu, 6 Aug 2026 15:34:14 +0000",Amazon Seller Central <donotreply@amazon.com>,Your Amazon.se Faktura Fraktas Av Amazon for 7/2026,,"Your Amazon.se Faktura Fraktas Av Amazon for 7/2026
 96
Hej Shenzhen shi weihaizhongxin ke ji you xian gong si!
Vi skriver för att informera dig om att din elektroniska Faktura Fraktas Av Amazon för månaden 7/2026 nu finns tillgänglig på ditt Seller Central-konto.
För att komma åt ditt fakturagår du till ditt Seller Central-konto > Rapporter > Bibliotek för skattedokument > Skattefakturor för säljaravgifter.
På ditt Seller Central-konto kan du se, ladda ner eller skriva ut ditt faktura.
Om du har några frågor, kontakta säljarsupport.
Vänliga hälsningar,
Amazon.se
 Rapportera ett problem med detta e-post
 Om du har några frågor besök: Seller Central
 För att ändra dina e-postinställningar, besök: Inställningar för meddelanden
 Vi hoppas att du tyckte att det här meddelandet var användbart. Om du föredrar att inte få framtida e-postmeddelanden av detta slag från Amazon.com, välj bort det här.
 Upphovsrätt 2026 Amazon, Inc, eller dess dotterbolag. Alla rättigheter förbehållna.
 Amazon EU S.à r.l.
38 avenue John F. Kennedy
L-1855 Luxemburg
Registrerat i Luxemburg No. B-101818
Aktiekapital 165 833 EUR
Företagets registreringsnummer: 134248
Momsregistrering för Luxemburg LU 20260743.
 SP",2026-09-02 08:40:46,RETR,xtbBsxlAJmp0qXnmxAAA3g
法务/侵权类,older,account_4,weihaizhongxin2024@126.com,"Thu, 6 Aug 2026 14:46:27 +0000",Amazon Seller Central <donotreply@amazon.com>,Your Amazon.com.be Factuur Verkoper for 7/2026,,"Your Amazon.com.be Factuur Verkoper for 7/2026
 96
Beste Shenzhen shi weihaizhongxin ke ji you xian gong si,
We sturen je dit bericht om je te laten weten dat je elektronische Factuur Verkoper voor de maand 7 2026 nu beschikbaar is in je Seller Central-account.
Als je toegang wilt krijgen tot je factuur, ga je naar je Seller Central-account > Overzichten > Bibliotheek met belastingdocumenten > Belastingfacturen voor kosten verkoper.
In je Seller Central-account kun je je factuur bekijken, downloaden of afdrukken.
Als je nog vragen hebt, kun je contact opnemen met de Ondersteuning voor verkopers.
Met vriendelijke groeten,
Amazon.com.be
 Monsieur/Madame Shenzhen shi weihaizhongxin ke ji you xian gong si,
Nous vous écrivons pour vous informer que votre Facture Vendeur pour le mois de 7/2026 est maintenant disponible dans votre compte Seller Central.
Pour accéder à votre facture, rendez-vous sur votre compte Seller Central et veuillez accéder à la page Rapports > Bibliothèque d'informations fiscales > Factures des frais du vendeur.
Dans votre compte Seller Central, vous pourrez afficher, télécharger ou imprimer votre facture.
Pour toute question, contactez le Support Vendeur.
Cordialem",2026-09-02 08:40:45,RETR,xtbBsgZwVmp0nka80QAA35
法务/侵权类,older,account_4,weihaizhongxin2024@126.com,"Thu, 6 Aug 2026 09:55:44 +0000",Amazon Europe <donotreply@amazon.com>,Ottieni la tua garanzia IVA in Italia €2.350 rimborso fino a 31 dicembre,,"Amazon Services
 96
 Invia i documenti di garanzia individuale IVA per l'Italia per ottenere il rimborso di € 2.350.
 Buongiorno,
 Le autorità fiscali italiane potrebbero richiedere ai contribuenti residenti al di fuori dell'Unione europea o dello Spazio economico europeo di fornire due garanzie finanziarie separate per assicurare che il loro numero di partita IVA italiano rimanga valido nel sistema elettronico di scambio di dati sull'IVA (VIES). Queste garanzie sono:
- Una garanzia del rappresentante fiscale: predisposta dal tuo rappresentante fiscale.
- una garanzia individuale: dovrai fornire una garanzia di almeno € 50.000 per un periodo minimo di 36 mesi che può essere fornita mediante fideiussione bancaria o tramite una soluzione assicurativa che non richieda il blocco o il versamento di € 50.000.
 Per aiutarti a rispettare questo requisito, ti offriamo una promozione di rimborso di 2.350 EUR per coprire i costi della tua garanzia individuale.
 Come posso ottenere il rimborso?
Una volta ottenuta la tua garanzia individuale, ti invitiamo a fornire tramite e-mail il documento di prova emesso da un fornitore autorizzato all'indirizzo
it-vat-guarantee-doc-validation@amazon.it dal",2026-09-02 08:40:45,RETR,xtbBsgJWPGp0WiIhLAAA3x
法务/侵权类,older,account_4,weihaizhongxin2024@126.com,"Thu, 6 Aug 2026 05:32:38 +0000","""Amazon.de"" <store-news@amazon.de>",Dein Einkaufswagen wartet,,"https://www.amazon.de/gp/cart/view.html?ref_=cor
Schwimmgurt für Pool, Schwimmhilfe Erwachsene Pool, Schwimmgurt Pool Erwachsene, Schwimmwiderstand Gürtel mit 2.5-7.5M Einstellbare Schwimmseil für Jedes Schwimmbad Ohne Gegenstromanlage
 33,95 €
https://www.amazon.de/gp/product/B0DRCF83VZ/?ref_=
Einkaufswagen anzeigen
https://www.amazon.de/gp/cart/view.html?ref_=cor
Aktualisiere deine Einstellungen https://www.amazon.de/gp/cpc/homepage?ref_=pe_ob_ftr_comm_prfs
Abmelden https://www.amazon.de/gp/gss/o/1Jhe9ltryLATlIXnRocwbyH16dcTFANGU4-X40-jUET2AzSBJB.D2l6BmGyrhR2QU
Amazon.de ist ein Handelsname für Amazon EU Sarl, für Amazon Europe Core Sarl und für Amazon Media EU Sarl, die alle ihren eingetragenen Sitz unter 38 avenue John F. Kennedy, L-1855 Luxemburg haben und für die Amazon Digital Germany GmbH, mit eingetragenem Sitz in der Domagkstr. 28, 80807 München, Deutschland. ©2026 Amazon.com, Inc. oder verbundene Unternehmen. Amazon sowie alle zugehörigen Marken sind Marken der Amazon.com, Inc. oder deren verbundenen Unternehmen. Es können Versandkosten anfallen. Für Ihren Kauf gilt der Preis und die Verfügbarkeit, die zum Zeitpunkt des Kaufs auf amazon.de angezeigt werden.
Datenschutzer",2026-09-02 08:40:44,RETR,xtbBshzdw2p0HHwb+wAA3u
法务/侵权类,older,account_4,weihaizhongxin2024@126.com,"Thu, 6 Aug 2026 00:18:19 +0000",Amazon Europe <noreply@sell.amazon.com>,借助 Climate Pledge Friendly 推动业务增长,,"借助 Climate Pledge Friendly 推动业务增长
尊敬的卖家，
参与亚马逊 Climate Pledge Friendly 计划的商品，在获得资格后的第一年内，平均可实现超过 12% 的销售增长和 10% 的商品页面浏览量提升*。
我们诚邀您加入 Climate Pledge Friendly（CPF），提升您更具可持续性的商品曝光度，同时助力业务增长。
拥有认可的[可持续发展认证](https://go.amazonsellerservices.com/e/229492/99742422-Wk32-node-21221608011/7z53xk7/6812856345/h/JP3gK5RgZqaC0fVIjMJ7qs24o2MYr2sbP3DVpt9AmrU)的商品，有机会获得 Climate Pledge Friendly 标识，从而在消费者中脱颖而出。
[立即开始](https://go.amazonsellerservices.com/e/229492/422-Wk32-mons-sel-locale-zh-CN/7z53xkb/6812856345/h/JP3gK5RgZqaC0fVIjMJ7qs24o2MYr2sbP3DVpt9AmrU)
[CPF banner](https://go.amazonsellerservices.com/e/229492/422-Wk32-mons-sel-locale-zh-CN/7z53xkb/6812856345/h/JP3gK5RgZqaC0fVIjMJ7qs24o2MYr2sbP3DVpt9AmrU)
优先审核的 ASIN
这些商品选自您的商品目录，可能是获得 Climate Pledge Friendly 认证的潜在候选。
<div style=""padding: 0 20px; ""><table style=""width:100%; border-collapse:collapse; text-align:center; font-family:Amazon Ember Display, Arial, sans-serif; border:2px solid #868D95; border-radius:10px 10px 0 0; overflow:hidden; ""><thead><tr style=""background-color:#dfdad5;""><th style=""padding:10px; border-right:2px solid #868D95; font-size:14px; letter-spacing:none; line-height:1.2; text-align:center; mso-line-height-alt:1.063em; color:",2026-09-02 08:40:43,RETR,xtbBpA9fRWpz0s9tUwAA3L
法务/侵权类,older,account_4,weihaizhongxin2024@126.com,"Wed, 5 Aug 2026 18:12:47 +0000",Amazon Services <donotreply@amazon.com>,"Invia la documentazione sulla sicurezza del prodotto per evitare la
 disattivazione dell'offerta",,"96
 Gentile Weihai EU,
 Alcune delle tue offerte sono a rischio di disattivazione perché i relativi prodotti non soddisfano i requisiti obbligatori sulla conformità. Rivedi i dettagli e i passi successivi riportati di seguito. Puoi visualizzare le offerte interessate in fondo a questa e-mail.
 Ciò a cosa è dovuto?
 Abbiamo intrapreso questo provvedimento in quanto i tuoi prodotti non dispongono delle informazioni obbligatorie sulla conformità. Consulta la pagina di aiuto Sicurezza e conformità dei prodotti per informazioni sulle leggi, le normative e le politiche di Amazon applicabili.
 La tabella alla fine di questa e-mail contiene i requisiti di conformità specifici per i prodotti.
 Come faccio a riattivare le mie offerte?
 Per fornire le informazioni di conformità richieste, vai alla pagina Stato dell'account per individuare le richieste di conformità dei prodotti:
-
 Se disponi della documentazione richiesta, segui le istruzioni per inviare i documenti di conformità.
-
 Se ritieni che i tuoi prodotti siano esenti da questi requisiti, invia la documentazione che dimostra il motivo per cui non sono soggetti a questi requisiti di conformità.
 Per istruzioni dettagliate, consulta l",2026-09-02 08:40:42,RETR,xtbBsgPexGpzfSN1pgAA3-
法务/侵权类,older,account_4,weihaizhongxin2024@126.com,"Wed, 5 Aug 2026 18:12:23 +0000",Amazon Services <donotreply@amazon.com>,Skicka in produktsäkerhetsdokumentation för att undvika att produktposterna inaktiveras,,"96
 Hej Weihai EU!
 Vissa av dina produktposter riskerar att inaktiveras på grund av att det saknas obligatorisk information om överensstämmelse för produkterna. Granska informationen och följande steg nedan. De berörda produktposterna visas i slutet av det här e-postmeddelandet.
 Varför händer det här?
 Vi vidtar den här åtgärden eftersom det saknas obligatorisk information om överensstämmelse för de här produkterna. Läs vår hjälpsida för Produktsäkerhet och -överensstämmelse för information om tillämpliga lagar, förordningar och Amazons policyer.
 Tabellen i slutet av detta e-postmeddelande innehåller produktspecifika krav för överensstämmelse.
 Hur återaktiverar jag mina produktposter?
 Om du vill tillhandahålla den begärda överensstämmelseinformationen går du till sidan Kontostatus och letar upp begäranden om produktöverensstämmelse:
-
 Om du har den obligatoriska dokumentationen ska du skicka in dina överensstämmelsedokument enligt instruktionerna.
-
 Om du tror att dina produkter är undantagna från dessa krav skickar du in dokumentation som visar varför de inte omfattas av dessa överensstämmelsekrav.
 Du hittar stegvisa instruktioner på vår hjälpsida om Skicka in intyg om öve",2026-09-02 08:40:42,RETR,xtbBpAnYvmpzfQll7wAA3s
法务/侵权类,older,account_4,weihaizhongxin2024@126.com,"Wed, 5 Aug 2026 18:12:15 +0000",Amazon Services <donotreply@amazon.com>,Przesyłanie dokumentacji dotyczącej bezpieczeństwa produktu w celu niedopuszczenia do dezaktywacji oferty,,"96
 Dzień dobry Weihai EU,
 niektóre z Twoich ofert są zagrożone dezaktywacją z powodu niespełnienia obowiązków dotyczących zgodności wystawianych przez Ciebie produktów z wymogami. Poniżej znajdziesz szczegółowe informacje oraz dalsze instrukcje. Oferty produktów, których dotyczy problem, wskazano na końcu niniejszej wiadomości e-mail.
 Dlaczego tak się stało?
 Podjęliśmy to działanie, ponieważ w przypadku tych produktów nie dostarczono obowiązkowych informacji dotyczących zgodności z wymogami. Więcej informacji na temat mających zastosowanie przepisów ustawowych i wykonawczych oraz zasad Amazon znajdziesz na stronie Bezpieczeństwo i zgodność produktu z wymogami .
 Informacje na temat wymogów dotyczących zgodności dla poszczególnych produktów znajdziesz w tabeli na końcu tej wiadomości e-mail.
 Jak mogę ponownie aktywować oferty?
 Aby dostarczyć niezbędne informacje dotyczące zgodności z wymogami, przejdź do panelu Kondycja konta i znajdź żądania dotyczące zgodności produktu z wymogami:
-
 Jeśli dysponujesz wymaganymi dokumentami zgodności, postępuj zgodnie z instrukcjami, aby je przesłać.
-
 Jeśli uważasz, że Twoje produkty są zwolnione z wymogów dotyczących zgodności, prześlij d",2026-09-02 08:40:42,RETR,xtbBsgLWvGpzfQJ1GQAA3Q
法务/侵权类,older,account_4,weihaizhongxin2024@126.com,"Wed, 5 Aug 2026 17:58:30 +0000",Amazon Services <donotreply@amazon.com>,Presenta la documentación sobre seguridad del producto para evitar la desactivación de los listings,,"96
 Hola, Weihai EU:
 Algunos de tus listings están en riesgo de desactivación debido a que tus productos no cumplen los requisitos obligatorios. Revisa a continuación los detalles y siguientes pasos. Los listings afectados aparecen al final de este correo electrónico.
 ¿A qué se debe esto?
 Tomamos esta medida porque a estos productos les falta información de cumplimiento normativo obligatoria. Para más información sobre las leyes, normativas y políticas de Amazon aplicables, consulta Cumplimiento y seguridad de los productos .
 En la tabla que aparece al final de este correo electrónico se proporcionan los requisitos de cumplimiento normativo específicos del producto.
 ¿Cómo puedo reactivar mis listings?
 Para proporcionar la información de cumplimiento normativo obligatoria, ve a la página Estado de la cuenta y localiza las solicitudes de cumplimiento normativo del producto:
-
 Si dispones de la documentación obligatoria, sigue las instrucciones para presentar los documentos de cumplimiento normativo.
-
 Si crees que tus productos están exentos de estos requisitos, presenta documentación que demuestre por qué no están sujetos a estos requisitos de cumplimiento normativo.
 Para v",2026-09-02 08:40:41,RETR,xtbBpAkI7WpzeclT9AAA3G
法务/侵权类,older,account_4,weihaizhongxin2024@126.com,"Wed, 5 Aug 2026 17:57:58 +0000",Amazon Services <donotreply@amazon.com>,"Dien productveiligheidsdocumentatie in om de deactivering van de
 productvermelding te voorkomen",,"96
 Hallo Weihai EU,
 Enkele van je productvermeldingen lopen het risico op deactivering omdat er verplichte nalevingsvereisten voor je producten ontbreken. Bekijk de gegevens en de stappen hieronder. De betreffende productvermeldingen worden aan het einde van deze e-mail weergegeven.
 Waarom gebeurt dit?
 We hebben deze actie ondernomen omdat voor deze producten verplichte nalevingsinformatie ontbreekt. Raadpleeg onze hulp-pagina Productveiligheid en -conformiteit voor informatie over de toepasselijke wet- en regelgeving en het Amazon-beleid.
 De tabel aan het einde van deze e-mail bevat productspecifieke nalevingsvereisten.
 Hoe activeer ik mijn productvermeldingen opnieuw?
 Als je de vereiste nalevingsgegevens wilt verstrekken, ga je naar de pagina Accountstatus en zoek je de aanvragen voor productconformiteit:
-
 Als je over de vereiste documentatie beschikt, volg je de instructies om je nalevingsdocumenten in te dienen.
-
 Als je van mening bent dat je producten zijn vrijgesteld van deze vereisten, dien dan documentatie in waaruit blijkt wat de reden is dat ze niet aan deze nalevingsvereisten zijn onderworpen.
 Raadpleeg voor stapsgewijze instructies onze hulp-pagina Documente",2026-09-02 08:40:41,RETR,xtbBpQsA5WpzeatRZQAA30
法务/侵权类,older,account_4,weihaizhongxin2024@126.com,"Wed, 5 Aug 2026 17:41:34 +0000",Amazon Services <donotreply@amazon.com>,Soumettre la documentation de sécurité des produits pour éviter la désactivation des mises en vente,,"96
 Bonjour Weihai EU,
 Certaines de vos mises en vente risquent d’être désactivées, car vos produits ne respectent pas les exigences de conformité obligatoires. Consultez les détails et les étapes suivantes ci-dessous. Les produits mis en vente concernés figurent à la fin de cet e-mail.
 Pourquoi cela se produit-il ?
 Nous prenons cette mesure, car ces produits ne présentent pas les informations de conformité obligatoires. Consultez notre page d’aide Sécurité et conformité des produits pour obtenir des informations sur les lois, réglementations et politiques Amazon applicables.
 Le tableau situé à la fin de cet e-mail présente les exigences de conformité spécifiques aux produits.
 Comment réactiver mes produits mis en vente ?
 Pour fournir les informations de conformité requises, accédez à la page État du compte et localisez les demandes de conformité des produits :
-
 Si vous disposez des documents requis, suivez les instructions pour soumettre vos documents de conformité.
-
 Si vous pensez que vos produits sont exemptés de ces exigences, soumettez des pièces justificatives prouvant les raisons pour lesquelles ils ne sont pas soumis à ces exigences de conformité.
 Pour des instru",2026-09-02 08:40:41,RETR,xtbBsxEJ7mpzddER7gAA3H
法务/侵权类,older,account_4,weihaizhongxin2024@126.com,"Wed, 5 Aug 2026 12:33:41 +0000",Amazon Services <donotreply@amazon.com>,Umożliw ponowną aktywację ofert w UE – wymagana zgodność z rozporządzeniem w sprawie ogólnego bezpieczeństwa produktów,,"96
 Umożliw ponowną aktywację ofert w UE – wymagana zgodność z rozporządzeniem w sprawie ogólnego bezpieczeństwa produktów
 Dzień dobry Weihai EU,
 Niektóre z Twoich ofert zostały zdezaktywowane w naszych sklepach w Unii Europejskiej (UE) z powodu braku informacji o zgodności z wymogami. Działania te nie mają wpływu na kondycję Twojego konta.
 Przykłady zdezaktywowanych ofert znajdziesz na dole tej wiadomości e-mail. Aby wyświetlić ich pełną listę, przejdź na stronę „Kondycja konta”. Aby spełnić wymogi rozporządzenia w sprawie ogólnego bezpieczeństwa produktów, zapoznaj się z poniższymi ofertami i dalszymi działaniami do wykonania.
 Prześlij informacje dotyczące zgodności z wymogami
 Prześlij informacje dotyczące zgodności z wymogami
 Jak mogę ponownie aktywować oferty produktów?
 Aby ponownie aktywować oferty, dostarcz obowiązkowe informacje dotyczące zgodności z rozporządzeniem w sprawie ogólnego bezpieczeństwa produktów, postępując zgodnie z poniższymi instrukcjami:
-
 Przejdź na stronę Kondycja konta .
- Wybierz „Dodaj filtry” i w kolumnie „Filtruj według podjętego działania” zaznacz pole „Usunięto ofertę”.
- Obok zdezaktywowanej oferty produktu kliknij „Prześlij” i postępuj zg",2026-09-02 08:40:40,RETR,xtbBpAns0mpzLalOywAA3L
法务/侵权类,older,account_4,weihaizhongxin2024@126.com,"Wed, 5 Aug 2026 05:00:39 +0000","""Amazon Seller Central Notifications(Do Not Reply)"" <donotreply@amazon.com>",Dangerous goods (hazmat) status update,,"96
 Dangerous goods (hazmat) status update
 Dangerous goods (hazmat) status update
 Hello from Fulfillment by Amazon,
 We are currently conducting a dangerous goods (hazmat) review of one or more of your products:
 BATTERY INFORMATION NEEDED
 ASIN
 Merchant SKU
 FNSKU
 Title
 B0H11DGDRL
 WH-DE-0607-HCGD-01
 B0H11DGDRL
 145 PCS Electric Train Cube Track, 3D Anti-Gravity Train Set, DIY Railway Track Building Toy, STEM Educational Toy and Creative Gift for Kids Aged 3–8
 Why this is happening
 We require detailed battery information to correctly classify the above products, and until you provide the necessary information, the products will not be available for sale and you will not be able to send more units to Amazon fulfillment centers.
 How to continue selling these products
 Please upload an exemption sheet for battery and battery-powered products using the steps below:
- Download an exemption sheet for battery and battery-powered products. Exemption sheets are available in multiple languages, so you can select the language that works best for you.
- Fill in all cells highlighted in red. Depending on your answers, other cells may turn red, and those should be filled in as well. If",2026-09-02 08:40:39,RETR,xtbBshtGLGpyw3sQJAAA3X
法务/侵权类,older,account_4,weihaizhongxin2024@126.com,"Wed, 5 Aug 2026 01:53:21 +0000",Notificaciones de Seller Central (sin buzón electrónico) <donotreply@amazon.com>,Actualización de estado de mercancías peligrosas,,"96
 Actualización de estado de mercancías peligrosas
 Actualización de estado de mercancías peligrosas
 Estimado vendedor:
 Estamos llevando a cabo una revisión de mercancías peligrosas sobre uno o varios de tus productos:
 INFORMACIÓN NECESARIA DE LA PILA O BATERÍA
 ASIN
 SKU del vendedor
 FNSKU
 Título
 B0H11DGDRL
 WH-DE-0508-HCGD-02
 B0H11DGDRL
 Circuito de Tren eléctrico de Cubos de 145 Piezas, Set de Tren 3D antigravedad, Juguete de vías DIY para Construir, Juguete Educativo Stem y Regalo Creativo para niños de 3 a 8 años
 ¿A qué se debe esto?
 Necesitamos información detallada sobre la pila o batería para clasificar correctamente los productos mencionados, debido a que no contamos con información suficiente. Hasta que proporciones toda la información necesaria, los productos no estarán disponibles para la venta y no podrás continuar enviándolos a los centros logísticos de Amazon.
 Cómo seguir vendiendo estos productos
 Carga una ficha de exención para baterías y productos alimentados por baterías siguiendo los pasos que se indican a continuación:
- Descarga una ficha de exención para baterías y productos alimentados por baterías. Las fichas de exención están disponibles en va",2026-09-02 08:40:39,RETR,xtbBpRRCKGpyl5RVtAAA3h
法务/侵权类,older,account_4,weihaizhongxin2024@126.com,"Wed, 5 Aug 2026 01:47:30 +0000",Aviseringar från Amazon Seller Central (svara inte) <donotreply@amazon.com>,Statusuppdatering för farligt gods,,"96
 Statusuppdatering för farligt gods
 Statusuppdatering för farligt gods
 Hej från Fraktas från Amazon,
 Vi genomför för närvarande en granskning av farligt gods för en eller flera av dina produkter:
 BATTERIINFORMATION BEHÖVS
 ASIN
 Säljar-SKU
 Leveransnätverks-SKU
 Titel
 B0H11DGDRL
 WH-DE-0508-HCGD-02
 B0H11DGDRL
 145-delad elektrisk tågbana med kuber, 3D antigravitations-tågset, DIY tågbana att bygga själv, pedagogisk STEM-leksak och kreativ present för barn 3–8 år
 Därför händer detta
 Vi kräver detaljerad batteriinformation för att korrekt klassificera ovanstående produkter, och innan du tillhandahåller den nödvändiga informationen är produkterna inte tillgängliga för försäljning och du kan inte skicka fler enheter till Amazons distributionscentra.
 Gör så här för att fortsätta sälja de här produkterna
 Ladda upp ett Undantag / Exemption sheet för batteri och batteridrivna produkter med hjälp av stegen nedan:
- Ladda ned ett Undantag / Exemption sheet för batteri och batteridrivna produkter. Undantag / Exemption sheets finns på flera språk, så du kan välja det språk som fungerar bäst för dig.
- Fyll i alla celler markerade med rött. Beroende på dina svar kan andra celler bl",2026-09-02 08:40:39,RETR,xtbBpRXpz2pyljVFawAA3D
法务/侵权类,older,account_4,weihaizhongxin2024@126.com,"Wed, 5 Aug 2026 01:43:13 +0000",亚马逊卖家平台通知（请勿回复） <donotreply@amazon.com>,危险物品（危险品）状态更新,,"96
 危险物品（危险品）状态更新
 危险物品（危险品）状态更新
 尊敬的亚马逊物流卖家：
您好！
 我们目前正在对以下商品进行危险物品（危险品）审核：
 需要电池信息
 ASIN
 卖家 SKU
 FNSKU
 商品名称
 B0H11DGDRL
 WH-DE-0508-HCGD-02
 B0H11DGDRL
 Roaxkois 145 PCS Eisenbahn Elektrisch Cube Track, 3D Schwerkrafttrotzendes Zug Set, DIY Zugstrecken Spielzeug, STEM Lernspielzeug & Geschenkidee f ür Kinder 3–8 Jahre, Kreatives Bauen Spielzeug
 为什么会发生这种情况
 我们未获得详细的电池信息，无法对以上商品进行正确分类，除非您提供必要的信息，否则您将无法销售商品，也将无法向亚马逊运营中心运送更多商品。
 如何继续销售这些商品
 我们需要您为电池和电池驱动商品提供豁免表：请参阅以下指南：
- 下载豁免表。
- 前往 卖家平台中的“上传”页面。
- 模板提供多种语言版本： 选择最适合您的模板。
- 填写以红色突出显示的所有单元格。根据您的回答，更多单元格可能会变为红色。也请填写这些单元格。其他单元格可能会变成黑色。请将这些单元格留空。
- 将该文件保存到您的电脑上。
- 上传豁免表：
- 前往 卖家平台中的“上传”页面。
- 输入商品的 ASIN。
- 选择您要在其中销售商品的商城（例如 Amazon.com）。
- 选择豁免表的语言。
- 点击“浏览”以检索您保存在电脑上的文件。
- 点击“上传文件”。
 重要须知： 模板本身的 Excel 选项卡“说明”中提供了有关如何填写电池和电池驱动商品豁免表的完整说明。
 在您上传文件后，审核流程通常需要四个工作日。审核完成后，您将收到结果通知。
 有关豁免表的更多信息，请参阅“ 所需的危险品信息和文件 ”（需要登录）。
 所有卖家应负责确保运送到亚马逊运营中心的所有商品均符合亚马逊物流政策以及关于危险品的所有法律要求（即使亚马逊物流目前并未对此进行限制）。
 实用信息
 有关更多信息，请参阅“ 危险品识别指南 ”。
 顺祝商祺！
 亚马逊物流团队
 报告此电子邮件的问题
 如果您有任何问题，请访问: Seller Central
 要更改您的电子邮件首选项，请访问： 通知首选项
 2026 Amazon.com 旗下公司 保留所有权利
 Amazon EU S.à r.l.
38 avenue John F. Kennedy,
L-1855 Luxembourg,
注册于卢森堡，
注册编号 B-101818，
股本 165.833 欧元，
营业执照编号： 13424",2026-09-02 08:40:38,RETR,xtbBpRapj2pylTY6NQAA3h
法务/侵权类,older,account_4,weihaizhongxin2024@126.com,"Wed, 5 Aug 2026 01:20:28 +0000","""Powiadomienia z Amazon Seller Central (nie odpowiadaj)"" <donotreply@amazon.com>",Status materiałów niebezpiecznych (hazmat),,"96
 Status materiałów niebezpiecznych (hazmat)
 Status materiałów niebezpiecznych (hazmat)
 Witamy w Fulfillment by Amazon
 Obecnie przeprowadzamy przegląd materiałów niebezpiecznych (hazmat) jednego produktu lub większej liczby produktów:
 POTRZEBNE INFORMACJE O BATERIACH
 ASIN
 SKU sprzedawcy
 SKU sieci logistycznej
 Tytuł
 B0H11DGDRL
 WH-DE-0508-HCGD-02
 B0H11DGDRL
 145-elementowy elektryczny tor kolejowy z kostek, zestaw pociągu 3D przeciw grawitacji, tor DIY do samodzielnego budowania, zabawka edukacyjna STEM i kreatywny prezent dla dzieci 3–8 lat
 Jaka jest tego przyczyna
 Wymagamy szczegółowych informacji o bateriach, aby poprawnie sklasyfikować ww. produkty; dopóki nie dostarczysz niezbędnych informacji, produkty nie będą dostępne do sprzedaży i nie będziesz mógł wysłać więcej jednostek do centrów logistycznych Amazon.
 Jak możesz kontynuować sprzedaż tych produktów
 Prześlij arkusz zwolnienia z obowiązku dostarczenia karty charakterystyki dotyczący baterii i produktów zasilanych bateriami za pomocą niżej podanych kroków:
- Pobierz arkusz zwolnienia z obowiązku dostarczenia karty charakterystyki dotyczący baterii i produktów zasilanych bateriami. Arkusze zwolnienia są dostę",2026-09-02 08:40:38,RETR,xtbBpR9SOGpyj98ANQAA3t
法务/侵权类,older,account_4,weihaizhongxin2024@126.com,"Wed, 5 Aug 2026 01:19:40 +0000","""Amazon Seller Central Notifications (Do Not Reply)"" <donotreply@amazon.com>",Dangerous goods (hazmat) status update,,"96
 Dangerous goods (hazmat) status update
 Dangerous goods (hazmat) status update
 Hello from Fulfillment by Amazon,
 We are currently conducting a dangerous goods (hazmat) review of one or more of your products:
 BATTERY INFORMATION NEEDED
 ASIN
 Merchant SKU
 FNSKU
 Title
 B0H11DGDRL
 WH-DE-0508-HCGD-02
 B0H11DGDRL
 Circuit de Train électrique à Cubes de 145 pièces, Circuit de Train à gravité 3D à Construire soi-même, Jouet éducatif STEM, idée de Cadeau créative pour Les Enfants de 3 à 8 Ans
 Why this is happening
 We require detailed battery information to correctly classify the above products, and until you provide the necessary information, the products will not be available for sale and you will not be able to send more units to Amazon fulfillment centers.
 How to continue selling these products
 Please upload an exemption sheet for battery and battery-powered products using the steps below:
- Download an exemption sheet for battery and battery-powered products. Exemption sheets are available in multiple languages, so you can select the language that works best for you.
- Fill in all cells highlighted in red. Depending on your answers, other cells may turn red, and those sho",2026-09-02 08:40:37,RETR,xtbBsw9GLGpyj689+gAA3p
法务/侵权类,older,account_4,weihaizhongxin2024@126.com,"Wed, 5 Aug 2026 01:19:38 +0000","""Amazon Seller Central Notifications (Do Not Reply)"" <donotreply@amazon.com>",Dangerous goods (hazmat) status update,,"96
 Dangerous goods (hazmat) status update
 Dangerous goods (hazmat) status update
 Hello from Fulfillment by Amazon,
 We are currently conducting a dangerous goods (hazmat) review of one or more of your products:
 BATTERY INFORMATION NEEDED
 ASIN
 Merchant SKU
 FNSKU
 Title
 B0H11DGDRL
 WH-DE-0508-HCGD-02
 B0H11DGDRL
 145 PCS Electric Train Cube Track, 3D Anti-Gravity Train Set, DIY Railway Track Building Toy, STEM Educational Toy and Creative Gift for Kids Aged 3–8
 Why this is happening
 We require detailed battery information to correctly classify the above products, and until you provide the necessary information, the products will not be available for sale and you will not be able to send more units to Amazon fulfillment centers.
 How to continue selling these products
 Please upload an exemption sheet for battery and battery-powered products using the steps below:
- Download an exemption sheet for battery and battery-powered products. Exemption sheets are available in multiple languages, so you can select the language that works best for you.
- Fill in all cells highlighted in red. Depending on your answers, other cells may turn red, and those should be filled in as well. If",2026-09-02 08:40:37,RETR,xtbBpQ5GLGpyj67+AgAA3E
法务/侵权类,older,account_4,weihaizhongxin2024@126.com,"Wed, 5 Aug 2026 01:19:35 +0000",亚马逊卖家平台通知（请勿回复） <donotreply@amazon.com>,危险品状态更新,,"96
 危险品状态更新
 危险品状态更新
 尊敬的亚马逊物流卖家：
您好！
 我们目前正在对您的一件或多件商品进行危险品审查：
 需要电池信息
 ASIN
 卖家 SKU
 FNSKU
 商品名称
 B0H11DGDRL
 WH-DE-0508-HCGD-02
 B0H11DGDRL
 145 PCS Eisenbahn Elektrisch Cube Track, 3D Schwerkrafttrotzendes Zug Set, DIY Zugstrecken Spielzeug, STEM Lernspielzeug & Geschenkidee für Kinder 3–8 Jahre, Kreatives Bauen Spielzeug
 为什么会发生这种情况
 我们需要详细的电池信息来对以上商品进行正确分类，除非您提供必要的信息，否则商品将无法销售，您也将无法再向亚马逊运营中心发送更多商品。
 如何继续销售这些商品
 请按照以下步骤上传电池和电池驱动商品豁免表：
- 下载电池和电池驱动商品 豁免表 。豁免表有多种语言版本，因此您可以选择最适合您的语言。
- 填写以红色突出显示的所有单元格。根据您填写的内容，其他单元格可能会变为红色，这些单元格也需要填写。如果单元格变成黑色，您可以将其留空。
- 将该文件保存到您的电脑上。
- 前往 上传页面 ，并在 如何上传安全数据表或豁免表 部分输入商品的 ASIN。
- 选择您想要在其中销售商品的商城（例如 Amazon.com）以及豁免表的语言。
- 点击 浏览 并导航至您保存的文件，然后点击 上传文件 。
 重要须知 ： 模板的 说明 选项卡中提供了有关如何填写电池和电池驱动商品豁免表的完整说明。如果您的商品与多个电池驱动商品（例如，无线键盘和鼠标套装）一同销售，请务必按照 说明 选项卡中的说明在豁免表中列出包含的所有商品。
 在您上传文件后，审核流程通常需要四个工作日才能完成。审核完成后，您将收到结果通知。温馨提醒，请确保商品名称、商品描述和要点充分且完整地描述了审核中的商品，并明确列出与该商品一同销售的所有商品（例如，电视机及其遥控器）。
 有关豁免表的更多信息，请参阅 所需的危险品信息和文件 。
 所有卖家应负责确保发送到亚马逊运营中心的所有商品均符合亚马逊物流政策以及关于危险品的所有法律要求，即使亚马逊物流目前并未对此进行限制。
 实用信息
 有关更多信息，请参阅 危险品识别指南 。
 谢谢！
 亚马逊物流团队
 此电子邮件地址仅用于发送通知，无法接收电子邮件。请勿回复此邮件。
 报告此电子邮件的问题
 如果您有任何问题，请访问: Seller Central
 要更改您的电子邮件首选项，请访问： 通知首选项
 2026 Amazon.com 旗下公司 保留所有权利
 Amazon EU S.à ",2026-09-02 08:40:36,RETR,xtbBpQtFK2pyj6v95gAA3n
法务/侵权类,older,account_4,weihaizhongxin2024@126.com,"Wed, 5 Aug 2026 01:04:56 +0000","""Amazon Seller Central Notifications(Do Not Reply)"" <donotreply@amazon.com>",Dangerous goods (hazmat) status update,,"96
 Dangerous goods (hazmat) status update
 Dangerous goods (hazmat) status update
 Hello from Fulfillment by Amazon,
 We are currently conducting a dangerous goods (hazmat) review of one or more of your products:
 BATTERY INFORMATION NEEDED
 ASIN
 Merchant SKU
 FNSKU
 Title
 B0H11DGDRL
 WH-DE-0508-HCGD-02
 B0H11DGDRL
 145 Pieces Electric Cube Train Circuit, 3D Anti-Gravity Train Set, DIY Tracks Toy for Building, Stem Educational Toy and Creative Gift for Kids Ages 3-8
 Why this is happening
 We require detailed battery information to correctly classify the above products, and until you provide the necessary information, the products will not be available for sale and you will not be able to send more units to Amazon fulfillment centers.
 How to continue selling these products
 Please upload an exemption sheet for battery and battery-powered products using the steps below:
- Download an exemption sheet for battery and battery-powered products. Exemption sheets are available in multiple languages, so you can select the language that works best for you.
- Fill in all cells highlighted in red. Depending on your answers, other cells may turn red, and those should be filled in as well. ",2026-09-02 08:40:36,RETR,xtbBpRpoTmpyjDrU-wAA3c
法务/侵权类,older,account_4,weihaizhongxin2024@126.com,"Wed, 5 Aug 2026 01:04:53 +0000","""Amazon Seller Central Notifications(Do Not Reply)"" <donotreply@amazon.com>",Dangerous goods (hazmat) status update,,"96
 Dangerous goods (hazmat) status update
 Dangerous goods (hazmat) status update
 Hello from Fulfillment by Amazon,
 We are currently conducting a dangerous goods (hazmat) review of one or more of your products:
 BATTERY INFORMATION NEEDED
 ASIN
 Merchant SKU
 FNSKU
 Title
 B0H11DGDRL
 WH-DE-0508-HCGD-02
 B0H11DGDRL
 145 Pieces Electric Cube Train Circuit, 3D Anti-Gravity Train Set, DIY Tracks Toy for Building, Stem Educational Toy and Creative Gift for Kids Ages 3-8
 Why this is happening
 We require detailed battery information to correctly classify the above products, and until you provide the necessary information, the products will not be available for sale and you will not be able to send more units to Amazon fulfillment centers.
 How to continue selling these products
 Please upload an exemption sheet for battery and battery-powered products using the steps below:
- Download an exemption sheet for battery and battery-powered products. Exemption sheets are available in multiple languages, so you can select the language that works best for you.
- Fill in all cells highlighted in red. Depending on your answers, other cells may turn red, and those should be filled in as well. ",2026-09-02 08:40:36,RETR,xtbBpRhoTmpyjDjU5QAA3G
法务/侵权类,older,account_4,weihaizhongxin2024@126.com,"Wed, 5 Aug 2026 01:02:01 +0000","""Notifiche di Amazon Seller Central (non rispondere)"" <donotreply@amazon.com>",Aggiornamento dello stato delle merci pericolose,,"96
 Aggiornamento dello stato delle merci pericolose
 Aggiornamento dello stato delle merci pericolose
 Buongiorno da Logistica di Amazon.
 Al momento stiamo effettuando una revisione delle merci pericolose di uno o più dei suoi prodotti:
 SONO NECESSARIE INFORMAZIONI SULLA BATTERIA
 ASIN
 SKU venditore
 FNSKU
 Titolo
 B0H11DGDRL
 WH-DE-0508-HCGD-02
 B0H11DGDRL
 Pista ferroviaria elettrica a cubi da 145 pezzi, set trenino 3D antigravità, gioco fai da te per costruire percorsi, giocattolo educativo STEM e idea regalo creativa per bambini da 3 a 8 anni
 Qual è il problema?
 Richiediamo informazioni dettagliate sulla batteria per classificare correttamente i prodotti di cui sopra. Inoltre, finché non fornisce le informazioni necessarie, i prodotti non saranno disponibili per la vendita e non potrà inviare più unità ai centri logistici Amazon.
 Cosa fare per continuare a vendere questi prodotti
 Carica una scheda di esenzione per le batterie o i prodotti alimentati a batteria seguendo la procedura riportata di seguito:
- Scarica una scheda di esenzione per batterie e prodotti alimentati a batteria. Le schede di esenzione sono disponibili in più lingue, in modo da poter selezionare la l",2026-09-02 08:40:35,RETR,xtbBpQ09I2pyi43LEgAA3x
法务/侵权类,older,account_4,weihaizhongxin2024@126.com,"Wed, 5 Aug 2026 01:01:52 +0000","""Amazon Seller Central-meldingen (niet beantwoorden)"" <donotreply@amazon.com>",Update van status gevaarlijke goederen,,"96
 Update van status gevaarlijke goederen
 Update van status gevaarlijke goederen
 Hallo van het Fulfillment by Amazon-team,
 Momenteel beoordelen we een of meer van jouw producten op eigenschappen van gevaarlijke goederen:
 INFORMATIE OVER DE BATTERIJ NODIG
 ASIN
 Verkoper-SKU
 FNSKU
 Titel
 B0H11DGDRL
 WH-DE-0508-HCGD-02
 B0H11DGDRL
 145-delige elektrische trein kubusbaan, 3D anti-zwaartekracht treinset, DIY treinbaan bouwspeelgoed, educatief STEM-speelgoed en creatief cadeau voor kinderen van 3–8 jaar
 Waarom dit gebeurt
 We hebben gedetailleerde informatie over batterijen nodig om bovenstaande producten correct te classificeren. Totdat je de benodigde informatie verstrekt, zijn de producten niet beschikbaar voor verkoop en kun je geen eenheden meer naar Amazon Fulfillment Centers versturen.
 Doorgaan met het verkopen van deze producten
 Voer de volgende stappen uit om een vrijstellingsformulier te uploaden voor batterijen en producten die op batterijen werken:
- Download een vrijstellingsformulier voor batterijen en producten die op batterijen werken. Vrijstellingsformulieren zijn beschikbaar in meerdere talen. Kies de meest geschikte taal.
- Vul alle in rood gemarkeerde celle",2026-09-02 08:40:35,RETR,xtbBsgU7IWpyi4XbMQAA3R
法务/侵权类,older,account_4,weihaizhongxin2024@126.com,"Tue, 4 Aug 2026 17:59:07 +0000",Amazon Services <donotreply@amazon.com>,Skicka in produktsäkerhetsdokumentation för att undvika att produktposterna inaktiveras,,"96
 Hej Weihai EU!
 Vissa av dina produktposter riskerar att inaktiveras på grund av att det saknas obligatorisk information om överensstämmelse för produkterna. Granska informationen och följande steg nedan. De berörda produktposterna visas i slutet av det här e-postmeddelandet.
 Varför händer det här?
 Vi vidtar den här åtgärden eftersom det saknas obligatorisk information om överensstämmelse för de här produkterna. Läs vår hjälpsida för Produktsäkerhet och -överensstämmelse för information om tillämpliga lagar, förordningar och Amazons policyer.
 Tabellen i slutet av detta e-postmeddelande innehåller produktspecifika krav för överensstämmelse.
 Hur återaktiverar jag mina produktposter?
 Om du vill tillhandahålla den begärda överensstämmelseinformationen går du till sidan Kontostatus och letar upp begäranden om produktöverensstämmelse:
-
 Om du har den obligatoriska dokumentationen ska du skicka in dina överensstämmelsedokument enligt instruktionerna.
-
 Om du tror att dina produkter är undantagna från dessa krav skickar du in dokumentation som visar varför de inte omfattas av dessa överensstämmelsekrav.
 Du hittar stegvisa instruktioner på vår hjälpsida om Skicka in intyg om öve",2026-09-02 08:40:34,RETR,xtbBpQxcQmpyKGzA8AAA3b
法务/侵权类,older,account_4,weihaizhongxin2024@126.com,"Tue, 4 Aug 2026 17:59:05 +0000",Amazon Services <donotreply@amazon.com>,"Invia la documentazione sulla sicurezza del prodotto per evitare la
 disattivazione dell'offerta",,"96
 Gentile Weihai EU,
 Alcune delle tue offerte sono a rischio di disattivazione perché i relativi prodotti non soddisfano i requisiti obbligatori sulla conformità. Rivedi i dettagli e i passi successivi riportati di seguito. Puoi visualizzare le offerte interessate in fondo a questa e-mail.
 Ciò a cosa è dovuto?
 Abbiamo intrapreso questo provvedimento in quanto i tuoi prodotti non dispongono delle informazioni obbligatorie sulla conformità. Consulta la pagina di aiuto Sicurezza e conformità dei prodotti per informazioni sulle leggi, le normative e le politiche di Amazon applicabili.
 La tabella alla fine di questa e-mail contiene i requisiti di conformità specifici per i prodotti.
 Come faccio a riattivare le mie offerte?
 Per fornire le informazioni di conformità richieste, vai alla pagina Stato dell'account per individuare le richieste di conformità dei prodotti:
-
 Se disponi della documentazione richiesta, segui le istruzioni per inviare i documenti di conformità.
-
 Se ritieni che i tuoi prodotti siano esenti da questi requisiti, invia la documentazione che dimostra il motivo per cui non sono soggetti a questi requisiti di conformità.
 Per istruzioni dettagliate, consulta l",2026-09-02 08:40:34,RETR,xtbBsgtbQWpyKGvLEQAA3i
法务/侵权类,older,account_4,weihaizhongxin2024@126.com,"Tue, 4 Aug 2026 17:58:26 +0000",Amazon Services <donotreply@amazon.com>,Przesyłanie dokumentacji dotyczącej bezpieczeństwa produktu w celu niedopuszczenia do dezaktywacji oferty,,"96
 Dzień dobry Weihai EU,
 niektóre z Twoich ofert są zagrożone dezaktywacją z powodu niespełnienia obowiązków dotyczących zgodności wystawianych przez Ciebie produktów z wymogami. Poniżej znajdziesz szczegółowe informacje oraz dalsze instrukcje. Oferty produktów, których dotyczy problem, wskazano na końcu niniejszej wiadomości e-mail.
 Dlaczego tak się stało?
 Podjęliśmy to działanie, ponieważ w przypadku tych produktów nie dostarczono obowiązkowych informacji dotyczących zgodności z wymogami. Więcej informacji na temat mających zastosowanie przepisów ustawowych i wykonawczych oraz zasad Amazon znajdziesz na stronie Bezpieczeństwo i zgodność produktu z wymogami .
 Informacje na temat wymogów dotyczących zgodności dla poszczególnych produktów znajdziesz w tabeli na końcu tej wiadomości e-mail.
 Jak mogę ponownie aktywować oferty?
 Aby dostarczyć niezbędne informacje dotyczące zgodności z wymogami, przejdź do panelu Kondycja konta i znajdź żądania dotyczące zgodności produktu z wymogami:
-
 Jeśli dysponujesz wymaganymi dokumentami zgodności, postępuj zgodnie z instrukcjami, aby je przesłać.
-
 Jeśli uważasz, że Twoje produkty są zwolnione z wymogów dotyczących zgodności, prześlij d",2026-09-02 08:40:34,RETR,xtbBpQRSOGpyKETAOQAA3G
法务/侵权类,older,account_4,weihaizhongxin2024@126.com,"Tue, 4 Aug 2026 17:39:23 +0000",Amazon Services <donotreply@amazon.com>,Presenta la documentación sobre seguridad del producto para evitar la desactivación de los listings,,"96
 Hola, Weihai EU:
 Algunos de tus listings están en riesgo de desactivación debido a que tus productos no cumplen los requisitos obligatorios. Revisa a continuación los detalles y siguientes pasos. Los listings afectados aparecen al final de este correo electrónico.
 ¿A qué se debe esto?
 Tomamos esta medida porque a estos productos les falta información de cumplimiento normativo obligatoria. Para más información sobre las leyes, normativas y políticas de Amazon aplicables, consulta Cumplimiento y seguridad de los productos .
 En la tabla que aparece al final de este correo electrónico se proporcionan los requisitos de cumplimiento normativo específicos del producto.
 ¿Cómo puedo reactivar mis listings?
 Para proporcionar la información de cumplimiento normativo obligatoria, ve a la página Estado de la cuenta y localiza las solicitudes de cumplimiento normativo del producto:
-
 Si dispones de la documentación obligatoria, sigue las instrucciones para presentar los documentos de cumplimiento normativo.
-
 Si crees que tus productos están exentos de estos requisitos, presenta documentación que demuestre por qué no están sujetos a estos requisitos de cumplimiento normativo.
 Para v",2026-09-02 08:40:33,RETR,xtbBsg0zGWpyI8232wAA3P
法务/侵权类,older,account_4,weihaizhongxin2024@126.com,"Tue, 4 Aug 2026 17:38:54 +0000",Amazon Services <donotreply@amazon.com>,Soumettre la documentation de sécurité des produits pour éviter la désactivation des mises en vente,,"96
 Bonjour Weihai EU,
 Certaines de vos mises en vente risquent d’être désactivées, car vos produits ne respectent pas les exigences de conformité obligatoires. Consultez les détails et les étapes suivantes ci-dessous. Les produits mis en vente concernés figurent à la fin de cet e-mail.
 Pourquoi cela se produit-il ?
 Nous prenons cette mesure, car ces produits ne présentent pas les informations de conformité obligatoires. Consultez notre page d’aide Sécurité et conformité des produits pour obtenir des informations sur les lois, réglementations et politiques Amazon applicables.
 Le tableau situé à la fin de cet e-mail présente les exigences de conformité spécifiques aux produits.
 Comment réactiver mes produits mis en vente ?
 Pour fournir les informations de conformité requises, accédez à la page État du compte et localisez les demandes de conformité des produits :
-
 Si vous disposez des documents requis, suivez les instructions pour soumettre vos documents de conformité.
-
 Si vous pensez que vos produits sont exemptés de ces exigences, soumettez des pièces justificatives prouvant les raisons pour lesquelles ils ne sont pas soumis à ces exigences de conformité.
 Pour des instru",2026-09-02 08:40:33,RETR,xtbBshIsEmpyI7K3bwAA3P
法务/侵权类,older,account_4,weihaizhongxin2024@126.com,"Tue, 4 Aug 2026 17:37:54 +0000",亚马逊开店服务 <donotreply@amazon.com>,提交商品安全文件以避免商品被停售,,"96
 尊敬的 Weihai EU：
您好！
 您的部分商品因缺少必要的商品合规信息而面临被停售的风险。查看下面的详细信息和后续步骤。受影响的商品显示在此电子邮件的末尾。
 为什么会发生这种情况？
 我们之所以采取此措施，是因为这些商品缺少必要的合规信息。请查看我们的 商品安全与合规 帮助页面，了解有关适用法律法规和亚马逊政策的信息。
 此电子邮件末尾的表格提供了特定于商品的合规性要求。
 如何重新启售商品？
 要提供所需的合规信息，请前往 账户状况 页面并找到商品合规性请求：
-
 如果您有所需的文件，请按照相关说明提交您的合规文件。
-
 如果您认为您的商品无需遵守这些要求，请提交相关文件，说明它们为何不受这些合规要求的约束。
 有关分步操作说明，请参阅 提交合规文件或对文件请求提出申诉 帮助页面。
 为避免进一步影响您的账户，请停售或删除您不打算销售或申诉的任何不合规商品。
 如果我未执行上述操作，会怎么样？
 如果您未在“账户状况”页面显示的截止日期之前提供所需的合规信息，我们可能会停售受影响的商品。
 我们愿意随时为您提供帮助。
 有关更多信息，请观看卖家大学中的 安全与合规简介 视频
 如果您有其他问题，请在您的 账户状况 控制面板上提交请求。
 亚马逊商品安全与合规性
 受影响的商品
 详情
 15 PCS Eisenbahn Cube Track, 3D Schwerkrafttrotzendes Zug Set, DIY Zugstrecken Spielzeug, STEM Lernspielzeug & Geschenkidee für Kinder 3–8 Jahre, Kreatives Bauen Spielzeug
 ASIN： B0H11D2KV8
 亚马逊要求您证明自己在亚马逊德国站上架的儿童玩具符合适用的法律、法规、标准和亚马逊政策。
要销售儿童玩具，您必须满足 儿童玩具帮助页面 上列出的要求，并与我们的合作伙伴第三方测试、检验和认证 (TIC) 服务提供商合作，验证您的商品符合这些要求。
儿童玩具是指供14岁或以下儿童在学习或玩耍时使用的商品。
亚马逊根据以下标准来确定商品是否为“儿童玩具”：
商品包装上的年龄分级标明该玩具专供 14 岁或以下儿童使用。
产品的包装、展示、促销或广告显示该产品适合 14 岁或以下儿童使用。
消费者通常认为该商品供 14 岁或以下儿童使用。
有关合规要求、如何与 TIC 服务提供商合作的更多信息，或者要观看有关本政策涵盖的儿童玩具的视频，请访问 儿童玩具帮助页面 。
 15 PCS Eisenbahn Cube Track, 3D Schwerkrafttrotzendes Zug Set, DIY Zugstrecken Spielzeug, STEM Lernspielzeug & G",2026-09-02 08:40:33,RETR,xtbBshQdA2pyI3S2WwAA3a
法务/侵权类,older,account_4,weihaizhongxin2024@126.com,"Tue, 4 Aug 2026 17:37:16 +0000",Amazon Services <donotreply@amazon.com>,"Dien productveiligheidsdocumentatie in om de deactivering van de
 productvermelding te voorkomen",,"96
 Hallo Weihai EU,
 Enkele van je productvermeldingen lopen het risico op deactivering omdat er verplichte nalevingsvereisten voor je producten ontbreken. Bekijk de gegevens en de stappen hieronder. De betreffende productvermeldingen worden aan het einde van deze e-mail weergegeven.
 Waarom gebeurt dit?
 We hebben deze actie ondernomen omdat voor deze producten verplichte nalevingsinformatie ontbreekt. Raadpleeg onze hulp-pagina Productveiligheid en -conformiteit voor informatie over de toepasselijke wet- en regelgeving en het Amazon-beleid.
 De tabel aan het einde van deze e-mail bevat productspecifieke nalevingsvereisten.
 Hoe activeer ik mijn productvermeldingen opnieuw?
 Als je de vereiste nalevingsgegevens wilt verstrekken, ga je naar de pagina Accountstatus en zoek je de aanvragen voor productconformiteit:
-
 Als je over de vereiste documentatie beschikt, volg je de instructies om je nalevingsdocumenten in te dienen.
-
 Als je van mening bent dat je producten zijn vrijgesteld van deze vereisten, dien dan documentatie in waaruit blijkt wat de reden is dat ze niet aan deze nalevingsvereisten zijn onderworpen.
 Raadpleeg voor stapsgewijze instructies onze hulp-pagina Documente",2026-09-02 08:40:32,RETR,xtbBpBAU+WpyI1CkXQAA3L
法务/侵权类,older,account_4,weihaizhongxin2024@126.com,"Tue, 4 Aug 2026 05:41:28 +0000","""Amazon.de"" <store-news@amazon.de>",Dein Einkaufswagen wartet,,"https://www.amazon.de/gp/cart/view.html?ref_=cor
145 PCS Eisenbahn Elektrisch Cube Track, 3D Schwerkrafttrotzendes Zug Set, DIY Zugstrecken Spielzeug, STEM Lernspielzeug &amp; Geschenkidee für Kinder 3–8 Jahre, Kreatives Bauen Spielzeug
 41,97 €
https://www.amazon.de/gp/product/B0H11DGDRL/?ref_=
Einkaufswagen anzeigen
https://www.amazon.de/gp/cart/view.html?ref_=cor
Aktualisiere deine Einstellungen https://www.amazon.de/gp/cpc/homepage?ref_=pe_ob_ftr_comm_prfs
Abmelden https://www.amazon.de/gp/gss/o/1Jhe9ltryLATlIXnRocwbyH16dcTFANGU4-X40-jUET2AzSBJB.D2l6BmGyrhR2QU
Amazon.de ist ein Handelsname für Amazon EU Sarl, für Amazon Europe Core Sarl und für Amazon Media EU Sarl, die alle ihren eingetragenen Sitz unter 38 avenue John F. Kennedy, L-1855 Luxemburg haben und für die Amazon Digital Germany GmbH, mit eingetragenem Sitz in der Domagkstr. 28, 80807 München, Deutschland. ©2026 Amazon.com, Inc. oder verbundene Unternehmen. Amazon sowie alle zugehörigen Marken sind Marken der Amazon.com, Inc. oder deren verbundenen Unternehmen. Es können Versandkosten anfallen. Für Ihren Kauf gilt der Preis und die Verfügbarkeit, die zum Zeitpunkt des Kaufs auf amazon.de angezeigt werden.
Datenschutze",2026-09-02 08:40:30,RETR,xtbBsgz43mpxe4wu8gAA3o
法务/侵权类,older,account_4,weihaizhongxin2024@126.com,"Mon, 3 Aug 2026 17:42:30 +0000",Amazon Services <donotreply@amazon.com>,Skicka in produktsäkerhetsdokumentation för att undvika att produktposterna inaktiveras,,"96
 Hej Weihai EU!
 Vissa av dina produktposter riskerar att inaktiveras på grund av att det saknas obligatorisk information om överensstämmelse för produkterna. Granska informationen och följande steg nedan. De berörda produktposterna visas i slutet av det här e-postmeddelandet.
 Varför händer det här?
 Vi vidtar den här åtgärden eftersom det saknas obligatorisk information om överensstämmelse för de här produkterna. Läs vår hjälpsida för Produktsäkerhet och -överensstämmelse för information om tillämpliga lagar, förordningar och Amazons policyer.
 Tabellen i slutet av detta e-postmeddelande innehåller produktspecifika krav för överensstämmelse.
 Hur återaktiverar jag mina produktposter?
 Om du vill tillhandahålla den begärda överensstämmelseinformationen går du till sidan Kontostatus och letar upp begäranden om produktöverensstämmelse:
-
 Om du har den obligatoriska dokumentationen ska du skicka in dina överensstämmelsedokument enligt instruktionerna.
-
 Om du tror att dina produkter är undantagna från dessa krav skickar du in dokumentation som visar varför de inte omfattas av dessa överensstämmelsekrav.
 Du hittar stegvisa instruktioner på vår hjälpsida om Skicka in intyg om öve",2026-09-02 08:40:28,RETR,xtbBsgmtk2pw0wntBAAA3s
法务/侵权类,older,account_4,weihaizhongxin2024@126.com,"Mon, 3 Aug 2026 17:41:59 +0000",Amazon Services <donotreply@amazon.com>,"Invia la documentazione sulla sicurezza del prodotto per evitare la
 disattivazione dell'offerta",,"96
 Gentile Weihai EU,
 Alcune delle tue offerte sono a rischio di disattivazione perché i relativi prodotti non soddisfano i requisiti obbligatori sulla conformità. Rivedi i dettagli e i passi successivi riportati di seguito. Puoi visualizzare le offerte interessate in fondo a questa e-mail.
 Ciò a cosa è dovuto?
 Abbiamo intrapreso questo provvedimento in quanto i tuoi prodotti non dispongono delle informazioni obbligatorie sulla conformità. Consulta la pagina di aiuto Sicurezza e conformità dei prodotti per informazioni sulle leggi, le normative e le politiche di Amazon applicabili.
 La tabella alla fine di questa e-mail contiene i requisiti di conformità specifici per i prodotti.
 Come faccio a riattivare le mie offerte?
 Per fornire le informazioni di conformità richieste, vai alla pagina Stato dell'account per individuare le richieste di conformità dei prodotti:
-
 Se disponi della documentazione richiesta, segui le istruzioni per inviare i documenti di conformità.
-
 Se ritieni che i tuoi prodotti siano esenti da questi requisiti, invia la documentazione che dimostra il motivo per cui non sono soggetti a questi requisiti di conformità.
 Per istruzioni dettagliate, consulta l",2026-09-02 08:40:28,RETR,xtbBpQmli2pw0unf7AAA3Q
法务/侵权类,older,account_4,weihaizhongxin2024@126.com,"Mon, 3 Aug 2026 17:41:27 +0000",Amazon Services <donotreply@amazon.com>,Przesyłanie dokumentacji dotyczącej bezpieczeństwa produktu w celu niedopuszczenia do dezaktywacji oferty,,"96
 Dzień dobry Weihai EU,
 niektóre z Twoich ofert są zagrożone dezaktywacją z powodu niespełnienia obowiązków dotyczących zgodności wystawianych przez Ciebie produktów z wymogami. Poniżej znajdziesz szczegółowe informacje oraz dalsze instrukcje. Oferty produktów, których dotyczy problem, wskazano na końcu niniejszej wiadomości e-mail.
 Dlaczego tak się stało?
 Podjęliśmy to działanie, ponieważ w przypadku tych produktów nie dostarczono obowiązkowych informacji dotyczących zgodności z wymogami. Więcej informacji na temat mających zastosowanie przepisów ustawowych i wykonawczych oraz zasad Amazon znajdziesz na stronie Bezpieczeństwo i zgodność produktu z wymogami .
 Informacje na temat wymogów dotyczących zgodności dla poszczególnych produktów znajdziesz w tabeli na końcu tej wiadomości e-mail.
 Jak mogę ponownie aktywować oferty?
 Aby dostarczyć niezbędne informacje dotyczące zgodności z wymogami, przejdź do panelu Kondycja konta i znajdź żądania dotyczące zgodności produktu z wymogami:
-
 Jeśli dysponujesz wymaganymi dokumentami zgodności, postępuj zgodnie z instrukcjami, aby je przesłać.
-
 Jeśli uważasz, że Twoje produkty są zwolnione z wymogów dotyczących zgodności, prześlij d",2026-09-02 08:40:28,RETR,xtbBsgmdg2pw0snroQAA3u
法务/侵权类,older,account_4,weihaizhongxin2024@126.com,"Mon, 3 Aug 2026 17:28:39 +0000",Amazon Services <donotreply@amazon.com>,Soumettre la documentation de sécurité des produits pour éviter la désactivation des mises en vente,,"96
 Bonjour Weihai EU,
 Certaines de vos mises en vente risquent d’être désactivées, car vos produits ne respectent pas les exigences de conformité obligatoires. Consultez les détails et les étapes suivantes ci-dessous. Les produits mis en vente concernés figurent à la fin de cet e-mail.
 Pourquoi cela se produit-il ?
 Nous prenons cette mesure, car ces produits ne présentent pas les informations de conformité obligatoires. Consultez notre page d’aide Sécurité et conformité des produits pour obtenir des informations sur les lois, réglementations et politiques Amazon applicables.
 Le tableau situé à la fin de cet e-mail présente les exigences de conformité spécifiques aux produits.
 Comment réactiver mes produits mis en vente ?
 Pour fournir les informations de conformité requises, accédez à la page État du compte et localisez les demandes de conformité des produits :
-
 Si vous disposez des documents requis, suivez les instructions pour soumettre vos documents de conformité.
-
 Si vous pensez que vos produits sont exemptés de ces exigences, soumettez des pièces justificatives prouvant les raisons pour lesquelles ils ne sont pas soumis à ces exigences de conformité.
 Pour des instru",2026-09-02 08:40:27,RETR,xtbBswncwmpwz8kCcwAA3J
法务/侵权类,older,account_4,weihaizhongxin2024@126.com,"Mon, 3 Aug 2026 17:16:39 +0000",亚马逊开店服务 <donotreply@amazon.com>,提交商品安全文件以避免商品被停售,,"96
 尊敬的 Weihai EU：
您好！
 您的部分商品因缺少必要的商品合规信息而面临被停售的风险。查看下面的详细信息和后续步骤。受影响的商品显示在此电子邮件的末尾。
 为什么会发生这种情况？
 我们之所以采取此措施，是因为这些商品缺少必要的合规信息。请查看我们的 商品安全与合规 帮助页面，了解有关适用法律法规和亚马逊政策的信息。
 此电子邮件末尾的表格提供了特定于商品的合规性要求。
 如何重新启售商品？
 要提供所需的合规信息，请前往 账户状况 页面并找到商品合规性请求：
-
 如果您有所需的文件，请按照相关说明提交您的合规文件。
-
 如果您认为您的商品无需遵守这些要求，请提交相关文件，说明它们为何不受这些合规要求的约束。
 有关分步操作说明，请参阅 提交合规文件或对文件请求提出申诉 帮助页面。
 为避免进一步影响您的账户，请停售或删除您不打算销售或申诉的任何不合规商品。
 如果我未执行上述操作，会怎么样？
 如果您未在“账户状况”页面显示的截止日期之前提供所需的合规信息，我们可能会停售受影响的商品。
 我们愿意随时为您提供帮助。
 有关更多信息，请观看卖家大学中的 安全与合规简介 视频
 如果您有其他问题，请在您的 账户状况 控制面板上提交请求。
 亚马逊商品安全与合规性
 受影响的商品
 详情
 145 PCS Eisenbahn Elektrisch Cube Track, 3D Schwerkrafttrotzendes Zug Set, DIY Zugstrecken Spielzeug, STEM Lernspielzeug & Geschenkidee für Kinder 3–8 Jahre, Kreatives Bauen Spielzeug
 ASIN： B0H11DGDRL
 亚马逊要求您证明自己在亚马逊德国站上架的儿童玩具符合适用的法律、法规、标准和亚马逊政策。
要销售儿童玩具，您必须满足 儿童玩具帮助页面 上列出的要求，并与我们的合作伙伴第三方测试、检验和认证 (TIC) 服务提供商合作，验证您的商品符合这些要求。
儿童玩具是指供14岁或以下儿童在学习或玩耍时使用的商品。
亚马逊根据以下标准来确定商品是否为“儿童玩具”：
商品包装上的年龄分级标明该玩具专供 14 岁或以下儿童使用。
产品的包装、展示、促销或广告显示该产品适合 14 岁或以下儿童使用。
消费者通常认为该商品供 14 岁或以下儿童使用。
有关合规要求、如何与 TIC 服务提供商合作的更多信息，或者要观看有关本政策涵盖的儿童玩具的视频，请访问 儿童玩具帮助页面 。
 145 PCS Eisenbahn Elektrisch Cube Track, 3D Schwerkrafttrotzendes Zug Set, DIY Zugstrecken Spielzeug",2026-09-02 08:40:27,RETR,xtbBpBsoDmpwzPuz+gAA39
法务/侵权类,older,account_4,weihaizhongxin2024@126.com,"Mon, 3 Aug 2026 17:06:40 +0000",Amazon Services <donotreply@amazon.com>,"Dien productveiligheidsdocumentatie in om de deactivering van de
 productvermelding te voorkomen",,"96
 Hallo Weihai EU,
 Enkele van je productvermeldingen lopen het risico op deactivering omdat er verplichte nalevingsvereisten voor je producten ontbreken. Bekijk de gegevens en de stappen hieronder. De betreffende productvermeldingen worden aan het einde van deze e-mail weergegeven.
 Waarom gebeurt dit?
 We hebben deze actie ondernomen omdat voor deze producten verplichte nalevingsinformatie ontbreekt. Raadpleeg onze hulp-pagina Productveiligheid en -conformiteit voor informatie over de toepasselijke wet- en regelgeving en het Amazon-beleid.
 De tabel aan het einde van deze e-mail bevat productspecifieke nalevingsvereisten.
 Hoe activeer ik mijn productvermeldingen opnieuw?
 Als je de vereiste nalevingsgegevens wilt verstrekken, ga je naar de pagina Accountstatus en zoek je de aanvragen voor productconformiteit:
-
 Als je over de vereiste documentatie beschikt, volg je de instructies om je nalevingsdocumenten in te dienen.
-
 Als je van mening bent dat je producten zijn vrijgesteld van deze vereisten, dien dan documentatie in waaruit blijkt wat de reden is dat ze niet aan deze nalevingsvereisten zijn onderworpen.
 Raadpleeg voor stapsgewijze instructies onze hulp-pagina Documente",2026-09-02 08:40:26,RETR,xtbBsgKRd2pwyqK6DwAA3R
法务/侵权类,older,account_4,weihaizhongxin2024@126.com,"Mon, 3 Aug 2026 17:06:20 +0000",Amazon Services <donotreply@amazon.com>,Presenta la documentación sobre seguridad del producto para evitar la desactivación de los listings,,"96
 Hola, Weihai EU:
 Algunos de tus listings están en riesgo de desactivación debido a que tus productos no cumplen los requisitos obligatorios. Revisa a continuación los detalles y siguientes pasos. Los listings afectados aparecen al final de este correo electrónico.
 ¿A qué se debe esto?
 Tomamos esta medida porque a estos productos les falta información de cumplimiento normativo obligatoria. Para más información sobre las leyes, normativas y políticas de Amazon aplicables, consulta Cumplimiento y seguridad de los productos .
 En la tabla que aparece al final de este correo electrónico se proporcionan los requisitos de cumplimiento normativo específicos del producto.
 ¿Cómo puedo reactivar mis listings?
 Para proporcionar la información de cumplimiento normativo obligatoria, ve a la página Estado de la cuenta y localiza las solicitudes de cumplimiento normativo del producto:
-
 Si dispones de la documentación obligatoria, sigue las instrucciones para presentar los documentos de cumplimiento normativo.
-
 Si crees que tus productos están exentos de estos requisitos, presenta documentación que demuestre por qué no están sujetos a estos requisitos de cumplimiento normativo.
 Para v",2026-09-02 08:40:26,RETR,xtbBpRGNc2pwypGt0AAA32
法务/侵权类,older,account_4,weihaizhongxin2024@126.com,"Mon, 3 Aug 2026 10:36:14 +0000",Amazon Europe <no-reply@sell.amazon.com>,通过 Q4 活动拓展您的业务 — 尽早提报，节省费用,,"最大化您的 Q4 业绩
尊敬的卖家，
为 Q4 活动做好准备 — 为数百万消费者打造不容错过的优惠！今年，Prime 会员大促（PBDD）将与去年同期回归，随后是黑色星期五活动周（BFW）。通过尽早提交促销并确保充足库存，助力您的业务增长。
早鸟折扣：如果您在截止日期前提报促销 — Prime 会员大促截止 8 月 5 日，黑色星期五活动周截止 9 月 5 日 — 您将获得每笔固定预付费的折扣：UK: £4, DE: €5, FR/IT/ES: €3。
关键日期
Prime 会员大促
活动日期： 与去年同期
提报截止日期 ：促销 – 2026 年 9 月 23 日，价格折扣 – 活动结束前 12 小时
入库截止日期：EU – 9 月 9 日，UK – 2026 年 9 月 18 日
黑色星期五活动周
活动日期：2026 年 11 月 19–30 日
提报截止日期 ：促销 – 2026 年 11 月 18 日，价格折扣 – 活动结束前 12 小时
入库截止日期：EU – 10 月 21 日，UK – 2026 年 10 月 30 日
提报您的促销 > https://go.amazonsellerservices.com/e/229492/reate-ld-DC-EM-D480293951-Wk31/7z52844/6805640895/h/bbvLR79Zsnl3kOmPKwC5qVa6bGSAA9F0UVoT_kooemI
<table align=""center"" border=""0"" cellpadding=""0"" cellspacing=""0"" class=""section"" role=""presentation"" style=""width:100%;"">
	<tbody>
		<tr>
			<td align=""center"">
			<div role=""none"">
<!--[if(mso)|(IE)]>
<table align=""center"" border=""0"" cellpadding=""0"" cellspacing=""0"" class=""block-grid-outlook"" style=""width:600px;"" width=""600"" >
<tr>
<td style=""line-height:0px;font-size:0px;mso-line-height-rule:exactly;""><![endif]-->
			<div style=""margin:0 auto;border-radius:0px;max-width:600px;"">
			<table align=""center"" border=""0"" cellpadding=""0"" cellspacing=""0"" role=""presentation"" styl",2026-09-02 08:40:24,RETR,xtbBsgKagGpwbyJ3AQAA3L
货件/库存类,older,account_4,weihaizhongxin2024@126.com,"Sat, 22 Aug 2026 04:59:41 +0000",Fulfilment by Amazon <donotreply@amazon.com>,Disposal order created for unsellable FBA inventory,,"96
Automated Removals of Unfulfillable Inventory
 Final notice: Disposal order for your unfulfillable FBA inventory
 Final notice: Disposal order for your unfulfillable FBA inventory
 Hello,
You have unfulfillable inventory that has been in a fulfilment centre for more than 14 days. We have created a disposal order for these items.
 Why is this happening?
This action is required because these unfulfillable items have remained in our fulfilment centres for more than 14 days after notification. According to our FBA Required Removals policy, cancelling a required removal order is not permitted. To learn more, visit our FBA Required Removals policy .
 Removal order ID:
- qO7a7il03F
 Unsellable Products:
- FNSKU: B0DRC8LPGS Quantity: 1
- FNSKU: B0DRCB74YN Quantity: 1
- FNSKU: B0DRCC2H56 Quantity: 1
 For more information about the disposal order process, see Remove inventory from a fulfilment centre .
 To monitor your unfulfillable inventory, see the Manage FBA Inventory for total unsellable quantities or the Recommended Removal report for unsellable and aged inventory details.
 The Fulfilment by Amazon Team
 Report an issue with this email
 If you have any questions visit: Seller Centra",2026-09-02 08:42:09,RETR,xtbBpQI4HmqJLMLYxgAA3S
货件/库存类,older,account_4,weihaizhongxin2024@126.com,"Sat, 22 Aug 2026 04:00:24 +0000",Fulfilment by Amazon <donotreply@amazon.com>,Create FBA removal order by 2026-09-03,,"96
Automated removals of unfulfillable inventory
 Required removals: First notification
 Required removals: First notification
 Hello,
Your FBA inventory listed below became unsellable in the past seven days. You must create a removal order by 2026-09-03 or these items will be disposed of. Removal fees will apply. Review the affected items and next steps below.
Unsellable products:
- FNSKU: B0DRC8LPGS Quantity: 2
- FNSKU: B0DRCB74YN Quantity: 1
- FNSKU: B0DRCF83VZ Quantity: 6
- FNSKU: B0DRCHK71H Quantity: 1
- FNSKU: B0H11DGDRL Quantity: 1
 Why is this happening?
This action is required because these items are no longer in sellable condition in our fulfilment centres. According to our FBA Required Removals policy, all unsuitable units must be removed within 14 days of notification. To learn more, go to our FBA Required Removals policy .
We leveraged a combination of automated means to identify this issue and make this decision.
 How do I address this?
Follow these steps to manage your unsellable inventory:
- Check your complete list and quantity of unsellable items in the Manage FBA inventory .
- Create a removal order (removal fees apply) by following the instructions in Remove inv",2026-09-02 08:42:09,RETR,xtbBsh67oWqJHt6c8QAA34
货件/库存类,older,account_4,weihaizhongxin2024@126.com,"Sat, 22 Aug 2026 03:18:20 +0000",Fulfilment by Amazon <donotreply@amazon.com>,Disposal order created for unsellable FBA inventory,,"96
Automated Removals of Unfulfillable Inventory
 Final notice: Disposal order for your unfulfillable FBA inventory
 Final notice: Disposal order for your unfulfillable FBA inventory
 Hello,
You have unfulfillable inventory that has been in a fulfilment centre for more than 14 days. We have created a disposal order for these items.
 Why is this happening?
This action is required because these unfulfillable items have remained in our fulfilment centres for more than 14 days after notification. According to our FBA Required Removals policy, cancelling a required removal order is not permitted. To learn more, visit our FBA Required Removals policy .
 Removal order ID:
- aVWN9vWwFe
 Unsellable Products:
- FNSKU: B0DRCB74YN Quantity: 1
- FNSKU: B0DRCF83VZ Quantity: 1
 For more information about the disposal order process, see Remove inventory from a fulfilment centre .
 To monitor your unfulfillable inventory, see the Manage FBA Inventory for total unsellable quantities or the Recommended Removal report for unsellable and aged inventory details.
 The Fulfilment by Amazon Team
 Report an issue with this email
 If you have any questions visit: Seller Central
 To change your email preferen",2026-09-02 08:42:08,RETR,xtbBpQFCKGqJFQFk9wAA3q
货件/库存类,older,account_4,weihaizhongxin2024@126.com,"Sat, 22 Aug 2026 03:06:19 +0000",Fulfilment by Amazon <donotreply@amazon.com>,Create FBA removal order by 2026-09-03,,"96
Automated removals of unfulfillable inventory
 Required removals: First notification
 Required removals: First notification
 Hello,
Your FBA inventory listed below became unsellable in the past seven days. You must create a removal order by 2026-09-03 or these items will be disposed of. Removal fees will apply. Review the affected items and next steps below.
Unsellable products:
- FNSKU: B0DRC8LPGS Quantity: 2
 Why is this happening?
This action is required because these items are no longer in sellable condition in our fulfilment centres. According to our FBA Required Removals policy, all unsuitable units must be removed within 14 days of notification. To learn more, go to our FBA Required Removals policy .
We leveraged a combination of automated means to identify this issue and make this decision.
 How do I address this?
Follow these steps to manage your unsellable inventory:
- Check your complete list and quantity of unsellable items in the Manage FBA inventory .
- Create a removal order (removal fees apply) by following the instructions in Remove inventory overview .
 To avoid future manual inventory removal orders, set up Automated Unfulfillable Removals function in your FBA",2026-09-02 08:42:08,RETR,xtbBpRGNc2qJEjFQnAAA3G
货件/库存类,older,account_4,weihaizhongxin2024@126.com,"Thu, 20 Aug 2026 20:05:47 +0000",Fulfilment by Amazon Operations <fba-noreply@amazon.lu>,Your Amazon-Fulfilled Inventory,,"Dear Seller,
We recently notified you about the removal of your listing(s) for the product(s) listed below due to a safety recall.
You were required to submit a removal request for the ASIN(s) referenced below to have your inventory sent to a location of your choice within 30 days of the notification sent on 20/07/2026. Since no removal order was submitted since the notification was sent, we have submitted a disposal order for this inventory in accordance with our FBA policies.
For more information regarding the removal of your product(s), see the notification e-mail you received from our Seller Performance Team. If you have any further questions, please contact our Seller Support .
Thank you for your attention to this matter.
Yours faithfully,
Fulfilment by Amazon Team
Please note: this e-mail was sent from a notification-only address that cannot accept incoming e-mail. Please do not reply to this message.
Affected Product(s):
B0F23SWF2P
 SPC-EUAmazon-1055532845992348",2026-09-02 08:42:03,RETR,xtbBpB0bAWqHXh1KFQAA3S
货件/库存类,older,account_4,weihaizhongxin2024@126.com,"Sat, 15 Aug 2026 04:15:54 +0000",Fulfilment by Amazon <donotreply@amazon.com>,Create FBA removal order by 2026-08-27,,"96
Automated removals of unfulfillable inventory
 Required removals: First notification
 Required removals: First notification
 Hello,
Your FBA inventory listed below became unsellable in the past seven days. You must create a removal order by 2026-08-27 or these items will be disposed of. Removal fees will apply. Review the affected items and next steps below.
Unsellable products:
- FNSKU: B0DRCB74YN Quantity: 2
- FNSKU: B0DRCF83VZ Quantity: 7
- FNSKU: B0DRCHK71H Quantity: 1
- FNSKU: X0027HYVT3 Quantity: 1
- FNSKU: X002A05YW5 Quantity: 1
 Why is this happening?
This action is required because these items are no longer in sellable condition in our fulfilment centres. According to our FBA Required Removals policy, all unsuitable units must be removed within 14 days of notification. To learn more, go to our FBA Required Removals policy .
We leveraged a combination of automated means to identify this issue and make this decision.
 How do I address this?
Follow these steps to manage your unsellable inventory:
- Check your complete list and quantity of unsellable items in the Manage FBA inventory .
- Create a removal order (removal fees apply) by following the instructions in Remove inv",2026-09-02 08:41:50,RETR,xtbBpB6zmWp-5-62rwAA3F
货件/库存类,older,account_4,weihaizhongxin2024@126.com,"Sat, 8 Aug 2026 04:47:38 +0000",Fulfilment by Amazon <donotreply@amazon.com>,Disposal order created for unsellable FBA inventory,,"96
Automated Removals of Unfulfillable Inventory
 Final notice: Disposal order for your unfulfillable FBA inventory
 Final notice: Disposal order for your unfulfillable FBA inventory
 Hello,
You have unfulfillable inventory that has been in a fulfilment centre for more than 14 days. We have created a disposal order for these items.
 Why is this happening?
This action is required because these unfulfillable items have remained in our fulfilment centres for more than 14 days after notification. According to our FBA Required Removals policy, cancelling a required removal order is not permitted. To learn more, visit our FBA Required Removals policy .
 Removal order ID:
- tynmf1KRa8
 Unsellable Products:
- FNSKU: X002A02JJ1 Quantity: 1
 For more information about the disposal order process, see Remove inventory from a fulfilment centre .
 To monitor your unfulfillable inventory, see the Manage FBA Inventory for total unsellable quantities or the Recommended Removal report for unsellable and aged inventory details.
 The Fulfilment by Amazon Team
 Report an issue with this email
 If you have any questions visit: Seller Central
 To change your email preferences visit: Notification Preferen",2026-09-02 08:41:22,RETR,xtbBsw2ghmp2tO0NugAA3q
货件/库存类,older,account_4,weihaizhongxin2024@126.com,"Sat, 8 Aug 2026 03:55:44 +0000",Fulfilment by Amazon <donotreply@amazon.com>,Create FBA removal order by 2026-08-20,,"96
Automated removals of unfulfillable inventory
 Required removals: First notification
 Required removals: First notification
 Hello,
Your FBA inventory listed below became unsellable in the past seven days. You must create a removal order by 2026-08-20 or these items will be disposed of. Removal fees will apply. Review the affected items and next steps below.
Unsellable products:
- FNSKU: B0DRCB74YN Quantity: 1
- FNSKU: B0DRCF83VZ Quantity: 1
 Why is this happening?
This action is required because these items are no longer in sellable condition in our fulfilment centres. According to our FBA Required Removals policy, all unsuitable units must be removed within 14 days of notification. To learn more, go to our FBA Required Removals policy .
We leveraged a combination of automated means to identify this issue and make this decision.
 How do I address this?
Follow these steps to manage your unsellable inventory:
- Check your complete list and quantity of unsellable items in the Manage FBA inventory .
- Create a removal order (removal fees apply) by following the instructions in Remove inventory overview .
 To avoid future manual inventory removal orders, set up Automated Unfulfillab",2026-09-02 08:41:22,RETR,xtbBpAOSeGp2qMOZWwAA34
货件/库存类,older,account_4,weihaizhongxin2024@126.com,"Sat, 8 Aug 2026 03:47:02 +0000",Fulfilment by Amazon <donotreply@amazon.com>,Create FBA removal order by 2026-08-20,,"96
Automated removals of unfulfillable inventory
 Required removals: First notification
 Required removals: First notification
 Hello,
Your FBA inventory listed below became unsellable in the past seven days. You must create a removal order by 2026-08-20 or these items will be disposed of. Removal fees will apply. Review the affected items and next steps below.
Unsellable products:
- FNSKU: B0DRCB74YN Quantity: 1
- FNSKU: B0DRCC2H56 Quantity: 1
- FNSKU: B0DRCF83VZ Quantity: 4
- FNSKU: B0H11DGDRL Quantity: 1
- FNSKU: X0027HYVT3 Quantity: 1
 Why is this happening?
This action is required because these items are no longer in sellable condition in our fulfilment centres. According to our FBA Required Removals policy, all unsuitable units must be removed within 14 days of notification. To learn more, go to our FBA Required Removals policy .
We leveraged a combination of automated means to identify this issue and make this decision.
 How do I address this?
Follow these steps to manage your unsellable inventory:
- Check your complete list and quantity of unsellable items in the Manage FBA inventory .
- Create a removal order (removal fees apply) by following the instructions in Remove inv",2026-09-02 08:41:22,RETR,xtbBpRkQ9Wp2prmKNwAA3n
货件/库存类,older,account_4,weihaizhongxin2024@126.com,"Sat, 8 Aug 2026 03:09:44 +0000",Fulfilment by Amazon <donotreply@amazon.com>,Disposal order created for unsellable FBA inventory,,"96
Automated Removals of Unfulfillable Inventory
 Final notice: Disposal order for your unfulfillable FBA inventory
 Final notice: Disposal order for your unfulfillable FBA inventory
 Hello,
You have unfulfillable inventory that has been in a fulfilment centre for more than 14 days. We have created a disposal order for these items.
 Why is this happening?
This action is required because these unfulfillable items have remained in our fulfilment centres for more than 14 days after notification. According to our FBA Required Removals policy, cancelling a required removal order is not permitted. To learn more, visit our FBA Required Removals policy .
 Removal order ID:
- jMekAFT184
 Unsellable Products:
- FNSKU: B0DRC8LPGS Quantity: 2
- FNSKU: B0DRCB74YN Quantity: 5
- FNSKU: B0DRCF83VZ Quantity: 9
- FNSKU: B0DRCHK71H Quantity: 1
- FNSKU: X0023C0TBV Quantity: 1
- FNSKU: X002A05YW5 Quantity: 1
 For more information about the disposal order process, see Remove inventory from a fulfilment centre .
 To monitor your unfulfillable inventory, see the Manage FBA Inventory for total unsellable quantities or the Recommended Removal report for unsellable and aged inventory details.
 The Fulfilment",2026-09-02 08:41:22,RETR,xtbBshzexGp2nfxllwAA37
其他风险类,older,account_4,weihaizhongxin2024@126.com,"Fri, 14 Aug 2026 01:35:04 +0000","""Amazon Seller Central Notifications (Do Not Reply)"" <donotreply@amazon.com>",Dangerous goods (hazmat) status update,,"96
 Dangerous goods (hazmat) status update
 Dangerous goods (hazmat) status update
 Hello from Fulfillment by Amazon,
 We are currently conducting a dangerous goods (hazmat) review of one or more of your products:
 CONFLICTING OR MISSING DG DOCUMENTATION
 ASIN
 Merchant SKU
 FNSKU
 Title
 B0H11D2KV8
 WH-DE-0508-HCGDVE-01
 B0H11D2KV8
 Circuit de Train à Cubes 15 pièces, Coffret de Train 3D défiant la gravité, Circuit de DIY à Construire, Jouet éducatif STEM et idée Cadeau pour Enfants de 3 à 8 Ans, Jeu de Construction créatif
 Why this is happening
 We do not have enough dangerous goods information to correctly classify the above products, and until you provide the necessary information, the products will not be available for sale and you will not be able to send more units to Amazon fulfillment centers. We need you to provide a proper Safety Data Sheet (SDS) for each product listed above. You may submit an exemption sheet only if the product does not have an SDS and does not contain any harmful chemicals, such as alcohol, acid, sodium, etc., or if the product is, contains, or is sold with batteries.
 How to continue selling these products
 Please make sure the SDS complies with the",2026-09-02 08:41:47,RETR,xtbBsw6Jb2p+cM5tpgAA36
其他风险类,older,account_4,weihaizhongxin2024@126.com,"Fri, 14 Aug 2026 01:27:02 +0000",Notifications Amazon Seller Central (ne pas répondre) <donotreply@amazon.com>,Mise à jour du statut de matières dangereuses,,"96
 Mise à jour du statut de matières dangereuses
 Mise à jour du statut de matières dangereuses
 Bonjour de la part du service Expédié par Amazon,
 Nous procédons actuellement à un examen des matières dangereuses du ou des produits suivants :
 DOCUMENTATION CONTRADICTOIRE OU MANQUANTE CONCERNANT LES MATIÈRES DANGEREUSES
 ASIN
 SKU vendeur
 FNSKU
 Titre
 B0H11D2KV8
 WH-DE-0508-HCGDVE-01
 B0H11D2KV8
 Circuit de train à cubes 15 pièces, coffret de train 3D défiant la gravité, circuit de DIY à construire, jouet éducatif STEM et idée cadeau pour enfants de 3 à 8 ans, jeu de construction créatif
 Pourquoi cela se produit
 Nous ne disposons pas d’informations suffisantes concernant les matières dangereuses pour classer correctement le ou les produits ci-dessus. Celui-ci ou ceux-ci ne seront par conséquent pas mis en vente, et vous ne pourrez pas en expédier davantage aux centres de distribution Amazon tant que vous ne nous aurez pas communiqué les informations nécessaires. Nous vous demandons de nous fournir une fiche de sécurité (FDS) ou une fiche d’exemption (pour les produits qui ne contiennent pas de substances chimiques nocives, telles que de l’alcool, de l’acide, du sodium ou les p",2026-09-02 08:41:47,RETR,xtbBpAgQ9Wp+bujv8gAA3G
其他风险类,older,account_4,weihaizhongxin2024@126.com,"Wed, 12 Aug 2026 01:29:28 +0000",Notifications Amazon Seller Central (ne pas répondre) <donotreply@amazon.com>,Mise à jour du statut de matières dangereuses,,"96
 Mise à jour du statut de matières dangereuses
 Mise à jour du statut de matières dangereuses
 Bonjour de la part du service Expédié par Amazon,
 Nous procédons actuellement à un examen des matières dangereuses du ou des produits suivants :
 INFORMATIONS REQUISES SUR LES BATTERIES OU PILES
 ASIN
 SKU vendeur
 FNSKU
 Titre
 B0H11D2KV8
 WH-DE-0508-HCGDVE-01
 B0H11D2KV8
 Circuit de train à cubes 15 pièces, coffret de train 3D défiant la gravité, circuit de DIY à construire, jouet éducatif STEM et idée cadeau pour enfants de 3 à 8 ans, jeu de construction créatif
 Pourquoi cela se produit
 Nous ne disposons pas d’informations détaillées concernant les piles ou batteries pour classer correctement le ou les produits ci-dessus. Celui-ci ou ceux-ci ne seront par conséquent pas mis en vente, et vous ne pourrez pas en expédier davantage aux centres de distribution Amazon tant que vous ne nous aurez pas communiqué les informations nécessaires.
 Comment continuer à vendre ces produits
 Vous devez fournir une fiche d’exemption pour batterie et produits alimentés par batterie. Consultez la documentation ci-dessous :
- Téléchargez la fiche d’exemption.
- Accédez à la page de chargement Seller ",2026-09-02 08:41:37,RETR,xtbBshvKsGp7zHsTowAA3F
其他风险类,older,account_4,weihaizhongxin2024@126.com,"Tue, 11 Aug 2026 21:31:28 +0000",Fulfillment by Amazon <donotreply@amazon.com>,Inventory marked as Reserved during PAE2 upgrades,,"96
 Your units will return to sellable status by the end of September.
 Hello,
 You have inventory stored at our PAE2 fulfillment center in Arlington, Washington, on a floor that is undergoing essential facility upgrades. During these upgrades, your inventory that is stored on that floor will be temporarily marked as Reserved and cannot be shipped to customers or removed. Your inventory will be available for sale by the end of September 2026 .
 You will not be charged storage fees or surcharges for this inventory until it’s available for customer shipments. In the unlikely event that a charge appears in error, it will be reimbursed within one billing cycle.
 To review your inventory that's stored at PAE2, go to the Inventory Ledger report . The status will change to On-hand once the inventory becomes sellable again.
 We're unable to offer inventory removals on the affected floor while the work is ongoing. We understand that this temporary closure may require you to send additional inventory to maintain availability for your customers, and we recognize that creates additional cost on your end.
 To keep track of your inventory levels and view replenishment recommendations, go to the ",2026-09-02 08:41:36,RETR,xtbBshXLsWp7lLVjOwAA31
其他风险类,older,account_4,weihaizhongxin2024@126.com,"Mon, 10 Aug 2026 12:01:10 +0000",亚马逊开店服务 <donotreply@amazon.com>,提交商品合规文件，以避免商品被移除,,"96
 提交商品合规文件，以避免商品被移除
 尊敬的 Weihai EU：
您好！
 由于缺少安全数据表，您的商品有被移除的风险。请在 2026-11-08之前提交所需文件，以继续销售这些商品。您可以在此电子邮件的底部找到您的存在风险的商品示例。
 为什么会发生这种情况？
 我们之所以采取此措施，是因为我们在您的目录中发现了需要安全数据表 (SDS) 的危险品。这些文件是法律要求的，提供有关化学品的重要安全信息，包括妥善处理、储存和应急程序。这有助于确保买家、员工及处理这些商品的每一个人的安全。
 为了确定该问题，我们同时采用了自动化技术和专家评审，最终做出了这一决定。
 要了解更多信息，请访问我们 有关化学品销售的要求和常见问题 。
 如何继续销售受影响的商品？
 为避免商品被移除并继续销售这些商品，请为每个受影响的商品上传安全数据表 (SDS)。点击下方的“查看合规要求”按钮，查看所有受影响的商品。
 查看合规性要求
 哪些商品会受到影响？
 原因
 存在风险的销售
 Roaxkois Elektrische Töpferscheibe für Kinder – DIY Töpferset ...
 ASIN: B0GYPZ58JY
 SKU: WH-TCJ-EU-0427-01
 HazardousGoods
 Unknown
 Roaxkois Elektrische Töpferscheibe für Kinder – DIY Töpferset ...
 ASIN: B0GYPZ58JY
 SKU: V4-KM0O-MXDQ
 HazardousGoods
 Unknown
 如果存在错误？
 如果您确信无需为自己的商品提交文件：
- 点击“查看合规性要求”。
- 点击商品旁边的“提交”。
- 点击“申诉要求”，然后按照提供的说明操作。
 如果未提交要求的文件，会怎么样？
 如果您未在 2026-11-08之前提交所需的安全数据表 (SDS)，则受影响的商品将从所有亚马逊商城中移除。除非您提供所需文件，否则您无法在亚马逊上销售这些商品。
 我们愿意随时为您提供帮助。
 如果您对此政策有任何疑问，请联系 销售伙伴支持 。
 谢谢！
 亚马逊开店服务
 报告此电子邮件的问题
 如果您有任何问题，请访问: Seller Central
 要更改您的电子邮件首选项，请访问： 通知首选项
 2026 Amazon.com 旗下公司 保留所有权利
 Amazon EU S.à r.l.
38 avenue John F. Kennedy,
L-1855 Luxembourg,
注册于卢森堡，
注册编号 B-101818，
股本 165.833 欧元，
营业执照编号： 134248，
卢森堡增值税注册编号 LU 20260743。
 SPC-EUAmazon-",2026-09-02 08:41:28,RETR,xtbBpAmKcGp5vYn4GQAA3R
其他风险类,older,account_4,weihaizhongxin2024@126.com,"Fri, 7 Aug 2026 05:00:35 +0000","""Amazon Seller Central Notifications(Do Not Reply)"" <donotreply@amazon.com>",Dangerous goods (hazmat) status update,,"96
 Dangerous goods (hazmat) status update
 Dangerous goods (hazmat) status update
 Hello from Fulfillment by Amazon,
 Amazon performs regular reviews on products in our fulfillment centers that may be regulated as dangerous goods (also known as hazmat). We conduct these reviews to help ensure that our shipments meet regulatory requirements and safety standards for our customers and employees. Following one such review, the dangerous goods status of one or more of your products has changed. Please read the information below to learn more about what this means for your existing inventory and new shipments.
 FULFILLABLE ITEMS
 The following products were previously unfulfillable through Fulfillment by Amazon or no longer allowed in shipments to Amazon fulfillment centers. These restrictions have been removed. The products below can continue to be fulfilled by Amazon or returned to you, and you can resume sending new units to fulfillment centers.
 ASIN
 Merchant SKU
 FNSKU
 Title
 Current Status
 Notes
 B0H11DGDRL
 WH-DE-0607-HCGD-01
 B0H11DGDRL
 145 PCS Electric Train Cube Track, 3D Anti-Gravity Train Set, DIY Railway Track Building Toy, STEM Educational Toy and Creative Gift for Kid",2026-09-02 08:41:17,RETR,xtbBpBeulGp1ZncZogAA38
其他风险类,older,account_4,weihaizhongxin2024@126.com,"Fri, 7 Aug 2026 01:36:36 +0000","""Amazon Seller Central Notifications (Do Not Reply)"" <donotreply@amazon.com>",Dangerous goods (hazmat) status update,,"96
 Dangerous goods (hazmat) status update
 Dangerous goods (hazmat) status update
 Hello from Fulfillment by Amazon,
 We are currently conducting a dangerous goods (hazmat) review of one or more of your products:
 CONFLICTING OR MISSING DG DOCUMENTATION
 ASIN
 Merchant SKU
 FNSKU
 Title
 B0H11DGDRL
 WH-DE-0508-HCGD-02
 B0H11DGDRL
 145 PCS Electric Train Cube Track, 3D Anti-Gravity Train Set, DIY Railway Track Building Toy, STEM Educational Toy and Creative Gift for Kids Aged 3–8
 Why this is happening
 We do not have enough dangerous goods information to correctly classify the above products, and until you provide the necessary information, the products will not be available for sale and you will not be able to send more units to Amazon fulfillment centers. We need you to provide a proper Safety Data Sheet (SDS) for each product listed above. You may submit an exemption sheet only if the product does not have an SDS and does not contain any harmful chemicals, such as alcohol, acid, sodium, etc., or if the product is, contains, or is sold with batteries.
 How to continue selling these products
 Please make sure the SDS complies with the following requirements:
- Created or updated ",2026-09-02 08:41:11,RETR,xtbBsweulGp1Nqf8kgAA3u
其他风险类,older,account_4,weihaizhongxin2024@126.com,"Fri, 7 Aug 2026 01:36:28 +0000","""Amazon Seller Central Notifications (Do Not Reply)"" <donotreply@amazon.com>",Dangerous goods (hazmat) status update,,"96
 Dangerous goods (hazmat) status update
 Dangerous goods (hazmat) status update
 Hello from Fulfillment by Amazon,
 We are currently conducting a dangerous goods (hazmat) review of one or more of your products:
 CONFLICTING OR MISSING DG DOCUMENTATION
 ASIN
 Merchant SKU
 FNSKU
 Title
 B0H11DGDRL
 WH-DE-0508-HCGD-02
 B0H11DGDRL
 Circuit de Train électrique à Cubes de 145 pièces, Circuit de Train à gravité 3D à Construire soi-même, Jouet éducatif STEM, idée de Cadeau créative pour Les Enfants de 3 à 8 Ans
 Why this is happening
 We do not have enough dangerous goods information to correctly classify the above products, and until you provide the necessary information, the products will not be available for sale and you will not be able to send more units to Amazon fulfillment centers. We need you to provide a proper Safety Data Sheet (SDS) for each product listed above. You may submit an exemption sheet only if the product does not have an SDS and does not contain any harmful chemicals, such as alcohol, acid, sodium, etc., or if the product is, contains, or is sold with batteries.
 How to continue selling these products
 Please make sure the SDS complies with the following require",2026-09-02 08:41:11,RETR,xtbBsx+skmp1Np-8SAAA3Q
其他风险类,older,account_4,weihaizhongxin2024@126.com,"Fri, 7 Aug 2026 01:28:27 +0000",Notifications Amazon Seller Central (ne pas répondre) <donotreply@amazon.com>,Mise à jour du statut de matières dangereuses,,"96
 Mise à jour du statut de matières dangereuses
 Mise à jour du statut de matières dangereuses
 Bonjour de la part du service Expédié par Amazon,
 Nous procédons actuellement à un examen des matières dangereuses du ou des produits suivants :
 DOCUMENTATION CONTRADICTOIRE OU MANQUANTE CONCERNANT LES MATIÈRES DANGEREUSES
 ASIN
 SKU vendeur
 FNSKU
 Titre
 B0H11DGDRL
 WH-DE-0508-HCGD-02
 B0H11DGDRL
 Circuit de train électrique à cubes de 145 pièces, circuit de train à gravité 3D à construire soi-même, jouet éducatif STEM, idée de cadeau créative pour les enfants de 3 à 8 ans
 Pourquoi cela se produit
 Nous ne disposons pas d’informations suffisantes concernant les matières dangereuses pour classer correctement le ou les produits ci-dessus. Celui-ci ou ceux-ci ne seront par conséquent pas mis en vente, et vous ne pourrez pas en expédier davantage aux centres de distribution Amazon tant que vous ne nous aurez pas communiqué les informations nécessaires. Nous vous demandons de nous fournir une fiche de sécurité (FDS) ou une fiche d’exemption (pour les produits qui ne contiennent pas de substances chimiques nocives, telles que de l’alcool, de l’acide, du sodium ou les produits qui sont, ",2026-09-02 08:41:10,RETR,xtbBsx40Gmp1NL7nlwAA3m
其他风险类,older,account_4,weihaizhongxin2024@126.com,"Wed, 5 Aug 2026 01:46:30 +0000",Notifications Amazon Seller Central (ne pas répondre) <donotreply@amazon.com>,Mise à jour du statut de matières dangereuses,,"96
 Mise à jour du statut de matières dangereuses
 Mise à jour du statut de matières dangereuses
 Bonjour de la part du service Expédié par Amazon,
 Nous procédons actuellement à un examen des matières dangereuses du ou des produits suivants :
 INFORMATIONS REQUISES SUR LES BATTERIES OU PILES
 ASIN
 SKU vendeur
 FNSKU
 Titre
 B0H11DGDRL
 WH-DE-0508-HCGD-02
 B0H11DGDRL
 Circuit de train électrique à cubes de 145 pièces, circuit de train à gravité 3D à construire soi-même, jouet éducatif STEM, idée de cadeau créative pour les enfants de 3 à 8 ans
 Pourquoi cela se produit
 Nous ne disposons pas d’informations détaillées concernant les piles ou batteries pour classer correctement le ou les produits ci-dessus. Celui-ci ou ceux-ci ne seront par conséquent pas mis en vente, et vous ne pourrez pas en expédier davantage aux centres de distribution Amazon tant que vous ne nous aurez pas communiqué les informations nécessaires.
 Comment continuer à vendre ces produits
 Vous devez fournir une fiche d’exemption pour batterie et produits alimentés par batterie. Consultez la documentation ci-dessous :
- Téléchargez la fiche d’exemption.
- Accédez à la page de chargement Seller Central.
- Le fich",2026-09-02 08:40:38,RETR,xtbBsxrawGpylfoQlAAA3A
