category,time_bucket,account,account_user,date,from,subject,hit_keywords,body_preview,detected_at,fetch_mode,uid
法务/侵权类,today,account_4,weihaizhongxin2024@126.com,"Sun, 26 Apr 2026 11:10:42 +0000",Gabriel Martins <notifications@insgly.net>,Worten Marketplace - Portugal y España,,"¡Buenos días!
Espero que te encuentres bien.
Mi nombre es Gabriel Martins y soy Business Developer en WORTEN Portugal y España, parte de Sonae, uno de los más grandes grupos empresariales en Portugal.
Te envío este mensaje porque nos gustaría hacer una colaboración entre Weihai EU y el Marketplace de Worten.
Sobre Worten.
Somos líderes en el mercado portugués, con 200 tiendas alcanzamos más de 1.2 billones de euros en ventas, de los cuales el 20% vienen del online.
En Portugal, Worten.pt es el sitio de comercio electrónico más visitado y con mejor desempeño, recibimos más visitas que los principales marketplaces del mundo, los que consideramos nuestra competencia. En compras online, el sitio web de Worten tiene el mayor tráfico de Portugal, más de 10 millones de visitas al mes.
Es en www.worten.pt y www.worten.es donde puedes mirar nuestro Marketplace.
Con más de 30 categorías, el Marketplace de Worten quiere ser la plataforma donde los clientes pueden encontrar todo lo que necesitan.
Con la gran demanda que sentimos, tenemos la oportunidad de aumentar nuestra gama de productos, ¡y trabajar con las mejores empresas es nuestra prioridad !
Worten Marketplace tiene una estrategia B2C,",2026-04-26 14:05:21,RETR,xtbBpRa-pWnt8ratZwAA3j
店铺绩效类,last7,account_4,weihaizhongxin2024@126.com,"Sun, 19 Apr 2026 14:54:23 +0000",Amazon Services <seller-notification@amazon.com>,Balance paid on your Amazon seller account,,"Greetings from Amazon Services.
 We have charged your credit card for $44.85 in an attempt to settle your Amazon seller account balance.
 Note that the amount charged to your credit card may be less than the total amount you owe due to a credit limit imposed by your bank. If that is the case, we will continue to charge your credit card as often as every 24 hours until the remaining balance in your Amazon seller account is paid in full.
 You can also use the Make a Payment feature to repay the balance you owe. For more information, see Making a Payment .
 You can view your payment activity at any time by logging in to your seller account and going to your Payments Report .
 Thank you for selling on Amazon.
 Amazon Services
 Help us improve your experience on selling on Amazon through this brief survey:
 https://amazonexteu.qualtrics.com/jfe/form/SV_eUKdboEQhg1YpuK?cID=10038096056-202604191349
 Was this email helpful?
 SPC-USAmazon-422214670678490",2026-04-26 14:05:00,RETR,xtbBswL23Gnk7KK0XwAA3z
付款/资金类,last7,account_4,weihaizhongxin2024@126.com,"Fri, 24 Apr 2026 05:12:21 +0000",Amazon Payments Europe <seller-notification@amazon.ie>,Outstanding balance on your Amazon account,,"Hello,
 You have an outstanding balance on your account in the amount of 7,79 EUR. We will debit this amount from the credit card (Visa) that you registered as the charge method for your account.
 If this card has a credit limit, we may continue to charge this card until the outstanding balance is fully paid.
 For further information, search for “Make a Payment” in Seller Central Help (https://sellercentral-europe.amazon.com/gp/help/201058620).
 To learn more about your payment reports and activity, search for “View My Payments Reports” in Seller Central Help (https://sellercentral-europe.amazon.com/gp/help/60511).
 Sincerely,
 Amazon Payments Europe SCA (société en commandite par actions), partnership limited by shares, is a company registered in Luxembourg, Registration Number (RCS Luxembourg) B 153 265, with its corporate office at 38 avenue John F. Kennedy, L-1855 Luxembourg. VAT Number LU 24448288. Amazon Payments Europe SCA is authorised by the Commission de Surveillance du Secteur Financier as an Electronic Money Issuer (licence number 36/10).
 此电子邮件是否有用？
 SPC-EUAmazon-1724035881032491",2026-04-26 14:05:17,RETR,xtbBpBtCKGnq+7tkkAAA3i
付款/资金类,last7,account_4,weihaizhongxin2024@126.com,"Thu, 23 Apr 2026 15:01:26 +0000",Amazon Services <donotreply@amazon.com>,Your payment is on the way,,"96
This title will display on mobile devices
 Congratulations! Your payment is on the way and will arrive soon.
 Disbursement attempted
Congratulations Weihai CA! Your payment is on the way and will arrive within three to five days.
On 04/23/26 15:01 EDT, we initiated a transfer to your payment method (bank account ending in 151) in the amount of CAD
 159.20.
 If the amount is less than expected, here are a few questions to consider:
 Do you have an unavailable balance? Amazon might be reserving money to cover potential returns, claims or chargebacks from buyers. If this is the case, the closing balance in your Payment Report will display the unavailable balance that is reserved.
 Did your sales cover all fees and returns for this statement period? The payment amount reflects sales activities, selling fees and fees for promotions or services. We recommend reviewing your Payment Report under the Reports tab in Seller Central to understand your closing balance.
To learn more about Payment Reports in Seller Central, please visit our official course.
We wish you continued success!
Thank you for selling in the Amazon Store,
Amazon Services
Help us improve your payment experience on Amaz",2026-04-26 14:05:13,RETR,xtbBpAo0GmnqNEr4CQAA3M
付款/资金类,last7,account_4,weihaizhongxin2024@126.com,"Tue, 21 Apr 2026 14:27:43 +0000",Amazon Services <donotreply@amazon.com>,Tu pago está en camino,,"96
This title will display on mobile devices
 ¡Enhorabuena! El pago está de camino y llegará pronto.
 El pago está en camino
Enhorabuena, Weihai EU. Tu pago está en camino y te llegará en un plazo de tres a cinco días.
El 04/21/26 14:27 WEST, iniciamos una transferencia a tu método de pago (cuenta bancaria terminado en 229) por un importe de €
 373,27.
 Si el importe es inferior a lo esperado, ten en cuenta las siguientes preguntas:
 ¿Tienes saldo no disponible en tu cuenta de vendedor? Puede que hayamos reservado algo de dinero para posibles devoluciones, reclamaciones o reversiones de cargo de clientes. En este caso, el saldo de cierre de tu informe de pagos te mostrará el saldo no disponible en reserva.
 ¿Cubren tus ventas las tarifas de Amazon y las devoluciones del periodo de liquidación? El importe del pago refleja las ventas que has hecho y las tarifas de venta aplicadas tanto a dichas ventas como a cualquier promoción o servicio que hayas utilizado. Te recomendamos que revises tu informe de pagos en ""Informes"" de Seller Central para conocer el saldo de cierre.
Para más información sobre los informes de pagos en Seller Central, visita nuestro curso oficial.
Te deseamos un éx",2026-04-26 14:05:06,RETR,xtbBpAPOtGnniWPKZQAA3W
付款/资金类,last7,account_4,weihaizhongxin2024@126.com,"Sun, 19 Apr 2026 14:45:45 +0000",Amazon Services <donotreply@amazon.com>,Twoja płatność jest już w drodze,,"96
Ten tytuł będzie wyświetlany na urządzeniach mobilnych
 Gratulujemy! Twoja płatność jest już w drodze, a środki powinny wkrótce do Ciebie dotrzeć.
 Próba wypłaty środków
Gratulacje, Weihai EU! Twoja płatność jest już w drodze, a środki powinny do Ciebie dotrzeć w terminie od trzech do pięciu dni.
Dnia 04/19/26 14:45 CEST zainicjowaliśmy przelew na kwotę PLN
 264.75 na konto powiązane z Twoją metodą płatności (rachunek bankowy o ostatnich cyfrach 229).
 Jeśli kwota jest mniejsza niż oczekiwana, oto kilka kwestii do wzięcia pod uwagę:
 Czy Twoje saldo jest niedostępne? Amazon może zatrzymać środki na pokrycie ewentualnych kosztów zwrotów towarów, roszczeń i obciążeń zwrotnych od kupujących. W takim przypadku saldo zamknięcia w raporcie płatności pokaże niedostępne saldo na zarezerwowaną w tym celu kwotę.
 Czy Twoja sprzedaż wystarczyła na pokrycie wszystkich opłat i zwrotów w tym okresie rozliczeniowym? Kwota płatności uwzględnia koszt działań sprzedażowych, opłaty za sprzedaż oraz opłaty za promocje i usługi. Aby lepiej zrozumieć wysokość salda zamknięcia, warto przeanalizować raport płatności, który znajdziesz w Seller Central w karcie „Raporty”.
Więcej o raportach płatności w S",2026-04-26 14:05:00,RETR,xtbBpB11W2nk6p2C9wAA3Y
付款/资金类,last7,account_4,weihaizhongxin2024@126.com,"Sun, 19 Apr 2026 14:44:32 +0000",Amazon Services <donotreply@amazon.com>,Your payment is on the way,,"96
This title will display on mobile devices
 Congratulations! Your payment is on the way and will arrive soon.
 Disbursement Attempted
Congratulations Weihai EU! Your payment is on the way and will arrive within three to five days.
On 04/19/26 14:44 BST, we initiated a transfer to your payment method (bank account ending in 191) in the amount of £
 220.41.
 If the amount is less than expected, here are a few questions to consider:
 Do you have an unavailable balance? Amazon might be reserving money to cover potential returns, claims or chargebacks from buyers. If this is the case, the closing balance in your Payment Report will display the unavailable balance that is reserved.
 Did your sales cover all fees and returns for this statement period? The payment amount reflects sales activities, selling fees and fees for promotions or services. We recommend reviewing your Payment Report under the Reports tab in Seller Central to understand your closing balance.
To find out more about Payment Reports in Seller Central, please visit our official course.
We wish you continued success!
Thank you for selling in the Amazon store,
Amazon Services
Help us improve your payment experience on Ama",2026-04-26 14:05:00,RETR,xtbBsxNiSGnk6lOjTwAA3S
产品链接/合规类,last7,account_4,weihaizhongxin2024@126.com,"Fri, 24 Apr 2026 17:15:23 +0000",Fulfillment by Amazon Operations <fba-noreply@amazon.com>,Your Amazon.com Inventory - Action Required,,"Dear Weihai US,
We have recently restricted listings for the product(s) listed below on Amazon.com.
Please initiate a removal request for the ASIN(s) referenced below to have your inventory sent to a location of your choosing. If this inventory is not removed within 30 days of this notification (by 05/23/2026), we may dispose of it in accordance with FBA policies.
Thank you for your attention to this matter.
Regards,
Product Safety Team
Amazon.com
www.amazon.com
Please note: this e-mail was sent from a notification-only address that cannot accept incoming e-mail. Please do not reply to this message.
Affected Product(s):
B0FD8VC559
Was this email helpful?
 https://sellercentral.amazon.com/gp/satisfaction/survey-form.html?ie=UTF8&HMDName=NotificationBusEmailHMD&customAttribute1Value=RESTRICTED_LISTING_PRODUCTS_REMOVAL_REQUEST
SPC-USAmazon-105555325087061",2026-04-26 14:05:19,RETR,xtbBsw-Jr2nrpS8v1AAA3p
产品链接/合规类,last7,account_4,weihaizhongxin2024@126.com,"Thu, 23 Apr 2026 19:15:37 +0000",Amazon Services <donotreply@amazon.com>,Submit product safety documentation to avoid listing deactivation,,"96
 Hello Weihai EU,
 Some of your listings are at risk of deactivation due to missing mandatory compliance requirements for your products. Review the details and next steps below. The affected listings are shown at the end of this email.
 Why is this happening?
 We are taking this action because these products are missing mandatory compliance information. Review our Product safety and compliance help page for information on applicable laws, regulations, and Amazon policies.
 The table at the end of this email provides product-specific compliance requirements.
 How do I reactivate my listings?
 To provide the required compliance information, go to your Account Health page and locate the product compliance requests:
-
 If you have the required documentation, follow the instructions to submit your compliance documents.
-
 If you believe your products are exempt from these requirements, submit documentation demonstrating why they are not subject to these compliance requirements.
 For step-by-step instructions, see our Submit compliance documents or appeal a documentation request help page.
 To avoid further impact to your account, close or delete any non-compliant listings that you do",2026-04-26 14:05:16,RETR,xtbBsh0oDmnqb93JQQAA3w
产品链接/合规类,last7,account_4,weihaizhongxin2024@126.com,"Thu, 23 Apr 2026 19:09:18 +0000",Amazon Services <donotreply@amazon.com>,Submit product safety documentation to avoid listing deactivation,,"96
 Hello Weihai EU,
 Some of your listings are at risk of deactivation due to missing mandatory compliance requirements for your products. Review the details and next steps below. The affected listings are shown at the end of this email.
 Why is this happening?
 We are taking this action because these products are missing mandatory compliance information. Review our Product safety and compliance help page for information on applicable laws, regulations and Amazon policies.
 The table at the end of this email provides product-specific compliance requirements.
 How do I reactivate my listing?
 To provide the required compliance information, go to your Account Health page and locate the product compliance requests:
-
 If you have the required documentation, follow the instructions to submit your compliance documents.
-
 If you believe that your products are exempt from these requirements, submit documentation demonstrating why they are not subject to these compliance requirements.
 For step-by-step instructions, see our Submit compliance documents or appeal a documentation request help page.
 To avoid further impact on your account, close or delete any non-compliant listings that you",2026-04-26 14:05:14,RETR,xtbBsgLIrmnqbmLCpgAA39
产品链接/合规类,last7,account_4,weihaizhongxin2024@126.com,"Wed, 22 Apr 2026 03:03:00 +0000",Fulfillment by Amazon Operations <fba-noreply@amazon.com>,Your Amazon.com Inventory,,"Dear Weihai US,
You recently received a notice about the removal of your listing(s) for the product(s) listed below.
You were required to submit a removal request for the ASIN(s) referenced below to have your inventory sent to a location of your choosing within 30 days of the notification sent on 03/21/2026. Since a removal order was not submitted since the notification was sent, we have submitted a disposal order for this inventory in accordance with FBA policies.
For more information regarding the restriction of this product, see the notification e-mail you received from Product Safety. If you have additional questions, please contact Seller Support.
Thank you for your attention to this matter.
Regards,
Product Safety Team
Amazon.com
www.amazon.com
Please note: this e-mail was sent from a notification-only address that cannot accept incoming e-mail. Please do not reply to this message.
Affected Product(s):
B0FD8VC559
Was this email helpful?
 https://sellercentral.amazon.com/gp/satisfaction/survey-form.html?ie=UTF8&HMDName=NotificationBusEmailHMD&customAttribute1Value=RESTRICTED_PRODUCT_REMOVAL_ORDER_CREATED
SPC-USAmazon-1143494298629858",2026-04-26 14:05:08,RETR,xtbBpAg9I2noOmho6gAA3j
产品链接/合规类,last7,account_4,weihaizhongxin2024@126.com,"Wed, 22 Apr 2026 01:27:00 +0000",Amazon Seller Support <merch.service05@amazon.com>,RE:[CASE 20061337331] 对危险品分类提出异议,,"尊敬的卖家/供应商:您好!
我们了解到您希望重新激活商品 ASIN: B0FCDRNTT8。
1) 关于不活跃的商品信息:
我们已经核实,ASIN: B0FCDRNTT8 目前因化学品安全与合规性 (CSC) 问题而处于不活跃状态。
您可以在账户健康页面确认此信息:
https://sellercentral.amazon.com/performance/account/health/product-policies?t=regulatory-compliance
2) 关于激活商品信息:
我们看到您已经提交过文件但被拒绝,因此我们建议您重新提交文件。
请注意,要对""化学品安全与合规性 (CSC)""问题提出申诉,您需要提供详细说明,解释为什么您认为该违规判定是不正确的,并提供支持性文件或证据来支持您的申诉。
这些证据可能包括发票、真实性证明或其他能够证明您的商品不违反亚马逊商品政策的文件。
一旦您提交了相关信息,我们的内部团队将审核您的提交并重新激活该商品信息。
欢迎向亚马逊提交反馈，从而帮助亚马逊改善您的开店体验。
您对我们提供的支持是否满意？
如果是，请单击此处
https://sellercentral.amazon.com/hz/case-dashboard/hmd?p=A3U04I9L0QLTKL&c=20061337331&locale=zh_CN&k=hy
如果否，请单击此处
https://sellercentral.amazon.com/hz/case-dashboard/hmd?p=A3U04I9L0QLTKL&c=20061337331&locale=zh_CN&k=hn
Thank you for selling with Amazon,
[[Aakash M.]]
Amazon.com Seller Support
=======================================
MORE WAYS TO GET HELP:
Visit our Seller Forums for help from other sellers: http://sellercentral.amazon.com/forums
Browse all Seller Help topics: http://sellercentral.amazon.com/gp/help",2026-04-26 14:05:08,RETR,xtbBpAeWfGnoI+cxWwAA3m
产品链接/合规类,last7,account_4,weihaizhongxin2024@126.com,"Tue, 21 Apr 2026 10:07:05 +0000",Amazon Services <donotreply@amazon.com>,Submit product safety documentation to reactivate listings,,"96
 Submit product safety documentation to reactivate listings
 Hello Weihai CA,
 Some of your listings have been deactivated due to missing mandatory compliance requirements for your products. Review the details and next steps below. The affected listings are shown at the end of this email.
 Why is this happening?
 We are taking this action because these products are missing mandatory compliance information. Review our Product safety and compliance help page for information on applicable laws, regulations and Amazon policies. We leveraged a combination of automated means and expert human review to identify this issue and make this decision.
 The table at the end of this email provides product-specific compliance requirements.
 How do I reactivate my listings?
 To provide the required compliance information, go to your Account Health page and locate the product compliance requests:
-
 If you have the required documentation, follow the instructions to submit your compliance documents. We will only reinstate products that fulfil the compliance requirements.
-
 If you believe your products are exempt from these requirements, submit documentation demonstrating why they are not subject ",2026-04-26 14:05:06,RETR,xtbBsgx6YGnnTEznNQAA34
产品链接/合规类,last7,account_4,weihaizhongxin2024@126.com,"Tue, 21 Apr 2026 09:15:48 +0000",Amazon Services <donotreply@amazon.com>,Submit product safety documentation to reactivate listings,,"96
 Submit product safety documentation to reactivate listings
 Hello Weihai EU,
 Some of your listings have been deactivated due to missing mandatory compliance requirements for your products. Review the details and next steps below. The affected listings are shown at the end of this email.
 Why is this happening?
 We are taking this action because these products are missing mandatory compliance information. Review our Product safety and compliance help page for information on applicable laws, regulations, and Amazon policies. We leveraged a combination of automated means and expert human review to identify this issue and make this decision.
 The table at the end of this email provides product-specific compliance requirements.
 How do I reactivate my listings?
 To provide the required compliance information, go to your Account Health page and locate the product compliance requests:
-
 If you have the required documentation, follow the instructions to submit your compliance documents. We will only reinstate products that fulfill the compliance requirements.
-
 If you believe your products are exempt from these requirements, submit documentation demonstrating why they are not subjec",2026-04-26 14:05:05,RETR,xtbBpAh2XGnnQEhfdwAA3o
产品链接/合规类,last7,account_4,weihaizhongxin2024@126.com,"Tue, 21 Apr 2026 09:08:57 +0000",Amazon Services <donotreply@amazon.com>,Submit product safety documentation to reactivate listings,,"96
 Submit product safety documentation to reactivate listings
 Hello Weihai EU,
 Some of your listings have been deactivated due to missing mandatory compliance requirements for your products. Review the details and next steps below. The affected listings are shown at the end of this email.
 Why is this happening?
 We are taking this action because these products are missing mandatory compliance information. Review our Product safety and compliance help page for information on applicable laws, regulations and Amazon policies. We leveraged a combination of automated means and expert human review to identify this issue and make this decision.
 The table at the end of this email provides product-specific compliance requirements.
 How do I reactivate my listing?
 To provide the required compliance information, go to your Account Health page and locate the product compliance requests:
-
 If you have the required documentation, follow the instructions to submit your compliance documents. We will only reinstate products that fulfil the compliance requirements.
-
 If you believe that your products are exempt from these requirements, submit documentation demonstrating why they are not subj",2026-04-26 14:05:03,RETR,xtbBpA0P9GnnPq1NKQAA3r
产品链接/合规类,last7,account_4,weihaizhongxin2024@126.com,"Tue, 21 Apr 2026 06:10:23 +0000","""compliance-ops-mass-programs@amazon.com"" <compliance-ops-mass-programs@amazon.com>",RE:[CASE 12449434352] 【邀请函】诚邀您参与亚马逊卖家合规策略调研,,"尊敬的销售伙伴，
您好！
诚邀您参与本次卖家合规策略调研。
 [点击下方链接，即刻参与调研] (注：问卷精简，均为选择题，只需花费1-2 分钟即可完成)
问卷链接：https://suv.ma.globalsellingcommunity.cn/t/5RRV0r
________________________________________
为什么要参与本次调研？ 在全球电商合规要求持续升级的背景下，您的每一声反馈，都对我们至关重要。
我们希望更真实地了解卖家当前在合规认知、业务现状以及未来布局规划方面的实际情况。无论是您面临的切身业务挑战，还是对未来长远合规布局的困惑与考虑，都将帮助平台更深入地切中卖家的真实痛点，并直接驱动我们持续优化后续的官方支持方向。
这不仅仅是一份问卷，我们更希望它能成为亚马逊更好地理解您、支持您出海无忧的一次全新开始。",2026-04-26 14:05:03,RETR,xtbBshKNc2nnFNJg-gAA3I
产品链接/合规类,last7,account_4,weihaizhongxin2024@126.com,"Mon, 20 Apr 2026 21:09:24 +0000",Amazon Services <donotreply@amazon.com>,Submit product safety documentation to reactivate listings,,"96
 Submit product safety documentation to reactivate listings
 Hello Weihai US,
 Some of your listings have been deactivated due to missing mandatory compliance requirements for your products. Review the details and next steps below. The affected listings are shown at the end of this email.
 Why is this happening?
 We are taking this action because these products are missing mandatory compliance information. Review our Product safety and compliance help page for information on applicable laws, regulations, and Amazon policies. We leveraged a combination of automated means and expert human review to identify this issue and make this decision.
 The table at the end of this email provides product-specific compliance requirements.
 How do I reactivate my listings?
 To provide the required compliance information, go to your Account Health page and locate the product compliance requests:
-
 If you have the required documentation, follow the instructions to submit your compliance documents. We will only reinstate products that fulfill the compliance requirements.
-
 If you believe your products are exempt from these requirements, submit documentation demonstrating why they are not subjec",2026-04-26 14:05:02,RETR,xtbBsgi7oWnmlgiWLwAA3I
产品链接/合规类,last7,account_4,weihaizhongxin2024@126.com,"Mon, 20 Apr 2026 14:16:35 +0000","""cscompliance-docreview-seller@amazon.de"" <cscompliance-docreview-seller@amazon.de>","SELLER: A1UYGOR4ZW45MU, ASIN: B0DD7R3PPG, MARKETPLACE:
 A1PA6795UKMFR9 - SPO - Seller Partner Outreach - Document Review",,"Do not reply back to this e-mail!
Hello,
Thank you for submitting a document to the Chemical Safety Compliance Team.
● The document uploaded for ""B0DD7R3PPG"" is incomplete, inaccurate or otherwise conflicting, and cannot be used for classification. Specifically:
→ The SDS must be composed in accordance with a valid regulation/legislation for Chemical Safety Compliance( for which your product is listed and stored ).
The SDS does not include the legislation/regulation in accordance with the document was created
Legislation/regulation should be also mentioned in section 2 “Hazard Identification”.
For guidance on Safety Data Sheet requirements, please refer to https://sellercentral.amazon.com/help/hub/reference/G5G6BBSA6FZQP9CP
Once you have corrected the problems listed above, please re-upload a valid document in Account Health Dashboard under ""Regulatory Compliance"" section. For any questions/appeals regarding these product/other products, please submit them ( for each ASIN separately ) in ""Account Health Dashboard"" under the relevant Appeal reason:
1. Go to the Account Health page and select the Regulatory Compliance tab
2. Choose next steps.
3. Click Submit button for the product y",2026-04-26 14:05:02,RETR,xtbBsgdyWGnmNUfTWAAA3p
产品链接/合规类,last7,account_4,weihaizhongxin2024@126.com,"Mon, 20 Apr 2026 09:57:17 +0000","""cscompliance-docreview-seller@amazon.com"" <cscompliance-docreview-seller@amazon.com>","SELLER: A192R36HNXVJ38, ASIN: B0FCDRNTT8, MARKETPLACE: 1 - CSC -
 DOC REVIEW",,"Do not reply back to this e-mail!
Hello,
Thank you for submitting a document to the Chemical Safety Compliance Team.
● The document uploaded for ""B0FCDRNTT8x`"" is incomplete, inaccurate or otherwise conflicting, and cannot be used for classification. Specifically:
→ The SDS must be composed in accordance with a valid regulation/legislation for Chemical Safety Compliance( for which your product is listed and stored ).
The SDS does not include the legislation/regulation in accordance with the document was created
Legislation/regulation should be also mentioned in section 2 “Hazard Identification”.
For guidance on Safety Data Sheet requirements, please refer to https://sellercentral.amazon.com/help/hub/reference/G5G6BBSA6FZQP9CP
Once you have corrected the problems listed above, please re-upload a valid document in Account Health Dashboard under ""Regulatory Compliance"" section. For any questions/appeals regarding these product/other products, please submit them ( for each ASIN separately ) in ""Account Health Dashboard"" under the relevant Appeal reason:
1. Go to the Account Health page and select the Regulatory Compliance tab
2. Choose next steps.
3. Click Submit button for the product",2026-04-26 14:05:02,RETR,xtbBsgEyGGnl+IEH3AAA33
产品链接/合规类,last7,account_4,weihaizhongxin2024@126.com,"Mon, 20 Apr 2026 16:06:35 +0800 (GMT+08:00)",苏浩然 <suhr@cvc.org.cn>,Amazon DV TIC,,"尊敬的卖家，您好。
我们可以为您提供亚马逊DV验证报告服务。
验证费用：
【玩具】500元（RMB）/ASIN；
【电动自行车用充电器及电池】4500元（RMB）/ASIN；
【移动电源及便携式电源产品】5000元（RMB）/ASIN。
如涉及较多ASIN或有其他需求，我们将根据具体情况提供优惠报价。
商品测试：
如您的商品需额外进行合规测试，请提供实物图片和商品参数以及销售国家等，以便评估测试费用。
服务流程如下：
登录卖家中心 “合规管理”（MYC）；
针对待处理 ASIN，选择 “CVC威凯” 提交验证申请；
提供所需资料：申请表、测试报告、产品六面实物照片（非包装图）、标签警示语、用户手册/使用说明书等；
CVC威凯将进行检测或合规验证，并将结果直接提交亚马逊；如需整改，我们会及时与您沟通。
如需进一步了解或希望直接安排服务，可直接通过以下方式联系我，我们将全程协助您完成验证流程。
您也可联系官方邮箱专员咨询：amazondv@cei1958.com
感谢您的支持，期待与您合作！
如您已经对接我司业务员，请忽略此信息，不便之处敬请谅解。
Dear Seller,
Greetings.
We are pleased to offer Amazon DV Verification Report services to support your compliance needs.
Verification Fee:
【Toys】¥500 (RMB) per ASIN.
【E-bikes lithium-ion batteries and chargers】¥4500 (RMB) per ASIN.
【Power Bank and Portable Power Station】¥5000 (RMB) per ASIN.
If you have multiple ASINs or special requirements, we can provide a customized discounted quote based on your situation.
Product Testing:If your product requires additional compliance testing, please provide physical product photos, specify the target sales country/region and product parameter so we can assess the testing fees accordingly.
Service Process:
Log in to your Seller Central and navigate to “Compliance Managemen",2026-04-26 14:05:01,RETR,xtbBsg2ulGnl3o0XBwAA3K
法务/侵权类,last7,account_4,weihaizhongxin2024@126.com,"Sat, 25 Apr 2026 05:38:32 +0000","""Amazon.de"" <store-news@amazon.de>",Dein Einkaufswagen wartet,,"https://www.amazon.de/gp/cart/view.html?ref_=cor
Schwimmgurt für Pool, Schwimmhilfe Erwachsene Pool, Schwimmgurt Pool Erwachsene, Schwimmwiderstand Gürtel mit 2.5-7.5M Einstellbare Schwimmseil für Jedes Schwimmbad Ohne Gegenstromanlage
Befristetes Angebot -15 % 18,54 € Statt: 21,81 €
https://www.amazon.de/gp/product/B0DRCF83VZ/?ref_=
Einkaufswagen anzeigen
https://www.amazon.de/gp/cart/view.html?ref_=cor
Schaue dir weitere Optionen an
Roaxkois Keramik Bemalen Set - Kreatives Keramik Bastelset mit Farben, Pinseln und Anleitungen, Perfektes Tassen Bemalen Set für individuelle Geschenke und Freizeitgestaltung
 20,97 €
https://www.amazon.de/gp/product/B0FD8PWPNK/?ref_=ci_mcx_mr_2p_0_lm
Pott&#x27;d Paintables Tassen zum Bemalen Set für Erwachsene, Tassenmalset zum Selbermachen für Anfänger. Keramik Bemalen Set enthält Tassen, Farben, Pinsel, Tuch und Malinspirationshandbuch
 -39 % 32,77 € UVP: 53,78 €
https://www.amazon.de/gp/product/B0FVY9ZQ3K/?ref_=ci_mcx_mr_2p_1_lm
Roaxkois Keramik Bemalen Set - Kreatives Keramik Bastelset mit Farben, Pinseln und Anleitungen, Perfektes Tassen Bemalen Set für individuelle Geschenke und Freizeitgestaltung (Glatt) (Glatt)
 -17 % 20,97 € UVP: 25,17 €
htt",2026-04-26 14:05:20,RETR,xtbBpRyBZ2nsU1w+HAAA33
法务/侵权类,last7,account_4,weihaizhongxin2024@126.com,"Thu, 23 Apr 2026 19:19:11 +0000",Amazon Services <donotreply@amazon.com>,Presenta la documentación sobre seguridad del producto para evitar la desactivación de los listings,,"96
 Hola, Weihai EU:
 Algunos de tus listings están en riesgo de desactivación debido a que tus productos no cumplen los requisitos obligatorios. Revisa a continuación los detalles y siguientes pasos. Los listings afectados aparecen al final de este correo electrónico.
 ¿A qué se debe esto?
 Tomamos esta medida porque a estos productos les falta información de cumplimiento normativo obligatoria. Para más información sobre las leyes, normativas y políticas de Amazon aplicables, consulta Cumplimiento y seguridad de los productos .
 En la tabla que aparece al final de este correo electrónico se proporcionan los requisitos de cumplimiento normativo específicos del producto.
 ¿Cómo puedo reactivar mis listings?
 Para proporcionar la información de cumplimiento normativo obligatoria, ve a la página Estado de la cuenta y localiza las solicitudes de cumplimiento normativo del producto:
-
 Si dispones de la documentación obligatoria, sigue las instrucciones para presentar los documentos de cumplimiento normativo.
-
 Si crees que tus productos están exentos de estos requisitos, presenta documentación que demuestre por qué no están sujetos a estos requisitos de cumplimiento normativo.
 Para v",2026-04-26 14:05:17,RETR,xtbBsxJdQ2nqcLJlFAAA3P
法务/侵权类,last7,account_4,weihaizhongxin2024@126.com,"Thu, 23 Apr 2026 19:18:24 +0000",Amazon Services <donotreply@amazon.com>,"Dien productveiligheidsdocumentatie in om de deactivering van de
 productvermelding te voorkomen",,"96
 Hallo Weihai EU,
 Enkele van je productvermeldingen lopen het risico op deactivering omdat er verplichte nalevingsvereisten voor je producten ontbreken. Bekijk de gegevens en de stappen hieronder. De betreffende productvermeldingen worden aan het einde van deze e-mail weergegeven.
 Waarom gebeurt dit?
 We hebben deze actie ondernomen omdat voor deze producten verplichte nalevingsinformatie ontbreekt. Raadpleeg onze hulp-pagina Productveiligheid en -conformiteit voor informatie over de toepasselijke wet- en regelgeving en het Amazon-beleid.
 De tabel aan het einde van deze e-mail bevat productspecifieke nalevingsvereisten.
 Hoe activeer ik mijn productvermeldingen opnieuw?
 Als je de vereiste nalevingsgegevens wilt verstrekken, ga je naar de pagina Accountstatus en zoek je de aanvragen voor productconformiteit:
-
 Als je over de vereiste documentatie beschikt, volg je de instructies om je nalevingsdocumenten in te dienen.
-
 Als je van mening bent dat je producten zijn vrijgesteld van deze vereisten, dien dan documentatie in waaruit blijkt wat de reden is dat ze niet aan deze nalevingsvereisten zijn onderworpen.
 Raadpleeg voor stapsgewijze instructies onze hulp-pagina Documente",2026-04-26 14:05:16,RETR,xtbBsgRSOGnqcITMQgAA3l
法务/侵权类,last7,account_4,weihaizhongxin2024@126.com,"Thu, 23 Apr 2026 19:15:32 +0000",Amazon Services <donotreply@amazon.com>,Przesyłanie dokumentacji dotyczącej bezpieczeństwa produktu w celu niedopuszczenia do dezaktywacji oferty,,"96
 Dzień dobry Weihai EU,
 niektóre z Twoich ofert są zagrożone dezaktywacją z powodu niespełnienia obowiązków dotyczących zgodności wystawianych przez Ciebie produktów z wymogami. Poniżej znajdziesz szczegółowe informacje oraz dalsze instrukcje. Oferty produktów, których dotyczy problem, wskazano na końcu niniejszej wiadomości e-mail.
 Dlaczego tak się stało?
 Podjęliśmy to działanie, ponieważ w przypadku tych produktów nie dostarczono obowiązkowych informacji dotyczących zgodności z wymogami. Więcej informacji na temat mających zastosowanie przepisów ustawowych i wykonawczych oraz zasad Amazon znajdziesz na stronie Bezpieczeństwo i zgodność produktu z wymogami .
 Informacje na temat wymogów dotyczących zgodności dla poszczególnych produktów znajdziesz w tabeli na końcu tej wiadomości e-mail.
 Jak mogę ponownie aktywować oferty?
 Aby dostarczyć niezbędne informacje dotyczące zgodności z wymogami, przejdź do panelu Kondycja konta i znajdź żądania dotyczące zgodności produktu z wymogami:
-
 Jeśli dysponujesz wymaganymi dokumentami zgodności, postępuj zgodnie z instrukcjami, aby je przesłać.
-
 Jeśli uważasz, że Twoje produkty są zwolnione z wymogów dotyczących zgodności, prześlij d",2026-04-26 14:05:15,RETR,xtbBshYmDGnqb9bJKgAA3X
法务/侵权类,last7,account_4,weihaizhongxin2024@126.com,"Thu, 23 Apr 2026 19:12:50 +0000",Amazon Services <donotreply@amazon.com>,Skicka in produktsäkerhetsdokumentation för att undvika att produktposterna inaktiveras,,"96
 Hej Weihai EU!
 Vissa av dina produktposter riskerar att inaktiveras på grund av att det saknas obligatorisk information om överensstämmelse för produkterna. Granska informationen och följande steg nedan. De berörda produktposterna visas i slutet av det här e-postmeddelandet.
 Varför händer det här?
 Vi vidtar den här åtgärden eftersom det saknas obligatorisk information om överensstämmelse för de här produkterna. Läs vår hjälpsida för Produktsäkerhet och -överensstämmelse för information om tillämpliga lagar, förordningar och Amazons policyer.
 Tabellen i slutet av detta e-postmeddelande innehåller produktspecifika krav för överensstämmelse.
 Hur återaktiverar jag mina produktposter?
 Om du vill tillhandahålla den begärda överensstämmelseinformationen går du till sidan Kontostatus och letar upp begäranden om produktöverensstämmelse:
-
 Om du har den obligatoriska dokumentationen ska du skicka in dina överensstämmelsedokument enligt instruktionerna.
-
 Om du tror att dina produkter är undantagna från dessa krav skickar du in dokumentation som visar varför de inte omfattas av dessa överensstämmelsekrav.
 Du hittar stegvisa instruktioner på vår hjälpsida om Skicka in intyg om öve",2026-04-26 14:05:15,RETR,xtbBpRb942nqbzbKiwAA32
法务/侵权类,last7,account_4,weihaizhongxin2024@126.com,"Thu, 23 Apr 2026 19:12:30 +0000",Amazon Services <donotreply@amazon.com>,"Invia la documentazione sulla sicurezza del prodotto per evitare la
 disattivazione dell'offerta",,"96
 Gentile Weihai EU,
 Alcune delle tue offerte sono a rischio di disattivazione perché i relativi prodotti non soddisfano i requisiti obbligatori sulla conformità. Rivedi i dettagli e i passi successivi riportati di seguito. Puoi visualizzare le offerte interessate in fondo a questa e-mail.
 Ciò a cosa è dovuto?
 Abbiamo intrapreso questo provvedimento in quanto i tuoi prodotti non dispongono delle informazioni obbligatorie sulla conformità. Consulta la pagina di aiuto Sicurezza e conformità dei prodotti per informazioni sulle leggi, le normative e le politiche di Amazon applicabili.
 La tabella alla fine di questa e-mail contiene i requisiti di conformità specifici per i prodotti.
 Come faccio a riattivare le mie offerte?
 Per fornire le informazioni di conformità richieste, vai alla pagina Stato dell'account per individuare le richieste di conformità dei prodotti:
-
 Se disponi della documentazione richiesta, segui le istruzioni per inviare i documenti di conformità.
-
 Se ritieni che i tuoi prodotti siano esenti da questi requisiti, invia la documentazione che dimostra il motivo per cui non sono soggetti a questi requisiti di conformità.
 Per istruzioni dettagliate, consulta l",2026-04-26 14:05:15,RETR,xtbBsgL43mnqbyLGMgAA3s
法务/侵权类,last7,account_4,weihaizhongxin2024@126.com,"Thu, 23 Apr 2026 19:09:22 +0000",Amazon Services <donotreply@amazon.com>,Soumettre la documentation de sécurité des produits pour éviter la désactivation des mises en vente,,"96
 Bonjour Weihai EU,
 Certaines de vos mises en vente risquent d’être désactivées, car vos produits ne respectent pas les exigences de conformité obligatoires. Consultez les détails et les étapes suivantes ci-dessous. Les produits mis en vente concernés figurent à la fin de cet e-mail.
 Pourquoi cela se produit-il ?
 Nous prenons cette mesure, car ces produits ne présentent pas les informations de conformité obligatoires. Consultez notre page d’aide Sécurité et conformité des produits pour obtenir des informations sur les lois, réglementations et politiques Amazon applicables.
 Le tableau situé à la fin de cet e-mail présente les exigences de conformité spécifiques aux produits.
 Comment réactiver mes produits mis en vente ?
 Pour fournir les informations de conformité requises, accédez à la page État du compte et localisez les demandes de conformité des produits :
-
 Si vous disposez des documents requis, suivez les instructions pour soumettre vos documents de conformité.
-
 Si vous pensez que vos produits sont exemptés de ces exigences, soumettez des pièces justificatives prouvant les raisons pour lesquelles ils ne sont pas soumis à ces exigences de conformité.
 Pour des instru",2026-04-26 14:05:14,RETR,xtbBpAbJr2nqbma39QAA3N
法务/侵权类,last7,account_4,weihaizhongxin2024@126.com,"Thu, 23 Apr 2026 00:31:36 +0000",Amazon Europe <noreply@sell.amazon.com>,规划您的 La French Week 促销活动,,"立即规划您的促销
尊敬的卖家：
通过为您选定的商品提报Z划算和促销（价格折扣和优惠券），为亚马逊 La French Week 做好准备。
请为您的产品提报活动期间的促销。
关键日期
活动日期： 2026年4月29日至5月5日
Z划算提报截止日期： 开始日期前1天
优惠券和价格折扣提报截止日期： 活动结束前 12 小时
即刻提报您的促销活动 > https://go.amazonsellerservices.com/e/229492/-ld-DC-EM-D419093827-Wk16/7z2ympf/6620349954/h/d9eRPXQyjE3xa9moRJQyNnMughaMjazH89ZvYGbD16o
您的 ASIN 推荐清单
以下为您精选推荐的 ASIN，可用于提交至 La French Week。
<div style=""padding: 0 20px; ""><table style=""width:100%; border-collapse:collapse; text-align:center; font-family:Amazon Ember Display, Arial, sans-serif; border:2px solid #868D95; border-radius:10px 10px 0 0; overflow:hidden; ""><thead><tr style=""background-color:#dfdad5;""><th style=""padding:10px; border-right:2px solid #868D95; font-size:14px; letter-spacing:none; line-height:1.2; text-align:center; mso-line-height-alt:1.063em; color:#000000;"">站点</th><th style=""padding:10px; border-right:2px solid #868D95; font-size:14px; letter-spacing:none; line-height:1.2; text-align:center; mso-line-height-alt:1.063em; color:#000000;"">ASIN</th></tr></thead><tbody><tr><td style=""padding:10px; border-top:2px solid #868D95; border-right:2px solid #868D95; font-size:14px; letter-spacing:none; line-height:1.2; text-align:center; mso-line-height",2026-04-26 14:05:10,RETR,xtbBpA0K72npaG2ZbwAA3-
法务/侵权类,last7,account_4,weihaizhongxin2024@126.com,"Wed, 22 Apr 2026 15:00:54 +0000",Amazon Services <donotreply@amazon.com>,Votre paiement est en cours,,"96
This title will display on mobile devices
 Félicitations ! Votre paiement est en cours et arrivera sous peu.
 Tentative de versement
Félicitations, Weihai EU ! Votre paiement est en cours et arrivera sous trois à cinq jours.
Le 04/22/26 15:00 CEST, nous avons effectué un virement d’un montant de €
 95.42 sur le compte lié à votre méthode de paiement (compte bancaire se terminant par 229).
 Si le montant est inférieur au montant auquel vous vous attendiez, voici quelques questions à vous poser :
 Disposez-vous d’un solde de fonds non disponibles ? Amazon peut réserver des fonds afin de couvrir des retours, des réclamations ou des rétrofacturations potentiels des acheteurs. Si tel est le cas, le solde de fin de période de votre rapport sur les paiements affichera le solde des fonds non disponibles réservé.
 Vos ventes couvraient-elles l’ensemble des frais et des retours pour cette période de règlements ? Le montant du paiement reflète votre activité commerciale, les frais de vente et les frais relatifs aux promotions et aux services. Nous vous recommandons de consulter votre rapport sur les paiements sous l’onglet Rapports de Seller Central pour comprendre votre solde de fin de pé",2026-04-26 14:05:09,RETR,xtbBpQp3XWno4qoH6AAA3j
法务/侵权类,last7,account_4,weihaizhongxin2024@126.com,"Wed, 22 Apr 2026 07:42:42 +0000",The Fulfillment by Amazon team <donotreply@amazon.com>,Act today & improve Sales on Excess Inventory,,"96
This title will display on mobile devices
 Optional preview text
 Hello,
We noticed you have a number of ASIN(s) that have excess levels of inventory. We are reaching out to inform you about multiple options to improve your Unit Sales on your aged and/or excess inventory in Amazon Fulfillment Centers. Our goal is to help you increase the sales on this excess inventory:
X004QEYPRL, X004QEVV05, X004K6ILMZ
We encourage you to take Amazon recommended actions such as Create Outlet deals, Sponsor Products Ad, to improve sell through of this excess inventory and potentially reduce your chances of incurring aged inventory fee.
 Outlet deals
 Amazon Outlet is a great place for customers to shop for overstock deals, which offers a selection of items, such as electronics, toys, beauty, and kitchen.
 Create Outlet Deal Today!
 Sponsored Product Ads
 Sponsored Products is a cost-per-click advertising solution that provides advertisers with a foundation of controls and visibility to help get their individual products discovered, and help generate sales from traffic sources in the Amazon store and on select premium apps and websites.
 Create Sponsored Products Ad Today!
We encourage you to vie",2026-04-26 14:05:09,RETR,xtbBpBawlmnoe-YhHwAA3m
法务/侵权类,last7,account_4,weihaizhongxin2024@126.com,"Tue, 21 Apr 2026 09:32:20 +0000",Amazon Europe <noreply@sell.amazon.com>,Prime Day：立即提报您的促销,,"Prime Day（日期待公布）：立即提报您的促销
尊敬的卖家，
为 2026 年 Prime Day 做好准备 - 为数百万 Prime 会员打造不容错过的优惠！加入我们今年六月的四天活动，通过提报秒杀和Z划算来提升曝光率，从而拓展您的业务！
如果您在 2026 年 4 月 30 日前提报秒杀或 Z 划算，您将获得每笔固定预付费 30% 的折扣。
关键日期
活动日期： 2026年6月 (具体日期待公布)
提报截止日期： 2026年6月19日
建议 FBA入仓截止日期：
欧盟 – 2026年5月27日，英国 – 2026年6月5日
提报您的促销 > https://go.amazonsellerservices.com/e/229492/reate-ld-DC-EM-D408225913-Wk17/7z2wg2q/6615577593/h/XJ14pTxdLNF8HtWMzSq-aEmiFGdO6nznpoye9oAUR6I
您的促销推荐
以下是您 Prime Day 的ASIN推荐提报列表。 请在卖家中心促销仪表盘查看您的完整推荐列表，每周更新一次，为您提供新机会。
<div style=""padding: 0 20px; ""><table style=""width:100%; border-collapse:collapse; text-align:center; font-family:Amazon Ember Display, Arial, sans-serif; border:2px solid #868D95; border-radius:10px 10px 0 0; overflow:hidden; ""><thead><tr style=""background-color:#dfdad5;""><th style=""padding:10px; border-right:2px solid #868D95; font-size:14px; letter-spacing:none; line-height:1.2; text-align:center; mso-line-height-alt:1.063em; color:#000000;"">站点</th><th style=""padding:10px; border-right:2px solid #868D95; font-size:14px; letter-spacing:none; line-height:1.2; text-align:center; mso-line-height-alt:1.063em; color:#000000;"">ASIN</th></tr></thead><tbody><tr><td style=""padding:10px; border-top:2px soli",2026-04-26 14:05:06,RETR,xtbBpAhvVWnnRCiItQAA3J
法务/侵权类,last7,account_4,weihaizhongxin2024@126.com,"Tue, 21 Apr 2026 09:19:47 +0000",亚马逊开店服务 <donotreply@amazon.com>,提交商品安全文件以重新启售商品,,"96
 提交商品安全文件以重新启售商品
 尊敬的 Weihai EU：
您好！
 您的部分商品因缺少必要的商品合规信息而被停售。查看下面的详细信息和后续步骤。受影响的商品显示在此电子邮件的末尾。
 为什么会发生这种情况？
 我们之所以采取此措施，是因为这些商品缺少必要的合规信息。请查看我们的 商品安全与合规 帮助页面，了解有关适用法律法规和亚马逊政策的信息。为了确定此问题，我们综合运用了自动化技术和专家人工评审，最终做出这一决定。
 此电子邮件末尾的表格提供了特定于商品的合规性要求。
 如何重新启售商品？
 要提供所需的合规信息，请前往 账户状况 页面并找到商品合规性请求：
-
 如果您有所需的文件，请按照相关说明提交您的合规文件。我们仅会重新启售满足合规要求的商品。
-
 如果您认为您的商品无需遵守这些要求，请提交相关文件，说明它们为何不受这些合规要求的约束。
 有关分步操作说明，请参阅 提交合规文件或对文件请求提出申诉 帮助页面。
 为避免进一步影响您的账户，请停售或删除您不打算销售或申诉的任何不合规商品。
 如果我未执行上述操作，会怎么样？
 如果您未提供所需的合规信息，则受影响的 ASIN 将一直处于停售状态，直到您或其他发布此商品的销售伙伴满足合规要求。
 这些商品的亚马逊物流库存会怎样？
 您必须在收到本通知后的 30 天内从我们的运营中心移除这些商品。如果未移除，我们将按照《亚马逊服务商业解决方案协议》中的规定弃置此库存，并且费用由您承担。要了解如何移除库存，请参阅 移除库存 帮助页面。
 我们愿意随时为您提供帮助。
 有关更多信息，请观看卖家大学中的 安全与合规简介 视频
 如果您有其他问题，请在您的 账户状况 控制面板上提交请求。
 亚马逊商品安全与合规性
 受影响的商品
 详情
 Roaxkois Töpferset für Kinder, Töpferscheibe, Töpferset für Zuhause mit ton lufttrocknend, Diamant Aufkleber, Kreativ Set für Kinder, Geschenk-Ideen, Geschenk für Mädchen Jungen
 ASIN： B0F145H325
 亚马逊要求您证明自己在亚马逊德国站上架的儿童玩具符合适用的法律、法规、标准和亚马逊政策。
要销售儿童玩具，您必须满足 儿童玩具帮助页面 上列出的要求，并与我们的合作伙伴第三方测试、检验和认证 (TIC) 服务提供商合作，验证您的商品符合这些要求。
儿童玩具是指供14岁或以下儿童在学习或玩耍时使用的商品。
亚马逊根据以下标准来确定商品是否为“儿童玩具”：
商品包装上的年龄分级标明该玩具专供 14 岁或以下儿童使用。
产品的包装、展示、促销或广告显示该产品适合 14 岁或以下儿童",2026-04-26 14:05:05,RETR,xtbBpRexl2nnQTdo-QAA35
法务/侵权类,last7,account_4,weihaizhongxin2024@126.com,"Tue, 21 Apr 2026 09:17:42 +0000",Amazon Services <donotreply@amazon.com>,Presenta la documentación sobre seguridad del producto para reactivar los listings,,"96
 Presenta la documentación sobre seguridad del producto para reactivar los listings
 Hola, Weihai EU:
 Algunos de tus listings se han desactivado debido a que tus productos no cumplen los requisitos obligatorios. Revisa a continuación los detalles y siguientes pasos. Los listings afectados aparecen al final de este correo electrónico.
 ¿A qué se debe esto?
 Tomamos esta medida porque a estos productos les falta información de cumplimiento normativo obligatoria. Para más información sobre las leyes, normativas y políticas de Amazon aplicables, consulta Cumplimiento y seguridad de los productos . Hemos usado una combinación de medios automatizados y revisión humana experta para identificar la incidencia y tomar una decisión.
 En la tabla que aparece al final de este correo electrónico se proporcionan los requisitos de cumplimiento normativo específicos del producto.
 ¿Cómo puedo reactivar mis listings?
 Para proporcionar la información de cumplimiento normativo obligatoria, ve a la página Estado de la cuenta y localiza las solicitudes de cumplimiento normativo del producto:
-
 Si dispones de la documentación obligatoria, sigue las instrucciones para presentar los documentos de cum",2026-04-26 14:05:05,RETR,xtbBshqSeGnnQLpyfgAA36
法务/侵权类,last7,account_4,weihaizhongxin2024@126.com,"Tue, 21 Apr 2026 09:17:14 +0000",Amazon Services <donotreply@amazon.com>,"Dien productveiligheidsdocumentatie in om productvermeldingen
 opnieuw te activeren",,"96
 Dien productveiligheidsdocumentatie in om productvermeldingen opnieuw te activeren
 Hallo Weihai EU,
 Sommige van je productvermeldingen zijn gedeactiveerd omdat er verplichte nalevingsvereisten voor je producten ontbreken. Bekijk de gegevens en de stappen hieronder. De betreffende productvermeldingen worden aan het einde van deze e-mail weergegeven.
 Waarom gebeurt dit?
 We hebben deze actie ondernomen omdat voor deze producten verplichte nalevingsinformatie ontbreekt. Raadpleeg onze hulp-pagina Productveiligheid en -conformiteit voor informatie over de toepasselijke wet- en regelgeving en het Amazon-beleid. We hebben gebruikgemaakt van een combinatie van geautomatiseerde middelen en deskundige menselijke beoordeling om dit probleem te identificeren en deze beslissing te nemen.
 De tabel aan het einde van deze e-mail bevat productspecifieke nalevingsvereisten.
 Hoe activeer ik mijn productvermeldingen opnieuw?
 Als je de vereiste nalevingsgegevens wilt verstrekken, ga je naar de pagina Accountstatus en zoek je de aanvragen voor productconformiteit:
-
 Als je over de vereiste documentatie beschikt, volg je de instructies om je nalevingsdocumenten in te dienen. We zullen alleen ",2026-04-26 14:05:05,RETR,xtbBsx6LcWnnQJ4NAAAA3K
法务/侵权类,last7,account_4,weihaizhongxin2024@126.com,"Tue, 21 Apr 2026 09:13:36 +0000",Amazon Services <donotreply@amazon.com>,Skicka in produktsäkerhetsdokumentation för att återaktivera produktposter,,"96
 Skicka in produktsäkerhetsdokumentation för att återaktivera produktposter
 Hej Weihai EU!
 Vissa av dina produktposter har inaktiverats på grund av att det saknas obligatorisk överensstämmelse för dina produkter. Granska informationen och följande steg nedan. De berörda produktposterna visas i slutet av det här e-postmeddelandet.
 Varför händer det här?
 Vi vidtar den här åtgärden eftersom det saknas obligatorisk information om överensstämmelse för de här produkterna. Läs vår hjälpsida för Produktsäkerhet och -överensstämmelse för information om tillämpliga lagar, förordningar och Amazons policyer. Vi har använt oss av både automatiserade metoder och mänskliga expertgranskare för att identifiera problemet och fatta det här beslutet.
 Tabellen i slutet av detta e-postmeddelande innehåller produktspecifika krav för överensstämmelse.
 Hur återaktiverar jag mina produktposter?
 Om du vill tillhandahålla den begärda överensstämmelseinformationen går du till sidan Kontostatus och letar upp begäranden om produktöverensstämmelse:
-
 Om du har den obligatoriska dokumentationen ska du skicka in dina överensstämmelsedokument enligt instruktionerna. Vi återaktiverar endast produkter som u",2026-04-26 14:05:04,RETR,xtbBswRVO2nnP8QCOQAA3X
法务/侵权类,last7,account_4,weihaizhongxin2024@126.com,"Tue, 21 Apr 2026 09:13:34 +0000",Amazon Services <donotreply@amazon.com>,Przesyłanie dokumentacji dotyczącej bezpieczeństwa produktu w celu ponownego aktywowania ofert,,"96
 Przesyłanie dokumentacji dotyczącej bezpieczeństwa produktu w celu ponownego aktywowania ofert
 Dzień dobry Weihai EU,
 niektóre z Twoich ofert zostały zdezaktywowane z powodu niespełnienia obowiązków dotyczących zgodności wystawianych przez Ciebie produktów z wymogami. Poniżej znajdziesz szczegółowe informacje oraz dalsze instrukcje. Oferty produktów, których dotyczy problem, wskazano na końcu niniejszej wiadomości e-mail.
 Dlaczego tak się stało?
 Podjęliśmy to działanie, ponieważ w przypadku tych produktów nie dostarczono obowiązkowych informacji dotyczących zgodności z wymogami. Więcej informacji na temat mających zastosowanie przepisów ustawowych i wykonawczych oraz zasad Amazon znajdziesz na stronie Bezpieczeństwo i zgodność produktu z wymogami . Do identyfikacji problemu i podjęcia decyzji wykorzystaliśmy zautomatyzowane narzędzia, a otrzymane za ich pomocą wyniki poddaliśmy weryfikacji przez eksperta.
 Informacje na temat wymogów dotyczących zgodności dla poszczególnych produktów znajdziesz w tabeli na końcu tej wiadomości e-mail.
 Jak mogę ponownie aktywować oferty?
 Aby dostarczyć niezbędne informacje dotyczące zgodności z wymogami, przejdź do panelu Kondycja konta i ",2026-04-26 14:05:04,RETR,xtbBpAJUOmnnP8JZGAAA36
法务/侵权类,last7,account_4,weihaizhongxin2024@126.com,"Tue, 21 Apr 2026 09:11:30 +0000",Amazon Services <donotreply@amazon.com>,"Invia la documentazione sulla sicurezza del prodotto per riattivare
 le offerte",,"96
 Invia la documentazione sulla sicurezza del prodotto per riattivare le offerte
 Gentile Weihai EU,
 Alcune delle tue offerte sono state disattivate a causa della mancanza di alcuni requisiti di conformità obbligatori per i tuoi prodotti. Rivedi i dettagli e i passi successivi riportati di seguito. Puoi visualizzare le offerte interessate in fondo a questa e-mail.
 Ciò a cosa è dovuto?
 Abbiamo intrapreso questo provvedimento in quanto i tuoi prodotti non dispongono delle informazioni obbligatorie sulla conformità. Consulta la pagina di aiuto Sicurezza e conformità dei prodotti per informazioni sulle leggi, le normative e le politiche di Amazon applicabili. Questa decisione è stata presa sulla base dei risultati di un'analisi effettuata in parte tramite revisione umana e in parte per mezzo di sistemi automatizzati.
 La tabella alla fine di questa e-mail contiene i requisiti di conformità specifici per i prodotti.
 Come faccio a riattivare le mie offerte?
 Per fornire le informazioni di conformità richieste, vai alla pagina Stato dell'account per individuare le richieste di conformità dei prodotti:
-
 Se disponi della documentazione richiesta, segui le istruzioni per inviare i do",2026-04-26 14:05:04,RETR,xtbBpQY1G2nnP0ZSkwAA37
法务/侵权类,last7,account_4,weihaizhongxin2024@126.com,"Tue, 21 Apr 2026 09:09:39 +0000",Amazon Services <donotreply@amazon.com>,Soumettre la documentation de sécurité des produits pour réactiver les mises en vente,,"96
 Soumettre la documentation de sécurité des produits pour réactiver les mises en vente
 Bonjour Weihai EU,
 Certaines de vos mises en vente ont été désactivées, car vos produits ne respectaient pas des exigences de conformité obligatoires. Consultez les détails et les étapes suivantes ci-dessous. Les produits mis en vente concernés figurent à la fin de cet e-mail.
 Pourquoi cela se produit-il ?
 Nous prenons cette mesure, car ces produits ne présentent pas les informations de conformité obligatoires. Consultez notre page d’aide Sécurité et conformité des produits pour obtenir des informations sur les lois, réglementations et politiques Amazon applicables. Nous nous sommes appuyés sur une combinaison de moyens automatisés et de contrôles menés par des personnes expérimentées pour identifier ce problème et prendre cette décision.
 Le tableau situé à la fin de cet e-mail présente les exigences de conformité spécifiques aux produits.
 Comment réactiver mes produits mis en vente ?
 Pour fournir les informations de conformité requises, accédez à la page État du compte et localisez les demandes de conformité des produits :
-
 Si vous disposez des documents requis, suivez les instructio",2026-04-26 14:05:04,RETR,xtbBshcZ-mnnPtddQQAA35
法务/侵权类,last7,account_4,weihaizhongxin2024@126.com,"Mon, 20 Apr 2026 05:22:42 +0000","""Amazon.de"" <store-news@amazon.de>",Dein Einkaufswagen wartet,,"https://www.amazon.de/gp/cart/view.html?ref_=cor
Schwimmgurt für Pool, Schwimmhilfe Erwachsene Pool, Schwimmgurt Pool Erwachsene, Schwimmwiderstand Gürtel mit 2.5-7.5M Einstellbare Schwimmseil für Jedes Schwimmbad Ohne Gegenstromanlage
 21,81 €
https://www.amazon.de/gp/product/B0DRCF83VZ/?ref_=
Einkaufswagen anzeigen
https://www.amazon.de/gp/cart/view.html?ref_=cor
Schaue dir weitere Optionen an
Roaxkois Keramik Bemalen Set - Kreatives Keramik Bastelset mit Farben, Pinseln und Anleitungen, Perfektes Tassen Bemalen Set für individuelle Geschenke und Freizeitgestaltung
 20,97 €
https://www.amazon.de/gp/product/B0FD8PWPNK/?ref_=ci_mcx_mr_2p_0_lm
Roaxkois Keramik Bemalen Set - Kreatives Keramik Bastelset mit Farben, Pinseln und Anleitungen, Perfektes Tassen Bemalen Set für individuelle Geschenke und Freizeitgestaltung (Glatt) (Glatt)
 -17 % 20,97 € UVP: 25,17 €
https://www.amazon.de/gp/product/B0G6ZCHV7Z/?ref_=ci_mcx_mr_2p_1_lm
LEOSINYIN Keramik Bemalen Set, Tassen Bemalen Set, DIY Keramik Malset Kreatives Geschenk für Kinder &amp; Erwachsene Enthält 2*Tassen, 2*Farbwanne, 4*Pinsel, 2 * 12 Farben und Anleitung
Befristetes Angebot -40 % 17,99 € UVP: 29,99 €
https://www.amazon.de/gp/prod",2026-04-26 14:05:01,RETR,xtbBsgYL8GnluCaSAwAA3M
货件/库存类,last7,account_4,weihaizhongxin2024@126.com,"Sat, 25 Apr 2026 04:25:43 +0000",Fulfilment by Amazon <donotreply@amazon.com>,Disposal order created for unsellable FBA inventory,,"96
Automated Removals of Unfulfillable Inventory
 Final notice: Disposal order for your unfulfillable FBA inventory
 Final notice: Disposal order for your unfulfillable FBA inventory
 Hello,
You have unfulfillable inventory that has been in a fulfilment centre for more than 14 days. We have created a disposal order for these items.
 Why is this happening?
This action is required because these unfulfillable items have remained in our fulfilment centres for more than 14 days after notification. According to our FBA Required Removals policy, cancelling a required removal order is not permitted. To learn more, visit our FBA Required Removals policy .
 Removal order ID:
- zl4CmeMn1C
 Unsellable Products:
- FNSKU: B0DRCC2H56 Quantity: 1
- FNSKU: X002A05YW5 Quantity: 1
 For more information about the disposal order process, see Remove inventory from a fulfilment centre .
 To monitor your unfulfillable inventory, see the Manage FBA Inventory for total unsellable quantities or the Recommended Removal report for unsellable and aged inventory details.
 The Fulfilment by Amazon Team
 Report an issue with this email
 If you have any questions visit: Seller Central
 To change your email preferen",2026-04-26 14:05:20,RETR,xtbBpQo4HmnsQkq+aQAA3T
货件/库存类,last7,account_4,weihaizhongxin2024@126.com,"Sat, 25 Apr 2026 03:35:07 +0000",Fulfilment by Amazon <donotreply@amazon.com>,Create FBA removal order by 2026-05-07,,"96
Automated removals of unfulfillable inventory
 Required removals: First notification
 Required removals: First notification
 Hello,
Your FBA inventory listed below became unsellable in the past seven days. You must create a removal order by 2026-05-07 or these items will be disposed of. Removal fees will apply. Review the affected items and next steps below.
Unsellable products:
- FNSKU: B0DRCF83VZ Quantity: 1
 Why is this happening?
This action is required because these items are no longer in sellable condition in our fulfilment centres. According to our FBA Required Removals policy, all unsuitable units must be removed within 14 days of notification. To learn more, go to our FBA Required Removals policy .
We leveraged a combination of automated means to identify this issue and make this decision.
 How do I address this?
Follow these steps to manage your unsellable inventory:
- Check your complete list and quantity of unsellable items in the Manage FBA inventory .
- Create a removal order (removal fees apply) by following the instructions in Remove inventory overview .
 To avoid future manual inventory removal orders, set up Automated Unfulfillable Removals function in your FBA",2026-04-26 14:05:19,RETR,xtbBsw8+JGnsNm8B3wAA3k
店铺绩效类,older,account_4,weihaizhongxin2024@126.com,"Tue, 14 Apr 2026 04:59:05 +0000","""Amazon.com"" <fba-noreply@amazon.com>",Your FBA request is complete (26041219YV),,"Greetings from Amazon.com
We thought you'd like to know that we have completed your destroy request.
You can track the status of this request by visiting your Seller Account at:
https://sellercentral-europe.amazon.com/
For a complete list of inventory being destroyed, go to:
https://sellercentral-europe.amazon.com/gp/orders/fba-order-details.html?orderID=S02-2198715-0729366
Please note: this email was sent from a notification-only address that
cannot accept incoming e-mail. Please do not reply to this message.
Thank you for using Fulfillment by Amazon.
------------------------------------------------------------------------------
Fulfilment by Amazon – let Amazon pick, pack and ship your orders domestically
and EU wide.
------------------------------------------------------------------------------
Was this e-mail helpful? https://sellercentral.amazon.co.uk/gp/satisfaction/survey-form.html?ie=UTF8&HMDName=NotificationBusEmailHMD&customAttribute1Value=PRODUCT_REMOVAL_ORDER_SHIPPED_NOW
SPC-EUAmazon-1917549922685067",2026-04-26 14:04:44,RETR,xtbBpRxrUWndyZxJfQAA3W
店铺绩效类,older,account_4,weihaizhongxin2024@126.com,"Wed, 8 Apr 2026 02:11:54 +0000","""Amazon.com"" <fba-noreply@amazon.com>",Your FBA removal request is complete (W4mGNrNTVu),,"Greetings from Amazon.com
We thought you'd like to know that we have completed and shipped your removal
request (W4mGNrNTVu) to the address you specified before.
Return Summary:
Quantity Requested: 1
Quantity Successfully Shipped: 1
Quantity Cancelled: 0
You can track the status of this request by visiting your Seller Account at:
https://sellercentral.amazon.com/
For a complete list of inventory being shipped, go to:
https://sellercentral.amazon.com/gp/orders/fba-order-details.html?orderID=S01-5270077-7357030
Please note: this email was sent from a notification-only address that
cannot accept incoming e-mail. Please do not reply to this message.
Thank you for using Fulfillment by Amazon.
--------------------------------------------------------------------------
Fulfillment by Amazon, professional packing, shipping and servicing of
online orders.
--------------------------------------------------------------------------
Was this email helpful?
 https://sellercentral.amazon.com/gp/satisfaction/survey-form.html?ie=UTF8&HMDName=NotificationBusEmailHMD&customAttribute1Value=PRODUCT_REMOVAL_ORDER_SHIPPED_NOW
SPC-USAmazon-1477745830956980",2026-04-26 14:04:22,RETR,xtbBpAtYPmnVuWvryAAA3E
店铺绩效类,older,account_4,weihaizhongxin2024@126.com,"Mon, 6 Apr 2026 15:50:12 +0000",Fulfillment by Amazon Operations <fba-noreply@amazon.com>,Automated unfulfillable FBA inventory removal notification,,"96
 Hello Weihai US,
The following automated unfulfillable FBA removal orders have been created based on your automated settings.
 Removal order ID W4mGNrNTVu
 You can view the removals on Removal Order Details in your seller account by using the Search tool.
The next removal order will be created as scheduled on April 20, 2026 in accordance with your settings if you have unfulfillable inventory at that time.
To make changes to the shipping address, frequency of your automated unfulfillable removals, or other settings, go to Automated unfulfillable removal settings in your seller account.
 Thank you.
The Fulfillment by Amazon team
Please note: This email was sent from a notification-only address that cannot accept incoming email. Please do not reply to this email.
 Report an issue with this email
 If you have any questions visit: Seller Central
 To change your email preferences visit: Notification Preferences
 Copyright 2026 Amazon, Inc, or its affiliates. All rights reserved.
 Amazon.com, 410 Terry Avenue North, Seattle, WA 98109-5210
 SPC-USAmazon-2146248899841341",2026-04-26 14:04:11,RETR,xtbBpRYS92nT1jYbTQAA3a
店铺绩效类,older,account_4,weihaizhongxin2024@126.com,"Thu, 2 Apr 2026 02:11:54 +0000","""Amazon.com"" <fba-noreply@amazon.com>",Your FBA removal request is complete (pVfzD86piw),,"Greetings from Amazon.com
We thought you'd like to know that we have completed and shipped your removal
request (pVfzD86piw) to the address you specified before.
Return Summary:
Quantity Requested: 3
Quantity Successfully Shipped: 3
Quantity Cancelled: 0
You can track the status of this request by visiting your Seller Account at:
https://sellercentral.amazon.com/
For a complete list of inventory being shipped, go to:
https://sellercentral.amazon.com/gp/orders/fba-order-details.html?orderID=S01-1560397-6680802
Please note: this email was sent from a notification-only address that
cannot accept incoming e-mail. Please do not reply to this message.
Thank you for using Fulfillment by Amazon.
--------------------------------------------------------------------------
Fulfillment by Amazon, professional packing, shipping and servicing of
online orders.
--------------------------------------------------------------------------
Was this email helpful?
 https://sellercentral.amazon.com/gp/satisfaction/survey-form.html?ie=UTF8&HMDName=NotificationBusEmailHMD&customAttribute1Value=PRODUCT_REMOVAL_ORDER_SHIPPED_NOW
SPC-USAmazon-1143494293097040",2026-04-26 14:03:58,RETR,xtbBpQ4dA2nN0G6WfQAA3E
店铺绩效类,older,account_4,weihaizhongxin2024@126.com,"Tue, 31 Mar 2026 06:25:09 +0000","""Amazon.com"" <fba-noreply@amazon.com>",Your FBA request is complete (CQhO1/+c38),,"Greetings from Amazon.com
We thought you'd like to know that we have completed your destroy request.
You can track the status of this request by visiting your Seller Account at:
https://sellercentral-europe.amazon.com/
For a complete list of inventory being destroyed, go to:
https://sellercentral-europe.amazon.com/gp/orders/fba-order-details.html?orderID=S02-5850124-1743211
Please note: this email was sent from a notification-only address that
cannot accept incoming e-mail. Please do not reply to this message.
Thank you for using Fulfillment by Amazon.
------------------------------------------------------------------------------
Fulfilment by Amazon – let Amazon pick, pack and ship your orders domestically
and EU wide.
------------------------------------------------------------------------------
Was this e-mail helpful? https://sellercentral.amazon.co.uk/gp/satisfaction/survey-form.html?ie=UTF8&HMDName=NotificationBusEmailHMD&customAttribute1Value=PRODUCT_REMOVAL_ORDER_SHIPPED_NOW
SPC-EUAmazon-650912521107592",2026-04-26 14:03:54,RETR,xtbBpQeYfmnLaMd2QAAA3-
店铺绩效类,older,account_4,weihaizhongxin2024@126.com,"Thu, 26 Mar 2026 16:14:53 +0000",Amazon Services <seller-notification@amazon.ca>,"Balance Paid on your Amazon Seller Account / Paiement du solde de
 votre compte vendeur Amazon",,"Greetings from Amazon Services.
 We have charged your credit card (Visa) for CDN$ 44.65 in an attempt to settle your Amazon.ca seller account balance.
 Note that the amount charged to your credit card may be less than the total amount you owe due to a credit limit imposed by your bank. If that is the case, we will continue to charge your card as often as every 24 hours until the remaining balance in your Amazon seller account is paid in full.
 You can also use the Make a Payment feature to repay the balance you owe. For details, go to seller Help, and search for “Make a Payment.”
 You can view your payment activity at any time by logging in to your seller account and going to your Payments Report.
 Thank you for selling on Amazon.ca.
 Amazon Services
 *****
 Bonjour d’Amazon Services,
 Nous avons débité votre carte bancaire (Visa) pour CDN$ 44.65 pour le règlement du solde de votre compte vendeur.
 Le montant débité sur votre carte bancaire peut être inférieur au montant total impayé si vous disposez d'une limite de crédit imposée par votre banque. Nous continuerons d'essayer de débiter votre carte bancaire toutes les 24 heures jusqu'à ce que le solde restant de votre compte soit e",2026-04-26 14:03:39,RETR,xtbBpQDCqGnFW4BX+gAA3V
付款/资金类,older,account_4,weihaizhongxin2024@126.com,"Thu, 16 Apr 2026 15:38:30 +0000",Amazon Services <donotreply@amazon.com>,Tu pago está en camino,,"96
This title will display on mobile devices
 ¡Enhorabuena! El pago está de camino y llegará pronto.
 El pago está en camino
Enhorabuena, Weihai EU. Tu pago está en camino y te llegará en un plazo de tres a cinco días.
El 04/16/26 15:38 WEST, iniciamos una transferencia a tu método de pago (cuenta bancaria terminado en 229) por un importe de €
 1,26.
 Si el importe es inferior a lo esperado, ten en cuenta las siguientes preguntas:
 ¿Tienes saldo no disponible en tu cuenta de vendedor? Puede que hayamos reservado algo de dinero para posibles devoluciones, reclamaciones o reversiones de cargo de clientes. En este caso, el saldo de cierre de tu informe de pagos te mostrará el saldo no disponible en reserva.
 ¿Cubren tus ventas las tarifas de Amazon y las devoluciones del periodo de liquidación? El importe del pago refleja las ventas que has hecho y las tarifas de venta aplicadas tanto a dichas ventas como a cualquier promoción o servicio que hayas utilizado. Te recomendamos que revises tu informe de pagos en ""Informes"" de Seller Central para conocer el saldo de cierre.
Para más información sobre los informes de pagos en Seller Central, visita nuestro curso oficial.
Te deseamos un éxit",2026-04-26 14:04:52,RETR,xtbBsxlxV2nhAnna+gAA3f
付款/资金类,older,account_4,weihaizhongxin2024@126.com,"Mon, 13 Apr 2026 16:26:54 +0000",Amazon Payments Europe <amazon_te@amazon.fr>,Paiement du solde de votre compte de paiement Vendre sur Amazon,,"Cher vendeur,
 Nous avons débité votre carte bancaire (Visa) pour un montant de 242,36 EUR pour le règlement du solde de votre compte de paiement Vendre sur Amazon.
 Le montant débité sur votre carte bancaire peut être inférieur au montant total impayé si vous disposez d'une limite de crédit imposée par votre banque. Nous continuerons d'essayer de débiter votre carte bancaire toutes les 24 heures jusqu'à ce que le solde restant de votre compte soit entièrement payé.
 Vous pouvez également utiliser la fonction Effectuer un paiement pour régler le solde. Pour en savoir plus, recherchez « Effectuer un paiement » dans l'Aide de Seller Central.
 Vous pouvez consulter votre solde à tout moment en vous connectant à la section Rapport sur les paiements de votre compte.
 Merci de vendre sur Amazon.
Amazon Payments Europe SCA (société en commandite par actions) est immatriculée au Registre de Commerce et des Sociétés de Luxembourg (n° 153 265) et sise 38, avenue John F. Kennedy, L-1855 Luxembourg. Numéro de TVA : LU 24448288. Amazon Payments Europe SCA est autorisée par la Commission de Surveillance du Secteur Financier en tant qu’établissement de monnaie électronique (licence n° 36/10). Ama",2026-04-26 14:04:44,RETR,xtbBshEsEmndGVHO5gAA3J
付款/资金类,older,account_4,weihaizhongxin2024@126.com,"Mon, 13 Apr 2026 15:24:52 +0000",Amazon Payments Europe <donotreply@amazon.com>,Negative balance adjustment across your Selling on Amazon accounts,,"96
This title will display on mobile devices
 We’ve adjusted your negative balance of €261.54 that was due from your Amazon.fr seller account on April 13, 2026, with funds that were available in your Amazon.be, Amazon.es, Amazon.nl accounts. You can view your account balance at any time by logging into your account and navigating to the Payments dashboard .
For more information, go to Negative balance adjustment across your accounts .
Regards,
Amazon Payments Europe
 Report an issue with this email
 If you have any questions, visit: Seller Central
 To change your email preferences, visit: Notification Preferences
 Copyright 2026 Amazon, Inc, or its affiliates. All rights reserved.
 Amazon Payments Europe
 38 avenue John F. Kennedy,
 L-1855 Luxembourg, Registered in Luxembourg No. B-101818,
 Share Capital 165.833 EUR,
 Business License Number: 134248,
 Luxembourg VAT Reg. No. LU 20260743.
 This email is sent from an unmonitored email address.
 SPC-EUAmazon-439806292595808",2026-04-26 14:04:44,RETR,xtbBpAeFa2ndCsdu8wAA3p
付款/资金类,older,account_4,weihaizhongxin2024@126.com,"Sat, 11 Apr 2026 15:29:23 +0000",Amazon Payments Europe <donotreply@amazon.com>,Rettifica del saldo negativo nei tuoi account,,"96
This title will display on mobile devices
 Abbiamo rettificato il tuo saldo negativo di 285.13 € dovuto dal tuo account venditore Amazon.it in data aprile 11, 2026, utilizzando i fondi disponibili nei tuoi account Amazon.fr, Amazon.es. Puoi visualizzare il saldo del tuo account in qualsiasi momento accedendo al tuo account e quindi alla dashboard dei pagamenti .
Per maggiori informazioni, vai a Rettifica del saldo negativo nei tuoi account .
Distinti saluti,
Amazon Payments Europe
 Segnala un problema con questa e-mail
 Per qualsiasi domanda consulta: Seller Central
 Per modificare le preferenze sulle e-mail consulta: Preferenze sulle notifiche
 Copyright 2026 Amazon, Inc. o società affiliate. Tutti i diritti riservati.
 Amazon Payments Europe
 38 avenue John F. Kennedy,
 L-1855 Lussemburgo,
 Numero di registrazione in Lussemburgo: B-101818,
 Capitale Sociale 165.833 EUR,
 Numero di licenza di attività commerciale: 134248,
 Partita IVA n. LU 20260743.
 Questa e-mail è stata inviata da un indirizzo e-mail non monitorato.
 SPC-EUAmazon-1301823410754995",2026-04-26 14:04:42,RETR,xtbBpRphR2naaNo5kQAA3w
付款/资金类,older,account_4,weihaizhongxin2024@126.com,"Thu, 9 Apr 2026 14:28:35 +0000",Amazon Payments UK Limited <seller-notification@amazon.com>,Balance Paid on Your Selling on Amazon payment account,,"Dear Seller,
 We have charged your (Visa) credit card for 62.05 in an attempt to settle your account balance.
 Please note that the amount charged to your credit card may be less than the total amount you owe due to a credit limit imposed by your bank. In this case, we may continue to attempt charging your card until the remaining balance in your Amazon Selling on Amazon payment account is paid in full.
 You can also use the Make a Payment feature to repay the balance you owe. For details, refer “Making a Payment” in Seller Central Help.
 To view your payment activity anytime, please log in to your account and refer the Payments Report page.
 Thank you for selling on Amazon.
 Amazon Payments UK Limited
Amazon Payments UK Limited, a private company limited by shares, is a company registered in England and Wales (registration number 11049457; VAT number: GB295 7604 60) with its registered office at 1 Principal Place, Worship St, London, EC2A 2FA, United Kingdom. Amazon Payments UK Limited is authorised by the UK Financial Conduct Authority under the Payment Services Regulations 2017 (reference number 799814) for the provision of payment services.
 Was this e-mail helpful?
 SPC-EUAmaz",2026-04-26 14:04:33,RETR,xtbBsxZjSWnXt5bGRgAA3Q
付款/资金类,older,account_4,weihaizhongxin2024@126.com,"Tue, 7 Apr 2026 15:16:38 +0000",Amazon Services <seller-notification@amazon.pl>,Nieuregulowane saldo na koncie Amazon,,"Witamy!
 Masz na swoim koncie nieuregulowane saldo w wysokośc PLN 45.29. Obciążymy tą kwotą kartę kredytową zarejestrowaną jako metoda płatności dla Twojego konta
 Jeśli ta karta ma limit kredytowy, możemy ją obciążać do momentu pełnej spłaty nieuregulowanego salda.
 Aby uzyskać więcej informacji, wyszukaj Dokonaj płatności w Pomocy Seller Central.
 Aby dowiedzieć się więcej na temat raportów płatności i Twoich działań, wyszukaj Wyświetl moje raporty o płatnościach w Pomocy Seller Central.
 Z poważaniem,
 Amazon Payments Europe SCA (société en commandite par actions) to spółka komandytowo-akcyjna zarejestrowana w Luksemburgu, numer rejestracyjny (RCS Luxembourg) B 153 265, z siedzibą pod adresem 38 avenue J.F. Kennedy, L-1855 Luxembourg. Numer VAT: LU 24448288. Amazon Payments Europe SCA posiada upoważnienie Komisji Nadzoru Sektora Finansowego w Luksemburgu do emisji pieniądza elektronicznego (numer licencji 36/10)
 Czy ten e-mail był pomocny?
 SPC-EUAmazon-721281267923446",2026-04-26 14:04:22,RETR,xtbBpRjNs2nVH9hg9wAA3v
付款/资金类,older,account_4,weihaizhongxin2024@126.com,"Mon, 6 Apr 2026 16:54:29 +0000",Amazon Services <donotreply@amazon.com>,"Refunds for digital services fees related to the Canadian DST will
 begin on April 15",,"96
 We’ll refund digital services fees and the taxes on those fees related to the Canadian digital services tax that we had charged from September 1, 2024, through August 15, 2025.
 Hello,
 On August 15, 2025, we stopped collecting digital service fees after the Canadian government announced its intention to repeal the Digital Services Tax Act. The Canadian government repealed the Digital Services Tax Act on March 26, 2026.
 As a result, we’ll refund digital services fees and the taxes on those fees related to the Canadian digital services tax that we had charged from September 1, 2024 through August 15, 2025. We’ll begin processing the refunds on April 15, 2026, and we’ll complete them by May 15, 2026. No action is required from you.
 To view your refunds, which will include the digital service fees and the taxes on those fees, follow these steps:
- Go to the Payments dashboard .
- Click Transaction View .
- Under Transaction type , select Other .
- Set the date range from April 15 2026, to May 15 2026, and click Update .
- Download the file and open it in Excel.
- Filter the Product details column with Digital services fee adjustment and Taxes on digital services fee adjustment .",2026-04-26 14:04:13,RETR,xtbBpQfZv2nT5UebPQAA36
付款/资金类,older,account_4,weihaizhongxin2024@126.com,"Sun, 5 Apr 2026 13:38:25 +0000",Amazon Services <donotreply@amazon.com>,Your payment is on the way,,"96
This title will display on mobile devices
 Congratulations! Your payment is on the way and will arrive soon.
 Disbursement Attempted
Congratulations Weihai US! Your payment is on the way and will arrive within three to five days.
On 04/05/26 13:38 PDT, we initiated a transfer to your payment method (bank account ending in 003) in the amount of $
 177.58.
 If the amount is less than expected, here are a few questions to consider:
 Do you have an unavailable balance? Amazon might be reserving money to cover potential returns, claims, or chargebacks from buyers. If this is the case, the closing balance in your Payment Report will display the unavailable balance that is reserved.
 Did your sales cover all fees and returns for this statement period? The payment amount reflects sales activities, selling fees, and fees for promotions or services. We recommend reviewing your Payment Report under the Reports tab in Seller Central to understand your closing balance.
To learn more about Payment Reports in Seller Central, please visit our official course.
We wish you continued success!
Thank you for selling in the Amazon store,
Amazon Services
 Amazon sellers and Amazon Pay merchants can si",2026-04-26 14:04:06,RETR,xtbBpBWdg2nSZdXxwAAA3V
付款/资金类,older,account_4,weihaizhongxin2024@126.com,"Thu, 2 Apr 2026 15:38:29 +0000",Amazon Services <donotreply@amazon.com>,Tu pago está en camino,,"96
This title will display on mobile devices
 ¡Enhorabuena! El pago está de camino y llegará pronto.
 El pago está en camino
Enhorabuena, Weihai EU. Tu pago está en camino y te llegará en un plazo de tres a cinco días.
El 04/02/26 15:38 WEST, iniciamos una transferencia a tu método de pago (cuenta bancaria terminado en 229) por un importe de €
 23,43.
 Si el importe es inferior a lo esperado, ten en cuenta las siguientes preguntas:
 ¿Tienes saldo no disponible en tu cuenta de vendedor? Puede que hayamos reservado algo de dinero para posibles devoluciones, reclamaciones o reversiones de cargo de clientes. En este caso, el saldo de cierre de tu informe de pagos te mostrará el saldo no disponible en reserva.
 ¿Cubren tus ventas las tarifas de Amazon y las devoluciones del periodo de liquidación? El importe del pago refleja las ventas que has hecho y las tarifas de venta aplicadas tanto a dichas ventas como a cualquier promoción o servicio que hayas utilizado. Te recomendamos que revises tu informe de pagos en ""Informes"" de Seller Central para conocer el saldo de cierre.
Para más información sobre los informes de pagos en Seller Central, visita nuestro curso oficial.
Te deseamos un éxi",2026-04-26 14:04:03,RETR,xtbBpBiPdWnOjXgwGQAA39
付款/资金类,older,account_4,weihaizhongxin2024@126.com,"Tue, 31 Mar 2026 12:51:47 +0000",Amazon Europe <donotreply@amazon.com>,Eco-contribution and EPR Pay on Behalf service fee charges,,"Amazon Services
 96
 Review details about your EPR Pay on Behalf reserved amount
 Hello,
 Starting 01-04-2026, we'll hold €501.64 from your payments to cover the eco-contribution fees and Extended Producer Responsibility (EPR) Pay on Behalf service fees for sales of products subject to EPR obligations in our Amazon.es - Amazon.fr store in 2025.
 EPR Pay on Behalf calculates and pays eco-contribution fees for your sales, then debits those amounts from your account. Once fees are charged, any excess reserves will return to your account.
 Our records show you have products listed in the following EPR categories:
 - Do-it-yourself (DIY)
 - Electronical and electrical equipment
 - Packaging
 - Sports
 - Textile
 - Toys
 The amount held back is a combination of two fees:
 Due eco-contribution fees - €299.7
 EPR Pay on Behalf service fees - €201.94
 After 01-04-2026, to review your ASIN-level calculations, reserved amount details, and the reporting period for each EPR category, go to the EPR Pay on Behalf dashboard .
 The reserved amount will be adjusted monthly according to your sales volume. If the reserved amount isn't enough to cover the eco-contributions, we'll charge the additional ",2026-04-26 14:03:55,RETR,xtbBpAZXPWnLw2aDjQAA3B
付款/资金类,older,account_4,weihaizhongxin2024@126.com,"Mon, 30 Mar 2026 15:13:23 +0000",Amazon Services <donotreply@amazon.com>,Your payment is on the way,,"96
This title will display on mobile devices
 Congratulations! Your payment is on the way and will arrive soon.
 Disbursement Attempted
Congratulations Weihai EU! Your payment is on the way and will arrive within three to five days.
On 03/30/26 15:13 CEST, we initiated a transfer to your payment method (bank account ending in 229) in the amount of €
 133.79.
 If the amount is less than expected, here are a few questions to consider:
 Do you have an unavailable balance? Amazon might be reserving money to cover potential returns, claims, or chargebacks from buyers. If this is the case, the closing balance in your Payment Report will display the unavailable balance that is reserved.
 Did your sales cover all fees and returns for this statement period? The payment amount reflects sales activities, selling fees, and fees for promotions or services. We recommend reviewing your Payment Report under the Reports tab in Seller Central to understand your closing balance.
To learn more about Payment Reports in Seller Central, please visit our official course.
We wish you continued success!
Thank you for selling in the Amazon store,
Amazon Services
Help us improve your payment experience on Ama",2026-04-26 14:03:51,RETR,xtbBpRb23GnKkxYVQwAA3p
付款/资金类,older,account_4,weihaizhongxin2024@126.com,"Thu, 26 Mar 2026 17:33:22 +0000",Amazon Services <donotreply@amazon.com>,View your China tax report for October - December 2025,,"96
 We’ve submitted your quarterly tax report to the Chinese tax authority. You can now download the report for reference.
 Hello,
 According to rules for online stores issued by the State Council of China (Decree No. 810), we are required to provide information on China-based sellers to the Chinese tax authority on a quarterly basis.
 We’ve submitted your quarterly tax report covering October to December 2025, which includes your identity information, number of transactions, revenue, and commission and service fees.
 Download your quarterly report (link active for seven days)
This report is provided for your reference only, no action is required.
 Based on your feedback, we’ve also provided a more granular order-level report that displays your quarterly information by transaction.
 Download your order-level report (link active for seven days)
Note: Variation between the data in these reports and your payment and Amazon VAT transactions report is expected. Each report uses distinct methodology and serves a different purpose.
 We’ll continue to provide you with quarterly updates on data shared with the Chinese tax authority.
 For more information, go to China tax information reporti",2026-04-26 14:03:40,RETR,xtbBswZgRmnFbeatRwAA3e
产品链接/合规类,older,account_4,weihaizhongxin2024@126.com,"Sun, 19 Apr 2026 10:14:18 +0000","""fba-3p-buyability-improvement-us@amazon.com"" <fba-3p-buyability-improvement-us@amazon.com>",Action Required: Website Suppressed ASINs,,"Dear Seller,
We are part of Buyability Audit team at Amazon. The Buyability program aims to identify and eliminate root causes leading to Buyability drop-off. We are contacting you to let you know that you could be missing out on sales opportunities due to the suppression of some of your ASINs.
We recommend you submit the required documents to un-suppress your ASIN and activate your listings.
Here is a sample of your suppressed ASINs:
B0FCDRNTT8, B0FD8VC559, B0D7SKQ6GC, B0D97JS8WD
You can download the full list of your suppressed ASINs from the following path “Catalog” >> “Complete your drafts” >> “Completed with Issues” >> “Detail page removed”
https://sellercentral.amazon.com/fixyourproducts/drafts
To upload the required documents or to appeal to un-suppressed an ASIN, please follow these instructions  login to your seller central account and go to “Performance” >> “Account Health”>> “Documentation Requests” under “Product Compliance request” on the right below corner >> “Provide documents” and choose to upload documents or to appeal.
https://sellercentral.amazon.com/performance/account/health/compliance-request
If you need further help, please raise a case via contact us. - htt",2026-04-26 14:04:59,RETR,xtbBsh59Y2nkqv6w5QAA3+
产品链接/合规类,older,account_4,weihaizhongxin2024@126.com,"Sun, 19 Apr 2026 03:38:27 +0000","""fba-3p-buyability-improvement-ca@amazon.com"" <fba-3p-buyability-improvement-ca@amazon.com>",Action Required: Website Suppressed ASINs,,"Dear Seller,
We are contacting you to let you know that you could be missing out on sales opportunities because of your incomplete listings.
We recommend you to submit the required documents to un-suppress your ASIN and activate your listings.
Here is a sample of your suppressed ASINs:
B0D97JS8WD, B0F13M1H6F, B0FD8VC559
You can download the full list of your suppressed ASINs from the following path “Catalog” >> “Complete your drafts” >> “Completed with Issues” >> “Detail page removed”
https://sellercentral.amazon.ca/fixyourproducts/drafts
To upload the required documents or to appeal in-order to un-suppress the ASINs, please follow this path  login to your seller central account and go to “Performance” >> “Account Health”>> “Documentation Requests” under “Product Compliance request” on the right below corner >> “Provide documents” and choose to upload documents or to appeal.
 https://sellercentral.amazon.ca/performance/account/health/compliance-request
If you need further help, please raise a case via contact us. - https://sellercentral.amazon.ca/cu/contact-us?ref=xx_ContactUs_xxxx_helphub
If you are not the correct point of contact, please re-direct this email to the correct poin",2026-04-26 14:04:59,RETR,xtbBshY0GmnkTja61gAA3T
产品链接/合规类,older,account_4,weihaizhongxin2024@126.com,"Fri, 17 Apr 2026 11:22:53 +0000","""pc-eu-sesu-seller-compliance@amazon.com"" <pc-eu-sesu-seller-compliance@amazon.com>",RE:[CASE 11569978862] 【需立即行动】请通过亚马逊认可的TIC服务商完成儿童玩具合规,,"尊敬的卖家：
我们紧急通知您，您在【欧洲】站点的部分【儿童玩具】商品尚未完成合规，即将面临下架风险。为避免下架，请在截止日期之前完成以下操作，并确保TRF状态更新为【正在验证】或【已通过】。
【如何完成合规?】
您必须与第三方检测、检验和认证服务提供商合作，对收到通知的所有 ASIN 进行商品检测或验证现有的检测文件。请按照以下步骤操作：
1.前往【绩效】-【账户状况】-【政策合规性】，点击【食品和商品安全问题】。
2.在【后续步骤】列下，针对需操作的商品点击【提交】-【验证您的商品】。
3.从清单中选择第三方检测提供商（如需比价，可先查看【从多个提供商获取报价的说明】后再返回选择），点击继续。
4.确认详细联系信息，点击【确认并继续】。
5.复制生成的检测申请表编号，提供给所选提供商完成检测
如果验证现有文件，您必须将由 ISO 17025 认可的实验室出具的检测报告提交至检测、检验和认证服务提供商。
如何查看TRF状态：在绩效 > 账户状况 > 食品和商品安全问题找到ASIN，点击右方“提交，查看或更新” > “验证您的商品”
⚠️请注意：
① 同一ASIN可能只在部分欧洲站点被触发通知，若您计划在欧洲（英国及欧盟）继续销售，只需为每个ASIN任选一个站点完成合规，测试结果将同步至全欧站点。
② 由于数据可能存在延迟，请务必以卖家平台【绩效 > 账户状况 > 食品和商品安全问题】页面显示的最新状态为准。再次提醒您，为避免下架，请在截止日期之前确保TRF状态更新为【正在验证】或【已通过】。
③ 如果您认为您的产品不属于【儿童玩具】产品，请选择【申诉请求】选项，提供您认为产品被错误识别的原因进行申诉。
感谢您的支持，祝您合规大卖！
如有疑问，请扫码加入亚马逊卖家合规群：
https://m.media-amazon.com/images/G/01/CN_Compliance_Team/mass_wecom_yt.jpg
Amazon Global Selling Seller Compliance Team",2026-04-26 14:04:54,RETR,xtbBpREdA2niGBEFowAA3O
产品链接/合规类,older,account_4,weihaizhongxin2024@126.com,"Thu, 16 Apr 2026 17:53:23 +0000",Fulfillment by Amazon Operations <fba-noreply@amazon.com>,Your Amazon.com Inventory - Action Required,,"Dear Weihai US,
We have recently restricted listings for the product(s) listed below on Amazon.com.
Please initiate a removal request for the ASIN(s) referenced below to have your inventory sent to a location of your choosing. If this inventory is not removed within 30 days of this notification (by 05/15/2026), we may dispose of it in accordance with FBA policies.
Thank you for your attention to this matter.
Regards,
Product Safety Team
Amazon.com
www.amazon.com
Please note: this e-mail was sent from a notification-only address that cannot accept incoming e-mail. Please do not reply to this message.
Affected Product(s):
B0FCDRNTT8
Was this email helpful?
 https://sellercentral.amazon.com/gp/satisfaction/survey-form.html?ie=UTF8&HMDName=NotificationBusEmailHMD&customAttribute1Value=RESTRICTED_LISTING_PRODUCTS_REMOVAL_REQUEST
SPC-USAmazon-1864773927693727",2026-04-26 14:04:52,RETR,xtbBshZgRmnhIhZIkgAA3k
产品链接/合规类,older,account_4,weihaizhongxin2024@126.com,"Tue, 14 Apr 2026 09:10:03 +0000",Fulfilment by Amazon Operations <fba-noreply@amazon.lu>,Your Amazon-Fulfilled Inventory - Action Required,,"Dear Seller,
You recently received a notice concerning the removal of your listing(s) for the product(s) below due to a safety recall.
Please create a removal request for the ASIN(s) listed below to have your inventory sent to a location of your choice. If this inventory is not removed within 30 days of this notification (by 10/05/2026), we shall dispose of it in accordance with our FBA policies.
For more information regarding the removal of this product, see the notification e-mail you received from our Seller Performance Team.
Thank you for your prompt attention to this matter.
Yours faithfully,
Fulfilment by Amazon Team
Please note: this e-mail was sent from a notification-only address that cannot accept incoming e-mail. Please do not reply to this message.
Affected Product(s):
B0GKPTF1T7
 SPC-EUAmazon-510175039347142",2026-04-26 14:04:45,RETR,xtbBpA0uFGneBG1jAAAA3u
产品链接/合规类,older,account_4,weihaizhongxin2024@126.com,"Tue, 14 Apr 2026 07:35:31 +0000",Amazon Europe <no-reply@sell.amazon.com>,Seller Assistant now available in the UK,,"Seller Assistant now available in the UK
[Amazon logo](https://go.amazonsellerservices.com/e/229492/-ld-EMUSSMX-PD25/7z2r9lq/6605548725/h/3xRPn8Yyq31Jz0Gqi8FK51O58vBJkaDT5nhLB1ousbA)
Dear Seller,
Managing your business on Amazon just got easier.
[Seller Assistant](https://go.amazonsellerservices.com/e/229492/nter-assistant-ld-EMUSSMX-PD25/7z2r9lt/6605548725/h/3xRPn8Yyq31Jz0Gqi8FK51O58vBJkaDT5nhLB1ousbA) is now available in the UK within Seller Central. This AI-powered assistant helps you find relevant information, access insights, and manage your business more efficiently, directly where you already work.
[Seller Assistant](https://go.amazonsellerservices.com/e/229492/nter-assistant-ld-EMUSSMX-PD25/7z2r9lt/6605548725/h/3xRPn8Yyq31Jz0Gqi8FK51O58vBJkaDT5nhLB1ousbA) provides guidance on our tools, policies, and processes using information available across Seller Central, along with personalized responses based on your account data. This allows you to quickly surface insights related to your business performance, inventory planning, listing, compliance, and account health without navigating multiple pages.
[Seller Assistant](https://go.amazonsellerservices.com/e/229492/nter-assistant-l",2026-04-26 14:04:45,RETR,xtbBpAaehGnd7kaQUgAA3m
产品链接/合规类,older,account_4,weihaizhongxin2024@126.com,"Tue, 14 Apr 2026 06:23:28 +0000",Fulfillment by Amazon Operations <fba-noreply@amazon.com>,Your Amazon.com Inventory,,"Dear Weihai US,
You recently received a notice about the removal of your listing(s) for the product(s) listed below.
You were required to submit a removal request for the ASIN(s) referenced below to have your inventory sent to a location of your choosing within 30 days of the notification sent on 03/13/2026. Since a removal order was not submitted since the notification was sent, we have submitted a disposal order for this inventory in accordance with FBA policies.
For more information regarding the restriction of this product, see the notification e-mail you received from Product Safety. If you have additional questions, please contact Seller Support.
Thank you for your attention to this matter.
Regards,
Product Safety Team
Amazon.com
www.amazon.com
Please note: this e-mail was sent from a notification-only address that cannot accept incoming e-mail. Please do not reply to this message.
Affected Product(s):
B0FCDRNTT8
Was this email helpful?
 https://sellercentral.amazon.com/gp/satisfaction/survey-form.html?ie=UTF8&HMDName=NotificationBusEmailHMD&customAttribute1Value=RESTRICTED_PRODUCT_REMOVAL_ORDER_CREATED
SPC-USAmazon-862019321040611",2026-04-26 14:04:45,RETR,xtbBpQRiSGnd3WTuqgAA3C
产品链接/合规类,older,account_4,weihaizhongxin2024@126.com,"Sun, 12 Apr 2026 09:09:25 +0000",Amazon Services <donotreply@amazon.com>,Submit product safety documentation to reactivate listings,,"96
 Submit product safety documentation to reactivate listings
 Hello Weihai US,
 Some of your listings have been deactivated due to missing mandatory compliance requirements for your products. Review the details and next steps below. The affected listings are shown at the end of this email.
 Why is this happening?
 We are taking this action because these products are missing mandatory compliance information. Review our Product safety and compliance help page for information on applicable laws, regulations, and Amazon policies. We leveraged a combination of automated means and expert human review to identify this issue and make this decision.
 The table at the end of this email provides product-specific compliance requirements.
 How do I reactivate my listings?
 To provide the required compliance information, go to your Account Health page and locate the product compliance requests:
-
 If you have the required documentation, follow the instructions to submit your compliance documents. We will only reinstate products that fulfill the compliance requirements.
-
 If you believe your products are exempt from these requirements, submit documentation demonstrating why they are not subjec",2026-04-26 14:04:42,RETR,xtbBpAm7oWnbYUm+BQAA3W
产品链接/合规类,older,account_4,weihaizhongxin2024@126.com,"Fri, 10 Apr 2026 15:28:03 +0000","""cscompliance-docreview-seller@amazon.com"" <cscompliance-docreview-seller@amazon.com>","SELLER: A192R36HNXVJ38, ASIN: B0FCDRNTT8, MARKETPLACE: 1 - CSC -
 DOC REVIEW",,"Do not reply back to this e-mail!
Hello,
Thank you for submitting a document to the Chemical Safety Compliance Team.
● The document uploaded for ""B0FCDRNTT8"" is incomplete, inaccurate or otherwise conflicting, and cannot be used for classification. Specifically:
→ The SDS must be composed in accordance with a valid regulation/legislation for Chemical Safety Compliance( for which your product is listed and stored ).
The SDS does not include the legislation/regulation in accordance with the document was created
Legislation/regulation should be also mentioned in section 2 “Hazard Identification”.
Once you have corrected the problems listed above, please re-upload a valid document in ""Manage Your Compliance"" on ""Provide documents"" section.
For any questions/appeals regarding this product/other products, please submit them ( for each ASIN separately ) in ""Manage Your Compliance"" on the relevant Appeal reason:
1. Go to the Performance tab and select Account health.
2. Under Manage your compliance in the bottom right corner, click Product compliance requests.
3. Click Add or appeal compliance button for the product you’re taking action on.
4. To upload the documentation, drag and drop fil",2026-04-26 14:04:40,RETR,xtbBsgmYfmnZFwlruwAA3j
产品链接/合规类,older,account_4,weihaizhongxin2024@126.com,"Thu, 9 Apr 2026 12:03:53 +0000",Amazon Services <donotreply@amazon.com>,Reactivate your EU listings - GPSR compliance required,,"96
 Reactivate your EU listings - GPSR compliance required
 Hello Weihai EU,
 Some of your listings have been deactivated from our European Union (EU) stores due to missing compliance information. This action does not impact your account health.
 You can find examples of your deactivated listings at the bottom of this email, and the full list on your Account Health page. Review the affected listings and next steps to meet General Product Safety Regulation (GPSR) requirements below.
 Submit compliance information
 Submit compliance information
 How do I reactivate my listings?
 To reactivate your listings, provide the required GPSR compliance information by following the instructions below:
-
 Go to your Account Health page .
- Select 'Add filters' and check 'Listing removed' in the ""Filter by action taken"" column.
- Click 'Submit' next to the deactivated listing and follow the instructions provided.
- Follow the steps on Suppressed listings to resolve any outstanding listing issues. Existing issues prevent listings from being reactivated, even if you’ve fulfilled all compliance requirements.
 Note: If you’ve recently submitted information on your Account Health page, and no longer ",2026-04-26 14:04:32,RETR,xtbBswzgxmnXlazmuwAA3D
产品链接/合规类,older,account_4,weihaizhongxin2024@126.com,"Wed, 8 Apr 2026 10:50:30 +0000",Amazon Europe <donotreply@amazon.com>,EU and UK Compliance Brief,,"Amazon Europe
 96
 EU and UK Compliance Brief
 To better support your compliance journey, we've prepared an overview of regulations that affect your business in Amazon’s European stores. For more information on all compliance requirements, go to
 European compliance requirements
 Country of Origin (COO), EU & UK
 Am I impacted?
 Yes, if you ship across borders to customers:
 - From outside the EU into the EU through FBA Export programs (Amazon’s global program, FBA Export, Remote Fulfilment with Fulfilment by Amazon) or MFN Exports programs (Fulfilled by Merchant Export)
 - From outside the UK into the UK through FBA Export programs (Amazon’s global program, FBA Export, Remote Fulfilment with Fulfilment by Amazon) or MFN Exports programs (Fulfilled by Merchant Export)
 Consequences of not meeting the requirement:
 To avoid disruptions to your business, provide this information to your listings by June 30, 2026.
 How do I become compliant?
 You can use the Category Listings Report (CLR) to update the COO information for your existing product listings in bulk:
- Download the CLR from the “Inventory Reports” page on Seller Central
- Edit the Country of Origin column for all your produ",2026-04-26 14:04:23,RETR,xtbBshnawGnWMvlNCAAA3A
产品链接/合规类,older,account_4,weihaizhongxin2024@126.com,"Wed, 8 Apr 2026 10:38:53 +0000",Amazon Europe <donotreply@amazon.com>,EU and UK Compliance Brief,,"Amazon Europe
 96
 EU and UK Compliance Brief
 To better support your compliance journey, we've prepared an overview of regulations that affect your business in Amazon’s European stores. For more information on all compliance requirements, go to
 European compliance requirements
 Country of Origin (COO), EU & UK
 Am I impacted?
 Yes, if you ship across borders to customers:
 - From outside the EU into the EU through FBA Export programs (Amazon’s global program, FBA Export, Remote Fulfilment with Fulfilment by Amazon) or MFN Exports programs (Fulfilled by Merchant Export)
 - From outside the UK into the UK through FBA Export programs (Amazon’s global program, FBA Export, Remote Fulfilment with Fulfilment by Amazon) or MFN Exports programs (Fulfilled by Merchant Export)
 Consequences of not meeting the requirement:
 To avoid disruptions to your business, provide this information to your listings by June 30, 2026.
 How do I become compliant?
 You can use the Category Listings Report (CLR) to update the COO information for your existing product listings in bulk:
- Download the CLR from the “Inventory Reports” page on Seller Central
- Edit the Country of Origin column for all your produ",2026-04-26 14:04:23,RETR,xtbBpB8rEWnWMD8npgAA3w
产品链接/合规类,older,account_4,weihaizhongxin2024@126.com,"Wed, 8 Apr 2026 10:23:33 +0000",The Amazon Europe team <donotreply@amazon.com>,"VAT Calculation Services will calculate VAT by shipment as of June
 1",,"96
 New tax calculation method ensures compliance with European e-invoicing mandates.
 Hello,
 Effective as of June 1, 2026, we’re updating Value Added Tax (VAT) Calculation Services (VCS) to comply with European e-invoicing mandates. Instead of calculating VAT per unit, VCS will calculate VAT on the total invoice amount by tax rate. This means when customers buy multiple units, the total invoice amounts may differ from current calculations.
 Depending on the sales channel (regardless of customer VAT registration), VCS will apply one of two methods:
- Consumer website : VCS will impute VAT from the VAT-inclusive price. If multiple units are purchased, unit exclusive prices may vary.
- Amazon Business website : VCS will derive the VAT-exclusive unit price from the VAT-inclusive unit price. VAT will be calculated on the total VAT-exclusive price by tax rate. For more information about invoice-total VAT calculations and to view examples, go to section 10: Invoice-total VAT calculation method of VAT Calculation Services methodology .
 The Amazon Europe team
 Report an issue with this email
 If you have any questions visit: Seller Central
 To change your email preferences visit: Notific",2026-04-26 14:04:23,RETR,xtbBpQhFK2nWLKgKnQAA3v
产品链接/合规类,older,account_4,weihaizhongxin2024@126.com,"Thu, 2 Apr 2026 04:56:03 +0000","""ppwr-cn-seller-compliance@amazon.com"" <ppwr-cn-seller-compliance@amazon.com>",RE:[CASE 12309992722] 需要采取行动：请向亚马逊提交您的EPR包装法注册号,,"【请勿回复】
尊敬的销售合作伙伴，
《2025/40包装和包装废弃物法规》（PPWR）为所有欧盟国家引入了新要求，旨在使包装更具可持续性、减少废弃物并支持循环经济。相关要求预计于2026年8月12日起正式生效。
您需要为每个销售包装及包装产品的欧盟成员国，分别获取一个对应国家的EPR包装注册号。包括您已注册“EPR代付服务”的国家。提交有效的包装EPR注册号（ERN）后，您可继续参与EPR代付服务——由我们负责及时完成您在亚马逊店铺销售的环保款项申报、填报及付款。
【如何完成合规？】
1. 为简化法国、意大利和西班牙的EPR包装注册流程并协助您完成注册，我们与服务提供商建立了合作，提供具有竞争力的收费方案：
• 协助您获取法国、意大利和西班牙的包装注册号
• 代表您担任授权代表（如适用）
如需 Evat Master/AVASK联系： 请访问 https://sellercentral-europe.amazon.com/gc/epr-compliance/epr-registration-packaging?ref=121_SET_PPWR 根据步骤1提示选择您的服务提供商，通过卖家平台服务中心表单提交您的联系信息。
注意：填写注册表时，请务必根据提示完整填写您的信息。填写后我们将与服务提供商共享您的业务信息，服务提供商将在72小时内与您联系，提供更多合规服务信息。
2. 如果您已注册“EPR代付服务”（法国、意大利、西班牙）且拥有有效注册号：您需要将号码上传到亚马逊平台，但上传时您仍然可以选择继续参与代付服务或退出以便自行管理EPR销售申报环保费用。
如何操作：请访问： https://sellercentral-europe.amazon.com/gc/epr-compliance/epr-registration-packaging?ref=121_SET_PPWR 根据步骤2提示完成选择。
3. 此外，您也可以通过以下任一途径搜索并选择服务提供商、授权代表完成EPR所有欧盟国家包装法号码注册：
1) 亚马逊服务商网络：https://spn.globalsellingcommunity.cn/discover
2) 卖家服务商城： https://sellercentral-europe.amazon.com/service-hub （包装法服务即将上线）。
更多详细指导，请参考此合规手册：https://m.media-amazon.com/images/G/01/CN_Compliance_Team/PPWR_Compliance_Guidebook.pdf
如有疑问，请扫码加入亚马逊卖家合规群：
https://m.media-amazon.com/images/G/01/CN_Compliance_Team/mass_wecom_yt.jp",2026-04-26 14:03:59,RETR,xtbBswnFq2nN9unbIgAA3W
产品链接/合规类,older,account_4,weihaizhongxin2024@126.com,"Thu, 2 Apr 2026 02:19:17 +0000",Amazon Services <donotreply@amazon.com>,Submit product safety documentation to reactivate listings,,"96
 Submit product safety documentation to reactivate listings
 Hello Weihai EU,
 Some of your listings have been deactivated due to missing mandatory compliance requirements for your products. Review the details and next steps below. The affected listings are shown at the end of this email.
 Why is this happening?
 We are taking this action because these products are missing mandatory compliance information. Review our Product safety and compliance help page for information on applicable laws, regulations, and Amazon policies. We leveraged a combination of automated means and expert human review to identify this issue and make this decision.
 The table at the end of this email provides product-specific compliance requirements.
 How do I reactivate my listings?
 To provide the required compliance information, go to your Account Health page and locate the product compliance requests:
-
 If you have the required documentation, follow the instructions to submit your compliance documents. We will only reinstate products that fulfill the compliance requirements.
-
 If you believe your products are exempt from these requirements, submit documentation demonstrating why they are not subjec",2026-04-26 14:03:59,RETR,xtbBpQiMcmnN0iipwgAA3m
产品链接/合规类,older,account_4,weihaizhongxin2024@126.com,"Thu, 2 Apr 2026 02:18:50 +0000",Amazon Services <donotreply@amazon.com>,Submit product safety documentation to reactivate listings,,"96
 Submit product safety documentation to reactivate listings
 Hello Weihai EU,
 Some of your listings have been deactivated due to missing mandatory compliance requirements for your products. Review the details and next steps below. The affected listings are shown at the end of this email.
 Why is this happening?
 We are taking this action because these products are missing mandatory compliance information. Review our Product safety and compliance help page for information on applicable laws, regulations, and Amazon policies. We leveraged a combination of automated means and expert human review to identify this issue and make this decision.
 The table at the end of this email provides product-specific compliance requirements.
 How do I reactivate my listings?
 To provide the required compliance information, go to your Account Health page and locate the product compliance requests:
-
 If you have the required documentation, follow the instructions to submit your compliance documents. We will only reinstate products that fulfill the compliance requirements.
-
 If you believe your products are exempt from these requirements, submit documentation demonstrating why they are not subjec",2026-04-26 14:03:59,RETR,xtbBsw6Fa2nN0g5pJQAA3n
产品链接/合规类,older,account_4,weihaizhongxin2024@126.com,"Tue, 31 Mar 2026 21:25:34 +0000","""Amazon Seller Central notifications (Do not reply)"" <donotreply@amazon.com>",Address compliance requirements for your listings,,"96
Action required: Important information about your product listings
 We are contacting you because you have listed products that require you to submit compliance documents.
 Product listings are missing required compliance documents
 Hello,
 We are contacting you because you have listed products that require you to submit compliance documents. Click on Review Compliance Requirements below to see the list of affected products and submit the required compliance documents. If you do not submit the documents by the due date indicated for each product in this link, we may remove the affected listings.
 Review Compliance Requirements
 The table below contains a sample of your affected listings. Click on Review Compliance Requirements to see all of your affected listings.
 SKU ASIN Listing Status WH-PW Kit0806 B0DSM44PRS Removed
 Why is this happening?
This requirement helps to ensure that products are compliant with local laws and safe for customers.
 How do I continue to sell the affected products?
Click on Review Compliance Requirements to find out more information about the documents you need to provide for each product.
 Was there an error?
If you believe that you do not need to su",2026-04-26 14:03:56,RETR,xtbBsxGQdmnMO9GIQgAA3B
产品链接/合规类,older,account_4,weihaizhongxin2024@126.com,"Mon, 30 Mar 2026 07:07:52 +0000",Amazon Services <donotreply@amazon.com>,Submit product safety documentation to reactivate listings,,"96
 Submit product safety documentation to reactivate listings
 Hello Weihai CA,
 Some of your listings have been deactivated due to missing mandatory compliance requirements for your products. Review the details and next steps below. The affected listings are shown at the end of this email.
 Why is this happening?
 We are taking this action because these products are missing mandatory compliance information. Review our Product safety and compliance help page for information on applicable laws, regulations and Amazon policies. We leveraged a combination of automated means and expert human review to identify this issue and make this decision.
 The table at the end of this email provides product-specific compliance requirements.
 How do I reactivate my listings?
 To provide the required compliance information, go to your Account Health page and locate the product compliance requests:
-
 If you have the required documentation, follow the instructions to submit your compliance documents. We will only reinstate products that fulfil the compliance requirements.
-
 If you believe your products are exempt from these requirements, submit documentation demonstrating why they are not subject ",2026-04-26 14:03:50,RETR,xtbBsgxoTmnKIUy8CwAA3h
产品链接/合规类,older,account_4,weihaizhongxin2024@126.com,"Sat, 28 Mar 2026 13:21:45 +0000",Amazon Services <donotreply@amazon.com>,Submit product safety documentation to reactivate listings,,"96
 Submit product safety documentation to reactivate listings
 Hello Weihai CA,
 Some of your listings have been deactivated due to missing mandatory compliance requirements for your products. Review the details and next steps below. The affected listings are shown at the end of this email.
 Why is this happening?
 We are taking this action because these products are missing mandatory compliance information. Review our Product safety and compliance help page for information on applicable laws, regulations and Amazon policies. We leveraged a combination of automated means and expert human review to identify this issue and make this decision.
 The table at the end of this email provides product-specific compliance requirements.
 How do I reactivate my listings?
 To provide the required compliance information, go to your Account Health page and locate the product compliance requests:
-
 If you have the required documentation, follow the instructions to submit your compliance documents. We will only reinstate products that fulfil the compliance requirements.
-
 If you believe your products are exempt from these requirements, submit documentation demonstrating why they are not subject ",2026-04-26 14:03:48,RETR,xtbBsw384mnH1e3FsgAA3B
产品链接/合规类,older,account_4,weihaizhongxin2024@126.com,"Sat, 28 Mar 2026 13:01:16 +0000",Amazon Services <donotreply@amazon.com>,Submit product safety documentation to reactivate listings,,"96
 Submit product safety documentation to reactivate listings
 Hello Weihai US,
 Some of your listings have been deactivated due to missing mandatory compliance requirements for your products. Review the details and next steps below. The affected listings are shown at the end of this email.
 Why is this happening?
 We are taking this action because these products are missing mandatory compliance information. Review our Product safety and compliance help page for information on applicable laws, regulations, and Amazon policies. We leveraged a combination of automated means and expert human review to identify this issue and make this decision.
 The table at the end of this email provides product-specific compliance requirements.
 How do I reactivate my listings?
 To provide the required compliance information, go to your Account Health page and locate the product compliance requests:
-
 If you have the required documentation, follow the instructions to submit your compliance documents. We will only reinstate products that fulfill the compliance requirements.
-
 If you believe your products are exempt from these requirements, submit documentation demonstrating why they are not subjec",2026-04-26 14:03:48,RETR,xtbBpADIrmnH0SCUAQAA3I
产品链接/合规类,older,account_4,weihaizhongxin2024@126.com,"Fri, 27 Mar 2026 14:37:14 +0000",Sell with Amazon <no-reply@sell.amazon.com>,Live Q&A on customer feedback with experienced sellers,,"[Amazon logo](https://go.amazonsellerservices.com/e/229492/-ref--spc-em-na-frm-20260324/7z2bw3r/6577485148/h/BOm7kDreq_ieAJ8P9nkJWZ402nkYiTu_wgkPAn3aZYs)
Connect with sellers experienced in customer feedback
Join us on March 31 for a live Q&A event in the New Seller Community. Experienced Amazon selling partners will answer your customer feedback questions, offering insights from their own journey.
Before the event, post your toughest questions about managing feedback, buyer-seller messaging, and customer relations.
[Post your question](https://go.amazonsellerservices.com/e/229492/71-ref--spc-em-na-frm-20260324/7z2bw3v/6577485148/h/BOm7kDreq_ieAJ8P9nkJWZ402nkYiTu_wgkPAn3aZYs)
[An Amazon delivery driver walks next to an Amazon Prime delivery van.](https://go.amazonsellerservices.com/e/229492/71-ref--spc-em-na-frm-20260324/7z2bw3v/6577485148/h/BOm7kDreq_ieAJ8P9nkJWZ402nkYiTu_wgkPAn3aZYs)
Meet our hosts
[A checkmark icon]
Amazon Seller: TVOI50
Hi, my name is Tish. We’ve been selling on Amazon for 5 years in the Office Furniture category. We are FBM, an authorized re-seller for a major furniture manufacturer and strive to make every transaction a seamless one. If it’s not, our customer",2026-04-26 14:03:47,RETR,xtbBpR24nmnGlh3T6AAA3B
产品链接/合规类,older,account_4,weihaizhongxin2024@126.com,"Fri, 27 Mar 2026 13:18:53 +0000",Amazon Services <donotreply@amazon.com>,Submit product safety documentation to reactivate listings,,"96
 Submit product safety documentation to reactivate listings
 Hello Weihai EU,
 Some of your listings have been deactivated due to missing mandatory compliance requirements for your products. Review the details and next steps below. The affected listings are shown at the end of this email.
 Why is this happening?
 We are taking this action because these products are missing mandatory compliance information. Review our Product safety and compliance help page for information on applicable laws, regulations, and Amazon policies. We leveraged a combination of automated means and expert human review to identify this issue and make this decision.
 The table at the end of this email provides product-specific compliance requirements.
 How do I reactivate my listings?
 To provide the required compliance information, go to your Account Health page and locate the product compliance requests:
-
 If you have the required documentation, follow the instructions to submit your compliance documents. We will only reinstate products that fulfill the compliance requirements.
-
 If you believe your products are exempt from these requirements, submit documentation demonstrating why they are not subjec",2026-04-26 14:03:45,RETR,xtbBpAEdA2nGg8EvzAAA31
产品链接/合规类,older,account_4,weihaizhongxin2024@126.com,"Fri, 27 Mar 2026 13:13:28 +0000",Amazon Services <donotreply@amazon.com>,Submit product safety documentation to reactivate listings,,"96
 Submit product safety documentation to reactivate listings
 Hello Weihai CA,
 Some of your listings have been deactivated due to missing mandatory compliance requirements for your products. Review the details and next steps below. The affected listings are shown at the end of this email.
 Why is this happening?
 We are taking this action because these products are missing mandatory compliance information. Review our Product safety and compliance help page for information on applicable laws, regulations and Amazon policies. We leveraged a combination of automated means and expert human review to identify this issue and make this decision.
 The table at the end of this email provides product-specific compliance requirements.
 How do I reactivate my listings?
 To provide the required compliance information, go to your Account Health page and locate the product compliance requests:
-
 If you have the required documentation, follow the instructions to submit your compliance documents. We will only reinstate products that fulfil the compliance requirements.
-
 If you believe your products are exempt from these requirements, submit documentation demonstrating why they are not subject ",2026-04-26 14:03:44,RETR,xtbBpBzLsWnGgnwkSgAA39
产品链接/合规类,older,account_4,weihaizhongxin2024@126.com,"Fri, 27 Mar 2026 12:51:52 +0000",Amazon Services <donotreply@amazon.com>,Submit product safety documentation to reactivate listings,,"96
 Submit product safety documentation to reactivate listings
 Hello Weihai US,
 Some of your listings have been deactivated due to missing mandatory compliance requirements for your products. Review the details and next steps below. The affected listings are shown at the end of this email.
 Why is this happening?
 We are taking this action because these products are missing mandatory compliance information. Review our Product safety and compliance help page for information on applicable laws, regulations, and Amazon policies. We leveraged a combination of automated means and expert human review to identify this issue and make this decision.
 The table at the end of this email provides product-specific compliance requirements.
 How do I reactivate my listings?
 To provide the required compliance information, go to your Account Health page and locate the product compliance requests:
-
 If you have the required documentation, follow the instructions to submit your compliance documents. We will only reinstate products that fulfill the compliance requirements.
-
 If you believe your products are exempt from these requirements, submit documentation demonstrating why they are not subjec",2026-04-26 14:03:43,RETR,xtbBpQuFa2nGfWv2XwAA3Q
产品链接/合规类,older,account_4,weihaizhongxin2024@126.com,"Fri, 27 Mar 2026 08:16:10 +0000","""fba-3p-buyability-improvement-us@amazon.com"" <fba-3p-buyability-improvement-us@amazon.com>",Action Required: Website Suppressed ASINs,,"Dear Seller,
We are part of Buyability Audit team at Amazon. The Buyability program aims to identify and eliminate root causes leading to Buyability drop-off. We are contacting you to let you know that you could be missing out on sales opportunities due to the suppression of some of your ASINs.
We recommend you submit the required documents to un-suppress your ASIN and activate your listings.
Here is a sample of your suppressed ASINs:
B0FCDRNTT8, B0D7SKQ6GC
You can download the full list of your suppressed ASINs from the following path “Catalog” >> “Complete your drafts” >> “Completed with Issues” >> “Detail page removed”
https://sellercentral.amazon.com/fixyourproducts/drafts
To upload the required documents or to appeal to un-suppressed an ASIN, please follow these instructions  login to your seller central account and go to “Performance” >> “Account Health”>> “Documentation Requests” under “Product Compliance request” on the right below corner >> “Provide documents” and choose to upload documents or to appeal.
https://sellercentral.amazon.com/performance/account/health/compliance-request
If you need further help, please raise a case via contact us. - https://sellercentral.amazo",2026-04-26 14:03:40,RETR,xtbBsg9ONGnGPM-gSQAA3y
法务/侵权类,older,account_4,weihaizhongxin2024@126.com,"Sat, 18 Apr 2026 15:14:51 +0000",Amazon Services <donotreply@amazon.com>,Pagamento elaborato con successo,,"96
This title will display on mobile devices
 Congratulazioni. Il pagamento è stato elaborato con successo e ti sarà accreditato a breve.
 Tentativo di pagamento
Congratulazioni Weihai EU! Il pagamento è stato elaborato con successo e ti sarà accreditato nel giro di da tre a cinque giorni.
In data 04/18/26 15:14 CEST, abbiamo avviato un trasferimento sul tuo metodo di pagamento (conto bancario che termina con 229) dell’importo di €
 202,18.
 Se l’importo è inferiore a quanto atteso, tieni in considerazione le seguenti domande:
 Hai un saldo non disponibile? Amazon potrebbe trattenere una certa somma per coprire i costi di eventuali resi, reclami o contestazioni di una transazione (chargeback) da parte degli acquirenti. In questo caso, il saldo finale nel tuo report sui pagamenti mostrerà il saldo non disponibile corrispondente alla cifra trattenuta.
 Le tue vendite coprono tutte le commissioni e i resi per questo ciclo di fatturazione? L’importo del pagamento rispecchia le attività di vendita, le commissioni di vendita e le tariffe per promozioni o servizi. Ti consigliamo di rivedere il report sui pagamenti nella scheda Report di Seller Central per comprendere le diverse spese che ",2026-04-26 14:04:58,RETR,xtbBpQ92XGnjn+-nVgAA3L
法务/侵权类,older,account_4,weihaizhongxin2024@126.com,"Fri, 17 Apr 2026 09:39:52 +0000",Amazon Europe <donotreply@amazon.com>,Verify your primary operating address for tax purposes,,"Amazon Services
 Verify your primary operating address for tax purposes
 Hello,
To ensure the pertinent tax treatment is applied to your account, you must confirm your primary operating address . To help you, we’ve introduced a new field in Seller Central, called primary operating address.
This allows us to determine your establishment for tax purposes. If your information isn’t listed correctly, your taxes will also be incorrect.
 Your primary operating address or primary place of business is the physical location where you conduct your main day-to-day business activities. This can be either:
- Where your central administration functions take place.
- Where you have sufficient degree of permanence and an established presence in terms of human resources, technical resources, and infrastructure to run your business operations (e.g., where your employees are located).
 Here's how to verify your primary operating address:
- Go to your Identity Information page .
- If the pre-filled information is correct, click I confirm that my primary operating address is correct .
- If it's incorrect, click Edit information and provide a valid primary operating address by selecting a saved address ",2026-04-26 14:04:54,RETR,xtbBswsN8mnh-+sJaQAA37
法务/侵权类,older,account_4,weihaizhongxin2024@126.com,"Thu, 16 Apr 2026 15:10:49 +0000",Amazon Services <donotreply@amazon.com>,[Formal Notice – Immediate Action Required] Review and certify your business information within 10 days to avoid account deactivation,,"96
 Hello Weihai US,
 Under the US INFORM Consumers Act, you are required to keep certain business information provided to Amazon current, including your name, address, phone number, email address, bank account information, and Tax ID number. You are also required to electronically certify to Amazon at least once per year that either you have provided any changes to your information or there have been no changes to this information.
 Review your account information and complete your electronic certification by following the instructions below to avoid disruption to your selling account. If you do not certify your information within 10 days of this notice, your account will be at risk of account deactivation, as required by the law.
 (Please disregard this notice if you have already certified your information and received an acknowledgment notice.)
 How do I certify my information and avoid account deactivation?
 Go to the INFORM Act Notice and Certification step in your ( Account Health page ).
 Follow the instructions on the page to review the required information, update it if necessary, and click the “Certify” button to certify that it is up-to-date.
 Please note that only the p",2026-04-26 14:04:51,RETR,xtbBpB3Qtmng+-23LQAA3K
法务/侵权类,older,account_4,weihaizhongxin2024@126.com,"Tue, 14 Apr 2026 17:59:02 +0000",Amazon Verkaeuferservice <merch.service05@amazon.de>,RE:[CASE 12354633592] 其他账户问题,,"尊敬的销售伙伴：
您好！
我叫 John Raghul Singh S,来自亚马逊 销售 合作伙伴,今天我将帮助您调查 ASINs: B0G6XCTGJC, B0G6ZCHV7Z 和 B0GKPTF1T7 存在缺陷的不可售库存问题的请求。
关于ASINs: B0G6XCTGJC, B0G6ZCHV7Z。
我们已检查并确认ASINs的商品已从缺陷状态移至可售状态。
您可以通过以下链接确认这一点:
https://sellercentral-europe.amazon.com/myinventory/inventory?fulfilledBy=all&page=1&pageSize=250&searchField=all&searchTerm=B0G6XCTGJC&sort=sales_desc&status=all&ref_=xx_invmgr_favb_xx
https://sellercentral-europe.amazon.com/myinventory/inventory?fulfilledBy=all&page=1&pageSize=250&searchField=all&searchTerm=X002C14QJT&sort=sales_desc&status=all&ref_=xx_invmgr_favb_xx
https://sellercentral-europe.amazon.com/reportcentral/LEDGER_REPORT/0/%7B%22filters%22:[%22%22,%22B0G6XCTGJC%22,%22DAILY%22,%22FC%22,%2284700%22,%22%22,%22Adjustments%22,%22Damaged%22,%22Destroyed%22,%22Found%22,%22Lost%22,%22Other%22,%22%22,%22pageOffset%22:1,%22searchDays%22:30 %7D
https://sellercentral-europe.amazon.com/reportcentral/LEDGER_REPORT/0/%7B%22filters%22:[%22%22,%22B0G6ZCHV7Z%22,%22DAILY%22,%22FC%22,%2284700%22,%22%22,%22Adjustments%22,%22Damaged%22,%22Destroyed%22,%22Found%22,%22Lost%22,%22Other%22,%22%22,%22pageOffset%22:1,%22searchDays%22:30 %7D
关于ASIN: B0GKPTF1T7
我们的团队仍在为您调查此问题。
收到更新信息后,我们会向您更新详细信息。
请您耐",2026-04-26 14:04:46,RETR,xtbBsgpMMmnegGowbwAA3E
法务/侵权类,older,account_4,weihaizhongxin2024@126.com,"Tue, 14 Apr 2026 17:22:14 +0000",Amazon Product Support Team <donotreply@amazon.com>,"Reduce Returns & Boost Customer Satisfaction - Enrol in Amazon
 Product Support",,"96
 Enrol now into Amazon Product Support !
 Hello,
 Greetings from Amazon Product Support.
 Every product returned costs time, money and customer trust. That’s why Amazon offers product support – a suite of post-purchase solutions that help customers solve problems quickly and keep products in use. In 2025, approximately 50% of customers who engaged with Product Support did not return their product. *
 Enrol now and learn more about Amazon Product Support
 Here’s how you can reduce returns and help customers:
 • Manufacturer support – A customer has a question about your product? They can contact your experts directly. In 2025, approximately 64% of customers who contacted support through Manufacturer support did not return their product. * Available in the US, Canada, UK, Germany, France, Italy, Spain, Belgium, Sweden, Poland and the Netherlands.
 • Brand integration – call & chat – A customer runs into a setup issue and wants instant help? Provide live calls or chat support. In 2025, approximately 58% of customers who contacted support through Brand integration – call & chat did not return the product. * Available in the US, Canada, UK, Germany, France, Italy, Spain, Belgium, Swe",2026-04-26 14:04:46,RETR,xtbBswoiCGned8qHnAAA3C
法务/侵权类,older,account_4,weihaizhongxin2024@126.com,"Fri, 10 Apr 2026 13:44:27 +0000",Amazon Services <donotreply@amazon.com>,"Reactiva tus listings en la UE: se requiere el cumplimiento del
 Reglamento relativo a la seguridad general de los productos",,"96
 Reactiva tus listings en la UE: se requiere el cumplimiento del Reglamento relativo a la seguridad general de los productos
 Hola, Weihai EU:
 Algunos de los listings de nuestras tiendas de la UE se han desactivado debido a que falta información de cumplimiento normativo obligatoria. Esta medida no afecta al estado de tu cuenta.
 Encontrarás ejemplos de listings desactivados al final de este correo electrónico y la lista completa en la página ""Estado de la cuenta"". Revisa los listings afectados y siguientes pasos para cumplir los requisitos del Reglamento relativo a la seguridad general de los productos que se indican a continuación.
 Presentar información sobre cumplimiento normativo
 Presentar información sobre cumplimiento normativo
 ¿Cómo puedo reactivar mis listings?
 Para reactivar tus listings, proporciona la información obligatoria del Reglamento relativo a la seguridad general de los productos. Para ello, sigue las instrucciones que se indican a continuación:
-
 Ve a la página ""Estado de la cuenta"" .
- Selecciona ""Añadir filtros"" y marca ""Listing retirado"" en la columna ""Filtrar según las medidas tomadas"".
- Haz clic en ""Enviar"" junto al listing desactivado y sigue las",2026-04-26 14:04:40,RETR,xtbBsgSBZ2nY-sS1HQAA3z
法务/侵权类,older,account_4,weihaizhongxin2024@126.com,"Fri, 10 Apr 2026 01:52:13 +0000",Justin Bangina <justin.bangina@vergleich.org>,"Re: 🏆 German quality seal for ""Roaxkois Schwimmgurt für Pool"" ",,"Hello from Berlin,
Just a short follow-up regarding the [Vergleich.org](http://Vergleich.org)
quality award for your product ""Roaxkois Schwimmgurt für Pool"".
Please let me know whether:
  * this could be relevant for you, or
  * I should follow up at a later time
Best regards,
Justin
\--
**Justin Bangina**
Junior Sales Manager B2B
[Hier einen Termin buchen, um mehr über Vergleich.org zu
erfahren!](https://calendly.com/justin-bangina/vgl-vorstellung)
E-Mail: [justin.bangina@vergleich.org](mailto:justin.bangina@vergleich.org)
Telefon: +49 30 83 79 07 04
![](https://closeio-
filepicker.s3.amazonaws.com/2024-06-20%2F7fFa6RzdGpCb8T72iZD05S%2F1718867565153-image.png)
![](https://closeio-
filepicker.s3.amazonaws.com/03Vs0h0DapPjar7ToXtW0a%2F1626342130359-1626342130359.png)
[**Vergleich.org**](http://vergleich.org/)**  | VGL Publishing AG**
Internet: [https://www.vergleich.org](https://www.vergleich.org/)
Oranienstraße 6, 10997 Berlin
Vorstand: Jan Steffen & Timo Schürmann,
Aufsichtsratsvorsitzender: Michael Riedl
Amtsgericht Berlin (Charlottenburg), HRB 243307 B
USt-Identifikationsnummer: DE296826903
![image.png](https://closeio-
filepicker.s3.amazonaws.com/2026-01-15%2F0U3zStfuGla1fho9cU",2026-04-26 14:04:36,RETR,xtbBpBSbgWnYV9RL2gAA3J
法务/侵权类,older,account_4,weihaizhongxin2024@126.com,"Thu, 9 Apr 2026 17:17:52 +0000",The Amazon Services team <donotreply@amazon.com>,Introducing Global Warehousing & Distribution,,"96
 Store inventory at origin in China with lower costs and faster speeds.
 Hello,
 Starting April 9, 2026, you can store your inventory in bulk at a lower cost in our new Global Warehousing & Distribution (GWD) facility in Shenzhen, China, and seamlessly replenish to our US fulfillment network when needed.
 By using GWD in Shenzhen, you can:
- Reduce storage costs by up to 45% compared to US Amazon Warehousing and Distribution (AWD).
- Get inventory to US fulfillment centers up to seven days faster when paired with Amazon Global Logistics (AGL).
- Maintain consistently healthy inventory levels through reliable, automated cross-border replenishment.
- Choose your management style of either AI-powered automated replenishment or manual control while we handle the entire cross-border logistics process.
- Streamline your supply chain of shipping, customs clearance, and delivery to our fulfillment centers all through a single, integrated solution. GWD is the first step in our Next Generation of Global Selling vision — where you list once, bring your inventory to the warehouse at origin, and sell it globally from day one. This vision transforms cross-border commerce: you focus on buildin",2026-04-26 14:04:34,RETR,xtbBpQRZP2nX30QkrQAA3r
法务/侵权类,older,account_4,weihaizhongxin2024@126.com,"Thu, 9 Apr 2026 16:27:24 +0000",donotreply@amazon.com,Your Amazon.ca Fulfillment by Amazon Merchant Invoice for 3/2026 (Votre Facture Expédié Par Amazon Amazon.ca pour le mois de 3/2026),,"Dear Shen zhen shi wei hai zhong xin ke ji you xian,
We are writing to inform you that your electronic Fulfillment by Amazon Merchant Invoice for the month of 3/2026 is now available in your Seller Central Account.
To access your invoice, go to your Seller Central Account > Reports > Tax Document Library > Seller Fee Tax Invoices.
In your Seller Central account, you will be able to view, download or print your invoice.
If you have any questions, please contact Seller Support.
Best regards,
Amazon.ca
 Monsieur/Madame Shen zhen shi wei hai zhong xin ke ji you xian,
Nous vous écrivons pour vous informer que votre Facture Expédié Par Amazon pour le mois de 3/2026 est maintenant disponible dans votre compte Seller Central.
Pour accéder à votre facture, rendez-vous sur votre compte Seller Central et veuillez accéder à la page Rapports > Bibliothèque d'informations fiscales > Factures des frais du vendeur.
Dans votre compte Seller Central, vous pourrez afficher, télécharger ou imprimer votre facture.
Pour toute question, contactez le Support Vendeur.
Cordialement,
Amazon.ca",2026-04-26 14:04:33,RETR,xtbBshViSGnX03XF9AAA3k
法务/侵权类,older,account_4,weihaizhongxin2024@126.com,"Thu, 9 Apr 2026 11:49:51 +0000",Amazon Services <donotreply@amazon.com>,Riattivare le offerte nell'UE - Richiesta la conformità al Regolamento sulla sicurezza generale dei prodotti,,"96
 Riattivare le offerte nell'UE - Richiesta la conformità al Regolamento sulla sicurezza generale dei prodotti
 Gentile Weihai EU,
 Alcune delle tue offerte sono state disattivate nei nostri negozi dell'Unione europea a causa della mancanza di informazioni relative alla conformità. Questa azione non avrà alcun impatto sullo stato del tuo account.
 Puoi trovare esempi delle tue offerte disattivate in fondo a questa e-mail e l'elenco completo nella pagina Stato dell'account. Rivedi le offerte interessate e i passaggi successivi per soddisfare i requisiti del Regolamento sulla sicurezza generale dei prodotti riportati di seguito.
 Inviare le informazioni sulla conformità
 Inviare le informazioni sulla conformità
 Come faccio a riattivare le mie offerte?
 Per riattivare le offerte, fornisci le informazioni richieste relative alla conformità al regolamento sulla sicurezza generale dei prodotti seguendo le istruzioni riportate di seguito:
-
 Vai alla pagina Stato dell'account .
- Seleziona ""Aggiungi filtri"" e quindi ""Offerta rimossa"" nella colonna ""Filtra per azione intrapresa"".
- Clicca su ""Invia"" accanto all'offerta disattivata e segui le istruzioni fornite.
- Segui la procedura indi",2026-04-26 14:04:32,RETR,xtbBswEN8mnXkmHPpAAA3r
法务/侵权类,older,account_4,weihaizhongxin2024@126.com,"Thu, 9 Apr 2026 10:53:45 +0000",Amazon Services <donotreply@amazon.com>,Las tarifas por puesta de inventario a disposición de Amazon y retirada de Logística de Amazon se cobrarán a medida que se procesen las unidades,,"96
 Las tarifas por retirada y puesta de inventario a disposición de Amazon de Logística de Amazon se cobrarán ahora por unidad en el momento en que cada unidad se retire o se ponga a nuestra disposición.
 Hola:
 Con entrada en vigor el 1 de mayo de 2026, las tarifas por puesta de inventario a disposición de Amazon y retirada de Logística de Amazon se cobrarán por unidad en el momento en que cada unidad se retire o se ponga a nuestra disposición. Con esta actualización, seguimos los estándares del sector y te proporcionamos más visibilidad sobre tus actividades de retirada y puesta de inventario a nuestra disposición.
 Este cambio sólo afecta al momento en que se te cobra. No hay cambios en las tarifas por retirada y puesta de inventario a disposición de Amazon. Antes, estas tarifas se cobraban una vez que se completaba toda la solicitud de retirada o puesta de inventario a disposición de Amazon.
 No es necesario que hagas nada. Este cambio se aplicará automáticamente a las nuevas solicitudes de retirada y puesta de inventario a disposición de Amazon creadas a partir del 1 de mayo.
 Para consultar los cargos por envío de las retiradas y puestas de inventario a nuestra disposición y",2026-04-26 14:04:31,RETR,xtbBsxzApmnXhTxOiwAA3L
法务/侵权类,older,account_4,weihaizhongxin2024@126.com,"Thu, 9 Apr 2026 09:19:33 +0000",Amazon Services <donotreply@amazon.com>,Opłaty za usunięcie i likwidację zapasów FBA naliczane podczas przetwarzania jednostek,,"96
 Opłaty za wycofanie i usunięcie zapasów w ramach FBA będą teraz pobierane od każdej jednostki w momencie jej wycofania lub usunięcia.
 Dzień dobry,
 od 1 maja 2026 r. opłaty za wycofanie i usunięcie w ramach usługi Realizacja przez Amazon (FBA) będą pobierane od każdej jednostki w momencie jej wycofania lub usunięcia. Aktualizacja jest zgodna ze standardami branżowymi i zapewnia większą przejrzystość działań związanych z wycofywaniem i usuwaniem zapasów.
 Zmiana dotyczy wyłącznie momentu pobrania opłaty. Stawki opłat za wycofanie i usunięcie zapasów pozostają bez zmian. Wcześniej opłaty były pobierane po zakończeniu realizacji całego zlecenia wycofania zapasów lub zlecenia usunięcia zapasów.
 Nie musisz podejmować żadnych działań. Zmiana zostanie automatycznie zastosowana do nowych zleceń wycofania zapasów i zleceń usunięcia zapasów utworzonych od 1 maja.
 Aby sprawdzić opłaty na poziomie przesyłki dotyczące wycofania i usunięcia zapasów oraz terminy wycofywania jednostek, przejdź na kartę Transakcje .
 Więcej informacji znajdziesz na stronie Aktualizacje opłat za wycofanie i usunięcie zapasów w ramach FBA .
 Zespół Amazon Europe
 Zgłoś problem z tym e-mailem
 Jeśli masz pytani",2026-04-26 14:04:29,RETR,xtbBswg2HGnXbyiypwAA39
法务/侵权类,older,account_4,weihaizhongxin2024@126.com,"Thu, 9 Apr 2026 08:46:52 +0000",Amazon Services <donotreply@amazon.com>,Addebito delle tariffe di rimozione e per reimpiego quando le unità vengono elaborate,,"96
 Le tariffe per gli ordini di rimozione e di reimpiego di inventario di Logistica di Amazon verranno ora addebitate per unità ogni volta che un'unità viene rimossa o destinata ad altro uso.
 Buongiorno,
 a partire dal 1° maggio 2026, le tariffe per gli ordini di rimozione e di reimpiego di inventario di Logistica di Amazon verranno addebitate per unità nel momento in cui ciascuna unità viene rimossa o destinata ad altro uso. Questo aggiornamento è in linea con gli standard del settore e offre una maggiore visibilità sulle attività di rimozione e reimpiego di inventario.
 Questa modifica riguarda solo i casi in cui ti viene addebitato il costo. Le tariffe per gli ordini di rimozione e di reimpiego di inventario rimangono invariate. In precedenza, queste tariffe venivano addebitate una volta completato l'intero ordine di rimozione o di reimpiego di inventario.
 A questo proposito, non è richiesto alcun intervento da parte tua. Questa modifica verrà applicata automaticamente ai nuovi ordini di rimozione e di reimpiego di inventario creati a partire dal 1° maggio.
 Per consultare i costi di rimozione e reimpiego di inventario a livello di spedizione e verificare quando le unità veng",2026-04-26 14:04:29,RETR,xtbBpQBKMGnXZ4CUDQAA3f
法务/侵权类,older,account_4,weihaizhongxin2024@126.com,"Wed, 8 Apr 2026 15:00:43 +0000",Amazon Services <donotreply@amazon.com>,Votre paiement est en cours,,"96
This title will display on mobile devices
 Félicitations ! Votre paiement est en cours et arrivera sous peu.
 Tentative de versement
Félicitations, Weihai EU ! Votre paiement est en cours et arrivera sous trois à cinq jours.
Le 04/08/26 15:00 CEST, nous avons effectué un virement d’un montant de €
 26.11 sur le compte lié à votre méthode de paiement (compte bancaire se terminant par 229).
 Si le montant est inférieur au montant auquel vous vous attendiez, voici quelques questions à vous poser :
 Disposez-vous d’un solde de fonds non disponibles ? Amazon peut réserver des fonds afin de couvrir des retours, des réclamations ou des rétrofacturations potentiels des acheteurs. Si tel est le cas, le solde de fin de période de votre rapport sur les paiements affichera le solde des fonds non disponibles réservé.
 Vos ventes couvraient-elles l’ensemble des frais et des retours pour cette période de règlements ? Le montant du paiement reflète votre activité commerciale, les frais de vente et les frais relatifs aux promotions et aux services. Nous vous recommandons de consulter votre rapport sur les paiements sous l’onglet Rapports de Seller Central pour comprendre votre solde de fin de pé",2026-04-26 14:04:24,RETR,xtbBsh+SeGnWbZ9NKQAA3u
法务/侵权类,older,account_4,weihaizhongxin2024@126.com,"Tue, 7 Apr 2026 01:13:24 +0000",donotreply@amazon.com,Ihr Dokument Rechnungskorrektur Verkäufer von Amazon.de für 3.2026,,"Guten Tag Shen zhen shi wei hai zhong xin ke ji you xian!
Wir möchten Sie darüber informieren, dass Ihr elektronisches Dokument Rechnungskorrektur Verkäufer für 3.2026 ab sofort in Ihrem Seller Central-Konto verfügbar ist.
Navigieren Sie in Ihrem Seller Central-Konto zu Berichte > Steuerdokumente > Rechnungen über Verkaufsgebühren, um auf Ihr Dokument (Rechnungskorrektur) zuzugreifen.
In Ihrem Seller Central-Konto können Sie Ihr Dokument (Rechnungskorrektur) anzeigen, herunterladen oder ausdrucken.
Wenden Sie sich bei weiteren Fragen bitte an die Verkäuferhilfe.
Freundliche Grüße,
Amazon.de",2026-04-26 14:04:21,RETR,xtbBsxczGWnUWjc7dAAA3R
法务/侵权类,older,account_4,weihaizhongxin2024@126.com,"Tue, 7 Apr 2026 00:28:23 +0000",donotreply@amazon.com,Je Creditnota Verkoper Amazon.nl voor 3/2026,,"Beste Shen zhen shi wei hai zhong xin ke ji you xian,
We sturen je dit bericht om je te laten weten dat je elektronische Creditnota Verkoper voor de maand 3 2026 nu beschikbaar is in je Seller Central-account.
Als je toegang wilt krijgen tot je creditnota, ga je naar je Seller Central-account > Overzichten > Bibliotheek met belastingdocumenten > Belastingfacturen voor kosten verkoper.
In je Seller Central-account kun je je creditnota bekijken, downloaden of afdrukken.
Als je nog vragen hebt, kun je contact opnemen met de Ondersteuning voor verkopers.
Met vriendelijke groeten,
Amazon.nl",2026-04-26 14:04:21,RETR,xtbBpAuNc2nUT6txQwAA36
法务/侵权类,older,account_4,weihaizhongxin2024@126.com,"Mon, 6 Apr 2026 23:40:40 +0000",donotreply@amazon.com,Ihr Dokument Rechnungskorrektur Versand durch Amazon von Amazon.de für 3.2026,,"Guten Tag Shen zhen shi wei hai zhong xin ke ji you xian!
Wir möchten Sie darüber informieren, dass Ihr elektronisches Dokument Rechnungskorrektur Versand durch Amazon für 3.2026 ab sofort in Ihrem Seller Central-Konto verfügbar ist.
Navigieren Sie in Ihrem Seller Central-Konto zu Berichte > Steuerdokumente > Rechnungen über Verkaufsgebühren, um auf Ihr Dokument (Rechnungskorrektur) zuzugreifen.
In Ihrem Seller Central-Konto können Sie Ihr Dokument (Rechnungskorrektur) anzeigen, herunterladen oder ausdrucken.
Wenden Sie sich bei weiteren Fragen bitte an die Verkäuferhilfe.
Freundliche Grüße,
Amazon.de",2026-04-26 14:04:20,RETR,xtbBpRu+pGnURHsvXQAA3U
法务/侵权类,older,account_4,weihaizhongxin2024@126.com,"Mon, 6 Apr 2026 22:17:10 +0000",donotreply@amazon.com,Ihr Dokument Rechnung Versand durch Amazon von Amazon.de für 3.2026,,"Guten Tag Shen zhen shi wei hai zhong xin ke ji you xian!
Wir möchten Sie darüber informieren, dass Ihr elektronisches Dokument Rechnung Versand durch Amazon für 3.2026 ab sofort in Ihrem Seller Central-Konto verfügbar ist.
Navigieren Sie in Ihrem Seller Central-Konto zu Berichte > Steuerdokumente > Rechnungen über Verkaufsgebühren, um auf Ihr Dokument (Rechnung) zuzugreifen.
In Ihrem Seller Central-Konto können Sie Ihr Dokument (Rechnung) anzeigen, herunterladen oder ausdrucken.
Wenden Sie sich bei weiteren Fragen bitte an die Verkäuferhilfe.
Freundliche Grüße,
Amazon.de",2026-04-26 14:04:19,RETR,xtbBsgnVu2nUMOn5+QAA3x
法务/侵权类,older,account_4,weihaizhongxin2024@126.com,"Mon, 6 Apr 2026 22:08:24 +0000",donotreply@amazon.com,Je Factuur Fulfilled by Amazon Amazon.nl voor 3/2026,,"Beste Shen zhen shi wei hai zhong xin ke ji you xian,
We sturen je dit bericht om je te laten weten dat je elektronische Factuur Fulfilled by Amazon voor de maand 3 2026 nu beschikbaar is in je Seller Central-account.
Als je toegang wilt krijgen tot je factuur, ga je naar je Seller Central-account > Overzichten > Bibliotheek met belastingdocumenten > Belastingfacturen voor kosten verkoper.
In je Seller Central-account kun je je factuur bekijken, downloaden of afdrukken.
Als je nog vragen hebt, kun je contact opnemen met de Ondersteuning voor verkopers.
Met vriendelijke groeten,
Amazon.nl",2026-04-26 14:04:18,RETR,xtbBpBtRN2nULtviRgAA31
法务/侵权类,older,account_4,weihaizhongxin2024@126.com,"Mon, 6 Apr 2026 22:03:23 +0000",donotreply@amazon.com,Your Amazon.co.uk Fulfillment by Amazon Merchant Invoice for 3/2026,,"Dear Shen zhen shi wei hai zhong xin ke ji you xian,
We are writing to inform you that your electronic Fulfillment by Amazon Merchant Invoice for the month of 3/2026 is now available in your Seller Central Account.
To access your invoice, go to your Seller Central Account > Reports > Tax Document Library > Seller Fee Tax Invoices.
In your Seller Central account, you will be able to view, download or print your invoice.
If you have any questions, please contact Seller Support.
Best regards,
Amazon.co.uk",2026-04-26 14:04:18,RETR,xtbBpA4G62nULa7dYAAA3E
法务/侵权类,older,account_4,weihaizhongxin2024@126.com,"Mon, 6 Apr 2026 21:18:12 +0000",donotreply@amazon.com,Je Factuur Fulfilled by Amazon Amazon.nl voor 3/2026,,"Beste Shen zhen shi wei hai zhong xin ke ji you xian,
We sturen je dit bericht om je te laten weten dat je elektronische Factuur Fulfilled by Amazon voor de maand 3 2026 nu beschikbaar is in je Seller Central-account.
Als je toegang wilt krijgen tot je factuur, ga je naar je Seller Central-account > Overzichten > Bibliotheek met belastingdocumenten > Belastingfacturen voor kosten verkoper.
In je Seller Central-account kun je je factuur bekijken, downloaden of afdrukken.
Als je nog vragen hebt, kun je contact opnemen met de Ondersteuning voor verkopers.
Met vriendelijke groeten,
Amazon.nl",2026-04-26 14:04:16,RETR,xtbBsxddQ2nUIxcgKgAA35
法务/侵权类,older,account_4,weihaizhongxin2024@126.com,"Mon, 6 Apr 2026 20:40:48 +0000",donotreply@amazon.com,Din Faktura Fraktas Av Amazon Amazon.se för 3/2026,,"Hej Shen zhen shi wei hai zhong xin ke ji you xian!
Vi skriver för att informera dig om att din elektroniska Faktura Fraktas Av Amazon för månaden 3/2026 nu finns tillgänglig på ditt Seller Central-konto.
För att komma åt ditt fakturagår du till ditt Seller Central-konto > Rapporter > Bibliotek för skattedokument > Skattefakturor för säljaravgifter.
På ditt Seller Central-konto kan du se, ladda ner eller skriva ut ditt faktura.
Om du har några frågor, kontakta säljarsupport.
Vänliga hälsningar,
Amazon.se",2026-04-26 14:04:16,RETR,xtbBshMqEGnUGlOpaAAA3u
法务/侵权类,older,account_4,weihaizhongxin2024@126.com,"Mon, 6 Apr 2026 20:23:05 +0000",donotreply@amazon.com,Ihr Dokument Rechnung Versand durch Amazon von Amazon.de für 3.2026,,"Guten Tag Shen zhen shi wei hai zhong xin ke ji you xian!
Wir möchten Sie darüber informieren, dass Ihr elektronisches Dokument Rechnung Versand durch Amazon für 3.2026 ab sofort in Ihrem Seller Central-Konto verfügbar ist.
Navigieren Sie in Ihrem Seller Central-Konto zu Berichte > Steuerdokumente > Rechnungen über Verkaufsgebühren, um auf Ihr Dokument (Rechnung) zuzugreifen.
In Ihrem Seller Central-Konto können Sie Ihr Dokument (Rechnung) anzeigen, herunterladen oder ausdrucken.
Wenden Sie sich bei weiteren Fragen bitte an die Verkäuferhilfe.
Freundliche Grüße,
Amazon.de",2026-04-26 14:04:16,RETR,xtbBswwgBmnUFiztsQAA3C
法务/侵权类,older,account_4,weihaizhongxin2024@126.com,"Mon, 6 Apr 2026 20:10:52 +0000",donotreply@amazon.com,Je Factuur Fulfilled by Amazon Amazon.com.be voor 3/2026 (Votre Facture Expédié Par Amazon Amazon.com.be pour le mois de 3/2026),,"Beste Shen zhen shi wei hai zhong xin ke ji you xian,
We sturen je dit bericht om je te laten weten dat je elektronische Factuur Fulfilled by Amazon voor de maand 3 2026 nu beschikbaar is in je Seller Central-account.
Als je toegang wilt krijgen tot je factuur, ga je naar je Seller Central-account > Overzichten > Bibliotheek met belastingdocumenten > Belastingfacturen voor kosten verkoper.
In je Seller Central-account kun je je factuur bekijken, downloaden of afdrukken.
Als je nog vragen hebt, kun je contact opnemen met de Ondersteuning voor verkopers.
Met vriendelijke groeten,
Amazon.com.be
 Monsieur/Madame Shen zhen shi wei hai zhong xin ke ji you xian,
Nous vous écrivons pour vous informer que votre Facture Expédié Par Amazon pour le mois de 3/2026 est maintenant disponible dans votre compte Seller Central.
Pour accéder à votre facture, rendez-vous sur votre compte Seller Central et veuillez accéder à la page Rapports > Bibliothèque d'informations fiscales > Factures des frais du vendeur.
Dans votre compte Seller Central, vous pourrez afficher, télécharger ou imprimer votre facture.
Pour toute question, contactez le Support Vendeur.
Cordialement,
Amazon.com.be",2026-04-26 14:04:15,RETR,xtbBpQ9nTWnUE0+fowAA3d
法务/侵权类,older,account_4,weihaizhongxin2024@126.com,"Mon, 6 Apr 2026 20:00:59 +0000",donotreply@amazon.com,Ihr Dokument Rechnung Versand durch Amazon von Amazon.de für 3.2026,,"Guten Tag Shen zhen shi wei hai zhong xin ke ji you xian!
Wir möchten Sie darüber informieren, dass Ihr elektronisches Dokument Rechnung Versand durch Amazon für 3.2026 ab sofort in Ihrem Seller Central-Konto verfügbar ist.
Navigieren Sie in Ihrem Seller Central-Konto zu Berichte > Steuerdokumente > Rechnungen über Verkaufsgebühren, um auf Ihr Dokument (Rechnung) zuzugreifen.
In Ihrem Seller Central-Konto können Sie Ihr Dokument (Rechnung) anzeigen, herunterladen oder ausdrucken.
Wenden Sie sich bei weiteren Fragen bitte an die Verkäuferhilfe.
Freundliche Grüße,
Amazon.de",2026-04-26 14:04:15,RETR,xtbBpR3SuGnUEP2TgAAA3R
法务/侵权类,older,account_4,weihaizhongxin2024@126.com,"Mon, 6 Apr 2026 19:23:08 +0000",donotreply@amazon.com,Ihr Dokument Selbstfakturierung AGL von Amazon.de für 3.2026,,"Guten Tag Shen zhen shi wei hai zhong xin ke ji you xian!
Wir möchten Sie darüber informieren, dass Ihr elektronisches Dokument Selbstfakturierung AGL für 3.2026 ab sofort in Ihrem Seller Central-Konto verfügbar ist.
Navigieren Sie in Ihrem Seller Central-Konto zu Berichte > Steuerdokumente > Rechnungen über Verkaufsgebühren, um auf Ihr Dokument (Rechnung) zuzugreifen.
In Ihrem Seller Central-Konto können Sie Ihr Dokument (Rechnung) anzeigen, herunterladen oder ausdrucken.
Wenden Sie sich bei weiteren Fragen bitte an die Verkäuferhilfe.
Freundliche Grüße,
Amazon.de",2026-04-26 14:04:14,RETR,xtbBsx6YfmnUCB6qiwAA3B
法务/侵权类,older,account_4,weihaizhongxin2024@126.com,"Mon, 6 Apr 2026 18:31:47 +0000",donotreply@amazon.com,Your Amazon.co.uk AGL Merchant Self-Billing Invoice for 3/2026,,"Dear Shen zhen shi wei hai zhong xin ke ji you xian,
We are writing to inform you that your electronic AGL Merchant Self-Billing Invoice for the month of 3/2026 is now available in your Seller Central Account.
To access your invoice, go to your Seller Central Account > Reports > Tax Document Library > Seller Fee Tax Invoices.
In your Seller Central account, you will be able to view, download or print your invoice.
If you have any questions, please contact Seller Support.
Best regards,
Amazon.co.uk",2026-04-26 14:04:14,RETR,xtbBpRaTeWnT-BYrpQAA3H
法务/侵权类,older,account_4,weihaizhongxin2024@126.com,"Mon, 6 Apr 2026 16:54:15 +0000",donotreply@amazon.com,Din Faktura Säljare Amazon.se för 3/2026,,"Hej Shen zhen shi wei hai zhong xin ke ji you xian!
Vi skriver för att informera dig om att din elektroniska Faktura Säljare för månaden 3/2026 nu finns tillgänglig på ditt Seller Central-konto.
För att komma åt ditt fakturagår du till ditt Seller Central-konto > Rapporter > Bibliotek för skattedokument > Skattefakturor för säljaravgifter.
På ditt Seller Central-konto kan du se, ladda ner eller skriva ut ditt faktura.
Om du har några frågor, kontakta säljarsupport.
Vänliga hälsningar,
Amazon.se",2026-04-26 14:04:13,RETR,xtbBpRrWvGnT5Tqa0AAA36
法务/侵权类,older,account_4,weihaizhongxin2024@126.com,"Mon, 6 Apr 2026 16:52:00 +0000",donotreply@amazon.com,Je Factuur Verkoper Amazon.nl voor 3/2026,,"Beste Shen zhen shi wei hai zhong xin ke ji you xian,
We sturen je dit bericht om je te laten weten dat je elektronische Factuur Verkoper voor de maand 3 2026 nu beschikbaar is in je Seller Central-account.
Als je toegang wilt krijgen tot je factuur, ga je naar je Seller Central-account > Overzichten > Bibliotheek met belastingdocumenten > Belastingfacturen voor kosten verkoper.
In je Seller Central-account kun je je factuur bekijken, downloaden of afdrukken.
Als je nog vragen hebt, kun je contact opnemen met de Ondersteuning voor verkopers.
Met vriendelijke groeten,
Amazon.nl",2026-04-26 14:04:13,RETR,xtbBpRO0mmnT5LOW2wAA34
法务/侵权类,older,account_4,weihaizhongxin2024@126.com,"Mon, 6 Apr 2026 16:39:20 +0000",donotreply@amazon.com,Your Amazon.co.uk Merchant Invoice for 3/2026,,"Dear Shen zhen shi wei hai zhong xin ke ji you xian,
We are writing to inform you that your electronic Merchant Invoice for the month of 3/2026 is now available in your Seller Central Account.
To access your invoice, go to your Seller Central Account > Reports > Tax Document Library > Seller Fee Tax Invoices.
In your Seller Central account, you will be able to view, download or print your invoice.
If you have any questions, please contact Seller Support.
Best regards,
Amazon.co.uk",2026-04-26 14:04:12,RETR,xtbBpBr122nT4bpZ8wAA3b
法务/侵权类,older,account_4,weihaizhongxin2024@126.com,"Mon, 6 Apr 2026 16:07:04 +0000",donotreply@amazon.com,Din Faktura Fraktas Av Amazon Amazon.se för 3/2026,,"Hej Shen zhen shi wei hai zhong xin ke ji you xian!
Vi skriver för att informera dig om att din elektroniska Faktura Fraktas Av Amazon för månaden 3/2026 nu finns tillgänglig på ditt Seller Central-konto.
För att komma åt ditt fakturagår du till ditt Seller Central-konto > Rapporter > Bibliotek för skattedokument > Skattefakturor för säljaravgifter.
På ditt Seller Central-konto kan du se, ladda ner eller skriva ut ditt faktura.
Om du har några frågor, kontakta säljarsupport.
Vänliga hälsningar,
Amazon.se",2026-04-26 14:04:12,RETR,xtbBpQsQ9WnT2is+9gAA3I
法务/侵权类,older,account_4,weihaizhongxin2024@126.com,"Mon, 6 Apr 2026 16:06:30 +0000",donotreply@amazon.com,Je Factuur Fulfilled by Amazon Amazon.com.be voor 3/2026 (Votre Facture Expédié Par Amazon Amazon.com.be pour le mois de 3/2026),,"Beste Shen zhen shi wei hai zhong xin ke ji you xian,
We sturen je dit bericht om je te laten weten dat je elektronische Factuur Fulfilled by Amazon voor de maand 3 2026 nu beschikbaar is in je Seller Central-account.
Als je toegang wilt krijgen tot je factuur, ga je naar je Seller Central-account > Overzichten > Bibliotheek met belastingdocumenten > Belastingfacturen voor kosten verkoper.
In je Seller Central-account kun je je factuur bekijken, downloaden of afdrukken.
Als je nog vragen hebt, kun je contact opnemen met de Ondersteuning voor verkopers.
Met vriendelijke groeten,
Amazon.com.be
 Monsieur/Madame Shen zhen shi wei hai zhong xin ke ji you xian,
Nous vous écrivons pour vous informer que votre Facture Expédié Par Amazon pour le mois de 3/2026 est maintenant disponible dans votre compte Seller Central.
Pour accéder à votre facture, rendez-vous sur votre compte Seller Central et veuillez accéder à la page Rapports > Bibliothèque d'informations fiscales > Factures des frais du vendeur.
Dans votre compte Seller Central, vous pourrez afficher, télécharger ou imprimer votre facture.
Pour toute question, contactez le Support Vendeur.
Cordialement,
Amazon.com.be",2026-04-26 14:04:12,RETR,xtbBsgkI7WnT2gkoPgAA3h
法务/侵权类,older,account_4,weihaizhongxin2024@126.com,"Mon, 6 Apr 2026 15:55:59 +0000",donotreply@amazon.com,Je Factuur Fulfilled by Amazon Amazon.nl voor 3/2026,,"Beste Shen zhen shi wei hai zhong xin ke ji you xian,
We sturen je dit bericht om je te laten weten dat je elektronische Factuur Fulfilled by Amazon voor de maand 3 2026 nu beschikbaar is in je Seller Central-account.
Als je toegang wilt krijgen tot je factuur, ga je naar je Seller Central-account > Overzichten > Bibliotheek met belastingdocumenten > Belastingfacturen voor kosten verkoper.
In je Seller Central-account kun je je factuur bekijken, downloaden of afdrukken.
Als je nog vragen hebt, kun je contact opnemen met de Ondersteuning voor verkopers.
Met vriendelijke groeten,
Amazon.nl",2026-04-26 14:04:12,RETR,xtbBsxJpT2nT15JndAAA3r
法务/侵权类,older,account_4,weihaizhongxin2024@126.com,"Mon, 6 Apr 2026 15:00:18 +0000",donotreply@amazon.com,"Je Factuur Verkoper Amazon.com.be voor 3/2026 (Votre Facture
 Vendeur Amazon.com.be pour le mois de 3/2026)",,"Beste Shen zhen shi wei hai zhong xin ke ji you xian,
We sturen je dit bericht om je te laten weten dat je elektronische Factuur Verkoper voor de maand 3 2026 nu beschikbaar is in je Seller Central-account.
Als je toegang wilt krijgen tot je factuur, ga je naar je Seller Central-account > Overzichten > Bibliotheek met belastingdocumenten > Belastingfacturen voor kosten verkoper.
In je Seller Central-account kun je je factuur bekijken, downloaden of afdrukken.
Als je nog vragen hebt, kun je contact opnemen met de Ondersteuning voor verkopers.
Met vriendelijke groeten,
Amazon.com.be
 Monsieur/Madame Shen zhen shi wei hai zhong xin ke ji you xian,
Nous vous écrivons pour vous informer que votre Facture Vendeur pour le mois de 3/2026 est maintenant disponible dans votre compte Seller Central.
Pour accéder à votre facture, rendez-vous sur votre compte Seller Central et veuillez accéder à la page Rapports > Bibliothèque d'informations fiscales > Factures des frais du vendeur.
Dans votre compte Seller Central, vous pourrez afficher, télécharger ou imprimer votre facture.
Pour toute question, contactez le Support Vendeur.
Cordialement,
Amazon.com.be",2026-04-26 14:04:10,RETR,xtbBswYjCWnTyobxAgAA3a
法务/侵权类,older,account_4,weihaizhongxin2024@126.com,"Mon, 6 Apr 2026 14:50:20 +0000",donotreply@amazon.com,Ihr Dokument Rechnung Verkäufer von Amazon.de für 3.2026,,"Guten Tag Shen zhen shi wei hai zhong xin ke ji you xian!
Wir möchten Sie darüber informieren, dass Ihr elektronisches Dokument Rechnung Verkäufer für 3.2026 ab sofort in Ihrem Seller Central-Konto verfügbar ist.
Navigieren Sie in Ihrem Seller Central-Konto zu Berichte > Steuerdokumente > Rechnungen über Verkaufsgebühren, um auf Ihr Dokument (Rechnung) zuzugreifen.
In Ihrem Seller Central-Konto können Sie Ihr Dokument (Rechnung) anzeigen, herunterladen oder ausdrucken.
Wenden Sie sich bei weiteren Fragen bitte an die Verkäuferhilfe.
Freundliche Grüße,
Amazon.de",2026-04-26 14:04:10,RETR,xtbBpRCNc2nTyDCeXwAA3I
法务/侵权类,older,account_4,weihaizhongxin2024@126.com,"Mon, 6 Apr 2026 14:43:40 +0000",donotreply@amazon.com,Your Amazon.sa Merchant Invoice for 3/2026 (Amazon.sa فاتورة ضريبة القيمة المضافة (VAT) الخاصة بالتاجر الخاصة بك لشهر 3/2026),,"Dear Shen zhen shi wei hai zhong xin ke ji you xian,
We are writing to inform you that your electronic Merchant Invoice for the month of 3/2026 is now available in your Seller Central Account.
To access your invoice, go to your Seller Central Account > Reports > Tax Document Library > Seller Fee Tax Invoices.
In your Seller Central account, you will be able to view, download or print your invoice.
If you have any questions, please contact Seller Support.
Best regards,
Amazon.sa
 عزيزي Shen zhen shi wei hai zhong xin ke ji you xian،
نراسلك لإبلاغك بأن فاتورة ضريبة القيمة المضافة (VAT) الخاصة بالتاجر الخاص بك لشهر 3/2026 متاح الآن في حساب Seller Central الخاص بك.
للوصول إلى فاتورة الخاص بك، انتقل إلى حساب Seller Central الخاص بك > التقارير > مكتبة المستندات الضريبية > فواتير ضريبة رسم البائع.
في حساب Seller Central الخاص بك، ستتمكن من عرض {documentType}$ الخاص بك أو تنزيله أو طباعته.
إذا كانت لديك أي أسئلة، فالمرجو التواصل مع دعم البائع.
 مع أطيب التحيات،
Amazon.sa",2026-04-26 14:04:09,RETR,xtbBpR8oDmnTxp+RUgAA38
法务/侵权类,older,account_4,weihaizhongxin2024@126.com,"Mon, 06 Apr 2026 01:10:45 +0000",Justin Bangina <justin.bangina@vergleich.org>,"Re: 🏆 German quality seal for ""Roaxkois Schwimmgurt für Pool"" ",,"Hello from Berlin,
I wanted to briefly follow up regarding the Vergleich.org award for your
product “Roaxkois Schwimmgurt für Pool”.
In Germany and the EU, customers usually compare several similar products
before buying. Independent quality seals help them choose, especially when
brands are not yet well known locally.
Brands typically use the Vergleich.org seal on:
  * Amazon.de product pages (images or A+ content)
  * Brand websites and online shops
  * Sales materials for retail and distribution partners
The seal is based on an independent editorial comparison and is only available
for selected, recommended products that are already listed on Vergleich.org.
Would you generally consider using independent German quality seals for
products sold in Germany?
Best regards,
Justin
\--
**Justin Bangina**
Junior Sales Manager B2B
[Hier einen Termin buchen, um mehr über Vergleich.org zu
erfahren!](https://calendly.com/justin-bangina/vgl-vorstellung)
E-Mail: [justin.bangina@vergleich.org](mailto:justin.bangina@vergleich.org)
Telefon: +49 30 83 79 07 04
![](https://closeio-
filepicker.s3.amazonaws.com/2024-06-20%2F7fFa6RzdGpCb8T72iZD05S%2F1718867565153-image.png)
![](https://closeio-
filepi",2026-04-26 14:04:07,RETR,xtbBpB1YPmnTCB16lAAA3e
法务/侵权类,older,account_4,weihaizhongxin2024@126.com,"Sun, 5 Apr 2026 15:20:39 +0000",Assistenza venditori Amazon <merch.service05@amazon.it>,RE:[CASE 12317833332] 其他账户问题,,"尊敬的卖家/供应商：您好！
关于您 ASIN B0CSGBZG8W 购物车的问题，经过审核，我们发现该商品的价格不符合成为推荐商品的条件，因为它似乎过高。
为了解决这个问题，建议您采取以下措施：
- 降低商品价格以符合推荐条件，请访问""定价状况""页面   https://sellercentral-europe.amazon.com/pricing/health   ，并考虑根据提供的参考价设置商品的总价格（商品价格 + 运费）。建议设置价格在22欧元上下。
- 如果您的 ASIN 有商品标价，请确保是最新价格。您提供的商品标价应该代表您、其他零售商或其他卖家最近售出或计划售出大量相关商品时所采用的价格。
- 考虑启用自动定价功能，以便在亚马逊推出各种活动时，例如竞争推荐报价，能自动调整目录中 SKU 的价格，而不必在每次想要更新 SKU 的价格时都手动操作。
- 您可以访问""管理所有库存""页面 https://sellercentral-europe.amazon.com/myinventory/inventory  ，并考虑可用的参考价。如果看不到参考价，请点击""首选项"",然后在""价格""列下选择您的首选参考价并点击""保存更改""。
有关更多信息,请参阅以下帮助页面：
- 定价状况：https://sellercentral-europe.amazon.com/help/hub/reference/GSTH6YN3BR8XNWBW
- 自动定价：https://sellercentral-europe.amazon.com/help/hub/reference/G201994820
根据亚马逊商城公平定价政策，调整价格后，您的商品将有机会获得购物车。
⭐温馨提示⭐：
感谢您的信任与配合！如上所述，当前案件中您的疑问已按照流程处理完毕，在情况无变化的前提下，重新打开此案件通常不会改变处理结果。
如果您有新的疑问，建议您点击下方链接创建新案例，系统将自动分配至对应团队，我们将竭诚为您服务。
 https://sellercentral-europe.amazon.com/help/center?redirectSource=HelpHub
欢迎向亚马逊提交反馈，从而帮助亚马逊改善您的开店体验。
您对我们提供的支持是否满意？
如果是，请单击此处
https://sellercentral-europe.amazon.com/hz/case-dashboard/hmd?p=A3HNDFRW5XHZBR&c=12317833332&k=hy
如果否，请单击此处
https://sellercentral-europe.amazon.com/hz/case-dashboard/hmd?p=A3HNDFRW5XHZBR&c=12317833332&k=hn
La ring",2026-04-26 14:04:07,RETR,xtbBswughmnSfcvaEwAA3a
法务/侵权类,older,account_4,weihaizhongxin2024@126.com,"Sun, 5 Apr 2026 09:59:13 +0000",Assistenza venditori Amazon <merch.service05@amazon.it>,<p>Grazie per aver creato un nuovo caso: -- 12317833332</p>,,"La ringraziamo per aver contattato il Supporto al venditore di Amazon.
Abbiamo aperto un caso riguardo al suo problema. Un membro del nostro team la contatterà appena possibile. Rispondiamo alla maggior parte delle e-mail entro 12 ore.
Per vedere i suoi ordini ed effettuare operazioni a essi relative, come per esempio l'emissione di rimborsi, visiti Seller Central al link: http://sellercentral-europe.amazon.com. Maggiori informazioni su come gestire i prodotti, gli ordini e il suo negozio online sono disponibili nelle pagine di aiuto di Seller Central.
Per contattarci nuovamente riguardo a questo problema utilizzi il modulo di contatto di Seller Central cliccando su questo link:
https://sellercentral-europe.amazon.com/cu/case-dashboard/view-case?caseID=12317833332
Se desidera ricevere aiuto da altri venditori, può visitare il nostro Forum per i venditori a questo link: https://sellercentral.amazon.it/forums/
La preghiamo di non rispondere a questo messaggio. Questa e-mail è stata inviata da un indirizzo che non accetta posta in entrata.",2026-04-26 14:04:06,RETR,xtbBsxW4nmnSMnWxvQAA3w
法务/侵权类,older,account_4,weihaizhongxin2024@126.com,"Thu, 2 Apr 2026 14:57:25 +0000",Amazon Europe <donotreply@amazon.com>,Recargo relacionado con combustible y gastos de logística: Logística de Amazon y Logística Multicanal en la UE,,"96
 A partir del 17 de abril de 2026, se aplicará un recargo por combustible y gastos de logística del 1,5 % a las tarifas de gestión logística de Logística de Amazon. En el caso de Logística Multicanal, este recargo entrará en vigor el 2 de mayo de 2026.
 Hola:
 El aumento de los costes del combustible y logística ha incrementado los gastos operativos en todo el sector. Hasta ahora, hemos podido asimilar este aumento de costes. Sin embargo, al igual que otros transportistas importantes, cuando los costes se mantienen altos, aplicamos recargos temporales a nuestras tarifas de gestión logística para recuperar una parte de estos aumentos de costes.
 A partir del 17 de abril de 2026, se aplicará un recargo por combustible y gastos de logística del 1,5 % a las tarifas de gestión logística de Logística de Amazon del Reino Unido, Francia, Alemania, Italia, España, Polonia, Suecia, Países Bajos, Irlanda y Bélgica. A partir del 2 de mayo de 2026, este mismo recargo entrará en vigor para el servicio de Logística Multicanal en el Reino Unido, Francia, Alemania, Italia y España. Gracias al trabajo que hemos llevado a cabo juntos para reducir los costes, este recargo es considerablemente infer",2026-04-26 14:04:02,RETR,xtbBsxckCmnOg9etugAA3u
法务/侵权类,older,account_4,weihaizhongxin2024@126.com,"Thu, 2 Apr 2026 14:01:37 +0000",Amazon Europe <donotreply@amazon.com>,Dopłata z tytułu kosztów paliwa i logistyki: usługi FBA i MFC w UE,,"96
 Od 17 kwietnia 2026 r. do opłat za realizację w programie „Realizacja przez Amazon” (FBA) zaczynamy doliczać dopłatę w wysokości 1,5% z tytułu kosztów paliwa i logistyki. W przypadku usługi „Realizacja wielokanałowa” (MCF) dopłata ta będzie miała zastosowanie od 2 maja 2026 r.
 Dzień dobry,
 wzrost cen paliwa i transportu przyczynił się do zwiększenia kosztów operacyjnych w całej branży. Do tej pory pokrywaliśmy te zwiększone koszty. Jednak, ponieważ wzrost kosztów się utrzymuje, wprowadzamy tymczasowe dopłaty do opłat za realizację. Celem jest odzyskanie części zwiększonych kosztów rzeczywistych, które ponosimy. Podobne działania podejmują inni najważniejsi przewoźnicy.
 Od 17 kwietnia 2026 r. do opłat za realizację w programie „Realizacja przez Amazon” (FBA) w Zjednoczonym Królestwie, Francji, Niemczech, Włoszech, Hiszpanii, Polsce, Szwecji, Holandii, Irlandii i Belgii zaczynamy doliczać dopłatę w wysokości 1,5% z tytułu kosztów paliwa i logistyki . W przypadku usługi „Realizacja wielokanałowa” (MCF) w Zjednoczonym Królestwie, Francji, Niemczech, Włoszech i Hiszpanii dopłata ta będzie miała zastosowanie od 2 maja 2026 r. Dzięki wspólnym wysiłkom, jakie podjęliśmy już wcześnie",2026-04-26 14:04:00,RETR,xtbBswPbwWnOdsNblgAA31
法务/侵权类,older,account_4,weihaizhongxin2024@126.com,"Wed, 01 Apr 2026 07:28:21 +0000",Justin Bangina <justin.bangina@vergleich.org>,"🏆 German quality seal for ""Roaxkois Schwimmgurt für Pool"" ",,"Hello from Berlin,
My name is Justin and I am writing to you from Berlin on behalf of
Vergleich.org, an independent German product comparison platform.
I am pleased to inform you that your product ""Roaxkois Schwimmgurt für Pool""
has been awarded by our editorial team in the category [Schwimmgurte
Pool](https://www.vergleich.org/schwimmgurt-pool/).
Why this matters for brands selling to Germany and the EU:
  * German customers strongly rely on independent tests and quality seals
  * External trust signals reduce hesitation and support conversion
  * This is especially relevant on marketplaces such as Amazon.de
We offer a licensing option that allows you to use the official Vergleich.org
quality seal for marketing, product pages and online shops.
👉 Would it be helpful if I send you a short overview with examples and the
licensing framework?
Best regards,
Justin
\--
**Justin Bangina**
Junior Sales Manager B2B
[Hier einen Termin buchen, um mehr über Vergleich.org zu
erfahren!](https://calendly.com/justin-bangina/vgl-vorstellung)
E-Mail: [justin.bangina@vergleich.org](mailto:justin.bangina@vergleich.org)
Telefon: +49 30 83 79 07 04
![](https://closeio-
filepicker.s3.amazonaws.com/2024-0",2026-04-26 14:03:58,RETR,xtbBsxwH7GnMyRzdbQAA3E
法务/侵权类,older,account_4,weihaizhongxin2024@126.com,"Wed, 1 Apr 2026 03:11:45 +0000","""donotreply@amazon.com"" <donotreply@amazon.com>",Transparency Invoice/Credit note for 03/2026,,"96
 Dear Customer,
 Please click on the link below to access your Transparency electronic invoice/credit note in the Transparency Portal. If you see an '...
 Dear Customer,
 Please click on the link below to access your Transparency electronic invoice/credit note in the Transparency Portal. If you see an 'Access Denied' error message when you use the link below and are not able to access the invoice/credit note, then please email transparency-support@amazon.com with your profile link (see instructions below).
 [Link to invoice Dashboard]
 Frequently Asked Questions (FAQ)
- I see 'Access Denied' message after logging into the Transparency Portal, what should I do?
- Please log into your Amazon.com account associated with this email address. If you don't have an account, please create one with this email address.
- Go to http://www.amazon.com/profile .
- Copy the URL that was generated in the search bar. The profile link you need to provide will look similar to this: https://www.amazon.com/gp/profile/amzn1.account.XXXXXXXXXXXXXXXXXXXXXXXX
- Create an email to transparency-support@amazon.com , paste the URL that you copied into the body of the email, and click 'Send'.
 We will provide",2026-04-26 14:03:58,RETR,xtbBpRXt02nMjPUddwAA34
法务/侵权类,older,account_4,weihaizhongxin2024@126.com,"Wed, 1 Apr 2026 00:25:14 +0000",Amazon Europe <noreply@sell.amazon.com>,规划您的亚马逊科技周促销活动,,"立即规划您的促销
尊敬的卖家：
通过为您的科技类商品（例如电子产品、无线设备、个人电脑、家电、相机和家庭娱乐）提报Z划算和促销（价格折扣以及优惠券），来为亚马逊科技周做好准备。
请为您的产品提报活动期间的促销。
关键日期
活动日期： 2026年4月22日至28日
Z划算提报截止日期： 2026年4月21日
优惠券和价格折扣提报截止日期： 活动结束前 12 小时
即刻提报您的促销活动 > https://go.amazonsellerservices.com/e/229492/-ld-DC-EM-D406077444-Wk14/7z2jchm/6583961664/h/6uxcmFkGPgqaiTHA6d4NlIB0JroLxxyn8OF7JNqD7Bo
您的 ASIN 推荐清单
以下是为您精选的推荐 ASIN，用于提交至科技周活动。
<div style=""padding: 0 20px; ""><table style=""width:100%; border-collapse:collapse; text-align:center; font-family:Amazon Ember Display, Arial, sans-serif; border:2px solid #868D95; border-radius:10px 10px 0 0; overflow:hidden; ""><thead><tr style=""background-color:#dfdad5;""><th style=""padding:10px; border-right:2px solid #868D95; font-size:14px; letter-spacing:none; line-height:1.2; text-align:center; mso-line-height-alt:1.063em; color:#000000;"">站点</th><th style=""padding:10px; border-right:2px solid #868D95; font-size:14px; letter-spacing:none; line-height:1.2; text-align:center; mso-line-height-alt:1.063em; color:#000000;"">ASIN</th></tr></thead><tbody><tr><td style=""padding:10px; border-top:2px solid #868D95; border-right:2px solid #868D95; font-size:14px; letter-spacing:none; line-height:1.2; text-align:center; mso-",2026-04-26 14:03:57,RETR,xtbBpA8iCGnMZe+AbAAA3C
法务/侵权类,older,account_4,weihaizhongxin2024@126.com,"Tue, 31 Mar 2026 15:17:53 +0000",Amazon Multi-Channel Fulfillment Team <multichannelfulfillment@supplychain.amazon.com>,Third Reminder: Upcoming changes to MCF and Buy with Prime packaging,,"Third Reminder: Upcoming changes to MCF and Buy with Prime packaging
Dear there,
Thank you again for being a valued member of the Amazon Multichannel Fulfillment (MCF) and Buy with Prime community. We are reaching again out to make sure you have seen that starting in April 2026, MCF and Buy with Prime will introduce two updates to how orders are packaged and shipped in the United States:
Packing slips will no longer be included by default.
Items already certified for the Ships in Product Packaging (SIPP) program on Amazon.com will ship without an Amazon overbox by default.
In addition, eligible MCF and Buy with Prime SIPP shipments will receive a discount. See the SIPP for MCF help content for details.
https://www2.amazonsupplychain.com/e/949422/ence-external-GVCFXDFYNCTFLTTQ/61cb1y/1376709412/h/1WNFlb9vThQHSQY7UXRXBztlSOEepEEyvW_3PEnZTWk
Packing slips will no longer be included by default.
Items already certified for the Ships in Product Packaging (SIPP) program on Amazon.com will ship without an Amazon overbox by default.
In addition, eligible MCF and Buy with Prime SIPP shipments will receive a discount. See the SIPP for MCF help content for details.
These updates support Amazon",2026-04-26 14:03:55,RETR,xtbBswTv1WnL5aSY9wAA3B
法务/侵权类,older,account_4,weihaizhongxin2024@126.com,"Mon, 30 Mar 2026 18:08:20 +0000",Fulfillment by Amazon <no-reply@amazon.com>,Tus límites de capacidad de Logística de Amazon para abril,,"96
 Tus límites de capacidad de Logística de Amazon para abril
 Hola:
 Se confirmaron tus límites de capacidad para el próximo periodo.
 Pronóstico de capacidad para el periodo del abr. 1 al 30, a partir del mar. 28:
 Tipo de almacenamiento
 Límite de capacidad total (metros cúbicos)
 Tamaño estándar
 16.42
 Tamaño grande
 21.66
 Para ver tus límites más actualizados, así como los límites de capacidad estimados para los dos meses siguientes, ve a los envíos de Logística de Amazon .
 En la siguiente tabla, se muestra el uso de la capacidad de Logística de Amazon a partir del mar. 27.
 Tipo de almacenamiento
 Uso sin los envíos abiertos incluidos (metros cúbicos)
 Uso con los envíos abiertos incluidos (metros cúbicos)
 Tamaño estándar
 0.00
 0.00
 Tamaño grande
 0.00
 0.00
 Cómo se establecen los límites de capacidad de Logística de Amazon
 Tus límites de capacidad dependen de tu puntuación del índice de desempeño de inventario y otros factores, como las proyecciones de ventas para tus ASIN, la capacidad del centro de distribución y el plazo de entrega de los envíos. Las estimaciones variarán en función de los cambios en tu puntuación del índice de desempeño de inventario y pueden au",2026-04-26 14:03:52,RETR,xtbBpBhCKGnKvBgSpAAA3n
法务/侵权类,older,account_4,weihaizhongxin2024@126.com,"Mon, 30 Mar 2026 15:23:46 +0000","""Amazon.de"" <store-news@amazon.de>",Dein Einkaufswagen wartet,,"https://www.amazon.de/gp/cart/view.html?ref_=cor
Feuerfeste Unterlage, 130 × 80cm Hitzebeständig bis 1800°F Hitzeschutzmatte, Grillmatte, Feuerschutzmatte, Fallschutzmatten Outdoor, Bodenschutzmatte, BBQ Grill Matte für Gasgrill Holzkohlegrill
 18,45 €
https://www.amazon.de/gp/product/B0DRC8LPGS/?ref_=
Einkaufswagen anzeigen
https://www.amazon.de/gp/cart/view.html?ref_=cor
Schaue dir weitere Optionen an
WOCVRYY130x160cm BBQ-Bodenschutzmatte Feuerschalenmatte Gasgrillmatte Unter Fireproof Underlay Wiederverwendbar,Antihaft-Material,Anti-Fall,Leicht zu reinigen und wasserdicht
 22,99 €
https://www.amazon.de/gp/product/B0CQNQ2YY3/?ref_=ci_mcx_mr_2p_0_lm
Alckijy Feuerfeste Unterlage | 100 * 150cm Faltbare Hitzeschutzmatte | Bodenschutzmatte | Grillmatten | Bodenmatte | Grillteppich | Funkenschutzplatte | für BBQ Grills Kaminöfen Boden Rasen usw
 20,15 €
https://www.amazon.de/gp/product/B0CSGBZG8W/?ref_=ci_mcx_mr_2p_1_lm
Weber Grillmatte - Klein (120 x 80cm), schützt Terasse/Balkon vor Fettspritzern oder tropfenden Flüssigkeiten, hitze- &amp; witterungsbeständiges antibakteriellles Material, für alle Grills (17897)
 -19 % 25,20 € UVP: 31,08 €
https://www.amazon.de/gp/product/B07ZCJHJQK/",2026-04-26 14:03:51,RETR,xtbBsguUemnKlYsqFQAA3V
法务/侵权类,older,account_4,weihaizhongxin2024@126.com,"Sat, 28 Mar 2026 15:19:12 +0000",Amazon Services <donotreply@amazon.com>,Pagamento elaborato con successo,,"96
This title will display on mobile devices
 Congratulazioni. Il pagamento è stato elaborato con successo e ti sarà accreditato a breve.
 Tentativo di pagamento
Congratulazioni Weihai EU! Il pagamento è stato elaborato con successo e ti sarà accreditato nel giro di da tre a cinque giorni.
In data 03/28/26 15:19 CET, abbiamo avviato un trasferimento sul tuo metodo di pagamento (conto bancario che termina con 229) dell’importo di €
 217,83.
 Se l’importo è inferiore a quanto atteso, tieni in considerazione le seguenti domande:
 Hai un saldo non disponibile? Amazon potrebbe trattenere una certa somma per coprire i costi di eventuali resi, reclami o contestazioni di una transazione (chargeback) da parte degli acquirenti. In questo caso, il saldo finale nel tuo report sui pagamenti mostrerà il saldo non disponibile corrispondente alla cifra trattenuta.
 Le tue vendite coprono tutte le commissioni e i resi per questo ciclo di fatturazione? L’importo del pagamento rispecchia le attività di vendita, le commissioni di vendita e le tariffe per promozioni o servizi. Ti consigliamo di rivedere il report sui pagamenti nella scheda Report di Seller Central per comprendere le diverse spese che p",2026-04-26 14:03:48,RETR,xtbBpBXly2nH8XVjHgAA3I
法务/侵权类,older,account_4,weihaizhongxin2024@126.com,"Fri, 27 Mar 2026 13:18:58 +0000",Amazon Services <donotreply@amazon.com>,Przesyłanie dokumentacji dotyczącej bezpieczeństwa produktu w celu ponownego aktywowania ofert,,"96
 Przesyłanie dokumentacji dotyczącej bezpieczeństwa produktu w celu ponownego aktywowania ofert
 Dzień dobry Weihai EU,
 niektóre z Twoich ofert zostały zdezaktywowane z powodu niespełnienia obowiązków dotyczących zgodności wystawianych przez Ciebie produktów z wymogami. Poniżej znajdziesz szczegółowe informacje oraz dalsze instrukcje. Oferty produktów, których dotyczy problem, wskazano na końcu niniejszej wiadomości e-mail.
 Dlaczego tak się stało?
 Podjęliśmy to działanie, ponieważ w przypadku tych produktów nie dostarczono obowiązkowych informacji dotyczących zgodności z wymogami. Więcej informacji na temat mających zastosowanie przepisów ustawowych i wykonawczych oraz zasad Amazon znajdziesz na stronie Bezpieczeństwo i zgodność produktu z wymogami . Do identyfikacji problemu i podjęcia decyzji wykorzystaliśmy zautomatyzowane narzędzia, a otrzymane za ich pomocą wyniki poddaliśmy weryfikacji przez eksperta.
 Informacje na temat wymogów dotyczących zgodności dla poszczególnych produktów znajdziesz w tabeli na końcu tej wiadomości e-mail.
 Jak mogę ponownie aktywować oferty?
 Aby dostarczyć niezbędne informacje dotyczące zgodności z wymogami, przejdź do panelu Kondycja konta i ",2026-04-26 14:03:46,RETR,xtbBpQQeBGnGg8Qu3gAA3j
法务/侵权类,older,account_4,weihaizhongxin2024@126.com,"Fri, 27 Mar 2026 13:14:09 +0000",Amazon Services <donotreply@amazon.com>,"Invia la documentazione sulla sicurezza del prodotto per riattivare
 le offerte",,"96
 Invia la documentazione sulla sicurezza del prodotto per riattivare le offerte
 Gentile Weihai EU,
 Alcune delle tue offerte sono state disattivate a causa della mancanza di alcuni requisiti di conformità obbligatori per i tuoi prodotti. Rivedi i dettagli e i passi successivi riportati di seguito. Puoi visualizzare le offerte interessate in fondo a questa e-mail.
 Ciò a cosa è dovuto?
 Abbiamo intrapreso questo provvedimento in quanto i tuoi prodotti non dispongono delle informazioni obbligatorie sulla conformità. Consulta la pagina di aiuto Sicurezza e conformità dei prodotti per informazioni sulle leggi, le normative e le politiche di Amazon applicabili. Questa decisione è stata presa sulla base dei risultati di un'analisi effettuata in parte tramite revisione umana e in parte per mezzo di sistemi automatizzati.
 La tabella alla fine di questa e-mail contiene i requisiti di conformità specifici per i prodotti.
 Come faccio a riattivare le mie offerte?
 Per fornire le informazioni di conformità richieste, vai alla pagina Stato dell'account per individuare le richieste di conformità dei prodotti:
-
 Se disponi della documentazione richiesta, segui le istruzioni per inviare i do",2026-04-26 14:03:45,RETR,xtbBsgXVu2nGgqUv7AAA3S
法务/侵权类,older,account_4,weihaizhongxin2024@126.com,"Fri, 27 Mar 2026 13:14:05 +0000",Amazon Services <donotreply@amazon.com>,Skicka in produktsäkerhetsdokumentation för att återaktivera produktposter,,"96
 Skicka in produktsäkerhetsdokumentation för att återaktivera produktposter
 Hej Weihai EU!
 Vissa av dina produktposter har inaktiverats på grund av att det saknas obligatorisk överensstämmelse för dina produkter. Granska informationen och följande steg nedan. De berörda produktposterna visas i slutet av det här e-postmeddelandet.
 Varför händer det här?
 Vi vidtar den här åtgärden eftersom det saknas obligatorisk information om överensstämmelse för de här produkterna. Läs vår hjälpsida för Produktsäkerhet och -överensstämmelse för information om tillämpliga lagar, förordningar och Amazons policyer. Vi har använt oss av både automatiserade metoder och mänskliga expertgranskare för att identifiera problemet och fatta det här beslutet.
 Tabellen i slutet av detta e-postmeddelande innehåller produktspecifika krav för överensstämmelse.
 Hur återaktiverar jag mina produktposter?
 Om du vill tillhandahålla den begärda överensstämmelseinformationen går du till sidan Kontostatus och letar upp begäranden om produktöverensstämmelse:
-
 Om du har den obligatoriska dokumentationen ska du skicka in dina överensstämmelsedokument enligt instruktionerna. Vi återaktiverar endast produkter som u",2026-04-26 14:03:45,RETR,xtbBswHUumnGgqEuQgAA38
法务/侵权类,older,account_4,weihaizhongxin2024@126.com,"Fri, 27 Mar 2026 13:10:09 +0000",Amazon Services <donotreply@amazon.com>,Soumettre la documentation de sécurité des produits pour réactiver les mises en vente,,"96
 Soumettre la documentation de sécurité des produits pour réactiver les mises en vente
 Bonjour Weihai EU,
 Certaines de vos mises en vente ont été désactivées, car vos produits ne respectaient pas des exigences de conformité obligatoires. Consultez les détails et les étapes suivantes ci-dessous. Les produits mis en vente concernés figurent à la fin de cet e-mail.
 Pourquoi cela se produit-il ?
 Nous prenons cette mesure, car ces produits ne présentent pas les informations de conformité obligatoires. Consultez notre page d’aide Sécurité et conformité des produits pour obtenir des informations sur les lois, réglementations et politiques Amazon applicables. Nous nous sommes appuyés sur une combinaison de moyens automatisés et de contrôles menés par des personnes expérimentées pour identifier ce problème et prendre cette décision.
 Le tableau situé à la fin de cet e-mail présente les exigences de conformité spécifiques aux produits.
 Comment réactiver mes produits mis en vente ?
 Pour fournir les informations de conformité requises, accédez à la page État du compte et localisez les demandes de conformité des produits :
-
 Si vous disposez des documents requis, suivez les instructio",2026-04-26 14:03:44,RETR,xtbBpBWZf2nGgbUdZAAA31
法务/侵权类,older,account_4,weihaizhongxin2024@126.com,"Fri, 27 Mar 2026 12:23:28 +0000",Amazon Services <donotreply@amazon.com>,Presenta la documentación sobre seguridad del producto para reactivar los listings,,"96
 Presenta la documentación sobre seguridad del producto para reactivar los listings
 Hola, Weihai EU:
 Algunos de tus listings se han desactivado debido a que tus productos no cumplen los requisitos obligatorios. Revisa a continuación los detalles y siguientes pasos. Los listings afectados aparecen al final de este correo electrónico.
 ¿A qué se debe esto?
 Tomamos esta medida porque a estos productos les falta información de cumplimiento normativo obligatoria. Para más información sobre las leyes, normativas y políticas de Amazon aplicables, consulta Cumplimiento y seguridad de los productos . Hemos usado una combinación de medios automatizados y revisión humana experta para identificar la incidencia y tomar una decisión.
 En la tabla que aparece al final de este correo electrónico se proporcionan los requisitos de cumplimiento normativo específicos del producto.
 ¿Cómo puedo reactivar mis listings?
 Para proporcionar la información de cumplimiento normativo obligatoria, ve a la página Estado de la cuenta y localiza las solicitudes de cumplimiento normativo del producto:
-
 Si dispones de la documentación obligatoria, sigue las instrucciones para presentar los documentos de cum",2026-04-26 14:03:43,RETR,xtbBpQTawGnGdsTB5AAA3D
法务/侵权类,older,account_4,weihaizhongxin2024@126.com,"Fri, 27 Mar 2026 12:18:15 +0000",Amazon Services <donotreply@amazon.com>,"Dien productveiligheidsdocumentatie in om productvermeldingen
 opnieuw te activeren",,"96
 Dien productveiligheidsdocumentatie in om productvermeldingen opnieuw te activeren
 Hallo Weihai EU,
 Sommige van je productvermeldingen zijn gedeactiveerd omdat er verplichte nalevingsvereisten voor je producten ontbreken. Bekijk de gegevens en de stappen hieronder. De betreffende productvermeldingen worden aan het einde van deze e-mail weergegeven.
 Waarom gebeurt dit?
 We hebben deze actie ondernomen omdat voor deze producten verplichte nalevingsinformatie ontbreekt. Raadpleeg onze hulp-pagina Productveiligheid en -conformiteit voor informatie over de toepasselijke wet- en regelgeving en het Amazon-beleid. We hebben gebruikgemaakt van een combinatie van geautomatiseerde middelen en deskundige menselijke beoordeling om dit probleem te identificeren en deze beslissing te nemen.
 De tabel aan het einde van deze e-mail bevat productspecifieke nalevingsvereisten.
 Hoe activeer ik mijn productvermeldingen opnieuw?
 Als je de vereiste nalevingsgegevens wilt verstrekken, ga je naar de pagina Accountstatus en zoek je de aanvragen voor productconformiteit:
-
 Als je over de vereiste documentatie beschikt, volg je de instructies om je nalevingsdocumenten in te dienen. We zullen alleen ",2026-04-26 14:03:42,RETR,xtbBswmLcWnGdYnC9QAA3k
法务/侵权类,older,account_4,weihaizhongxin2024@126.com,"Fri, 27 Mar 2026 11:10:19 +0000",Gabriel Martins <notifications@insgly.net>,Worten Marketplace - Portugal y España,,"Hola Weihai EU,
Soy Gabriel Martins, Business Developer en Worten worten.pt / worten.es , el mayor marketplace de Portugal.
Nuestro equipo de análisis ha señalado que una asociación con usted sería una gran oportunidad para ambos.
¿Estaría disponible para una reunión online esta semana?
Acerca de Worten - Somos el líder del mercado portugués:
- Nº 1 del comercio electrónico portugués
- Sitio web con mayor tráfico de Portugal (más de 10 millones de visitas al mes) - Ranking de mercado
- Más de 200 tiendas físicas en Portugal y España, proporcionando una oportunidad omnicanal
- Plataforma de gestión: Mirakl (se puede integrar manualmente o vía API)
- Sin costes iniciales - 6 meses
Estaré encantado de ayudarle si tiene alguna pregunta.
Muchas gracias,
Saludos Cordiales",2026-04-26 14:03:42,RETR,xtbBpQCNc2nGZaAongAA3H
法务/侵权类,older,account_4,weihaizhongxin2024@126.com,"Thu, 26 Mar 2026 17:28:37 +0000",Amazon Services <donotreply@amazon.com>,Raport podatkowy dla Chin za okres od października do grudnia 2025 r.,,"96
 Przesłaliśmy Twój kwartalny raport podatkowy chińskiemu urzędowi skarbowemu. Możesz teraz pobrać raport do wglądu.
 Dzień dobry,
 zgodnie z zasadami dotyczącymi sklepów internetowych wydanymi przez Radę Państwa Chin (dekret nr 810) jesteśmy zobowiązani do przekazywania informacji o sprzedawcach z siedzibą w Chinach tamtejszemu organowi podatkowemu w cyklach kwartalnych.
 Przesłaliśmy Twój kwartalny raport podatkowy za okres od października do grudnia 2025 r., który zawiera Twoje dane identyfikacyjne, liczbę transakcji, przychody oraz prowizje i opłaty za usługi.
 Pobierz swój kwartalny raport (link aktywny przez siedem dni)
Raport jest przeznaczony wyłącznie do wglądu, nie jest wymagane żadne działanie.
 Na podstawie Twojej opinii udostępniliśmy też bardziej szczegółowy raport na poziomie zamówienia, który przedstawia informacje kwartalne z podziałem na transakcje.
 Pobierz raport na poziomie zamówienia (link aktywny przez siedem dni)
Uwaga: mogą wystąpić różnice między danymi w tych raportach a raportem o płatnościach i raportem Amazon o transakcjach podlegających VAT. Każdy raport korzysta z odrębnej metodologii i służy do innego celu.
 Będziemy Ci nadal przekazywać kwartalne",2026-04-26 14:03:40,RETR,xtbBswkZ-mnFbMmgyQAA39
货件/库存类,older,account_4,weihaizhongxin2024@126.com,"Sat, 18 Apr 2026 04:00:50 +0000",Fulfilment by Amazon <donotreply@amazon.com>,Create FBA removal order by 2026-04-30,,"96
Automated removals of unfulfillable inventory
 Required removals: First notification
 Required removals: First notification
 Hello,
Your FBA inventory listed below became unsellable in the past seven days. You must create a removal order by 2026-04-30 or these items will be disposed of. Removal fees will apply. Review the affected items and next steps below.
Unsellable products:
- FNSKU: X0025OEJ4F Quantity: 1
- FNSKU: X002A05YW5 Quantity: 2
 Why is this happening?
This action is required because these items are no longer in sellable condition in our fulfilment centres. According to our FBA Required Removals policy, all unsuitable units must be removed within 14 days of notification. To learn more, go to our FBA Required Removals policy .
We leveraged a combination of automated means to identify this issue and make this decision.
 How do I address this?
Follow these steps to manage your unsellable inventory:
- Check your complete list and quantity of unsellable items in the Manage FBA inventory .
- Create a removal order (removal fees apply) by following the instructions in Remove inventory overview .
 To avoid future manual inventory removal orders, set up Automated Unfulfillab",2026-04-26 14:04:57,RETR,xtbBshbQtmnjAfYLmQAA3t
货件/库存类,older,account_4,weihaizhongxin2024@126.com,"Sat, 18 Apr 2026 03:30:46 +0000",Fulfilment by Amazon <donotreply@amazon.com>,Disposal order created for unsellable FBA inventory,,"96
Automated Removals of Unfulfillable Inventory
 Final notice: Disposal order for your unfulfillable FBA inventory
 Final notice: Disposal order for your unfulfillable FBA inventory
 Hello,
You have unfulfillable inventory that has been in a fulfilment centre for more than 14 days. We have created a disposal order for these items.
 Why is this happening?
This action is required because these unfulfillable items have remained in our fulfilment centres for more than 14 days after notification. According to our FBA Required Removals policy, cancelling a required removal order is not permitted. To learn more, visit our FBA Required Removals policy .
 Removal order ID:
- 8O0kSGupQP
 Unsellable Products:
- FNSKU: X002A05YW5 Quantity: 1
 For more information about the disposal order process, see Remove inventory from a fulfilment centre .
 To monitor your unfulfillable inventory, see the Manage FBA Inventory for total unsellable quantities or the Recommended Removal report for unsellable and aged inventory details.
 The Fulfilment by Amazon Team
 Report an issue with this email
 If you have any questions visit: Seller Central
 To change your email preferences visit: Notification Preferen",2026-04-26 14:04:56,RETR,xtbBsgkM8Wni+unbCwAA3O
货件/库存类,older,account_4,weihaizhongxin2024@126.com,"Tue, 14 Apr 2026 18:58:06 +0000",Fulfilment by Amazon <donotreply@amazon.com>,Create FBA removal order by 2026-04-23,,"96
Automated removals of unfulfillable inventory
 Required removals: First notification
 Required removals: First notification
 Hello,
Your FBA inventory listed below became unsellable in the past seven days. You must create a removal order by 2026-04-23 or these items will be disposed of. Removal fees will apply. Review the affected items and next steps below.
Unsellable products:
- FNSKU: B0DRCC2H56 Quantity: 1
 Why is this happening?
This action is required because these items are no longer in sellable condition in our fulfilment centres. According to our FBA Required Removals policy, all unsuitable units must be removed within 14 days of notification. To learn more, go to our FBA Required Removals policy .
We leveraged a combination of automated means to identify this issue and make this decision.
 How do I address this?
Follow these steps to manage your unsellable inventory:
- Check your complete list and quantity of unsellable items in the Manage FBA inventory .
- Create a removal order (removal fees apply) by following the instructions in Remove inventory overview .
 To avoid future manual inventory removal orders, set up Automated Unfulfillable Removals function in your FBA",2026-04-26 14:04:47,RETR,xtbBpALFq2nejkKPuQAA3F
货件/库存类,older,account_4,weihaizhongxin2024@126.com,"Tue, 14 Apr 2026 18:27:29 +0000",Fulfilment by Amazon <donotreply@amazon.com>,Disposal order created for unsellable FBA inventory,,"96
Automated Removals of Unfulfillable Inventory
 Final notice: Disposal order for your unfulfillable FBA inventory
 Final notice: Disposal order for your unfulfillable FBA inventory
 Hello,
You have unfulfillable inventory that has been in a fulfilment centre for more than 14 days. We have created a disposal order for these items.
 Why is this happening?
This action is required because these unfulfillable items have remained in our fulfilment centres for more than 14 days after notification. According to our FBA Required Removals policy, cancelling a required removal order is not permitted. To learn more, visit our FBA Required Removals policy .
 Removal order ID:
- G0pQwXa92J
 Unsellable Products:
- FNSKU: X002A05YW5 Quantity: 1
 For more information about the disposal order process, see Remove inventory from a fulfilment centre .
 To monitor your unfulfillable inventory, see the Manage FBA Inventory for total unsellable quantities or the Recommended Removal report for unsellable and aged inventory details.
 The Fulfilment by Amazon Team
 Report an issue with this email
 If you have any questions visit: Seller Central
 To change your email preferences visit: Notification Preferen",2026-04-26 14:04:47,RETR,xtbBpBT43mnehxRUoQAA3H
货件/库存类,older,account_4,weihaizhongxin2024@126.com,"Mon, 6 Apr 2026 22:48:38 +0000",Fulfilment by Amazon <donotreply@amazon.com>,"Remove aged, stranded and unfulfillable inventory by April 30",,"96
 Take action now to avoid automatic removal of your Fulfilment by Amazon inventory.
 Hello,
 Starting from April 30, 2026, your Fulfilment by Amazon (FBA) inventory that’s been stored over 270 days (aged), stranded over 60 days or unfulfillable over 14 days will be removed from our UK and EU fulfilment centres to free up capacity in our network.
 If you don’t complete one of the following actions by April 30, 2026, we may automatically dispose, donate, liquidate or return your inventory.
- For aged inventory (270+ days): Review your at-risk inventory in FBA inventory , then go to Automated fulfillable settings in Seller Central settings and choose a removal option: Disable, return (processing may take up to 90 days) or dispose (liquidation is available for eligible inventory). If you choose Disable, we will not remove your aged inventory.
- For unfulfillable inventory: Go to Remove unfulfillable inventory and create a removal order.
- For stranded inventory: Go to Fix stranded inventory and create a removal order or select “Edit automatic action settings” to configure your removal preferences. Note: If you’ve created a return order for FBA inventory in last six months, we’ll att",2026-04-26 14:04:19,RETR,xtbBpAqvlWnUOEoBTgAA3U
货件/库存类,older,account_4,weihaizhongxin2024@126.com,"Fri, 27 Mar 2026 09:57:24 +0000",Fulfilment by Amazon <donotreply@amazon.com>,Create FBA removal order by 2026-04-09,,"96
Automated removals of unfulfillable inventory
 Required removals: First notification
 Required removals: First notification
 Hello,
Your FBA inventory listed below became unsellable in the past seven days. You must create a removal order by 2026-04-09 or these items will be disposed of. Removal fees will apply. Review the affected items and next steps below.
Unsellable products:
- FNSKU: X002A05YW5 Quantity: 2
 Why is this happening?
This action is required because these items are no longer in sellable condition in our fulfilment centres. According to our FBA Required Removals policy, all unsuitable units must be removed within 14 days of notification. To learn more, go to our FBA Required Removals policy .
We leveraged a combination of automated means to identify this issue and make this decision.
 How do I address this?
Follow these steps to manage your unsellable inventory:
- Check your complete list and quantity of unsellable items in the Manage FBA inventory .
- Create a removal order (removal fees apply) by following the instructions in Remove inventory overview .
 To avoid future manual inventory removal orders, set up Automated Unfulfillable Removals function in your FBA",2026-04-26 14:03:42,RETR,xtbBpQhDKWnGVIietQAA3f
货件/库存类,older,account_4,weihaizhongxin2024@126.com,"Fri, 27 Mar 2026 09:55:39 +0000",Fulfilment by Amazon <donotreply@amazon.com>,Disposal order created for unsellable FBA inventory,,"96
Automated Removals of Unfulfillable Inventory
 Final notice: Disposal order for your unfulfillable FBA inventory
 Final notice: Disposal order for your unfulfillable FBA inventory
 Hello,
You have unfulfillable inventory that has been in a fulfilment centre for more than 14 days. We have created a disposal order for these items.
 Why is this happening?
This action is required because these unfulfillable items have remained in our fulfilment centres for more than 14 days after notification. According to our FBA Required Removals policy, cancelling a required removal order is not permitted. To learn more, visit our FBA Required Removals policy .
 Removal order ID:
- CQhO1/+c38
 Unsellable Products:
- FNSKU: X002C14R1B Quantity: 1
 For more information about the disposal order process, see Remove inventory from a fulfilment centre .
 To monitor your unfulfillable inventory, see the Manage FBA Inventory for total unsellable quantities or the Recommended Removal report for unsellable and aged inventory details.
 The Fulfilment by Amazon Team
 Report an issue with this email
 If you have any questions visit: Seller Central
 To change your email preferences visit: Notification Preferen",2026-04-26 14:03:41,RETR,xtbBpR4oDmnGVB6b4wAA3A
其他风险类,older,account_4,weihaizhongxin2024@126.com,"Sat, 18 Apr 2026 11:41:39 +0800 (GMT+08:00)",GTTC国际业务部玩具组 <gttctoy@cngttc.cn>,AMAZON DV TIC TRF ID--Top urgently,,"Dear Vendor,        Some of your TR numbers on Amazon have been pending in our backend for a long time without timely processing. We plan to automatically clear all unresponded TR numbers in our system two days later.
If you have any TR numbers that require sample submission for testing, please reply to this email and send us the corresponding TR numbers within two days, and contact our relevant customer service within one week to arrange sample submission.
 For orders tested at third-party cooperative institutions, please promptly contact the person in charge of your institution and ask them to send the relevant TR numbers to us as soon as possible for registration and processing.   If need, pls Contact us @ below : 1.Mr.Zhang (张豪林） Mobile: +86 17363401067 Wechat code:
2. Lisa Li (李桂珍) Mobile: +86 13760771124 phone No: 020-6634 8679 Email: lisalee@gttc.net.cn Best Regards, Apollo Luo罗武波 Mobile: +86 13580360968 Phone: 020-6634 8593 Email: apolloluo@gttc.net.cn",2026-04-26 14:04:56,RETR,xtbBpRiwlmni-XjhxgAA3y
其他风险类,older,account_4,weihaizhongxin2024@126.com,"Fri, 17 Apr 2026 02:18:44 +0000","""fba-3p-buyability-improvement-ca@amazon.com"" <fba-3p-buyability-improvement-ca@amazon.com>",[Action Required] – Update Inventory -FBA,,"Dear Seller,
This is an email regarding FBA Offers for your Amazon Seller account. We are contacting you to let you know that you could be missing out on sales opportunities because of low/missing inventory for your ASIN offers in the attached sheet.
We recommend that you inbound additional inventory for your products immediately. To view the recommended replenishment quantity for these ASINs, go to “Restock inventory”:
https://sellercentral.amazon.ca/restockinventory/recommendations
Here is a sample of your high selling FBA ASINs, which are considered low in stock at the moment:
B0DMFL5X12
You can download the full list of your ASIN at risk of out of stock at the following link:  https://www.sellercentral.amazon.ca/reportcentral/RestockReport/1
For more information about Restock tool, you can visit this help page - https://sellercentral.amazon.ca/gp/help/G201634550
If you need further help, please raise a case via contact us. - https://sellercentral.amazon.ca/cu/contact-us?ref=xx_ContactUs_xxxx_helphub
If you are not the correct point of contact, please re-direct this report to the correct point of contact.
If you wish to unsubscribe please REPLY ALL with the subject line ‘Unsubsc",2026-04-26 14:04:52,RETR,xtbBpAgbAWnhmIiUfAAA3G
其他风险类,older,account_4,weihaizhongxin2024@126.com,"Fri, 10 Apr 2026 14:20:37 +0000",Amazon Europe <noreply@sell.amazon.com>,Get discounts up to €500 per shipment by expanding to Europe!,,"[Amazon logo](https://go.amazonsellerservices.com/e/229492/-logo/7z2qvdy/6598918207/h/oQJ3hcZAc232rnIjbHrMLH2dvtBVfEq_dAzSA60S8Es)
C2S2 PCP Pallet Limited Time Promotion
Dear Selling Partner,
Ready to unlock European growth? Join Customs Clearance and Shipping Service (C2S2) PCP Pallets and get an unbeatable launch package: up to €240 in transportation fee reimbursements per shipment during our Spring Promotion (April 10 - June 30, 2026), PLUS 1 year of free Indirect Representation (IR) worth €200, PLUS your first shipment worth €60 completely free.
It's the perfect time to start shipping cross-border with confidence. Join for free to the PCP-AVASK Pallet solution today.
[Enroll now with AVASK](https://go.amazonsellerservices.com/e/229492/jfe-form-SV-cA1EXJ0WHz20OFg/7z2qvf2/6598918207/h/oQJ3hcZAc232rnIjbHrMLH2dvtBVfEq_dAzSA60S8Es)
- Automatic tracking: No claims process - we track your shipments automatically
- Check full [terms and conditions here](https://go.amazonsellerservices.com/e/229492/-C2S2-LTL-Q2-Promotion-TCs-pdf/7z2qvf5/6598918207/h/oQJ3hcZAc232rnIjbHrMLH2dvtBVfEq_dAzSA60S8Es)
Offer Details:
Pallets per Shipment                               Your Savings
1-5 pallets    ",2026-04-26 14:04:40,RETR,xtbBpRighmnZBzjbgQAA3O
其他风险类,older,account_4,weihaizhongxin2024@126.com,"Thu, 9 Apr 2026 11:27:28 +0000",Amazon Services <donotreply@amazon.com>,FBA removal and disposal fees to be charged as units are processed,,"96
 FBA removal and disposal fees will now be charged on a per-unit basis at the time each unit is removed or disposed of.
 Hello,
 Effective May 1, 2026, Fulfillment by Amazon (FBA) removal and disposal fees will be charged on a per-unit basis at the time each unit is removed or disposed of. This update is in line with industry standards and gives you more visibility into your removal and disposal activities.
 This change only affects when you are charged. The fee rates for removal and disposal fees remain unchanged. Previously, these fees were charged once the entire removal or disposal order was completed.
 No action is required from you. This change will apply automatically to new removal and disposal orders created on or after May 1.
 To review your removal and disposal shipment level charges and when units are removed, go to Transaction view .
 For more information, go to FBA Removal and Disposal fee updates .
 The Amazon Europe team
 Report an issue with this email
 If you have any questions visit: Seller Central
 To change your email preferences visit: Notification Preferences
 Copyright 2026 Amazon, Inc, or its affiliates. All rights reserved.
 Amazon EU S.à r.l.
38 avenue",2026-04-26 14:04:31,RETR,xtbBpAO7oWnXjSPHyAAA3i
其他风险类,older,account_4,weihaizhongxin2024@126.com,"Thu, 9 Apr 2026 10:52:42 +0000",Amazon Services Europe <donotreply@amazon.com>,FBA removal and disposal fees to be charged as units are processed,,"96
 FBA removal and disposal fees will now be charged on a per-unit basis at the time that each unit is removed or disposed of.
 Hello,
 Effective as of May 1, 2026, Fulfilment by Amazon (FBA) removal and disposal fees will be charged on a per-unit basis at the time that each unit is removed or disposed of. This update is in line with industry standards and gives you more visibility into your removal and disposal activities.
 This change only affects when you are charged. The fee rates for removal and disposal fees remain unchanged. Previously, these fees were charged once the entire removal or disposal order was completed.
 No action is required from you. This change will apply automatically to new removal and disposal orders created on or after May 1.
 To review your removal and disposal shipment-level charges and when units are removed, go to Transaction view .
 For more information, go to FBA removal and disposal fee updates .
 The Amazon Europe team
 Report an issue with this email
 If you have any questions visit: Seller Central
 To change your email preferences visit: Notification Preferences
 Copyright 2026 Amazon, Inc, or its affiliates. All rights reserved.
 Amazon EU S.à",2026-04-26 14:04:31,RETR,xtbBpBuvlWnXhPt2dQAA3H
其他风险类,older,account_4,weihaizhongxin2024@126.com,"Tue, 7 Apr 2026 09:23:39 +0000",Amazon Europe <donotreply@amazon.com>,Update to FBA item package dimensions,,"Update to FBA item package dimensions
 96
 Starting May 5, 2026, we'll update the way we collect Fulfilment by Amazon (FBA) item package dimensions for products listed in our UK, France, Italy and Spain stores.
                                                     ‍͏  ͏  ‍͏  ͏  ‍͏  ͏  ‍͏  ͏  ‍͏  ͏  ‍͏  ͏  ‍͏  ͏  ‍͏  ͏  ‍͏  ͏  ‍͏  ͏  ‍͏  ͏  ‍͏  ͏  ‍͏  ͏  ‍͏  ͏  ‍͏  ͏  ‍͏  ͏  ‍͏  ͏  ‍͏  ͏  ‍͏  ͏  ‍͏  ͏  ‍͏  ͏  ‍͏  ͏  ‍͏  ͏  ‍͏  ͏  ‍͏  ͏  ‍͏  ͏  ‍͏  ͏  ‍͏  ͏  ‍͏  ͏  ‍͏  ͏  ‍͏  ͏  ‍͏  ͏  ‍͏  ͏  ‍͏  ͏  ‍͏  ͏  ‍͏  ͏  ‍͏  ͏  ‍͏  ͏  ‍͏  ͏ ͏‌ ­ ­ ­ ­ ͏‌ ­ ­ ­ ­ ͏‌ ­ ­ ­ ­ ͏‌ ­ ­ ­ ­ ͏‌ ­ ­ ­ ­ ͏‌ ­ ­ ­ ­ ͏‌ ­ ­ ­ ­ ͏‌ ­ ­ ­ ­ ͏‌ ­ ­ ­ ­ ͏‌ ­ ­ ­ ­ ͏‌ ­ ­ ­ ­ ͏‌ ­ ­ ­ ­ ͏‌ ­ ­ ­ ­ ͏‌ ­ ­ ­ ­ ͏‌ ­ ­ ­ ­ ͏‌ ­ ­ ­ ­ ͏‌ ­ ­ ­ ­ ͏‌ ­ ­ ­ ­ ͏‌ ­ ­ ­ ­ ͏‌ ­ ­ ­ ­ ͏‌ ­ ­ ­ ­ ͏‌ ­ ­ ­ ­ ͏‌ ­ ­ ­ ­ ͏‌ ­ ­ ­ ­ ͏‌ ­ ­ ­ ­ ͏‌ ­ ­ ­ ­ ͏‌ ­ ­ ­ ­ ͏‌ ­ ­ ­ ­ ͏‌ ­ ­ ­ ­ ͏‌ ­ ­ ­ ­ ͏‌ ­ ­ ­ ­ ͏‌ ­ ­ ­ ­ ͏‌ ­ ­ ­ ­ ͏‌ ­ ­ ­ ­ ͏‌ ­ ­ ­ ­ ͏‌ ­ ­ ­ ­ ͏‌ ­ ­ ­ ­ ͏‌ ­ ­ ­ ­ ͏‌ ­ ­ ­ ­ ͏‌ ­ ­ ­ ­ ͏‌ ­ ­ ­ ­ ͏‌ ­ ­ ­ ­ ͏‌ ­ ­ ­ ­ ͏‌ ­ ­ ­ ­ ͏‌ ­ ­ ­ ­ ͏‌ ­ ­ ­ ­ ͏‌ ­ ­ ­ ­ ͏‌ ­ ­ ­ ­ ͏‌ ­ ­ ­ ­ ͏‌ ­ ­ ­ ­ ͏‌ ­ ­ ­ ­ ͏‌ ­ ­ ­ ­ ͏‌ ­ ­ ­ ­ ͏‌ ­ ­ ­ ­ ͏‌ ­ ­ ­ ­ ͏‌ ­ ­ ­ ­ ͏‌ ­ ­ ­ ­ ͏‌ ­ ­ ­ ­ ͏‌ ­ ­ ­ ­ ͏‌ ­ ­ ­ ­ ͏‌ ­",2026-04-26 14:04:22,RETR,xtbBpB0K72nUzR35xwAA3P
其他风险类,older,account_4,weihaizhongxin2024@126.com,"Fri, 3 Apr 2026 09:46:59 +0000",Amazon Europe <donotreply@amazon.com>,C2S2 RXO Partner Broker fees increasing in May 2026,,"Amazon Services
 96
 C2S2 RXO Partner Broker fees increasing in May 2026
 Dear Selling Partner,
 We are writing to inform you of an upcoming change to the RXO Partner Broker brokerage fee for the
 Customs Clearance and Shipping Services (C2S2) , effective 1 May 2026 .
 What is changing?
 Starting 1 May 2026, RXO’s per-shipment brokerage fee will change from €60 to €180 for SPD and €110 to €130 for FTL shipments, to reflect changes in broker service requirements. We will continue to extend our new sign-up offer on RXO, which provides your first shipment brokerage fee and indirect representation free for the first year when you join C2S2. We understand that this change represents an increase in per-shipment costs for sellers enrolled with RXO, and we appreciate your continued partnership.
 What does this mean for you?
-
 If you are an existing seller , from 1 May 2026, each shipment processed will be subject to the updated RXO brokerage fee of €180 for SPD and €130 for FTL .
-
 If you are a new seller considering signing up, 1 May 2026 onwards, each shipment processed will be subject to the updated RXO brokerage fee of €180 for SPD and €130 for FTL . However, you will still benefit f",2026-04-26 14:04:05,RETR,xtbBpBWWfGnPjJXQ3wAA3r
其他风险类,older,account_4,weihaizhongxin2024@126.com,"Wed, 1 Apr 2026 00:16:39 +0000","""Amazon.com"" <donotreply@amazon.com>",View your US Q2-2026 CSBA fee rate,,"96
 (Important) CSBA US Fee rate for Q2-2026
 Review your updated Customer Service by Amazon fee rate and metrics
 Hello,
 This is your quarterly update regarding Customer Service by Amazon (CSBA) fees.
 Your CSBA fee rate for Q2-2026 (Apr 1, 2026 through Jun 30, 2026) will be based on your performance metrics from Q1-2026 (Jan 1, 2026 through Mar 25, 2026). To learn more about program fees, go to Customer Service by Amazon fees .
 Fee tier & rate
 Q1-2026 contacts
 0
 Q1-2026 self-fulfilled shipped units
 0
 Q1-2026 contacts per unit (CPU¹)
 N/A%
 Q2-2026 fee rate² ($ per self-fulfilled shipped unit)
 $0.00
 ¹ Contacts per unit (CPU) = CSBA contacts / self-fulfilled shipped units
 ² Your fee rate for the previous quarter was $0.00.
 CSBA Insights Dashboard
 Get the most out of Customer Service by Amazon
 Use the CSBA Insights dashboard in Seller Central to:
- Review customer service contacts handled by Amazon
- Find ways to improve customer experience
- Reduce contact and return rates
 Follow these practices to prevent customer confusion and minimize your workload:
- Monitor the Response Needed inbox within the Buyer-Seller Messaging Service . In the rare case that we need your he",2026-04-26 14:03:56,RETR,xtbBswqghmnMY+qAmwAA3o
其他风险类,older,account_4,weihaizhongxin2024@126.com,"Fri, 27 Mar 2026 18:36:24 +0000","""fba-3p-buyability-improvement-ca@amazon.com"" <fba-3p-buyability-improvement-ca@amazon.com>",[Action Required] – Update Inventory -FBA,,"Dear Seller,
This is an email regarding FBA Offers for your Amazon Seller account. We are contacting you to let you know that you could be missing out on sales opportunities because of low/missing inventory for your ASIN offers in the attached sheet.
We recommend that you inbound additional inventory for your products immediately. To view the recommended replenishment quantity for these ASINs, go to “Restock inventory”:
https://sellercentral.amazon.ca/restockinventory/recommendations
Here is a sample of your high selling FBA ASINs, which are considered low in stock at the moment:
B0DMFL5X12, B0D7QHCF8J
You can download the full list of your ASIN at risk of out of stock at the following link:  https://www.sellercentral.amazon.ca/reportcentral/RestockReport/1
For more information about Restock tool, you can visit this help page - https://sellercentral.amazon.ca/gp/help/G201634550
If you need further help, please raise a case via contact us. - https://sellercentral.amazon.ca/cu/contact-us?ref=xx_ContactUs_xxxx_helphub
If you are not the correct point of contact, please re-direct this report to the correct point of contact.
If you wish to unsubscribe please REPLY ALL with the subject l",2026-04-26 14:03:47,RETR,xtbBpAvJr2nGzitq3AAA31
