category,time_bucket,account,account_user,date,from,subject,hit_keywords,body_preview,detected_at,fetch_mode,uid
店铺绩效类,today,account_4,weihaizhongxin2024@126.com,"Sun, 14 Jun 2026 15:05:28 +0000",Fulfillment by Amazon Operations <fba-noreply@amazon.com>,Automated unfulfillable FBA inventory removal notification,,"96
 Hello Weihai US,
The following automated unfulfillable FBA removal orders have been created based on your automated settings.
 Removal order ID wk+evdT2Xv
 You can view the removals on Removal Order Details in your seller account by using the Search tool.
The next removal order will be created as scheduled on June 15, 2026 in accordance with your settings if you have unfulfillable inventory at that time.
To make changes to the shipping address, frequency of your automated unfulfillable removals, or other settings, go to Automated unfulfillable removal settings in your seller account.
 Thank you.
The Fulfillment by Amazon team
Please note: This email was sent from a notification-only address that cannot accept incoming email. Please do not reply to this email.
 Report an issue with this email
 If you have any questions visit: Seller Central
 To change your email preferences visit: Notification Preferences
 Copyright 2026 Amazon, Inc, or its affiliates. All rights reserved.
 Amazon.com, 410 Terry Avenue North, Seattle, WA 98109-5210
 SPC-USAmazon-299069385178831",2026-06-14 23:00:51,RETR,xtbBsxwmDGouwzzoFAAA3C
店铺绩效类,today,account_4,weihaizhongxin2024@126.com,"Sun, 14 Jun 2026 14:33:45 +0000",Amazon Services <seller-notification@amazon.com>,Balance paid on your Amazon seller account,,"Greetings from Amazon Services.
 We have charged your credit card for $94.16 in an attempt to settle your Amazon seller account balance.
 Note that the amount charged to your credit card may be less than the total amount you owe due to a credit limit imposed by your bank. If that is the case, we will continue to charge your credit card as often as every 24 hours until the remaining balance in your Amazon seller account is paid in full.
 You can also use the Make a Payment feature to repay the balance you owe. For more information, see Making a Payment .
 You can view your payment activity at any time by logging in to your seller account and going to your Payments Report .
 Thank you for selling on Amazon.
 Amazon Services
 Help us improve your experience on selling on Amazon through this brief survey:
 https://amazonexteu.qualtrics.com/jfe/form/SV_eUKdboEQhg1YpuK?cID=10038096056-202606141349
 Was this email helpful?
 SPC-USAmazon-263885014606701",2026-06-14 23:00:51,RETR,xtbBpA5ILmouu854uAAA39
付款/资金类,today,account_4,weihaizhongxin2024@126.com,"Sun, 14 Jun 2026 13:35:44 +0000",Amazon Services <donotreply@amazon.com>,Your payment is on the way,,"96
This title will display on mobile devices
 Congratulations! Your payment is on the way and will arrive soon.
 Disbursement attempted
Congratulations Weihai CA! Your payment is on the way and will arrive within three to five days.
On 06/14/26 13:35 EDT, we initiated a transfer to your payment method (bank account ending in 151) in the amount of CAD
 514.26.
 If the amount is less than expected, here are a few questions to consider:
 Do you have an unavailable balance? Amazon might be reserving money to cover potential returns, claims or chargebacks from buyers. If this is the case, the closing balance in your Payment Report will display the unavailable balance that is reserved.
 Did your sales cover all fees and returns for this statement period? The payment amount reflects sales activities, selling fees and fees for promotions or services. We recommend reviewing your Payment Report under the Reports tab in Seller Central to understand your closing balance.
To learn more about Payment Reports in Seller Central, please visit our official course.
We wish you continued success!
Thank you for selling in the Amazon Store,
Amazon Services
Help us improve your payment experience on Amaz",2026-06-14 23:00:50,RETR,xtbBpBTexGourjQrQwAA3c
法务/侵权类,today,account_4,weihaizhongxin2024@126.com,"Sun, 14 Jun 2026 13:34:40 +0000",Amazon Services <donotreply@amazon.com>,Pagamento elaborato con successo,,"96
This title will display on mobile devices
 Congratulazioni. Il pagamento è stato elaborato con successo e ti sarà accreditato a breve.
 Tentativo di pagamento
Congratulazioni Weihai EU! Il pagamento è stato elaborato con successo e ti sarà accreditato nel giro di da tre a cinque giorni.
In data 06/14/26 13:34 CEST, abbiamo avviato un trasferimento sul tuo metodo di pagamento (conto bancario che termina con 229) dell’importo di €
 221,30.
 Se l’importo è inferiore a quanto atteso, tieni in considerazione le seguenti domande:
 Hai un saldo non disponibile? Amazon potrebbe trattenere una certa somma per coprire i costi di eventuali resi, reclami o contestazioni di una transazione (chargeback) da parte degli acquirenti. In questo caso, il saldo finale nel tuo report sui pagamenti mostrerà il saldo non disponibile corrispondente alla cifra trattenuta.
 Le tue vendite coprono tutte le commissioni e i resi per questo ciclo di fatturazione? L’importo del pagamento rispecchia le attività di vendita, le commissioni di vendita e le tariffe per promozioni o servizi. Ti consigliamo di rivedere il report sui pagamenti nella scheda Report di Seller Central per comprendere le diverse spese che ",2026-06-14 23:00:50,RETR,xtbBpBPNs2ourfMqAQAA34
店铺绩效类,last7,account_4,weihaizhongxin2024@126.com,"Fri, 12 Jun 2026 21:11:17 +0000",Fulfillment by Amazon Operations <fba-noreply@amazon.com>,Automated unfulfillable FBA inventory removal notification,,"96
 Hello Weihai US,
The following automated unfulfillable FBA removal orders have been created based on your automated settings.
 Removal order ID EnT/DGG41R
 You can view the removals on Removal Order Details in your seller account by using the Search tool.
The next removal order will be created as scheduled on June 13, 2026 in accordance with your settings if you have unfulfillable inventory at that time.
To make changes to the shipping address, frequency of your automated unfulfillable removals, or other settings, go to Automated unfulfillable removal settings in your seller account.
 Thank you.
The Fulfillment by Amazon team
Please note: This email was sent from a notification-only address that cannot accept incoming email. Please do not reply to this email.
 Report an issue with this email
 If you have any questions visit: Seller Central
 To change your email preferences visit: Notification Preferences
 Copyright 2026 Amazon, Inc, or its affiliates. All rights reserved.
 Amazon.com, 410 Terry Avenue North, Seattle, WA 98109-5210
 SPC-USAmazon-1284231803046004",2026-06-14 23:00:46,RETR,xtbBpRlBJ2osdfmYLgAA3m
店铺绩效类,last7,account_4,weihaizhongxin2024@126.com,"Fri, 12 Jun 2026 03:06:46 +0000","""Fulfillment by Amazon (Do not reply)"" <donotreply@amazon.com>",FBA reimbursement notification,,"96
FBA reimbursement notification
 You have a reimbursement activity
 Hello from Fulfilment by Amazon,
We have initiated a reimbursement, a reimbursement reversal, or both due to recent activity on your selling account. No action is required from you.
Reimbursements can be initiated for an issue that you notified us about or one that we identified at a fulfilment centre. A reimbursement reversal occurs when a reimbursement decision has been reviewed and changed. Reimbursement amounts are determined in accordance with the FBA inventory reimbursement policy ( https://sellercentral.amazon.co.uk/gp/help/external/200213130 ).
Please note that it may take up to five business days for reimbursement transactions to appear in your seller account.
You can find details on your reimbursement or reversal transaction in the Reimbursements report ( https://sellercentral.amazon.co.uk/reportcentral/REIMBURSEMENTS/0 ) in Seller Central:
- In the Event Date drop-down menu, select a date range and click Generate report . You can use the date in the subject line of this email as a point of reference.
- To identify inventory reimbursements and reversals, see the Quantity reimbursed [inventory] column.
-",2026-06-14 23:00:42,RETR,xtbBswl1W2ord8kBxwAA3t
店铺绩效类,last7,account_4,weihaizhongxin2024@126.com,"Wed, 10 Jun 2026 16:09:43 +0000","""Amazon.com"" <fba-noreply@amazon.com>",Your FBA request is complete (JKfyD/ypoS),,"Greetings from Amazon.com
We thought you'd like to know that we have completed your destroy request.
You can track the status of this request by visiting your Seller Account at:
https://sellercentral-europe.amazon.com/
For a complete list of inventory being destroyed, go to:
https://sellercentral-europe.amazon.com/gp/orders/fba-order-details.html?orderID=S02-9762392-5679813
Please note: this email was sent from a notification-only address that
cannot accept incoming e-mail. Please do not reply to this message.
Thank you for using Fulfillment by Amazon.
------------------------------------------------------------------------------
Fulfilment by Amazon – let Amazon pick, pack and ship your orders domestically
and EU wide.
------------------------------------------------------------------------------
Was this e-mail helpful? https://sellercentral.amazon.co.uk/gp/satisfaction/survey-form.html?ie=UTF8&HMDName=NotificationBusEmailHMD&customAttribute1Value=PRODUCT_REMOVAL_ORDER_SHIPPED_NOW
SPC-EUAmazon-1970326497550043",2026-06-14 23:00:30,RETR,xtbBsgoaAGopjEpsbwAA3k
店铺绩效类,last7,account_4,weihaizhongxin2024@126.com,"Wed, 10 Jun 2026 04:19:55 +0000","""Amazon.com"" <fba-noreply@amazon.com>",Your FBA request is complete (wrlLFrQcT3),,"Greetings from Amazon.com
We thought you'd like to know that we have completed your destroy request.
You can track the status of this request by visiting your Seller Account at:
https://sellercentral-europe.amazon.com/
For a complete list of inventory being destroyed, go to:
https://sellercentral-europe.amazon.com/gp/orders/fba-order-details.html?orderID=S02-4911916-4537164
Please note: this email was sent from a notification-only address that
cannot accept incoming e-mail. Please do not reply to this message.
Thank you for using Fulfillment by Amazon.
------------------------------------------------------------------------------
Fulfilment by Amazon – let Amazon pick, pack and ship your orders domestically
and EU wide.
------------------------------------------------------------------------------
Was this e-mail helpful? https://sellercentral.amazon.co.uk/gp/satisfaction/survey-form.html?ie=UTF8&HMDName=NotificationBusEmailHMD&customAttribute1Value=PRODUCT_REMOVAL_ORDER_SHIPPED_NOW
SPC-EUAmazon-1460153102261163",2026-06-14 23:00:28,RETR,xtbBsw5ZP2oo5e61DwAA3o
店铺绩效类,last7,account_4,weihaizhongxin2024@126.com,"Tue, 9 Jun 2026 18:59:47 +0000","""Amazon.com"" <fba-noreply@amazon.com>",Your FBA request is complete (2605311NRC),,"Greetings from Amazon.com
We thought you'd like to know that we have completed your destroy request.
You can track the status of this request by visiting your Seller Account at:
https://sellercentral-europe.amazon.com/
For a complete list of inventory being destroyed, go to:
https://sellercentral-europe.amazon.com/gp/orders/fba-order-details.html?orderID=S02-1914736-1200225
Please note: this email was sent from a notification-only address that
cannot accept incoming e-mail. Please do not reply to this message.
Thank you for using Fulfillment by Amazon.
------------------------------------------------------------------------------
Fulfilment by Amazon – let Amazon pick, pack and ship your orders domestically
and EU wide.
------------------------------------------------------------------------------
Was this e-mail helpful? https://sellercentral.amazon.co.uk/gp/satisfaction/survey-form.html?ie=UTF8&HMDName=NotificationBusEmailHMD&customAttribute1Value=PRODUCT_REMOVAL_ORDER_SHIPPED_NOW
SPC-EUAmazon-686096915804077",2026-06-14 23:00:26,RETR,xtbBpAZmTGooYqbbfgAA3r
店铺绩效类,last7,account_4,weihaizhongxin2024@126.com,"Tue, 9 Jun 2026 16:46:32 +0000",Fulfillment by Amazon Operations <fba-noreply@amazon.com>,Automated unfulfillable FBA inventory removal notification,,"96
 Hello Weihai US,
The following automated unfulfillable FBA removal orders have been created based on your automated settings.
 Removal order ID Fqz6Dy+EsU
 You can view the removals on Removal Order Details in your seller account by using the Search tool.
The next removal order will be created as scheduled on June 10, 2026 in accordance with your settings if you have unfulfillable inventory at that time.
To make changes to the shipping address, frequency of your automated unfulfillable removals, or other settings, go to Automated unfulfillable removal settings in your seller account.
 Thank you.
The Fulfillment by Amazon team
Please note: This email was sent from a notification-only address that cannot accept incoming email. Please do not reply to this email.
 Report an issue with this email
 If you have any questions visit: Seller Central
 To change your email preferences visit: Notification Preferences
 Copyright 2026 Amazon, Inc, or its affiliates. All rights reserved.
 Amazon.com, 410 Terry Avenue North, Seattle, WA 98109-5210
 SPC-USAmazon-1196270873423063",2026-06-14 23:00:26,RETR,xtbBpQuPdWooQ2vrAAAA3V
付款/资金类,last7,account_4,weihaizhongxin2024@126.com,"Sat, 13 Jun 2026 13:28:40 +0000",Amazon Services <donotreply@amazon.com>,Your payment is on the way,,"96
This title will display on mobile devices
 Congratulations! Your payment is on the way and will arrive soon.
 Disbursement attempted
Congratulations Weihai CA! Your payment is on the way and will arrive within three to five days.
On 06/13/26 13:28 EDT, we initiated a transfer to your payment method (bank account ending in 151) in the amount of CAD
 609.94.
 If the amount is less than expected, here are a few questions to consider:
 Do you have an unavailable balance? Amazon might be reserving money to cover potential returns, claims or chargebacks from buyers. If this is the case, the closing balance in your Payment Report will display the unavailable balance that is reserved.
 Did your sales cover all fees and returns for this statement period? The payment amount reflects sales activities, selling fees and fees for promotions or services. We recommend reviewing your Payment Report under the Reports tab in Seller Central to understand your closing balance.
To learn more about Payment Reports in Seller Central, please visit our official course.
We wish you continued success!
Thank you for selling in the Amazon Store,
Amazon Services
Help us improve your payment experience on Amaz",2026-06-14 23:00:49,RETR,xtbBpA2-pWotWw2wXwAA3N
付款/资金类,last7,account_4,weihaizhongxin2024@126.com,"Sat, 13 Jun 2026 13:24:36 +0000",Amazon Services <donotreply@amazon.com>,Tu pago está en camino,,"96
This title will display on mobile devices
 ¡Enhorabuena! El pago está de camino y llegará pronto.
 El pago está en camino
Enhorabuena, Weihai EU. Tu pago está en camino y te llegará en un plazo de tres a cinco días.
El 06/13/26 13:24 WEST, iniciamos una transferencia a tu método de pago (cuenta bancaria terminado en 229) por un importe de €
 310,51.
 Si el importe es inferior a lo esperado, ten en cuenta las siguientes preguntas:
 ¿Tienes saldo no disponible en tu cuenta de vendedor? Puede que hayamos reservado algo de dinero para posibles devoluciones, reclamaciones o reversiones de cargo de clientes. En este caso, el saldo de cierre de tu informe de pagos te mostrará el saldo no disponible en reserva.
 ¿Cubren tus ventas las tarifas de Amazon y las devoluciones del periodo de liquidación? El importe del pago refleja las ventas que has hecho y las tarifas de venta aplicadas tanto a dichas ventas como a cualquier promoción o servicio que hayas utilizado. Te recomendamos que revises tu informe de pagos en ""Informes"" de Seller Central para conocer el saldo de cierre.
Para más información sobre los informes de pagos en Seller Central, visita nuestro curso oficial.
Te deseamos un éx",2026-06-14 23:00:49,RETR,xtbBsxeBZ2otWhfq9gAA3U
付款/资金类,last7,account_4,weihaizhongxin2024@126.com,"Sat, 13 Jun 2026 13:24:04 +0000",Amazon Services <donotreply@amazon.com>,Your payment is on the way,,"96
This title will display on mobile devices
 Congratulations! Your payment is on the way and will arrive soon.
 Disbursement Attempted
Congratulations Weihai EU! Your payment is on the way and will arrive within three to five days.
On 06/13/26 13:24 CEST, we initiated a transfer to your payment method (bank account ending in 229) in the amount of €
 217.55.
 If the amount is less than expected, here are a few questions to consider:
 Do you have an unavailable balance? Amazon might be reserving money to cover potential returns, claims, or chargebacks from buyers. If this is the case, the closing balance in your Payment Report will display the unavailable balance that is reserved.
 Did your sales cover all fees and returns for this statement period? The payment amount reflects sales activities, selling fees, and fees for promotions or services. We recommend reviewing your Payment Report under the Reports tab in Seller Central to understand your closing balance.
To learn more about Payment Reports in Seller Central, please visit our official course.
We wish you continued success!
Thank you for selling in the Amazon store,
Amazon Services
Help us improve your payment experience on Ama",2026-06-14 23:00:49,RETR,xtbBshh6YGotWfixbAAA3L
付款/资金类,last7,account_4,weihaizhongxin2024@126.com,"Fri, 12 Jun 2026 23:31:42 +0000",Amazon Services <donotreply@amazon.com>,Your payment is on the way,,"96
This title will display on mobile devices
 Congratulations! Your payment is on the way and will arrive soon.
 Disbursement Attempted
Congratulations Weihai EU! Your payment is on the way and will arrive within three to five days.
On 06/12/26 23:31 GST, we initiated a transfer to your payment method (bank account ending in 229) in the amount of AED
 68.35.
 If the amount is less than expected, here are a few questions to consider:
 Do you have an unavailable balance? Amazon might be reserving money to cover potential returns, claims, or chargebacks from buyers. If this is the case, the closing balance in your Payment Report will display the unavailable balance that is reserved.
 Did your sales cover all fees and returns for this statement period? The payment amount reflects sales activities, selling fees, and fees for promotions or services. We recommend reviewing your Payment Report under the Reports tab in Seller Central to understand your closing balance.
To learn more about Payment Reports in Seller Central, please visit our official course.
We wish you continued success!
Thank you for selling in the Amazon store,
Amazon Services
Help us improve your payment experience on Ama",2026-06-14 23:00:46,RETR,xtbBswGDaWosluGICQAA3o
付款/资金类,last7,account_4,weihaizhongxin2024@126.com,"Fri, 12 Jun 2026 12:54:19 +0000",Amazon Services <donotreply@amazon.com>,Your payment is on the way,,"96
This title will display on mobile devices
 Congratulations! Your payment is on the way and will arrive soon.
 Disbursement attempted
Congratulations Weihai CA! Your payment is on the way and will arrive within three to five days.
On 06/12/26 12:54 EDT, we initiated a transfer to your payment method (bank account ending in 151) in the amount of CAD
 603.03.
 If the amount is less than expected, here are a few questions to consider:
 Do you have an unavailable balance? Amazon might be reserving money to cover potential returns, claims or chargebacks from buyers. If this is the case, the closing balance in your Payment Report will display the unavailable balance that is reserved.
 Did your sales cover all fees and returns for this statement period? The payment amount reflects sales activities, selling fees and fees for promotions or services. We recommend reviewing your Payment Report under the Reports tab in Seller Central to understand your closing balance.
To learn more about Payment Reports in Seller Central, please visit our official course.
We wish you continued success!
Thank you for selling in the Amazon Store,
Amazon Services
Help us improve your payment experience on Amaz",2026-06-14 23:00:45,RETR,xtbBsh0F6mosAX3-UQAA3U
付款/资金类,last7,account_4,weihaizhongxin2024@126.com,"Thu, 11 Jun 2026 15:13:12 +0000",Amazon Services <seller-notification@amazon.pl>,Nieuregulowane saldo na koncie Amazon,,"Witamy!
 Masz na swoim koncie nieuregulowane saldo w wysokośc PLN 42.71. Obciążymy tą kwotą kartę kredytową zarejestrowaną jako metoda płatności dla Twojego konta
 Jeśli ta karta ma limit kredytowy, możemy ją obciążać do momentu pełnej spłaty nieuregulowanego salda.
 Aby uzyskać więcej informacji, wyszukaj Dokonaj płatności w Pomocy Seller Central.
 Aby dowiedzieć się więcej na temat raportów płatności i Twoich działań, wyszukaj Wyświetl moje raporty o płatnościach w Pomocy Seller Central.
 Z poważaniem,
 Amazon Payments Europe SCA (société en commandite par actions) to spółka komandytowo-akcyjna zarejestrowana w Luksemburgu, numer rejestracyjny (RCS Luxembourg) B 153 265, z siedzibą pod adresem 38 avenue J.F. Kennedy, L-1855 Luxembourg. Numer VAT: LU 24448288. Amazon Payments Europe SCA posiada upoważnienie Komisji Nadzoru Sektora Finansowego w Luksemburgu do emisji pieniądza elektronicznego (numer licencji 36/10)
 Czy ten e-mail był pomocny?
 SPC-EUAmazon-1653667152334476",2026-06-14 23:00:39,RETR,xtbBpQ58Ymoq0I4erQAA3Y
付款/资金类,last7,account_4,weihaizhongxin2024@126.com,"Thu, 11 Jun 2026 11:53:43 +0000",Amazon Services <donotreply@amazon.com>,Your payment is on the way,,"96
This title will display on mobile devices
 Congratulations! Your payment is on the way and will arrive soon.
 Disbursement attempted
Congratulations Weihai CA! Your payment is on the way and will arrive within three to five days.
On 06/11/26 11:53 EDT, we initiated a transfer to your payment method (bank account ending in 151) in the amount of CAD
 518.07.
 If the amount is less than expected, here are a few questions to consider:
 Do you have an unavailable balance? Amazon might be reserving money to cover potential returns, claims or chargebacks from buyers. If this is the case, the closing balance in your Payment Report will display the unavailable balance that is reserved.
 Did your sales cover all fees and returns for this statement period? The payment amount reflects sales activities, selling fees and fees for promotions or services. We recommend reviewing your Payment Report under the Reports tab in Seller Central to understand your closing balance.
To learn more about Payment Reports in Seller Central, please visit our official course.
We wish you continued success!
Thank you for selling in the Amazon Store,
Amazon Services
Help us improve your payment experience on Amaz",2026-06-14 23:00:39,RETR,xtbBswu-pWoqocs46wAA3b
付款/资金类,last7,account_4,weihaizhongxin2024@126.com,"Thu, 11 Jun 2026 11:51:09 +0000",Amazon Services <donotreply@amazon.com>,Tu pago está en camino,,"96
This title will display on mobile devices
 ¡Enhorabuena! El pago está de camino y llegará pronto.
 El pago está en camino
Enhorabuena, Weihai EU. Tu pago está en camino y te llegará en un plazo de tres a cinco días.
El 06/11/26 11:50 WEST, iniciamos una transferencia a tu método de pago (cuenta bancaria terminado en 229) por un importe de €
 245,82.
 Si el importe es inferior a lo esperado, ten en cuenta las siguientes preguntas:
 ¿Tienes saldo no disponible en tu cuenta de vendedor? Puede que hayamos reservado algo de dinero para posibles devoluciones, reclamaciones o reversiones de cargo de clientes. En este caso, el saldo de cierre de tu informe de pagos te mostrará el saldo no disponible en reserva.
 ¿Cubren tus ventas las tarifas de Amazon y las devoluciones del periodo de liquidación? El importe del pago refleja las ventas que has hecho y las tarifas de venta aplicadas tanto a dichas ventas como a cualquier promoción o servicio que hayas utilizado. Te recomendamos que revises tu informe de pagos en ""Informes"" de Seller Central para conocer el saldo de cierre.
Para más información sobre los informes de pagos en Seller Central, visita nuestro curso oficial.
Te deseamos un éx",2026-06-14 23:00:38,RETR,xtbBsxGZf2oqoTE0HAAA38
付款/资金类,last7,account_4,weihaizhongxin2024@126.com,"Wed, 10 Jun 2026 16:29:28 +0000",Amazon Services <informacion-vendedor@amazon.mx>,Pago del saldo en tu cuenta de pagos de Vender en Amazon,,"Estimado vendedor:
 Hemos realizado un cargo en tu tarjeta de crédito (Visa) por valor de MXN 90.75 con el fin de saldar tu cuenta de vendedor de Amazon.
 El monto cobrado puede ser inferior al total que debes si tu banco ha impuesto un límite de crédito. Si se da tal caso, seguiremos intentando realizar el cargo cada 24 horas en la tarjeta de crédito hasta que se haya pagado por completo el saldo deudor que presenta tu cuenta de vendedor de Amazon.
 También puedes utilizar la funcionalidad Hacer un pago para liquidar tu cuenta. Para más información, escribe ""hacer un pago"" en la barra de búsqueda de Seller Central.
 Para consultar tu historial de pagos, inicia sesión en tu cuenta y ve a Reportes > Pagos.
 Gracias por vender en Amazon.
 SPC-USAmazon-1794405199581451",2026-06-14 23:00:30,RETR,xtbBpApDKWopkOqGagAA3R
付款/资金类,last7,account_4,weihaizhongxin2024@126.com,"Wed, 10 Jun 2026 02:57:49 +0000",Amazon Services <donotreply@amazon.com>,Your payment is on the way,,"96
This title will display on mobile devices
 Congratulations! Your payment is on the way and will arrive soon.
 Disbursement attempted
Congratulations Weihai CA! Your payment is on the way and will arrive within three to five days.
On 06/10/26 02:57 EDT, we initiated a transfer to your payment method (bank account ending in 151) in the amount of CAD
 734.55.
 If the amount is less than expected, here are a few questions to consider:
 Do you have an unavailable balance? Amazon might be reserving money to cover potential returns, claims or chargebacks from buyers. If this is the case, the closing balance in your Payment Report will display the unavailable balance that is reserved.
 Did your sales cover all fees and returns for this statement period? The payment amount reflects sales activities, selling fees and fees for promotions or services. We recommend reviewing your Payment Report under the Reports tab in Seller Central to understand your closing balance.
To learn more about Payment Reports in Seller Central, please visit our official course.
We wish you continued success!
Thank you for selling in the Amazon Store,
Amazon Services
Help us improve your payment experience on Amaz",2026-06-14 23:00:28,RETR,xtbBsxGFa2oo0rHwVwAA3K
付款/资金类,last7,account_4,weihaizhongxin2024@126.com,"Wed, 10 Jun 2026 02:56:47 +0000",Amazon Services <donotreply@amazon.com>,Tu pago está en camino,,"96
This title will display on mobile devices
 ¡Enhorabuena! El pago está de camino y llegará pronto.
 El pago está en camino
Enhorabuena, Weihai EU. Tu pago está en camino y te llegará en un plazo de tres a cinco días.
El 06/10/26 02:56 WEST, iniciamos una transferencia a tu método de pago (cuenta bancaria terminado en 229) por un importe de €
 480,87.
 Si el importe es inferior a lo esperado, ten en cuenta las siguientes preguntas:
 ¿Tienes saldo no disponible en tu cuenta de vendedor? Puede que hayamos reservado algo de dinero para posibles devoluciones, reclamaciones o reversiones de cargo de clientes. En este caso, el saldo de cierre de tu informe de pagos te mostrará el saldo no disponible en reserva.
 ¿Cubren tus ventas las tarifas de Amazon y las devoluciones del periodo de liquidación? El importe del pago refleja las ventas que has hecho y las tarifas de venta aplicadas tanto a dichas ventas como a cualquier promoción o servicio que hayas utilizado. Te recomendamos que revises tu informe de pagos en ""Informes"" de Seller Central para conocer el saldo de cierre.
Para más información sobre los informes de pagos en Seller Central, visita nuestro curso oficial.
Te deseamos un éx",2026-06-14 23:00:27,RETR,xtbBsxN1W2oo0nPtyAAA3I
付款/资金类,last7,account_4,weihaizhongxin2024@126.com,"Wed, 10 Jun 2026 02:56:35 +0000",Amazon Services <donotreply@amazon.com>,Your payment is on the way,,"96
This title will display on mobile devices
 Congratulations! Your payment is on the way and will arrive soon.
 Disbursement Attempted
Congratulations Weihai EU! Your payment is on the way and will arrive within three to five days.
On 06/10/26 02:56 CEST, we initiated a transfer to your payment method (bank account ending in 229) in the amount of €
 239.53.
 If the amount is less than expected, here are a few questions to consider:
 Do you have an unavailable balance? Amazon might be reserving money to cover potential returns, claims, or chargebacks from buyers. If this is the case, the closing balance in your Payment Report will display the unavailable balance that is reserved.
 Did your sales cover all fees and returns for this statement period? The payment amount reflects sales activities, selling fees, and fees for promotions or services. We recommend reviewing your Payment Report under the Reports tab in Seller Central to understand your closing balance.
To learn more about Payment Reports in Seller Central, please visit our official course.
We wish you continued success!
Thank you for selling in the Amazon store,
Amazon Services
Help us improve your payment experience on Ama",2026-06-14 23:00:27,RETR,xtbBpQZyWGoo0mZ+ugAA37
付款/资金类,last7,account_4,weihaizhongxin2024@126.com,"Mon, 8 Jun 2026 14:05:53 +0000",Amazon Services <donotreply@amazon.com>,Your payment is on the way,,"96
This title will display on mobile devices
 Congratulations! Your payment is on the way and will arrive soon.
 Disbursement Attempted
Congratulations Weihai EU! Your payment is on the way and will arrive within three to five days.
On 06/08/26 14:05 BST, we initiated a transfer to your payment method (bank account ending in 191) in the amount of £
 435.79.
 If the amount is less than expected, here are a few questions to consider:
 Do you have an unavailable balance? Amazon might be reserving money to cover potential returns, claims or chargebacks from buyers. If this is the case, the closing balance in your Payment Report will display the unavailable balance that is reserved.
 Did your sales cover all fees and returns for this statement period? The payment amount reflects sales activities, selling fees and fees for promotions or services. We recommend reviewing your Payment Report under the Reports tab in Seller Central to understand your closing balance.
To find out more about Payment Reports in Seller Central, please visit our official course.
We wish you continued success!
Thank you for selling in the Amazon store,
Amazon Services
Help us improve your payment experience on Ama",2026-06-14 23:00:18,RETR,xtbBpAVoTmomzEUWuAAA3s
产品链接/合规类,last7,account_4,weihaizhongxin2024@126.com,"Sat, 13 Jun 2026 10:18:49 +0000","""toys-safety-mv@amazon.com"" <toys-safety-mv@amazon.com>","RE:[CASE 20326051091] SELLER: A192R36HNXVJ38, ASIN: B0DRTR7GYJ,
 MARKETPLACE: 1 - PS - APPEAL",,"96
RE:[CASE 20326051091] SELLER: A192R36HNXVJ38, ASIN: B0DRTR7GYJ, MARKETPLACE: 1 - PS - APPEAL
Hello,
Thank you for your interest in listing your products on Amazon.
Currently the product you want to sell does not have safety and compliance requirements for Toys.
Please be informed that this queue only monitors safety and compliance requirements.
For any other inquiries, please get in touch with Seller Support assistance.
 https://sellercentral.amazon.com/help/hub/support
We appreciate your cooperation on this important matter.
To help us continually improve, we ask that you take a moment to complete our survey below. This would help us understand your overall compliance experience.
Were you satisfied with the support provided?
If yes, please click here:
 http://www.amazon.com/gp/help/survey?p=ACC9R9THEDUTC&k=hy
If no, please click here:
 http://www.amazon.com/gp/help/survey?p=ACC9R9THEDUTC&k=hn
Thank you for selling with Amazon,
Karthik J.
Amazon.com Seller Support
=======================================
MORE WAYS TO GET HELP:
Visit our Seller Forums for help from other sellers: http://sellercentral.amazon.com/forums
Browse all Seller Help topics: http://sellercentral.amazon.com/",2026-06-14 23:00:48,RETR,xtbBsg2UemotLo2OLQAA3W
产品链接/合规类,last7,account_4,weihaizhongxin2024@126.com,"Sat, 13 Jun 2026 03:03:53 +0000","""Amazon Seller Central Notifications (Do Not Reply)"" <donotreply@amazon.com>",Review issue on FBA Shipment (FBA1234567),,"96
 Review shipment defects to avoid reoccurrence
 Hello Weihai US,
 On 2026-06-13, we identified one or more inbound defects while receiving your shipment named ""FBA STA (04/14/2026 04:24)-YOW3"". The identified defect is ""Additional quantities encountered"", which doesn't comply with the FBA shipment requirements.
 We have taken the necessary steps to remedy the situation and receive your inventory this time. When we accept inventory that does not meet our shipment requirements or that differs from your shipping plan, you may be charged with inbound defect fees or unplanned service fee for the additional cost required to re-direct, receive, and process your shipment.
 Review shipment summary
 Review shipment summary
 Inbound compliance will enable us to receive your shipment more quickly and make your inventory available for sale sooner.
 To view your Inbound Performance over the past 120 days, go to the Inbound Performance Dashboard .
 Thank you,
 The Fulfillment by Amazon team
 Report an issue with this email
 If you have any questions visit: Seller Central
 To change your email preferences visit: Notification Preferences
 Copyright 2026 Amazon, Inc, or its affiliates. All rights",2026-06-14 23:00:47,RETR,xtbBpR3+5GosyJ086QAA3k
产品链接/合规类,last7,account_4,weihaizhongxin2024@126.com,"Fri, 12 Jun 2026 13:54:53 +0000","""toys-safety-mv@amazon.com"" <toys-safety-mv@amazon.com>","RE:[CASE 20326051091] SELLER: A192R36HNXVJ38, ASIN: B0DRTR7GYJ,
 MARKETPLACE: 1 - PS - APPEAL",,"96
RE:[CASE 20326051091] SELLER: A192R36HNXVJ38, ASIN: B0DRTR7GYJ, MARKETPLACE: 1 - PS - APPEAL
Hello,
Your appeal is not approved because the product has characteristics of Toys for children. This issue must be resolved because compliance requirements are critical to ensuring the products sold are safe and compliant.
To continue listing the product, please take the following action:
To ensure that your product is not removed from Amazon's US store, you require a test result that confirms your product's compliance with Amazon's Policy. Please initiate a test request for each product to one of the third-party Testing, Inspection, and Certification organizations through Account Health dashboard. See our third-party TIC services help page to learn more: https://sellercentral.amazon.com/help/hub/reference/external/GUTZ2R2DD6P2UMVB . You may reopen the appeal with your comments or questions so we can work with you to resolve the issue.
For more information on compliance requirements for Toys, please visit: https://sellercentral.amazon.com/help/hub/reference/external/GKJRA3FRPRKVBJJS
Once testing or verification is requested, please work with the chosen source to provide all requested in",2026-06-14 23:00:45,RETR,xtbBsxGVe2osD7HJbQAA3Q
产品链接/合规类,last7,account_4,weihaizhongxin2024@126.com,"Fri, 12 Jun 2026 10:51:40 +0000","""cscompliance-docreview-seller@amazon.com"" <cscompliance-docreview-seller@amazon.com>","SELLER: A192R36HNXVJ38, ASIN: B0FCDRNTT8, MARKETPLACE: 1 - CSC -
 DOC REVIEW",,"96
SELLER: A192R36HNXVJ38, ASIN: B0FCDRNTT8, MARKETPLACE: 1 - CSC - DOC REVIEW
 Do not reply back to this e-mail!
Hello,
Thank you for submitting a document to the Chemical Safety Compliance Team.
→ The name/title of the product on the SDS is ""See item 3 for details "" while the listing name/title of the product is ""12 color acrylic paint"".
→ The SDS must be composed in accordance with a valid regulation/legislation for Chemical Safety Compliance( for which your product is listed and stored ).
The SDS does not include the legislation/regulation in accordance with the document was created
Legislation/regulation should be also mentioned in section 2 “Hazard Identification”.
→ The SDS must be composed in accordance with a valid regulation/legislation for Chemical Safety Compliance( for which your product is listed and stored ).
The SDS does not include the legislation/regulation in accordance with the document was created
Legislation/regulation should be also mentioned in section 2 “Hazard Identification”.
For guidance on Safety Data Sheet requirements, please refer to https://sellercentral.amazon.com/help/hub/reference/G5G6BBSA6FZQP9CP
Once you have corrected the problems listed above",2026-06-14 23:00:45,RETR,xtbBswDOtGor5MBxOQAA3k
产品链接/合规类,last7,account_4,weihaizhongxin2024@126.com,"Thu, 11 Jun 2026 13:08:16 +0000",Amazon Services <donotreply@amazon.com>,Submit product safety documentation to avoid listing deactivation,,"96
 Hello Weihai CA,
 Some of your listings are at risk of deactivation due to missing mandatory compliance requirements for your products. Review the details and next steps below. The affected listings are shown at the end of this email.
 Why is this happening?
 We are taking this action because these products are missing mandatory compliance information. Review our Product safety and compliance help page for information on applicable laws, regulations and Amazon policies.
 The table at the end of this email provides product-specific compliance requirements.
 How do I reactivate my listings?
 To provide the required compliance information, go to your Account Health page and locate the product compliance requests:
-
 If you have the required documentation, follow the instructions to submit your compliance documents.
-
 If you believe your products are exempt from these requirements, submit documentation demonstrating why they are not subject to these compliance requirements.
 For step-by-step instructions, see our Submit compliance documents or appeal a documentation request help page.
 To avoid further impact to your account, close or delete any non-compliant listings that you do ",2026-06-14 23:00:39,RETR,xtbBpAQjCWoqs0Qc-QAA3c
产品链接/合规类,last7,account_4,weihaizhongxin2024@126.com,"Thu, 11 Jun 2026 04:06:26 +0000","""cscompliance-docreview-vendor@amazon.ca"" <cscompliance-docreview-vendor@amazon.ca>","SELLER: A192R36HNXVJ38, ASIN: B0FCDRNTT8, MARKETPLACE: 7 - CSC -
 DOC REVIEW",,"96
SELLER: A192R36HNXVJ38, ASIN: B0FCDRNTT8, MARKETPLACE: 7 - CSC - DOC REVIEW
 Do not reply back to this e-mail!
Hello,
Thank you for submitting a document to the Chemical Safety Compliance Team.
Upon review, we determined that the Safety Data Sheet ( SDS ) you uploaded for your ASIN is invalid due to it being incomplete, inaccurate, or otherwise conflicting, and thus, cannot be used for classification. Even though you've provided a written statement asserting that this SDS is the correct one, unfortunately, it doesn't validate its applicability for your product due to the following issues with the SDS:
→ The SDS must be composed in accordance with a valid regulation/legislation for Chemical Safety Compliance( for which your product is listed and stored ).
The SDS does not include the legislation/regulation in accordance with the document was created
Legislation/regulation should be also mentioned in section 2 “Hazard Identification”.
→ The SDS must be composed in accordance with a valid regulation/legislation for Chemical Safety Compliance( for which your product is listed and stored ).
The SDS does not include the legislation/regulation in accordance with the document was create",2026-06-14 23:00:37,RETR,xtbBpQZDKWoqNEYXiwAA3n
产品链接/合规类,last7,account_4,weihaizhongxin2024@126.com,"Wed, 10 Jun 2026 19:04:36 +0000",Amazon Europe <donotreply@amazon.com>,New EU restriction on textile and footwear disposal,,"96
 By July 19, update your removal settings for apparel, clothing and footwear in EU fulfillment centers
 Hello,
Starting July 19, 2026 , new EU requirements under the Ecodesign for Sustainable Products Regulation (ESPR) will restrict the destruction of certain unsold products, including apparel, clothing accessories, and footwear.
 With this change, you may incur a fine for the disposal of these products in line with local country requirements, based on your business size and disposal volume.
If you sell textiles or footwear in the EU, we recommend that you update your FBA removal settings to Return, Liquidate, or Donate (where eligible) before July 19, 2026.
To review removal options and eligibility, go to Remove Inventory from a Fulfillment Center .
 Note: Products that aren’t eligible for donation or liquidation may require disposal in line with relevant regulations and safety guidelines. This may impact your ESPR compliance status.
Also, on June 25, we’ll update the Fulfillment by Amazon (FBA) Donations terms and conditions in accordance with the above new requirement, our increased cross-border donation capabilities for inventory in Europe, and for program consistency.
To le",2026-06-14 23:00:33,RETR,xtbBpQdjSWoptUfsBgAA3T
产品链接/合规类,last7,account_4,weihaizhongxin2024@126.com,"Wed, 10 Jun 2026 18:11:21 +0000",Amazon Services <donotreply@amazon.com>,Submit product safety documentation to reactivate listings,,"96
 Submit product safety documentation to reactivate listings
 Hello Weihai US,
 Some of your listings have been deactivated due to missing mandatory compliance requirements for your products. Review the details and next steps below. The affected listings are shown at the end of this email.
 Why is this happening?
 We are taking this action because these products are missing mandatory compliance information. Review our Product safety and compliance help page for information on applicable laws, regulations, and Amazon policies. We leveraged a combination of automated means and expert human review to identify this issue and make this decision.
 The table at the end of this email provides product-specific compliance requirements.
 How do I reactivate my listings?
 To provide the required compliance information, go to your Account Health page and locate the product compliance requests:
-
 If you have the required documentation, follow the instructions to submit your compliance documents. We will only reinstate products that fulfill the compliance requirements.
-
 If you believe your products are exempt from these requirements, submit documentation demonstrating why they are not subjec",2026-06-14 23:00:31,RETR,xtbBsw1CKGopqM3jYgAA3z
产品链接/合规类,last7,account_4,weihaizhongxin2024@126.com,"Wed, 10 Jun 2026 02:29:01 +0000","""toys-safety-mv@amazon.com"" <toys-safety-mv@amazon.com>","RE:[CASE 20326051091] SELLER: A192R36HNXVJ38, ASIN: B0DRTR7GYJ,
 MARKETPLACE: 1 - PS - APPEAL",,"96
RE:[CASE 20326051091] SELLER: A192R36HNXVJ38, ASIN: B0DRTR7GYJ, MARKETPLACE: 1 - PS - APPEAL
Hello,
We received your appeal. We recognize compliance may be confusing or frustrating. However, as before, the product has characteristics of Arts & Crafts for children. Fulfilling compliance obligations is required for selling your products on our store. As a next step, you must take the following action:
To ensure that your product is not removed from Amazon's US store, you require a test result that confirms your product's compliance with Amazon's Policy. Please initiate a test request for each product to one of the third-party Testing, Inspection, and Certification organizations through Account Health dashboard. See our third-party TIC services help page to learn more: https://sellercentral.amazon.com/help/hub/reference/external/GUTZ2R2DD6P2UMVB . If you are still unclear and have questions, please include comments when submitting your appeal so that we can provide help.
For more information on compliance requirements for Arts & Crafts, please visit: https://sellercentral.amazon.com/help/hub/reference/external/GKJRA3FRPRKVBJJS
Once testing or verification is requested, please work ",2026-06-14 23:00:26,RETR,xtbBpBLTuWooy-IjNAAA3w
产品链接/合规类,last7,account_4,weihaizhongxin2024@126.com,"Tue, 9 Jun 2026 18:10:54 +0000",Amazon Services <donotreply@amazon.com>,Submit product safety documentation to reactivate listings,,"96
 Submit product safety documentation to reactivate listings
 Hello Weihai US,
 Some of your listings have been deactivated due to missing mandatory compliance requirements for your products. Review the details and next steps below. The affected listings are shown at the end of this email.
 Why is this happening?
 We are taking this action because these products are missing mandatory compliance information. Review our Product safety and compliance help page for information on applicable laws, regulations, and Amazon policies. We leveraged a combination of automated means and expert human review to identify this issue and make this decision.
 The table at the end of this email provides product-specific compliance requirements.
 How do I reactivate my listings?
 To provide the required compliance information, go to your Account Health page and locate the product compliance requests:
-
 If you have the required documentation, follow the instructions to submit your compliance documents. We will only reinstate products that fulfill the compliance requirements.
-
 If you believe your products are exempt from these requirements, submit documentation demonstrating why they are not subjec",2026-06-14 23:00:26,RETR,xtbBsxKGbGooVzLgtwAA37
产品链接/合规类,last7,account_4,weihaizhongxin2024@126.com,"Tue, 9 Jun 2026 15:30:18 +0000",Amazon Seller Central <donotreply@amazon.com>,Your VAT invoice for EPR Pay on Behalf charges for Amazon.es sales,,"Tu factura con IVA de los cargos del servicio RAP - Pagamos en tu nombre para las ventas de Amazon.es |
Your VAT invoice for EPR Pay on Behalf charges for Amazon.es sales
 96
 Estimado colaborador comercial:
Ya está disponible tu factura de los cargos del servicio RAP - Pagamos en tu nombre para las ventas de Amazon.es.
La factura incluye (1) las tarifas de contribución ecológica que Amazon pagó en tu nombre por las ventas de productos sujetos a las obligaciones de la responsabilidad ampliada del productor (RAP) en Amazon.es durante el periodo de declaración aplicable, y (2) las tarifas del servicio RAP - Pagamos en tu nombre para las categorías de RAP especificadas en el resumen a nivel de ASIN y a nivel de categoría.
Para acceder a tu factura del servicio RAP - Pagamos en tu nombre , abre el archivo adjunto en este correo electrónico o ve a Facturas de tarifas del vendedor y busca ""RAP - Pagamos en tu nombre"" en la columna ""Tipo de factura"".
Para ver un resumen a nivel de categoría de las tarifas cobradas, los periodos de notificación aplicables y las categorías de RAP, ve a la vista de transacciones, selecciona Tarifas de servicio como tipo de transacción y busca ""RAP - Pagamos ",2026-06-14 23:00:25,RETR,xtbBpQobAWooMapmIgAA3o
产品链接/合规类,last7,account_4,weihaizhongxin2024@126.com,"Mon, 8 Jun 2026 08:56:37 +0000","""cscompliance-docreview-seller@amazon.com"" <cscompliance-docreview-seller@amazon.com>","SELLER: A192R36HNXVJ38, ASIN: B0FCDRNTT8, MARKETPLACE: 1 - CSC -
 DOC REVIEW",,"96
SELLER: A192R36HNXVJ38, ASIN: B0FCDRNTT8, MARKETPLACE: 1 - CSC - DOC REVIEW
 Do not reply back to this e-mail!
Hello,
Thank you for submitting a document to the Chemical Safety Compliance Team.
Upon review, we determined that the Safety Data Sheet ( SDS ) you uploaded for your ASIN is invalid due to it being incomplete, inaccurate, or otherwise conflicting, and thus, cannot be used for classification. Even though you've provided a written statement asserting that this SDS is the correct one, unfortunately, it doesn't validate its applicability for your product due to the following issues with the SDS:
→ The SDS must be composed in accordance with a valid regulation/legislation for Chemical Safety Compliance( for which your product is listed and stored ).
The SDS does not include the legislation/regulation in accordance with the document was created
Legislation/regulation should be also mentioned in section 2 “Hazard Identification”.
→ The SDS must be composed in accordance with a valid regulation/legislation for Chemical Safety Compliance( for which your product is listed and stored ).
The SDS does not include the legislation/regulation in accordance with the document was create",2026-06-14 23:00:16,RETR,xtbBpAo3HWomg8rdOAAA3k
产品链接/合规类,last7,account_4,weihaizhongxin2024@126.com,"Mon, 8 Jun 2026 08:52:27 +0000","""cscompliance-docreview-seller@amazon.de"" <cscompliance-docreview-seller@amazon.de>","SELLER: A1UYGOR4ZW45MU, ASIN: B0GKPTF1T7, MARKETPLACE:
 A1PA6795UKMFR9 - SPO - Seller Partner Outreach - Document Review",,"96
SELLER: A1UYGOR4ZW45MU, ASIN: B0GKPTF1T7, MARKETPLACE: A1PA6795UKMFR9 - SPO - Seller Partner Outreach - Document Review
 Do not reply back to this e-mail!
Hello,
Thank you for submitting a document to the Chemical Safety Compliance Team.
The ASIN has been marked as compliant in our systems and will be reclassified in the shortest time possible.
No further action is required on your part in this matter.
We appreciate your prompt cooperation.
Thank you,
wierzchn
Amazon
 Ein Problem mit dieser E-Mail melden
 Bei Fragen besuchen Sie: Seller Central
 Zum Ändern Ihrer E-Mail-Einstellungen, gehen Sie zu: Benachrichtigungseinstellungen
 Copyright 2026 Amazon Inc. oder Tochtergesellschaften. Alle Rechte vorbehalten.
 Amazon EU S.à r.l.
38 avenue John F. Kennedy,
L-1855 Luxemburg,
Handelsregisternummer Luxemburg: B-101818,
 Gesellschaftskapital: 165.833 EUR,
Gewerbelizenznummer: 134248,
USt.-Identifikationsnummer Luxemburg: LU 20260743.
 SPC-EUAmazon-703689101271179",2026-06-14 23:00:16,RETR,xtbBsw733Womgs5CSgAA3f
法务/侵权类,last7,account_4,weihaizhongxin2024@126.com,"Fri, 12 Jun 2026 17:10:30 +0000",Luana Camargo <notifications@insgly.net>,Worten Marketplace - Portugal y España,,"Hola Weihai EU,
Soy Luana Camargo, Business Developer en Worten worten.pt / worten.es , el mayor marketplace de Portugal.
Nuestro equipo de análisis ha señalado que una asociación con usted sería una gran oportunidad para ambos.
¿Estaría disponible para una reunión online esta semana?
Acerca de Worten - Somos el líder del mercado portugués:
- Nº 1 del comercio electrónico portugués
- Sitio web con mayor tráfico de Portugal (más de 10 millones de visitas al mes) - Ranking de mercado
- Más de 200 tiendas físicas en Portugal y España, proporcionando una oportunidad omnicanal
- Plataforma de gestión: Mirakl (se puede integrar manualmente o vía API)
- Sin costes iniciales - 6 meses
Estaré encantado de ayudarle si tiene alguna pregunta.
Muchas gracias,
Saludos Cordiales",2026-06-14 23:00:46,RETR,xtbBpAoX-GosPYrcDwAA3n
法务/侵权类,last7,account_4,weihaizhongxin2024@126.com,"Fri, 12 Jun 2026 04:55:50 +0000",Amazon Services <donotreply@amazon.com>,"Hemos actualizado los requisitos del distintivo de Prime para Prime
 Day",,"96
 Para ayudarte a mantener el distintivo de Prime durante Prime Day, hemos actualizado nuestros requisitos del distintivo en España.
 Hola:
 Durante Prime Day, actualizaremos temporalmente nuestros requisitos del distintivo en España para ayudarte a mantener el distintivo de Prime.
 Del 14 de junio al 4 de julio de 2026, el 85 % de las ofertas aptas para Prime con las velocidades de entrega más rápidas recibirán el distintivo de Prime, siempre que tengan una velocidad de entrega de 7 días o menos . Este cambio se aplica a todas las ofertas de Logística de Amazon, gestionadas por el vendedor y de venta minorista de Amazon.
 Los requisitos habituales del distintivo de Prime volverán a aplicarse el 5 de julio de 2026.
 Agradecemos tu esfuerzo por ofrecer un gran servicio de compra a los clientes Prime durante este Prime Day.
Amazon Europe
 Informar de un problema con este correo electrónico
 Si tienes alguna pregunta, visita: Seller Central
 Para cambiar sus preferencias de correo electrónico visitan: Preferencias de Notificación
 Copyright 2026 Amazon.com.mx, Inc. o sus afiliados. Todos los derechos reservados.
 Amazon EU S.à r.l.
38 avenue John F. Kennedy,
L-1855 Luxemburgo,
Númer",2026-06-14 23:00:44,RETR,xtbBshnfxWorkVmC5QAA3f
法务/侵权类,last7,account_4,weihaizhongxin2024@126.com,"Fri, 12 Jun 2026 01:49:02 +0000",Notificaciones de Seller Central (sin buzón electrónico) <donotreply@amazon.com>,Actualización de estado de mercancías peligrosas,,"96
 Actualización de estado de mercancías peligrosas
 Actualización de estado de mercancías peligrosas
 Estimado vendedor:
 Amazon lleva a cabo regularmente revisiones de productos que pueden estar regulados como mercancía peligrosa (también conocidos como material peligroso) en sus centros logísticos. Realizamos estas revisiones para garantizar que nuestros envíos cumplen las normativas y estándares de seguridad, asegurando así el bienestar tanto de nuestros clientes como de nuestros empleados. Como resultado de una de estas revisiones, el estado de mercancías peligrosas de uno o más de tus productos ha cambiado. Consulta la información disponible a continuación para saber cómo afecta este cambio a tu inventario y a tus nuevos envíos.
 ARTÍCULOS APTOS PARA ENVÍO
 Los siguientes productos no eran aptos para el envío a través de Logística de Amazon o no se permitían en envíos a los centros logísticos de Amazon. Hemos eliminado estas restricciones. Ya podemos gestionar los siguientes productos o devolvértelos, de forma que puedes reanudar el envío de unidades nuevas a centros logísticos.
 ASIN
 SKU del vendedor
 FNSKU
 Título
 Estado actual
 Notas
 B0GKPTF1T7
 WHMKB0615
 X002C14QJT
 ",2026-06-14 23:00:42,RETR,xtbBpBLiyGorZZK4zwAA3d
法务/侵权类,last7,account_4,weihaizhongxin2024@126.com,"Fri, 12 Jun 2026 01:44:43 +0000","""Powiadomienia z Amazon Seller Central (nie odpowiadaj)"" <donotreply@amazon.com>",Status materiałów niebezpiecznych (hazmat),,"96
 Status materiałów niebezpiecznych (hazmat)
 Status materiałów niebezpiecznych (hazmat)
 Witamy w Fulfillment by Amazon
 Amazon dokonuje regularnych przeglądów produktów w naszych centrach logistycznych, które mogą być regulowane jako materiały niebezpieczne (znane również jako hazmat). Przeprowadzamy te przeglądy, aby zapewnić zgodność naszych przesyłek z wymogami regulacyjnymi i normami bezpieczeństwa dla naszych klientów i pracowników. Po jednym takim przeglądzie stan materiałów niebezpiecznych jednego produktu lub większej liczby produktów uległ zmianie. Przeczytaj poniższe informacje, aby dowiedzieć się więcej o tym, co to oznacza dla istniejących zapasów i nowych przesyłek.
 PRODUKTY NADAJĄCE SIĘ DO REALIZACJI
 Następujące produkty wcześniej nie nadawały się do realizacji za pośrednictwem usługi Fulfillment by Amazon lub nie były już dozwolone w przesyłkach do centrów logistycznych Amazon. Ograniczenia te zostały cofnięte. Poniższe produkty mogą być nadal realizowane przez firmę Amazon lub zwracane do Ciebie; możesz wznowić wysyłanie nowych jednostek do centrów logistycznych.
 ASIN
 SKU sprzedawcy
 SKU sieci logistycznej
 Tytuł
 Bieżący status:
 Uwagi
 B0GKPTF1T7
 WHMKB061",2026-06-14 23:00:42,RETR,xtbBsg6hh2orZI69XwAA3T
法务/侵权类,last7,account_4,weihaizhongxin2024@126.com,"Fri, 12 Jun 2026 01:35:25 +0000",Notifications Amazon Seller Central (ne pas répondre) <donotreply@amazon.com>,Mise à jour du statut des matières dangereuses (Hazmat),,"96
 Mise à jour du statut des matières dangereuses (Hazmat)
 Mise à jour du statut des matières dangereuses (Hazmat)
 Bonjour de la part du service Expédié par Amazon,
 Amazon effectue des examens réguliers des produits se trouvant dans nos centres de distribution qui pourraient être considérés comme des matières dangereuses . Nous procédons à ces examens afin de nous assurer que nos expéditions répondent aux exigences réglementaires ainsi qu’aux normes de sécurité vis-à-vis de nos clients et de nos employés. Suite à l’un de ces examens, le statut de matières dangereuses d’un ou de plusieurs de vos produits a changé. Lisez les informations ci-dessous pour en savoir plus sur les conséquences que cela pourrait avoir sur vos produits en stock et vos prochaines expéditions.
 ARTICLES EXPÉDIABLES
 Le ou les produits suivants ne pouvaient auparavant pas être distribués par le service Expédié par Amazon et/ou n’étaient plus autorisés dans les expéditions vers les centres de distribution d’Amazon. Ces restrictions ont été supprimées. Les produits ci-dessous peuvent continuer à être distribués par le service Expédié par Amazon ou vous être renvoyés, et vous pouvez reprendre l’envoi de nouve",2026-06-14 23:00:40,RETR,xtbBpQEW+2orYmGVBgAA3Y
法务/侵权类,last7,account_4,weihaizhongxin2024@126.com,"Fri, 12 Jun 2026 01:03:25 +0000","""Notifiche di Amazon Seller Central (non rispondere)"" <donotreply@amazon.com>",Aggiornamento dello stato delle merci pericolose,,"96
 Aggiornamento dello stato delle merci pericolose
 Aggiornamento dello stato delle merci pericolose
 Buongiorno da Logistica di Amazon.
 Amazon conduce regolari verifiche sui prodotti dei nostri centri logistici che rientrano nella classificazione di merci pericolose (sostanze o materiali pericolosi). Effettuiamo queste verifiche allo scopo di accertare che le nostre spedizioni rispettino i requisiti di legge e gli standard di sicurezza richiesti per gli acquirenti e per il personale. A seguito di uno di questi controlli, lo stato relativo alla sicurezza di uno o più dei suoi prodotti è cambiato. La invitiamo a leggere le informazioni riportate di seguito per capire meglio cosa comporta questa modifica per le unità del suo inventario in deposito nei nostri centri logistici e per quelle che ci invierà in futuro.
 ARTICOLI GESTIBILI
 In passato, i prodotti elencati di seguito erano stati dichiarati non elaborabili con Logistica di Amazon o non erano stati considerati idonei a essere spediti ai centri logistici Amazon. Abbiamo rimosso queste restrizioni, pertanto potrà continuare a gestire con Amazon i prodotti elencati di seguito oppure richiedere la restituzione delle unità in ma",2026-06-14 23:00:40,RETR,xtbBswE0GmorWuEYNQAA3L
法务/侵权类,last7,account_4,weihaizhongxin2024@126.com,"Fri, 12 Jun 2026 01:03:17 +0000","""Amazon Seller Central-meldingen (niet beantwoorden)"" <donotreply@amazon.com>",Update van status gevaarlijke goederen,,"96
 Update van status gevaarlijke goederen
 Update van status gevaarlijke goederen
 Hallo van het Fulfillment by Amazon-team,
 Amazon voert regelmatig controles uit bij producten in onze fulfillment centers die onder regelgeving van gevaarlijke goederen zouden kunnen vallen (ook bekend als hazmat of gevaarlijke stoffen). We voeren deze controles uit om ervoor te zorgen dat onze zendingen voldoen aan de wettelijke vereisten en veiligheidsnormen voor onze klanten en werknemers. Na een dergelijke controle is de status van gevaarlijke goederen van een of meer van je producten veranderd. Lees onderstaande informatie voor meer informatie over wat dit betekent voor je bestaande voorraad en nieuwe zendingen.
 LEVERBARE ITEMS
 De volgende producten waren voorheen niet leverbaar via Fulfillment by Amazon of waren niet langer toegestaan in zendingen naar Amazon Fulfillment Centers. Deze beperkingen zijn opgeheven. Onderstaande producten kunnen door Amazon worden geleverd of aan jou worden geretourneerd en je kunt weer nieuwe eenheden naar fulfillment centers versturen.
 ASIN
 Verkoper-SKU
 FNSKU
 Titel
 Huidige status
 Opmerkingen
 B0GKPTF1T7
 WHMKB0615
 X002C14QJT
 Roaxkois Keramische beschi",2026-06-14 23:00:40,RETR,xtbBpBgyGGorWtgo1gAA3r
法务/侵权类,last7,account_4,weihaizhongxin2024@126.com,"Thu, 11 Jun 2026 11:41:38 +0000","""Pereira, Sheryl"" <persher@amazon.com>",Amazon India your next growth market,,"Hi Team,
Sheryl this side from Amazon India Out of Country team, we work with high-potential global brands to successfully launch and scale their presence in India. Given the current selection gaps and growing customer demand, I believe Amazon.in could be a great opportunity for Roaxkois
I'd love to connect for a brief discussion to walk you through the business potential and launch process. Let me know if you'd be open to a quick connect, you can also block my calendar with https://amazon.zoom.us/zbook/sheryl-pereira/sheryl-international-business-introductory-connect
Looking forward to hearing from you!
Regards,
Sheryl Pereira
Business Development Associate,
Amazon Global Sales-India
[cid:image002.png@01DCF9C5.1AD67C90]LinkedIn<https://www.linkedin.com/in/sheryl-p/>| International Brands Storefront<https://www.amazon.in/gp/browse.html?node=21469514031&ref_=nav_em_nav_ibrand_desktop_0_1_1_33>",2026-06-14 23:00:38,RETR,xtbBpRcK72oqnvdzJwAA3q
法务/侵权类,last7,account_4,weihaizhongxin2024@126.com,"Thu, 11 Jun 2026 08:25:43 +0000",Amazon Europe <no-reply@sell.amazon.com>,最大化您的 Prime Day 业绩,,"最大化您的 Prime Day 业绩
尊敬的卖家，
为 2026 年 Prime Day做好准备 - 为数百万 Prime 会员打造不容错过的优惠！加入我们今年6月为期4天活动。通过提交促销，确保充足库存，提升曝光度以助力您冲刺最佳业绩！
关键日期
活动日期： 2026年6月 (具体日期待公布)
提报截止日期： 促销 – 2026 年 6 月 19 日，价格折扣 – 活动结束前 12 小时
提报您的促销 > https://go.amazonsellerservices.com/e/229492/reate-ld-DC-EM-D466345311-Wk24/7z3z1q7/6709636974/h/uq3xXX59LyOSLanIApIcx-STiI62BQPtDoy9SBDVxwA
<table align=""center"" border=""0"" cellpadding=""0"" cellspacing=""0"" class=""section"" role=""presentation"" style=""width:100%;"">
	<tbody>
		<tr>
			<td align=""center"">
			<div role=""none"">
<!--[if(mso)|(IE)]>
<table align=""center"" border=""0"" cellpadding=""0"" cellspacing=""0"" class=""block-grid-outlook"" style=""width:600px;"" width=""600"" >
<tr>
<td style=""line-height:0px;font-size:0px;mso-line-height-rule:exactly;""><![endif]-->
			<div style=""margin:0 auto;border-radius:0px;max-width:600px;"">
			<table align=""center"" border=""0"" cellpadding=""0"" cellspacing=""0"" role=""presentation"" style=""width:100%;border-radius:0px;"">
				<tbody>
					<tr>
						<td class=""block-grid"" style=""border-radius:0px;font-size:0px;padding:12px 0px 12px 0px;text-align:center;vertical-align:top;"">
<!--[if(mso)|(IE)]>
<table role=""presentation"" border=""0"" cellpadding=""0"" cellspacing",2026-06-14 23:00:37,RETR,xtbBsgqDaWoqcQo9cQAA3l
法务/侵权类,last7,account_4,weihaizhongxin2024@126.com,"Wed, 10 Jun 2026 20:16:28 +0000",Amazon Services <donotreply@amazon.com>,27 lipca rozpocznie się ulepszanie tytułów stron produktów,,"96
 Tytuły we wszystkich kategoriach (z wyjątkiem kategorii „Media”) będą musiały zawierać 75 znaków lub mniej, łącznie ze spacjami. Nowa funkcja „Najważniejsze informacje” zapewnia dodatkowe 125 znaków, umożliwiając udostępnianie materiałów.
 Dzień dobry,
 tytuły stron produktów są jedną z pierwszych rzeczy, które widzą klienci, a dla klientów kupujących przy użyciu urządzeń mobilnych liczy się każdy znak. Aby zagwarantować, że tytuły stron produktów są atrakcyjne dla klientów na całym świecie, wprowadzamy pewne zmiany, które pomogą Ci z łatwością przedstawić nazwę produktu i najważniejsze informacje o nim.
 Począwszy od 27 lipca 2026 r. tytuły we wszystkich kategoriach (z wyjątkiem kategorii „Media”) będą musiały zawierać 75 znaków lub mniej, łącznie ze spacjami. Zagwarantuje to, że tytuł będzie wyświetlany w całości na urządzeniach mobilnych i będzie zgodny z długością tytułów w innych sklepach internetowych.
 Najważniejsze informacje zawierają dodatkowe 125 znaków, aby umożliwić udostępnianie materiałów lub zalecanych zastosowań, które pomogą klientom porównać dostępne opcje. Treść ta jest możliwa do wyszukania oraz widoczna pod tytułami w wynikach wyszukiwania i na stronach pr",2026-06-14 23:00:36,RETR,xtbBpR+dg2opxh+GCAAA3w
法务/侵权类,last7,account_4,weihaizhongxin2024@126.com,"Wed, 10 Jun 2026 20:08:24 +0000",Amazon Services <donotreply@amazon.com>,"Aggiornamenti per migliorare i titoli dei prodotti a partire dal 27
 luglio",,"96
 I titoli in tutte le categorie eccetto i prodotti multimediali dovranno contenere un massimo di 75 caratteri, spazi inclusi. Nelle caratteristiche principali dei prodotti, saranno ora disponibili altri 125 caratteri per descrivere i materiali.
 Buongiorno,
 i titoli dei prodotti sono una delle prime cose che i clienti vedono e, per i clienti che effettuano acquisti su dispositivi mobili, ogni carattere è importante. Per fare in modo che i titoli dei prodotti attirino clienti di tutto il mondo, abbiamo apportato delle modifiche che ti aiuteranno a mostrare il nome e le caratteristiche principali dei prodotti in modo uniforme.
 A partire dal 27 luglio 2026 , i titoli in tutte le categorie eccetto i prodotti multimediali dovranno contenere un massimo di 75 caratteri, spazi inclusi. Questo assicurerà che il titolo venga visualizzato completamente sul dispositivo mobile e sia coerente con la lunghezza usata da altri negozi online.
 Per le caratteristiche principali dell'articolo, saranno disponibili altri 125 caratteri per descrivere i materiali o i casi d'uso consigliati, in modo da consentire ai clienti di confrontare le opzioni. Questi contenuti saranno ricercabili e visibili sot",2026-06-14 23:00:35,RETR,xtbBshskCmopxDuFmwAA3l
法务/侵权类,last7,account_4,weihaizhongxin2024@126.com,"Wed, 10 Jun 2026 20:05:34 +0000",Amazon Services <donotreply@amazon.com>,Updates om je producttitels te verbeteren beginnen op 27 juli,,"96
 Titels in alle categorieën, behalve in de categorie ‘media’ mogen maximaal 75 tekens lang zijn, inclusief spaties. Met de nieuwe functie Itemhoogtepunten kun je nu 125 extra tekens gebruiken om materiaal te delen.
 Hallo,
 Je producttitels zijn een van de eerste dingen die klanten zien, en voor klanten die mobiel winkelen, telt elk teken. Om ervoor te zorgen dat je producttitels overal klanten aanspreken, voeren we een aantal wijzigingen door waarmee je je productnaam en de belangrijkste kenmerken van je product naadloos kunt weergeven.
 Vanaf 27 juli 2026 mogen titels in alle categorieën, behalve in de categorie ‘media’, maximaal 75 tekens lang zijn, inclusief spaties. Dit zorgt ervoor dat je titel volledig wordt weergegeven op mobiel en overeenkomt met de titellengte die door andere online winkels wordt gebruikt.
 Itemhoogtepunten bevatten 125 extra tekens voor het delen van materiaal of aanbevolen gebruikscases waarmee klanten opties kunnen vergelijken. Deze inhoud is zoekbaar en zichtbaar onder titels in zoekresultaten en op productpagina's.
 We bieden je tools die door AI worden aangedreven om ervoor te zorgen dat je nieuwe titels en itemhoogtepunten optimaal zijn. Je kunt",2026-06-14 23:00:34,RETR,xtbBshD532opw5B-OwAA3Q
法务/侵权类,last7,account_4,weihaizhongxin2024@126.com,"Wed, 10 Jun 2026 20:05:16 +0000",Amazon Services <donotreply@amazon.com>,Las actualizaciones para mejorar los títulos de los productos entrarán en vigor el 27 de julio,,"96
 Los títulos de todas las categorías, excepto multimedia, tendrán que tener 75 caracteres o menos, contando espacios. La nueva herramienta de aspectos destacados del producto ahora ofrece 125 caracteres más para compartir materiales.
 Hola:
 Los títulos de los productos son uno de los primeros aspectos que ven los clientes y, para aquellos que compran en dispositivos móviles, cada carácter cuenta. Para garantizar que los títulos atraigan a clientes de todo el mundo, hemos hecho algunos cambios que te ayudarán a mostrar el nombre del producto y sus aspectos más destacados a la perfección.
 A partir del 27 de julio de 2026 , los títulos de todas las categorías, excepto multimedia, tendrán que tener 75 caracteres o menos, contando espacios. Así nos aseguramos de que el título se mostrará completamente en dispositivos móviles y que coincida con la longitud que utilizan otras tiendas en Internet.
 Los aspectos destacados del producto proporcionan 125 caracteres adicionales para dar información sobre materiales o casos de uso recomendados, lo que ayuda a los clientes a comparar opciones. Este contenido se puede buscar y aparece debajo de los títulos en los resultados de búsqueda, así ",2026-06-14 23:00:34,RETR,xtbBpAD122opw4BaawAA37
法务/侵权类,last7,account_4,weihaizhongxin2024@126.com,"Wed, 10 Jun 2026 19:10:59 +0000",Amazon Europe <donotreply@amazon.com>,Nueva restricción de la UE sobre la puesta de inventario de productos textiles y calzado a disposición de Amazon,,"96
 A más tardar el 19 de julio, actualiza la configuración de retiradas de prendas de vestir y calzado en los centros logísticos de la UE
 Hola:
A partir del 19 de julio de 2026 , los nuevos requisitos de la UE establecidos en el Reglamento sobre diseño ecológico de productos sostenibles restringirán la destrucción de determinados productos no vendidos, entre los que se incluyen prendas de vestir, complementos de moda y calzado.
 Con este cambio, podrías incurrir en una multa por la puesta de estos productos a nuestra disposición de acuerdo con los requisitos nacionales del país, en función del tamaño de tu empresa y del volumen de productos afectados.
Si vendes productos textiles o calzado en la UE, te recomendamos que actualices la configuración de las retiradas de inventario de Logística de Amazon a ""Devolver"", ""Liquidar"" o ""Donar"" (cuando sea posible) antes del 19 de julio de 2026.
Para consultar las opciones y requisitos de las retiradas, ve a Retirada de inventario de un centro logístico .
 Nota: Los productos que no puedan destinarse a donación o liquidación pueden requerir su puesta de inventario a disposición de Amazon de acuerdo con las normativas y directrices de seguri",2026-06-14 23:00:33,RETR,xtbBpAbDqWoptsbpLgAA38
法务/侵权类,last7,account_4,weihaizhongxin2024@126.com,"Wed, 10 Jun 2026 19:03:48 +0000",Amazon Europe <donotreply@amazon.com>,"Nuove limitazioni dell'Unione europea sul reimpiego di prodotti
 tessili e calzature",,"96
 Aggiorna le impostazioni di rimozione per capi di abbigliamento, accessori e calzature nei centri logistici dell'Unione europea entro il 19 luglio
 Buongiorno,
a partire dal 19 luglio 2026 , i nuovi requisiti dell'Unione europea previsti dalle normative di progettazione ecocompatibile per prodotti sostenibili (ESPR) stabiliranno dei limiti alla distruzione di alcuni prodotti invenduti, tra cui abbigliamento, accessori e calzature.
 Di conseguenza, la distruzione di tali prodotti potrebbe esporti al rischio di multe, in base ai requisiti locali, alle dimensioni della tua attività e al volume di articoli distrutti.
Se vendi prodotti tessili o calzature nell'Unione europea, ti consigliamo di aggiornare le impostazioni di rimozione di Logistica di Amazon su Restituzione, Liquidazione o Donazione (ove disponibili) entro il 19 luglio 2026.
Per verificare le opzioni di rimozione e l'idoneità, consulta Rimuovere l'inventario da un centro logistico .
 Nota: I prodotti non idonei alla donazione o alla liquidazione potrebbero richiedere il reimpiego da parte di Amazon in conformità alle normative pertinenti e alle linee guida sulla sicurezza. Ciò potrebbe influire sullo stato di conformit",2026-06-14 23:00:32,RETR,xtbBshZXPWoptRb+XAAA3M
法务/侵权类,last7,account_4,weihaizhongxin2024@126.com,"Wed, 10 Jun 2026 18:26:32 +0000",Amazon Europe <donotreply@amazon.com>,Nowe ograniczenia UE dotyczące usuwania tekstyliów i obuwia,,"96
 Do 19 lipca zmień ustawienia wycofywania zapasów odzieży i obuwia magazynowanych w centrach logistycznych w UE
 Dzień dobry,
od 19 lipca 2026 r. możliwość niszczenia niektórych niesprzedanych produktów, w tym odzieży, akcesoriów odzieżowych i obuwia, zostanie ograniczona. Wynika to z nowych wymogów UE ustanowionych w rozporządzeniu w sprawie ekoprojektu dla zrównoważonych produktów (ESPR) .
 W związku z tą zmianą możesz otrzymać karę za usunięcie takich produktów zgodnie z wymogami danego kraju. Będzie ona zależeć od wielkości Twojego biznesu i usuwanych ilości.
Jeśli prowadzisz sprzedaż tekstyliów lub obuwia w UE, przed 19 lipca 2026 r. zmień ustawienia wycofywania zapasów FBA na „Zwrot”, „Likwidacja” lub „Darowizna” (o ile opcja ta jest dostępna).
Aby poznać opcje wycofywania i warunki kwalifikacji, przejdź na stronę Wycofywanie zapasów z centrum logistycznego .
 Uwaga: Produkty, które nie kwalifikują się do likwidacji ani do przekazania jako darowizna, mogą wymagać usunięcia zgodnie z odpowiednimi przepisami i wytycznymi dotyczącymi bezpieczeństwa. Może to wpłynąć na Twoją zgodność z rozporządzeniem ESPR.
Ponadto 25 czerwca aktualizujemy warunki programu „Darowizny w ramach ",2026-06-14 23:00:32,RETR,xtbBpRsmDGoprFuaJgAA3c
法务/侵权类,last7,account_4,weihaizhongxin2024@126.com,"Wed, 10 Jun 2026 18:08:34 +0000",Amazon Europe <donotreply@amazon.com>,Nouvelle restriction de l’UE sur la mise au rebut des textiles et des chaussures,,"96
 D’ici le 19 juillet, mettez à jour vos paramètres de demande de prélèvement pour les vêtements, les accessoires vestimentaires et les chaussures dans les centres de distribution de l’UE
 Bonjour,
À partir du 19 juillet 2026 , de nouvelles exigences de l’UE prévues par le Règlement sur l’écoconception des produits durables (ESPR) limiteront la destruction de certains produits invendus, notamment les vêtements, les accessoires vestimentaires et les chaussures.
 Avec ce changement, vous risquez une amende pour la mise au rebut de ces produits conformément aux exigences locales, selon la taille de votre entreprise et le volume de mise au rebut.
Si vous vendez des textiles ou des chaussures dans l’UE, nous vous recommandons de mettre à jour vos paramètres de prélèvement Expédié par Amazon sur Retour, Liquider ou Faire un don (si applicable) avant le 19 juillet 2026.
Pour consulter les options de prélèvement et l’éligibilité, accédez à Prélever le stock d’un centre de distribution .
 Remarque : Les produits qui ne sont pas éligibles à un don ou à la liquidation peuvent nécessiter une mise au rebut conformément à la réglementation et aux instructions de sécurité applicables. Cela peut",2026-06-14 23:00:31,RETR,xtbBsgUY-WopqCWCmwAA3F
法务/侵权类,last7,account_4,weihaizhongxin2024@126.com,"Tue, 9 Jun 2026 15:18:50 +0000",Amazon Seller Central <donotreply@amazon.com>,Your Amazon.ca Fulfillment by Amazon Merchant Invoice for 5/2026,,"Your Amazon.ca Fulfillment by Amazon Merchant Invoice for 5/2026
 96
Hello,
We are writing to inform you that your electronic Fulfillment by Amazon Merchant Invoice for the month of 5/2026 is now available in your Seller Central Account.
To access your invoice, go to your Tax Document Library . In your Tax Document Library, you will be able to view, download or print your invoice.
The Amazon Services Team
 Monsieur/Madame Shen zhen shi wei hai zhong xin ke ji you xian,
Nous vous écrivons pour vous informer que votre Facture Expédié Par Amazon pour le mois de 5/2026 est maintenant disponible dans votre compte Seller Central.
Pour accéder à votre facture, rendez-vous sur votre compte Seller Central et veuillez accéder à la page Rapports > Bibliothèque d'informations fiscales > Factures des frais du vendeur.
Dans votre compte Seller Central, vous pourrez afficher, télécharger ou imprimer votre facture.
Pour toute question, contactez le Support Vendeur.
Cordialement,
Amazon.ca
 Report an issue with this email
 If you have any questions visit: Seller Central
 To change your email preferences visit: Notification Preferences
 We hope you found this message to be useful. However, if you'd ",2026-06-14 23:00:25,RETR,xtbBpB5nTWooLt5LugAA3T
法务/侵权类,last7,account_4,weihaizhongxin2024@126.com,"Tue, 9 Jun 2026 01:50:24 +0000",Aviseringar från Amazon Seller Central (svara inte) <donotreply@amazon.com>,Statusuppdatering för farligt gods,,"96
 Statusuppdatering för farligt gods
 Statusuppdatering för farligt gods
 Hej från Fraktas från Amazon,
 Vi genomför för närvarande en granskning av farligt gods för en eller flera av dina produkter:
 DG-DOKUMENTATION SOM ÄR MOTSTRIDIG ELLER SAKNAS
 ASIN
 Säljar-SKU
 Leveransnätverks-SKU
 Titel
 B0GKPTF1T7
 WHMKB0615
 X002C14QJT
 Roaxkois Keramiskt målningsset | Koppmålningsset innehåller koppar, borstar, färger och instruktioner för målning | keramik-set för hemmet | pysselset för vuxna
 Därför händer detta
 Vi har inte tillräckligt med information för att korrekt kunna klassificera ovanstående produkter beträffande farligt gods, och innan du tillhandahåller den nödvändiga informationen är produkterna inte tillgängliga för försäljning och du kan inte skicka fler enheter till Amazons distributionscentra. Vi ber dig tillhandahålla ett korrekt säkerhetsdatablad för varje produkt som listas ovan. Du får endast lämna in ett Undantag / Exemption sheet om produkten inte har ett säkerhetsdatablad och inte innehåller några skadliga kemikalier, t.ex. alkohol, syra, natrium etc., eller om produkten är, innehåller eller säljs med batterier.
 Gör så här för att fortsätta sälja de här produkt",2026-06-14 23:00:23,RETR,xtbBpATZv2oncWTQWgAA3U
法务/侵权类,last7,account_4,weihaizhongxin2024@126.com,"Tue, 9 Jun 2026 01:16:55 +0000",Notificaciones de Seller Central (sin buzón electrónico) <donotreply@amazon.com>,Actualización de estado de mercancías peligrosas,,"96
 Actualización de estado de mercancías peligrosas
 Actualización de estado de mercancías peligrosas
 Estimado vendedor:
 Estamos llevando a cabo una revisión de mercancías peligrosas sobre uno o varios de tus productos:
 FALTA DOCUMENTACIÓN DE MERCANCÍAS PELIGROSAS O ES CONTRADICTORIA
 ASIN
 SKU del vendedor
 FNSKU
 Título
 B0GKPTF1T7
 WHMKB0615
 X002C14QJT
 Juego de pintura de cerámica, juego de tazas para pintar, incluye tazas, pinceles, pinturas e instrucciones para pintar, juego de alfarería para el hogar, kit de manualidades para adultos (Ondulado)
 ¿A qué se debe esto?
 No podemos clasificar correctamente los productos mencionados debido a que no tenemos suficiente información sobre las mercancías peligrosas. Ten en cuenta que, hasta que proporciones toda la información necesaria, los productos no estarán disponibles para la venta y no podrás continuar enviando unidades a los centros logísticos de Amazon. Tienes que proporcionar la ficha de datos de seguridad (FDS) de cada producto mencionado. Sólo puedes enviar una ficha de exención si el producto no tiene una FDS y no contiene productos químicos nocivos como alcohol, ácido, sodio, etc., o si el producto es una batería o ",2026-06-14 23:00:22,RETR,xtbBpAvgxmonaYtm5QAA3l
法务/侵权类,last7,account_4,weihaizhongxin2024@126.com,"Tue, 9 Jun 2026 01:10:30 +0000","""Powiadomienia z Amazon Seller Central (nie odpowiadaj)"" <donotreply@amazon.com>",Status materiałów niebezpiecznych (hazmat),,"96
 Status materiałów niebezpiecznych (hazmat)
 Status materiałów niebezpiecznych (hazmat)
 Witamy w Fulfillment by Amazon
 Obecnie przeprowadzamy przegląd materiałów niebezpiecznych (hazmat) jednego produktu lub większej liczby produktów:
 SPRZECZNA LUB BRAKUJĄCA DOKUMENTACJA DG
 ASIN
 SKU sprzedawcy
 SKU sieci logistycznej
 Tytuł
 B0GKPTF1T7
 WHMKB0615
 X002C14QJT
 Roaxkois Zestaw do malowania na ceramice | Zestaw do malowania filiżanek zawiera filiżanki, pędzle, farby i instrukcję malowania | Zestaw do rzemiosła dla domu | Zestaw do rękodzieła dla dorosłych
 Jaka jest tego przyczyna
 Nie mamy wystarczającej ilości informacji o materiałach niebezpiecznych, aby prawidłowo sklasyfikować ww. produkty; dopóki nie dostarczysz niezbędnych informacji, produkty nie będą dostępne do sprzedaży i nie będziesz mógł wysłać więcej jednostek do centrów logistycznych Amazon. Musisz dostarczyć odpowiednią kartę charakterystyki dla każdego ww. produktu. Arkusz zwolnienia z obowiązku dostarczenia karty charakterystyki można złożyć tylko wtedy, kiedy produkt nie posiada szkodliwych substancji chemicznych, takich jak alkohol, kwas, sód itp., lub jeśli produkt jest bateriami, zawiera je lub jest sprze",2026-06-14 23:00:22,RETR,xtbBpAqAZmonaApTUQAA3l
法务/侵权类,last7,account_4,weihaizhongxin2024@126.com,"Tue, 9 Jun 2026 01:05:17 +0000","""Notifiche di Amazon Seller Central (non rispondere)"" <donotreply@amazon.com>",Aggiornamento dello stato delle merci pericolose,,"96
 Aggiornamento dello stato delle merci pericolose
 Aggiornamento dello stato delle merci pericolose
 Buongiorno da Logistica di Amazon.
 Al momento stiamo effettuando una revisione delle merci pericolose di uno o più dei suoi prodotti:
 DOCUMENTAZIONE MERCI PERICOLOSE DISCORDANTE O MANCANTE
 ASIN
 SKU venditore
 FNSKU
 Titolo
 B0GKPTF1T7
 WHMKB0615
 X002C14QJT
 Roaxkois Set di pittura in ceramica | Set di tazze da pittura include tazze, pennelli, colori e istruzioni per dipingere, set di ceramiche per la casa, set fai da te per adulti (Ondulato)
 Qual è il problema?
 Non disponiamo di informazioni sufficienti sulle merci pericolose per classificare correttamente i prodotti di cui sopra. Inoltre, finché non fornisci le informazioni necessarie, i prodotti non saranno disponibili per la vendita e non potrai inviare più unità ai centri logistici Amazon. Dovrai fornire una corretta scheda di sicurezza (SDS) per ogni prodotto sopra elencato. È possibile presentare una scheda di esenzione solo se il prodotto non dispone di una scheda di sicurezza e non contiene sostanze chimiche nocive, come alcol, acido, sodio e così via, o se il prodotto è, contiene o viene venduto con batterie.
 Cos",2026-06-14 23:00:21,RETR,xtbBsxAyGGonZtCyVgAA3W
法务/侵权类,last7,account_4,weihaizhongxin2024@126.com,"Tue, 9 Jun 2026 01:05:00 +0000","""Amazon Seller Central-meldingen (niet beantwoorden)"" <donotreply@amazon.com>",Update van status gevaarlijke goederen,,"96
 Update van status gevaarlijke goederen
 Update van status gevaarlijke goederen
 Hallo van het Fulfillment by Amazon-team,
 Momenteel beoordelen we een of meer van jouw producten op eigenschappen van gevaarlijke goederen:
 CONFLICTERENDE OF ONTBREKENDE DOCUMENTATIE VAN GEVAARLIJKE GOEDEREN
 ASIN
 Verkoper-SKU
 FNSKU
 Titel
 B0GKPTF1T7
 WHMKB0615
 X002C14QJT
 Roaxkois Keramische beschilderset, mokken, bevat kopjes, penselen, kleuren en handleiding voor het schilderen, pottenbakkersset voor thuis, knutselset voor volwassenen
 Waarom dit gebeurt
 We hebben niet genoeg informatie over gevaarlijke goederen om bovenstaande producten correct te classificeren. Totdat je de nodige informatie verstrekt zijn de producten niet beschikbaar voor verkoop en kun je geen eenheden meer naar Amazon Fulfillment Centers sturen. Je moet voor elk hierboven vermeld product een correct veiligheidsinformatieblad (VIB) verstrekken. Je kunt alleen een vrijstellingsformulier indienen als het product geen SDS heeft en geen schadelijke chemische stoffen bevat, zoals alcohol, zuur, natrium enzovoort, of als het gaat om batterijen, of producten die een batterij bevatten of ermee worden verkocht.
 Doorgaan met h",2026-06-14 23:00:21,RETR,xtbBpAAuFGonZsBBOgAA3O
货件/库存类,last7,account_4,weihaizhongxin2024@126.com,"Sat, 13 Jun 2026 04:57:38 +0000",Fulfilment by Amazon <donotreply@amazon.com>,Create FBA removal order by 2026-06-25,,"96
Automated removals of unfulfillable inventory
 Required removals: First notification
 Required removals: First notification
 Hello,
Your FBA inventory listed below became unsellable in the past seven days. You must create a removal order by 2026-06-25 or these items will be disposed of. Removal fees will apply. Review the affected items and next steps below.
Unsellable products:
- FNSKU: X002A02JJ1 Quantity: 1
- FNSKU: X002A05YW5 Quantity: 1
 Why is this happening?
This action is required because these items are no longer in sellable condition in our fulfilment centres. According to our FBA Required Removals policy, all unsuitable units must be removed within 14 days of notification. To learn more, go to our FBA Required Removals policy .
We leveraged a combination of automated means to identify this issue and make this decision.
 How do I address this?
Follow these steps to manage your unsellable inventory:
- Check your complete list and quantity of unsellable items in the Manage FBA inventory .
- Create a removal order (removal fees apply) by following the instructions in Remove inventory overview .
 To avoid future manual inventory removal orders, set up Automated Unfulfillab",2026-06-14 23:00:47,RETR,xtbBsgavlWos40bkpQAA3s
货件/库存类,last7,account_4,weihaizhongxin2024@126.com,"Sat, 13 Jun 2026 04:53:34 +0000",Fulfilment by Amazon <donotreply@amazon.com>,Create FBA removal order by 2026-06-25,,"96
Automated removals of unfulfillable inventory
 Required removals: First notification
 Required removals: First notification
 Hello,
Your FBA inventory listed below became unsellable in the past seven days. You must create a removal order by 2026-06-25 or these items will be disposed of. Removal fees will apply. Review the affected items and next steps below.
Unsellable products:
- FNSKU: B0DRCB74YN Quantity: 1
- FNSKU: B0DRCC2H56 Quantity: 1
- FNSKU: B0DRCF83VZ Quantity: 2
- FNSKU: X002A05YW5 Quantity: 4
 Why is this happening?
This action is required because these items are no longer in sellable condition in our fulfilment centres. According to our FBA Required Removals policy, all unsuitable units must be removed within 14 days of notification. To learn more, go to our FBA Required Removals policy .
We leveraged a combination of automated means to identify this issue and make this decision.
 How do I address this?
Follow these steps to manage your unsellable inventory:
- Check your complete list and quantity of unsellable items in the Manage FBA inventory .
- Create a removal order (removal fees apply) by following the instructions in Remove inventory overview .
 To avoid futu",2026-06-14 23:00:47,RETR,xtbBpRFyWGos4lHYQwAA3w
其他风险类,last7,account_4,weihaizhongxin2024@126.com,"Fri, 12 Jun 2026 08:49:28 +0000","""Gao, Mark"" <gaomark@amazon.com>",亚马逊广告限时激励活动 - Weihai EU,,"Amazon has replaced the attachment in this email with download link.
Important: This link may contain content that is confidential. Please exercise appropriate caution when sharing.
1 Attachment [Download all] | Passcode required AimY29
https://us-east-1.secure-attach.amazon.com/all/d61a622a-beb3-4784-b47d-973e74a81bd3/4cda92d7-d756-41b1-9ee0-b677b2e973bf
[Wecom.jpg]
https://us-east-1.secure-attach.amazon.com/4cda92d7-d756-41b1-9ee0-b677b2e973bf/fb9cff42-aabc-4362-bae7-68b81106b117
 Attachments Available Until: July 12, 2026, 08:48 (UTC+00:00)
Help us improve: How was your experience? [Share Your Feedback]
https://amazonexteu.qualtrics.com/jfe/form/SV_ehuz6zGo8YnsRKK
Need assistance? [Visit Here] for FAQs and support resources.
https://docs.secure-attach.amazon.com/guide
亚马逊全球开店
欧洲新兴站点广告激励活动
尊敬的 Weihai EU 朋友，
我们诚邀您参加亚马逊广告限时激励活动，助力您在欧洲新兴站点中脱颖而出，抢占销售先机！这是您快速提升品牌曝光度、实现销量突破的绝佳机会！
您的账户在以下站点符合此次活动条件。如果您在 对应的时间 前完成 相应的任务条件，将可获得大额广告优惠券，直接用于抵扣亚马逊广告费用！
站点      广告类型    优惠金额    截止日期    任务条件
荷兰      SPONSORED BRANDS        $100    2026-06-13      创建首个品牌推广广告
具体步骤
1. 在亚马逊广告<https://advertising.amazon.com/zh-cn/sign-in>网站注册对应站点的广告账户
2. 在对应站点完成相应的任务条件（详见上表）
3. 完成后14天内，优惠券会自动发放到您的广告账户
更多优惠券说明，请参考官方网",2026-06-14 23:00:44,RETR,xtbBsxyehGoryBye0QAA3v
其他风险类,last7,account_4,weihaizhongxin2024@126.com,"Fri, 12 Jun 2026 01:43:31 +0000","""Amazon Seller Central Notifications (Do Not Reply)"" <donotreply@amazon.com>",Dangerous goods (hazmat) status update,,"96
 Dangerous goods (hazmat) status update
 Dangerous goods (hazmat) status update
 Hello from Fulfillment by Amazon,
 Amazon performs regular reviews on products in our fulfillment centers that may be regulated as dangerous goods (also known as hazmat). We conduct these reviews to help ensure that our shipments meet regulatory requirements and safety standards for our customers and employees. Following one such review, the dangerous goods status of one or more of your products has changed. Please read the information below to learn more about what this means for your existing inventory and new shipments.
 FULFILLABLE ITEMS
 The following products were previously unfulfillable through Fulfillment by Amazon or no longer allowed in shipments to Amazon fulfillment centers. These restrictions have been removed. The products below can continue to be fulfilled by Amazon or returned to you, and you can resume sending new units to fulfillment centers.
 ASIN
 Merchant SKU
 FNSKU
 Title
 Current Status
 Notes
 B0GKPTF1T7
 WHMKB0615
 X002C14QJT
 Roaxkois Ceramic Painting Set | Cups Painting Set Includes Cups, Brushes, Colours and Instructions for Painting | Pottery Set for Home | Craft Set Ad",2026-06-14 23:00:41,RETR,xtbBpQaPdWorZEasyQAA3f
其他风险类,last7,account_4,weihaizhongxin2024@126.com,"Fri, 12 Jun 2026 01:43:28 +0000","""Amazon Seller Central Notifications (Do Not Reply)"" <donotreply@amazon.com>",Dangerous goods (hazmat) status update,,"96
 Dangerous goods (hazmat) status update
 Dangerous goods (hazmat) status update
 Hello from Fulfillment by Amazon,
 Amazon performs regular reviews on products in our fulfillment centers that may be regulated as dangerous goods (also known as hazmat). We conduct these reviews to help ensure that our shipments meet regulatory requirements and safety standards for our customers and employees. Following one such review, the dangerous goods status of one or more of your products has changed. Please read the information below to learn more about what this means for your existing inventory and new shipments.
 FULFILLABLE ITEMS
 The following products were previously unfulfillable through Fulfillment by Amazon or no longer allowed in shipments to Amazon fulfillment centers. These restrictions have been removed. The products below can continue to be fulfilled by Amazon or returned to you, and you can resume sending new units to fulfillment centers.
 ASIN
 Merchant SKU
 FNSKU
 Title
 Current Status
 Notes
 B0GKPTF1T7
 WHMKB0615
 X002C14QJT
 Roaxkois Kit de peinture en céramique - Comprend des tasses, des pinceaux, des peintures et des instructions de peinture - Kit de poterie pour la mai",2026-06-14 23:00:41,RETR,xtbBsgSPdWorZES5uwAA3v
其他风险类,last7,account_4,weihaizhongxin2024@126.com,"Thu, 11 Jun 2026 11:03:54 +0000",Amazon Europe <donotreply@amazon.com>,You have until July 17 to verify FBA dimensions for fee calculation,,"As previously communicated, we've updated the way we collect Fulfilment by Amazon (FBA) item package dimensions for products listed in our UK, Germany, France, Italy and Spain stores.
 96
 As previously communicated, we've updated the way we collect Fulfilment by Amazon (FBA) item package dimensions for products listed in our UK, Germany, France, Italy and Spain stores.
                                                     ‍͏  ͏  ‍͏  ͏  ‍͏  ͏  ‍͏  ͏  ‍͏  ͏  ‍͏  ͏  ‍͏  ͏  ‍͏  ͏  ‍͏  ͏  ‍͏  ͏  ‍͏  ͏  ‍͏  ͏  ‍͏  ͏  ‍͏  ͏  ‍͏  ͏  ‍͏  ͏  ‍͏  ͏  ‍͏  ͏  ‍͏  ͏  ‍͏  ͏  ‍͏  ͏  ‍͏  ͏  ‍͏  ͏  ‍͏  ͏  ‍͏  ͏  ‍͏  ͏  ‍͏  ͏  ‍͏  ͏  ‍͏  ͏  ‍͏  ͏  ‍͏  ͏  ‍͏  ͏  ‍͏  ͏  ‍͏  ͏  ‍͏  ͏  ‍͏  ͏  ‍͏  ͏  ‍͏  ͏  ‍͏  ͏ ͏‌ ­ ­ ­ ­ ͏‌ ­ ­ ­ ­ ͏‌ ­ ­ ­ ­ ͏‌ ­ ­ ­ ­ ͏‌ ­ ­ ­ ­ ͏‌ ­ ­ ­ ­ ͏‌ ­ ­ ­ ­ ͏‌ ­ ­ ­ ­ ͏‌ ­ ­ ­ ­ ͏‌ ­ ­ ­ ­ ͏‌ ­ ­ ­ ­ ͏‌ ­ ­ ­ ­ ͏‌ ­ ­ ­ ­ ͏‌ ­ ­ ­ ­ ͏‌ ­ ­ ­ ­ ͏‌ ­ ­ ­ ­ ͏‌ ­ ­ ­ ­ ͏‌ ­ ­ ­ ­ ͏‌ ­ ­ ­ ­ ͏‌ ­ ­ ­ ­ ͏‌ ­ ­ ­ ­ ͏‌ ­ ­ ­ ­ ͏‌ ­ ­ ­ ­ ͏‌ ­ ­ ­ ­ ͏‌ ­ ­ ­ ­ ͏‌ ­ ­ ­ ­ ͏‌ ­ ­ ­ ­ ͏‌ ­ ­ ­ ­ ͏‌ ­ ­ ­ ­ ͏‌ ­ ­ ­ ­ ͏‌ ­ ­ ­ ­ ͏‌ ­ ­ ­ ­ ͏‌ ­ ­ ­ ­ ͏‌ ­ ­ ­ ­ ͏‌ ­ ­ ­ ­ ͏‌ ­ ­ ­ ­ ͏‌ ­ ­ ­ ­ ͏‌ ­ ­ ­ ­ ͏‌ ­ ­ ­ ­ ͏‌ ­ ­ ­ ­ ͏‌ ­ ­ ­ ­ ͏‌ ­ ­ ­ ­ ͏‌ ­ ­ ­ ­ ͏‌ ­ ­ ­ ­ ͏‌ ­ ­ ­ ­ ͏‌ ­ ­ ",2026-06-14 23:00:38,RETR,xtbBpBzRt2oqlhw0ngAA3+
其他风险类,last7,account_4,weihaizhongxin2024@126.com,"Wed, 10 Jun 2026 20:33:42 +0000",Amazon Services <donotreply@amazon.com>,Updates to improve your product titles begin on July 27,,"96
 Titles in all categories except for media will need to be 75 characters or less including spaces. A new Item Highlights feature now provides an additional 125 characters for sharing materials.
 Hello,
 Your product titles are one of the first things customers see, and for customers shopping on mobile, every character counts. To ensure your product titles appeal to customers everywhere, we’re making some changes that will help you show your product name and your product highlights seamlessly.
 Starting July 27, 2026 , titles in all categories except for media will need to be 75 characters or less including spaces. This ensures that your title will fully display in mobile and is consistent with the title length used by other online stores.
 Item Highlights provides an additional 125 characters for sharing materials or recommended use cases that help customers compare options. This content is searchable and visible below titles in search results and on product detail pages.
 We’re providing you with AI-powered tools to ensure that your new titles and Item Highlights are optimal. You can start reviewing, modifying, and using AI-recommended titles and Item Highlights today by taking",2026-06-14 23:00:36,RETR,xtbBswqhh2opyioZ9QAA3Q
其他风险类,last7,account_4,weihaizhongxin2024@126.com,"Wed, 10 Jun 2026 20:07:52 +0000",Amazon Services Europe <donotreply@amazon.com>,Updates to improve your product titles begin on July 27,,"96
 Titles in all categories except media will need to be 75 characters or less, including spaces. A new Item Highlights feature now provides an additional 125 characters for sharing materials.
 Hello,
 Your product titles are one of the first things that customers see, and for customers shopping on mobile, every character counts. To ensure that your product titles appeal to customers everywhere, we’re making some changes that will help you show your product name and your product highlights seamlessly.
 Starting from July 27, 2026 , titles in all categories except media will need to be 75 characters or less, including spaces. This ensures that your title will fully display on mobile devices and is consistent with the title length used by other online stores.
 Item Highlights provides an additional 125 characters for sharing materials or recommended use cases that help customers compare options. This content is searchable and visible below titles in search results and on product detail pages.
 We’re providing you with AI-powered tools to ensure that your new titles and Item Highlights are optimal. You can start reviewing, modifying and using AI-recommended titles and Item Highlights",2026-06-14 23:00:35,RETR,xtbBpRocAmopxBpwzQAA3B
其他风险类,last7,account_4,weihaizhongxin2024@126.com,"Wed, 10 Jun 2026 20:04:50 +0000",Amazon Services <donotreply@amazon.com>,Updates to improve your product titles begin on July 27,,"96
 Titles in all categories except for media will need to be 75 characters or less including spaces. A new Item Highlights feature now provides an additional 125 characters for sharing materials.
 Hello,
 Your product titles are one of the first things customers see, and for customers shopping on mobile, every character counts. To ensure your product titles appeal to customers everywhere, we’re making some changes that will help you show your product name and your product highlights seamlessly.
 Starting July 27, 2026 , titles in all categories except for media will need to be 75 characters or less including spaces. This ensures that your title will fully display in mobile and is consistent with the title length used by other online stores.
 Item Highlights provides an additional 125 characters for sharing materials or recommended use cases that help customers compare options. This content is searchable and visible below titles in search results and on product detail pages.
 We’re providing you with AI-powered tools to ensure that your new titles and Item Highlights are optimal. You can start reviewing, modifying, and using AI-recommended titles and Item Highlights today by taking",2026-06-14 23:00:33,RETR,xtbBpQTu1Gopw2RpjwAA3Z
其他风险类,last7,account_4,weihaizhongxin2024@126.com,"Wed, 10 Jun 2026 19:18:13 +0000",Amazon Services <donotreply@amazon.com>,Updates to improve your product titles begin on July 27,,"96
 Titles in all categories except for media will need to be 75 characters or less, including spaces. A new item highlights feature now provides an additional 125 characters for sharing materials.
 Hello,
 Your product titles are one of the first things customers see and for customers shopping on mobile, every character counts. To ensure your product titles appeal to customers everywhere, we’re making some changes that will help you show your product name and your product highlights seamlessly.
 Starting July 27, 2026 , titles in all categories except for media will need to be 75 characters or less, including spaces. This ensures that your title will fully display in mobile and is consistent with the title length used by other online stores.
 Item highlights provides an additional 125 characters for sharing materials or recommended use cases that help customers compare options. This content is searchable and visible below titles in search results and on product detail pages.
 We’re providing you with AI-powered tools to ensure that your new titles and item highlights are optimal. You can start reviewing, modifying and using AI-recommended titles and item highlights today by taking",2026-06-14 23:00:33,RETR,xtbBpBkxF2opuHn6jgAA3t
其他风险类,last7,account_4,weihaizhongxin2024@126.com,"Wed, 10 Jun 2026 14:50:02 +0000",Amazon Europe <noreply@sell.amazon.com>,Earn up to €240 per shipment with C2S2 PCP Pallets,,"[Amazon logo](https://go.amazonsellerservices.com/e/229492/-logo/7z3yyjt/6708104655/h/1UCuxAj2NkD65NTovD-vcIwWERBh1hVRp_O_epQxzho)
C2S2 PCP Pallet Spring Promotion: Ship More, Save More
Dear Selling Partner,
Whether you're already shipping pallets, using our SPD solution, or exploring cross-border expansion for the first time, now is the time to act. Our Customs Clearance and Shipping Service (C2S2) PCP Pallet Spring Promotion ends June 30, and every qualifying shipment earns you up to €240 in transportation fee reimbursements.
🚀 Prime Days are coming: Start inbounding now to be ready for Prime Day. Ship during the promotion and your inventory arrives at European FCs in time for peak demand, while you earn reimbursements on every shipment.
[Create your next pallet shipment now](https://go.amazonsellerservices.com/e/229492/cb-95cc-4663-98dd-0d07a85a11a0/7z3yyjx/6708104655/h/1UCuxAj2NkD65NTovD-vcIwWERBh1hVRp_O_epQxzho)
Reimbursement Tiers:
Pallets per Shipment
Your Savings
1-5 pallets
€60 reimbursement per shipment
6-10 pallets
€180 reimbursement per shipment
11-15 pallets
€240 reimbursement per shipment
- Automatic tracking: No claims process - we track your shipments automatically
",2026-06-14 23:00:30,RETR,xtbBsx5qUGopeZ43SAAA3M
其他风险类,last7,account_4,weihaizhongxin2024@126.com,"Wed, 10 Jun 2026 11:06:34 +0000",Fulfillment by Amazon stranded inventory <donotreply@amazon.com>,Review stranded inventory scheduled for automatic removal,,"96
Fix stranded inventory
 Take action to prevent unnecessary removal of your stranded inventory
 Review stranded inventory scheduled for automatic removal
 You are receiving this message because you have stranded inventory in an Amazon fulfillment center that is scheduled for automatic removal. For a full view of stranded units scheduled for automatic removal, visit the stranded inventory dashboard and sort by Auto removal date.
 Review stranded inventory
 Why is this happening?
 Inventory can be scheduled for automatic removal for a variety of reasons. In this case, the reason is that the inventory is stranded. Stranded inventory is inventory without a buyable offer and requires you to either reactivate the listing or remove the inventory.
 What happens if I don't take action?
 Your stranded inventory will be returned or disposed of based on the settings you selected on ""Fix stranded inventory"". To customize your settings, go to Fix stranded inventory and select Edit automatic action settings.
 If you need more time to appeal or fix a stranded inventory issue, go to Fix stranded inventory and select Delay auto removal for 30 days from the drop-down menu for each listing.
 Report ",2026-06-14 23:00:29,RETR,xtbBpB5FK2opRT5WRwAA39
其他风险类,last7,account_4,weihaizhongxin2024@126.com,"Tue, 9 Jun 2026 01:46:42 +0000",Notifications Amazon Seller Central (ne pas répondre) <donotreply@amazon.com>,Mise à jour du statut de matières dangereuses,,"96
 Mise à jour du statut de matières dangereuses
 Mise à jour du statut de matières dangereuses
 Bonjour de la part du service Expédié par Amazon,
 Nous procédons actuellement à un examen des matières dangereuses du ou des produits suivants :
 DOCUMENTATION CONTRADICTOIRE OU MANQUANTE CONCERNANT LES MATIÈRES DANGEREUSES
 ASIN
 SKU vendeur
 FNSKU
 Titre
 B0GKPTF1T7
 WHMKB0615
 X002C14QJT
 Roaxkois Kit de peinture en céramique - Comprend des tasses, des pinceaux, des peintures et des instructions de peinture - Kit de poterie pour la maison - Kit de bricolage pour adultes
 Pourquoi cela se produit
 Nous ne disposons pas d’informations suffisantes concernant les matières dangereuses pour classer correctement le ou les produits ci-dessus. Celui-ci ou ceux-ci ne seront par conséquent pas mis en vente, et vous ne pourrez pas en expédier davantage aux centres de distribution Amazon tant que vous ne nous aurez pas communiqué les informations nécessaires. Nous vous demandons de nous fournir une fiche de sécurité (FDS) ou une fiche d’exemption (pour les produits qui ne contiennent pas de substances chimiques nocives, telles que de l’alcool, de l’acide, du sodium ou les produits qui sont, con",2026-06-14 23:00:23,RETR,xtbBsgahh2oncIbZiwAA37
其他风险类,last7,account_4,weihaizhongxin2024@126.com,"Tue, 9 Jun 2026 01:07:01 +0000","""Amazon Seller Central Notifications (Do Not Reply)"" <donotreply@amazon.com>",Dangerous goods (hazmat) status update,,"96
 Dangerous goods (hazmat) status update
 Dangerous goods (hazmat) status update
 Hello from Fulfillment by Amazon,
 We are currently conducting a dangerous goods (hazmat) review of one or more of your products:
 CONFLICTING OR MISSING DG DOCUMENTATION
 ASIN
 Merchant SKU
 FNSKU
 Title
 B0GKPTF1T7
 WHMKB0615
 X002C14QJT
 Roaxkois Kit de peinture en céramique - Comprend des tasses, des pinceaux, des peintures et des instructions de peinture - Kit de poterie pour la maison - Kit de bricolage pour adultes (Ondulé)
 Why this is happening
 We do not have enough dangerous goods information to correctly classify the above products, and until you provide the necessary information, the products will not be available for sale and you will not be able to send more units to Amazon fulfillment centers. We need you to provide a proper Safety Data Sheet (SDS) for each product listed above. You may submit an exemption sheet only if the product does not have an SDS and does not contain any harmful chemicals, such as alcohol, acid, sodium, etc., or if the product is, contains, or is sold with batteries.
 How to continue selling these products
 Please make sure the SDS complies with the following r",2026-06-14 23:00:22,RETR,xtbBpBhMMmonZzhH7wAA34
其他风险类,last7,account_4,weihaizhongxin2024@126.com,"Tue, 9 Jun 2026 01:06:59 +0000","""Amazon Seller Central Notifications (Do Not Reply)"" <donotreply@amazon.com>",Dangerous goods (hazmat) status update,,"96
 Dangerous goods (hazmat) status update
 Dangerous goods (hazmat) status update
 Hello from Fulfillment by Amazon,
 We are currently conducting a dangerous goods (hazmat) review of one or more of your products:
 CONFLICTING OR MISSING DG DOCUMENTATION
 ASIN
 Merchant SKU
 FNSKU
 Title
 B0GKPTF1T7
 WHMKB0615
 X002C14QJT
 Roaxkois Ceramic Painting Set | Cups Painting Set Includes Cups, Brushes, Colours and Instructions for Painting | Pottery Set for Home | Craft Set Adults
 Why this is happening
 We do not have enough dangerous goods information to correctly classify the above products, and until you provide the necessary information, the products will not be available for sale and you will not be able to send more units to Amazon fulfillment centers. We need you to provide a proper Safety Data Sheet (SDS) for each product listed above. You may submit an exemption sheet only if the product does not have an SDS and does not contain any harmful chemicals, such as alcohol, acid, sodium, etc., or if the product is, contains, or is sold with batteries.
 How to continue selling these products
 Please make sure the SDS complies with the following requirements:
- Created or updated within",2026-06-14 23:00:22,RETR,xtbBshdLMWonZzdcOwAA3l
店铺绩效类,older,account_4,weihaizhongxin2024@126.com,"Sat, 6 Jun 2026 03:33:45 +0000","""Fulfillment by Amazon (Do not reply)"" <donotreply@amazon.com>",FBA reimbursement notification,,"96
FBA reimbursement notification
 You have a reimbursement activity
 Hello from Fulfilment by Amazon,
We have initiated a reimbursement, a reimbursement reversal, or both due to recent activity on your selling account. No action is required from you.
Reimbursements can be initiated for an issue that you notified us about or one that we identified at a fulfilment centre. A reimbursement reversal occurs when a reimbursement decision has been reviewed and changed. Reimbursement amounts are determined in accordance with the FBA inventory reimbursement policy ( https://sellercentral.amazon.co.uk/gp/help/external/200213130 ).
Please note that it may take up to five business days for reimbursement transactions to appear in your seller account.
You can find details on your reimbursement or reversal transaction in the Reimbursements report ( https://sellercentral.amazon.co.uk/reportcentral/REIMBURSEMENTS/0 ) in Seller Central:
- In the Event Date drop-down menu, select a date range and click Generate report . You can use the date in the subject line of this email as a point of reference.
- To identify inventory reimbursements and reversals, see the Quantity reimbursed [inventory] column.
-",2026-06-14 22:59:58,RETR,xtbBshzPtWojlRyMCQAA3R
店铺绩效类,older,account_4,weihaizhongxin2024@126.com,"Wed, 3 Jun 2026 05:07:33 +0000","""Amazon.com"" <fba-noreply@amazon.com>",Your FBA request is complete (MtDohxu3JK),,"Greetings from Amazon.com
We thought you'd like to know that we have completed your destroy request.
You can track the status of this request by visiting your Seller Account at:
https://sellercentral-europe.amazon.com/
For a complete list of inventory being destroyed, go to:
https://sellercentral-europe.amazon.com/gp/orders/fba-order-details.html?orderID=S02-7544661-5274545
Please note: this email was sent from a notification-only address that
cannot accept incoming e-mail. Please do not reply to this message.
Thank you for using Fulfillment by Amazon.
------------------------------------------------------------------------------
Fulfilment by Amazon – let Amazon pick, pack and ship your orders domestically
and EU wide.
------------------------------------------------------------------------------
Was this e-mail helpful? https://sellercentral.amazon.co.uk/gp/satisfaction/survey-form.html?ie=UTF8&HMDName=NotificationBusEmailHMD&customAttribute1Value=PRODUCT_REMOVAL_ORDER_SHIPPED_NOW
SPC-EUAmazon-439806308145636",2026-06-14 22:59:43,RETR,xtbBpBg2HGoftpjJaAAA3s
店铺绩效类,older,account_4,weihaizhongxin2024@126.com,"Tue, 2 Jun 2026 13:57:10 +0000","""Amazon.com"" <fba-noreply@amazon.com>",Your FBA request is complete (okvedC6bat),,"Greetings from Amazon.com
We thought you'd like to know that we have completed your destroy request.
You can track the status of this request by visiting your Seller Account at:
https://sellercentral-europe.amazon.com/
For a complete list of inventory being destroyed, go to:
https://sellercentral-europe.amazon.com/gp/orders/fba-order-details.html?orderID=S02-0478056-3777440
Please note: this email was sent from a notification-only address that
cannot accept incoming e-mail. Please do not reply to this message.
Thank you for using Fulfillment by Amazon.
------------------------------------------------------------------------------
Fulfilment by Amazon – let Amazon pick, pack and ship your orders domestically
and EU wide.
------------------------------------------------------------------------------
Was this e-mail helpful? https://sellercentral.amazon.co.uk/gp/satisfaction/survey-form.html?ie=UTF8&HMDName=NotificationBusEmailHMD&customAttribute1Value=PRODUCT_REMOVAL_ORDER_SHIPPED_NOW
SPC-EUAmazon-1600890588347602",2026-06-14 22:59:43,RETR,xtbBpRmojmoe4TnXGAAA35
店铺绩效类,older,account_4,weihaizhongxin2024@126.com,"Tue, 2 Jun 2026 08:40:44 +0000","""Fulfillment by Amazon (Do not reply)"" <donotreply@amazon.com>",FBA reimbursement notification,,"96
FBA reimbursement notification
 You have a reimbursement activity
 Hello from Fulfillment by Amazon,
We have initiated a reimbursement, a reimbursement reversal, or both due to recent activity on your selling account. No action is required from you.
Reimbursements can be initiated for an issue that you notified us about or one that we identified at a fulfillment center. A reimbursement reversal occurs when a reimbursement decision has been reviewed and changed. Reimbursement amounts are determined in accordance with the FBA inventory reimbursement policy ( https://sellercentral.amazon.com/gp/help/external/200213130 ).
Please note that it may take up to five business days for reimbursement transactions to appear in your seller account.
You can find details on your reimbursement or reversal transaction in the Reimbursements report ( https://sellercentral.amazon.com/reportcentral/REIMBURSEMENTS/0 ) in Seller Central:
- In the Event Date drop-down menu, select a date range and click Generate report . You can use the date in the subject line of this email as a point of reference.
- To identify inventory reimbursements and reversals, see the Quantity reimbursed [inventory] column.
- T",2026-06-14 22:59:42,RETR,xtbBshAM8WoelxB3hgAA3d
店铺绩效类,older,account_4,weihaizhongxin2024@126.com,"Mon, 1 Jun 2026 19:29:32 +0000","""Amazon.com"" <fba-noreply@amazon.com>",Your FBA request is complete (260520getf),,"Greetings from Amazon.com
We thought you'd like to know that we have completed your destroy request.
Disposal Summary:
Quantity Requested: 3
Quantity Successfully Destroyed: 3
Quantity Cancelled: 0
You can track the status of this request by visiting your Seller Account at:
https://sellercentral.amazon.com/
For a complete list of inventory being destroyed, go to:
https://sellercentral.amazon.com/gp/orders/fba-order-details.html?orderID=S01-3657435-8840459
Please note: this email was sent from a notification-only address that
cannot accept incoming e-mail. Please do not reply to this message.
Thank you for using Fulfillment by Amazon.
--------------------------------------------------------------------------
Fulfillment by Amazon, professional packing, shipping and servicing of
online orders.
--------------------------------------------------------------------------
Was this email helpful?
 https://sellercentral.amazon.com/gp/satisfaction/survey-form.html?ie=UTF8&HMDName=NotificationBusEmailHMD&customAttribute1Value=PRODUCT_REMOVAL_ORDER_SHIPPED_NOW
SPC-USAmazon-334253755000365",2026-06-14 22:59:42,RETR,xtbBsx+AZmod3Z-VKwAA3B
店铺绩效类,older,account_4,weihaizhongxin2024@126.com,"Sun, 31 May 2026 14:43:35 +0000",Amazon Services <seller-notification@amazon.com>,Balance paid on your Amazon seller account,,"Greetings from Amazon Services.
 We have charged your credit card for $143.78 in an attempt to settle your Amazon seller account balance.
 Note that the amount charged to your credit card may be less than the total amount you owe due to a credit limit imposed by your bank. If that is the case, we will continue to charge your credit card as often as every 24 hours until the remaining balance in your Amazon seller account is paid in full.
 You can also use the Make a Payment feature to repay the balance you owe. For more information, see Making a Payment .
 You can view your payment activity at any time by logging in to your seller account and going to your Payments Report .
 Thank you for selling on Amazon.
 Amazon Services
 Help us improve your experience on selling on Amazon through this brief survey:
 https://amazonexteu.qualtrics.com/jfe/form/SV_eUKdboEQhg1YpuK?cID=10038096056-202605311349
 Was this email helpful?
 SPC-USAmazon-1724036449005554",2026-06-14 22:59:36,RETR,xtbBsxn532ocSRlONgAA3S
店铺绩效类,older,account_4,weihaizhongxin2024@126.com,"Sat, 30 May 2026 01:13:32 +0000","""Amazon.com"" <fba-noreply@amazon.com>",Your FBA request is complete (Xq5h330940),,"Greetings from Amazon.com
We thought you'd like to know that we have completed your destroy request.
Disposal Summary:
Quantity Requested: 19
Quantity Successfully Destroyed: 19
Quantity Cancelled: 0
You can track the status of this request by visiting your Seller Account at:
https://sellercentral.amazon.com/
For a complete list of inventory being destroyed, go to:
https://sellercentral.amazon.com/gp/orders/fba-order-details.html?orderID=S01-3035246-2225946
Please note: this email was sent from a notification-only address that
cannot accept incoming e-mail. Please do not reply to this message.
Thank you for using Fulfillment by Amazon.
--------------------------------------------------------------------------
Fulfillment by Amazon, professional packing, shipping and servicing of
online orders.
--------------------------------------------------------------------------
Was this email helpful?
 https://sellercentral.amazon.com/gp/satisfaction/survey-form.html?ie=UTF8&HMDName=NotificationBusEmailHMD&customAttribute1Value=PRODUCT_REMOVAL_ORDER_SHIPPED_NOW
SPC-USAmazon-2163841104361266",2026-06-14 22:59:32,RETR,xtbBsgCfhWoaOcARGQAA3p
店铺绩效类,older,account_4,weihaizhongxin2024@126.com,"Fri, 29 May 2026 06:55:02 +0000","""Amazon.com"" <fba-noreply@amazon.com>",Your FBA request is complete (7kDrHSJf1h),,"Greetings from Amazon.com
We thought you'd like to know that we have completed your destroy request.
You can track the status of this request by visiting your Seller Account at:
https://sellercentral-europe.amazon.com/
For a complete list of inventory being destroyed, go to:
https://sellercentral-europe.amazon.com/gp/orders/fba-order-details.html?orderID=S02-5070132-4362351
Please note: this email was sent from a notification-only address that
cannot accept incoming e-mail. Please do not reply to this message.
Thank you for using Fulfillment by Amazon.
------------------------------------------------------------------------------
Fulfilment by Amazon – let Amazon pick, pack and ship your orders domestically
and EU wide.
------------------------------------------------------------------------------
Was this e-mail helpful? https://sellercentral.amazon.co.uk/gp/satisfaction/survey-form.html?ie=UTF8&HMDName=NotificationBusEmailHMD&customAttribute1Value=PRODUCT_REMOVAL_ORDER_SHIPPED_NOW
SPC-EUAmazon-756465657649883",2026-06-14 22:59:27,RETR,xtbBpQkB5moZOEk51gAA3m
店铺绩效类,older,account_4,weihaizhongxin2024@126.com,"Fri, 29 May 2026 03:26:42 +0000","""Fulfillment by Amazon (Do not reply)"" <donotreply@amazon.com>",FBA reimbursement notification,,"96
FBA reimbursement notification
 You have a reimbursement activity
 Hello from Fulfilment by Amazon,
We have initiated a reimbursement, a reimbursement reversal, or both due to recent activity on your selling account. No action is required from you.
Reimbursements can be initiated for an issue that you notified us about or one that we identified at a fulfilment centre. A reimbursement reversal occurs when a reimbursement decision has been reviewed and changed. Reimbursement amounts are determined in accordance with the FBA inventory reimbursement policy ( https://sellercentral.amazon.co.uk/gp/help/external/200213130 ).
Please note that it may take up to five business days for reimbursement transactions to appear in your seller account.
You can find details on your reimbursement or reversal transaction in the Reimbursements report ( https://sellercentral.amazon.co.uk/reportcentral/REIMBURSEMENTS/0 ) in Seller Central:
- In the Event Date drop-down menu, select a date range and click Generate report . You can use the date in the subject line of this email as a point of reference.
- To identify inventory reimbursements and reversals, see the Quantity reimbursed [inventory] column.
-",2026-06-14 22:59:27,RETR,xtbBsxW-pWoZB3VFmgAA3i
店铺绩效类,older,account_4,weihaizhongxin2024@126.com,"Thu, 28 May 2026 13:57:34 +0000","""Amazon.com"" <fba-noreply@amazon.com>",Your FBA request is complete (Iot4D83CtY),,"Greetings from Amazon.com
We thought you'd like to know that we have completed your destroy request.
You can track the status of this request by visiting your Seller Account at:
https://sellercentral-europe.amazon.com/
For a complete list of inventory being destroyed, go to:
https://sellercentral-europe.amazon.com/gp/orders/fba-order-details.html?orderID=S02-7613404-6119732
Please note: this email was sent from a notification-only address that
cannot accept incoming e-mail. Please do not reply to this message.
Thank you for using Fulfillment by Amazon.
------------------------------------------------------------------------------
Fulfilment by Amazon – let Amazon pick, pack and ship your orders domestically
and EU wide.
------------------------------------------------------------------------------
Was this e-mail helpful? https://sellercentral.amazon.co.uk/gp/satisfaction/survey-form.html?ie=UTF8&HMDName=NotificationBusEmailHMD&customAttribute1Value=PRODUCT_REMOVAL_ORDER_SHIPPED_NOW
SPC-EUAmazon-826834402025132",2026-06-14 22:59:22,RETR,xtbBpREnDWoYSdH6DgAA3A
店铺绩效类,older,account_4,weihaizhongxin2024@126.com,"Wed, 20 May 2026 02:44:04 +0000","""Amazon.com"" <fba-noreply@amazon.com>",Your FBA request is complete (y8kVKdPDvp),,"Greetings from Amazon.com
We thought you'd like to know that we have completed your destroy request.
You can track the status of this request by visiting your Seller Account at:
https://sellercentral-europe.amazon.com/
For a complete list of inventory being destroyed, go to:
https://sellercentral-europe.amazon.com/gp/orders/fba-order-details.html?orderID=S02-5273452-7837647
Please note: this email was sent from a notification-only address that
cannot accept incoming e-mail. Please do not reply to this message.
Thank you for using Fulfillment by Amazon.
------------------------------------------------------------------------------
Fulfilment by Amazon – let Amazon pick, pack and ship your orders domestically
and EU wide.
------------------------------------------------------------------------------
Was this e-mail helpful? https://sellercentral.amazon.co.uk/gp/satisfaction/survey-form.html?ie=UTF8&HMDName=NotificationBusEmailHMD&customAttribute1Value=PRODUCT_REMOVAL_ORDER_SHIPPED_NOW
SPC-EUAmazon-1002756258554767",2026-06-14 22:58:58,RETR,xtbBpBfiyGoNH-eJzQAA3S
店铺绩效类,older,account_4,weihaizhongxin2024@126.com,"Sun, 17 May 2026 14:33:15 +0000",Amazon Services <seller-notification@amazon.com>,Balance paid on your Amazon seller account,,"Greetings from Amazon Services.
 We have charged your credit card for $105.47 in an attempt to settle your Amazon seller account balance.
 Note that the amount charged to your credit card may be less than the total amount you owe due to a credit limit imposed by your bank. If that is the case, we will continue to charge your credit card as often as every 24 hours until the remaining balance in your Amazon seller account is paid in full.
 You can also use the Make a Payment feature to repay the balance you owe. For more information, see Making a Payment .
 You can view your payment activity at any time by logging in to your seller account and going to your Payments Report .
 Thank you for selling on Amazon.
 Amazon Services
 Help us improve your experience on selling on Amazon through this brief survey:
 https://amazonexteu.qualtrics.com/jfe/form/SV_eUKdboEQhg1YpuK?cID=10038096056-202605171349
 Was this email helpful?
 SPC-USAmazon-211108450578443",2026-06-14 22:58:51,RETR,xtbBsw98YmoJ0a89QwAA3B
付款/资金类,older,account_4,weihaizhongxin2024@126.com,"Sun, 7 Jun 2026 13:51:46 +0000",Amazon Services <donotreply@amazon.com>,Your payment is on the way,,"96
This title will display on mobile devices
 Congratulations! Your payment is on the way and will arrive soon.
 Disbursement attempted
Congratulations Weihai CA! Your payment is on the way and will arrive within three to five days.
On 06/07/26 13:51 EDT, we initiated a transfer to your payment method (bank account ending in 151) in the amount of CAD
 336.33.
 If the amount is less than expected, here are a few questions to consider:
 Do you have an unavailable balance? Amazon might be reserving money to cover potential returns, claims or chargebacks from buyers. If this is the case, the closing balance in your Payment Report will display the unavailable balance that is reserved.
 Did your sales cover all fees and returns for this statement period? The payment amount reflects sales activities, selling fees and fees for promotions or services. We recommend reviewing your Payment Report under the Reports tab in Seller Central to understand your closing balance.
To learn more about Payment Reports in Seller Central, please visit our official course.
We wish you continued success!
Thank you for selling in the Amazon Store,
Amazon Services
Help us improve your payment experience on Amaz",2026-06-14 23:00:14,RETR,xtbBshbexGold3ZnlgAA3B
付款/资金类,older,account_4,weihaizhongxin2024@126.com,"Sat, 6 Jun 2026 13:21:50 +0000",Amazon Services <donotreply@amazon.com>,Your payment is on the way,,"96
This title will display on mobile devices
 Congratulations! Your payment is on the way and will arrive soon.
 Disbursement Attempted
Congratulations Weihai EU! Your payment is on the way and will arrive within three to five days.
On 06/06/26 13:21 CEST, we initiated a transfer to your payment method (bank account ending in 229) in the amount of €
 317.53.
 If the amount is less than expected, here are a few questions to consider:
 Do you have an unavailable balance? Amazon might be reserving money to cover potential returns, claims, or chargebacks from buyers. If this is the case, the closing balance in your Payment Report will display the unavailable balance that is reserved.
 Did your sales cover all fees and returns for this statement period? The payment amount reflects sales activities, selling fees, and fees for promotions or services. We recommend reviewing your Payment Report under the Reports tab in Seller Central to understand your closing balance.
To learn more about Payment Reports in Seller Central, please visit our official course.
We wish you continued success!
Thank you for selling in the Amazon store,
Amazon Services
Help us improve your payment experience on Ama",2026-06-14 23:00:08,RETR,xtbBpRFnTWokHvFVtAAA3e
付款/资金类,older,account_4,weihaizhongxin2024@126.com,"Sat, 6 Jun 2026 13:21:46 +0000",Amazon Services <donotreply@amazon.com>,Tu pago está en camino,,"96
This title will display on mobile devices
 ¡Enhorabuena! El pago está de camino y llegará pronto.
 El pago está en camino
Enhorabuena, Weihai EU. Tu pago está en camino y te llegará en un plazo de tres a cinco días.
El 06/06/26 13:21 WEST, iniciamos una transferencia a tu método de pago (cuenta bancaria terminado en 229) por un importe de €
 351,24.
 Si el importe es inferior a lo esperado, ten en cuenta las siguientes preguntas:
 ¿Tienes saldo no disponible en tu cuenta de vendedor? Puede que hayamos reservado algo de dinero para posibles devoluciones, reclamaciones o reversiones de cargo de clientes. En este caso, el saldo de cierre de tu informe de pagos te mostrará el saldo no disponible en reserva.
 ¿Cubren tus ventas las tarifas de Amazon y las devoluciones del periodo de liquidación? El importe del pago refleja las ventas que has hecho y las tarifas de venta aplicadas tanto a dichas ventas como a cualquier promoción o servicio que hayas utilizado. Te recomendamos que revises tu informe de pagos en ""Informes"" de Seller Central para conocer el saldo de cierre.
Para más información sobre los informes de pagos en Seller Central, visita nuestro curso oficial.
Te deseamos un éx",2026-06-14 23:00:07,RETR,xtbBpQ1mTGokHu1VgQAA3r
付款/资金类,older,account_4,weihaizhongxin2024@126.com,"Thu, 4 Jun 2026 15:15:46 +0000",Amazon Services <donotreply@amazon.com>,Your payment is on the way,,"96
This title will display on mobile devices
 Congratulations! Your payment is on the way and will arrive soon.
 Disbursement Attempted
Congratulations Weihai EU! Your payment is on the way and will arrive within three to five days.
On 06/04/26 15:15 BST, we initiated a transfer to your payment method (bank account ending in 191) in the amount of £
 316.41.
 If the amount is less than expected, here are a few questions to consider:
 Do you have an unavailable balance? Amazon might be reserving money to cover potential returns, claims or chargebacks from buyers. If this is the case, the closing balance in your Payment Report will display the unavailable balance that is reserved.
 Did your sales cover all fees and returns for this statement period? The payment amount reflects sales activities, selling fees and fees for promotions or services. We recommend reviewing your Payment Report under the Reports tab in Seller Central to understand your closing balance.
To find out more about Payment Reports in Seller Central, please visit our official course.
We wish you continued success!
Thank you for selling in the Amazon store,
Amazon Services
Help us improve your payment experience on Ama",2026-06-14 22:59:50,RETR,xtbBpQWxl2ohlqXr8gAA3n
付款/资金类,older,account_4,weihaizhongxin2024@126.com,"Wed, 3 Jun 2026 14:55:10 +0000",Amazon Services <donotreply@amazon.com>,Tu pago está en camino,,"96
This title will display on mobile devices
 ¡Enhorabuena! El pago está de camino y llegará pronto.
 El pago está en camino
Enhorabuena, Weihai EU. Tu pago está en camino y te llegará en un plazo de tres a cinco días.
El 06/03/26 14:55 WEST, iniciamos una transferencia a tu método de pago (cuenta bancaria terminado en 229) por un importe de €
 604,05.
 Si el importe es inferior a lo esperado, ten en cuenta las siguientes preguntas:
 ¿Tienes saldo no disponible en tu cuenta de vendedor? Puede que hayamos reservado algo de dinero para posibles devoluciones, reclamaciones o reversiones de cargo de clientes. En este caso, el saldo de cierre de tu informe de pagos te mostrará el saldo no disponible en reserva.
 ¿Cubren tus ventas las tarifas de Amazon y las devoluciones del periodo de liquidación? El importe del pago refleja las ventas que has hecho y las tarifas de venta aplicadas tanto a dichas ventas como a cualquier promoción o servicio que hayas utilizado. Te recomendamos que revises tu informe de pagos en ""Informes"" de Seller Central para conocer el saldo de cierre.
Para más información sobre los informes de pagos en Seller Central, visita nuestro curso oficial.
Te deseamos un éx",2026-06-14 22:59:44,RETR,xtbBsxLGrGogQFJyVQAA30
付款/资金类,older,account_4,weihaizhongxin2024@126.com,"Mon, 1 Jun 2026 14:58:44 +0000",Amazon Services <donotreply@amazon.com>,Your payment is on the way,,"96
This title will display on mobile devices
 Congratulations! Your payment is on the way and will arrive soon.
 Disbursement attempted
Congratulations Weihai CA! Your payment is on the way and will arrive within three to five days.
On 06/01/26 14:57 EDT, we initiated a transfer to your payment method (bank account ending in 151) in the amount of CAD
 287.55.
 If the amount is less than expected, here are a few questions to consider:
 Do you have an unavailable balance? Amazon might be reserving money to cover potential returns, claims or chargebacks from buyers. If this is the case, the closing balance in your Payment Report will display the unavailable balance that is reserved.
 Did your sales cover all fees and returns for this statement period? The payment amount reflects sales activities, selling fees and fees for promotions or services. We recommend reviewing your Payment Report under the Reports tab in Seller Central to understand your closing balance.
To learn more about Payment Reports in Seller Central, please visit our official course.
We wish you continued success!
Thank you for selling in the Amazon Store,
Amazon Services
Help us improve your payment experience on Amaz",2026-06-14 22:59:40,RETR,xtbBsgiTeWodnig6+QAA3S
付款/资金类,older,account_4,weihaizhongxin2024@126.com,"Sun, 31 May 2026 14:55:36 +0000",Amazon Services <donotreply@amazon.com>,Your payment is on the way,,"96
This title will display on mobile devices
 Congratulations! Your payment is on the way and will arrive soon.
 Disbursement Attempted
Congratulations Weihai EU! Your payment is on the way and will arrive within three to five days.
On 05/31/26 14:55 CEST, we initiated a transfer to your payment method (bank account ending in 229) in the amount of €
 234.38.
 If the amount is less than expected, here are a few questions to consider:
 Do you have an unavailable balance? Amazon might be reserving money to cover potential returns, claims, or chargebacks from buyers. If this is the case, the closing balance in your Payment Report will display the unavailable balance that is reserved.
 Did your sales cover all fees and returns for this statement period? The payment amount reflects sales activities, selling fees, and fees for promotions or services. We recommend reviewing your Payment Report under the Reports tab in Seller Central to understand your closing balance.
To learn more about Payment Reports in Seller Central, please visit our official course.
We wish you continued success!
Thank you for selling in the Amazon store,
Amazon Services
Help us improve your payment experience on Ama",2026-06-14 22:59:37,RETR,xtbBpQuulGocS+tQdAAA3m
付款/资金类,older,account_4,weihaizhongxin2024@126.com,"Sun, 31 May 2026 14:55:10 +0000",Amazon Services <donotreply@amazon.com>,Your payment is on the way,,"96
This title will display on mobile devices
 Congratulations! Your payment is on the way and will arrive soon.
 Disbursement Attempted
Congratulations Weihai EU! Your payment is on the way and will arrive within three to five days.
On 05/31/26 14:54 BST, we initiated a transfer to your payment method (bank account ending in 191) in the amount of £
 236.39.
 If the amount is less than expected, here are a few questions to consider:
 Do you have an unavailable balance? Amazon might be reserving money to cover potential returns, claims or chargebacks from buyers. If this is the case, the closing balance in your Payment Report will display the unavailable balance that is reserved.
 Did your sales cover all fees and returns for this statement period? The payment amount reflects sales activities, selling fees and fees for promotions or services. We recommend reviewing your Payment Report under the Reports tab in Seller Central to understand your closing balance.
To find out more about Payment Reports in Seller Central, please visit our official course.
We wish you continued success!
Thank you for selling in the Amazon store,
Amazon Services
Help us improve your payment experience on Ama",2026-06-14 22:59:37,RETR,xtbBsxKojmocS9JeWgAA3s
付款/资金类,older,account_4,weihaizhongxin2024@126.com,"Sat, 30 May 2026 14:37:25 +0000",Amazon Services <donotreply@amazon.com>,Tu pago está en camino,,"96
This title will display on mobile devices
 ¡Enhorabuena! El pago está de camino y llegará pronto.
 El pago está en camino
Enhorabuena, Weihai EU. Tu pago está en camino y te llegará en un plazo de tres a cinco días.
El 05/30/26 14:37 WEST, iniciamos una transferencia a tu método de pago (cuenta bancaria terminado en 229) por un importe de €
 387,58.
 Si el importe es inferior a lo esperado, ten en cuenta las siguientes preguntas:
 ¿Tienes saldo no disponible en tu cuenta de vendedor? Puede que hayamos reservado algo de dinero para posibles devoluciones, reclamaciones o reversiones de cargo de clientes. En este caso, el saldo de cierre de tu informe de pagos te mostrará el saldo no disponible en reserva.
 ¿Cubren tus ventas las tarifas de Amazon y las devoluciones del periodo de liquidación? El importe del pago refleja las ventas que has hecho y las tarifas de venta aplicadas tanto a dichas ventas como a cualquier promoción o servicio que hayas utilizado. Te recomendamos que revises tu informe de pagos en ""Informes"" de Seller Central para conocer el saldo de cierre.
Para más información sobre los informes de pagos en Seller Central, visita nuestro curso oficial.
Te deseamos un éx",2026-06-14 22:59:33,RETR,xtbBswjozmoa9ig-bQAA3h
付款/资金类,older,account_4,weihaizhongxin2024@126.com,"Fri, 29 May 2026 23:31:40 +0000",Amazon Services <donotreply@amazon.com>,Your payment is on the way,,"96
This title will display on mobile devices
 Congratulations! Your payment is on the way and will arrive soon.
 Disbursement Attempted
Congratulations Weihai EU! Your payment is on the way and will arrive within three to five days.
On 05/29/26 23:31 GST, we initiated a transfer to your payment method (bank account ending in 229) in the amount of AED
 136.70.
 If the amount is less than expected, here are a few questions to consider:
 Do you have an unavailable balance? Amazon might be reserving money to cover potential returns, claims, or chargebacks from buyers. If this is the case, the closing balance in your Payment Report will display the unavailable balance that is reserved.
 Did your sales cover all fees and returns for this statement period? The payment amount reflects sales activities, selling fees, and fees for promotions or services. We recommend reviewing your Payment Report under the Reports tab in Seller Central to understand your closing balance.
To learn more about Payment Reports in Seller Central, please visit our official course.
We wish you continued success!
Thank you for selling in the Amazon store,
Amazon Services
Help us improve your payment experience on Am",2026-06-14 22:59:31,RETR,xtbBpQChh2oaIeA1zwAA3I
付款/资金类,older,account_4,weihaizhongxin2024@126.com,"Fri, 29 May 2026 14:43:44 +0000",Amazon Services <donotreply@amazon.com>,Your payment is on the way,,"96
This title will display on mobile devices
 Congratulations! Your payment is on the way and will arrive soon.
 Disbursement Attempted
Congratulations Weihai EU! Your payment is on the way and will arrive within three to five days.
On 05/29/26 14:43 CEST, we initiated a transfer to your payment method (bank account ending in 229) in the amount of €
 278.07.
 If the amount is less than expected, here are a few questions to consider:
 Do you have an unavailable balance? Amazon might be reserving money to cover potential returns, claims, or chargebacks from buyers. If this is the case, the closing balance in your Payment Report will display the unavailable balance that is reserved.
 Did your sales cover all fees and returns for this statement period? The payment amount reflects sales activities, selling fees, and fees for promotions or services. We recommend reviewing your Payment Report under the Reports tab in Seller Central to understand your closing balance.
To learn more about Payment Reports in Seller Central, please visit our official course.
We wish you continued success!
Thank you for selling in the Amazon store,
Amazon Services
Help us improve your payment experience on Ama",2026-06-14 22:59:28,RETR,xtbBpAGSeGoZpiHVSAAA3m
付款/资金类,older,account_4,weihaizhongxin2024@126.com,"Fri, 29 May 2026 14:42:27 +0000",Amazon Services <donotreply@amazon.com>,Your payment is on the way,,"96
This title will display on mobile devices
 Congratulations! Your payment is on the way and will arrive soon.
 Disbursement Attempted
Congratulations Weihai EU! Your payment is on the way and will arrive within three to five days.
On 05/29/26 14:42 BST, we initiated a transfer to your payment method (bank account ending in 191) in the amount of £
 253.82.
 If the amount is less than expected, here are a few questions to consider:
 Do you have an unavailable balance? Amazon might be reserving money to cover potential returns, claims or chargebacks from buyers. If this is the case, the closing balance in your Payment Report will display the unavailable balance that is reserved.
 Did your sales cover all fees and returns for this statement period? The payment amount reflects sales activities, selling fees and fees for promotions or services. We recommend reviewing your Payment Report under the Reports tab in Seller Central to understand your closing balance.
To find out more about Payment Reports in Seller Central, please visit our official course.
We wish you continued success!
Thank you for selling in the Amazon store,
Amazon Services
Help us improve your payment experience on Ama",2026-06-14 22:59:28,RETR,xtbBshd-ZWoZpdfnGAAA3B
付款/资金类,older,account_4,weihaizhongxin2024@126.com,"Thu, 28 May 2026 14:51:20 +0000",Amazon Services <donotreply@amazon.com>,Twoja płatność jest już w drodze,,"96
Ten tytuł będzie wyświetlany na urządzeniach mobilnych
 Gratulujemy! Twoja płatność jest już w drodze, a środki powinny wkrótce do Ciebie dotrzeć.
 Próba wypłaty środków
Gratulacje, Weihai EU! Twoja płatność jest już w drodze, a środki powinny do Ciebie dotrzeć w terminie od trzech do pięciu dni.
Dnia 05/28/26 14:51 CEST zainicjowaliśmy przelew na kwotę PLN
 65.83 na konto powiązane z Twoją metodą płatności (rachunek bankowy o ostatnich cyfrach 229).
 Jeśli kwota jest mniejsza niż oczekiwana, oto kilka kwestii do wzięcia pod uwagę:
 Czy Twoje saldo jest niedostępne? Amazon może zatrzymać środki na pokrycie ewentualnych kosztów zwrotów towarów, roszczeń i obciążeń zwrotnych od kupujących. W takim przypadku saldo zamknięcia w raporcie płatności pokaże niedostępne saldo na zarezerwowaną w tym celu kwotę.
 Czy Twoja sprzedaż wystarczyła na pokrycie wszystkich opłat i zwrotów w tym okresie rozliczeniowym? Kwota płatności uwzględnia koszt działań sprzedażowych, opłaty za sprzedaż oraz opłaty za promocje i usługi. Aby lepiej zrozumieć wysokość salda zamknięcia, warto przeanalizować raport płatności, który znajdziesz w Seller Central w karcie „Raporty”.
Więcej o raportach płatności w Se",2026-06-14 22:59:22,RETR,xtbBpQxRN2oYVmxbcwAA3v
付款/资金类,older,account_4,weihaizhongxin2024@126.com,"Wed, 27 May 2026 13:35:40 +0000",Amazon Services <donotreply@amazon.com>,Tu pago está en camino,,"96
This title will display on mobile devices
 ¡Enhorabuena! El pago está de camino y llegará pronto.
 El pago está en camino
Enhorabuena, Weihai EU. Tu pago está en camino y te llegará en un plazo de tres a cinco días.
El 05/27/26 13:35 WEST, iniciamos una transferencia a tu método de pago (cuenta bancaria terminado en 229) por un importe de €
 308,55.
 Si el importe es inferior a lo esperado, ten en cuenta las siguientes preguntas:
 ¿Tienes saldo no disponible en tu cuenta de vendedor? Puede que hayamos reservado algo de dinero para posibles devoluciones, reclamaciones o reversiones de cargo de clientes. En este caso, el saldo de cierre de tu informe de pagos te mostrará el saldo no disponible en reserva.
 ¿Cubren tus ventas las tarifas de Amazon y las devoluciones del periodo de liquidación? El importe del pago refleja las ventas que has hecho y las tarifas de venta aplicadas tanto a dichas ventas como a cualquier promoción o servicio que hayas utilizado. Te recomendamos que revises tu informe de pagos en ""Informes"" de Seller Central para conocer el saldo de cierre.
Para más información sobre los informes de pagos en Seller Central, visita nuestro curso oficial.
Te deseamos un éx",2026-06-14 22:59:19,RETR,xtbBpRApD2oW8zD+IQAA3z
付款/资金类,older,account_4,weihaizhongxin2024@126.com,"Mon, 25 May 2026 14:39:47 +0000",Amazon Services <donotreply@amazon.com>,Your payment is on the way,,"96
This title will display on mobile devices
 Congratulations! Your payment is on the way and will arrive soon.
 Disbursement attempted
Congratulations Weihai CA! Your payment is on the way and will arrive within three to five days.
On 05/25/26 14:39 EDT, we initiated a transfer to your payment method (bank account ending in 151) in the amount of CAD
 350.61.
 If the amount is less than expected, here are a few questions to consider:
 Do you have an unavailable balance? Amazon might be reserving money to cover potential returns, claims or chargebacks from buyers. If this is the case, the closing balance in your Payment Report will display the unavailable balance that is reserved.
 Did your sales cover all fees and returns for this statement period? The payment amount reflects sales activities, selling fees and fees for promotions or services. We recommend reviewing your Payment Report under the Reports tab in Seller Central to understand your closing balance.
To learn more about Payment Reports in Seller Central, please visit our official course.
We wish you continued success!
Thank you for selling in the Amazon Store,
Amazon Services
Help us improve your payment experience on Amaz",2026-06-14 22:59:15,RETR,xtbBpReEamoUXzch1AAA3-
付款/资金类,older,account_4,weihaizhongxin2024@126.com,"Fri, 22 May 2026 15:30:35 +0000",Amazon Services <donotreply@amazon.com>,Your payment is on the way,,"96
This title will display on mobile devices
 Congratulations! Your payment is on the way and will arrive soon.
 Disbursement attempted
Congratulations Weihai CA! Your payment is on the way and will arrive within three to five days.
On 05/22/26 15:30 EDT, we initiated a transfer to your payment method (bank account ending in 151) in the amount of CAD
 300.27.
 If the amount is less than expected, here are a few questions to consider:
 Do you have an unavailable balance? Amazon might be reserving money to cover potential returns, claims or chargebacks from buyers. If this is the case, the closing balance in your Payment Report will display the unavailable balance that is reserved.
 Did your sales cover all fees and returns for this statement period? The payment amount reflects sales activities, selling fees and fees for promotions or services. We recommend reviewing your Payment Report under the Reports tab in Seller Central to understand your closing balance.
To learn more about Payment Reports in Seller Central, please visit our official course.
We wish you continued success!
Thank you for selling in the Amazon Store,
Amazon Services
Help us improve your payment experience on Amaz",2026-06-14 22:59:10,RETR,xtbBpR9jSWoQdp9lKQAA3P
付款/资金类,older,account_4,weihaizhongxin2024@126.com,"Fri, 22 May 2026 15:29:45 +0000",Amazon Services <donotreply@amazon.com>,Tu pago está en camino,,"96
This title will display on mobile devices
 ¡Enhorabuena! El pago está de camino y llegará pronto.
 El pago está en camino
Enhorabuena, Weihai EU. Tu pago está en camino y te llegará en un plazo de tres a cinco días.
El 05/22/26 15:29 WEST, iniciamos una transferencia a tu método de pago (cuenta bancaria terminado en 229) por un importe de €
 229,88.
 Si el importe es inferior a lo esperado, ten en cuenta las siguientes preguntas:
 ¿Tienes saldo no disponible en tu cuenta de vendedor? Puede que hayamos reservado algo de dinero para posibles devoluciones, reclamaciones o reversiones de cargo de clientes. En este caso, el saldo de cierre de tu informe de pagos te mostrará el saldo no disponible en reserva.
 ¿Cubren tus ventas las tarifas de Amazon y las devoluciones del periodo de liquidación? El importe del pago refleja las ventas que has hecho y las tarifas de venta aplicadas tanto a dichas ventas como a cualquier promoción o servicio que hayas utilizado. Te recomendamos que revises tu informe de pagos en ""Informes"" de Seller Central para conocer el saldo de cierre.
Para más información sobre los informes de pagos en Seller Central, visita nuestro curso oficial.
Te deseamos un éx",2026-06-14 22:59:09,RETR,xtbBpAtWPGoQdmtmRQAA3B
付款/资金类,older,account_4,weihaizhongxin2024@126.com,"Thu, 21 May 2026 14:22:00 +0000",Amazon Services <donotreply@amazon.com>,Your payment is on the way,,"96
This title will display on mobile devices
 Congratulations! Your payment is on the way and will arrive soon.
 Disbursement attempted
Congratulations Weihai CA! Your payment is on the way and will arrive within three to five days.
On 05/21/26 14:09 EDT, we initiated a transfer to your payment method (bank account ending in 151) in the amount of CAD
 358.48.
 If the amount is less than expected, here are a few questions to consider:
 Do you have an unavailable balance? Amazon might be reserving money to cover potential returns, claims or chargebacks from buyers. If this is the case, the closing balance in your Payment Report will display the unavailable balance that is reserved.
 Did your sales cover all fees and returns for this statement period? The payment amount reflects sales activities, selling fees and fees for promotions or services. We recommend reviewing your Payment Report under the Reports tab in Seller Central to understand your closing balance.
To learn more about Payment Reports in Seller Central, please visit our official course.
We wish you continued success!
Thank you for selling in the Amazon Store,
Amazon Services
Help us improve your payment experience on Amaz",2026-06-14 22:59:06,RETR,xtbBsgymjGoPFQz4qAAA34
付款/资金类,older,account_4,weihaizhongxin2024@126.com,"Wed, 20 May 2026 13:54:11 +0000",Amazon Services <donotreply@amazon.com>,Your payment is on the way,,"96
This title will display on mobile devices
 Congratulations! Your payment is on the way and will arrive soon.
 Disbursement Attempted
Congratulations Weihai EU! Your payment is on the way and will arrive within three to five days.
On 05/20/26 13:53 CEST, we initiated a transfer to your payment method (bank account ending in 229) in the amount of €
 240.42.
 If the amount is less than expected, here are a few questions to consider:
 Do you have an unavailable balance? Amazon might be reserving money to cover potential returns, claims, or chargebacks from buyers. If this is the case, the closing balance in your Payment Report will display the unavailable balance that is reserved.
 Did your sales cover all fees and returns for this statement period? The payment amount reflects sales activities, selling fees, and fees for promotions or services. We recommend reviewing your Payment Report under the Reports tab in Seller Central to understand your closing balance.
To learn more about Payment Reports in Seller Central, please visit our official course.
We wish you continued success!
Thank you for selling in the Amazon store,
Amazon Services
Help us improve your payment experience on Ama",2026-06-14 22:59:03,RETR,xtbBpQZONGoNvQZNqwAA3j
付款/资金类,older,account_4,weihaizhongxin2024@126.com,"Tue, 19 May 2026 15:21:19 +0000",The Amazon Services team <donotreply@amazon.com>,View your China tax report for January - March 2026,,"96
 We’ve submitted your quarterly tax report to the Chinese tax authority. You can now download the report for reference.
 Hello,
According to new rules for online stores issued by the State Council of China (Decree No. 810), we are required to provide information on China-based sellers to the Chinese tax authority on a quarterly basis.
We’ve submitted your quarterly tax report covering January to March 2026, which includes your identity information, number of transactions, revenue, and commission and service fees.
 Download your quarterly report (link active for seven days)
This report is provided for your reference only, no action is required.
Based on your feedback, we’ve also provided a more granular order-level report that displays your quarterly information by transaction.
 Download your order-level report (link active for seven days)
 Considering that the links are only valid for 7 days, we will resend the email to you again.
Note : Variation between the data in these reports and your payment and Amazon VAT transactions report is expected. Each report uses distinct methodology and serves a different purpose.
We’ll continue to provide you with quarterly updates on data share",2026-06-14 22:58:57,RETR,xtbBshO5n2oMf-N15AAA38
付款/资金类,older,account_4,weihaizhongxin2024@126.com,"Tue, 19 May 2026 15:07:05 +0000",The Amazon Services team <donotreply@amazon.com>,View your China tax report for January-March 2026,,"96
 We’ve submitted your quarterly tax report to the Chinese tax authority. You can now download the report for reference.
 Hello,
According to new rules for online stores issued by the State Council of China (Decree No. 810), we are required to provide information on China-based sellers to the Chinese tax authority on a quarterly basis.
We’ve submitted your quarterly tax report covering January to March 2026, which includes your identity information, number of transactions, revenue, and commission and service fees.
 Download your quarterly report (link active for seven days)
This report is provided for your reference only – no action is required.
Based on your feedback, we’ve also provided a more granular order-level report that displays your quarterly information by transaction.
 Download your order-level report (link active for seven days)
 Considering that the links are only valid for 7 days, we will resend the email to you again.
Note : Variation between the data in these reports and your payment and Amazon VAT transactions report is expected. Each report uses distinct methodology and serves a different purpose.
We’ll continue to provide you with quarterly updates on data shar",2026-06-14 22:58:56,RETR,xtbBpBviyGoMfJs4JgAA3K
付款/资金类,older,account_4,weihaizhongxin2024@126.com,"Tue, 19 May 2026 14:48:57 +0000",Amazon Services <donotreply@amazon.com>,Your payment is on the way,,"96
This title will display on mobile devices
 Congratulations! Your payment is on the way and will arrive soon.
 Disbursement attempted
Congratulations Weihai CA! Your payment is on the way and will arrive within three to five days.
On 05/19/26 14:48 EDT, we initiated a transfer to your payment method (bank account ending in 151) in the amount of CAD
 412.05.
 If the amount is less than expected, here are a few questions to consider:
 Do you have an unavailable balance? Amazon might be reserving money to cover potential returns, claims or chargebacks from buyers. If this is the case, the closing balance in your Payment Report will display the unavailable balance that is reserved.
 Did your sales cover all fees and returns for this statement period? The payment amount reflects sales activities, selling fees and fees for promotions or services. We recommend reviewing your Payment Report under the Reports tab in Seller Central to understand your closing balance.
To learn more about Payment Reports in Seller Central, please visit our official course.
We wish you continued success!
Thank you for selling in the Amazon Store,
Amazon Services
Help us improve your payment experience on Amaz",2026-06-14 22:58:56,RETR,xtbBpRzSuGoMeFwQawAA3q
付款/资金类,older,account_4,weihaizhongxin2024@126.com,"Tue, 19 May 2026 11:16:42 +0000","""donotreply@amazon.com"" <donotreply@amazon.com>",✅ Transparency Payment Confirmed!,,"96
 Hello,
Thank you for your purchase! Your payment has been successfully processed. Here is your payment summary:
Invoice Number: 1N3K-GFF4-JYTJ...
Hello,
Thank you for your purchase! Your payment has been successfully processed. Here is your payment summary:
Invoice Number: 1N3K-GFF4-JYTJ
Date: May 19, 2026
Amount Paid: 572.90 USD
Remaining Balance: 0.00 USD
Payment Method: Cash Transfer
You can access all your billing and payments related information by going to your Transactions Dashboard.
 [Link to invoice Dashboard]
 If you see an 'Access Denied' error message when you use the link below and are not able to access the invoice/credit note, then please email transparency-support@amazon.com with your profile link (see instructions below).
 Frequently Asked Questions (FAQ)
 I see 'Access Denied' message after logging into the Transparency Portal, what should I do?
- Please log into your Amazon.com account associated with this email address. If you don't have an account, please create one with this email address.
- Go to https://www.amazon.com/profile.
- Copy the URL that was generated in the search bar. The profile link you need to provide will look similar to this: https://www.",2026-06-14 22:58:55,RETR,xtbBpB9WPGoMRp9j+wAA32
付款/资金类,older,account_4,weihaizhongxin2024@126.com,"Tue, 19 May 2026 11:16:19 +0000","""donotreply@amazon.com"" <donotreply@amazon.com>",✅ Transparency Payment Confirmed!,,"96
 Hello,
Thank you for your purchase! Your payment has been successfully processed. Here is your payment summary:
Invoice Number: 137D-GY9D-LNDM...
Hello,
Thank you for your purchase! Your payment has been successfully processed. Here is your payment summary:
Invoice Number: 137D-GY9D-LNDM
Date: May 19, 2026
Amount Paid: 751.75 USD
Remaining Balance: 0.00 USD
Payment Method: Cash Transfer
You can access all your billing and payments related information by going to your Transactions Dashboard.
 [Link to invoice Dashboard]
 If you see an 'Access Denied' error message when you use the link below and are not able to access the invoice/credit note, then please email transparency-support@amazon.com with your profile link (see instructions below).
 Frequently Asked Questions (FAQ)
 I see 'Access Denied' message after logging into the Transparency Portal, what should I do?
- Please log into your Amazon.com account associated with this email address. If you don't have an account, please create one with this email address.
- Go to https://www.amazon.com/profile.
- Copy the URL that was generated in the search bar. The profile link you need to provide will look similar to this: https://www.",2026-06-14 22:58:55,RETR,xtbBsgdQNmoMRod5+AAA31
付款/资金类,older,account_4,weihaizhongxin2024@126.com,"Mon, 18 May 2026 13:46:45 +0000",Amazon Services <donotreply@amazon.com>,Your payment is on the way,,"96
This title will display on mobile devices
 Congratulations! Your payment is on the way and will arrive soon.
 Disbursement Attempted
Congratulations Weihai EU! Your payment is on the way and will arrive within three to five days.
On 05/18/26 13:46 CEST, we initiated a transfer to your payment method (bank account ending in 229) in the amount of €
 256.29.
 If the amount is less than expected, here are a few questions to consider:
 Do you have an unavailable balance? Amazon might be reserving money to cover potential returns, claims, or chargebacks from buyers. If this is the case, the closing balance in your Payment Report will display the unavailable balance that is reserved.
 Did your sales cover all fees and returns for this statement period? The payment amount reflects sales activities, selling fees, and fees for promotions or services. We recommend reviewing your Payment Report under the Reports tab in Seller Central to understand your closing balance.
To learn more about Payment Reports in Seller Central, please visit our official course.
We wish you continued success!
Thank you for selling in the Amazon store,
Amazon Services
Help us improve your payment experience on Ama",2026-06-14 22:58:54,RETR,xtbBpQh1W2oLGEjlEQAA3G
付款/资金类,older,account_4,weihaizhongxin2024@126.com,"Sun, 17 May 2026 08:49:45 +0000",Amazon Services <donotreply@amazon.com>,Your payment is on the way,,"96
This title will display on mobile devices
 Congratulations! Your payment is on the way and will arrive soon.
 Disbursement attempted
Congratulations Weihai CA! Your payment is on the way and will arrive within three to five days.
On 05/17/26 08:49 EDT, we initiated a transfer to your payment method (bank account ending in 151) in the amount of CAD
 210.40.
 If the amount is less than expected, here are a few questions to consider:
 Do you have an unavailable balance? Amazon might be reserving money to cover potential returns, claims or chargebacks from buyers. If this is the case, the closing balance in your Payment Report will display the unavailable balance that is reserved.
 Did your sales cover all fees and returns for this statement period? The payment amount reflects sales activities, selling fees and fees for promotions or services. We recommend reviewing your Payment Report under the Reports tab in Seller Central to understand your closing balance.
To learn more about Payment Reports in Seller Central, please visit our official course.
We wish you continued success!
Thank you for selling in the Amazon Store,
Amazon Services
Help us improve your payment experience on Amaz",2026-06-14 22:58:50,RETR,xtbBpQ1ILmoJgS3N1gAA3a
付款/资金类,older,account_4,weihaizhongxin2024@126.com,"Sun, 17 May 2026 08:47:51 +0000",Amazon Services <donotreply@amazon.com>,Your payment is on the way,,"96
This title will display on mobile devices
 Congratulations! Your payment is on the way and will arrive soon.
 Disbursement Attempted
Congratulations Weihai EU! Your payment is on the way and will arrive within three to five days.
On 05/17/26 08:47 BST, we initiated a transfer to your payment method (bank account ending in 191) in the amount of £
 329.80.
 If the amount is less than expected, here are a few questions to consider:
 Do you have an unavailable balance? Amazon might be reserving money to cover potential returns, claims or chargebacks from buyers. If this is the case, the closing balance in your Payment Report will display the unavailable balance that is reserved.
 Did your sales cover all fees and returns for this statement period? The payment amount reflects sales activities, selling fees and fees for promotions or services. We recommend reviewing your Payment Report under the Reports tab in Seller Central to understand your closing balance.
To find out more about Payment Reports in Seller Central, please visit our official course.
We wish you continued success!
Thank you for selling in the Amazon store,
Amazon Services
Help us improve your payment experience on Ama",2026-06-14 22:58:48,RETR,xtbBsxwsEmoJgLzcogAA3w
产品链接/合规类,older,account_4,weihaizhongxin2024@126.com,"Sun, 7 Jun 2026 17:51:49 +0000",Fulfillment by Amazon Operations <fba-noreply@amazon.com>,Your Amazon.com Inventory - Action Required,,"Dear Weihai US,
We have recently restricted listings for the product(s) listed below on Amazon.com.
Please initiate a removal request for the ASIN(s) referenced below to have your inventory sent to a location of your choosing. If this inventory is not removed within 30 days of this notification (by 07/06/2026), we may dispose of it in accordance with FBA policies.
Thank you for your attention to this matter.
Regards,
Product Safety Team
Amazon.com
www.amazon.com
Please note: this e-mail was sent from a notification-only address that cannot accept incoming e-mail. Please do not reply to this message.
Affected Product(s):
B0DRTR7GYJ
Was this email helpful?
 https://sellercentral.amazon.com/gp/satisfaction/survey-form.html?ie=UTF8&HMDName=NotificationBusEmailHMD&customAttribute1Value=RESTRICTED_LISTING_PRODUCTS_REMOVAL_REQUEST
SPC-USAmazon-844427151517655",2026-06-14 23:00:15,RETR,xtbBshn942olr7m0jAAA3U
产品链接/合规类,older,account_4,weihaizhongxin2024@126.com,"Fri, 5 Jun 2026 19:25:12 +0000",Amazon Services <donotreply@amazon.com>,Submit product safety documentation to reactivate listings,,"96
 Submit product safety documentation to reactivate listings
 Hello Weihai EU,
 Some of your listings have been deactivated due to missing mandatory compliance requirements for your products. Review the details and next steps below. The affected listings are shown at the end of this email.
 Why is this happening?
 We are taking this action because these products are missing mandatory compliance information. Review our Product safety and compliance help page for information on applicable laws, regulations, and Amazon policies. We leveraged a combination of automated means and expert human review to identify this issue and make this decision.
 The table at the end of this email provides product-specific compliance requirements.
 How do I reactivate my listings?
 To provide the required compliance information, go to your Account Health page and locate the product compliance requests:
-
 If you have the required documentation, follow the instructions to submit your compliance documents. We will only reinstate products that fulfill the compliance requirements.
-
 If you believe your products are exempt from these requirements, submit documentation demonstrating why they are not subjec",2026-06-14 22:59:57,RETR,xtbBsxwT+GojIpwZKQAA3D
产品链接/合规类,older,account_4,weihaizhongxin2024@126.com,"Fri, 5 Jun 2026 03:06:03 +0000",Fulfillment by Amazon Operations <fba-noreply@amazon.com>,Your Amazon.com Inventory,,"Dear Weihai US,
You recently received a notice about the removal of your listing(s) for the product(s) listed below.
You were required to submit a removal request for the ASIN(s) referenced below to have your inventory sent to a location of your choosing within 30 days of the notification sent on 05/04/2026. Since a removal order was not submitted since the notification was sent, we have submitted a disposal order for this inventory in accordance with FBA policies.
For more information regarding the restriction of this product, see the notification e-mail you received from Product Safety. If you have additional questions, please contact Seller Support.
Thank you for your attention to this matter.
Regards,
Product Safety Team
Amazon.com
www.amazon.com
Please note: this e-mail was sent from a notification-only address that cannot accept incoming e-mail. Please do not reply to this message.
Affected Product(s):
B0DRTR7GYJ
Was this email helpful?
 https://sellercentral.amazon.com/gp/satisfaction/survey-form.html?ie=UTF8&HMDName=NotificationBusEmailHMD&customAttribute1Value=RESTRICTED_PRODUCT_REMOVAL_ORDER_CREATED
SPC-USAmazon-492583426128753",2026-06-14 22:59:54,RETR,xtbBpR95X2oiPR9WzwAA3v
产品链接/合规类,older,account_4,weihaizhongxin2024@126.com,"Thu, 4 Jun 2026 19:23:36 +0000",Amazon Services <donotreply@amazon.com>,Submit product safety documentation to reactivate listings,,"96
 Submit product safety documentation to reactivate listings
 Hello Weihai EU,
 Some of your listings have been deactivated due to missing mandatory compliance requirements for your products. Review the details and next steps below. The affected listings are shown at the end of this email.
 Why is this happening?
 We are taking this action because these products are missing mandatory compliance information. Review our Product safety and compliance help page for information on applicable laws, regulations, and Amazon policies. We leveraged a combination of automated means and expert human review to identify this issue and make this decision.
 The table at the end of this email provides product-specific compliance requirements.
 How do I reactivate my listings?
 To provide the required compliance information, go to your Account Health page and locate the product compliance requests:
-
 If you have the required documentation, follow the instructions to submit your compliance documents. We will only reinstate products that fulfill the compliance requirements.
-
 If you believe your products are exempt from these requirements, submit documentation demonstrating why they are not subjec",2026-06-14 22:59:52,RETR,xtbBsh1GLGoh0L2pEAAA3a
产品链接/合规类,older,account_4,weihaizhongxin2024@126.com,"Thu, 4 Jun 2026 19:17:04 +0000",Amazon Services <donotreply@amazon.com>,Submit product safety documentation to reactivate listings,,"96
 Submit product safety documentation to reactivate listings
 Hello Weihai EU,
 Some of your listings have been deactivated due to missing mandatory compliance requirements for your products. Review the details and next steps below. The affected listings are shown at the end of this email.
 Why is this happening?
 We are taking this action because these products are missing mandatory compliance information. Review our Product safety and compliance help page for information on applicable laws, regulations and Amazon policies. We leveraged a combination of automated means and expert human review to identify this issue and make this decision.
 The table at the end of this email provides product-specific compliance requirements.
 How do I reactivate my listing?
 To provide the required compliance information, go to your Account Health page and locate the product compliance requests:
-
 If you have the required documentation, follow the instructions to submit your compliance documents. We will only reinstate products that fulfil the compliance requirements.
-
 If you believe that your products are exempt from these requirements, submit documentation demonstrating why they are not subj",2026-06-14 22:59:52,RETR,xtbBsxLiyGohzzI3OwAA3x
产品链接/合规类,older,account_4,weihaizhongxin2024@126.com,"Thu, 4 Jun 2026 12:40:15 +0000",Amazon Services <donotreply@amazon.com>,Submit product compliance documents to avoid listing removal,,"96
 Submit product compliance documents to avoid listing removal
 Hello Weihai EU,
 Your listings are at risk of removal due to missing Safety Data Sheets. Submit the required documentation by 2026-09-01 to continue selling these products. You can find examples of your at-risk listings at the bottom of this email.
 Why is this happening?
 We are taking this action because we identified hazardous products in your catalog that require Safety Data Sheets (SDS). These documents are required by law and provide critical safety information about chemical products, including proper handling, storage, and emergency procedures. This helps ensure the safety of our customers, employees, and anyone who handles these products.
 We leveraged a combination of automated means and expert human review to identify this issue and make this decision.
 To learn more, visit our Requirements and FAQ for the sale of chemicals .
 How do I continue to sell the affected products?
 To avoid listing removal and continue selling these products, upload the Safety Data Sheets (SDS) for each of the impacted products. Click the “View Compliance Requirements” button below to see all affected listings.
 View Compliance",2026-06-14 22:59:49,RETR,xtbBpBKLcWohcjLidAAA3R
产品链接/合规类,older,account_4,weihaizhongxin2024@126.com,"Thu, 4 Jun 2026 12:33:38 +0000",Amazon Services <donotreply@amazon.com>,Submit product compliance documents to avoid listing removal,,"96
 Submit product compliance documents to avoid listing removal
 Hello Weihai EU,
 Your listings are at risk of removal due to missing Safety Data Sheets. Submit the required documentation by 2026-09-01 to continue selling these products. You can find examples of your at-risk listings at the bottom of this email.
 Why is this happening?
 We are taking this action because we identified hazardous products in your catalogue that require Safety Data Sheets (SDS). These documents are required by law and provide critical safety information about chemical products, including proper handling, storage and emergency procedures. This helps ensure the safety of our customers, employees and anyone who handles these products.
 To learn more, go to our Requirements and FAQ for the sale of chemicals .
 How do I continue to sell the affected products?
 To avoid listing removal and continue selling these products, upload the Safety Data Sheets (SDS) for each of the affected products. Click the “View Compliance Requirements” button below to see all affected listings.
 View Compliance Requirements
 What was affected?
 Reason
 At-risk sales
 Roaxkois Ceramic Painting Set | Cups Painting Set Includes C",2026-06-14 22:59:48,RETR,xtbBpAUoDmohcKXbOwAA35
产品链接/合规类,older,account_4,weihaizhongxin2024@126.com,"Wed, 3 Jun 2026 21:10:43 +0000",Amazon Services <donotreply@amazon.com>,Submit product safety documentation to reactivate listings,,"96
 Submit product safety documentation to reactivate listings
 Hello Weihai US,
 Some of your listings have been deactivated due to missing mandatory compliance requirements for your products. Review the details and next steps below. The affected listings are shown at the end of this email.
 Why is this happening?
 We are taking this action because these products are missing mandatory compliance information. Review our Product safety and compliance help page for information on applicable laws, regulations, and Amazon policies. We leveraged a combination of automated means and expert human review to identify this issue and make this decision.
 The table at the end of this email provides product-specific compliance requirements.
 How do I reactivate my listings?
 To provide the required compliance information, go to your Account Health page and locate the product compliance requests:
-
 If you have the required documentation, follow the instructions to submit your compliance documents. We will only reinstate products that fulfill the compliance requirements.
-
 If you believe your products are exempt from these requirements, submit documentation demonstrating why they are not subjec",2026-06-14 22:59:47,RETR,xtbBsxfdw2ogmFetnQAA3P
产品链接/合规类,older,account_4,weihaizhongxin2024@126.com,"Wed, 3 Jun 2026 19:18:22 +0000",Amazon Services <donotreply@amazon.com>,Submit product safety documentation to reactivate listings,,"96
 Submit product safety documentation to reactivate listings
 Hello Weihai EU,
 Some of your listings have been deactivated due to missing mandatory compliance requirements for your products. Review the details and next steps below. The affected listings are shown at the end of this email.
 Why is this happening?
 We are taking this action because these products are missing mandatory compliance information. Review our Product safety and compliance help page for information on applicable laws, regulations, and Amazon policies. We leveraged a combination of automated means and expert human review to identify this issue and make this decision.
 The table at the end of this email provides product-specific compliance requirements.
 How do I reactivate my listings?
 To provide the required compliance information, go to your Account Health page and locate the product compliance requests:
-
 If you have the required documentation, follow the instructions to submit your compliance documents. We will only reinstate products that fulfill the compliance requirements.
-
 If you believe your products are exempt from these requirements, submit documentation demonstrating why they are not subjec",2026-06-14 22:59:46,RETR,xtbBpQJCKGogfgJZAwAA3h
产品链接/合规类,older,account_4,weihaizhongxin2024@126.com,"Wed, 3 Jun 2026 19:12:35 +0000",Amazon Services <donotreply@amazon.com>,Submit product safety documentation to reactivate listings,,"96
 Submit product safety documentation to reactivate listings
 Hello Weihai EU,
 Some of your listings have been deactivated due to missing mandatory compliance requirements for your products. Review the details and next steps below. The affected listings are shown at the end of this email.
 Why is this happening?
 We are taking this action because these products are missing mandatory compliance information. Review our Product safety and compliance help page for information on applicable laws, regulations and Amazon policies. We leveraged a combination of automated means and expert human review to identify this issue and make this decision.
 The table at the end of this email provides product-specific compliance requirements.
 How do I reactivate my listing?
 To provide the required compliance information, go to your Account Health page and locate the product compliance requests:
-
 If you have the required documentation, follow the instructions to submit your compliance documents. We will only reinstate products that fulfil the compliance requirements.
-
 If you believe that your products are exempt from these requirements, submit documentation demonstrating why they are not subj",2026-06-14 22:59:45,RETR,xtbBpAbq0GogfKZRLQAA30
产品链接/合规类,older,account_4,weihaizhongxin2024@126.com,"Wed, 3 Jun 2026 02:36:04 +0000","""compliance-ops-mass-programs@amazon.com"" <compliance-ops-mass-programs@amazon.com>",RE:[CASE 12662433092] 通过亚马逊完成奥地利EPR注册,,"96
RE:[CASE 12662433092] 通过亚马逊完成奥地利EPR注册
【请勿回复此日志】
卖家您好，
请注意：根据奥地利生产者责任延伸（EPR）要求，您必须为向奥地利客户销售的电池、包装和WEEE类别产品提交注册号。
如未在2026年6月30日前提交有效注册号或选择加入服务，亚马逊可能会限制您的奥地利商品展示和配送权限。
【亚马逊可以帮助您实现合规】
亚马逊可以以每个EPR类别€2.50的价格为您注册，并代您管理EPR相关销售报告和环保费。
我们将为您处理以下事项：
•注册并获取您的注册号（其长度和格式因类别而异）
•任命European Recycling Platform (ERP) Austria GmbH 为您的授权代表
•代您向奥地利主管部门提交报告
【如何选择加入】
点击下方链接前往“面向向奥地利发货的卖家的EPR注册和EPR代付服务”页面，阅读条款与条件，然后点击“注册”按钮确认。此页面也包含常见问题解答，请前往查看详情。
 https://sellercentral-europe.amazon.com/gc/epr-compliance/epr-registration-pob-austria?ref=POB-AT-pn
【如果您选择不加入】
如需继续在亚马逊上销售并向奥地利发货，您必须自行在奥地利的生产者责任组织注册、任命自己的授权代表，并自行缴纳环保费。
如需了解更多信息及注册号提交说明，请前往“奥地利生产者责任延伸（EPR）要求”帮助页面： https://sellercentral-europe.amazon.com/help/hub/reference/external/G9Y5VX5LUKV4YEEQ?mons_sel_locale=zh_CN
 Report an issue with this email
 If you have any questions visit: Seller Central
 To change your email preferences visit: Notification Preferences
 Copyright 2026 Amazon, Inc, or its affiliates. All rights reserved.
 Amazon EU S.à r.l.
38 avenue John F. Kennedy
L-1855 Luxembourg
Registered in Luxembourg No. B-101818
Share Capital 165.833 EUR
Business License Number: 134248
Luxembourg VAT Reg. No. LU 20260743.
 SPC-EUAmazon-175923520624800",2026-06-14 22:59:43,RETR,xtbBpBdMMmofkxctigAA3b
产品链接/合规类,older,account_4,weihaizhongxin2024@126.com,"Tue, 2 Jun 2026 12:53:21 +0000",Fulfilment by Amazon Operations <fba-noreply@amazon.lu>,Your Amazon-Fulfilled Inventory - Action Required,,"Dear Seller,
You recently received a notice concerning the removal of your listing(s) for the product(s) below due to a safety recall.
Please create a removal request for the ASIN(s) listed below to have your inventory sent to a location of your choice. If this inventory is not removed within 30 days of this notification (by 01/07/2026), we shall dispose of it in accordance with our FBA policies.
For more information regarding the removal of this product, see the notification e-mail you received from our Seller Performance Team.
Thank you for your prompt attention to this matter.
Yours faithfully,
Fulfilment by Amazon Team
Please note: this e-mail was sent from a notification-only address that cannot accept incoming e-mail. Please do not reply to this message.
Affected Product(s):
B0FPC87B1W
 SPC-EUAmazon-791650031971332",2026-06-14 22:59:43,RETR,xtbBpAXnzWoe0kUTyAAA3z
产品链接/合规类,older,account_4,weihaizhongxin2024@126.com,"Mon, 1 Jun 2026 10:39:43 +0000","""cscompliance-docreview-seller@amazon.se"" <cscompliance-docreview-seller@amazon.se>","SELLER: A1UYGOR4ZW45MU, ASIN: B0DD7R3PPG, MARKETPLACE:
 A2NODRKZP88ZB9 - SPO - Seller Partner Outreach - Document Review",,"96
SELLER: A1UYGOR4ZW45MU, ASIN: B0DD7R3PPG, MARKETPLACE: A2NODRKZP88ZB9 - SPO - Seller Partner Outreach - Document Review
 Do not reply back to this e-mail!
Hello,
Thank you for submitting a document to the Chemical Safety Compliance Team.
● The document uploaded for ""B0DD7R3PPG"" is incomplete, inaccurate or otherwise conflicting, and cannot be used for classification. Specifically:
→ The SDS must be composed in accordance with a valid regulation/legislation for Chemical Safety Compliance( for which your product is listed and stored ).
The SDS does not include the legislation/regulation in accordance with the document was created
Legislation/regulation should be also mentioned in section 2 “Hazard Identification”.
For guidance on Safety Data Sheet requirements, please refer to https://sellercentral.amazon.com/help/hub/reference/G5G6BBSA6FZQP9CP
Once you have corrected the problems listed above, please re-upload a valid document in Account Health Dashboard under ""Regulatory Compliance"" section. For any questions/appeals regarding these product/other products, please submit them ( for each ASIN separately ) in ""Account Health Dashboard"" under the relevant Appeal reason:
1. Go to the",2026-06-14 22:59:39,RETR,xtbBpBRXPWodYXRlxwAA3a
产品链接/合规类,older,account_4,weihaizhongxin2024@126.com,"Sun, 31 May 2026 14:31:42 +0000","""toys-safety-mv@amazon.com"" <toys-safety-mv@amazon.com>","SELLER: A192R36HNXVJ38, ASIN: B0FCDRNTT8, MARKETPLACE: 1 - PS -
 APPEAL",,"96
SELLER: A192R36HNXVJ38, ASIN: B0FCDRNTT8, MARKETPLACE: 1 - PS - APPEAL
 Hello,
Thank you for contacting us.
Your product does not fall under the Product Category Toys. Therefore compliance documents are not required for this Product Category. If the status of the request is approved, there is no further action required from your end.
However, your product may fall under other Product Category Policies which require compliance documentation. You will be notified of any further compliance requirements.
We appreciate your cooperation on this important matter.
To help us continually improve, we ask that you take a moment to complete our survey below. This would help us understand your overall compliance experience.
Were you satisfied with the support provided?
If yes, please click here:
 http://www.amazon.com/gp/help/survey?p=A2F8UMXOISFWTF&k=hy
If no, please click here:
 http://www.amazon.com/gp/help/survey?p=A2F8UMXOISFWTF&k=hn
 Copyright 2026 Amazon, Inc, or its affiliates. All rights reserved.
 Amazon.com, 410 Terry Avenue North, Seattle, WA 98109-5210
 SPC-USAmazon-1759220821236464",2026-06-14 22:59:36,RETR,xtbBsxJHLWocRlI9ZAAA3w
产品链接/合规类,older,account_4,weihaizhongxin2024@126.com,"Sat, 30 May 2026 16:11:48 +0000",Amazon Services <donotreply@amazon.com>,Submit product safety documentation to reactivate listings,,"96
 Submit product safety documentation to reactivate listings
 Hello Weihai EU,
 Some of your listings have been deactivated due to missing mandatory compliance requirements for your products. Review the details and next steps below. The affected listings are shown at the end of this email.
 Why is this happening?
 We are taking this action because these products are missing mandatory compliance information. Review our Product safety and compliance help page for information on applicable laws, regulations, and Amazon policies. We leveraged a combination of automated means and expert human review to identify this issue and make this decision.
 The table at the end of this email provides product-specific compliance requirements.
 How do I reactivate my listings?
 To provide the required compliance information, go to your Account Health page and locate the product compliance requests:
-
 If you have the required documentation, follow the instructions to submit your compliance documents. We will only reinstate products that fulfill the compliance requirements.
-
 If you believe your products are exempt from these requirements, submit documentation demonstrating why they are not subjec",2026-06-14 22:59:36,RETR,xtbBsgh2XGobDEgy-AAA3r
产品链接/合规类,older,account_4,weihaizhongxin2024@126.com,"Sat, 30 May 2026 16:09:04 +0000",Amazon Services <donotreply@amazon.com>,Submit product safety documentation to reactivate listings,,"96
 Submit product safety documentation to reactivate listings
 Hello Weihai EU,
 Some of your listings have been deactivated due to missing mandatory compliance requirements for your products. Review the details and next steps below. The affected listings are shown at the end of this email.
 Why is this happening?
 We are taking this action because these products are missing mandatory compliance information. Review our Product safety and compliance help page for information on applicable laws, regulations and Amazon policies. We leveraged a combination of automated means and expert human review to identify this issue and make this decision.
 The table at the end of this email provides product-specific compliance requirements.
 How do I reactivate my listing?
 To provide the required compliance information, go to your Account Health page and locate the product compliance requests:
-
 If you have the required documentation, follow the instructions to submit your compliance documents. We will only reinstate products that fulfil the compliance requirements.
-
 If you believe that your products are exempt from these requirements, submit documentation demonstrating why they are not subj",2026-06-14 22:59:35,RETR,xtbBsgRNM2obC6QtvQAA3G
产品链接/合规类,older,account_4,weihaizhongxin2024@126.com,"Fri, 29 May 2026 16:10:43 +0000",Amazon Services <donotreply@amazon.com>,Submit product safety documentation to reactivate listings,,"96
 Submit product safety documentation to reactivate listings
 Hello Weihai EU,
 Some of your listings have been deactivated due to missing mandatory compliance requirements for your products. Review the details and next steps below. The affected listings are shown at the end of this email.
 Why is this happening?
 We are taking this action because these products are missing mandatory compliance information. Review our Product safety and compliance help page for information on applicable laws, regulations, and Amazon policies. We leveraged a combination of automated means and expert human review to identify this issue and make this decision.
 The table at the end of this email provides product-specific compliance requirements.
 How do I reactivate my listings?
 To provide the required compliance information, go to your Account Health page and locate the product compliance requests:
-
 If you have the required documentation, follow the instructions to submit your compliance documents. We will only reinstate products that fulfill the compliance requirements.
-
 If you believe your products are exempt from these requirements, submit documentation demonstrating why they are not subjec",2026-06-14 22:59:31,RETR,xtbBpAawlmoZuoaOmgAA3f
产品链接/合规类,older,account_4,weihaizhongxin2024@126.com,"Fri, 29 May 2026 16:07:21 +0000",Amazon Services <donotreply@amazon.com>,Submit product safety documentation to reactivate listings,,"96
 Submit product safety documentation to reactivate listings
 Hello Weihai EU,
 Some of your listings have been deactivated due to missing mandatory compliance requirements for your products. Review the details and next steps below. The affected listings are shown at the end of this email.
 Why is this happening?
 We are taking this action because these products are missing mandatory compliance information. Review our Product safety and compliance help page for information on applicable laws, regulations and Amazon policies. We leveraged a combination of automated means and expert human review to identify this issue and make this decision.
 The table at the end of this email provides product-specific compliance requirements.
 How do I reactivate my listing?
 To provide the required compliance information, go to your Account Health page and locate the product compliance requests:
-
 If you have the required documentation, follow the instructions to submit your compliance documents. We will only reinstate products that fulfil the compliance requirements.
-
 If you believe that your products are exempt from these requirements, submit documentation demonstrating why they are not subj",2026-06-14 22:59:29,RETR,xtbBsxx+ZGoZubz+twAA3K
产品链接/合规类,older,account_4,weihaizhongxin2024@126.com,"Thu, 28 May 2026 06:06:12 +0000",亚马逊全球开店 <info@globalselling.amazon.cn>,帮您免费一站式搞定VAT、EPR等合规问题！亚马逊合规服务商城现已正式上线！,,"亚马逊合规服务商城正式上线，一站式帮助卖家高效搞定欧洲站点的VAT、EPR等合规问题。
			尊敬的 深圳市微海众信科技有限公司,
			在拓展欧洲站点的过程中，您是否也曾为以下挑战感到困扰？
			1. 各国合规法规错综复杂，自主梳理耗时费力
			欧洲各国（如英、德、法、意、西等）的增值税（VAT）和生产者责任延伸（EPR）法规各异，独立研究合规要求需投入大量时间与精力。
			2. 服务商信息不透明，筛选与沟通成本高昂
			市场上服务商质量参差不齐，报价缺乏透明度，仅完成初步比较与沟通就需要耗费大量运营资源，且选择过程充满不确定性。
			3. 合规流程进度不透明，多头管理难以把控
			从注册、申报到缴费，环节繁多且周期较长。当多个国家的合规事项并行推进时，往往难以清晰掌握各项进程，缺乏整体可视性。
			如您也面临上述挑战，亚马逊为您带来一个更高效、透明、集成的解决方案。亚马逊合规服务商城现已正式上线。这是一个一站式合规解决方案，旨在将严选过的合规第三方服务提供商直接集成到亚马逊卖家平台，让您像'购物'一样,高效、透明、省心地完成在欧洲销售所必需的合规事宜。
			什么是合规服务商城?
			合规服务商城（Compliance Services Store）是亚马逊为欧洲站点卖家提供的合规服务商城对接解决方案, 集中提供VAT注册和申报、EPR注册和申报等合规解决方案,帮助卖家更高效地应对欧洲站点的合规要求。
			为什么选择合规服务商城?
			1. 一站式对接，无需跳转：直接在亚马逊卖家平台内完成第三方服务提供商的查找、费用比较和购买服务告别在不同网站反复切换的麻烦。
			2. 服务严选，价格透明：所有入驻服务商均已完成亚马逊严格的资质审核,满足预设的质量标准。所有一次性费用和周期性费用都会预先列明；您可在下单前对比单项服务定价与套餐（bundle）价格，并根据选择实时更新报价。
			3. 精准匹配，按需选择：系统会根据您计划销售的具体国家，为您展示量身定制的合规服务商城方案与捆绑包，帮助您做出更精准的决策。
			4. 进度可视，管理便捷：成功选择并委托服务商后，您可以直接在亚马逊卖家平台的相关页面(如Service Hub)实时监控服务进度状态。
			目前开放的合规服务包括哪些？
			● VAT（增值税）登记和申报
			● EPR（生产者责任延伸）登记和申报
			● EU Responsible Person（欧盟负责人 / RsP）
			● 贴标（Labelling）和商品信息翻译（Translation）-目前仅针对已在北美（美国/加拿大）销售的卖家开放该功能
			未来会有更多合规服务上线，请保持关注。
			如何开始使用?
			为了确保您能顺利进入亚马逊官方合规服务商城，并完成后续的服务选择与进度追踪，建议您务必使",2026-06-14 22:59:20,RETR,xtbBsxZsUmoX21a0vQAA3i
产品链接/合规类,older,account_4,weihaizhongxin2024@126.com,"Wed, 27 May 2026 17:40:38 +0000",Fulfillment by Amazon Operations <fba-noreply@amazon.com>,Your Amazon.com Inventory - Action Required,,"Dear Weihai US,
We have recently restricted listings for the product(s) listed below on Amazon.com.
Please initiate a removal request for the ASIN(s) referenced below to have your inventory sent to a location of your choosing. If this inventory is not removed within 30 days of this notification (by 06/25/2026), we may dispose of it in accordance with FBA policies.
Thank you for your attention to this matter.
Regards,
Product Safety Team
Amazon.com
www.amazon.com
Please note: this e-mail was sent from a notification-only address that cannot accept incoming e-mail. Please do not reply to this message.
Affected Product(s):
B0FD8VC559
Was this email helpful?
 https://sellercentral.amazon.com/gp/satisfaction/survey-form.html?ie=UTF8&HMDName=NotificationBusEmailHMD&customAttribute1Value=RESTRICTED_LISTING_PRODUCTS_REMOVAL_REQUEST
SPC-USAmazon-2023103611500356",2026-06-14 22:59:19,RETR,xtbBpBmRd2oXLJmQ4gAA3h
产品链接/合规类,older,account_4,weihaizhongxin2024@126.com,"Wed, 27 May 2026 11:02:38 +0000","""toys-safety-mv@amazon.com"" <toys-safety-mv@amazon.com>","RE:[CASE 20326051091] SELLER: A192R36HNXVJ38, ASIN: B0DRTR7GYJ,
 MARKETPLACE: 1 - PS - APPEAL",,"96
RE:[CASE 20326051091] SELLER: A192R36HNXVJ38, ASIN: B0DRTR7GYJ, MARKETPLACE: 1 - PS - APPEAL
Hello,
Thank you for submitting a second appeal. Your request is still not approved because the issue remains and the product has characteristics of Toys for children.
We request you take the following action to fulfill the compliance requirements for this product:
To ensure that your product is not removed from Amazon's US store, you require a test result that confirms your product's compliance with Amazon's Policy. Please initiate a test request for each product to one of the third-party Testing, Inspection, and Certification organizations through Account Health dashboard. See our third-party TIC services help page to learn more: https://sellercentral.amazon.com/help/hub/reference/external/GUTZ2R2DD6P2UMVB .
For more information on compliance requirements for Toys, please visit: https://sellercentral.amazon.com/help/hub/reference/external/GKJRA3FRPRKVBJJS
Once testing or verification is requested, please work with the chosen source to provide all requested information to complete testing of your product or verification of your existing test documents. Once the third-party TIC services ",2026-06-14 22:59:18,RETR,xtbBshAoDmoWz1AF2wAA35
产品链接/合规类,older,account_4,weihaizhongxin2024@126.com,"Mon, 25 May 2026 03:58:41 +0000","""cscompliance-docreview-vendor@amazon.ca"" <cscompliance-docreview-vendor@amazon.ca>","SELLER: A192R36HNXVJ38, ASIN: B0FCDRNTT8, MARKETPLACE: 7 - CSC -
 DOC REVIEW",,"96
SELLER: A192R36HNXVJ38, ASIN: B0FCDRNTT8, MARKETPLACE: 7 - CSC - DOC REVIEW
 Do not reply back to this e-mail!
Hello,
Thank you for submitting a document to the Chemical Safety Compliance Team.
● The document uploaded for ""B0FCDRNTT8"" is incomplete, inaccurate or otherwise conflicting, and cannot be used for classification. Specifically:
→ The SDS must be composed in accordance with a valid regulation/legislation for Chemical Safety Compliance( for which your product is listed and stored ).
The SDS does not include the legislation/regulation in accordance with the document was created
Legislation/regulation should be also mentioned in section 2 “Hazard Identification”.
For guidance on Safety Data Sheet requirements, please refer to https://sellercentral.amazon.com/help/hub/reference/G5G6BBSA6FZQP9CP
Once you have corrected the problems listed above, please re-upload a valid document in Account Health Dashboard under ""Regulatory Compliance"" section. For any questions/appeals regarding these product/other products, please submit them ( for each ASIN separately ) in ""Account Health Dashboard"" under the relevant Appeal reason:
1. Go to the Account Health page and select the Regulato",2026-06-14 22:59:13,RETR,xtbBsxTOtGoTyPTpuAAA3J
产品链接/合规类,older,account_4,weihaizhongxin2024@126.com,"Mon, 25 May 2026 03:53:39 +0000","""cscompliance-docreview-seller@amazon.com"" <cscompliance-docreview-seller@amazon.com>","SELLER: A192R36HNXVJ38, ASIN: B0FCDRNTT8, MARKETPLACE: 1 - CSC -
 DOC REVIEW",,"96
SELLER: A192R36HNXVJ38, ASIN: B0FCDRNTT8, MARKETPLACE: 1 - CSC - DOC REVIEW
 Do not reply back to this e-mail!
Hello,
Thank you for submitting a document to the Chemical Safety Compliance Team.
● The document uploaded for ""B0FCDRNTT8"" is incomplete, inaccurate or otherwise conflicting, and cannot be used for classification. Specifically:
→ The SDS must be composed in accordance with a valid regulation/legislation for Chemical Safety Compliance( for which your product is listed and stored ).
The SDS does not include the legislation/regulation in accordance with the document was created
Legislation/regulation should be also mentioned in section 2 “Hazard Identification”.
For guidance on Safety Data Sheet requirements, please refer to https://sellercentral.amazon.com/help/hub/reference/G5G6BBSA6FZQP9CP
Once you have corrected the problems listed above, please re-upload a valid document in Account Health Dashboard under ""Regulatory Compliance"" section. For any questions/appeals regarding these product/other products, please submit them ( for each ASIN separately ) in ""Account Health Dashboard"" under the relevant Appeal reason:
1. Go to the Account Health page and select the Regulato",2026-06-14 22:59:13,RETR,xtbBswWCaGoTx8XcfAAA3H
产品链接/合规类,older,account_4,weihaizhongxin2024@126.com,"Mon, 25 May 2026 03:49:38 +0000","""cscompliance-docreview-vendor@amazon.com.mx"" <cscompliance-docreview-vendor@amazon.com.mx>","SELLER: A192R36HNXVJ38, ASIN: B0FCDRNTT8, MARKETPLACE: 771770 - CSC
 - DOC REVIEW",,"96
SELLER: A192R36HNXVJ38, ASIN: B0FCDRNTT8, MARKETPLACE: 771770 - CSC - DOC REVIEW
 Do not reply back to this e-mail!
Hello,
Thank you for submitting a document to the Chemical Safety Compliance Team.
● The document uploaded for ""B0FCDRNTT8"" is incomplete, inaccurate or otherwise conflicting, and cannot be used for classification. Specifically:
→ The SDS must be composed in accordance with a valid regulation/legislation for Chemical Safety Compliance( for which your product is listed and stored ).
The SDS does not include the legislation/regulation in accordance with the document was created
Legislation/regulation should be also mentioned in section 2 “Hazard Identification”.
For guidance on Safety Data Sheet requirements, please refer to https://sellercentral.amazon.com/help/hub/reference/G5G6BBSA6FZQP9CP
Once you have corrected the problems listed above, please re-upload a valid document in Account Health Dashboard under ""Regulatory Compliance"" section. For any questions/appeals regarding these product/other products, please submit them ( for each ASIN separately ) in ""Account Health Dashboard"" under the relevant Appeal reason:
1. Go to the Account Health page and select the Reg",2026-06-14 22:59:13,RETR,xtbBpBZGLGoTxtZlnwAA3L
产品链接/合规类,older,account_4,weihaizhongxin2024@126.com,"Mon, 25 May 2026 03:02:52 +0000",Fulfillment by Amazon Operations <fba-noreply@amazon.com>,Your Amazon.com Inventory,,"Dear Weihai US,
You recently received a notice about the removal of your listing(s) for the product(s) listed below.
You were required to submit a removal request for the ASIN(s) referenced below to have your inventory sent to a location of your choosing within 30 days of the notification sent on 04/23/2026. Since a removal order was not submitted since the notification was sent, we have submitted a disposal order for this inventory in accordance with FBA policies.
For more information regarding the restriction of this product, see the notification e-mail you received from Product Safety. If you have additional questions, please contact Seller Support.
Thank you for your attention to this matter.
Regards,
Product Safety Team
Amazon.com
www.amazon.com
Please note: this e-mail was sent from a notification-only address that cannot accept incoming e-mail. Please do not reply to this message.
Affected Product(s):
B0FD8VC559
Was this email helpful?
 https://sellercentral.amazon.com/gp/satisfaction/survey-form.html?ie=UTF8&HMDName=NotificationBusEmailHMD&customAttribute1Value=RESTRICTED_PRODUCT_REMOVAL_ORDER_CREATED
SPC-USAmazon-1776813009307497",2026-06-14 22:59:13,RETR,xtbBpR+Fa2oTu9+4lwAA3m
产品链接/合规类,older,account_4,weihaizhongxin2024@126.com,"Mon, 25 May 2026 02:57:24 +0000","""cscompliance-docreview-seller@amazon.de"" <cscompliance-docreview-seller@amazon.de>","SELLER: A1UYGOR4ZW45MU, ASIN: B0DD7R3PPG, MARKETPLACE:
 A1PA6795UKMFR9 - SPO - Seller Partner Outreach - Document Review",,"96
SELLER: A1UYGOR4ZW45MU, ASIN: B0DD7R3PPG, MARKETPLACE: A1PA6795UKMFR9 - SPO - Seller Partner Outreach - Document Review
 Do not reply back to this e-mail!
Hello,
Thank you for submitting a document to the Chemical Safety Compliance Team.
Upon review, we determined that the Safety Data Sheet ( SDS ) you uploaded for your ASIN is invalid due to it being incomplete, inaccurate, or otherwise conflicting, and thus, cannot be used for classification. Even though you've provided a written statement asserting that this SDS is the correct one, unfortunately, it doesn't validate its applicability for your product due to the following issues with the SDS:
→ The SDS must be composed in accordance with a valid regulation/legislation for Chemical Safety Compliance( for which your product is listed and stored ).
The SDS does not include the legislation/regulation in accordance with the document was created
Legislation/regulation should be also mentioned in section 2 “Hazard Identification”.
For guidance on Safety Data Sheet requirements, please refer to https://sellercentral.amazon.com/help/hub/reference/G5G6BBSA6FZQP9CP
Once you have corrected the problems listed above, please re-upload a val",2026-06-14 22:59:12,RETR,xtbBpRczGWoTupej3AAA3z
产品链接/合规类,older,account_4,weihaizhongxin2024@126.com,"Mon, 25 May 2026 02:55:04 +0000","""cscompliance-docreview-seller@amazon.fr"" <cscompliance-docreview-seller@amazon.fr>","SELLER: A1UYGOR4ZW45MU, ASIN: B0DD7R3PPG, MARKETPLACE:
 A13V1IB3VIYZZH - SPO - Seller Partner Outreach - Document Review",,"96
SELLER: A1UYGOR4ZW45MU, ASIN: B0DD7R3PPG, MARKETPLACE: A13V1IB3VIYZZH - SPO - Seller Partner Outreach - Document Review
 Do not reply back to this e-mail!
Hello,
Thank you for submitting a document to the Chemical Safety Compliance Team.
Thank you for providing a written statement to confirm that the SDS you provided is the correct one for ASIN. Unfortunately, the written statement cannot be used to confirm applicability for the SDS uploaded due to the inaccurate or other conflicting reasons between these two documents. Specifically:
""I am reseller of the following product:"" : The name/title of the product on the declaration is ""12 color acrylic paint"" while the product name/title of the product from SDS section 1 ""See item 3 for details "".
It is necessary to upload new compliant documents - a valid safety data sheet and compliant declaration ( if applicable ) in ""Manage Your Compliance"" on ""Provide documents"" section.
→ The SDS must be composed in accordance with a valid regulation/legislation for Chemical Safety Compliance( for which your product is listed and stored ).
The SDS does not include the legislation/regulation in accordance with the document was created
Legislation/",2026-06-14 22:59:12,RETR,xtbBpQsQ9WoTugubuAAA3g
产品链接/合规类,older,account_4,weihaizhongxin2024@126.com,"Tue, 19 May 2026 17:11:27 +0000",Fulfillment by Amazon Operations <fba-noreply@amazon.com>,Your Amazon.com Inventory - Action Required,,"Dear Weihai US,
We have recently restricted listings for the product(s) listed below on Amazon.com.
Please initiate a removal request for the ASIN(s) referenced below to have your inventory sent to a location of your choosing. If this inventory is not removed within 30 days of this notification (by 06/17/2026), we may dispose of it in accordance with FBA policies.
Thank you for your attention to this matter.
Regards,
Product Safety Team
Amazon.com
www.amazon.com
Please note: this e-mail was sent from a notification-only address that cannot accept incoming e-mail. Please do not reply to this message.
Affected Product(s):
B0FCDRNTT8
Was this email helpful?
 https://sellercentral.amazon.com/gp/satisfaction/survey-form.html?ie=UTF8&HMDName=NotificationBusEmailHMD&customAttribute1Value=RESTRICTED_LISTING_PRODUCTS_REMOVAL_REQUEST
SPC-USAmazon-474991238288257",2026-06-14 22:58:58,RETR,xtbBswM0GmoMmcMj5gAA3n
产品链接/合规类,older,account_4,weihaizhongxin2024@126.com,"Mon, 18 May 2026 07:24:17 +0000","""cscompliance-docreview-vendor@amazon.com.mx"" <cscompliance-docreview-vendor@amazon.com.mx>","SELLER: A192R36HNXVJ38, ASIN: B0FCDRNTT8, MARKETPLACE: 771770 - CSC
 - DOC REVIEW",,"Do not reply back to this e-mail!
Hello,
Thank you for submitting a document to the Chemical Safety Compliance Team.
● The document uploaded for ""B0FCDRNTT8"" is incomplete, inaccurate or otherwise conflicting, and cannot be used for classification. Specifically:
→ The SDS must be composed in accordance with a valid regulation/legislation for Chemical Safety Compliance( for which your product is listed and stored ).
The SDS does not include the legislation/regulation in accordance with the document was created
Legislation/regulation should be also mentioned in section 2 “Hazard Identification”.
For guidance on Safety Data Sheet requirements, please refer to https://sellercentral.amazon.com/help/hub/reference/G5G6BBSA6FZQP9CP
Once you have corrected the problems listed above, please re-upload a valid document in Account Health Dashboard under ""Regulatory Compliance"" section. For any questions/appeals regarding these product/other products, please submit them ( for each ASIN separately ) in ""Account Health Dashboard"" under the relevant Appeal reason:
1. Go to the Account Health page and select the Regulatory Compliance tab.
2. Click Submit button for the product you’re taking action o",2026-06-14 22:58:52,RETR,xtbBswT122oKvqQAqAAA3L
产品链接/合规类,older,account_4,weihaizhongxin2024@126.com,"Mon, 18 May 2026 07:03:38 +0000","""cscompliance-docreview-seller@amazon.it"" <cscompliance-docreview-seller@amazon.it>","SELLER: A1UYGOR4ZW45MU, ASIN: B0DD7R3PPG, MARKETPLACE:
 APJ6JRA9NG5V4 - SPO - Seller Partner Outreach - Document Review",,"Do not reply back to this e-mail!
Hello,
Thank you for submitting a document to the Chemical Safety Compliance Team.
Upon review, we determined that the Safety Data Sheet ( SDS ) you uploaded for your ASIN is invalid due to it being incomplete, inaccurate, or otherwise conflicting, and thus, cannot be used for classification. Even though you've provided a written statement asserting that this SDS is the correct one, unfortunately, it doesn't validate its applicability for your product due to the following issues with the SDS:
→ The SDS must be composed in accordance with a valid regulation/legislation for Chemical Safety Compliance( for which your product is listed and stored ).
The SDS does not include the legislation/regulation in accordance with the document was created
Legislation/regulation should be also mentioned in section 2 “Hazard Identification”.
For guidance on Safety Data Sheet requirements, please refer to https://sellercentral.amazon.com/help/hub/reference/G5G6BBSA6FZQP9CP
Once you have corrected the problems listed above, please re-upload a valid document in Account Health Dashboard under ""Regulatory Compliance"" section. For any questions/appeals regarding these pro",2026-06-14 22:58:52,RETR,xtbBpA6+pGoKuc5NrwAA3F
产品链接/合规类,older,account_4,weihaizhongxin2024@126.com,"Mon, 18 May 2026 07:02:28 +0000","""cscompliance-docreview-seller@amazon.it"" <cscompliance-docreview-seller@amazon.it>","SELLER: A1UYGOR4ZW45MU, ASIN: B0G6XCTGJC, MARKETPLACE:
 APJ6JRA9NG5V4 - SPO - Seller Partner Outreach - Document Review",,"Do not reply back to this e-mail!
Hello,
Thank you for submitting a document to the Chemical Safety Compliance Team.
The ASIN has been marked as compliant in our systems and will be reclassified in the shortest time possible.
No further action is required on your part in this matter.
We appreciate your prompt cooperation.
Thank you,
bpirvano
Amazon",2026-06-14 22:58:52,RETR,xtbBpAitk2oKuYhK4QAA3o
产品链接/合规类,older,account_4,weihaizhongxin2024@126.com,"Sun, 17 May 2026 14:07:57 +0000","""toys-safety-mv@amazon.com"" <toys-safety-mv@amazon.com>","RE:[CASE 20326051091] SELLER: A192R36HNXVJ38, ASIN: B0DRTR7GYJ,
 MARKETPLACE: 1 - PS - APPEAL",,"Hello,
We have reviewed your appeal request. We are rejecting your appeal because the detail page has an image of a child playing with the product. We request you take the following action:
Please remove the image from the detail page. This requirement helps ensure products are compliant with local laws and safe for customers.
For more information on compliance requirements for Arts & Crafts, please visit: https://sellercentral.amazon.com/help/hub/reference/external/GKJRA3FRPRKVBJJS
Once testing or verification is requested, please work with the chosen source to provide all requested information to complete testing of your product or verification of your existing test documents. Once the third-party TIC services provide Amazon with test or verification results confirming compliance with Amazon's policies, your product will be eligible for sale in US store. No further action will be required.
Without completing the steps mentioned above, we will not be able to proceed with your appeal/reinstatement.
We appreciate your cooperation on this important matter.
Note: This email was sent from a no-reply mailbox. Please don't reply to this email. Kindly navigate via Account Health Dashboard",2026-06-14 22:58:50,RETR,xtbBpQEA5WoJy8EBrAAA3F
产品链接/合规类,older,account_4,weihaizhongxin2024@126.com,"Sun, 17 May 2026 03:03:13 +0000",Fulfillment by Amazon Operations <fba-noreply@amazon.com>,Your Amazon.com Inventory,,"Dear Weihai US,
You recently received a notice about the removal of your listing(s) for the product(s) listed below.
You were required to submit a removal request for the ASIN(s) referenced below to have your inventory sent to a location of your choosing within 30 days of the notification sent on 04/15/2026. Since a removal order was not submitted since the notification was sent, we have submitted a disposal order for this inventory in accordance with FBA policies.
For more information regarding the restriction of this product, see the notification e-mail you received from Product Safety. If you have additional questions, please contact Seller Support.
Thank you for your attention to this matter.
Regards,
Product Safety Team
Amazon.com
www.amazon.com
Please note: this e-mail was sent from a notification-only address that cannot accept incoming e-mail. Please do not reply to this message.
Affected Product(s):
B0FCDRNTT8
Was this email helpful?
 https://sellercentral.amazon.com/gp/satisfaction/survey-form.html?ie=UTF8&HMDName=NotificationBusEmailHMD&customAttribute1Value=RESTRICTED_PRODUCT_REMOVAL_ORDER_CREATED
SPC-USAmazon-1653667702886332",2026-06-14 22:58:47,RETR,xtbBpBTly2oJL-RYWAAA3m
法务/侵权类,older,account_4,weihaizhongxin2024@126.com,"Sun, 7 Jun 2026 19:32:37 +0000",Amazon Seller Central <donotreply@amazon.com>,Your Amazon.ae Merchant Invoice for 5/2026,,"Your Amazon.ae Merchant Invoice for 5/2026
 96
Hello,
We are writing to inform you that your electronic Merchant Invoice for the month of 5/2026 is now available in your Seller Central Account.
To access your invoice, go to your Tax Document Library . In your Tax Document Library, you will be able to view, download or print your invoice.
The Amazon Services Team
 عزيزي Shen zhen shi wei hai zhong xin ke ji you xian،
نراسلك لإبلاغك بأن فاتورة ضريبة القيمة المضافة (VAT) الخاصة بالتاجر الخاص بك لشهر 5/2026 متاح الآن في حساب Seller Central الخاص بك.
للوصول إلى فاتورة الخاص بك، انتقل إلى حساب Seller Central الخاص بك > التقارير > مكتبة المستندات الضريبية > فواتير ضريبة رسم البائع.
في حساب Seller Central الخاص بك، ستتمكن من عرض {documentType}$ الخاص بك أو تنزيله أو طباعته.
إذا كانت لديك أي أسئلة، فالمرجو التواصل مع دعم البائع.
 مع أطيب التحيات،
Amazon.ae
 Report an issue with this email
 If you have any questions visit: Seller Central
 To change your email preferences visit: Notification Preferences
 We hope you found this message to be useful. However, if you'd rather not receive future e-mails of this sort from Amazon.com, please opt-out here.
 Copyright 2026 Amazon, Inc, or its affilia",2026-06-14 23:00:15,RETR,xtbBshnr0Wolx1kqAgAA3o
法务/侵权类,older,account_4,weihaizhongxin2024@126.com,"Sun, 7 Jun 2026 08:39:32 +0000",Amazon Seller Central <donotreply@amazon.com>,Your Amazon.de Rechnungskorrektur Versand durch Amazon for 5/2026,,"Your Amazon.de Rechnungskorrektur Versand durch Amazon for 5/2026
 96
Guten Tag Shen zhen shi wei hai zhong xin ke ji you xian!
Wir möchten Sie darüber informieren, dass Ihr elektronisches Dokument Rechnungskorrektur Versand durch Amazon für 5.2026 ab sofort in Ihrem Seller Central-Konto verfügbar ist.
Navigieren Sie in Ihrem Seller Central-Konto zu Berichte > Steuerdokumente > Rechnungen über Verkaufsgebühren, um auf Ihr Dokument (Rechnungskorrektur) zuzugreifen.
In Ihrem Seller Central-Konto können Sie Ihr Dokument (Rechnungskorrektur) anzeigen, herunterladen oder ausdrucken.
Wenden Sie sich bei weiteren Fragen bitte an die Verkäuferhilfe.
Freundliche Grüße,
Amazon.de
 Ein Problem mit dieser E-Mail melden
 Bei Fragen besuchen Sie: Seller Central
 Zum Ändern Ihrer E-Mail-Einstellungen, gehen Sie zu: Benachrichtigungseinstellungen
 Wir hoffen, diese Nachricht ist hilfreich für Sie. Falls Sie allerdings in Zukunft keine E-Mails dieser Art von Amazon.de erhalten möchten, melden Sie sich bitte ab.
 Copyright 2026 Amazon Inc. oder Tochtergesellschaften. Alle Rechte vorbehalten.
 Amazon EU S.à r.l.
38 avenue John F. Kennedy,
L-1855 Luxemburg,
Handelsregisternummer Luxemburg: B-101818,
 ",2026-06-14 23:00:13,RETR,xtbBsgeAZmolLkeppQAA35
法务/侵权类,older,account_4,weihaizhongxin2024@126.com,"Sun, 7 Jun 2026 07:48:24 +0000",Amazon Seller Central <donotreply@amazon.com>,Your Amazon.es Factura Logística de Amazon for 5/2026,,"Your Amazon.es Factura Logística de Amazon for 5/2026
 96
Hola, Shen zhen shi wei hai zhong xin ke ji you xian:
Te escribimos para comunicarte que tu Factura Logística de Amazon del mes de 5/2026 ya está disponible en tu cuenta de Seller Central.
Para acceder a la nota de crédito, ve a Seller Central > Informes > Biblioteca de documentos fiscales > Facturas de tarifas aplicables al vendedor.
Allí podrás ver, descargar o imprimir tu nota de crédito.
Para consultas, contacta con atención al vendedor.
Atentamente,
Amazon.es
 Informar de un problema con este correo electrónico
 Si tienes alguna pregunta, visita: Seller Central
 Para cambiar sus preferencias de correo electrónico visitan: Preferencias de Notificación
 Esperamos que este mensaje te haya parecido útil. Sin embargo, si prefieres no recibir correos electrónicos de Amazon.es de este tipo en el futuro, haz clic aquí.
 Copyright 2026 Amazon.com.mx, Inc. o sus afiliados. Todos los derechos reservados.
 Amazon EU S.à r.l.
38 avenue John F. Kennedy,
L-1855 Luxemburgo,
Número de Registro en Luxemburgo: No. B-101818,
Capital Social 165.833 EUR,
Número de licencia de actividad: 134248,
Nº de Registro IVA en Luxemburgo: LU 20260743.
",2026-06-14 23:00:12,RETR,xtbBpQp+ZGolIkpOXgAA3C
法务/侵权类,older,account_4,weihaizhongxin2024@126.com,"Sun, 7 Jun 2026 06:51:17 +0000",Amazon Seller Central <donotreply@amazon.com>,Your Amazon.se Kreditnota Säljare for 5/2026,,"Your Amazon.se Kreditnota Säljare for 5/2026
 96
Hej Shen zhen shi wei hai zhong xin ke ji you xian!
Vi skriver för att informera dig om att din elektroniska Kreditnota Säljare för månaden 5/2026 nu finns tillgänglig på ditt Seller Central-konto.
För att komma åt ditt kreditnotagår du till ditt Seller Central-konto > Rapporter > Bibliotek för skattedokument > Skattefakturor för säljaravgifter.
På ditt Seller Central-konto kan du se, ladda ner eller skriva ut ditt kreditnota.
Om du har några frågor, kontakta säljarsupport.
Vänliga hälsningar,
Amazon.se
 Rapportera ett problem med detta e-post
 Om du har några frågor besök: Seller Central
 För att ändra dina e-postinställningar, besök: Inställningar för meddelanden
 Vi hoppas att du tyckte att det här meddelandet var användbart. Om du föredrar att inte få framtida e-postmeddelanden av detta slag från Amazon.com, välj bort det här.
 Upphovsrätt 2026 Amazon, Inc, eller dess dotterbolag. Alla rättigheter förbehållna.
 Amazon EU S.à r.l.
38 avenue John F. Kennedy
L-1855 Luxemburg
Registrerat i Luxemburg No. B-101818
Aktiekapital 165 833 EUR
Företagets registreringsnummer: 134248
Momsregistrering för Luxemburg LU 20260743.
 SPC-EUAmazon-1",2026-06-14 23:00:12,RETR,xtbBsggjCWolFOgM3QAA3y
法务/侵权类,older,account_4,weihaizhongxin2024@126.com,"Sun, 7 Jun 2026 06:47:21 +0000",Amazon Seller Central <donotreply@amazon.com>,Your Amazon.com.be Creditnota Verkoper for 5/2026,,"Your Amazon.com.be Creditnota Verkoper for 5/2026
 96
Beste Shen zhen shi wei hai zhong xin ke ji you xian,
We sturen je dit bericht om je te laten weten dat je elektronische Creditnota Verkoper voor de maand 5 2026 nu beschikbaar is in je Seller Central-account.
Als je toegang wilt krijgen tot je creditnota, ga je naar je Seller Central-account > Overzichten > Bibliotheek met belastingdocumenten > Belastingfacturen voor kosten verkoper.
In je Seller Central-account kun je je creditnota bekijken, downloaden of afdrukken.
Als je nog vragen hebt, kun je contact opnemen met de Ondersteuning voor verkopers.
Met vriendelijke groeten,
Amazon.com.be
 Monsieur/Madame Shen zhen shi wei hai zhong xin ke ji you xian,
Nous vous écrivons pour vous informer que votre Avoir Vendeur pour le mois de 5/2026 est maintenant disponible dans votre compte Seller Central.
Pour accéder à votre avoir, rendez-vous sur votre compte Seller Central et veuillez accéder à la page Rapports > Bibliothèque d'informations fiscales > Factures des frais du vendeur.
Dans votre compte Seller Central, vous pourrez afficher, télécharger ou imprimer votre avoir.
Pour toute question, contactez le Support Vendeur.
Cordialemen",2026-06-14 23:00:11,RETR,xtbBsh3nzWolE-0HdQAA3W
法务/侵权类,older,account_4,weihaizhongxin2024@126.com,"Sun, 7 Jun 2026 06:42:19 +0000",Amazon Seller Central <donotreply@amazon.com>,Your Amazon.es Nota de Crédito Vendedor for 5/2026,,"Your Amazon.es Nota de Crédito Vendedor for 5/2026
 96
Hola, Shen zhen shi wei hai zhong xin ke ji you xian:
Te escribimos para comunicarte que tu Nota de Crédito Vendedor del mes de 5/2026 ya está disponible en tu cuenta de Seller Central.
Para acceder a la nota de crédito, ve a Seller Central > Informes > Biblioteca de documentos fiscales > Facturas de tarifas aplicables al vendedor.
Allí podrás ver, descargar o imprimir tu nota de crédito.
Para consultas, contacta con atención al vendedor.
Atentamente,
Amazon.es
 Informar de un problema con este correo electrónico
 Si tienes alguna pregunta, visita: Seller Central
 Para cambiar sus preferencias de correo electrónico visitan: Preferencias de Notificación
 Esperamos que este mensaje te haya parecido útil. Sin embargo, si prefieres no recibir correos electrónicos de Amazon.es de este tipo en el futuro, haz clic aquí.
 Copyright 2026 Amazon.com.mx, Inc. o sus afiliados. Todos los derechos reservados.
 Amazon EU S.à r.l.
38 avenue John F. Kennedy,
L-1855 Luxemburgo,
Número de Registro en Luxemburgo: No. B-101818,
Capital Social 165.833 EUR,
Número de licencia de actividad: 134248,
Nº de Registro IVA en Luxemburgo: LU 20260743.
 SPC-E",2026-06-14 23:00:11,RETR,xtbBsg+bgWolEs8ADgAA37
法务/侵权类,older,account_4,weihaizhongxin2024@126.com,"Sun, 7 Jun 2026 06:15:01 +0000",Amazon Seller Central <donotreply@amazon.com>,Your Amazon.de Rechnungskorrektur Verkäufer for 5/2026,,"Your Amazon.de Rechnungskorrektur Verkäufer for 5/2026
 96
Guten Tag Shen zhen shi wei hai zhong xin ke ji you xian!
Wir möchten Sie darüber informieren, dass Ihr elektronisches Dokument Rechnungskorrektur Verkäufer für 5.2026 ab sofort in Ihrem Seller Central-Konto verfügbar ist.
Navigieren Sie in Ihrem Seller Central-Konto zu Berichte > Steuerdokumente > Rechnungen über Verkaufsgebühren, um auf Ihr Dokument (Rechnungskorrektur) zuzugreifen.
In Ihrem Seller Central-Konto können Sie Ihr Dokument (Rechnungskorrektur) anzeigen, herunterladen oder ausdrucken.
Wenden Sie sich bei weiteren Fragen bitte an die Verkäuferhilfe.
Freundliche Grüße,
Amazon.de
 Ein Problem mit dieser E-Mail melden
 Bei Fragen besuchen Sie: Seller Central
 Zum Ändern Ihrer E-Mail-Einstellungen, gehen Sie zu: Benachrichtigungseinstellungen
 Wir hoffen, diese Nachricht ist hilfreich für Sie. Falls Sie allerdings in Zukunft keine E-Mails dieser Art von Amazon.de erhalten möchten, melden Sie sich bitte ab.
 Copyright 2026 Amazon Inc. oder Tochtergesellschaften. Alle Rechte vorbehalten.
 Amazon EU S.à r.l.
38 avenue John F. Kennedy,
L-1855 Luxemburg,
Handelsregisternummer Luxemburg: B-101818,
 Gesellschaftskapital: ",2026-06-14 23:00:10,RETR,xtbBpQgB5molDGjHZgAA3A
法务/侵权类,older,account_4,weihaizhongxin2024@126.com,"Sun, 7 Jun 2026 06:12:39 +0000",Amazon Seller Central <donotreply@amazon.com>,Your Amazon.pl Faktura Korygująca Sprzedawcy for 5/2026,,"Your Amazon.pl Faktura Korygująca Sprzedawcy for 5/2026
 96
Cześć Shen zhen shi wei hai zhong xin ke ji you xian,
Pragniemy poinformować, że ten elektroniczny dokument jest już dostępny na Twoim koncie Seller Central: Faktura Korygująca Sprzedawcy za miesiąc 5 i rok 2026.
Aby uzyskać dostęp do tego dokumentu typu faktura korygująca, przejdź na konto Seller Central > Raporty > Dokumenty podatkowe > Faktury podatkowe z tytułu opłat od sprzedawcy.
Na koncie Seller Central możesz wyświetlić, pobrać i wydrukować taki dokument (faktura korygująca).
Jeśli masz jakieś pytania, skontaktuj się z działem pomocy dla sprzedawców.
Pozdrawiamy,
Amazon.pl
 Zgłoś problem z tym e-mailem
 Jeśli masz pytania, odwiedź stronę: Seller Central
 Aby zmienić preferencje poczty e-mail, odwiedź: Preferencje powiadomień
 Mamy nadzieję, że ta wiadomość jest pomocna. Jeśli jednak wolisz nie otrzymywać przyszłych wiadomości e-mail tego typu z witryny Amazon.com, zrezygnuj z tej opcji tutaj.
 Prawa autorskie 2026 Amazon, Inc. lub jej podmioty stowarzyszone. Wszelkie prawa zastrzeżone.
 Amazon EU S.a.r.l.
38 avenue John F. Kennedy
L-1855 Luksemburg,
spółka zarejestrowana w Luksemburgu pod nr. B-101818,
kapitał zakł",2026-06-14 23:00:10,RETR,xtbBsxjcwmolC9jUIgAA3f
法务/侵权类,older,account_4,weihaizhongxin2024@126.com,"Sun, 7 Jun 2026 05:57:10 +0000",Amazon Seller Central <donotreply@amazon.com>,Your Amazon.co.uk Merchant Credit Note for 5/2026,,"Your Amazon.co.uk Merchant Credit Note for 5/2026
 96
Hello,
We are writing to inform you that your electronic Merchant Credit Note for the month of 5/2026 is now available in your Seller Central Account.
To access your invoice, go to your Tax Document Library . In your Tax Document Library, you will be able to view, download or print your invoice.
The Amazon Services Team
 Report an issue with this email
 If you have any questions visit: Seller Central
 To change your email preferences visit: Notification Preferences
 We hope you found this message to be useful. However, if you'd rather not receive future e-mails of this sort from Amazon.com, please opt-out here.
 Copyright 2026 Amazon, Inc, or its affiliates. All rights reserved.
 Amazon.com, 410 Terry Avenue North, Seattle, WA 98109-5210
 SPC-EUAmazon-316661008453204",2026-06-14 23:00:10,RETR,xtbBpRrz2WolCDqsEwAA3X
法务/侵权类,older,account_4,weihaizhongxin2024@126.com,"Sun, 7 Jun 2026 05:54:32 +0000",Amazon Seller Central <donotreply@amazon.com>,Your Amazon.nl Creditnota Verkoper for 5/2026,,"Your Amazon.nl Creditnota Verkoper for 5/2026
 96
Beste Shen zhen shi wei hai zhong xin ke ji you xian,
We sturen je dit bericht om je te laten weten dat je elektronische Creditnota Verkoper voor de maand 5 2026 nu beschikbaar is in je Seller Central-account.
Als je toegang wilt krijgen tot je creditnota, ga je naar je Seller Central-account > Overzichten > Bibliotheek met belastingdocumenten > Belastingfacturen voor kosten verkoper.
In je Seller Central-account kun je je creditnota bekijken, downloaden of afdrukken.
Als je nog vragen hebt, kun je contact opnemen met de Ondersteuning voor verkopers.
Met vriendelijke groeten,
Amazon.nl
 Rapporteer een probleem met deze e-mail
 Als je vragen hebt, ga je naar: Seller Central
 Om je e-mailvoorkeuren te wijzigen, ga je naar: Voorkeuren voor meldingen
 We hopen dat je iets aan dit bericht hebt gehad. Als je in de toekomst echter liever niet meer van dit soort e-mails van Amazon.com wilt ontvangen, kun je je afmelden hier.
 Auteursrecht (copyright) 2026 Amazon, Inc. of haar dochterondernemingen. Alle rechten voorbehouden.
 Amazon Services Europe S.à r.l.
38 avenue John F. Kennedy
L-1855 Luxemburg
Geregistreerd in Luxemburg
RCS Luxemburg N",2026-06-14 23:00:10,RETR,xtbBpBzMsmolB5ymswAA3H
法务/侵权类,older,account_4,weihaizhongxin2024@126.com,"Sun, 7 Jun 2026 05:42:06 +0000",Amazon Seller Central <donotreply@amazon.com>,Your Amazon.nl Creditnota Fulfillment by Amazon for 5/2026,,"Your Amazon.nl Creditnota Fulfillment by Amazon for 5/2026
 96
Beste Shen zhen shi wei hai zhong xin ke ji you xian,
We sturen je dit bericht om je te laten weten dat je elektronische Creditnota Fulfillment by Amazon voor de maand 5 2026 nu beschikbaar is in je Seller Central-account.
Als je toegang wilt krijgen tot je creditnota, ga je naar je Seller Central-account > Overzichten > Bibliotheek met belastingdocumenten > Belastingfacturen voor kosten verkoper.
In je Seller Central-account kun je je creditnota bekijken, downloaden of afdrukken.
Als je nog vragen hebt, kun je contact opnemen met de Ondersteuning voor verkopers.
Met vriendelijke groeten,
Amazon.nl
 Rapporteer een probleem met deze e-mail
 Als je vragen hebt, ga je naar: Seller Central
 Om je e-mailvoorkeuren te wijzigen, ga je naar: Voorkeuren voor meldingen
 We hopen dat je iets aan dit bericht hebt gehad. Als je in de toekomst echter liever niet meer van dit soort e-mails van Amazon.com wilt ontvangen, kun je je afmelden hier.
 Auteursrecht (copyright) 2026 Amazon, Inc. of haar dochterondernemingen. Alle rechten voorbehouden.
 Amazon Services Europe S.à r.l.
38 avenue John F. Kennedy
L-1855 Luxemburg
Geregistreerd in",2026-06-14 23:00:09,RETR,xtbBpRIR9molBLKV0QAA3t
法务/侵权类,older,account_4,weihaizhongxin2024@126.com,"Sat, 6 Jun 2026 13:21:59 +0000",Amazon Services <donotreply@amazon.com>,Pagamento elaborato con successo,,"96
This title will display on mobile devices
 Congratulazioni. Il pagamento è stato elaborato con successo e ti sarà accreditato a breve.
 Tentativo di pagamento
Congratulazioni Weihai EU! Il pagamento è stato elaborato con successo e ti sarà accreditato nel giro di da tre a cinque giorni.
In data 06/06/26 13:21 CEST, abbiamo avviato un trasferimento sul tuo metodo di pagamento (conto bancario che termina con 229) dell’importo di €
 283,05.
 Se l’importo è inferiore a quanto atteso, tieni in considerazione le seguenti domande:
 Hai un saldo non disponibile? Amazon potrebbe trattenere una certa somma per coprire i costi di eventuali resi, reclami o contestazioni di una transazione (chargeback) da parte degli acquirenti. In questo caso, il saldo finale nel tuo report sui pagamenti mostrerà il saldo non disponibile corrispondente alla cifra trattenuta.
 Le tue vendite coprono tutte le commissioni e i resi per questo ciclo di fatturazione? L’importo del pagamento rispecchia le attività di vendita, le commissioni di vendita e le tariffe per promozioni o servizi. Ti consigliamo di rivedere il report sui pagamenti nella scheda Report di Seller Central per comprendere le diverse spese che ",2026-06-14 23:00:08,RETR,xtbBsxppT2okHvr65wAA34
法务/侵权类,older,account_4,weihaizhongxin2024@126.com,"Sat, 6 Jun 2026 13:01:19 +0000",Amazon Seller Central <donotreply@amazon.com>,Your Amazon.co.uk Fulfillment by Amazon Merchant Invoice for 5/2026,,"Your Amazon.co.uk Fulfillment by Amazon Merchant Invoice for 5/2026
 96
Hello,
We are writing to inform you that your electronic Fulfillment by Amazon Merchant Invoice for the month of 5/2026 is now available in your Seller Central Account.
To access your invoice, go to your Tax Document Library . In your Tax Document Library, you will be able to view, download or print your invoice.
The Amazon Services Team
 Report an issue with this email
 If you have any questions visit: Seller Central
 To change your email preferences visit: Notification Preferences
 We hope you found this message to be useful. However, if you'd rather not receive future e-mails of this sort from Amazon.com, please opt-out here.
 Copyright 2026 Amazon, Inc, or its affiliates. All rights reserved.
 Amazon.com, 410 Terry Avenue North, Seattle, WA 98109-5210
 SPC-EUAmazon-844426590609525",2026-06-14 23:00:07,RETR,xtbBpQMyGGokGiMq+wAA3q
法务/侵权类,older,account_4,weihaizhongxin2024@126.com,"Sat, 6 Jun 2026 12:36:48 +0000",Amazon Seller Central <donotreply@amazon.com>,Your Amazon.se Faktura Fraktas Av Amazon for 5/2026,,"Your Amazon.se Faktura Fraktas Av Amazon for 5/2026
 96
Hej Shen zhen shi wei hai zhong xin ke ji you xian!
Vi skriver för att informera dig om att din elektroniska Faktura Fraktas Av Amazon för månaden 5/2026 nu finns tillgänglig på ditt Seller Central-konto.
För att komma åt ditt fakturagår du till ditt Seller Central-konto > Rapporter > Bibliotek för skattedokument > Skattefakturor för säljaravgifter.
På ditt Seller Central-konto kan du se, ladda ner eller skriva ut ditt faktura.
Om du har några frågor, kontakta säljarsupport.
Vänliga hälsningar,
Amazon.se
 Rapportera ett problem med detta e-post
 Om du har några frågor besök: Seller Central
 För att ändra dina e-postinställningar, besök: Inställningar för meddelanden
 Vi hoppas att du tyckte att det här meddelandet var användbart. Om du föredrar att inte få framtida e-postmeddelanden av detta slag från Amazon.com, välj bort det här.
 Upphovsrätt 2026 Amazon, Inc, eller dess dotterbolag. Alla rättigheter förbehållna.
 Amazon EU S.à r.l.
38 avenue John F. Kennedy
L-1855 Luxemburg
Registrerat i Luxemburg No. B-101818
Aktiekapital 165 833 EUR
Företagets registreringsnummer: 134248
Momsregistrering för Luxemburg LU 20260743.
 SPC-EU",2026-06-14 23:00:07,RETR,xtbBpQTBp2okFGQD0wAA3p
法务/侵权类,older,account_4,weihaizhongxin2024@126.com,"Sat, 6 Jun 2026 12:31:12 +0000",Amazon Seller Central <donotreply@amazon.com>,Your Amazon.es Factura Logística de Amazon for 5/2026,,"Your Amazon.es Factura Logística de Amazon for 5/2026
 96
Hola, Shen zhen shi wei hai zhong xin ke ji you xian:
Te escribimos para comunicarte que tu Factura Logística de Amazon del mes de 5/2026 ya está disponible en tu cuenta de Seller Central.
Para acceder a la factura, ve a Seller Central > Informes > Biblioteca de documentos fiscales > Facturas de tarifas aplicables al vendedor.
Allí podrás ver, descargar o imprimir tu factura.
Para consultas, contacta con atención al vendedor.
Atentamente,
Amazon.es
 Informar de un problema con este correo electrónico
 Si tienes alguna pregunta, visita: Seller Central
 Para cambiar sus preferencias de correo electrónico visitan: Preferencias de Notificación
 Esperamos que este mensaje te haya parecido útil. Sin embargo, si prefieres no recibir correos electrónicos de Amazon.es de este tipo en el futuro, haz clic aquí.
 Copyright 2026 Amazon.com.mx, Inc. o sus afiliados. Todos los derechos reservados.
 Amazon EU S.à r.l.
38 avenue John F. Kennedy,
L-1855 Luxemburgo,
Número de Registro en Luxemburgo: No. B-101818,
Capital Social 165.833 EUR,
Número de licencia de actividad: 134248,
Nº de Registro IVA en Luxemburgo: LU 20260743.
 SPC-EUAmazon-10",2026-06-14 23:00:06,RETR,xtbBshRtU2okExQUagAA3v
法务/侵权类,older,account_4,weihaizhongxin2024@126.com,"Sat, 6 Jun 2026 11:43:20 +0000",Amazon Seller Central <donotreply@amazon.com>,Your Amazon.de Rechnung Versand durch Amazon for 5/2026,,"Your Amazon.de Rechnung Versand durch Amazon for 5/2026
 96
Guten Tag Shen zhen shi wei hai zhong xin ke ji you xian!
Wir möchten Sie darüber informieren, dass Ihr elektronisches Dokument Rechnung Versand durch Amazon für 5.2026 ab sofort in Ihrem Seller Central-Konto verfügbar ist.
Navigieren Sie in Ihrem Seller Central-Konto zu Berichte > Steuerdokumente > Rechnungen über Verkaufsgebühren, um auf Ihr Dokument (Rechnung) zuzugreifen.
In Ihrem Seller Central-Konto können Sie Ihr Dokument (Rechnung) anzeigen, herunterladen oder ausdrucken.
Wenden Sie sich bei weiteren Fragen bitte an die Verkäuferhilfe.
Freundliche Grüße,
Amazon.de
 Ein Problem mit dieser E-Mail melden
 Bei Fragen besuchen Sie: Seller Central
 Zum Ändern Ihrer E-Mail-Einstellungen, gehen Sie zu: Benachrichtigungseinstellungen
 Wir hoffen, diese Nachricht ist hilfreich für Sie. Falls Sie allerdings in Zukunft keine E-Mails dieser Art von Amazon.de erhalten möchten, melden Sie sich bitte ab.
 Copyright 2026 Amazon Inc. oder Tochtergesellschaften. Alle Rechte vorbehalten.
 Amazon EU S.à r.l.
38 avenue John F. Kennedy,
L-1855 Luxemburg,
Handelsregisternummer Luxemburg: B-101818,
 Gesellschaftskapital: 165.833 EUR,
Gewer",2026-06-14 23:00:06,RETR,xtbBsxubgWokB9tjDAAA3P
法务/侵权类,older,account_4,weihaizhongxin2024@126.com,"Sat, 6 Jun 2026 11:38:16 +0000",Amazon Seller Central <donotreply@amazon.com>,Your Amazon.de Rechnung Versand durch Amazon for 5/2026,,"Your Amazon.de Rechnung Versand durch Amazon for 5/2026
 96
Guten Tag Shen zhen shi wei hai zhong xin ke ji you xian!
Wir möchten Sie darüber informieren, dass Ihr elektronisches Dokument Rechnung Versand durch Amazon für 5.2026 ab sofort in Ihrem Seller Central-Konto verfügbar ist.
Navigieren Sie in Ihrem Seller Central-Konto zu Berichte > Steuerdokumente > Rechnungen über Verkaufsgebühren, um auf Ihr Dokument (Rechnung) zuzugreifen.
In Ihrem Seller Central-Konto können Sie Ihr Dokument (Rechnung) anzeigen, herunterladen oder ausdrucken.
Wenden Sie sich bei weiteren Fragen bitte an die Verkäuferhilfe.
Freundliche Grüße,
Amazon.de
 Ein Problem mit dieser E-Mail melden
 Bei Fragen besuchen Sie: Seller Central
 Zum Ändern Ihrer E-Mail-Einstellungen, gehen Sie zu: Benachrichtigungseinstellungen
 Wir hoffen, diese Nachricht ist hilfreich für Sie. Falls Sie allerdings in Zukunft keine E-Mails dieser Art von Amazon.de erhalten möchten, melden Sie sich bitte ab.
 Copyright 2026 Amazon Inc. oder Tochtergesellschaften. Alle Rechte vorbehalten.
 Amazon EU S.à r.l.
38 avenue John F. Kennedy,
L-1855 Luxemburg,
Handelsregisternummer Luxemburg: B-101818,
 Gesellschaftskapital: 165.833 EUR,
Gewer",2026-06-14 23:00:05,RETR,xtbBpQtPNWokBqu6zwAA3C
法务/侵权类,older,account_4,weihaizhongxin2024@126.com,"Sat, 6 Jun 2026 11:25:17 +0000",Amazon Seller Central <donotreply@amazon.com>,Your Amazon.se Faktura Fraktas Av Amazon for 5/2026,,"Your Amazon.se Faktura Fraktas Av Amazon for 5/2026
 96
Hej Shen zhen shi wei hai zhong xin ke ji you xian!
Vi skriver för att informera dig om att din elektroniska Faktura Fraktas Av Amazon för månaden 5/2026 nu finns tillgänglig på ditt Seller Central-konto.
För att komma åt ditt fakturagår du till ditt Seller Central-konto > Rapporter > Bibliotek för skattedokument > Skattefakturor för säljaravgifter.
På ditt Seller Central-konto kan du se, ladda ner eller skriva ut ditt faktura.
Om du har några frågor, kontakta säljarsupport.
Vänliga hälsningar,
Amazon.se
 Rapportera ett problem med detta e-post
 Om du har några frågor besök: Seller Central
 För att ändra dina e-postinställningar, besök: Inställningar för meddelanden
 Vi hoppas att du tyckte att det här meddelandet var användbart. Om du föredrar att inte få framtida e-postmeddelanden av detta slag från Amazon.com, välj bort det här.
 Upphovsrätt 2026 Amazon, Inc, eller dess dotterbolag. Alla rättigheter förbehållna.
 Amazon EU S.à r.l.
38 avenue John F. Kennedy
L-1855 Luxemburg
Registrerat i Luxemburg No. B-101818
Aktiekapital 165 833 EUR
Företagets registreringsnummer: 134248
Momsregistrering för Luxemburg LU 20260743.
 SPC-EU",2026-06-14 23:00:05,RETR,xtbBpAGMcmokA6GtAAAA3a
法务/侵权类,older,account_4,weihaizhongxin2024@126.com,"Sat, 6 Jun 2026 11:21:01 +0000",Amazon Seller Central <donotreply@amazon.com>,Your Amazon.de Rechnung Versand durch Amazon for 5/2026,,"Your Amazon.de Rechnung Versand durch Amazon for 5/2026
 96
Guten Tag Shen zhen shi wei hai zhong xin ke ji you xian!
Wir möchten Sie darüber informieren, dass Ihr elektronisches Dokument Rechnung Versand durch Amazon für 5.2026 ab sofort in Ihrem Seller Central-Konto verfügbar ist.
Navigieren Sie in Ihrem Seller Central-Konto zu Berichte > Steuerdokumente > Rechnungen über Verkaufsgebühren, um auf Ihr Dokument (Rechnung) zuzugreifen.
In Ihrem Seller Central-Konto können Sie Ihr Dokument (Rechnung) anzeigen, herunterladen oder ausdrucken.
Wenden Sie sich bei weiteren Fragen bitte an die Verkäuferhilfe.
Freundliche Grüße,
Amazon.de
 Ein Problem mit dieser E-Mail melden
 Bei Fragen besuchen Sie: Seller Central
 Zum Ändern Ihrer E-Mail-Einstellungen, gehen Sie zu: Benachrichtigungseinstellungen
 Wir hoffen, diese Nachricht ist hilfreich für Sie. Falls Sie allerdings in Zukunft keine E-Mails dieser Art von Amazon.de erhalten möchten, melden Sie sich bitte ab.
 Copyright 2026 Amazon Inc. oder Tochtergesellschaften. Alle Rechte vorbehalten.
 Amazon EU S.à r.l.
38 avenue John F. Kennedy,
L-1855 Luxemburg,
Handelsregisternummer Luxemburg: B-101818,
 Gesellschaftskapital: 165.833 EUR,
Gewer",2026-06-14 23:00:05,RETR,xtbBpABMMmokAqCojwAA3R
法务/侵权类,older,account_4,weihaizhongxin2024@126.com,"Sat, 6 Jun 2026 11:10:07 +0000",Amazon Seller Central <donotreply@amazon.com>,Your Amazon.es Factura Logística de Amazon for 5/2026,,"Your Amazon.es Factura Logística de Amazon for 5/2026
 96
Hola, Shen zhen shi wei hai zhong xin ke ji you xian:
Te escribimos para comunicarte que tu Factura Logística de Amazon del mes de 5/2026 ya está disponible en tu cuenta de Seller Central.
Para acceder a la factura, ve a Seller Central > Informes > Biblioteca de documentos fiscales > Facturas de tarifas aplicables al vendedor.
Allí podrás ver, descargar o imprimir tu factura.
Para consultas, contacta con atención al vendedor.
Atentamente,
Amazon.es
 Informar de un problema con este correo electrónico
 Si tienes alguna pregunta, visita: Seller Central
 Para cambiar sus preferencias de correo electrónico visitan: Preferencias de Notificación
 Esperamos que este mensaje te haya parecido útil. Sin embargo, si prefieres no recibir correos electrónicos de Amazon.es de este tipo en el futuro, haz clic aquí.
 Copyright 2026 Amazon.com.mx, Inc. o sus afiliados. Todos los derechos reservados.
 Amazon EU S.à r.l.
38 avenue John F. Kennedy,
L-1855 Luxemburgo,
Número de Registro en Luxemburgo: No. B-101818,
Capital Social 165.833 EUR,
Número de licencia de actividad: 134248,
Nº de Registro IVA en Luxemburgo: LU 20260743.
 SPC-EUAmazon-75",2026-06-14 23:00:04,RETR,xtbBpBOnjWokABOcKQAA31
法务/侵权类,older,account_4,weihaizhongxin2024@126.com,"Sat, 6 Jun 2026 10:55:24 +0000",Amazon Seller Central <donotreply@amazon.com>,Your Amazon.com.be Factuur Fulfilled by Amazon for 5/2026,,"Your Amazon.com.be Factuur Fulfilled by Amazon for 5/2026
 96
Beste Shen zhen shi wei hai zhong xin ke ji you xian,
We sturen je dit bericht om je te laten weten dat je elektronische Factuur Fulfilled by Amazon voor de maand 5 2026 nu beschikbaar is in je Seller Central-account.
Als je toegang wilt krijgen tot je factuur, ga je naar je Seller Central-account > Overzichten > Bibliotheek met belastingdocumenten > Belastingfacturen voor kosten verkoper.
In je Seller Central-account kun je je factuur bekijken, downloaden of afdrukken.
Als je nog vragen hebt, kun je contact opnemen met de Ondersteuning voor verkopers.
Met vriendelijke groeten,
Amazon.com.be
 Monsieur/Madame Shen zhen shi wei hai zhong xin ke ji you xian,
Nous vous écrivons pour vous informer que votre Facture Expédié Par Amazon pour le mois de 5/2026 est maintenant disponible dans votre compte Seller Central.
Pour accéder à votre facture, rendez-vous sur votre compte Seller Central et veuillez accéder à la page Rapports > Bibliothèque d'informations fiscales > Factures des frais du vendeur.
Dans votre compte Seller Central, vous pourrez afficher, télécharger ou imprimer votre facture.
Pour toute question, contactez le S",2026-06-14 23:00:04,RETR,xtbBsh-Jr2oj-J+lHQAA3Z
法务/侵权类,older,account_4,weihaizhongxin2024@126.com,"Sat, 6 Jun 2026 10:25:16 +0000",Amazon Seller Central <donotreply@amazon.com>,Your Amazon.com.be Factuur Fulfilled by Amazon for 5/2026,,"Your Amazon.com.be Factuur Fulfilled by Amazon for 5/2026
 96
Beste Shen zhen shi wei hai zhong xin ke ji you xian,
We sturen je dit bericht om je te laten weten dat je elektronische Factuur Fulfilled by Amazon voor de maand 5 2026 nu beschikbaar is in je Seller Central-account.
Als je toegang wilt krijgen tot je factuur, ga je naar je Seller Central-account > Overzichten > Bibliotheek met belastingdocumenten > Belastingfacturen voor kosten verkoper.
In je Seller Central-account kun je je factuur bekijken, downloaden of afdrukken.
Als je nog vragen hebt, kun je contact opnemen met de Ondersteuning voor verkopers.
Met vriendelijke groeten,
Amazon.com.be
 Monsieur/Madame Shen zhen shi wei hai zhong xin ke ji you xian,
Nous vous écrivons pour vous informer que votre Facture Expédié Par Amazon pour le mois de 5/2026 est maintenant disponible dans votre compte Seller Central.
Pour accéder à votre facture, rendez-vous sur votre compte Seller Central et veuillez accéder à la page Rapports > Bibliothèque d'informations fiscales > Factures des frais du vendeur.
Dans votre compte Seller Central, vous pourrez afficher, télécharger ou imprimer votre facture.
Pour toute question, contactez le S",2026-06-14 23:00:04,RETR,xtbBsw4E6Woj9Y4Q7QAA3f
法务/侵权类,older,account_4,weihaizhongxin2024@126.com,"Sat, 6 Jun 2026 09:33:20 +0000",Amazon Seller Central <donotreply@amazon.com>,Your Amazon.nl Factuur Fulfilled by Amazon for 5/2026,,"Your Amazon.nl Factuur Fulfilled by Amazon for 5/2026
 96
Beste Shen zhen shi wei hai zhong xin ke ji you xian,
We sturen je dit bericht om je te laten weten dat je elektronische Factuur Fulfilled by Amazon voor de maand 5 2026 nu beschikbaar is in je Seller Central-account.
Als je toegang wilt krijgen tot je factuur, ga je naar je Seller Central-account > Overzichten > Bibliotheek met belastingdocumenten > Belastingfacturen voor kosten verkoper.
In je Seller Central-account kun je je factuur bekijken, downloaden of afdrukken.
Als je nog vragen hebt, kun je contact opnemen met de Ondersteuning voor verkopers.
Met vriendelijke groeten,
Amazon.nl
 Rapporteer een probleem met deze e-mail
 Als je vragen hebt, ga je naar: Seller Central
 Om je e-mailvoorkeuren te wijzigen, ga je naar: Voorkeuren voor meldingen
 We hopen dat je iets aan dit bericht hebt gehad. Als je in de toekomst echter liever niet meer van dit soort e-mails van Amazon.com wilt ontvangen, kun je je afmelden hier.
 Auteursrecht (copyright) 2026 Amazon, Inc. of haar dochterondernemingen. Alle rechten voorbehouden.
 Amazon Services Europe S.à r.l.
38 avenue John F. Kennedy
L-1855 Luxemburg
Geregistreerd in Luxemburg
RCS L",2026-06-14 23:00:03,RETR,xtbBpQP122oj6WM+MAAA3F
法务/侵权类,older,account_4,weihaizhongxin2024@126.com,"Sat, 6 Jun 2026 07:52:40 +0000",Amazon Seller Central <donotreply@amazon.com>,Your Amazon.pl Faktura Realizacja przez Amazon for 5/2026,,"Your Amazon.pl Faktura Realizacja przez Amazon for 5/2026
 96
Cześć Shen zhen shi wei hai zhong xin ke ji you xian,
Pragniemy poinformować, że ten elektroniczny dokument jest już dostępny na Twoim koncie Seller Central: Faktura Realizacja przez Amazon za miesiąc 5 i rok 2026.
Aby uzyskać dostęp do tego dokumentu typu faktura, przejdź na konto Seller Central > Raporty > Dokumenty podatkowe > Faktury podatkowe z tytułu opłat od sprzedawcy.
Na koncie Seller Central możesz wyświetlić, pobrać i wydrukować taki dokument (faktura).
Jeśli masz jakieś pytania, skontaktuj się z działem pomocy dla sprzedawców.
Pozdrawiamy,
Amazon.pl
 Zgłoś problem z tym e-mailem
 Jeśli masz pytania, odwiedź stronę: Seller Central
 Aby zmienić preferencje poczty e-mail, odwiedź: Preferencje powiadomień
 Mamy nadzieję, że ta wiadomość jest pomocna. Jeśli jednak wolisz nie otrzymywać przyszłych wiadomości e-mail tego typu z witryny Amazon.com, zrezygnuj z tej opcji tutaj.
 Prawa autorskie 2026 Amazon, Inc. lub jej podmioty stowarzyszone. Wszelkie prawa zastrzeżone.
 Amazon EU S.a.r.l.
38 avenue John F. Kennedy
L-1855 Luksemburg,
spółka zarejestrowana w Luksemburgu pod nr. B-101818,
kapitał zakładowy: 165,833 EUR",2026-06-14 23:00:03,RETR,xtbBsgsK72oj0cvfzgAA3e
法务/侵权类,older,account_4,weihaizhongxin2024@126.com,"Sat, 6 Jun 2026 07:36:30 +0000",Amazon Seller Central <donotreply@amazon.com>,Your Amazon.es Factura Logística de Amazon for 5/2026,,"Your Amazon.es Factura Logística de Amazon for 5/2026
 96
Hola, Shen zhen shi wei hai zhong xin ke ji you xian:
Te escribimos para comunicarte que tu Factura Logística de Amazon del mes de 5/2026 ya está disponible en tu cuenta de Seller Central.
Para acceder a la factura, ve a Seller Central > Informes > Biblioteca de documentos fiscales > Facturas de tarifas aplicables al vendedor.
Allí podrás ver, descargar o imprimir tu factura.
Para consultas, contacta con atención al vendedor.
Atentamente,
Amazon.es
 Informar de un problema con este correo electrónico
 Si tienes alguna pregunta, visita: Seller Central
 Para cambiar sus preferencias de correo electrónico visitan: Preferencias de Notificación
 Esperamos que este mensaje te haya parecido útil. Sin embargo, si prefieres no recibir correos electrónicos de Amazon.es de este tipo en el futuro, haz clic aquí.
 Copyright 2026 Amazon.com.mx, Inc. o sus afiliados. Todos los derechos reservados.
 Amazon EU S.à r.l.
38 avenue John F. Kennedy,
L-1855 Luxemburgo,
Número de Registro en Luxemburgo: No. B-101818,
Capital Social 165.833 EUR,
Número de licencia de actividad: 134248,
Nº de Registro IVA en Luxemburgo: LU 20260743.
 SPC-EUAmazon-16",2026-06-14 23:00:03,RETR,xtbBsgIX-GojzgLOtwAA3n
法务/侵权类,older,account_4,weihaizhongxin2024@126.com,"Sat, 6 Jun 2026 06:48:36 +0000",Amazon Seller Central <donotreply@amazon.com>,Your Amazon.nl Factuur Fulfilled by Amazon for 5/2026,,"Your Amazon.nl Factuur Fulfilled by Amazon for 5/2026
 96
Beste Shen zhen shi wei hai zhong xin ke ji you xian,
We sturen je dit bericht om je te laten weten dat je elektronische Factuur Fulfilled by Amazon voor de maand 5 2026 nu beschikbaar is in je Seller Central-account.
Als je toegang wilt krijgen tot je factuur, ga je naar je Seller Central-account > Overzichten > Bibliotheek met belastingdocumenten > Belastingfacturen voor kosten verkoper.
In je Seller Central-account kun je je factuur bekijken, downloaden of afdrukken.
Als je nog vragen hebt, kun je contact opnemen met de Ondersteuning voor verkopers.
Met vriendelijke groeten,
Amazon.nl
 Rapporteer een probleem met deze e-mail
 Als je vragen hebt, ga je naar: Seller Central
 Om je e-mailvoorkeuren te wijzigen, ga je naar: Voorkeuren voor meldingen
 We hopen dat je iets aan dit bericht hebt gehad. Als je in de toekomst echter liever niet meer van dit soort e-mails van Amazon.com wilt ontvangen, kun je je afmelden hier.
 Auteursrecht (copyright) 2026 Amazon, Inc. of haar dochterondernemingen. Alle rechten voorbehouden.
 Amazon Services Europe S.à r.l.
38 avenue John F. Kennedy
L-1855 Luxemburg
Geregistreerd in Luxemburg
RCS L",2026-06-14 23:00:02,RETR,xtbBpQZFK2ojwsZ+sgAA3M
法务/侵权类,older,account_4,weihaizhongxin2024@126.com,"Sat, 6 Jun 2026 06:24:07 +0000",Amazon Seller Central <donotreply@amazon.com>,Your Amazon.pl Faktura Sprzedawcy for 5/2026,,"Your Amazon.pl Faktura Sprzedawcy for 5/2026
 96
Cześć Shen zhen shi wei hai zhong xin ke ji you xian,
Pragniemy poinformować, że ten elektroniczny dokument jest już dostępny na Twoim koncie Seller Central: Faktura Sprzedawcy za miesiąc 5 i rok 2026.
Aby uzyskać dostęp do tego dokumentu typu faktura, przejdź na konto Seller Central > Raporty > Dokumenty podatkowe > Faktury podatkowe z tytułu opłat od sprzedawcy.
Na koncie Seller Central możesz wyświetlić, pobrać i wydrukować taki dokument (faktura).
Jeśli masz jakieś pytania, skontaktuj się z działem pomocy dla sprzedawców.
Pozdrawiamy,
Amazon.pl
 Zgłoś problem z tym e-mailem
 Jeśli masz pytania, odwiedź stronę: Seller Central
 Aby zmienić preferencje poczty e-mail, odwiedź: Preferencje powiadomień
 Mamy nadzieję, że ta wiadomość jest pomocna. Jeśli jednak wolisz nie otrzymywać przyszłych wiadomości e-mail tego typu z witryny Amazon.com, zrezygnuj z tej opcji tutaj.
 Prawa autorskie 2026 Amazon, Inc. lub jej podmioty stowarzyszone. Wszelkie prawa zastrzeżone.
 Amazon EU S.a.r.l.
38 avenue John F. Kennedy
L-1855 Luksemburg,
spółka zarejestrowana w Luksemburgu pod nr. B-101818,
kapitał zakładowy: 165,833 EUR,
numer zezwolenia na prow",2026-06-14 23:00:01,RETR,xtbBswvUumojvQsCfAAA3X
法务/侵权类,older,account_4,weihaizhongxin2024@126.com,"Sat, 6 Jun 2026 06:01:50 +0000",Amazon Seller Central <donotreply@amazon.com>,Your Amazon.nl Factuur Verkoper for 5/2026,,"Your Amazon.nl Factuur Verkoper for 5/2026
 96
Beste Shen zhen shi wei hai zhong xin ke ji you xian,
We sturen je dit bericht om je te laten weten dat je elektronische Factuur Verkoper voor de maand 5 2026 nu beschikbaar is in je Seller Central-account.
Als je toegang wilt krijgen tot je factuur, ga je naar je Seller Central-account > Overzichten > Bibliotheek met belastingdocumenten > Belastingfacturen voor kosten verkoper.
In je Seller Central-account kun je je factuur bekijken, downloaden of afdrukken.
Als je nog vragen hebt, kun je contact opnemen met de Ondersteuning voor verkopers.
Met vriendelijke groeten,
Amazon.nl
 Rapporteer een probleem met deze e-mail
 Als je vragen hebt, ga je naar: Seller Central
 Om je e-mailvoorkeuren te wijzigen, ga je naar: Voorkeuren voor meldingen
 We hopen dat je iets aan dit bericht hebt gehad. Als je in de toekomst echter liever niet meer van dit soort e-mails van Amazon.com wilt ontvangen, kun je je afmelden hier.
 Auteursrecht (copyright) 2026 Amazon, Inc. of haar dochterondernemingen. Alle rechten voorbehouden.
 Amazon Services Europe S.à r.l.
38 avenue John F. Kennedy
L-1855 Luxemburg
Geregistreerd in Luxemburg
RCS Luxemburg Nr: B-93815
Z",2026-06-14 23:00:01,RETR,xtbBshKFa2ojt9JZ5QAA3e
法务/侵权类,older,account_4,weihaizhongxin2024@126.com,"Sat, 6 Jun 2026 05:56:14 +0000",Amazon Seller Central <donotreply@amazon.com>,Your Amazon.co.uk AGL Merchant Self-Billing Invoice for 5/2026,,"Your Amazon.co.uk AGL Merchant Self-Billing Invoice for 5/2026
 96
Hello,
We are writing to inform you that your electronic AGL Merchant Self-Billing Invoice for the month of 5/2026 is now available in your Seller Central Account.
To access your invoice, go to your Tax Document Library . In your Tax Document Library, you will be able to view, download or print your invoice.
The Amazon Services Team
 Report an issue with this email
 If you have any questions visit: Seller Central
 To change your email preferences visit: Notification Preferences
 We hope you found this message to be useful. However, if you'd rather not receive future e-mails of this sort from Amazon.com, please opt-out here.
 Copyright 2026 Amazon, Inc, or its affiliates. All rights reserved.
 Amazon.com, 410 Terry Avenue North, Seattle, WA 98109-5210
 SPC-EUAmazon-140739145788909",2026-06-14 23:00:00,RETR,xtbBsgIxF2ojtoJRsgAA3I
法务/侵权类,older,account_4,weihaizhongxin2024@126.com,"Sat, 6 Jun 2026 05:28:55 +0000",Amazon Seller Central <donotreply@amazon.com>,Your Amazon.se Faktura Säljare for 5/2026,,"Your Amazon.se Faktura Säljare for 5/2026
 96
Hej Shen zhen shi wei hai zhong xin ke ji you xian!
Vi skriver för att informera dig om att din elektroniska Faktura Säljare för månaden 5/2026 nu finns tillgänglig på ditt Seller Central-konto.
För att komma åt ditt fakturagår du till ditt Seller Central-konto > Rapporter > Bibliotek för skattedokument > Skattefakturor för säljaravgifter.
På ditt Seller Central-konto kan du se, ladda ner eller skriva ut ditt faktura.
Om du har några frågor, kontakta säljarsupport.
Vänliga hälsningar,
Amazon.se
 Rapportera ett problem med detta e-post
 Om du har några frågor besök: Seller Central
 För att ändra dina e-postinställningar, besök: Inställningar för meddelanden
 Vi hoppas att du tyckte att det här meddelandet var användbart. Om du föredrar att inte få framtida e-postmeddelanden av detta slag från Amazon.com, välj bort det här.
 Upphovsrätt 2026 Amazon, Inc, eller dess dotterbolag. Alla rättigheter förbehållna.
 Amazon EU S.à r.l.
38 avenue John F. Kennedy
L-1855 Luxemburg
Registrerat i Luxemburg No. B-101818
Aktiekapital 165 833 EUR
Företagets registreringsnummer: 134248
Momsregistrering för Luxemburg LU 20260743.
 SPC-EUAmazon-4046219403502",2026-06-14 23:00:00,RETR,xtbBpBqVe2ojsBoY3wAA30
法务/侵权类,older,account_4,weihaizhongxin2024@126.com,"Sat, 6 Jun 2026 05:23:44 +0000",Amazon Seller Central <donotreply@amazon.com>,Your Amazon.co.uk Merchant Invoice for 5/2026,,"Your Amazon.co.uk Merchant Invoice for 5/2026
 96
Hello,
We are writing to inform you that your electronic Merchant Invoice for the month of 5/2026 is now available in your Seller Central Account.
To access your invoice, go to your Tax Document Library . In your Tax Document Library, you will be able to view, download or print your invoice.
The Amazon Services Team
 Report an issue with this email
 If you have any questions visit: Seller Central
 To change your email preferences visit: Notification Preferences
 We hope you found this message to be useful. However, if you'd rather not receive future e-mails of this sort from Amazon.com, please opt-out here.
 Copyright 2026 Amazon, Inc, or its affiliates. All rights reserved.
 Amazon.com, 410 Terry Avenue North, Seattle, WA 98109-5210
 SPC-EUAmazon-316661008123122",2026-06-14 23:00:00,RETR,xtbBpANHLWojruMTTwAA3V
法务/侵权类,older,account_4,weihaizhongxin2024@126.com,"Sat, 6 Jun 2026 05:10:53 +0000",Amazon Seller Central <donotreply@amazon.com>,Your Amazon.de Rechnung Verkäufer for 5/2026,,"Your Amazon.de Rechnung Verkäufer for 5/2026
 96
Guten Tag Shen zhen shi wei hai zhong xin ke ji you xian!
Wir möchten Sie darüber informieren, dass Ihr elektronisches Dokument Rechnung Verkäufer für 5.2026 ab sofort in Ihrem Seller Central-Konto verfügbar ist.
Navigieren Sie in Ihrem Seller Central-Konto zu Berichte > Steuerdokumente > Rechnungen über Verkaufsgebühren, um auf Ihr Dokument (Rechnung) zuzugreifen.
In Ihrem Seller Central-Konto können Sie Ihr Dokument (Rechnung) anzeigen, herunterladen oder ausdrucken.
Wenden Sie sich bei weiteren Fragen bitte an die Verkäuferhilfe.
Freundliche Grüße,
Amazon.de
 Ein Problem mit dieser E-Mail melden
 Bei Fragen besuchen Sie: Seller Central
 Zum Ändern Ihrer E-Mail-Einstellungen, gehen Sie zu: Benachrichtigungseinstellungen
 Wir hoffen, diese Nachricht ist hilfreich für Sie. Falls Sie allerdings in Zukunft keine E-Mails dieser Art von Amazon.de erhalten möchten, melden Sie sich bitte ab.
 Copyright 2026 Amazon Inc. oder Tochtergesellschaften. Alle Rechte vorbehalten.
 Amazon EU S.à r.l.
38 avenue John F. Kennedy,
L-1855 Luxemburg,
Handelsregisternummer Luxemburg: B-101818,
 Gesellschaftskapital: 165.833 EUR,
Gewerbelizenznummer: 134248",2026-06-14 22:59:59,RETR,xtbBpR+Fa2ojq98GAgAA3t
法务/侵权类,older,account_4,weihaizhongxin2024@126.com,"Sat, 6 Jun 2026 05:02:43 +0000",Amazon Seller Central <donotreply@amazon.com>,Your Amazon.es Factura Vendedor for 5/2026,,"Your Amazon.es Factura Vendedor for 5/2026
 96
Hola, Shen zhen shi wei hai zhong xin ke ji you xian:
Te escribimos para comunicarte que tu Factura Vendedor del mes de 5/2026 ya está disponible en tu cuenta de Seller Central.
Para acceder a la factura, ve a Seller Central > Informes > Biblioteca de documentos fiscales > Facturas de tarifas aplicables al vendedor.
Allí podrás ver, descargar o imprimir tu factura.
Para consultas, contacta con atención al vendedor.
Atentamente,
Amazon.es
 Informar de un problema con este correo electrónico
 Si tienes alguna pregunta, visita: Seller Central
 Para cambiar sus preferencias de correo electrónico visitan: Preferencias de Notificación
 Esperamos que este mensaje te haya parecido útil. Sin embargo, si prefieres no recibir correos electrónicos de Amazon.es de este tipo en el futuro, haz clic aquí.
 Copyright 2026 Amazon.com.mx, Inc. o sus afiliados. Todos los derechos reservados.
 Amazon EU S.à r.l.
38 avenue John F. Kennedy,
L-1855 Luxemburgo,
Número de Registro en Luxemburgo: No. B-101818,
Capital Social 165.833 EUR,
Número de licencia de actividad: 134248,
Nº de Registro IVA en Luxemburgo: LU 20260743.
 SPC-EUAmazon-580543801980895",2026-06-14 22:59:59,RETR,xtbBpBYL8Gojqfb4bgAA3J
法务/侵权类,older,account_4,weihaizhongxin2024@126.com,"Sat, 6 Jun 2026 04:45:31 +0000",Amazon Seller Central <donotreply@amazon.com>,Your Amazon.com.be Factuur Verkoper for 5/2026,,"Your Amazon.com.be Factuur Verkoper for 5/2026
 96
Beste Shen zhen shi wei hai zhong xin ke ji you xian,
We sturen je dit bericht om je te laten weten dat je elektronische Factuur Verkoper voor de maand 5 2026 nu beschikbaar is in je Seller Central-account.
Als je toegang wilt krijgen tot je factuur, ga je naar je Seller Central-account > Overzichten > Bibliotheek met belastingdocumenten > Belastingfacturen voor kosten verkoper.
In je Seller Central-account kun je je factuur bekijken, downloaden of afdrukken.
Als je nog vragen hebt, kun je contact opnemen met de Ondersteuning voor verkopers.
Met vriendelijke groeten,
Amazon.com.be
 Monsieur/Madame Shen zhen shi wei hai zhong xin ke ji you xian,
Nous vous écrivons pour vous informer que votre Facture Vendeur pour le mois de 5/2026 est maintenant disponible dans votre compte Seller Central.
Pour accéder à votre facture, rendez-vous sur votre compte Seller Central et veuillez accéder à la page Rapports > Bibliothèque d'informations fiscales > Factures des frais du vendeur.
Dans votre compte Seller Central, vous pourrez afficher, télécharger ou imprimer votre facture.
Pour toute question, contactez le Support Vendeur.
Cordialement,
Ama",2026-06-14 22:59:59,RETR,xtbBpQ8I7Wojpe-kZwAA3P
法务/侵权类,older,account_4,weihaizhongxin2024@126.com,"Fri, 5 Jun 2026 13:05:07 +0000",Amazon Europe <no-reply@sell.amazon.com>,最大化您的 Prime Day 业绩,,"最大化您的 Prime Day 业绩
尊敬的卖家，
为 2026 年 Prime Day做好准备 - 为数百万 Prime 会员打造不容错过的优惠！加入我们今年6月为期4天活动。通过提交促销，确保充足库存，提升曝光度以助力您冲刺最佳业绩！
关键日期
活动日期： 2026年6月 (具体日期待公布)
提报截止日期： 促销 – 2026 年 6 月 19 日，价格折扣 – 活动结束前 12 小时
FBA入仓截止日期：
欧盟 – 2026年5月27日，英国 – 2026年6月5日
提报您的促销 > https://go.amazonsellerservices.com/e/229492/reate-ld-DC-EM-D461067421-Wk23/7z3srtt/6697298646/h/rMvopgR4Nl_0V-drvJKtpkn_-lVTBROzyCraVQvBh5o
<table align=""center"" border=""0"" cellpadding=""0"" cellspacing=""0"" class=""section"" role=""presentation"" style=""width:100%;"">
	<tbody>
		<tr>
			<td align=""center"">
			<div role=""none"">
<!--[if(mso)|(IE)]>
<table align=""center"" border=""0"" cellpadding=""0"" cellspacing=""0"" class=""block-grid-outlook"" style=""width:600px;"" width=""600"" >
<tr>
<td style=""line-height:0px;font-size:0px;mso-line-height-rule:exactly;""><![endif]-->
			<div style=""margin:0 auto;border-radius:0px;max-width:600px;"">
			<table align=""center"" border=""0"" cellpadding=""0"" cellspacing=""0"" role=""presentation"" style=""width:100%;border-radius:0px;"">
				<tbody>
					<tr>
						<td class=""block-grid"" style=""border-radius:0px;font-size:0px;padding:12px 0px 12px 0px;text-align:center;vertical-align:top;"">
<!--[if(mso)|(IE)]>
<table role=""presentati",2026-06-14 22:59:57,RETR,xtbBswe2nGoiyYdf4QAA3m
法务/侵权类,older,account_4,weihaizhongxin2024@126.com,"Fri, 5 Jun 2026 12:43:35 +0000",Amazon Seller Central <donotreply@amazon.com>,Your Amazon.de Rechnung Versand durch Amazon for 5/2026,,"Your Amazon.de Rechnung Versand durch Amazon for 5/2026
 96
Guten Tag Shen zhen shi wei hai zhong xin ke ji you xian!
Wir möchten Sie darüber informieren, dass Ihr elektronisches Dokument Rechnung Versand durch Amazon für 5.2026 ab sofort in Ihrem Seller Central-Konto verfügbar ist.
Navigieren Sie in Ihrem Seller Central-Konto zu Berichte > Steuerdokumente > Rechnungen über Verkaufsgebühren, um auf Ihr Dokument (Rechnung) zuzugreifen.
In Ihrem Seller Central-Konto können Sie Ihr Dokument (Rechnung) anzeigen, herunterladen oder ausdrucken.
Wenden Sie sich bei weiteren Fragen bitte an die Verkäuferhilfe.
Freundliche Grüße,
Amazon.de
 Ein Problem mit dieser E-Mail melden
 Bei Fragen besuchen Sie: Seller Central
 Zum Ändern Ihrer E-Mail-Einstellungen, gehen Sie zu: Benachrichtigungseinstellungen
 Wir hoffen, diese Nachricht ist hilfreich für Sie. Falls Sie allerdings in Zukunft keine E-Mails dieser Art von Amazon.de erhalten möchten, melden Sie sich bitte ab.
 Copyright 2026 Amazon Inc. oder Tochtergesellschaften. Alle Rechte vorbehalten.
 Amazon EU S.à r.l.
38 avenue John F. Kennedy,
L-1855 Luxemburg,
Handelsregisternummer Luxemburg: B-101818,
 Gesellschaftskapital: 165.833 EUR,
Gewer",2026-06-14 22:59:57,RETR,xtbBshtyWGoixHvACgAA3+
法务/侵权类,older,account_4,weihaizhongxin2024@126.com,"Fri, 5 Jun 2026 12:33:36 +0000",Amazon Seller Central <donotreply@amazon.com>,Your Amazon.se Faktura Fraktas Av Amazon for 5/2026,,"Your Amazon.se Faktura Fraktas Av Amazon for 5/2026
 96
Hej Shen zhen shi wei hai zhong xin ke ji you xian!
Vi skriver för att informera dig om att din elektroniska Faktura Fraktas Av Amazon för månaden 5/2026 nu finns tillgänglig på ditt Seller Central-konto.
För att komma åt ditt fakturagår du till ditt Seller Central-konto > Rapporter > Bibliotek för skattedokument > Skattefakturor för säljaravgifter.
På ditt Seller Central-konto kan du se, ladda ner eller skriva ut ditt faktura.
Om du har några frågor, kontakta säljarsupport.
Vänliga hälsningar,
Amazon.se
 Rapportera ett problem med detta e-post
 Om du har några frågor besök: Seller Central
 För att ändra dina e-postinställningar, besök: Inställningar för meddelanden
 Vi hoppas att du tyckte att det här meddelandet var användbart. Om du föredrar att inte få framtida e-postmeddelanden av detta slag från Amazon.com, välj bort det här.
 Upphovsrätt 2026 Amazon, Inc, eller dess dotterbolag. Alla rättigheter förbehållna.
 Amazon EU S.à r.l.
38 avenue John F. Kennedy
L-1855 Luxemburg
Registrerat i Luxemburg No. B-101818
Aktiekapital 165 833 EUR
Företagets registreringsnummer: 134248
Momsregistrering för Luxemburg LU 20260743.
 SPC-EU",2026-06-14 22:59:56,RETR,xtbBpQTcwmoiwiSdeQAA31
法务/侵权类,older,account_4,weihaizhongxin2024@126.com,"Fri, 5 Jun 2026 12:16:55 +0000",Amazon Seller Central <donotreply@amazon.com>,Your Amazon.co.uk Fulfillment by Amazon Merchant Invoice for 5/2026,,"Your Amazon.co.uk Fulfillment by Amazon Merchant Invoice for 5/2026
 96
Hello,
We are writing to inform you that your electronic Fulfillment by Amazon Merchant Invoice for the month of 5/2026 is now available in your Seller Central Account.
To access your invoice, go to your Tax Document Library . In your Tax Document Library, you will be able to view, download or print your invoice.
The Amazon Services Team
 Report an issue with this email
 If you have any questions visit: Seller Central
 To change your email preferences visit: Notification Preferences
 We hope you found this message to be useful. However, if you'd rather not receive future e-mails of this sort from Amazon.com, please opt-out here.
 Copyright 2026 Amazon, Inc, or its affiliates. All rights reserved.
 Amazon.com, 410 Terry Avenue North, Seattle, WA 98109-5210
 SPC-EUAmazon-2058287427615275",2026-06-14 22:59:56,RETR,xtbBpBvgxmoivjuEGgAA3K
法务/侵权类,older,account_4,weihaizhongxin2024@126.com,"Fri, 5 Jun 2026 12:09:15 +0000",Amazon Seller Central <donotreply@amazon.com>,Your Amazon.ae Fulfillment by Amazon Merchant Invoice for 5/2026,,"Your Amazon.ae Fulfillment by Amazon Merchant Invoice for 5/2026
 96
Hello,
We are writing to inform you that your electronic Fulfillment by Amazon Merchant Invoice for the month of 5/2026 is now available in your Seller Central Account.
To access your invoice, go to your Tax Document Library . In your Tax Document Library, you will be able to view, download or print your invoice.
The Amazon Services Team
 Report an issue with this email
 If you have any questions visit: Seller Central
 To change your email preferences visit: Notification Preferences
 We hope you found this message to be useful. However, if you'd rather not receive future e-mails of this sort from Amazon.com, please opt-out here.
 Copyright 2026 Amazon, Inc, or its affiliates. All rights reserved.
 Amazon.com, 410 Terry Avenue North, Seattle, WA 98109-5210
 SPC-EUAmazon-2075879615395517",2026-06-14 22:59:56,RETR,xtbBsgxtU2oivGyQDAAA3E
法务/侵权类,older,account_4,weihaizhongxin2024@126.com,"Fri, 5 Jun 2026 12:09:08 +0000",Amazon Seller Central <donotreply@amazon.com>,Your Amazon.nl Factuur Fulfilled by Amazon for 5/2026,,"Your Amazon.nl Factuur Fulfilled by Amazon for 5/2026
 96
Beste Shen zhen shi wei hai zhong xin ke ji you xian,
We sturen je dit bericht om je te laten weten dat je elektronische Factuur Fulfilled by Amazon voor de maand 5 2026 nu beschikbaar is in je Seller Central-account.
Als je toegang wilt krijgen tot je factuur, ga je naar je Seller Central-account > Overzichten > Bibliotheek met belastingdocumenten > Belastingfacturen voor kosten verkoper.
In je Seller Central-account kun je je factuur bekijken, downloaden of afdrukken.
Als je nog vragen hebt, kun je contact opnemen met de Ondersteuning voor verkopers.
Met vriendelijke groeten,
Amazon.nl
 Rapporteer een probleem met deze e-mail
 Als je vragen hebt, ga je naar: Seller Central
 Om je e-mailvoorkeuren te wijzigen, ga je naar: Voorkeuren voor meldingen
 We hopen dat je iets aan dit bericht hebt gehad. Als je in de toekomst echter liever niet meer van dit soort e-mails van Amazon.com wilt ontvangen, kun je je afmelden hier.
 Auteursrecht (copyright) 2026 Amazon, Inc. of haar dochterondernemingen. Alle rechten voorbehouden.
 Amazon Services Europe S.à r.l.
38 avenue John F. Kennedy
L-1855 Luxemburg
Geregistreerd in Luxemburg
RCS L",2026-06-14 22:59:55,RETR,xtbBswdrUWoivGcTPgAA3w
法务/侵权类,older,account_4,weihaizhongxin2024@126.com,"Fri, 5 Jun 2026 11:58:55 +0000",Amazon Seller Central <donotreply@amazon.com>,Your Amazon.de Rechnung Versand durch Amazon for 5/2026,,"Your Amazon.de Rechnung Versand durch Amazon for 5/2026
 96
Guten Tag Shen zhen shi wei hai zhong xin ke ji you xian!
Wir möchten Sie darüber informieren, dass Ihr elektronisches Dokument Rechnung Versand durch Amazon für 5.2026 ab sofort in Ihrem Seller Central-Konto verfügbar ist.
Navigieren Sie in Ihrem Seller Central-Konto zu Berichte > Steuerdokumente > Rechnungen über Verkaufsgebühren, um auf Ihr Dokument (Rechnung) zuzugreifen.
In Ihrem Seller Central-Konto können Sie Ihr Dokument (Rechnung) anzeigen, herunterladen oder ausdrucken.
Wenden Sie sich bei weiteren Fragen bitte an die Verkäuferhilfe.
Freundliche Grüße,
Amazon.de
 Ein Problem mit dieser E-Mail melden
 Bei Fragen besuchen Sie: Seller Central
 Zum Ändern Ihrer E-Mail-Einstellungen, gehen Sie zu: Benachrichtigungseinstellungen
 Wir hoffen, diese Nachricht ist hilfreich für Sie. Falls Sie allerdings in Zukunft keine E-Mails dieser Art von Amazon.de erhalten möchten, melden Sie sich bitte ab.
 Copyright 2026 Amazon Inc. oder Tochtergesellschaften. Alle Rechte vorbehalten.
 Amazon EU S.à r.l.
38 avenue John F. Kennedy,
L-1855 Luxemburg,
Handelsregisternummer Luxemburg: B-101818,
 Gesellschaftskapital: 165.833 EUR,
Gewer",2026-06-14 22:59:55,RETR,xtbBpQPRt2oiugNocgAA3r
法务/侵权类,older,account_4,weihaizhongxin2024@126.com,"Fri, 5 Jun 2026 11:38:44 +0000",Amazon Seller Central <donotreply@amazon.com>,Your Amazon.es Factura Logística de Amazon for 5/2026,,"Your Amazon.es Factura Logística de Amazon for 5/2026
 96
Hola, Shen zhen shi wei hai zhong xin ke ji you xian:
Te escribimos para comunicarte que tu Factura Logística de Amazon del mes de 5/2026 ya está disponible en tu cuenta de Seller Central.
Para acceder a la factura, ve a Seller Central > Informes > Biblioteca de documentos fiscales > Facturas de tarifas aplicables al vendedor.
Allí podrás ver, descargar o imprimir tu factura.
Para consultas, contacta con atención al vendedor.
Atentamente,
Amazon.es
 Informar de un problema con este correo electrónico
 Si tienes alguna pregunta, visita: Seller Central
 Para cambiar sus preferencias de correo electrónico visitan: Preferencias de Notificación
 Esperamos que este mensaje te haya parecido útil. Sin embargo, si prefieres no recibir correos electrónicos de Amazon.es de este tipo en el futuro, haz clic aquí.
 Copyright 2026 Amazon.com.mx, Inc. o sus afiliados. Todos los derechos reservados.
 Amazon EU S.à r.l.
38 avenue John F. Kennedy,
L-1855 Luxemburgo,
Número de Registro en Luxemburgo: No. B-101818,
Capital Social 165.833 EUR,
Número de licencia de actividad: 134248,
Nº de Registro IVA en Luxemburgo: LU 20260743.
 SPC-EUAmazon-18",2026-06-14 22:59:55,RETR,xtbBpAiiiGoitUhIgwAA34
法务/侵权类,older,account_4,weihaizhongxin2024@126.com,"Thu, 4 Jun 2026 23:11:17 +0000",Amazon Services <donotreply@amazon.com>,"Invia la documentazione sulla sicurezza del prodotto per riattivare
 le offerte",,"96
 Invia la documentazione sulla sicurezza del prodotto per riattivare le offerte
 Gentile Weihai EU,
 Alcune delle tue offerte sono state disattivate a causa della mancanza di alcuni requisiti di conformità obbligatori per i tuoi prodotti. Rivedi i dettagli e i passi successivi riportati di seguito. Puoi visualizzare le offerte interessate in fondo a questa e-mail.
 Ciò a cosa è dovuto?
 Abbiamo intrapreso questo provvedimento in quanto i tuoi prodotti non dispongono delle informazioni obbligatorie sulla conformità. Consulta la pagina di aiuto Sicurezza e conformità dei prodotti per informazioni sulle leggi, le normative e le politiche di Amazon applicabili. Questa decisione è stata presa sulla base dei risultati di un'analisi effettuata in parte tramite revisione umana e in parte per mezzo di sistemi automatizzati.
 La tabella alla fine di questa e-mail contiene i requisiti di conformità specifici per i prodotti.
 Come faccio a riattivare le mie offerte?
 Per fornire le informazioni di conformità richieste, vai alla pagina Stato dell'account per individuare le richieste di conformità dei prodotti:
-
 Se disponi della documentazione richiesta, segui le istruzioni per inviare i do",2026-06-14 22:59:53,RETR,xtbBsxmqkGoiBhntgwAA3p
法务/侵权类,older,account_4,weihaizhongxin2024@126.com,"Thu, 4 Jun 2026 23:10:46 +0000",Amazon Services <donotreply@amazon.com>,"Dien productveiligheidsdocumentatie in om productvermeldingen
 opnieuw te activeren",,"96
 Dien productveiligheidsdocumentatie in om productvermeldingen opnieuw te activeren
 Hallo Weihai EU,
 Sommige van je productvermeldingen zijn gedeactiveerd omdat er verplichte nalevingsvereisten voor je producten ontbreken. Bekijk de gegevens en de stappen hieronder. De betreffende productvermeldingen worden aan het einde van deze e-mail weergegeven.
 Waarom gebeurt dit?
 We hebben deze actie ondernomen omdat voor deze producten verplichte nalevingsinformatie ontbreekt. Raadpleeg onze hulp-pagina Productveiligheid en -conformiteit voor informatie over de toepasselijke wet- en regelgeving en het Amazon-beleid. We hebben gebruikgemaakt van een combinatie van geautomatiseerde middelen en deskundige menselijke beoordeling om dit probleem te identificeren en deze beslissing te nemen.
 De tabel aan het einde van deze e-mail bevat productspecifieke nalevingsvereisten.
 Hoe activeer ik mijn productvermeldingen opnieuw?
 Als je de vereiste nalevingsgegevens wilt verstrekken, ga je naar de pagina Accountstatus en zoek je de aanvragen voor productconformiteit:
-
 Als je over de vereiste documentatie beschikt, volg je de instructies om je nalevingsdocumenten in te dienen. We zullen alleen ",2026-06-14 22:59:53,RETR,xtbBpBqiiGoiBfog8QAA3y
法务/侵权类,older,account_4,weihaizhongxin2024@126.com,"Thu, 4 Jun 2026 19:37:38 +0000",亚马逊开店服务 <donotreply@amazon.com>,提交商品安全文件以重新启售商品,,"96
 提交商品安全文件以重新启售商品
 尊敬的 Weihai EU：
您好！
 您的部分商品因缺少必要的商品合规信息而被停售。查看下面的详细信息和后续步骤。受影响的商品显示在此电子邮件的末尾。
 为什么会发生这种情况？
 我们之所以采取此措施，是因为这些商品缺少必要的合规信息。请查看我们的 商品安全与合规 帮助页面，了解有关适用法律法规和亚马逊政策的信息。为了确定此问题，我们综合运用了自动化技术和专家人工评审，最终做出这一决定。
 此电子邮件末尾的表格提供了特定于商品的合规性要求。
 如何重新启售商品？
 要提供所需的合规信息，请前往 账户状况 页面并找到商品合规性请求：
-
 如果您有所需的文件，请按照相关说明提交您的合规文件。我们仅会重新启售满足合规要求的商品。
-
 如果您认为您的商品无需遵守这些要求，请提交相关文件，说明它们为何不受这些合规要求的约束。
 有关分步操作说明，请参阅 提交合规文件或对文件请求提出申诉 帮助页面。
 为避免进一步影响您的账户，请停售或删除您不打算销售或申诉的任何不合规商品。
 如果我未执行上述操作，会怎么样？
 如果您未提供所需的合规信息，则受影响的 ASIN 将一直处于停售状态，直到您或其他发布此商品的销售伙伴满足合规要求。
 这些商品的亚马逊物流库存会怎样？
 您必须在收到本通知后的 30 天内从我们的运营中心移除这些商品。如果未移除，我们将按照《亚马逊服务商业解决方案协议》中的规定弃置此库存，并且费用由您承担。要了解如何移除库存，请参阅 移除库存 帮助页面。
 我们愿意随时为您提供帮助。
 有关更多信息，请观看卖家大学中的 安全与合规简介 视频
 如果您有其他问题，请在您的 账户状况 控制面板上提交请求。
 亚马逊商品安全与合规性
 受影响的商品
 详情
 Roaxkois Töpferset für Kinder, Töpferset für Zuhause mit ton lufttrocknend, Töpferscheibe Elektrisch, Diamant Aufkleber, Kreativ Set für Kinder, Geschenk-Ideen, Geschenk für Mädchen Jungen
 ASIN： B0DL3PC2WS
 亚马逊要求您证明自己在亚马逊德国站上架的儿童玩具符合适用的法律、法规、标准和亚马逊政策。
要销售儿童玩具，您必须满足 儿童玩具帮助页面 上列出的要求，并与我们的合作伙伴第三方测试、检验和认证 (TIC) 服务提供商合作，验证您的商品符合这些要求。
儿童玩具是指供14岁或以下儿童在学习或玩耍时使用的商品。
亚马逊根据以下标准来确定商品是否为“儿童玩具”：
商品包装上的年龄分级标明该玩具专供 14 岁或以下儿童使用。
产品的包装、展示、促销或广告显示该产品适",2026-06-14 22:59:53,RETR,xtbBpQUZ-moh1AWx6wAA3H
法务/侵权类,older,account_4,weihaizhongxin2024@126.com,"Thu, 4 Jun 2026 19:31:54 +0000",Amazon Services <donotreply@amazon.com>,Presenta la documentación sobre seguridad del producto para reactivar los listings,,"96
 Presenta la documentación sobre seguridad del producto para reactivar los listings
 Hola, Weihai EU:
 Algunos de tus listings se han desactivado debido a que tus productos no cumplen los requisitos obligatorios. Revisa a continuación los detalles y siguientes pasos. Los listings afectados aparecen al final de este correo electrónico.
 ¿A qué se debe esto?
 Tomamos esta medida porque a estos productos les falta información de cumplimiento normativo obligatoria. Para más información sobre las leyes, normativas y políticas de Amazon aplicables, consulta Cumplimiento y seguridad de los productos . Hemos usado una combinación de medios automatizados y revisión humana experta para identificar la incidencia y tomar una decisión.
 En la tabla que aparece al final de este correo electrónico se proporcionan los requisitos de cumplimiento normativo específicos del producto.
 ¿Cómo puedo reactivar mis listings?
 Para proporcionar la información de cumplimiento normativo obligatoria, ve a la página Estado de la cuenta y localiza las solicitudes de cumplimiento normativo del producto:
-
 Si dispones de la documentación obligatoria, sigue las instrucciones para presentar los documentos de cum",2026-06-14 22:59:53,RETR,xtbBsg7CqGoh0q66LAAA33
法务/侵权类,older,account_4,weihaizhongxin2024@126.com,"Thu, 4 Jun 2026 19:14:06 +0000",Amazon Services <donotreply@amazon.com>,Skicka in produktsäkerhetsdokumentation för att återaktivera produktposter,,"96
 Skicka in produktsäkerhetsdokumentation för att återaktivera produktposter
 Hej Weihai EU!
 Vissa av dina produktposter har inaktiverats på grund av att det saknas obligatorisk överensstämmelse för dina produkter. Granska informationen och följande steg nedan. De berörda produktposterna visas i slutet av det här e-postmeddelandet.
 Varför händer det här?
 Vi vidtar den här åtgärden eftersom det saknas obligatorisk information om överensstämmelse för de här produkterna. Läs vår hjälpsida för Produktsäkerhet och -överensstämmelse för information om tillämpliga lagar, förordningar och Amazons policyer. Vi har använt oss av både automatiserade metoder och mänskliga expertgranskare för att identifiera problemet och fatta det här beslutet.
 Tabellen i slutet av detta e-postmeddelande innehåller produktspecifika krav för överensstämmelse.
 Hur återaktiverar jag mina produktposter?
 Om du vill tillhandahålla den begärda överensstämmelseinformationen går du till sidan Kontostatus och letar upp begäranden om produktöverensstämmelse:
-
 Om du har den obligatoriska dokumentationen ska du skicka in dina överensstämmelsedokument enligt instruktionerna. Vi återaktiverar endast produkter som u",2026-06-14 22:59:52,RETR,xtbBswC2nGohzoAyYwAA3N
法务/侵权类,older,account_4,weihaizhongxin2024@126.com,"Thu, 4 Jun 2026 19:10:02 +0000",Amazon Services <donotreply@amazon.com>,Soumettre la documentation de sécurité des produits pour réactiver les mises en vente,,"96
 Soumettre la documentation de sécurité des produits pour réactiver les mises en vente
 Bonjour Weihai EU,
 Certaines de vos mises en vente ont été désactivées, car vos produits ne respectaient pas des exigences de conformité obligatoires. Consultez les détails et les étapes suivantes ci-dessous. Les produits mis en vente concernés figurent à la fin de cet e-mail.
 Pourquoi cela se produit-il ?
 Nous prenons cette mesure, car ces produits ne présentent pas les informations de conformité obligatoires. Consultez notre page d’aide Sécurité et conformité des produits pour obtenir des informations sur les lois, réglementations et politiques Amazon applicables. Nous nous sommes appuyés sur une combinaison de moyens automatisés et de contrôles menés par des personnes expérimentées pour identifier ce problème et prendre cette décision.
 Le tableau situé à la fin de cet e-mail présente les exigences de conformité spécifiques aux produits.
 Comment réactiver mes produits mis en vente ?
 Pour fournir les informations de conformité requises, accédez à la page État du compte et localisez les demandes de conformité des produits :
-
 Si vous disposez des documents requis, suivez les instructio",2026-06-14 22:59:52,RETR,xtbBsg15X2ohzY2T4AAA3h
法务/侵权类,older,account_4,weihaizhongxin2024@126.com,"Thu, 4 Jun 2026 12:43:42 +0000",Amazon Services <donotreply@amazon.com>,"Presenta documentos de cumplimiento normativo del producto para
 evitar que se retiren los listings",,"96
 Presenta documentos de cumplimiento normativo del producto para evitar que se retiren los listings
 Hola, Weihai EU:
 Tus listings están en riesgo de retirada porque faltan fichas de datos de seguridad (FDS). Presenta la documentación necesaria a más tardar el 2026-09-01 para seguir vendiendo estos productos. Encontrarás ejemplos de los listings en riesgo al final de este correo electrónico.
 ¿A qué se debe esto?
 Hemos tomado esta medida porque hemos identificado que hay productos peligrosos en tu catálogo que requieren fichas de datos de seguridad (FDS). Estos documentos son obligatorios por ley y proporcionan información importante sobre la seguridad de los productos químicos, como los procedimientos adecuados de manipulación, almacenamiento y emergencia. Así podemos garantizar la seguridad de nuestros clientes, empleados y cualquier persona que se encargue de estos productos.
 Hemos usado una combinación de medios automatizados y revisión humana experta para identificar la incidencia y tomar esta decisión.
 Para más información, consulta Requisitos y preguntas frecuentes para la venta de productos químicos .
 ¿Cómo puedo seguir vendiendo los productos afectados?
 Para evita",2026-06-14 22:59:49,RETR,xtbBpAC-pWohcwDm+AAA3Y
法务/侵权类,older,account_4,weihaizhongxin2024@126.com,"Thu, 4 Jun 2026 12:42:40 +0000",Amazon Services <donotreply@amazon.com>,"Documenten over productconformiteit indienen om verwijdering van
 productvermeldingen te voorkomen",,"96
 Documenten over productconformiteit indienen om verwijdering van productvermeldingen te voorkomen
 Hallo Weihai EU,
 Je productvermeldingen lopen het risico te worden verwijderd vanwege ontbrekende veiligheidsinformatiebladen. Dien de vereiste documentatie uiterlijk 2026-09-01 in om door te gaan met het verkopen van deze producten. Onderaan deze e-mail vind je voorbeelden van je productvermeldingen met een verhoogd risico.
 Waarom gebeurt dit?
 We ondernemen deze actie omdat we gevaarlijke producten in je catalogus hebben geïdentificeerd waarvoor veiligheidsinformatiebladen (SDS) nodig zijn. Deze documenten zijn wettelijk vereist en bieden kritieke veiligheidsinformatie over chemische producten, inclusief correcte verwerking, opslag en noodprocedures. Dit helpt de veiligheid te waarborgen van onze klanten, medewerkers en iedereen die met deze producten omgaat.
 We hebben gebruikgemaakt van een combinatie van geautomatiseerde middelen en deskundige menselijke beoordeling om dit probleem te identificeren en deze beslissing te nemen.
 Ga voor meer informatie naar onze Vereisten en veelgestelde vragen voor de verkoop van chemische stoffen .
 Hoe kan ik de getroffen producten blijve",2026-06-14 22:59:49,RETR,xtbBsgSwlmohcsT17QAA31
法务/侵权类,older,account_4,weihaizhongxin2024@126.com,"Thu, 4 Jun 2026 12:38:41 +0000",Amazon Services <donotreply@amazon.com>,"Prześlij dokumenty zgodności dotyczące produktu, aby zapobiec usunięciu oferty",,"96
 Prześlij dokumenty zgodności dotyczące produktu, aby zapobiec usunięciu oferty
 Dzień dobry Weihai EU,
 Twoje oferty mogą zostać usunięte z powodu braku kart charakterystyki. Aby móc dalej sprzedawać te produkty, prześlij wymaganą dokumentację do 2026-09-01. Przykłady zagrożonych ofert znajdziesz na dole tej wiadomości e-mail.
 Dlaczego tak się stało?
 Podejmujemy te działania, ponieważ stwierdziliśmy, że w Twoim katalogu znajdują się produkty niebezpieczne, dla których wymagane są karty charakterystyki. Dokumenty te są wymagane przepisami prawa i zawierają istotne informacje związane z bezpieczeństwem produktów chemicznych, w tym dotyczące prawidłowego obchodzenia się z nimi, przechowywania ich oraz postępowania w nagłych wypadkach. Pomaga to zapewnić bezpieczeństwo naszym klientom, pracownikom i każdej osobie mającej styczność z tymi produktami.
 Do identyfikacji problemu i podjęcia decyzji wykorzystaliśmy zautomatyzowane narzędzia, a otrzymane za ich pomocą wyniki poddaliśmy weryfikacji przez eksperta.
 Więcej informacji znajdziesz na stronie Wymagania i często zadawane pytania dotyczące sprzedaży chemikaliów .
 Co mogę zrobić, aby dalej sprzedawać produkty, których dotyczy ",2026-06-14 22:59:49,RETR,xtbBpRJzWWohcdLdewAA3T
法务/侵权类,older,account_4,weihaizhongxin2024@126.com,"Thu, 4 Jun 2026 12:37:16 +0000",Amazon Services <donotreply@amazon.com>,Skicka in dokument om produktöverensstämmelse för att undvika att produktposter tas bort,,"96
 Skicka in dokument om produktöverensstämmelse för att undvika att produktposter tas bort
 Hej Weihai EU!
 Dina annonser riskerar att tas bort på grund av att säkerhetsdatablad saknas. Skicka in den dokumentation som krävs senast 2026-09-01 för att fortsätta sälja dessa produkter. Vid slutet av det här e-postmeddelandet kan du se exempel på dina produktposter i riskzonen.
 Varför händer det här?
 Vi vidtar denna åtgärd eftersom vi identifierade farliga produkter som kräver säkerhetsdatablad (SDS) i din katalog. Dessa dokument är obligatoriska enligt lag och tillhandahåller viktig säkerhetsinformation om kemiska produkter, inklusive korrekt hantering, lagring och nödrutiner. Detta bidrar till att säkerställa säkerheten för våra kunder, anställda och alla som hanterar dessa produkter.
 Vi har använt oss av både automatiserade metoder och mänskliga expertgranskare för att identifiera problemet och fatta det här beslutet.
 Du hittar mer information i Krav och Vanliga frågor för försäljning av kemikalier .
 Hur fortsätter jag att sälja de berörda produkterna?
 För att fortsätta sälja dessa produkter och undvika att produktposterna tas bort ska du ladda upp säkerhetsdatablad för var o",2026-06-14 22:59:48,RETR,xtbBpQNfRWohcYPcDQAA3U
法务/侵权类,older,account_4,weihaizhongxin2024@126.com,"Thu, 4 Jun 2026 12:35:16 +0000",Amazon Services <donotreply@amazon.com>,Invia la documentazione di conformità dei prodotti per evitare la rimozione delle offerte,,"96
 Invia la documentazione di conformità dei prodotti per evitare la rimozione delle offerte
 Gentile Weihai EU,
 Le tue offerte sono a rischio di rimozione a causa della mancanza delle schede di dati di sicurezza. Invia la documentazione richiesta entro il 2026-09-01 per continuare a vendere questi prodotti. In fondo a questa e-mail, puoi trovare alcuni esempi di offerte a rischio.
 Ciò a cosa è dovuto?
 Stiamo intraprendendo questa azione perché abbiamo identificato nel tuo catalogo dei prodotti pericolosi che richiedono schede di dati di sicurezza (SDS). Questi documenti sono obbligatori per legge e forniscono informazioni essenziali sulla sicurezza dei prodotti chimici, incluse indicazioni per la manipolazione, lo stoccaggio e le procedure di emergenza appropriate. Ciò contribuisce a garantire la sicurezza dei nostri clienti, dipendenti e di chiunque manipoli questi prodotti.
 Questa decisione è stata presa sulla base dei risultati di un'analisi effettuata in parte tramite revisione umana e in parte per mezzo di sistemi automatizzati.
 Per maggiori informazioni, consulta la pagina Requisiti e domande frequenti per la vendita di sostanze chimiche .
 Come faccio a continuare a v",2026-06-14 22:59:48,RETR,xtbBsgZAJmohcQbtsgAA3x
法务/侵权类,older,account_4,weihaizhongxin2024@126.com,"Thu, 4 Jun 2026 12:31:58 +0000",Amazon Services <donotreply@amazon.com>,Soumettez les documents de conformité des produits pour éviter le retrait de la mise en vente,,"96
 Soumettez les documents de conformité des produits pour éviter le retrait de la mise en vente
 Bonjour Weihai EU,
 Vos mises en vente risquent d’être supprimées en raison de l’absence de fiches de sécurité. Soumettez les documents requis avant le 2026-09-01 pour continuer à vendre ces produits. Vous trouverez des exemples de vos mises en vente à risque en bas de cet e-mail.
 Pourquoi cela se produit-il ?
 Nous prenons cette mesure car nous avons identifié des produits dangereux dans votre catalogue qui nécessitent des fiches de sécurité. Ces documents sont requis par la loi et fournissent des informations essentielles de sécurité sur les produits chimiques, y compris les procédures de manipulation, de stockage et d’urgence appropriées. Cela permet d’assurer la sécurité de nos clients, de nos employés et de toute personne manipulant ces produits.
 Nous avons utilisé une combinaison de moyens automatisés et de contrôles par des experts humains pour identifier ce problème et prendre cette décision.
 Pour en savoir plus, consultez nos Exigences et FAQ pour la mise en vente de produits chimiques .
 Comment continuer à vendre les produits concernés ?
 Pour éviter le retrait d’une mis",2026-06-14 22:59:48,RETR,xtbBpQIP9GohcELV7AAA3c
法务/侵权类,older,account_4,weihaizhongxin2024@126.com,"Wed, 3 Jun 2026 19:35:34 +0000",亚马逊开店服务 <donotreply@amazon.com>,提交商品安全文件以重新启售商品,,"96
 提交商品安全文件以重新启售商品
 尊敬的 Weihai EU：
您好！
 您的部分商品因缺少必要的商品合规信息而被停售。查看下面的详细信息和后续步骤。受影响的商品显示在此电子邮件的末尾。
 为什么会发生这种情况？
 我们之所以采取此措施，是因为这些商品缺少必要的合规信息。请查看我们的 商品安全与合规 帮助页面，了解有关适用法律法规和亚马逊政策的信息。为了确定此问题，我们综合运用了自动化技术和专家人工评审，最终做出这一决定。
 此电子邮件末尾的表格提供了特定于商品的合规性要求。
 如何重新启售商品？
 要提供所需的合规信息，请前往 账户状况 页面并找到商品合规性请求：
-
 如果您有所需的文件，请按照相关说明提交您的合规文件。我们仅会重新启售满足合规要求的商品。
-
 如果您认为您的商品无需遵守这些要求，请提交相关文件，说明它们为何不受这些合规要求的约束。
 有关分步操作说明，请参阅 提交合规文件或对文件请求提出申诉 帮助页面。
 为避免进一步影响您的账户，请停售或删除您不打算销售或申诉的任何不合规商品。
 如果我未执行上述操作，会怎么样？
 如果您未提供所需的合规信息，则受影响的 ASIN 将一直处于停售状态，直到您或其他发布此商品的销售伙伴满足合规要求。
 这些商品的亚马逊物流库存会怎样？
 您必须在收到本通知后的 30 天内从我们的运营中心移除这些商品。如果未移除，我们将按照《亚马逊服务商业解决方案协议》中的规定弃置此库存，并且费用由您承担。要了解如何移除库存，请参阅 移除库存 帮助页面。
 我们愿意随时为您提供帮助。
 有关更多信息，请观看卖家大学中的 安全与合规简介 视频
 如果您有其他问题，请在您的 账户状况 控制面板上提交请求。
 亚马逊商品安全与合规性
 受影响的商品
 详情
 Adventskalender 2024 für Kinder Malset,Malset 24 Stück Bastelset Weihnachten,24 Tage lang jeden Tag eine andere Form malen,Kreative DIY-Malerei-Geschenke für Jungen und Mädchen zu Weihnachten
 ASIN： B0DD7R3PPG
 亚马逊要求您证明自己在亚马逊德国站上架的儿童玩具符合适用的法律、法规、标准和亚马逊政策。
要销售儿童玩具，您必须满足 儿童玩具帮助页面 上列出的要求，并与我们的合作伙伴第三方测试、检验和认证 (TIC) 服务提供商合作，验证您的商品符合这些要求。
儿童玩具是指供14岁或以下儿童在学习或玩耍时使用的商品。
亚马逊根据以下标准来确定商品是否为“儿童玩具”：
商品包装上的年龄分级标明该玩具专供 14 岁或以下儿童使用。
产品的包装、展示、促销或广告显示该",2026-06-14 22:59:47,RETR,xtbBpQlFK2ogggl91QAA3r
法务/侵权类,older,account_4,weihaizhongxin2024@126.com,"Wed, 3 Jun 2026 19:29:07 +0000",Amazon Services <donotreply@amazon.com>,Presenta la documentación sobre seguridad del producto para reactivar los listings,,"96
 Presenta la documentación sobre seguridad del producto para reactivar los listings
 Hola, Weihai EU:
 Algunos de tus listings se han desactivado debido a que tus productos no cumplen los requisitos obligatorios. Revisa a continuación los detalles y siguientes pasos. Los listings afectados aparecen al final de este correo electrónico.
 ¿A qué se debe esto?
 Tomamos esta medida porque a estos productos les falta información de cumplimiento normativo obligatoria. Para más información sobre las leyes, normativas y políticas de Amazon aplicables, consulta Cumplimiento y seguridad de los productos . Hemos usado una combinación de medios automatizados y revisión humana experta para identificar la incidencia y tomar una decisión.
 En la tabla que aparece al final de este correo electrónico se proporcionan los requisitos de cumplimiento normativo específicos del producto.
 ¿Cómo puedo reactivar mis listings?
 Para proporcionar la información de cumplimiento normativo obligatoria, ve a la página Estado de la cuenta y localiza las solicitudes de cumplimiento normativo del producto:
-
 Si dispones de la documentación obligatoria, sigue las instrucciones para presentar los documentos de cum",2026-06-14 22:59:47,RETR,xtbBpAXjyWoggIV1uwAA3K
法务/侵权类,older,account_4,weihaizhongxin2024@126.com,"Wed, 3 Jun 2026 19:25:02 +0000",Amazon Services <donotreply@amazon.com>,"Dien productveiligheidsdocumentatie in om productvermeldingen
 opnieuw te activeren",,"96
 Dien productveiligheidsdocumentatie in om productvermeldingen opnieuw te activeren
 Hallo Weihai EU,
 Sommige van je productvermeldingen zijn gedeactiveerd omdat er verplichte nalevingsvereisten voor je producten ontbreken. Bekijk de gegevens en de stappen hieronder. De betreffende productvermeldingen worden aan het einde van deze e-mail weergegeven.
 Waarom gebeurt dit?
 We hebben deze actie ondernomen omdat voor deze producten verplichte nalevingsinformatie ontbreekt. Raadpleeg onze hulp-pagina Productveiligheid en -conformiteit voor informatie over de toepasselijke wet- en regelgeving en het Amazon-beleid. We hebben gebruikgemaakt van een combinatie van geautomatiseerde middelen en deskundige menselijke beoordeling om dit probleem te identificeren en deze beslissing te nemen.
 De tabel aan het einde van deze e-mail bevat productspecifieke nalevingsvereisten.
 Hoe activeer ik mijn productvermeldingen opnieuw?
 Als je de vereiste nalevingsgegevens wilt verstrekken, ga je naar de pagina Accountstatus en zoek je de aanvragen voor productconformiteit:
-
 Als je over de vereiste documentatie beschikt, volg je de instructies om je nalevingsdocumenten in te dienen. We zullen alleen ",2026-06-14 22:59:46,RETR,xtbBsxKmjGogf5Lp4wAA3m
法务/侵权类,older,account_4,weihaizhongxin2024@126.com,"Wed, 3 Jun 2026 19:15:34 +0000",Amazon Services <donotreply@amazon.com>,Przesyłanie dokumentacji dotyczącej bezpieczeństwa produktu w celu ponownego aktywowania ofert,,"96
 Przesyłanie dokumentacji dotyczącej bezpieczeństwa produktu w celu ponownego aktywowania ofert
 Dzień dobry Weihai EU,
 niektóre z Twoich ofert zostały zdezaktywowane z powodu niespełnienia obowiązków dotyczących zgodności wystawianych przez Ciebie produktów z wymogami. Poniżej znajdziesz szczegółowe informacje oraz dalsze instrukcje. Oferty produktów, których dotyczy problem, wskazano na końcu niniejszej wiadomości e-mail.
 Dlaczego tak się stało?
 Podjęliśmy to działanie, ponieważ w przypadku tych produktów nie dostarczono obowiązkowych informacji dotyczących zgodności z wymogami. Więcej informacji na temat mających zastosowanie przepisów ustawowych i wykonawczych oraz zasad Amazon znajdziesz na stronie Bezpieczeństwo i zgodność produktu z wymogami . Do identyfikacji problemu i podjęcia decyzji wykorzystaliśmy zautomatyzowane narzędzia, a otrzymane za ich pomocą wyniki poddaliśmy weryfikacji przez eksperta.
 Informacje na temat wymogów dotyczących zgodności dla poszczególnych produktów znajdziesz w tabeli na końcu tej wiadomości e-mail.
 Jak mogę ponownie aktywować oferty?
 Aby dostarczyć niezbędne informacje dotyczące zgodności z wymogami, przejdź do panelu Kondycja konta i ",2026-06-14 22:59:46,RETR,xtbBpRoY-WogfVpSugAA3f
法务/侵权类,older,account_4,weihaizhongxin2024@126.com,"Wed, 3 Jun 2026 19:12:56 +0000",Amazon Services <donotreply@amazon.com>,Skicka in produktsäkerhetsdokumentation för att återaktivera produktposter,,"96
 Skicka in produktsäkerhetsdokumentation för att återaktivera produktposter
 Hej Weihai EU!
 Vissa av dina produktposter har inaktiverats på grund av att det saknas obligatorisk överensstämmelse för dina produkter. Granska informationen och följande steg nedan. De berörda produktposterna visas i slutet av det här e-postmeddelandet.
 Varför händer det här?
 Vi vidtar den här åtgärden eftersom det saknas obligatorisk information om överensstämmelse för de här produkterna. Läs vår hjälpsida för Produktsäkerhet och -överensstämmelse för information om tillämpliga lagar, förordningar och Amazons policyer. Vi har använt oss av både automatiserade metoder och mänskliga expertgranskare för att identifiera problemet och fatta det här beslutet.
 Tabellen i slutet av detta e-postmeddelande innehåller produktspecifika krav för överensstämmelse.
 Hur återaktiverar jag mina produktposter?
 Om du vill tillhandahålla den begärda överensstämmelseinformationen går du till sidan Kontostatus och letar upp begäranden om produktöverensstämmelse:
-
 Om du har den obligatoriska dokumentationen ska du skicka in dina överensstämmelsedokument enligt instruktionerna. Vi återaktiverar endast produkter som u",2026-06-14 22:59:46,RETR,xtbBpRvv1WogfLtMwgAA3H
法务/侵权类,older,account_4,weihaizhongxin2024@126.com,"Wed, 3 Jun 2026 19:12:34 +0000",Amazon Services <donotreply@amazon.com>,"Invia la documentazione sulla sicurezza del prodotto per riattivare
 le offerte",,"96
 Invia la documentazione sulla sicurezza del prodotto per riattivare le offerte
 Gentile Weihai EU,
 Alcune delle tue offerte sono state disattivate a causa della mancanza di alcuni requisiti di conformità obbligatori per i tuoi prodotti. Rivedi i dettagli e i passi successivi riportati di seguito. Puoi visualizzare le offerte interessate in fondo a questa e-mail.
 Ciò a cosa è dovuto?
 Abbiamo intrapreso questo provvedimento in quanto i tuoi prodotti non dispongono delle informazioni obbligatorie sulla conformità. Consulta la pagina di aiuto Sicurezza e conformità dei prodotti per informazioni sulle leggi, le normative e le politiche di Amazon applicabili. Questa decisione è stata presa sulla base dei risultati di un'analisi effettuata in parte tramite revisione umana e in parte per mezzo di sistemi automatizzati.
 La tabella alla fine di questa e-mail contiene i requisiti di conformità specifici per i prodotti.
 Come faccio a riattivare le mie offerte?
 Per fornire le informazioni di conformità richieste, vai alla pagina Stato dell'account per individuare le richieste di conformità dei prodotti:
-
 Se disponi della documentazione richiesta, segui le istruzioni per inviare i do",2026-06-14 22:59:45,RETR,xtbBswXq0GogfKXOxAAA3V
法务/侵权类,older,account_4,weihaizhongxin2024@126.com,"Wed, 3 Jun 2026 19:09:18 +0000",Amazon Services <donotreply@amazon.com>,Soumettre la documentation de sécurité des produits pour réactiver les mises en vente,,"96
 Soumettre la documentation de sécurité des produits pour réactiver les mises en vente
 Bonjour Weihai EU,
 Certaines de vos mises en vente ont été désactivées, car vos produits ne respectaient pas des exigences de conformité obligatoires. Consultez les détails et les étapes suivantes ci-dessous. Les produits mis en vente concernés figurent à la fin de cet e-mail.
 Pourquoi cela se produit-il ?
 Nous prenons cette mesure, car ces produits ne présentent pas les informations de conformité obligatoires. Consultez notre page d’aide Sécurité et conformité des produits pour obtenir des informations sur les lois, réglementations et politiques Amazon applicables. Nous nous sommes appuyés sur une combinaison de moyens automatisés et de contrôles menés par des personnes expérimentées pour identifier ce problème et prendre cette décision.
 Le tableau situé à la fin de cet e-mail présente les exigences de conformité spécifiques aux produits.
 Comment réactiver mes produits mis en vente ?
 Pour fournir les informations de conformité requises, accédez à la page État du compte et localisez les demandes de conformité des produits :
-
 Si vous disposez des documents requis, suivez les instructio",2026-06-14 22:59:45,RETR,xtbBpQG5n2oge+FFUQAA3G
法务/侵权类,older,account_4,weihaizhongxin2024@126.com,"Wed, 3 Jun 2026 15:00:42 +0000",Amazon Services <donotreply@amazon.com>,Votre paiement est en cours,,"96
This title will display on mobile devices
 Félicitations ! Votre paiement est en cours et arrivera sous peu.
 Tentative de versement
Félicitations, Weihai EU ! Votre paiement est en cours et arrivera sous trois à cinq jours.
Le 06/03/26 15:00 CEST, nous avons effectué un virement d’un montant de €
 65.85 sur le compte lié à votre méthode de paiement (compte bancaire se terminant par 229).
 Si le montant est inférieur au montant auquel vous vous attendiez, voici quelques questions à vous poser :
 Disposez-vous d’un solde de fonds non disponibles ? Amazon peut réserver des fonds afin de couvrir des retours, des réclamations ou des rétrofacturations potentiels des acheteurs. Si tel est le cas, le solde de fin de période de votre rapport sur les paiements affichera le solde des fonds non disponibles réservé.
 Vos ventes couvraient-elles l’ensemble des frais et des retours pour cette période de règlements ? Le montant du paiement reflète votre activité commerciale, les frais de vente et les frais relatifs aux promotions et aux services. Nous vous recommandons de consulter votre rapport sur les paiements sous l’onglet Rapports de Seller Central pour comprendre votre solde de fin de pé",2026-06-14 22:59:44,RETR,xtbBsx4aAGogQZ5-MwAA3u
法务/侵权类,older,account_4,weihaizhongxin2024@126.com,"Wed, 3 Jun 2026 13:54:47 +0000",Amazon Services <donotreply@amazon.com>,Pagamento elaborato con successo,,"96
This title will display on mobile devices
 Congratulazioni. Il pagamento è stato elaborato con successo e ti sarà accreditato a breve.
 Tentativo di pagamento
Congratulazioni Weihai EU! Il pagamento è stato elaborato con successo e ti sarà accreditato nel giro di da tre a cinque giorni.
In data 06/03/26 13:54 CEST, abbiamo avviato un trasferimento sul tuo metodo di pagamento (conto bancario che termina con 229) dell’importo di €
 137,63.
 Se l’importo è inferiore a quanto atteso, tieni in considerazione le seguenti domande:
 Hai un saldo non disponibile? Amazon potrebbe trattenere una certa somma per coprire i costi di eventuali resi, reclami o contestazioni di una transazione (chargeback) da parte degli acquirenti. In questo caso, il saldo finale nel tuo report sui pagamenti mostrerà il saldo non disponibile corrispondente alla cifra trattenuta.
 Le tue vendite coprono tutte le commissioni e i resi per questo ciclo di fatturazione? L’importo del pagamento rispecchia le attività di vendita, le commissioni di vendita e le tariffe per promozioni o servizi. Ti consigliamo di rivedere il report sui pagamenti nella scheda Report di Seller Central per comprendere le diverse spese che ",2026-06-14 22:59:44,RETR,xtbBsgo5H2ogMipgZQAA3J
法务/侵权类,older,account_4,weihaizhongxin2024@126.com,"Mon, 1 Jun 2026 16:55:18 +0000",Logística Multicanal de Amazon <donotreply@amazon.com>,Ahorra un 20 % en las tarifas de Logística Multicanal a partir del 25 de junio,,"96
 Ya están disponibles dos nuevos programas de descuentos para los vendedores aptos
 Hola:
 Vamos a lanzar dos nuevos programas para ayudarte a ahorrar en las tarifas de Logística Multicanal.
 A partir del 25 de junio de 2026, podrás ahorrar un 20 % al utilizar Logística Multicanal para entregar pedidos desde cualquier canal de venta externo a Amazon, como tu propio sitio web, tiendas de redes sociales como TikTok Shop, u otros sitios web como eBay.
 Logística Multicanal puede ayudarte a hacer crecer tu negocio, ya que simplifica tus operaciones y proporciona a tus clientes un servicio de entrega rápido y fiable en paquetes sin marca, los siete días de la semana.
 1. Incentivos para vendedores nuevos:
 si eres un vendedor nuevo de nuestro plan de ventas Profesional y publicas tu primer ASIN apto para la venta a partir del 25 de junio de 2026, puedes recibir un descuento del 20 % en las tarifas de gestión logística de Logística Multicanal para las 100 primeras unidades enviadas durante 12 meses. Para ello, tienes que enviar productos aptos de Logística de Amazon a nuestra red logística en un plazo de 90 días a partir de la publicación de tu primer ASIN apto para la venta.
 A parti",2026-06-14 22:59:41,RETR,xtbBpRhuVGoduXgFhQAA3x
法务/侵权类,older,account_4,weihaizhongxin2024@126.com,"Mon, 1 Jun 2026 16:38:54 +0000",Il team di Gestione multicanale di Amazon <donotreply@amazon.com>,Tariffe di Gestione multicanale: sconto del 20% dal 25 giugno,,"96
 Due nuovi programmi di sconto sono ora disponibili per i venditori idonei
 Buongiorno,
 abbiamo deciso di lanciare due nuovi programmi per aiutare i venditori a risparmiare sulle tariffe di Gestione multicanale.
 A partire dal 25 giugno 2026, potrai risparmiare il 20% quando utilizzi Gestione multicanale per consegnare ordini provenienti da qualsiasi canale di vendita diverso da Amazon, come il tuo sito web, i social media come TikTok Shop o altri siti come eBay.
 Gestione multicanale può aiutarti a far crescere la tua attività semplificando le operazioni e offrendo ai clienti consegne rapide e affidabili in imballaggi privi di marchio, tutti i giorni della settimana.
 1. Incentivi per nuovi venditori:
 Se sei un nuovo venditore con piano di vendita Professionale e pubblichi il tuo primo ASIN acquistabile a partire dal 25 giugno 2026, puoi ottenere uno sconto del 20% sulle tariffe di Gestione multicanale per le tue prime 100 unità di Gestione multicanale spedite nell'arco di 12 mesi. Per soddisfare i requisiti, devi inviare i prodotti Logistica di Amazon idonei alla nostra rete logistica entro 90 giorni dalla pubblicazione del tuo primo ASIN acquistabile.
 A partire dal 25 giug",2026-06-14 22:59:40,RETR,xtbBpQF3XWodtaHmBAAA3P
法务/侵权类,older,account_4,weihaizhongxin2024@126.com,"Mon, 1 Jun 2026 02:40:59 +0000","""donotreply@amazon.com"" <donotreply@amazon.com>",Transparency Invoice/Credit note for 05/2026,,"96
 Dear Customer,
 Please click on the link below to access your Transparency electronic invoice/credit note in the Transparency Portal. If you see an '...
 Dear Customer,
 Please click on the link below to access your Transparency electronic invoice/credit note in the Transparency Portal. If you see an 'Access Denied' error message when you use the link below and are not able to access the invoice/credit note, then please email transparency-support@amazon.com with your profile link (see instructions below).
 [Link to invoice Dashboard]
 Frequently Asked Questions (FAQ)
- I see 'Access Denied' message after logging into the Transparency Portal, what should I do?
- Please log into your Amazon.com account associated with this email address. If you don't have an account, please create one with this email address.
- Go to http://www.amazon.com/profile .
- Copy the URL that was generated in the search bar. The profile link you need to provide will look similar to this: https://www.amazon.com/gp/profile/amzn1.account.XXXXXXXXXXXXXXXXXXXXXXXX
- Create an email to transparency-support@amazon.com , paste the URL that you copied into the body of the email, and click 'Send'.
 We will provide",2026-06-14 22:59:39,RETR,xtbBsh8tE2oc8T9dZwAA3R
法务/侵权类,older,account_4,weihaizhongxin2024@126.com,"Sat, 30 May 2026 16:11:40 +0000",Amazon Services <donotreply@amazon.com>,Skicka in produktsäkerhetsdokumentation för att återaktivera produktposter,,"96
 Skicka in produktsäkerhetsdokumentation för att återaktivera produktposter
 Hej Weihai EU!
 Vissa av dina produktposter har inaktiverats på grund av att det saknas obligatorisk överensstämmelse för dina produkter. Granska informationen och följande steg nedan. De berörda produktposterna visas i slutet av det här e-postmeddelandet.
 Varför händer det här?
 Vi vidtar den här åtgärden eftersom det saknas obligatorisk information om överensstämmelse för de här produkterna. Läs vår hjälpsida för Produktsäkerhet och -överensstämmelse för information om tillämpliga lagar, förordningar och Amazons policyer. Vi har använt oss av både automatiserade metoder och mänskliga expertgranskare för att identifiera problemet och fatta det här beslutet.
 Tabellen i slutet av detta e-postmeddelande innehåller produktspecifika krav för överensstämmelse.
 Hur återaktiverar jag mina produktposter?
 Om du vill tillhandahålla den begärda överensstämmelseinformationen går du till sidan Kontostatus och letar upp begäranden om produktöverensstämmelse:
-
 Om du har den obligatoriska dokumentationen ska du skicka in dina överensstämmelsedokument enligt instruktionerna. Vi återaktiverar endast produkter som u",2026-06-14 22:59:35,RETR,xtbBsh9zWWobDD8ywQAA32
法务/侵权类,older,account_4,weihaizhongxin2024@126.com,"Sat, 30 May 2026 16:11:32 +0000",Amazon Services <donotreply@amazon.com>,Przesyłanie dokumentacji dotyczącej bezpieczeństwa produktu w celu ponownego aktywowania ofert,,"96
 Przesyłanie dokumentacji dotyczącej bezpieczeństwa produktu w celu ponownego aktywowania ofert
 Dzień dobry Weihai EU,
 niektóre z Twoich ofert zostały zdezaktywowane z powodu niespełnienia obowiązków dotyczących zgodności wystawianych przez Ciebie produktów z wymogami. Poniżej znajdziesz szczegółowe informacje oraz dalsze instrukcje. Oferty produktów, których dotyczy problem, wskazano na końcu niniejszej wiadomości e-mail.
 Dlaczego tak się stało?
 Podjęliśmy to działanie, ponieważ w przypadku tych produktów nie dostarczono obowiązkowych informacji dotyczących zgodności z wymogami. Więcej informacji na temat mających zastosowanie przepisów ustawowych i wykonawczych oraz zasad Amazon znajdziesz na stronie Bezpieczeństwo i zgodność produktu z wymogami . Do identyfikacji problemu i podjęcia decyzji wykorzystaliśmy zautomatyzowane narzędzia, a otrzymane za ich pomocą wyniki poddaliśmy weryfikacji przez eksperta.
 Informacje na temat wymogów dotyczących zgodności dla poszczególnych produktów znajdziesz w tabeli na końcu tej wiadomości e-mail.
 Jak mogę ponownie aktywować oferty?
 Aby dostarczyć niezbędne informacje dotyczące zgodności z wymogami, przejdź do panelu Kondycja konta i ",2026-06-14 22:59:35,RETR,xtbBpRlyWGobDDkpmgAA3h
法务/侵权类,older,account_4,weihaizhongxin2024@126.com,"Sat, 30 May 2026 16:11:31 +0000",Amazon Services <donotreply@amazon.com>,"Invia la documentazione sulla sicurezza del prodotto per riattivare
 le offerte",,"96
 Invia la documentazione sulla sicurezza del prodotto per riattivare le offerte
 Gentile Weihai EU,
 Alcune delle tue offerte sono state disattivate a causa della mancanza di alcuni requisiti di conformità obbligatori per i tuoi prodotti. Rivedi i dettagli e i passi successivi riportati di seguito. Puoi visualizzare le offerte interessate in fondo a questa e-mail.
 Ciò a cosa è dovuto?
 Abbiamo intrapreso questo provvedimento in quanto i tuoi prodotti non dispongono delle informazioni obbligatorie sulla conformità. Consulta la pagina di aiuto Sicurezza e conformità dei prodotti per informazioni sulle leggi, le normative e le politiche di Amazon applicabili. Questa decisione è stata presa sulla base dei risultati di un'analisi effettuata in parte tramite revisione umana e in parte per mezzo di sistemi automatizzati.
 La tabella alla fine di questa e-mail contiene i requisiti di conformità specifici per i prodotti.
 Come faccio a riattivare le mie offerte?
 Per fornire le informazioni di conformità richieste, vai alla pagina Stato dell'account per individuare le richieste di conformità dei prodotti:
-
 Se disponi della documentazione richiesta, segui le istruzioni per inviare i do",2026-06-14 22:59:35,RETR,xtbBsxdxV2obDDcYwAAA3Q
法务/侵权类,older,account_4,weihaizhongxin2024@126.com,"Sat, 30 May 2026 16:08:15 +0000",Amazon Services <donotreply@amazon.com>,Soumettre la documentation de sécurité des produits pour réactiver les mises en vente,,"96
 Soumettre la documentation de sécurité des produits pour réactiver les mises en vente
 Bonjour Weihai EU,
 Certaines de vos mises en vente ont été désactivées, car vos produits ne respectaient pas des exigences de conformité obligatoires. Consultez les détails et les étapes suivantes ci-dessous. Les produits mis en vente concernés figurent à la fin de cet e-mail.
 Pourquoi cela se produit-il ?
 Nous prenons cette mesure, car ces produits ne présentent pas les informations de conformité obligatoires. Consultez notre page d’aide Sécurité et conformité des produits pour obtenir des informations sur les lois, réglementations et politiques Amazon applicables. Nous nous sommes appuyés sur une combinaison de moyens automatisés et de contrôles menés par des personnes expérimentées pour identifier ce problème et prendre cette décision.
 Le tableau situé à la fin de cet e-mail présente les exigences de conformité spécifiques aux produits.
 Comment réactiver mes produits mis en vente ?
 Pour fournir les informations de conformité requises, accédez à la page État du compte et localisez les demandes de conformité des produits :
-
 Si vous disposez des documents requis, suivez les instructio",2026-06-14 22:59:34,RETR,xtbBsxFAJmobC3ETpgAA36
法务/侵权类,older,account_4,weihaizhongxin2024@126.com,"Sat, 30 May 2026 15:14:09 +0000",Amazon Services <donotreply@amazon.com>,"Dien productveiligheidsdocumentatie in om productvermeldingen
 opnieuw te activeren",,"96
 Dien productveiligheidsdocumentatie in om productvermeldingen opnieuw te activeren
 Hallo Weihai EU,
 Sommige van je productvermeldingen zijn gedeactiveerd omdat er verplichte nalevingsvereisten voor je producten ontbreken. Bekijk de gegevens en de stappen hieronder. De betreffende productvermeldingen worden aan het einde van deze e-mail weergegeven.
 Waarom gebeurt dit?
 We hebben deze actie ondernomen omdat voor deze producten verplichte nalevingsinformatie ontbreekt. Raadpleeg onze hulp-pagina Productveiligheid en -conformiteit voor informatie over de toepasselijke wet- en regelgeving en het Amazon-beleid. We hebben gebruikgemaakt van een combinatie van geautomatiseerde middelen en deskundige menselijke beoordeling om dit probleem te identificeren en deze beslissing te nemen.
 De tabel aan het einde van deze e-mail bevat productspecifieke nalevingsvereisten.
 Hoe activeer ik mijn productvermeldingen opnieuw?
 Als je de vereiste nalevingsgegevens wilt verstrekken, ga je naar de pagina Accountstatus en zoek je de aanvragen voor productconformiteit:
-
 Als je over de vereiste documentatie beschikt, volg je de instructies om je nalevingsdocumenten in te dienen. We zullen alleen ",2026-06-14 22:59:34,RETR,xtbBpQUS92oa-sW+KQAA3Z
法务/侵权类,older,account_4,weihaizhongxin2024@126.com,"Sat, 30 May 2026 15:14:03 +0000",Amazon Services <donotreply@amazon.com>,Presenta la documentación sobre seguridad del producto para reactivar los listings,,"96
 Presenta la documentación sobre seguridad del producto para reactivar los listings
 Hola, Weihai EU:
 Algunos de tus listings se han desactivado debido a que tus productos no cumplen los requisitos obligatorios. Revisa a continuación los detalles y siguientes pasos. Los listings afectados aparecen al final de este correo electrónico.
 ¿A qué se debe esto?
 Tomamos esta medida porque a estos productos les falta información de cumplimiento normativo obligatoria. Para más información sobre las leyes, normativas y políticas de Amazon aplicables, consulta Cumplimiento y seguridad de los productos . Hemos usado una combinación de medios automatizados y revisión humana experta para identificar la incidencia y tomar una decisión.
 En la tabla que aparece al final de este correo electrónico se proporcionan los requisitos de cumplimiento normativo específicos del producto.
 ¿Cómo puedo reactivar mis listings?
 Para proporcionar la información de cumplimiento normativo obligatoria, ve a la página Estado de la cuenta y localiza las solicitudes de cumplimiento normativo del producto:
-
 Si dispones de la documentación obligatoria, sigue las instrucciones para presentar los documentos de cum",2026-06-14 22:59:34,RETR,xtbBpB8Q9Woa-r+wNAAA3r
法务/侵权类,older,account_4,weihaizhongxin2024@126.com,"Fri, 29 May 2026 16:10:04 +0000",Amazon Services <donotreply@amazon.com>,Skicka in produktsäkerhetsdokumentation för att återaktivera produktposter,,"96
 Skicka in produktsäkerhetsdokumentation för att återaktivera produktposter
 Hej Weihai EU!
 Vissa av dina produktposter har inaktiverats på grund av att det saknas obligatorisk överensstämmelse för dina produkter. Granska informationen och följande steg nedan. De berörda produktposterna visas i slutet av det här e-postmeddelandet.
 Varför händer det här?
 Vi vidtar den här åtgärden eftersom det saknas obligatorisk information om överensstämmelse för de här produkterna. Läs vår hjälpsida för Produktsäkerhet och -överensstämmelse för information om tillämpliga lagar, förordningar och Amazons policyer. Vi har använt oss av både automatiserade metoder och mänskliga expertgranskare för att identifiera problemet och fatta det här beslutet.
 Tabellen i slutet av detta e-postmeddelande innehåller produktspecifika krav för överensstämmelse.
 Hur återaktiverar jag mina produktposter?
 Om du vill tillhandahålla den begärda överensstämmelseinformationen går du till sidan Kontostatus och letar upp begäranden om produktöverensstämmelse:
-
 Om du har den obligatoriska dokumentationen ska du skicka in dina överensstämmelsedokument enligt instruktionerna. Vi återaktiverar endast produkter som u",2026-06-14 22:59:30,RETR,xtbBsh6mjGoZul6gFgAA3n
法务/侵权类,older,account_4,weihaizhongxin2024@126.com,"Fri, 29 May 2026 16:10:01 +0000",Amazon Services <donotreply@amazon.com>,Przesyłanie dokumentacji dotyczącej bezpieczeństwa produktu w celu ponownego aktywowania ofert,,"96
 Przesyłanie dokumentacji dotyczącej bezpieczeństwa produktu w celu ponownego aktywowania ofert
 Dzień dobry Weihai EU,
 niektóre z Twoich ofert zostały zdezaktywowane z powodu niespełnienia obowiązków dotyczących zgodności wystawianych przez Ciebie produktów z wymogami. Poniżej znajdziesz szczegółowe informacje oraz dalsze instrukcje. Oferty produktów, których dotyczy problem, wskazano na końcu niniejszej wiadomości e-mail.
 Dlaczego tak się stało?
 Podjęliśmy to działanie, ponieważ w przypadku tych produktów nie dostarczono obowiązkowych informacji dotyczących zgodności z wymogami. Więcej informacji na temat mających zastosowanie przepisów ustawowych i wykonawczych oraz zasad Amazon znajdziesz na stronie Bezpieczeństwo i zgodność produktu z wymogami . Do identyfikacji problemu i podjęcia decyzji wykorzystaliśmy zautomatyzowane narzędzia, a otrzymane za ich pomocą wyniki poddaliśmy weryfikacji przez eksperta.
 Informacje na temat wymogów dotyczących zgodności dla poszczególnych produktów znajdziesz w tabeli na końcu tej wiadomości e-mail.
 Jak mogę ponownie aktywować oferty?
 Aby dostarczyć niezbędne informacje dotyczące zgodności z wymogami, przejdź do panelu Kondycja konta i ",2026-06-14 22:59:30,RETR,xtbBpRuli2oZuluakAAA3I
法务/侵权类,older,account_4,weihaizhongxin2024@126.com,"Fri, 29 May 2026 16:10:00 +0000",Amazon Services <donotreply@amazon.com>,"Invia la documentazione sulla sicurezza del prodotto per riattivare
 le offerte",,"96
 Invia la documentazione sulla sicurezza del prodotto per riattivare le offerte
 Gentile Weihai EU,
 Alcune delle tue offerte sono state disattivate a causa della mancanza di alcuni requisiti di conformità obbligatori per i tuoi prodotti. Rivedi i dettagli e i passi successivi riportati di seguito. Puoi visualizzare le offerte interessate in fondo a questa e-mail.
 Ciò a cosa è dovuto?
 Abbiamo intrapreso questo provvedimento in quanto i tuoi prodotti non dispongono delle informazioni obbligatorie sulla conformità. Consulta la pagina di aiuto Sicurezza e conformità dei prodotti per informazioni sulle leggi, le normative e le politiche di Amazon applicabili. Questa decisione è stata presa sulla base dei risultati di un'analisi effettuata in parte tramite revisione umana e in parte per mezzo di sistemi automatizzati.
 La tabella alla fine di questa e-mail contiene i requisiti di conformità specifici per i prodotti.
 Come faccio a riattivare le mie offerte?
 Per fornire le informazioni di conformità richieste, vai alla pagina Stato dell'account per individuare le richieste di conformità dei prodotti:
-
 Se disponi della documentazione richiesta, segui le istruzioni per inviare i do",2026-06-14 22:59:30,RETR,xtbBsxymjGoZulwEjAAA3Y
法务/侵权类,older,account_4,weihaizhongxin2024@126.com,"Fri, 29 May 2026 16:07:29 +0000",Amazon Services <donotreply@amazon.com>,Soumettre la documentation de sécurité des produits pour réactiver les mises en vente,,"96
 Soumettre la documentation de sécurité des produits pour réactiver les mises en vente
 Bonjour Weihai EU,
 Certaines de vos mises en vente ont été désactivées, car vos produits ne respectaient pas des exigences de conformité obligatoires. Consultez les détails et les étapes suivantes ci-dessous. Les produits mis en vente concernés figurent à la fin de cet e-mail.
 Pourquoi cela se produit-il ?
 Nous prenons cette mesure, car ces produits ne présentent pas les informations de conformité obligatoires. Consultez notre page d’aide Sécurité et conformité des produits pour obtenir des informations sur les lois, réglementations et politiques Amazon applicables. Nous nous sommes appuyés sur une combinaison de moyens automatisés et de contrôles menés par des personnes expérimentées pour identifier ce problème et prendre cette décision.
 Le tableau situé à la fin de cet e-mail présente les exigences de conformité spécifiques aux produits.
 Comment réactiver mes produits mis en vente ?
 Pour fournir les informations de conformité requises, accédez à la page État du compte et localisez les demandes de conformité des produits :
-
 Si vous disposez des documents requis, suivez les instructio",2026-06-14 22:59:30,RETR,xtbBpQWAZmoZucWVYAAA38
法务/侵权类,older,account_4,weihaizhongxin2024@126.com,"Fri, 29 May 2026 15:12:02 +0000",Amazon Services <donotreply@amazon.com>,Presenta la documentación sobre seguridad del producto para reactivar los listings,,"96
 Presenta la documentación sobre seguridad del producto para reactivar los listings
 Hola, Weihai EU:
 Algunos de tus listings se han desactivado debido a que tus productos no cumplen los requisitos obligatorios. Revisa a continuación los detalles y siguientes pasos. Los listings afectados aparecen al final de este correo electrónico.
 ¿A qué se debe esto?
 Tomamos esta medida porque a estos productos les falta información de cumplimiento normativo obligatoria. Para más información sobre las leyes, normativas y políticas de Amazon aplicables, consulta Cumplimiento y seguridad de los productos . Hemos usado una combinación de medios automatizados y revisión humana experta para identificar la incidencia y tomar una decisión.
 En la tabla que aparece al final de este correo electrónico se proporcionan los requisitos de cumplimiento normativo específicos del producto.
 ¿Cómo puedo reactivar mis listings?
 Para proporcionar la información de cumplimiento normativo obligatoria, ve a la página Estado de la cuenta y localiza las solicitudes de cumplimiento normativo del producto:
-
 Si dispones de la documentación obligatoria, sigue las instrucciones para presentar los documentos de cum",2026-06-14 22:59:29,RETR,xtbBpQU9I2oZrMUc8QAA3J
法务/侵权类,older,account_4,weihaizhongxin2024@126.com,"Fri, 29 May 2026 15:11:44 +0000",Amazon Services <donotreply@amazon.com>,"Dien productveiligheidsdocumentatie in om productvermeldingen
 opnieuw te activeren",,"96
 Dien productveiligheidsdocumentatie in om productvermeldingen opnieuw te activeren
 Hallo Weihai EU,
 Sommige van je productvermeldingen zijn gedeactiveerd omdat er verplichte nalevingsvereisten voor je producten ontbreken. Bekijk de gegevens en de stappen hieronder. De betreffende productvermeldingen worden aan het einde van deze e-mail weergegeven.
 Waarom gebeurt dit?
 We hebben deze actie ondernomen omdat voor deze producten verplichte nalevingsinformatie ontbreekt. Raadpleeg onze hulp-pagina Productveiligheid en -conformiteit voor informatie over de toepasselijke wet- en regelgeving en het Amazon-beleid. We hebben gebruikgemaakt van een combinatie van geautomatiseerde middelen en deskundige menselijke beoordeling om dit probleem te identificeren en deze beslissing te nemen.
 De tabel aan het einde van deze e-mail bevat productspecifieke nalevingsvereisten.
 Hoe activeer ik mijn productvermeldingen opnieuw?
 Als je de vereiste nalevingsgegevens wilt verstrekken, ga je naar de pagina Accountstatus en zoek je de aanvragen voor productconformiteit:
-
 Als je over de vereiste documentatie beschikt, volg je de instructies om je nalevingsdocumenten in te dienen. We zullen alleen ",2026-06-14 22:59:29,RETR,xtbBshM4HmoZrLMgqgAA3h
法务/侵权类,older,account_4,weihaizhongxin2024@126.com,"Thu, 28 May 2026 23:39:40 +0000",Fulfillment by Amazon <no-reply@amazon.com>,Tus límites de capacidad de Logística de Amazon para junio,,"96
 Tus límites de capacidad de Logística de Amazon para junio
 Hola:
 Se confirmaron tus límites de capacidad para el próximo periodo.
 Pronóstico de capacidad para el periodo del jun. 1 al 30, a partir del may. 28:
 Tipo de almacenamiento
 Límite de capacidad total (metros cúbicos)
 Tamaño estándar
 16.42
 Tamaño grande
 21.66
 Para ver tus límites más actualizados, así como los límites de capacidad estimados para los dos meses siguientes, ve a los envíos de Logística de Amazon .
 En la siguiente tabla, se muestra el uso de la capacidad de Logística de Amazon a partir del may. 27.
 Tipo de almacenamiento
 Uso sin los envíos abiertos incluidos (metros cúbicos)
 Uso con los envíos abiertos incluidos (metros cúbicos)
 Tamaño estándar
 0.00
 0.00
 Tamaño grande
 0.00
 0.00
 Cómo se establecen los límites de capacidad de Logística de Amazon
 Tus límites de capacidad dependen de tu puntuación del índice de desempeño de inventario y otros factores, como las proyecciones de ventas para tus ASIN, la capacidad del centro de distribución y el plazo de entrega de los envíos. Las estimaciones variarán en función de los cambios en tu puntuación del índice de desempeño de inventario y pueden au",2026-06-14 22:59:26,RETR,xtbBsgBlS2oY0kBmewAA3h
法务/侵权类,older,account_4,weihaizhongxin2024@126.com,"Thu, 28 May 2026 17:10:26 +0000",Luana Camargo <notifications@insgly.net>,Worten Marketplace - Portugal y España,,"¡Buenos días!
Espero que te encuentres bien.
Mi nombre es Luana Camargo y soy Business Developer en WORTEN Portugal y España, parte de Sonae, uno de los más grandes grupos empresariales en Portugal.
Te envío este mensaje porque nos gustaría hacer una colaboración entre Weihai EU y el Marketplace de Worten.
Sobre Worten.
Somos líderes en el mercado portugués, con 200 tiendas alcanzamos más de 1.2 billones de euros en ventas, de los cuales el 20% vienen del online.
En Portugal, Worten.pt es el sitio de comercio electrónico más visitado y con mejor desempeño, recibimos más visitas que los principales marketplaces del mundo, los que consideramos nuestra competencia. En compras online, el sitio web de Worten tiene el mayor tráfico de Portugal, más de 10 millones de visitas al mes.
Es en www.worten.pt y www.worten.es donde puedes mirar nuestro Marketplace.
Con más de 30 categorías, el Marketplace de Worten quiere ser la plataforma donde los clientes pueden encontrar todo lo que necesitan.
Con la gran demanda que sentimos, tenemos la oportunidad de aumentar nuestra gama de productos, ¡y trabajar con las mejores empresas es nuestra prioridad !
Worten Marketplace tiene una estrategia B2C, c",2026-06-14 22:59:25,RETR,xtbBswZ-ZWoYdwbRMAAA3N
法务/侵权类,older,account_4,weihaizhongxin2024@126.com,"Thu, 28 May 2026 15:13:11 +0000",Amazon Services <donotreply@amazon.com>,"Tu cuenta cumple ahora nuestros requisitos de registro a efectos
 fiscales en Europa",,"96
 Hola, Weihai EU:
 Gracias por la información. Te confirmamos que tu cuenta cumple ahora los requisitos de los siguientes países:
 Polonia
 Asegúrate de que la información disponible en Amazon sea correcta y esté actualizada. Tienes que actualizar la información lo antes posible si se produce algún cambio en el futuro.
 Para más información, consulta Información sobre el impuesto sobre el valor añadido (IVA) europeo .
 Atentamente,
 Amazon Services
 Informar de un problema con este correo electrónico
 Si tienes alguna pregunta, visita: Seller Central
 Para cambiar sus preferencias de correo electrónico visitan: Preferencias de Notificación
 Copyright 2026 Amazon.com.mx, Inc. o sus afiliados. Todos los derechos reservados.
 Amazon EU S.à r.l.
38 avenue John F. Kennedy,
L-1855 Luxemburgo,
Número de Registro en Luxemburgo: No. B-101818,
Capital Social 165.833 EUR,
Número de licencia de actividad: 134248,
Nº de Registro IVA en Luxemburgo: LU 20260743.
 SPC-EUAmazon-1372192168638294",2026-06-14 22:59:24,RETR,xtbBpQuZf2oYW4t8CwAA3d
法务/侵权类,older,account_4,weihaizhongxin2024@126.com,"Thu, 28 May 2026 15:09:37 +0000",Amazon Services <donotreply@amazon.com>,Twoje konto spełnia już europejskie wymagania Amazon dotyczące rejestracji jako podatnik VAT,,"96
 Dzień dobry Weihai EU,
 dziękujemy za przesłane informacje. Potwierdzamy, że Twoje konto jest już zgodne z wymaganiami obowiązującymi w następujących krajach:
 Polska
 Zadbaj o poprawność i aktualność informacji, które udostępniasz Amazon. W razie jakiejkolwiek zmiany danych musisz niezwłocznie zaktualizować informacje.
 Więcej informacji znajdziesz na stronie Informacje dotyczące podatku VAT w Europie .
 Pozdrawiamy
 Amazon Services
 Zgłoś problem z tym e-mailem
 Jeśli masz pytania, odwiedź stronę: Seller Central
 Aby zmienić preferencje poczty e-mail, odwiedź: Preferencje powiadomień
 Prawa autorskie 2026 Amazon, Inc. lub jej podmioty stowarzyszone. Wszelkie prawa zastrzeżone.
 Amazon EU S.a.r.l.
38 avenue John F. Kennedy
L-1855 Luksemburg,
spółka zarejestrowana w Luksemburgu pod nr. B-101818,
kapitał zakładowy: 165,833 EUR,
numer zezwolenia na prowadzenie działalności gospodarczej: 134248,
numer podatnika VAT w Luksemburgu: LU 20260743
 SPC-EUAmazon-1319415612854440",2026-06-14 22:59:23,RETR,xtbBsxVkSmoYWrX9PwAA3X
法务/侵权类,older,account_4,weihaizhongxin2024@126.com,"Thu, 28 May 2026 10:15:12 +0000",Amazon Europe <no-reply@sell.amazon.com>,最大化您的 Prime Day 业绩,,"最大化您的 Prime Day 业绩
尊敬的卖家，
为 2026 年 Prime Day做好准备 - 为数百万 Prime 会员打造不容错过的优惠！加入我们今年6月为期4天活动。通过提交促销，确保充足库存，提升曝光度以助力您冲刺最佳业绩！
关键日期
活动日期： 2026年6月 (具体日期待公布)
提报截止日期： 促销 – 2026 年 6 月 19 日，价格折扣 – 活动结束前 12 小时
FBA入仓截止日期：
欧盟 – 2026年5月27日，英国 – 2026年6月5日
提报您的促销 > https://go.amazonsellerservices.com/e/229492/reate-ld-DC-EM-D457326798-Wk22/7z3nnls/6683138369/h/zs8PLaqG4rp5HtFVSa20dLk013xk3m67Jid0v7_g_yE
<table align=""center"" border=""0"" cellpadding=""0"" cellspacing=""0"" class=""section"" role=""presentation"" style=""width:100%;"">
	<tbody>
		<tr>
			<td align=""center"">
			<div role=""none"">
<!--[if(mso)|(IE)]>
<table align=""center"" border=""0"" cellpadding=""0"" cellspacing=""0"" class=""block-grid-outlook"" style=""width:600px;"" width=""600"" >
<tr>
<td style=""line-height:0px;font-size:0px;mso-line-height-rule:exactly;""><![endif]-->
			<div style=""margin:0 auto;border-radius:0px;max-width:600px;"">
			<table align=""center"" border=""0"" cellpadding=""0"" cellspacing=""0"" role=""presentation"" style=""width:100%;border-radius:0px;"">
				<tbody>
					<tr>
						<td class=""block-grid"" style=""border-radius:0px;font-size:0px;padding:12px 0px 12px 0px;text-align:center;vertical-align:top;"">
<!--[if(mso)|(IE)]>
<table role=""presentati",2026-06-14 22:59:21,RETR,xtbBsxQT+GoYFbQUTAAA3H
法务/侵权类,older,account_4,weihaizhongxin2024@126.com,"Tue, 26 May 2026 12:22:30 +0000 (UTC)",TikTok Shop <tiktokshopseller@shop.tiktok.com>,借助这些高潜力商品加速你的业务成长,,"96
 借助这些高潜力商品加速你的业务成长
 ToyPuzzle
 ToyPuzzle，已有超 5 万名商家在使用“商品机会”提升销量。过去 30 天，你错失了一批热销商品，它们的销售潜力约为 TikTok Shop 其他商品的 3 倍（基于过去 30 天的销售数据）。我们为你精心定制了一份个性化商品清单，助你开启销售新机遇。
 为何要使用“商品机会”
 发现顾客正在主动搜索的热门商品。
 上架火爆热卖商品，助力你脱颖而出，增加曝光机会。
 解锁专属支持权益，帮助你更快打造热销商品。
 表现
 查看头部 10% 商家的表现，排名依据为“过去 30 天内通过‘商品机会’产生的销售额占总销售额的百分比”。
 月度平均指标
 发品总数
 613
 动销发品数
 327
 下单数
 20310
 店铺 GMV 贡献占比
 84.96
 为你推荐
 我们根据你的店铺类目，筛选了热门商品，助你快速提升销量。
 操作
 类型
 图片
 商品
 类目
 销量（过去 30 天）
 可上架商品数
 添加商品
 关键词
 gray stripe
 Stuffed Toys
 /
 0
 添加商品
 关键词
 plushie army
 Stuffed Toys
 /
 27
 添加商品
 关键词
 action figures
 Action & Toy Figures
 /
 883
 添加商品
 关键词
 tmnt fugglers
 Stuffed Toys
 /
 209
 添加商品
 关键词
 action figure
 Action & Toy Figures
 /
 493
 添加商品
 关键词
 halloween collection
 Stuffed Toys
 /
 24
 添加商品
 关键词
 cute capybara plush
 Stuffed Toys
 /
 150
 添加商品
 关键词
 cookie lover
 Stuffed Toys
 /
 24
 查看更多
 热销商品
 根据过去 30 天的销售数据，这些商品的成交概率是普通商品的 3 倍。
 操作
 图片
 商品
 类目
 添加商品
 4E&#39;s Novelty Inflatable Limbo Game for Kids Adults 62&#34; Luau Party Game, Indoor Outdoor Inflatable Lawn Yard Games, Summer Hawaiian Birthday Activity Carnival Game
 Floor Games
 添加商品
 Think Academy Learning Pad - Screen Free Tablet with Flash Cards Inserted to Learn Alph",2026-06-14 22:59:16,RETR,xtbBpAsmDGoVkIvBSAAA3o
法务/侵权类,older,account_4,weihaizhongxin2024@126.com,"Mon, 25 May 2026 17:10:44 +0000",Luana Camargo <notifications@insgly.net>,Worten Marketplace - Portugal y España,,"Hola Weihai EU,
Soy Luana Camargo, Business Developer en Worten worten.pt / worten.es , el mayor marketplace de Portugal.
Nuestro equipo de análisis ha señalado que una asociación con usted sería una gran oportunidad para ambos.
¿Estaría disponible para una reunión online esta semana?
Acerca de Worten - Somos el líder del mercado portugués:
- Nº 1 del comercio electrónico portugués
- Sitio web con mayor tráfico de Portugal (más de 10 millones de visitas al mes) - Ranking de mercado
- Más de 200 tiendas físicas en Portugal y España, proporcionando una oportunidad omnicanal
- Plataforma de gestión: Mirakl (se puede integrar manualmente o vía API)
- Sin costes iniciales - 6 meses
Estaré encantado de ayudarle si tiene alguna pregunta.
Muchas gracias,
Saludos Cordiales",2026-06-14 22:59:15,RETR,xtbBsxhmTGoUgpj8jQAA3U
法务/侵权类,older,account_4,weihaizhongxin2024@126.com,"Mon, 25 May 2026 08:12:17 +0000",Il team di Amazon Services <donotreply@amazon.com>,Nuova convalida dei numeri di spedizione attiva da oggi,,"96
 Aggiorniamo i parametri di convalida dei numeri di spedizione per le spedizioni con corrieri non affiliati, includendo controlli relativi alla lunghezza, al formato previsto del corriere e ai requisiti aggiuntivi relativi ai caratteri. Questo ci permetterà di elaborare il tuo inventario più velocemente.
 Buongiorno,
A partire da oggi, 25 maggio 2026, aggiorniamo i parametri di convalida del numero di spedizione per le spedizioni Invia ad Amazon effettuate con corrieri non affiliati. Questa modifica ci aiuterà a elaborare il tuo inventario più velocemente e a ridurre l'insorgere di eventuali problemi.
Il nostro flusso di creazione delle spedizioni Invia ad Amazon già verifica se i numeri di spedizione sono presenti, univoci o potenzialmente non validi. Ora controlleremo anche che la lunghezza sia corretta, che il formato del corriere sia quello previsto e ulteriori requisiti relativi ai caratteri. Questo avverrà automaticamente e non è richiesta alcuna azione da parte tua.
Disporre di informazioni di spedizione valide ci aiuta a pianificare meglio il tuo inventario, ridurre i ritardi e rendere l'inventario in transito disponibile per la vendita più velocemente. Inoltre, ciò ti o",2026-06-14 22:59:14,RETR,xtbBpQW5n2oUBGU4cgAA3T
法务/侵权类,older,account_4,weihaizhongxin2024@126.com,"Mon, 25 May 2026 07:52:06 +0000",Amazon Services Europe <donotreply@amazon.com>,Disponible desde hoy la nueva validación del número de seguimiento,,"96
 Hemos añadido parámetros de validación del número de seguimiento en los envíos con transportistas no asociados para comprobar la longitud, formato previsto del transportista y requisitos de caracteres adicionales y así procesar tu inventario más rápido.
 Hola:
Con entrada en vigor hoy, 25 de mayo de 2026, vamos a actualizar los parámetros de validación del número de seguimiento de los envíos de Enviar a Amazon que utilicen transportistas no asociados. Este cambio nos ayudará a procesar tu inventario más rápido y a reducir los defectos.
El proceso de creación de envíos de Enviar a Amazon ya verifica si hay números de seguimiento, si son únicos o si no son válidos. También comprobaremos que la longitud sea correcta, formato previsto del transportista y requisitos de caracteres adicionales. Esto ocurrirá automáticamente y no es necesario que hagas nada.
Una información de seguimiento válida nos ayuda a planificar tu inventario, a reducir retrasos y a que tu inventario en tránsito esté disponible para la venta antes. También te permite ver cada paso de recepción. Sin información de seguimiento válida, no podemos proporcionar actualizaciones sobre el estado de entrega de tu envío.
P",2026-06-14 22:59:14,RETR,xtbBsgmJb2oT-6kQnAAA3+
法务/侵权类,older,account_4,weihaizhongxin2024@126.com,"Fri, 22 May 2026 17:10:56 +0000",Luana Camargo <notifications@insgly.net>,Worten Marketplace - Portugal y España,,"¡Buenos días!
Espero que te encuentres bien.
Mi nombre es Luana Camargo y soy Business Developer en WORTEN Portugal y España, parte de Sonae, uno de los más grandes grupos empresariales en Portugal.
Te envío este mensaje porque nos gustaría hacer una colaboración entre Weihai EU y el Marketplace de Worten.
Sobre Worten.
Somos líderes en el mercado portugués, con 200 tiendas alcanzamos más de 1.2 billones de euros en ventas, de los cuales el 20% vienen del online.
En Portugal, Worten.pt es el sitio de comercio electrónico más visitado y con mejor desempeño, recibimos más visitas que los principales marketplaces del mundo, los que consideramos nuestra competencia. En compras online, el sitio web de Worten tiene el mayor tráfico de Portugal, más de 10 millones de visitas al mes.
Es en www.worten.pt y www.worten.es donde puedes mirar nuestro Marketplace.
Con más de 30 categorías, el Marketplace de Worten quiere ser la plataforma donde los clientes pueden encontrar todo lo que necesitan.
Con la gran demanda que sentimos, tenemos la oportunidad de aumentar nuestra gama de productos, ¡y trabajar con las mejores empresas es nuestra prioridad !
Worten Marketplace tiene una estrategia B2C, c",2026-06-14 22:59:10,RETR,xtbBpARLMWoQjiQ4ggAA3w
法务/侵权类,older,account_4,weihaizhongxin2024@126.com,"Fri, 22 May 2026 08:56:06 +0000",Amazon Europe <no-reply@sell.amazon.com>,5月27日前入库助力Prime Day成功,,"最大化您的 Prime Day 业绩
尊敬的卖家，
为 2026 年 Prime Day做好准备 - 为数百万 Prime 会员打造不容错过的优惠！加入我们今年6月为期4天活动。通过提交促销，确保充足库存，提升曝光度以助力您冲刺最佳业绩！
关键日期
活动日期： 2026年6月 (具体日期待公布)
提报截止日期： 促销 – 2026 年 6 月 19 日，价格折扣 – 活动结束前 12 小时
FBA入仓截止日期：
欧盟 – 2026年5月27日，英国 – 2026年6月5日
提报您的促销 > https://go.amazonsellerservices.com/e/229492/reate-ld-DC-EM-D451714557-Wk21/7z3lbns/6671284268/h/XO6xqRB5QnJNOodb_HFNC6CACLL4FfjduGcHIOFlsI4
<table align=""center"" border=""0"" cellpadding=""0"" cellspacing=""0"" class=""section"" role=""presentation"" style=""width:100%;"">
	<tbody>
		<tr>
			<td align=""center"">
			<div role=""none"">
<!--[if(mso)|(IE)]>
<table align=""center"" border=""0"" cellpadding=""0"" cellspacing=""0"" class=""block-grid-outlook"" style=""width:600px;"" width=""600"" >
<tr>
<td style=""line-height:0px;font-size:0px;mso-line-height-rule:exactly;""><![endif]-->
			<div style=""margin:0 auto;border-radius:0px;max-width:600px;"">
			<table align=""center"" border=""0"" cellpadding=""0"" cellspacing=""0"" role=""presentation"" style=""width:100%;border-radius:0px;"">
				<tbody>
					<tr>
						<td class=""block-grid"" style=""border-radius:0px;font-size:0px;padding:12px 0px 12px 0px;text-align:center;vertical-align:top;"">
<!--[if(mso)|(IE)]>
<table role=""presentati",2026-06-14 22:59:09,RETR,xtbBpAovFWoQGipiawAA3X
法务/侵权类,older,account_4,weihaizhongxin2024@126.com,"Thu, 21 May 2026 14:06:09 +0000",Amazon Seller Newsletter <donotreply@amazon.com>,Seller News: May 2026,,"Amazon Services
 96
 Updates to Supply Chain by Amazon, shipment of dangerous goods, Global Warehousing, Seller Assistant, and more.
 Our Seller Newsletter provides the most important policy, tool, and program updates from the past month. Stay informed about selling on Amazon.
 Supply Chain by Amazon is evolving into Amazon Supply Chain Services
 We're extending our full portfolio of freight, distribution, fulfillment, and parcel shipping solutions to businesses of all types and sizes, including those that operate beyond our store. Read more .
 You can ship dangerous goods with our Partnered Carrier program
 As of April 30, 2026, dangerous goods, or hazmat, can be shipped domestically in the US through our Partner Carrier program. Previously, the Partner Carrier program only allowed certain lithium battery products to be shipped. Now the program is expanding to all FBA-eligible dangerous goods. Read more .
 Global Warehousing & Distribution is now available in Shenzhen, China
 You can now store your inventory in bulk at a lower cost in our new Global Warehousing & Distribution (GWD) facility in Shenzhen, China, and seamlessly replenish to our US fulfillment network when needed. Rea",2026-06-14 22:59:05,RETR,xtbBsxS3nWoPEVRgVQAA3Y
法务/侵权类,older,account_4,weihaizhongxin2024@126.com,"Thu, 21 May 2026 13:00:10 +0000",Amazon Europe <donotreply@amazon.com>,Seller News: May 2026,,"Amazon Services
 96
 Find out about the latest updates to VAT Calculation and more.
 Our Seller Newsletter provides the most important policy, tool and programme updates from the past month.
 VAT Calculation Services will calculate VAT by shipment as of June 1
 Effective from June 1, 2026, we’re updating Value Added Tax (VAT) Calculation Services (VCS) to comply with European e-invoicing mandates. Read more .
 Amazon Multi-Channel Fulfilment Shopify app is live in Europe, Japan and Canada
 Our Multi-Channel Fulfilment (MCF) Shopify app is now also available to sellers in Germany, France, Italy, Spain, Japan and Canada to fulfil your Shopify orders using your existing Amazon inventory. By using a single pool of Amazon inventory across all your sales channels, you can simplify operations without investing in additional fulfilment infrastructure. Read more .
 Check review sharing eligibility with Seller Assistant
 On January 7, 2026, we announced that reviews will only be shared between product variations with minor differences that don’t affect functionality, such as colour, pattern or pack quantity. To provide you with more clarity on how this policy update applies to your products,",2026-06-14 22:59:05,RETR,xtbBpBzVu2oPAdxIwwAA3l
法务/侵权类,older,account_4,weihaizhongxin2024@126.com,"Thu, 21 May 2026 10:15:46 +0000",Amazon Europe <noreply@sell.amazon.com>,借助 Climate Pledge Friendly 推动业务增长,,"借助 Climate Pledge Friendly 推动业务增长
尊敬的卖家，
参与亚马逊 Climate Pledge Friendly 计划的商品，在获得资格后的第一年内，平均可实现超过 12% 的销售增长和 10% 的商品页面浏览量提升*。
我们诚邀您加入 Climate Pledge Friendly（CPF），提升您更具可持续性的商品曝光度，同时助力业务增长。
拥有认可的[可持续发展认证](https://go.amazonsellerservices.com/e/229492/50091915-Wk21-node-21221608011/7z3kx79/6669441179/h/SqSjcPLXswhALw7QU_Mu3JDkctMZvoMC0Tu5pqd9EiI)的商品，有机会获得 Climate Pledge Friendly 标识，从而在消费者中脱颖而出。
[立即开始](https://go.amazonsellerservices.com/e/229492/915-Wk21-mons-sel-locale-zh-CN/7z3kx7d/6669441179/h/SqSjcPLXswhALw7QU_Mu3JDkctMZvoMC0Tu5pqd9EiI)
[CPF banner](https://go.amazonsellerservices.com/e/229492/915-Wk21-mons-sel-locale-zh-CN/7z3kx7d/6669441179/h/SqSjcPLXswhALw7QU_Mu3JDkctMZvoMC0Tu5pqd9EiI)
优先审核的 ASIN
这些商品选自您的商品目录，可能是获得 Climate Pledge Friendly 认证的潜在候选。
<div style=""padding: 0 20px; ""><table style=""width:100%; border-collapse:collapse; text-align:center; font-family:Amazon Ember Display, Arial, sans-serif; border:2px solid #868D95; border-radius:10px 10px 0 0; overflow:hidden; ""><thead><tr style=""background-color:#dfdad5;""><th style=""padding:10px; border-right:2px solid #868D95; font-size:14px; letter-spacing:none; line-height:1.2; text-align:center; mso-line-height-alt:1.063em; color:",2026-06-14 22:59:04,RETR,xtbBsxQqEGoO21TmTQAA3d
法务/侵权类,older,account_4,weihaizhongxin2024@126.com,"Wed, 20 May 2026 15:00:47 +0000",Amazon Services <donotreply@amazon.com>,Votre paiement est en cours,,"96
This title will display on mobile devices
 Félicitations ! Votre paiement est en cours et arrivera sous peu.
 Tentative de versement
Félicitations, Weihai EU ! Votre paiement est en cours et arrivera sous trois à cinq jours.
Le 05/20/26 15:00 CEST, nous avons effectué un virement d’un montant de €
 176.44 sur le compte lié à votre méthode de paiement (compte bancaire se terminant par 229).
 Si le montant est inférieur au montant auquel vous vous attendiez, voici quelques questions à vous poser :
 Disposez-vous d’un solde de fonds non disponibles ? Amazon peut réserver des fonds afin de couvrir des retours, des réclamations ou des rétrofacturations potentiels des acheteurs. Si tel est le cas, le solde de fin de période de votre rapport sur les paiements affichera le solde des fonds non disponibles réservé.
 Vos ventes couvraient-elles l’ensemble des frais et des retours pour cette période de règlements ? Le montant du paiement reflète votre activité commerciale, les frais de vente et les frais relatifs aux promotions et aux services. Nous vous recommandons de consulter votre rapport sur les paiements sous l’onglet Rapports de Seller Central pour comprendre votre solde de fin de p",2026-06-14 22:59:03,RETR,xtbBpAM5H2oNzKPVxwAA3b
法务/侵权类,older,account_4,weihaizhongxin2024@126.com,"Wed, 20 May 2026 13:54:37 +0000",Amazon Services <donotreply@amazon.com>,Pagamento elaborato con successo,,"96
This title will display on mobile devices
 Congratulazioni. Il pagamento è stato elaborato con successo e ti sarà accreditato a breve.
 Tentativo di pagamento
Congratulazioni Weihai EU! Il pagamento è stato elaborato con successo e ti sarà accreditato nel giro di da tre a cinque giorni.
In data 05/20/26 13:54 CEST, abbiamo avviato un trasferimento sul tuo metodo di pagamento (conto bancario che termina con 229) dell’importo di €
 223,62.
 Se l’importo è inferiore a quanto atteso, tieni in considerazione le seguenti domande:
 Hai un saldo non disponibile? Amazon potrebbe trattenere una certa somma per coprire i costi di eventuali resi, reclami o contestazioni di una transazione (chargeback) da parte degli acquirenti. In questo caso, il saldo finale nel tuo report sui pagamenti mostrerà il saldo non disponibile corrispondente alla cifra trattenuta.
 Le tue vendite coprono tutte le commissioni e i resi per questo ciclo di fatturazione? L’importo del pagamento rispecchia le attività di vendita, le commissioni di vendita e le tariffe per promozioni o servizi. Ti consigliamo di rivedere il report sui pagamenti nella scheda Report di Seller Central per comprendere le diverse spese che ",2026-06-14 22:59:03,RETR,xtbBswBVO2oNvSCUmQAA3q
法务/侵权类,older,account_4,weihaizhongxin2024@126.com,"Tue, 19 May 2026 17:10:53 +0000",Luana Camargo <notifications@insgly.net>,Worten Marketplace - Portugal y España,,"Hola Weihai EU,
Soy Luana Camargo, Business Developer en Worten worten.pt / worten.es , el mayor marketplace de Portugal.
Nuestro equipo de análisis ha señalado que una asociación con usted sería una gran oportunidad para ambos.
¿Estaría disponible para una reunión online esta semana?
Acerca de Worten - Somos el líder del mercado portugués:
- Nº 1 del comercio electrónico portugués
- Sitio web con mayor tráfico de Portugal (más de 10 millones de visitas al mes) - Ranking de mercado
- Más de 200 tiendas físicas en Portugal y España, proporcionando una oportunidad omnicanal
- Plataforma de gestión: Mirakl (se puede integrar manualmente o vía API)
- Sin costes iniciales - 6 meses
Estaré encantado de ayudarle si tiene alguna pregunta.
Muchas gracias,
Saludos Cordiales",2026-06-14 22:58:57,RETR,xtbBpQEsEmoMmaFirwAA3J
法务/侵权类,older,account_4,weihaizhongxin2024@126.com,"Tue, 19 May 2026 15:55:42 +0000",Amazon Europe <noreply@sell.amazon.com>,Ship Smarter: Get 3 FREE Brokerage Fees: Limited Time C2S2 Offer 🚀,,"[Amazon logo](https://go.amazonsellerservices.com/e/229492/-logo/7z3hy11/6664114770/h/cIM7P1R6ABFsNRmzeIU2ASpTCxzOevVrUjDi2lts12A)
Ship Cross-Border & Save Big. Get Started with C2S2 Today.
Dear Selling Partner,
Great news! For a limited time, we're supercharging our Customs Clearance and Shipping Services (C2S2) sign-up offer to help you move your inventory between the UK and EU. Getting set up with C2S2 now helps you stay ahead of upcoming EU customs reforms that will introduce new duties and fees on cross-border shipments. C2S2's per-shipment pricing model helps you manage these rising costs and with this limited-time offer, you'll also save on your first 3 shipments.
Your Enhanced Sign-Up Offer
From May 1 to July 31, 2026, eligible sellers who have not yet shipped with C2S2 can receive:
- 3 FREE shipment brokerage fees (triple the standard offer)
- 1st year Indirect Representation (IR) FREE (€200 value)
That's up to €380 in savings on shipping with AVASK or €740 in savings on shipping with RXO, supporting both Small Parcel Delivery (SPD) and Less than Truckload (LTL) pallet solutions.
How to Get Started
- New to Amazon Cross-Border Shipping?
Sign up now and claim your 3 FREE br",2026-06-14 22:58:57,RETR,xtbBswO-pWoMiANo2QAA32
法务/侵权类,older,account_4,weihaizhongxin2024@126.com,"Tue, 19 May 2026 06:33:16 +0000",The Fulfillment by Amazon team <donotreply@amazon.com>,Act today & improve Sales on Excess Inventory,,"96
This title will display on mobile devices
 Optional preview text
 Hello,
We noticed you have a number of ASIN(s) that have excess levels of inventory. We are reaching out to inform you about multiple options to improve your Unit Sales on your aged and/or excess inventory in Amazon Fulfillment Centers. Our goal is to help you increase the sales on this excess inventory:
X004QEYPRL, X004QEVV05
We encourage you to take Amazon recommended actions such as Create Outlet deals, Sponsor Products Ad, to improve sell through of this excess inventory and potentially reduce your chances of incurring aged inventory fee.
 Outlet deals
 Amazon Outlet is a great place for customers to shop for overstock deals, which offers a selection of items, such as electronics, toys, beauty, and kitchen.
 Create Outlet Deal Today!
 Sponsored Product Ads
 Sponsored Products is a cost-per-click advertising solution that provides advertisers with a foundation of controls and visibility to help get their individual products discovered, and help generate sales from traffic sources in the Amazon store and on select premium apps and websites.
 Create Sponsored Products Ad Today!
We encourage you to view and execut",2026-06-14 22:58:55,RETR,xtbBpBCqkGoMBDAP+wAA3o
法务/侵权类,older,account_4,weihaizhongxin2024@126.com,"Sun, 17 May 2026 08:48:46 +0000",Amazon Services <donotreply@amazon.com>,Pagamento elaborato con successo,,"96
This title will display on mobile devices
 Congratulazioni. Il pagamento è stato elaborato con successo e ti sarà accreditato a breve.
 Tentativo di pagamento
Congratulazioni Weihai EU! Il pagamento è stato elaborato con successo e ti sarà accreditato nel giro di da tre a cinque giorni.
In data 05/17/26 08:48 CEST, abbiamo avviato un trasferimento sul tuo metodo di pagamento (conto bancario che termina con 229) dell’importo di €
 386,80.
 Se l’importo è inferiore a quanto atteso, tieni in considerazione le seguenti domande:
 Hai un saldo non disponibile? Amazon potrebbe trattenere una certa somma per coprire i costi di eventuali resi, reclami o contestazioni di una transazione (chargeback) da parte degli acquirenti. In questo caso, il saldo finale nel tuo report sui pagamenti mostrerà il saldo non disponibile corrispondente alla cifra trattenuta.
 Le tue vendite coprono tutte le commissioni e i resi per questo ciclo di fatturazione? L’importo del pagamento rispecchia le attività di vendita, le commissioni di vendita e le tariffe per promozioni o servizi. Ti consigliamo di rivedere il report sui pagamenti nella scheda Report di Seller Central per comprendere le diverse spese che ",2026-06-14 22:58:49,RETR,xtbBshE5H2oJgPHfuQAA3x
法务/侵权类,older,account_4,weihaizhongxin2024@126.com,"Sun, 17 May 2026 05:21:00 +0000","""Amazon.co.uk"" <store-news@amazon.co.uk>","Swimming Training Belt, 2.5-7.5M Adjustable Swimming Resistance
 Bands is still in your basket",,"https://www.amazon.co.uk/gp/cart/view.html?ref_=cor
Schwimmgurt für Pool, Schwimmhilfe Erwachsene Pool, Schwimmgurt Pool Erwachsene, Schwimmwiderstand Gürtel mit 2.5-7.5M Einstellbare Schwimmseil für Jedes Schwimmbad Ohne Gegenstromanlage
 £17.46
https://www.amazon.co.uk/gp/product/B0DRCF83VZ/?ref_=
View your basket
https://www.amazon.co.uk/gp/cart/view.html?ref_=cor
Manage your preferences https://www.amazon.co.uk/gp/cpc/homepage?ref_=pe_ob_ftr_comm_prfs
Unsubscribe https://www.amazon.co.uk/gp/gss/o/1.pmxVEqsT3gXrFh88fSyuCe6DI9uiuU4C0KKMhooAImAzSBJB.D2l6BmGyrhR2QU
Amazon.co.uk is a trading name for Amazon EU Sarl, for Amazon Europe Core Sarl, and for Amazon Media EU Sarl, all of which have their registered office at 38 avenue John F. Kennedy, L-1855 Luxembourg. ©2026 Amazon.com, Inc. or its affiliates. Amazon and all related marks are trademarks of Amazon.com, Inc. or its affiliates. Shipping costs may apply. The price and availability displayed on amazon.co.uk at the time of purchase will apply to your purchase. Ref: 1253060271.
Privacy Notice https://www.amazon.co.uk/gp/help/customer/display.html?nodeId=201909010
Amazon.co.uk",2026-06-14 22:58:47,RETR,xtbBsgAB5moJUEAMeAAA3S
法务/侵权类,older,account_4,weihaizhongxin2024@126.com,"Sat, 16 May 2026 17:10:29 +0000",Luana Camargo <notifications@insgly.net>,Worten Marketplace - Portugal y España,,"¡Buenos días!
Espero que te encuentres bien.
Mi nombre es Luana Camargo y soy Business Developer en WORTEN Portugal y España, parte de Sonae, uno de los más grandes grupos empresariales en Portugal.
Te envío este mensaje porque nos gustaría hacer una colaboración entre Weihai EU y el Marketplace de Worten.
Sobre Worten.
Somos líderes en el mercado portugués, con 200 tiendas alcanzamos más de 1.2 billones de euros en ventas, de los cuales el 20% vienen del online.
En Portugal, Worten.pt es el sitio de comercio electrónico más visitado y con mejor desempeño, recibimos más visitas que los principales marketplaces del mundo, los que consideramos nuestra competencia. En compras online, el sitio web de Worten tiene el mayor tráfico de Portugal, más de 10 millones de visitas al mes.
Es en www.worten.pt y www.worten.es donde puedes mirar nuestro Marketplace.
Con más de 30 categorías, el Marketplace de Worten quiere ser la plataforma donde los clientes pueden encontrar todo lo que necesitan.
Con la gran demanda que sentimos, tenemos la oportunidad de aumentar nuestra gama de productos, ¡y trabajar con las mejores empresas es nuestra prioridad !
Worten Marketplace tiene una estrategia B2C, c",2026-06-14 22:58:47,RETR,xtbBswkI7WoIpQnKwgAA3Z
货件/库存类,older,account_4,weihaizhongxin2024@126.com,"Sat, 6 Jun 2026 04:38:11 +0000",Fulfilment by Amazon <donotreply@amazon.com>,Disposal order created for unsellable FBA inventory,,"96
Automated Removals of Unfulfillable Inventory
 Final notice: Disposal order for your unfulfillable FBA inventory
 Final notice: Disposal order for your unfulfillable FBA inventory
 Hello,
You have unfulfillable inventory that has been in a fulfilment centre for more than 14 days. We have created a disposal order for these items.
 Why is this happening?
This action is required because these unfulfillable items have remained in our fulfilment centres for more than 14 days after notification. According to our FBA Required Removals policy, cancelling a required removal order is not permitted. To learn more, visit our FBA Required Removals policy .
 Removal order ID:
- JKfyD/ypoS
 Unsellable Products:
- FNSKU: B0DRC8LPGS Quantity: 1
- FNSKU: X002A05YW5 Quantity: 2
 For more information about the disposal order process, see Remove inventory from a fulfilment centre .
 To monitor your unfulfillable inventory, see the Manage FBA Inventory for total unsellable quantities or the Recommended Removal report for unsellable and aged inventory details.
 The Fulfilment by Amazon Team
 Report an issue with this email
 If you have any questions visit: Seller Central
 To change your email preferen",2026-06-14 22:59:59,RETR,xtbBpBaZf2ojpDbZJwAA3x
货件/库存类,older,account_4,weihaizhongxin2024@126.com,"Sat, 6 Jun 2026 03:47:37 +0000",Fulfilment by Amazon <donotreply@amazon.com>,Create FBA removal order by 2026-06-18,,"96
Automated removals of unfulfillable inventory
 Required removals: First notification
 Required removals: First notification
 Hello,
Your FBA inventory listed below became unsellable in the past seven days. You must create a removal order by 2026-06-18 or these items will be disposed of. Removal fees will apply. Review the affected items and next steps below.
Unsellable products:
- FNSKU: B0DRC8LPGS Quantity: 1
- FNSKU: B0DRCB74YN Quantity: 3
- FNSKU: B0DRCF83VZ Quantity: 2
- FNSKU: X002A05YW5 Quantity: 2
 Why is this happening?
This action is required because these items are no longer in sellable condition in our fulfilment centres. According to our FBA Required Removals policy, all unsuitable units must be removed within 14 days of notification. To learn more, go to our FBA Required Removals policy .
We leveraged a combination of automated means to identify this issue and make this decision.
 How do I address this?
Follow these steps to manage your unsellable inventory:
- Check your complete list and quantity of unsellable items in the Manage FBA inventory .
- Create a removal order (removal fees apply) by following the instructions in Remove inventory overview .
 To avoid futu",2026-06-14 22:59:58,RETR,xtbBsxyghmojmFwvMgAA3Z
货件/库存类,older,account_4,weihaizhongxin2024@126.com,"Sun, 31 May 2026 20:10:01 +0000",Fulfilment by Amazon Operations <fba-noreply@amazon.lu>,Your Amazon-Fulfilled Inventory,,"Dear Seller,
We recently notified you about the removal of your listing(s) for the product(s) listed below due to a safety recall.
You were required to submit a removal request for the ASIN(s) referenced below to have your inventory sent to a location of your choice within 30 days of the notification sent on 30/04/2026. Since no removal order was submitted since the notification was sent, we have submitted a disposal order for this inventory in accordance with our FBA policies.
For more information regarding the removal of your product(s), see the notification e-mail you received from our Seller Performance Team. If you have any further questions, please contact our Seller Support .
Thank you for your attention to this matter.
Yours faithfully,
Fulfilment by Amazon Team
Please note: this e-mail was sent from a notification-only address that cannot accept incoming e-mail. Please do not reply to this message.
Affected Product(s):
B0FPC87B1W
 SPC-EUAmazon-1548114031558799",2026-06-14 22:59:38,RETR,xtbBpBotE2oclZoP7QAA3b
货件/库存类,older,account_4,weihaizhongxin2024@126.com,"Sat, 30 May 2026 04:57:03 +0000",Fulfilment by Amazon <donotreply@amazon.com>,Create FBA removal order by 2026-06-11,,"96
Automated removals of unfulfillable inventory
 Required removals: First notification
 Required removals: First notification
 Hello,
Your FBA inventory listed below became unsellable in the past seven days. You must create a removal order by 2026-06-11 or these items will be disposed of. Removal fees will apply. Review the affected items and next steps below.
Unsellable products:
- FNSKU: B0DRCB74YN Quantity: 2
- FNSKU: B0DRCF83VZ Quantity: 1
- FNSKU: X002A05YW5 Quantity: 2
 Why is this happening?
This action is required because these items are no longer in sellable condition in our fulfilment centres. According to our FBA Required Removals policy, all unsuitable units must be removed within 14 days of notification. To learn more, go to our FBA Required Removals policy .
We leveraged a combination of automated means to identify this issue and make this decision.
 How do I address this?
Follow these steps to manage your unsellable inventory:
- Check your complete list and quantity of unsellable items in the Manage FBA inventory .
- Create a removal order (removal fees apply) by following the instructions in Remove inventory overview .
 To avoid future manual inventory removal orde",2026-06-14 22:59:33,RETR,xtbBpALEqmoabiLJWAAA3l
货件/库存类,older,account_4,weihaizhongxin2024@126.com,"Sat, 30 May 2026 03:41:21 +0000",Fulfilment by Amazon <donotreply@amazon.com>,Disposal order created for unsellable FBA inventory,,"96
Automated Removals of Unfulfillable Inventory
 Final notice: Disposal order for your unfulfillable FBA inventory
 Final notice: Disposal order for your unfulfillable FBA inventory
 Hello,
You have unfulfillable inventory that has been in a fulfilment centre for more than 14 days. We have created a disposal order for these items.
 Why is this happening?
This action is required because these unfulfillable items have remained in our fulfilment centres for more than 14 days after notification. According to our FBA Required Removals policy, cancelling a required removal order is not permitted. To learn more, visit our FBA Required Removals policy .
 Removal order ID:
- wrlLFrQcT3
 Unsellable Products:
- FNSKU: B0DRCB74YN Quantity: 1
- FNSKU: X002A05YW5 Quantity: 1
 For more information about the disposal order process, see Remove inventory from a fulfilment centre .
 To monitor your unfulfillable inventory, see the Manage FBA Inventory for total unsellable quantities or the Recommended Removal report for unsellable and aged inventory details.
 The Fulfilment by Amazon Team
 Report an issue with this email
 If you have any questions visit: Seller Central
 To change your email preferen",2026-06-14 22:59:33,RETR,xtbBpAVRN2oaXGUzBgAA37
货件/库存类,older,account_4,weihaizhongxin2024@126.com,"Sat, 30 May 2026 03:00:56 +0000",Fulfilment by Amazon <donotreply@amazon.com>,Disposal order created for unsellable FBA inventory,,"96
Automated Removals of Unfulfillable Inventory
 Final notice: Disposal order for your unfulfillable FBA inventory
 Final notice: Disposal order for your unfulfillable FBA inventory
 Hello,
You have unfulfillable inventory that has been in a fulfilment centre for more than 14 days. We have created a disposal order for these items.
 Why is this happening?
This action is required because these unfulfillable items have remained in our fulfilment centres for more than 14 days after notification. According to our FBA Required Removals policy, cancelling a required removal order is not permitted. To learn more, visit our FBA Required Removals policy .
 Removal order ID:
- okvedC6bat
 Unsellable Products:
- FNSKU: X0022EYL2D Quantity: 1
 For more information about the disposal order process, see Remove inventory from a fulfilment centre .
 To monitor your unfulfillable inventory, see the Manage FBA Inventory for total unsellable quantities or the Recommended Removal report for unsellable and aged inventory details.
 The Fulfilment by Amazon Team
 Report an issue with this email
 If you have any questions visit: Seller Central
 To change your email preferences visit: Notification Preferen",2026-06-14 22:59:32,RETR,xtbBpAvv1WoaUuveSgAA3I
货件/库存类,older,account_4,weihaizhongxin2024@126.com,"Sat, 23 May 2026 04:06:08 +0000",Fulfilment by Amazon <donotreply@amazon.com>,Create FBA removal order by 2026-06-04,,"96
Automated removals of unfulfillable inventory
 Required removals: First notification
 Required removals: First notification
 Hello,
Your FBA inventory listed below became unsellable in the past seven days. You must create a removal order by 2026-06-04 or these items will be disposed of. Removal fees will apply. Review the affected items and next steps below.
Unsellable products:
- FNSKU: B0DRC8LPGS Quantity: 1
- FNSKU: B0DRCF83VZ Quantity: 3
- FNSKU: X002A05YW5 Quantity: 3
 Why is this happening?
This action is required because these items are no longer in sellable condition in our fulfilment centres. According to our FBA Required Removals policy, all unsuitable units must be removed within 14 days of notification. To learn more, go to our FBA Required Removals policy .
We leveraged a combination of automated means to identify this issue and make this decision.
 How do I address this?
Follow these steps to manage your unsellable inventory:
- Check your complete list and quantity of unsellable items in the Manage FBA inventory .
- Create a removal order (removal fees apply) by following the instructions in Remove inventory overview .
 To avoid future manual inventory removal orde",2026-06-14 22:59:11,RETR,xtbBpRTVu2oRJ7Rz8AAA30
货件/库存类,older,account_4,weihaizhongxin2024@126.com,"Sat, 23 May 2026 03:17:21 +0000",Fulfilment by Amazon <donotreply@amazon.com>,Disposal order created for unsellable FBA inventory,,"96
Automated Removals of Unfulfillable Inventory
 Final notice: Disposal order for your unfulfillable FBA inventory
 Final notice: Disposal order for your unfulfillable FBA inventory
 Hello,
You have unfulfillable inventory that has been in a fulfilment centre for more than 14 days. We have created a disposal order for these items.
 Why is this happening?
This action is required because these unfulfillable items have remained in our fulfilment centres for more than 14 days after notification. According to our FBA Required Removals policy, cancelling a required removal order is not permitted. To learn more, visit our FBA Required Removals policy .
 Removal order ID:
- Iot4D83CtY
 Unsellable Products:
- FNSKU: B0DRCC2H56 Quantity: 1
- FNSKU: X002A05YW5 Quantity: 1
 For more information about the disposal order process, see Remove inventory from a fulfilment centre .
 To monitor your unfulfillable inventory, see the Manage FBA Inventory for total unsellable quantities or the Recommended Removal report for unsellable and aged inventory details.
 The Fulfilment by Amazon Team
 Report an issue with this email
 If you have any questions visit: Seller Central
 To change your email preferen",2026-06-14 22:59:11,RETR,xtbBswL122oRHELoyAAA3a
货件/库存类,older,account_4,weihaizhongxin2024@126.com,"Sat, 16 May 2026 04:51:55 +0000",Fulfilment by Amazon <donotreply@amazon.com>,Create FBA removal order by 2026-05-28,,"96
Automated removals of unfulfillable inventory
 Required removals: First notification
 Required removals: First notification
 Hello,
Your FBA inventory listed below became unsellable in the past seven days. You must create a removal order by 2026-05-28 or these items will be disposed of. Removal fees will apply. Review the affected items and next steps below.
Unsellable products:
- FNSKU: B0DRC8LPGS Quantity: 1
- FNSKU: B0DRCB74YN Quantity: 1
- FNSKU: B0DRCF83VZ Quantity: 2
- FNSKU: X002A05YW5 Quantity: 1
 Why is this happening?
This action is required because these items are no longer in sellable condition in our fulfilment centres. According to our FBA Required Removals policy, all unsuitable units must be removed within 14 days of notification. To learn more, go to our FBA Required Removals policy .
We leveraged a combination of automated means to identify this issue and make this decision.
 How do I address this?
Follow these steps to manage your unsellable inventory:
- Check your complete list and quantity of unsellable items in the Manage FBA inventory .
- Create a removal order (removal fees apply) by following the instructions in Remove inventory overview .
 To avoid futu",2026-06-14 22:58:46,RETR,xtbBsw+Ve2oH9+-JywAA3l
货件/库存类,older,account_4,weihaizhongxin2024@126.com,"Sat, 16 May 2026 03:58:34 +0000",Fulfilment by Amazon <donotreply@amazon.com>,Create FBA removal order by 2026-05-28,,"96
Automated removals of unfulfillable inventory
 Required removals: First notification
 Required removals: First notification
 Hello,
Your FBA inventory listed below became unsellable in the past seven days. You must create a removal order by 2026-05-28 or these items will be disposed of. Removal fees will apply. Review the affected items and next steps below.
Unsellable products:
- FNSKU: X0022EYL2D Quantity: 1
 Why is this happening?
This action is required because these items are no longer in sellable condition in our fulfilment centres. According to our FBA Required Removals policy, all unsuitable units must be removed within 14 days of notification. To learn more, go to our FBA Required Removals policy .
We leveraged a combination of automated means to identify this issue and make this decision.
 How do I address this?
Follow these steps to manage your unsellable inventory:
- Check your complete list and quantity of unsellable items in the Manage FBA inventory .
- Create a removal order (removal fees apply) by following the instructions in Remove inventory overview .
 To avoid future manual inventory removal orders, set up Automated Unfulfillable Removals function in your FBA",2026-06-14 22:58:45,RETR,xtbBpQ5yWGoH626JcAAA3Q
货件/库存类,older,account_4,weihaizhongxin2024@126.com,"Sat, 16 May 2026 03:50:26 +0000",Fulfilment by Amazon <donotreply@amazon.com>,Disposal order created for unsellable FBA inventory,,"96
Automated Removals of Unfulfillable Inventory
 Final notice: Disposal order for your unfulfillable FBA inventory
 Final notice: Disposal order for your unfulfillable FBA inventory
 Hello,
You have unfulfillable inventory that has been in a fulfilment centre for more than 14 days. We have created a disposal order for these items.
 Why is this happening?
This action is required because these unfulfillable items have remained in our fulfilment centres for more than 14 days after notification. According to our FBA Required Removals policy, cancelling a required removal order is not permitted. To learn more, visit our FBA Required Removals policy .
 Removal order ID:
- HEAoKwMmcW
 Unsellable Products:
- FNSKU: X002A05YW5 Quantity: 1
 For more information about the disposal order process, see Remove inventory from a fulfilment centre .
 To monitor your unfulfillable inventory, see the Manage FBA Inventory for total unsellable quantities or the Recommended Removal report for unsellable and aged inventory details.
 The Fulfilment by Amazon Team
 Report an issue with this email
 If you have any questions visit: Seller Central
 To change your email preferences visit: Notification Preferen",2026-06-14 22:58:45,RETR,xtbBpQX33WoH6YV2EgAA3v
其他风险类,older,account_4,weihaizhongxin2024@126.com,"Sun, 7 Jun 2026 07:30:07 +0000",transparency-queue <transparency-queue@amazon.com>,成功进行 OPR 评估所需采取的措施,,"尊敬的Transparency(透明计划)客户：
您好！感谢您在Transparency(透明计划)中注册您的商品。
下表中列出的商品在运营表现评估(OPR)期间贴标表现较差，或在过去的90天内发货数量不足，或代码请求数量为零。我们需要了解您已采取的措施，以进行OPR评估，评估因素可能包括下一批货件的预计发送日期以及Transparency透明计划代码的使用状态，或为防止错误贴标而采取的措施等。
请在接下来的14天内联系您的Transparency(透明计划)经理或者此邮件抄送的客户管理团队，告知以上问题的具体原因和您接下来的行动计划。如果在接下来的14 天内，您并没有联系您的Transparency(透明计划)经理或者此邮件抄送的客户管理团队，或您的商品依然存在以下某项问题，我们将停止该商品的OPR评估： 1) 自该商品开启OPR后的90天内，FBA仓库未收到该商品的贴标货物。 2) 在过去90天收到的贴标货物的贴标准确率低于1%。 3) 自该商品开启OPR后的90天内，未申请任何Transparency透明计划代码或标签。
请注意，Transparency(透明计划)要求每一个独一无二的代码能被正确应用并扫描，以便买家和亚马逊能够可靠地验证每一件商品。如果我们收到未应用Transparency(透明计划)标签或错误应用标签的商品，或者未收到商品货件，这会影响我们对您的商品正品的验证，并影响您享受此项服务的权益。
**表1：在过去的90天内未收到用于OPR评估的商品：
GTIN    ASIN    Product title   # of units received     Total success % % of units with no codes        % of units with incorrect codes
00702291990335  B0FF2ZGWR6      Crifeton        0       0       0       0
00702291990328  B0FF354HSJ      Crifeton        0       0       0       0
*此电子邮件中的列表可能并未显示您的所有商品。我们仅列举出需要引起您注意的商品。
如果您发现您的商品已变成Onboarding状态，并且您希望重新打开OPR， 请您登录Transparency透明计划自助平台重新启用OPR。 请勿回复邮件至 transparency-queue@amazon.com。如果您有任何问题, 请联系您的Transparency(透明计划)经理或此邮件抄送的客户管理团队。
谢谢，
Transparency(透明计划)团队
________________________________
Dear Transp",2026-06-14 23:00:12,RETR,xtbBpQZsUmolHgY1tQAA3K
其他风险类,older,account_4,weihaizhongxin2024@126.com,"Thu, 4 Jun 2026 12:46:25 +0000",亚马逊开店服务 <donotreply@amazon.com>,提交商品合规文件，以避免商品被移除,,"96
 提交商品合规文件，以避免商品被移除
 尊敬的 Weihai EU：
您好！
 由于缺少安全数据表，您的商品有被移除的风险。请在 2026-09-01之前提交所需文件，以继续销售这些商品。您可以在此电子邮件的底部找到您的存在风险的商品示例。
 为什么会发生这种情况？
 我们之所以采取此措施，是因为我们在您的目录中发现了需要安全数据表 (SDS) 的危险品。这些文件是法律要求的，提供有关化学品的重要安全信息，包括妥善处理、储存和应急程序。这有助于确保买家、员工及处理这些商品的每一个人的安全。
 为了确定该问题，我们同时采用了自动化技术和专家评审，最终做出了这一决定。
 要了解更多信息，请访问我们 有关化学品销售的要求和常见问题 。
 如何继续销售受影响的商品？
 为避免商品被移除并继续销售这些商品，请为每个受影响的商品上传安全数据表 (SDS)。点击下方的“查看合规要求”按钮，查看所有受影响的商品。
 查看合规性要求
 哪些商品会受到影响？
 原因
 存在风险的销售
 Roaxkois Keramik Bemalen Set | Tassen Bemalen Set Enthält Tass...
 ASIN: B0GKPTF1T7
 SKU: WH-MKB-0130-01
 HazardousGoods
 Unknown
 Roaxkois Keramik Bemalen Set | Tassen Bemalen Set Enthält Tass...
 ASIN: B0GKPTF1T7
 SKU: WHMKB0615
 HazardousGoods
 Unknown
 如果存在错误？
 如果您确信无需为自己的商品提交文件：
- 点击“查看合规性要求”。
- 点击商品旁边的“提交”。
- 点击“申诉要求”，然后按照提供的说明操作。
 如果未提交要求的文件，会怎么样？
 如果您未在 2026-09-01之前提交所需的安全数据表 (SDS)，则受影响的商品将从所有亚马逊商城中移除。除非您提供所需文件，否则您无法在亚马逊上销售这些商品。
 我们愿意随时为您提供帮助。
 如果您对此政策有任何疑问，请联系 销售伙伴支持 。
 谢谢！
 亚马逊开店服务
 报告此电子邮件的问题
 如果您有任何问题，请访问: Seller Central
 要更改您的电子邮件首选项，请访问： 通知首选项
 2026 Amazon.com 旗下公司 保留所有权利
 Amazon EU S.à r.l.
38 avenue John F. Kennedy,
L-1855 Luxembourg,
注册于卢森堡，
注册编号 B-101818，
股本 165.833 欧元，
营业执照编号： 134248，
卢森堡增值税注册编号 LU 20260743。
 SPC-EUAmazon-686096",2026-06-14 22:59:50,RETR,xtbBsgTozmohc6T74gAA3V
其他风险类,older,account_4,weihaizhongxin2024@126.com,"Mon, 1 Jun 2026 00:17:48 +0000","""Amazon.com"" <donotreply@amazon.com>",View your US Q2-2026 CSBA fee rate,,"96
 (Important) CSBA US Fee rate for Q2-2026
 Review your updated Customer Service by Amazon fee rate and metrics
 Hello,
 This is your quarterly update regarding Customer Service by Amazon (CSBA) fees.
 Your CSBA fee rate for Q2-2026 (Apr 1, 2026 through Jun 30, 2026) will be based on your performance metrics from Q1-2026 (Jan 1, 2026 through Mar 25, 2026). To learn more about program fees, go to Customer Service by Amazon fees .
 Fee tier & rate
 Q1-2026 contacts
 0
 Q1-2026 self-fulfilled shipped units
 0
 Q1-2026 contacts per unit (CPU¹)
 N/A%
 Q2-2026 fee rate² ($ per self-fulfilled shipped unit)
 $0.00
 ¹ Contacts per unit (CPU) = CSBA contacts / self-fulfilled shipped units
 ² Your fee rate for the previous quarter was $0.00.
 CSBA Insights Dashboard
 Get the most out of Customer Service by Amazon
 Use the CSBA Insights dashboard in Seller Central to:
- Review customer service contacts handled by Amazon
- Find ways to improve customer experience
- Reduce contact and return rates
 Follow these practices to prevent customer confusion and minimize your workload:
- Monitor the Response Needed inbox within the Buyer-Seller Messaging Service . In the rare case that we need your he",2026-06-14 22:59:38,RETR,xtbBpA-Apmocz6+TYwAA3r
其他风险类,older,account_4,weihaizhongxin2024@126.com,"Fri, 22 May 2026 07:25:40 +0000",Amazon Europe <donotreply@amazon.com>,"Update VAT registration information to reinstate Inventory and FBA
 functionality of your Amazon.it store",,"Amazon Services
 96
 Update VAT registration information to reinstate Inventory and FBA functionality of your Amazon.it store
 Hello,
 Your Amazon.it selling account is undergoing temporary inventory and FBA restrictions in Italy because we require you to provide a valid VAT registration number in Italy.
 Continue shipping orders and responding to customers to avoid further impact to your account. Review the details and next steps below.
 Why is this happening?
 We are taking this action because you have not provided or updated your VAT registration information in Seller Central or with respective Tax Authorities as required by Amazon's European VAT registration requirements. You must provide valid VAT registration numbers for all countries where you have VAT registration obligations, including countries where you store inventory through FBA. Your VAT registration number will only be considered valid when your legal name and address in Seller Central matches the information registered in Tax Authorities databases, and it must be activated for intra-EU transactions (VIES VAT number).
 To learn more visit our
 European VAT registration requirements help page.
 How do I restore invent",2026-06-14 22:59:06,RETR,xtbBpRXcwmoQBPVqiwAA3E
